{
  "clean_run_id": "E3_v2_clean",
  "comparacion_por_horizonte": [
    {
      "delta_direction_accuracy": -0.049450549450549386,
      "delta_loss_h": 0.008682919879616058,
      "delta_mae": -0.0034517913318825727,
      "delta_risk_detection": -0.09615384615384615,
      "delta_rmse": -0.006020390268728054,
      "direction_accuracy_clean": 0.8076923076923077,
      "direction_accuracy_original": 0.8571428571428571,
      "horizonte_sem": 1,
      "loss_h_clean": 0.0726918693329595,
      "loss_h_original": 0.06400894945334344,
      "mae_clean": 0.10310822281836253,
      "mae_original": 0.1065600141502451,
      "risk_detection_clean": 0.75,
      "risk_detection_original": 0.8461538461538461,
      "rmse_clean": 0.12857477946163884,
      "rmse_original": 0.1345951697303669
    },
    {
      "delta_direction_accuracy": 0.047407407407407454,
      "delta_loss_h": -0.001847275076053173,
      "delta_mae": 0.004752616376418772,
      "delta_risk_detection": 0.016666666666666607,
      "delta_rmse": 0.0023922178284485895,
      "direction_accuracy_clean": 0.64,
      "direction_accuracy_original": 0.5925925925925926,
      "horizonte_sem": 2,
      "loss_h_clean": 0.08249229597999164,
      "loss_h_original": 0.08433957105604481,
      "mae_clean": 0.10542309545454798,
      "mae_original": 0.1006704790781292,
      "risk_detection_clean": 0.6,
      "risk_detection_original": 0.5833333333333334,
      "rmse_clean": 0.13184835618978888,
      "rmse_original": 0.1294561383613403
    },
    {
      "delta_direction_accuracy": -0.01602564102564108,
      "delta_loss_h": 0.001551007375758015,
      "delta_mae": 0.006092154559646748,
      "delta_risk_detection": -0.015151515151515138,
      "delta_rmse": 0.005772877665877529,
      "direction_accuracy_clean": 0.7916666666666666,
      "direction_accuracy_original": 0.8076923076923077,
      "horizonte_sem": 3,
      "loss_h_clean": 0.0689488981731274,
      "loss_h_original": 0.06739789079736938,
      "mae_clean": 0.10804115471538644,
      "mae_original": 0.1019490001557397,
      "risk_detection_clean": 0.8181818181818182,
      "risk_detection_original": 0.8333333333333334,
      "rmse_clean": 0.13745667915261484,
      "rmse_original": 0.1316838014867373
    },
    {
      "delta_direction_accuracy": -0.024347826086956514,
      "delta_loss_h": 0.0047226016455747186,
      "delta_mae": -0.002028099675528708,
      "delta_risk_detection": -0.13333333333333341,
      "delta_rmse": 0.0048950155749125646,
      "direction_accuracy_clean": 0.6956521739130435,
      "direction_accuracy_original": 0.72,
      "horizonte_sem": 4,
      "loss_h_clean": 0.04225363458832891,
      "loss_h_original": 0.03753103294275419,
      "mae_clean": 0.10029695675892189,
      "mae_original": 0.1023250564344506,
      "risk_detection_clean": 0.6666666666666666,
      "risk_detection_original": 0.8,
      "rmse_clean": 0.14075023452480326,
      "rmse_original": 0.1358552189498907
    }
  ],
  "l_total_radar_clean": 0.26638669807440746,
  "reference_run_id": "E1_v4_clean"
}