{
  "clean_run_id": "E5_v3_clean",
  "comparacion_por_horizonte": [
    {
      "delta_direction_accuracy": 0.07692307692307687,
      "delta_loss_h": -0.011845143361115335,
      "delta_mae": 0.001020125795924462,
      "delta_risk_detection": 0.08333333333333337,
      "delta_rmse": 0.00019509437475809244,
      "direction_accuracy_clean": 0.8461538461538461,
      "direction_accuracy_original": 0.7692307692307693,
      "horizonte_sem": 1,
      "loss_h_clean": 0.06036703597717398,
      "loss_h_original": 0.07221217933828931,
      "mae_clean": 0.09793675634284307,
      "mae_original": 0.09691663054691861,
      "risk_detection_clean": 0.8333333333333334,
      "risk_detection_original": 0.75,
      "rmse_clean": 0.1283633523844304,
      "rmse_original": 0.1281682580096723
    },
    {
      "delta_direction_accuracy": 0.0,
      "delta_loss_h": 0.00024140008945576497,
      "delta_mae": 0.0016974814736444993,
      "delta_risk_detection": 0.0,
      "delta_rmse": 0.0005783841028567938,
      "direction_accuracy_clean": 0.6,
      "direction_accuracy_original": 0.6,
      "horizonte_sem": 2,
      "loss_h_clean": 0.08192168286652517,
      "loss_h_original": 0.0816802827770694,
      "mae_clean": 0.1049265568982619,
      "mae_original": 0.1032290754246174,
      "risk_detection_clean": 0.6,
      "risk_detection_original": 0.6,
      "rmse_clean": 0.1330288465225333,
      "rmse_original": 0.1324504624196765
    },
    {
      "delta_direction_accuracy": -0.04166666666666674,
      "delta_loss_h": 0.005882651461890029,
      "delta_mae": 0.008834608799031404,
      "delta_risk_detection": 0.0,
      "delta_rmse": 0.004117279664010598,
      "direction_accuracy_clean": 0.7916666666666666,
      "direction_accuracy_original": 0.8333333333333334,
      "horizonte_sem": 3,
      "loss_h_clean": 0.07047213892811353,
      "loss_h_original": 0.0645894874662235,
      "mae_clean": 0.1096423040786673,
      "mae_original": 0.1008076952796359,
      "risk_detection_clean": 0.8181818181818182,
      "risk_detection_original": 0.8181818181818182,
      "rmse_clean": 0.1375800202928384,
      "rmse_original": 0.1334627406288278
    },
    {
      "delta_direction_accuracy": -0.08695652173913038,
      "delta_loss_h": 0.01178052900878808,
      "delta_mae": 0.002183685466571453,
      "delta_risk_detection": -0.2222222222222222,
      "delta_rmse": -0.0008667925330889392,
      "direction_accuracy_clean": 0.6521739130434783,
      "direction_accuracy_original": 0.7391304347826086,
      "horizonte_sem": 4,
      "loss_h_clean": 0.04855776888161493,
      "loss_h_original": 0.03677723987282685,
      "mae_clean": 0.10623922781867855,
      "mae_original": 0.1040555423521071,
      "risk_detection_clean": 0.5555555555555556,
      "risk_detection_original": 0.7777777777777778,
      "rmse_clean": 0.14843272821063005,
      "rmse_original": 0.149299520743719
    }
  ],
  "l_total_radar_clean": 0.26131862665342764,
  "reference_run_id": "E5_v1_clean"
}