{
  "clean_run_id": "E5_v3_clean",
  "comparacion_por_horizonte": [
    {
      "delta_direction_accuracy": 0.09615384615384615,
      "delta_loss_h": -0.010711233132624953,
      "delta_mae": -0.021795558475719026,
      "delta_risk_detection": -0.012820512820512775,
      "delta_rmse": -0.021621695005253322,
      "direction_accuracy_clean": 0.8461538461538461,
      "direction_accuracy_original": 0.75,
      "horizonte_sem": 1,
      "loss_h_clean": 0.06036703597717398,
      "loss_h_original": 0.07107826910979893,
      "mae_clean": 0.09793675634284307,
      "mae_original": 0.1197323148185621,
      "risk_detection_clean": 0.8333333333333334,
      "risk_detection_original": 0.8461538461538461,
      "rmse_clean": 0.1283633523844304,
      "rmse_original": 0.1499850473896837
    },
    {
      "delta_direction_accuracy": -0.06666666666666665,
      "delta_loss_h": 0.012644967971719628,
      "delta_mae": -0.008649361252113394,
      "delta_risk_detection": -0.15000000000000002,
      "delta_rmse": -0.014942549291897589,
      "direction_accuracy_clean": 0.6,
      "direction_accuracy_original": 0.6666666666666666,
      "horizonte_sem": 2,
      "loss_h_clean": 0.08192168286652517,
      "loss_h_original": 0.06927671489480554,
      "mae_clean": 0.1049265568982619,
      "mae_original": 0.1135759181503753,
      "risk_detection_clean": 0.6,
      "risk_detection_original": 0.75,
      "rmse_clean": 0.1330288465225333,
      "rmse_original": 0.1479713958144309
    },
    {
      "delta_direction_accuracy": 0.13782051282051277,
      "delta_loss_h": -0.038649005492852564,
      "delta_mae": -0.0322673890882489,
      "delta_risk_detection": 0.23484848484848486,
      "delta_rmse": -0.025548945606168022,
      "direction_accuracy_clean": 0.7916666666666666,
      "direction_accuracy_original": 0.6538461538461539,
      "horizonte_sem": 3,
      "loss_h_clean": 0.07047213892811353,
      "loss_h_original": 0.1091211444209661,
      "mae_clean": 0.1096423040786673,
      "mae_original": 0.1419096931669162,
      "risk_detection_clean": 0.8181818181818182,
      "risk_detection_original": 0.5833333333333334,
      "rmse_clean": 0.1375800202928384,
      "rmse_original": 0.1631289658990064
    },
    {
      "delta_direction_accuracy": -0.10782608695652174,
      "delta_loss_h": 0.01156938551964342,
      "delta_mae": -0.03719091113406066,
      "delta_risk_detection": -0.34444444444444444,
      "delta_rmse": -0.018694214116708935,
      "direction_accuracy_clean": 0.6521739130434783,
      "direction_accuracy_original": 0.76,
      "horizonte_sem": 4,
      "loss_h_clean": 0.04855776888161493,
      "loss_h_original": 0.03698838336197151,
      "mae_clean": 0.10623922781867855,
      "mae_original": 0.1434301389527392,
      "risk_detection_clean": 0.5555555555555556,
      "risk_detection_original": 0.9,
      "rmse_clean": 0.14843272821063005,
      "rmse_original": 0.167126942327339
    }
  ],
  "l_total_radar_clean": 0.26131862665342764,
  "reference_run_id": "E2_v3_clean"
}