{
  "clean_run_id": "E5_v3_clean",
  "comparacion_por_horizonte": [
    {
      "delta_direction_accuracy": 0.038461538461538436,
      "delta_loss_h": -0.01232483335578552,
      "delta_mae": -0.005171466475519429,
      "delta_risk_detection": 0.08333333333333337,
      "delta_rmse": -0.00021142707720842036,
      "direction_accuracy_clean": 0.8461538461538461,
      "direction_accuracy_original": 0.8076923076923077,
      "horizonte_sem": 1,
      "loss_h_clean": 0.06036703597717398,
      "loss_h_original": 0.0726918693329595,
      "mae_clean": 0.09793675634284307,
      "mae_original": 0.1031082228183625,
      "risk_detection_clean": 0.8333333333333334,
      "risk_detection_original": 0.75,
      "rmse_clean": 0.1283633523844304,
      "rmse_original": 0.1285747794616388
    },
    {
      "delta_direction_accuracy": -0.040000000000000036,
      "delta_loss_h": -0.0005706131134664699,
      "delta_mae": -0.0004965385562861052,
      "delta_risk_detection": 0.0,
      "delta_rmse": 0.0011804903327443939,
      "direction_accuracy_clean": 0.6,
      "direction_accuracy_original": 0.64,
      "horizonte_sem": 2,
      "loss_h_clean": 0.08192168286652517,
      "loss_h_original": 0.08249229597999164,
      "mae_clean": 0.1049265568982619,
      "mae_original": 0.105423095454548,
      "risk_detection_clean": 0.6,
      "risk_detection_original": 0.6,
      "rmse_clean": 0.1330288465225333,
      "rmse_original": 0.1318483561897889
    },
    {
      "delta_direction_accuracy": 0.0,
      "delta_loss_h": 0.0015232407549861382,
      "delta_mae": 0.0016011493632809015,
      "delta_risk_detection": 0.0,
      "delta_rmse": 0.00012334114022358178,
      "direction_accuracy_clean": 0.7916666666666666,
      "direction_accuracy_original": 0.7916666666666666,
      "horizonte_sem": 3,
      "loss_h_clean": 0.07047213892811353,
      "loss_h_original": 0.0689488981731274,
      "mae_clean": 0.1096423040786673,
      "mae_original": 0.1080411547153864,
      "risk_detection_clean": 0.8181818181818182,
      "risk_detection_original": 0.8181818181818182,
      "rmse_clean": 0.1375800202928384,
      "rmse_original": 0.1374566791526148
    },
    {
      "delta_direction_accuracy": -0.04347826086956519,
      "delta_loss_h": 0.006304134293286016,
      "delta_mae": 0.005942271059756643,
      "delta_risk_detection": -0.11111111111111105,
      "delta_rmse": 0.007682493685826741,
      "direction_accuracy_clean": 0.6521739130434783,
      "direction_accuracy_original": 0.6956521739130435,
      "horizonte_sem": 4,
      "loss_h_clean": 0.04855776888161493,
      "loss_h_original": 0.04225363458832891,
      "mae_clean": 0.10623922781867855,
      "mae_original": 0.1002969567589219,
      "risk_detection_clean": 0.5555555555555556,
      "risk_detection_original": 0.6666666666666666,
      "rmse_clean": 0.14843272821063005,
      "rmse_original": 0.1407502345248033
    }
  ],
  "l_total_radar_clean": 0.26131862665342764,
  "reference_run_id": "E3_v2_clean"
}