{
  "clean_run_id": "E5_v3_clean",
  "comparacion_por_horizonte": [
    {
      "delta_direction_accuracy": -0.01098901098901095,
      "delta_loss_h": -0.0036419134761694616,
      "delta_mae": -0.00862325780740203,
      "delta_risk_detection": -0.012820512820512775,
      "delta_rmse": -0.006231817345936502,
      "direction_accuracy_clean": 0.8461538461538461,
      "direction_accuracy_original": 0.8571428571428571,
      "horizonte_sem": 1,
      "loss_h_clean": 0.06036703597717398,
      "loss_h_original": 0.06400894945334344,
      "mae_clean": 0.09793675634284307,
      "mae_original": 0.1065600141502451,
      "risk_detection_clean": 0.8333333333333334,
      "risk_detection_original": 0.8461538461538461,
      "rmse_clean": 0.1283633523844304,
      "rmse_original": 0.1345951697303669
    },
    {
      "delta_direction_accuracy": 0.007407407407407418,
      "delta_loss_h": -0.002417888189519643,
      "delta_mae": 0.004256077820132695,
      "delta_risk_detection": 0.016666666666666607,
      "delta_rmse": 0.003572708161193011,
      "direction_accuracy_clean": 0.6,
      "direction_accuracy_original": 0.5925925925925926,
      "horizonte_sem": 2,
      "loss_h_clean": 0.08192168286652517,
      "loss_h_original": 0.08433957105604481,
      "mae_clean": 0.1049265568982619,
      "mae_original": 0.1006704790781292,
      "risk_detection_clean": 0.6,
      "risk_detection_original": 0.5833333333333334,
      "rmse_clean": 0.1330288465225333,
      "rmse_original": 0.1294561383613403
    },
    {
      "delta_direction_accuracy": -0.01602564102564108,
      "delta_loss_h": 0.0030742481307441533,
      "delta_mae": 0.007693303922927608,
      "delta_risk_detection": -0.015151515151515138,
      "delta_rmse": 0.005896218806101083,
      "direction_accuracy_clean": 0.7916666666666666,
      "direction_accuracy_original": 0.8076923076923077,
      "horizonte_sem": 3,
      "loss_h_clean": 0.07047213892811353,
      "loss_h_original": 0.06739789079736938,
      "mae_clean": 0.1096423040786673,
      "mae_original": 0.1019490001557397,
      "risk_detection_clean": 0.8181818181818182,
      "risk_detection_original": 0.8333333333333334,
      "rmse_clean": 0.1375800202928384,
      "rmse_original": 0.1316838014867373
    },
    {
      "delta_direction_accuracy": -0.0678260869565217,
      "delta_loss_h": 0.011026735938860735,
      "delta_mae": 0.003914171384227949,
      "delta_risk_detection": -0.24444444444444446,
      "delta_rmse": 0.012577509260739361,
      "direction_accuracy_clean": 0.6521739130434783,
      "direction_accuracy_original": 0.72,
      "horizonte_sem": 4,
      "loss_h_clean": 0.04855776888161493,
      "loss_h_original": 0.03753103294275419,
      "mae_clean": 0.10623922781867855,
      "mae_original": 0.1023250564344506,
      "risk_detection_clean": 0.5555555555555556,
      "risk_detection_original": 0.8,
      "rmse_clean": 0.14843272821063005,
      "rmse_original": 0.1358552189498907
    }
  ],
  "l_total_radar_clean": 0.26131862665342764,
  "reference_run_id": "E1_v4_clean"
}