{
  "clean_run_id": "E5_v3_clean",
  "comparacion_por_horizonte": [
    {
      "delta_direction_accuracy": 0.07692307692307687,
      "delta_loss_h": -0.017460106607721806,
      "delta_mae": -0.01159861668873742,
      "delta_risk_detection": 0.08333333333333337,
      "delta_rmse": -0.002302431796183002,
      "direction_accuracy_clean": 0.8461538461538461,
      "direction_accuracy_original": 0.7692307692307693,
      "horizonte_sem": 1,
      "loss_h_clean": 0.06036703597717398,
      "loss_h_original": 0.07782714258489579,
      "mae_clean": 0.09793675634284307,
      "mae_original": 0.1095353730315805,
      "risk_detection_clean": 0.8333333333333334,
      "risk_detection_original": 0.75,
      "rmse_clean": 0.1283633523844304,
      "rmse_original": 0.1306657841806134
    },
    {
      "delta_direction_accuracy": 0.0,
      "delta_loss_h": -0.0010192632733318496,
      "delta_mae": -0.007167273745207897,
      "delta_risk_detection": 0.0,
      "delta_rmse": -0.0038138849581335066,
      "direction_accuracy_clean": 0.6,
      "direction_accuracy_original": 0.6,
      "horizonte_sem": 2,
      "loss_h_clean": 0.08192168286652517,
      "loss_h_original": 0.08294094613985702,
      "mae_clean": 0.1049265568982619,
      "mae_original": 0.1120938306434698,
      "risk_detection_clean": 0.6,
      "risk_detection_original": 0.6,
      "rmse_clean": 0.1330288465225333,
      "rmse_original": 0.1368427314806668
    },
    {
      "delta_direction_accuracy": 0.125,
      "delta_loss_h": -0.009734149839446246,
      "delta_mae": -0.009429373890375195,
      "delta_risk_detection": 0.0,
      "delta_rmse": -0.009760366778721108,
      "direction_accuracy_clean": 0.7916666666666666,
      "direction_accuracy_original": 0.6666666666666666,
      "horizonte_sem": 3,
      "loss_h_clean": 0.07047213892811353,
      "loss_h_original": 0.08020628876755978,
      "mae_clean": 0.1096423040786673,
      "mae_original": 0.1190716779690425,
      "risk_detection_clean": 0.8181818181818182,
      "risk_detection_original": 0.8181818181818182,
      "rmse_clean": 0.1375800202928384,
      "rmse_original": 0.1473403870715595
    },
    {
      "delta_direction_accuracy": -0.08695652173913038,
      "delta_loss_h": 0.0055980350474846355,
      "delta_mae": -0.00615463798824166,
      "delta_risk_detection": -0.11111111111111105,
      "delta_rmse": -0.005665775143643553,
      "direction_accuracy_clean": 0.6521739130434783,
      "direction_accuracy_original": 0.7391304347826086,
      "horizonte_sem": 4,
      "loss_h_clean": 0.04855776888161493,
      "loss_h_original": 0.04295973383413029,
      "mae_clean": 0.10623922781867855,
      "mae_original": 0.1123938658069202,
      "risk_detection_clean": 0.5555555555555556,
      "risk_detection_original": 0.6666666666666666,
      "rmse_clean": 0.14843272821063005,
      "rmse_original": 0.1540985033542736
    }
  ],
  "l_total_radar_clean": 0.26131862665342764,
  "reference_run_id": "E4_v1_clean"
}