{
  "clean_run_id": "E1_v5_clean",
  "comparacion_por_horizonte": [
    {
      "delta_direction_accuracy": -0.049450549450549386,
      "delta_loss_h": 0.0008508304390454635,
      "delta_mae": -0.005961232011413978,
      "delta_risk_detection": -0.012820512820512775,
      "delta_rmse": -0.0017431881097589308,
      "direction_accuracy_clean": 0.8076923076923077,
      "direction_accuracy_original": 0.8571428571428571,
      "horizonte_sem": 1,
      "loss_h_clean": 0.0648597798923889,
      "loss_h_original": 0.06400894945334344,
      "mae_clean": 0.10059878213883112,
      "mae_original": 0.1065600141502451,
      "risk_detection_clean": 0.8333333333333334,
      "risk_detection_original": 0.8461538461538461,
      "rmse_clean": 0.13285198162060796,
      "rmse_original": 0.1345951697303669
    },
    {
      "delta_direction_accuracy": 0.08740740740740749,
      "delta_loss_h": -0.012838668037490175,
      "delta_mae": 0.0030551850257043572,
      "delta_risk_detection": 0.11666666666666659,
      "delta_rmse": 0.00702783380887792,
      "direction_accuracy_clean": 0.68,
      "direction_accuracy_original": 0.5925925925925926,
      "horizonte_sem": 2,
      "loss_h_clean": 0.07150090301855463,
      "loss_h_original": 0.08433957105604481,
      "mae_clean": 0.10372566410383356,
      "mae_original": 0.1006704790781292,
      "risk_detection_clean": 0.7,
      "risk_detection_original": 0.5833333333333334,
      "rmse_clean": 0.1364839721702182,
      "rmse_original": 0.1294561383613403
    },
    {
      "delta_direction_accuracy": -0.01602564102564108,
      "delta_loss_h": 0.0007832904514809141,
      "delta_mae": 0.0015934498750235365,
      "delta_risk_detection": -0.015151515151515138,
      "delta_rmse": 0.005506899360133627,
      "direction_accuracy_clean": 0.7916666666666666,
      "direction_accuracy_original": 0.8076923076923077,
      "horizonte_sem": 3,
      "loss_h_clean": 0.0681811812488503,
      "loss_h_original": 0.06739789079736938,
      "mae_clean": 0.10354245003076323,
      "mae_original": 0.1019490001557397,
      "risk_detection_clean": 0.8181818181818182,
      "risk_detection_original": 0.8333333333333334,
      "rmse_clean": 0.13719070084687093,
      "rmse_original": 0.1316838014867373
    },
    {
      "delta_direction_accuracy": -0.024347826086956514,
      "delta_loss_h": 0.001368863964066401,
      "delta_mae": -0.00014409901556906857,
      "delta_risk_detection": -0.022222222222222254,
      "delta_rmse": 0.0036668352105656554,
      "direction_accuracy_clean": 0.6956521739130435,
      "direction_accuracy_original": 0.72,
      "horizonte_sem": 4,
      "loss_h_clean": 0.038899896906820594,
      "loss_h_original": 0.03753103294275419,
      "mae_clean": 0.10218095741888153,
      "mae_original": 0.1023250564344506,
      "risk_detection_clean": 0.7777777777777778,
      "risk_detection_original": 0.8,
      "rmse_clean": 0.13952205416045635,
      "rmse_original": 0.1358552189498907
    }
  ],
  "l_total_radar_clean": 0.24344176106661447,
  "reference_run_id": "E1_v4_clean"
}