{
  "clean_run_id": "E8_v3_clean",
  "comparacion_por_horizonte": [
    {
      "delta_direction_accuracy": -0.34615384615384615,
      "delta_loss_h": 0.13426015408127268,
      "delta_mae": 0.47741175596936825,
      "delta_risk_detection": -0.25,
      "delta_rmse": 0.9234861038476427,
      "direction_accuracy_clean": 0.46153846153846156,
      "direction_accuracy_original": 0.8076923076923077,
      "horizonte_sem": 1,
      "loss_h_clean": 0.20695202341423216,
      "loss_h_original": 0.0726918693329595,
      "mae_clean": 0.5805199787877308,
      "mae_original": 0.1031082228183625,
      "risk_detection_clean": 0.5,
      "risk_detection_original": 0.75,
      "rmse_clean": 1.0520608833092815,
      "rmse_original": 0.1285747794616388
    },
    {
      "delta_direction_accuracy": -0.12,
      "delta_loss_h": 0.0529025941472368,
      "delta_mae": 0.20323777930576228,
      "delta_risk_detection": -0.19999999999999996,
      "delta_rmse": 0.27827659812846567,
      "direction_accuracy_clean": 0.52,
      "direction_accuracy_original": 0.64,
      "horizonte_sem": 2,
      "loss_h_clean": 0.13539489012722844,
      "loss_h_original": 0.08249229597999164,
      "mae_clean": 0.3086608747603103,
      "mae_original": 0.105423095454548,
      "risk_detection_clean": 0.4,
      "risk_detection_original": 0.6,
      "rmse_clean": 0.4101249543182546,
      "rmse_original": 0.1318483561897889
    },
    {
      "delta_direction_accuracy": -0.29166666666666663,
      "delta_loss_h": 0.11377832113028606,
      "delta_mae": 0.4766115747577064,
      "delta_risk_detection": -0.09090909090909094,
      "delta_rmse": 0.9600195928926747,
      "direction_accuracy_clean": 0.5,
      "direction_accuracy_original": 0.7916666666666666,
      "horizonte_sem": 3,
      "loss_h_clean": 0.18272721930341346,
      "loss_h_original": 0.0689488981731274,
      "mae_clean": 0.5846527294730928,
      "mae_original": 0.1080411547153864,
      "risk_detection_clean": 0.7272727272727273,
      "risk_detection_original": 0.8181818181818182,
      "rmse_clean": 1.0974762720452895,
      "rmse_original": 0.1374566791526148
    },
    {
      "delta_direction_accuracy": -0.13043478260869568,
      "delta_loss_h": 0.06042752483196094,
      "delta_mae": 0.5500239432556997,
      "delta_risk_detection": -0.2222222222222222,
      "delta_rmse": 0.9497462489832564,
      "direction_accuracy_clean": 0.5652173913043478,
      "direction_accuracy_original": 0.6956521739130435,
      "horizonte_sem": 4,
      "loss_h_clean": 0.10268115942028985,
      "loss_h_original": 0.04225363458832891,
      "mae_clean": 0.6503209000146216,
      "mae_original": 0.1002969567589219,
      "risk_detection_clean": 0.4444444444444444,
      "risk_detection_original": 0.6666666666666666,
      "rmse_clean": 1.0904964835080597,
      "rmse_original": 0.1407502345248033
    }
  ],
  "l_total_radar_clean": 0.6277552922651639,
  "reference_run_id": "E3_v2_clean"
}