{
  "clean_run_id": "E8_v3_clean",
  "comparacion_por_horizonte": [
    {
      "delta_direction_accuracy": -0.3076923076923077,
      "delta_loss_h": 0.12912488082933637,
      "delta_mae": 0.47098460575615025,
      "delta_risk_detection": -0.25,
      "delta_rmse": 0.9213950991286681,
      "direction_accuracy_clean": 0.46153846153846156,
      "direction_accuracy_original": 0.7692307692307693,
      "horizonte_sem": 1,
      "loss_h_clean": 0.20695202341423216,
      "loss_h_original": 0.07782714258489579,
      "mae_clean": 0.5805199787877308,
      "mae_original": 0.1095353730315805,
      "risk_detection_clean": 0.5,
      "risk_detection_original": 0.75,
      "rmse_clean": 1.0520608833092815,
      "rmse_original": 0.1306657841806134
    },
    {
      "delta_direction_accuracy": -0.07999999999999996,
      "delta_loss_h": 0.052453943987371424,
      "delta_mae": 0.1965670441168405,
      "delta_risk_detection": -0.19999999999999996,
      "delta_rmse": 0.27328222283758774,
      "direction_accuracy_clean": 0.52,
      "direction_accuracy_original": 0.6,
      "horizonte_sem": 2,
      "loss_h_clean": 0.13539489012722844,
      "loss_h_original": 0.08294094613985702,
      "mae_clean": 0.3086608747603103,
      "mae_original": 0.1120938306434698,
      "risk_detection_clean": 0.4,
      "risk_detection_original": 0.6,
      "rmse_clean": 0.4101249543182546,
      "rmse_original": 0.1368427314806668
    },
    {
      "delta_direction_accuracy": -0.16666666666666663,
      "delta_loss_h": 0.10252093053585368,
      "delta_mae": 0.46558105150405027,
      "delta_risk_detection": -0.09090909090909094,
      "delta_rmse": 0.95013588497373,
      "direction_accuracy_clean": 0.5,
      "direction_accuracy_original": 0.6666666666666666,
      "horizonte_sem": 3,
      "loss_h_clean": 0.18272721930341346,
      "loss_h_original": 0.08020628876755978,
      "mae_clean": 0.5846527294730928,
      "mae_original": 0.1190716779690425,
      "risk_detection_clean": 0.7272727272727273,
      "risk_detection_original": 0.8181818181818182,
      "rmse_clean": 1.0974762720452895,
      "rmse_original": 0.1473403870715595
    },
    {
      "delta_direction_accuracy": -0.17391304347826086,
      "delta_loss_h": 0.05972142558615956,
      "delta_mae": 0.5379270342077014,
      "delta_risk_detection": -0.2222222222222222,
      "delta_rmse": 0.9363979801537861,
      "direction_accuracy_clean": 0.5652173913043478,
      "direction_accuracy_original": 0.7391304347826086,
      "horizonte_sem": 4,
      "loss_h_clean": 0.10268115942028985,
      "loss_h_original": 0.04295973383413029,
      "mae_clean": 0.6503209000146216,
      "mae_original": 0.1123938658069202,
      "risk_detection_clean": 0.4444444444444444,
      "risk_detection_original": 0.6666666666666666,
      "rmse_clean": 1.0904964835080597,
      "rmse_original": 0.1540985033542736
    }
  ],
  "l_total_radar_clean": 0.6277552922651639,
  "reference_run_id": "E4_v1_clean"
}