{
  "clean_run_id": "E8_v3_clean",
  "comparacion_por_horizonte": [
    {
      "delta_direction_accuracy": -0.34615384615384615,
      "delta_loss_h": 0.14410664779893456,
      "delta_mae": 0.4849639366719609,
      "delta_risk_detection": -0.33333333333333337,
      "delta_rmse": 0.9268817425423169,
      "direction_accuracy_clean": 0.46153846153846156,
      "direction_accuracy_original": 0.8076923076923077,
      "horizonte_sem": 1,
      "loss_h_clean": 0.20695202341423216,
      "loss_h_original": 0.0628453756152976,
      "mae_clean": 0.5805199787877308,
      "mae_original": 0.09555604211576986,
      "risk_detection_clean": 0.5,
      "risk_detection_original": 0.8333333333333334,
      "rmse_clean": 1.0520608833092815,
      "rmse_original": 0.1251791407669646
    },
    {
      "delta_direction_accuracy": -0.07999999999999996,
      "delta_loss_h": 0.05359419727592858,
      "delta_mae": 0.20458509761860919,
      "delta_risk_detection": -0.19999999999999996,
      "delta_rmse": 0.27795631368917667,
      "direction_accuracy_clean": 0.52,
      "direction_accuracy_original": 0.6,
      "horizonte_sem": 2,
      "loss_h_clean": 0.13539489012722844,
      "loss_h_original": 0.08180069285129986,
      "mae_clean": 0.3086608747603103,
      "mae_original": 0.1040757771417011,
      "risk_detection_clean": 0.4,
      "risk_detection_original": 0.6,
      "rmse_clean": 0.4101249543182546,
      "rmse_original": 0.1321686406290779
    },
    {
      "delta_direction_accuracy": -0.29166666666666663,
      "delta_loss_h": 0.11556419703486492,
      "delta_mae": 0.4797517262459331,
      "delta_risk_detection": -0.09090909090909094,
      "delta_rmse": 0.9635061141208048,
      "direction_accuracy_clean": 0.5,
      "direction_accuracy_original": 0.7916666666666666,
      "horizonte_sem": 3,
      "loss_h_clean": 0.18272721930341346,
      "loss_h_original": 0.06716302226854853,
      "mae_clean": 0.5846527294730928,
      "mae_original": 0.1049010032271597,
      "risk_detection_clean": 0.7272727272727273,
      "risk_detection_original": 0.8181818181818182,
      "rmse_clean": 1.0974762720452895,
      "rmse_original": 0.1339701579244847
    },
    {
      "delta_direction_accuracy": -0.17391304347826086,
      "delta_loss_h": 0.06670231243486965,
      "delta_mae": 0.547978999668174,
      "delta_risk_detection": -0.33333333333333337,
      "delta_rmse": 0.9427105839820618,
      "direction_accuracy_clean": 0.5652173913043478,
      "direction_accuracy_original": 0.7391304347826086,
      "horizonte_sem": 4,
      "loss_h_clean": 0.10268115942028985,
      "loss_h_original": 0.03597884698542019,
      "mae_clean": 0.6503209000146216,
      "mae_original": 0.1023419003464476,
      "risk_detection_clean": 0.4444444444444444,
      "risk_detection_original": 0.7777777777777778,
      "rmse_clean": 1.0904964835080597,
      "rmse_original": 0.147785899525998
    }
  ],
  "l_total_radar_clean": 0.6277552922651639,
  "reference_run_id": "E5_v4_clean"
}