{
  "clean_run_id": "E8_v3_clean",
  "comparacion_por_horizonte": [
    {
      "delta_direction_accuracy": -0.11538461538461531,
      "delta_loss_h": 0.08920413142378246,
      "delta_mae": 0.43144426888549114,
      "delta_risk_detection": 0.0,
      "delta_rmse": 0.872768031714628,
      "direction_accuracy_clean": 0.46153846153846156,
      "direction_accuracy_original": 0.5769230769230769,
      "horizonte_sem": 1,
      "loss_h_clean": 0.20695202341423216,
      "loss_h_original": 0.1177478919904497,
      "mae_clean": 0.5805199787877308,
      "mae_original": 0.1490757099022396,
      "risk_detection_clean": 0.5,
      "risk_detection_original": 0.5,
      "rmse_clean": 1.0520608833092815,
      "rmse_original": 0.1792928515946534
    },
    {
      "delta_direction_accuracy": -0.12,
      "delta_loss_h": 0.06696534776455107,
      "delta_mae": 0.18609950652946178,
      "delta_risk_detection": -0.4,
      "delta_rmse": 0.2480396821980851,
      "direction_accuracy_clean": 0.52,
      "direction_accuracy_original": 0.64,
      "horizonte_sem": 2,
      "loss_h_clean": 0.13539489012722844,
      "loss_h_original": 0.06842954236267737,
      "mae_clean": 0.3086608747603103,
      "mae_original": 0.1225613682308485,
      "risk_detection_clean": 0.4,
      "risk_detection_original": 0.8,
      "rmse_clean": 0.4101249543182546,
      "rmse_original": 0.1620852721201695
    },
    {
      "delta_direction_accuracy": -0.33333333333333337,
      "delta_loss_h": 0.11442308318522769,
      "delta_mae": 0.43677386652205297,
      "delta_risk_detection": -0.18181818181818177,
      "delta_rmse": 0.909280997568277,
      "direction_accuracy_clean": 0.5,
      "direction_accuracy_original": 0.8333333333333334,
      "horizonte_sem": 3,
      "loss_h_clean": 0.18272721930341346,
      "loss_h_original": 0.06830413611818577,
      "mae_clean": 0.5846527294730928,
      "mae_original": 0.1478788629510398,
      "risk_detection_clean": 0.7272727272727273,
      "risk_detection_original": 0.9090909090909091,
      "rmse_clean": 1.0974762720452895,
      "rmse_original": 0.1881952744770126
    },
    {
      "delta_direction_accuracy": 0.08695652173913038,
      "delta_loss_h": 0.035834891403953656,
      "delta_mae": 0.45203849792150913,
      "delta_risk_detection": -0.11111111111111116,
      "delta_rmse": 0.84231106776153,
      "direction_accuracy_clean": 0.5652173913043478,
      "direction_accuracy_original": 0.4782608695652174,
      "horizonte_sem": 4,
      "loss_h_clean": 0.10268115942028985,
      "loss_h_original": 0.0668462680163362,
      "mae_clean": 0.6503209000146216,
      "mae_original": 0.1982824020931125,
      "risk_detection_clean": 0.4444444444444444,
      "risk_detection_original": 0.5555555555555556,
      "rmse_clean": 1.0904964835080597,
      "rmse_original": 0.2481854157465298
    }
  ],
  "l_total_radar_clean": 0.6277552922651639,
  "reference_run_id": "E7_v3_clean"
}