{
  "clean_run_id": "E12_v3_clean",
  "comparacion_por_horizonte": [
    {
      "delta_direction_accuracy": -0.0714285714285714,
      "delta_loss_h": 0.02278676413298005,
      "delta_mae": 0.0016480979321338435,
      "delta_risk_detection": -0.1428571428571429,
      "delta_rmse": -0.0006684984153805806,
      "direction_accuracy_clean": 0.7857142857142857,
      "direction_accuracy_original": 0.8571428571428571,
      "horizonte_sem": 1,
      "loss_h_clean": 0.07434388658139239,
      "loss_h_original": 0.05155712244841234,
      "mae_clean": 0.12554172633250055,
      "mae_original": 0.1238936284003667,
      "risk_detection_clean": 0.8571428571428571,
      "risk_detection_original": 1.0,
      "rmse_clean": 0.1662096218222094,
      "rmse_original": 0.16687812023759
    },
    {
      "delta_direction_accuracy": 0.07692307692307698,
      "delta_loss_h": -0.004127085678298781,
      "delta_mae": 0.004693919146065845,
      "delta_risk_detection": 0.0,
      "delta_rmse": 0.018556402641732445,
      "direction_accuracy_clean": 0.7692307692307693,
      "direction_accuracy_original": 0.6923076923076923,
      "horizonte_sem": 2,
      "loss_h_clean": 0.059278244845261924,
      "loss_h_original": 0.0634053305235607,
      "mae_clean": 0.11814553169934504,
      "mae_original": 0.1134516125532792,
      "risk_detection_clean": 0.8333333333333334,
      "risk_detection_original": 0.8333333333333334,
      "rmse_clean": 0.16440604756763424,
      "rmse_original": 0.1458496449259018
    },
    {
      "delta_direction_accuracy": 0.16666666666666674,
      "delta_loss_h": -0.012259950232582917,
      "delta_mae": 0.0013796199726163472,
      "delta_risk_detection": 0.0,
      "delta_rmse": -0.005428151168929057,
      "direction_accuracy_clean": 0.8333333333333334,
      "direction_accuracy_original": 0.6666666666666666,
      "horizonte_sem": 3,
      "loss_h_clean": 0.06138104767350981,
      "loss_h_original": 0.07364099790609273,
      "mae_clean": 0.13724974904946896,
      "mae_original": 0.1358701290768526,
      "risk_detection_clean": 1.0,
      "risk_detection_original": 1.0,
      "rmse_clean": 0.16997196268106265,
      "rmse_original": 0.1754001138499917
    },
    {
      "delta_direction_accuracy": -0.09090909090909094,
      "delta_loss_h": 0.010211107235386312,
      "delta_mae": -0.009329125587076575,
      "delta_risk_detection": -0.16666666666666674,
      "delta_rmse": -0.017222568306784314,
      "direction_accuracy_clean": 0.6363636363636364,
      "direction_accuracy_original": 0.7272727272727273,
      "horizonte_sem": 4,
      "loss_h_clean": 0.04911727653094419,
      "loss_h_original": 0.03890616929555788,
      "mae_clean": 0.12308469958834872,
      "mae_original": 0.1324138251754253,
      "risk_detection_clean": 0.6666666666666666,
      "risk_detection_original": 0.8333333333333334,
      "rmse_clean": 0.1690666636782012,
      "rmse_original": 0.1862892319849855
    }
  ],
  "l_total_radar_clean": 0.24412045563110832,
  "reference_run_id": "E9_v2_clean"
}