{
  "comparacion_por_horizonte": [
    {
      "delta_deteccion_caidas": -0.1428571428571429,
      "delta_direction_accuracy": -0.0714285714285714,
      "delta_loss_h": 0.022786764132980045,
      "delta_mae": 0.001648097932133788,
      "delta_rmse": -0.0006684984153806361,
      "deteccion_caidas_e12": 0.8571428571428571,
      "deteccion_caidas_reference": 1.0,
      "direction_accuracy_e12": 0.7857142857142857,
      "direction_accuracy_reference": 0.8571428571428571,
      "horizonte_sem": 1,
      "loss_h_e12": 0.07434388658139239,
      "loss_h_reference": 0.051557122448412346,
      "mae_e12": 0.12554172633250055,
      "mae_reference": 0.12389362840036676,
      "reference_run_id": "E9_v2_clean",
      "rmse_e12": 0.1662096218222094,
      "rmse_reference": 0.16687812023759005,
      "rows_eval_aligned": 14
    },
    {
      "delta_deteccion_caidas": 0.0,
      "delta_direction_accuracy": 0.07692307692307698,
      "delta_loss_h": -0.004127085678298781,
      "delta_mae": 0.004693919146065859,
      "delta_rmse": 0.018556402641732445,
      "deteccion_caidas_e12": 0.8333333333333334,
      "deteccion_caidas_reference": 0.8333333333333334,
      "direction_accuracy_e12": 0.7692307692307693,
      "direction_accuracy_reference": 0.6923076923076923,
      "horizonte_sem": 2,
      "loss_h_e12": 0.059278244845261924,
      "loss_h_reference": 0.0634053305235607,
      "mae_e12": 0.11814553169934504,
      "mae_reference": 0.11345161255327918,
      "reference_run_id": "E9_v2_clean",
      "rmse_e12": 0.16440604756763424,
      "rmse_reference": 0.1458496449259018,
      "rows_eval_aligned": 13
    },
    {
      "delta_deteccion_caidas": 0.0,
      "delta_direction_accuracy": 0.16666666666666674,
      "delta_loss_h": -0.012259950232582917,
      "delta_mae": 0.001379619972616375,
      "delta_rmse": -0.005428151168929002,
      "deteccion_caidas_e12": 1.0,
      "deteccion_caidas_reference": 1.0,
      "direction_accuracy_e12": 0.8333333333333334,
      "direction_accuracy_reference": 0.6666666666666666,
      "horizonte_sem": 3,
      "loss_h_e12": 0.06138104767350981,
      "loss_h_reference": 0.07364099790609273,
      "mae_e12": 0.13724974904946896,
      "mae_reference": 0.13587012907685259,
      "reference_run_id": "E9_v2_clean",
      "rmse_e12": 0.16997196268106265,
      "rmse_reference": 0.17540011384999166,
      "rows_eval_aligned": 12
    },
    {
      "delta_deteccion_caidas": -0.16666666666666674,
      "delta_direction_accuracy": -0.09090909090909094,
      "delta_loss_h": 0.010211107235386312,
      "delta_mae": -0.009329125587076603,
      "delta_rmse": -0.017222568306784314,
      "deteccion_caidas_e12": 0.6666666666666666,
      "deteccion_caidas_reference": 0.8333333333333334,
      "direction_accuracy_e12": 0.6363636363636364,
      "direction_accuracy_reference": 0.7272727272727273,
      "horizonte_sem": 4,
      "loss_h_e12": 0.04911727653094419,
      "loss_h_reference": 0.03890616929555788,
      "mae_e12": 0.12308469958834872,
      "mae_reference": 0.13241382517542533,
      "reference_run_id": "E9_v2_clean",
      "rmse_e12": 0.1690666636782012,
      "rmse_reference": 0.1862892319849855,
      "rows_eval_aligned": 11
    }
  ],
  "delta_l_total_radar_same_subset": 0.01661083545748465,
  "l_total_radar_e12_same_subset": 0.24412045563110832,
  "l_total_radar_reference_same_subset": 0.22750962017362367,
  "reference_run_id": "E9_v2_clean",
  "rows_horizonte_aligned": [
    {
      "horizonte_sem": 1,
      "rows_eval_aligned": 14
    },
    {
      "horizonte_sem": 2,
      "rows_eval_aligned": 13
    },
    {
      "horizonte_sem": 3,
      "rows_eval_aligned": 12
    },
    {
      "horizonte_sem": 4,
      "rows_eval_aligned": 11
    }
  ]
}