{
  "clean_run_id": "E4_v2_clean",
  "comparacion_por_horizonte": [
    {
      "delta_direction_accuracy": -0.038461538461538436,
      "delta_loss_h": 0.00449466152035094,
      "delta_mae": 0.00267326267111212,
      "delta_risk_detection": 0.0,
      "delta_rmse": 0.0042168832156030955,
      "direction_accuracy_clean": 0.7692307692307693,
      "direction_accuracy_original": 0.8076923076923077,
      "horizonte_sem": 1,
      "loss_h_clean": 0.07718653085331044,
      "loss_h_original": 0.0726918693329595,
      "mae_clean": 0.10578148548947462,
      "mae_original": 0.1031082228183625,
      "risk_detection_clean": 0.75,
      "risk_detection_original": 0.75,
      "rmse_clean": 0.1327916626772419,
      "rmse_original": 0.1285747794616388
    },
    {
      "delta_direction_accuracy": -0.07999999999999996,
      "delta_loss_h": 0.01094073767321159,
      "delta_mae": 0.004857141544845581,
      "delta_risk_detection": -0.09999999999999998,
      "delta_rmse": -0.0024129957477817543,
      "direction_accuracy_clean": 0.56,
      "direction_accuracy_original": 0.64,
      "horizonte_sem": 2,
      "loss_h_clean": 0.09343303365320323,
      "loss_h_original": 0.08249229597999164,
      "mae_clean": 0.11028023699939359,
      "mae_original": 0.105423095454548,
      "risk_detection_clean": 0.5,
      "risk_detection_original": 0.6,
      "rmse_clean": 0.12943536044200715,
      "rmse_original": 0.1318483561897889
    },
    {
      "delta_direction_accuracy": 0.0,
      "delta_loss_h": 0.009826371476344423,
      "delta_mae": 0.002977914285276481,
      "delta_risk_detection": -0.09090909090909094,
      "delta_rmse": -0.0017510286602540892,
      "direction_accuracy_clean": 0.7916666666666666,
      "direction_accuracy_original": 0.7916666666666666,
      "horizonte_sem": 3,
      "loss_h_clean": 0.07877526964947182,
      "loss_h_original": 0.0689488981731274,
      "mae_clean": 0.11101906900066288,
      "mae_original": 0.1080411547153864,
      "risk_detection_clean": 0.7272727272727273,
      "risk_detection_original": 0.8181818181818182,
      "rmse_clean": 0.13570565049236072,
      "rmse_original": 0.1374566791526148
    },
    {
      "delta_direction_accuracy": -0.04347826086956519,
      "delta_loss_h": 0.005694123876900763,
      "delta_mae": 0.017052081586755613,
      "delta_risk_detection": 0.0,
      "delta_rmse": 0.0163260287768352,
      "direction_accuracy_clean": 0.6521739130434783,
      "direction_accuracy_original": 0.6956521739130435,
      "horizonte_sem": 4,
      "loss_h_clean": 0.047947758465229674,
      "loss_h_original": 0.04225363458832891,
      "mae_clean": 0.11734903834567752,
      "mae_original": 0.1002969567589219,
      "risk_detection_clean": 0.6666666666666666,
      "risk_detection_original": 0.6666666666666666,
      "rmse_clean": 0.1570762633016385,
      "rmse_original": 0.1407502345248033
    }
  ],
  "l_total_radar_clean": 0.29734259262121515,
  "reference_run_id": "E3_v2_clean"
}