{
  "clean_run_id": "E8_v1_clean",
  "comparacion_por_horizonte": [
    {
      "delta_direction_accuracy": 0.07692307692307698,
      "delta_loss_h": -0.008630555153382596,
      "delta_mae": -0.0004269652197006202,
      "delta_risk_detection": 0.08333333333333337,
      "delta_rmse": -0.009663929967277635,
      "direction_accuracy_clean": 0.6538461538461539,
      "direction_accuracy_original": 0.5769230769230769,
      "horizonte_sem": 1,
      "loss_h_clean": 0.1091173368370671,
      "loss_h_original": 0.1177478919904497,
      "mae_clean": 0.14864874468253897,
      "mae_original": 0.1490757099022396,
      "risk_detection_clean": 0.5833333333333334,
      "risk_detection_original": 0.5,
      "rmse_clean": 0.16962892162737578,
      "rmse_original": 0.1792928515946534
    },
    {
      "delta_direction_accuracy": -0.040000000000000036,
      "delta_loss_h": 0.02297139035317633,
      "delta_mae": 0.013862458002326564,
      "delta_risk_detection": -0.20000000000000007,
      "delta_rmse": 0.0025612825731259614,
      "direction_accuracy_clean": 0.6,
      "direction_accuracy_original": 0.64,
      "horizonte_sem": 2,
      "loss_h_clean": 0.0914009327158537,
      "loss_h_original": 0.06842954236267737,
      "mae_clean": 0.13642382623317506,
      "mae_original": 0.1225613682308485,
      "risk_detection_clean": 0.6,
      "risk_detection_original": 0.8,
      "rmse_clean": 0.16464655469329545,
      "rmse_original": 0.1620852721201695
    },
    {
      "delta_direction_accuracy": -0.08333333333333337,
      "delta_loss_h": 0.018905282411651916,
      "delta_mae": -0.01307379743756043,
      "delta_risk_detection": -0.18181818181818177,
      "delta_rmse": -0.024051283482666913,
      "direction_accuracy_clean": 0.75,
      "direction_accuracy_original": 0.8333333333333334,
      "horizonte_sem": 3,
      "loss_h_clean": 0.08720941852983768,
      "loss_h_original": 0.06830413611818577,
      "mae_clean": 0.13480506551347937,
      "mae_original": 0.1478788629510398,
      "risk_detection_clean": 0.7272727272727273,
      "risk_detection_original": 0.9090909090909091,
      "rmse_clean": 0.16414399099434568,
      "rmse_original": 0.1881952744770126
    },
    {
      "delta_direction_accuracy": 0.17391304347826086,
      "delta_loss_h": -0.018092396786212404,
      "delta_mae": -0.06384268643629196,
      "delta_risk_detection": 0.11111111111111105,
      "delta_rmse": -0.08286485430352647,
      "direction_accuracy_clean": 0.6521739130434783,
      "direction_accuracy_original": 0.4782608695652174,
      "horizonte_sem": 4,
      "loss_h_clean": 0.04875387123012379,
      "loss_h_original": 0.0668462680163362,
      "mae_clean": 0.13443971565682053,
      "mae_original": 0.1982824020931125,
      "risk_detection_clean": 0.6666666666666666,
      "risk_detection_original": 0.5555555555555556,
      "rmse_clean": 0.16532056144300333,
      "rmse_original": 0.2481854157465298
    }
  ],
  "l_total_radar_clean": 0.3364815593128823,
  "reference_run_id": "E7_v3_clean"
}