{
  "clean_run_id": "E8_v1_clean",
  "comparacion_por_horizonte": [
    {
      "delta_direction_accuracy": -0.15384615384615385,
      "delta_loss_h": 0.0442575569446782,
      "delta_mae": 0.04804996254370787,
      "delta_risk_detection": -0.25,
      "delta_rmse": 0.03677694000676779,
      "direction_accuracy_clean": 0.6538461538461539,
      "direction_accuracy_original": 0.8076923076923077,
      "horizonte_sem": 1,
      "loss_h_clean": 0.1091173368370671,
      "loss_h_original": 0.0648597798923889,
      "mae_clean": 0.14864874468253897,
      "mae_original": 0.1005987821388311,
      "risk_detection_clean": 0.5833333333333334,
      "risk_detection_original": 0.8333333333333334,
      "rmse_clean": 0.16962892162737578,
      "rmse_original": 0.132851981620608
    },
    {
      "delta_direction_accuracy": -0.08000000000000007,
      "delta_loss_h": 0.019900029697299065,
      "delta_mae": 0.03269816212934146,
      "delta_risk_detection": -0.09999999999999998,
      "delta_rmse": 0.02816258252307724,
      "direction_accuracy_clean": 0.6,
      "direction_accuracy_original": 0.68,
      "horizonte_sem": 2,
      "loss_h_clean": 0.0914009327158537,
      "loss_h_original": 0.07150090301855463,
      "mae_clean": 0.13642382623317506,
      "mae_original": 0.1037256641038336,
      "risk_detection_clean": 0.6,
      "risk_detection_original": 0.7,
      "rmse_clean": 0.16464655469329545,
      "rmse_original": 0.1364839721702182
    },
    {
      "delta_direction_accuracy": -0.04166666666666663,
      "delta_loss_h": 0.01902823728098739,
      "delta_mae": 0.031262615482716166,
      "delta_risk_detection": -0.09090909090909094,
      "delta_rmse": 0.026953290147474773,
      "direction_accuracy_clean": 0.75,
      "direction_accuracy_original": 0.7916666666666666,
      "horizonte_sem": 3,
      "loss_h_clean": 0.08720941852983768,
      "loss_h_original": 0.0681811812488503,
      "mae_clean": 0.13480506551347937,
      "mae_original": 0.1035424500307632,
      "risk_detection_clean": 0.7272727272727273,
      "risk_detection_original": 0.8181818181818182,
      "rmse_clean": 0.16414399099434568,
      "rmse_original": 0.1371907008468709
    },
    {
      "delta_direction_accuracy": -0.04347826086956519,
      "delta_loss_h": 0.009853974323303205,
      "delta_mae": 0.03225875823793903,
      "delta_risk_detection": -0.11111111111111116,
      "delta_rmse": 0.02579850728254704,
      "direction_accuracy_clean": 0.6521739130434783,
      "direction_accuracy_original": 0.6956521739130435,
      "horizonte_sem": 4,
      "loss_h_clean": 0.04875387123012379,
      "loss_h_original": 0.03889989690682059,
      "mae_clean": 0.13443971565682053,
      "mae_original": 0.1021809574188815,
      "risk_detection_clean": 0.6666666666666666,
      "risk_detection_original": 0.7777777777777778,
      "rmse_clean": 0.16532056144300333,
      "rmse_original": 0.1395220541604563
    }
  ],
  "l_total_radar_clean": 0.3364815593128823,
  "reference_run_id": "E1_v5_clean"
}