{
  "clean_run_id": "E3_v1_clean",
  "comparacion_por_horizonte": [
    {
      "delta_direction_accuracy": -0.12637362637362637,
      "delta_loss_h": 0.016122937001731938,
      "delta_mae": -0.0004226002048582228,
      "delta_risk_detection": -0.09615384615384615,
      "delta_rmse": -0.0017106788189975852,
      "direction_accuracy_clean": 0.7307692307692307,
      "direction_accuracy_original": 0.8571428571428571,
      "horizonte_sem": 1,
      "loss_h_clean": 0.08013188645507538,
      "loss_h_original": 0.06400894945334344,
      "mae_clean": 0.10613741394538688,
      "mae_original": 0.1065600141502451,
      "risk_detection_clean": 0.75,
      "risk_detection_original": 0.8461538461538461,
      "rmse_clean": 0.1328844909113693,
      "rmse_original": 0.1345951697303669
    },
    {
      "delta_direction_accuracy": 0.007407407407407418,
      "delta_loss_h": -0.00011198616768966219,
      "delta_mae": 0.006407125137378886,
      "delta_risk_detection": 0.016666666666666607,
      "delta_rmse": 0.00479546440979281,
      "direction_accuracy_clean": 0.6,
      "direction_accuracy_original": 0.5925925925925926,
      "horizonte_sem": 2,
      "loss_h_clean": 0.08422758488835515,
      "loss_h_original": 0.08433957105604481,
      "mae_clean": 0.10707760421550809,
      "mae_original": 0.1006704790781292,
      "risk_detection_clean": 0.6,
      "risk_detection_original": 0.5833333333333334,
      "rmse_clean": 0.1342516027711331,
      "rmse_original": 0.1294561383613403
    },
    {
      "delta_direction_accuracy": 0.02564102564102566,
      "delta_loss_h": 0.0009027804213935925,
      "delta_mae": 0.005956048131477182,
      "delta_risk_detection": -0.015151515151515138,
      "delta_rmse": 0.004871335384017239,
      "direction_accuracy_clean": 0.8333333333333334,
      "direction_accuracy_original": 0.8076923076923077,
      "horizonte_sem": 3,
      "loss_h_clean": 0.06830067121876297,
      "loss_h_original": 0.06739789079736938,
      "mae_clean": 0.10790504828721688,
      "mae_original": 0.1019490001557397,
      "risk_detection_clean": 0.8181818181818182,
      "risk_detection_original": 0.8333333333333334,
      "rmse_clean": 0.13655513687075455,
      "rmse_original": 0.1316838014867373
    },
    {
      "delta_direction_accuracy": -0.0678260869565217,
      "delta_loss_h": 0.010701145662151045,
      "delta_mae": 9.835214986385343e-05,
      "delta_risk_detection": -0.24444444444444446,
      "delta_rmse": 0.00680715260089676,
      "direction_accuracy_clean": 0.6521739130434783,
      "direction_accuracy_original": 0.72,
      "horizonte_sem": 4,
      "loss_h_clean": 0.04823217860490524,
      "loss_h_original": 0.03753103294275419,
      "mae_clean": 0.10242340858431445,
      "mae_original": 0.1023250564344506,
      "risk_detection_clean": 0.5555555555555556,
      "risk_detection_original": 0.8,
      "rmse_clean": 0.14266237155078745,
      "rmse_original": 0.1358552189498907
    }
  ],
  "l_total_radar_clean": 0.2808923211670988,
  "reference_run_id": "E1_v4_clean"
}