{
  "clean_run_id": "E3_v1_clean",
  "comparacion_por_horizonte": [
    {
      "delta_direction_accuracy": -0.019230769230769273,
      "delta_loss_h": 0.009053617345276446,
      "delta_mae": -0.01359490087317522,
      "delta_risk_detection": -0.09615384615384615,
      "delta_rmse": -0.017100556478314405,
      "direction_accuracy_clean": 0.7307692307692307,
      "direction_accuracy_original": 0.75,
      "horizonte_sem": 1,
      "loss_h_clean": 0.08013188645507538,
      "loss_h_original": 0.07107826910979893,
      "mae_clean": 0.10613741394538688,
      "mae_original": 0.1197323148185621,
      "risk_detection_clean": 0.75,
      "risk_detection_original": 0.8461538461538461,
      "rmse_clean": 0.1328844909113693,
      "rmse_original": 0.1499850473896837
    },
    {
      "delta_direction_accuracy": -0.06666666666666665,
      "delta_loss_h": 0.01495086999354961,
      "delta_mae": -0.006498313934867203,
      "delta_risk_detection": -0.15000000000000002,
      "delta_rmse": -0.01371979304329779,
      "direction_accuracy_clean": 0.6,
      "direction_accuracy_original": 0.6666666666666666,
      "horizonte_sem": 2,
      "loss_h_clean": 0.08422758488835515,
      "loss_h_original": 0.06927671489480554,
      "mae_clean": 0.10707760421550809,
      "mae_original": 0.1135759181503753,
      "risk_detection_clean": 0.6,
      "risk_detection_original": 0.75,
      "rmse_clean": 0.1342516027711331,
      "rmse_original": 0.1479713958144309
    },
    {
      "delta_direction_accuracy": 0.17948717948717952,
      "delta_loss_h": -0.040820473202203125,
      "delta_mae": -0.03400464487969933,
      "delta_risk_detection": 0.23484848484848486,
      "delta_rmse": -0.026573829028251866,
      "direction_accuracy_clean": 0.8333333333333334,
      "direction_accuracy_original": 0.6538461538461539,
      "horizonte_sem": 3,
      "loss_h_clean": 0.06830067121876297,
      "loss_h_original": 0.1091211444209661,
      "mae_clean": 0.10790504828721688,
      "mae_original": 0.1419096931669162,
      "risk_detection_clean": 0.8181818181818182,
      "risk_detection_original": 0.5833333333333334,
      "rmse_clean": 0.13655513687075455,
      "rmse_original": 0.1631289658990064
    },
    {
      "delta_direction_accuracy": -0.10782608695652174,
      "delta_loss_h": 0.01124379524293373,
      "delta_mae": -0.041006730368424754,
      "delta_risk_detection": -0.34444444444444444,
      "delta_rmse": -0.024464570776551536,
      "direction_accuracy_clean": 0.6521739130434783,
      "direction_accuracy_original": 0.76,
      "horizonte_sem": 4,
      "loss_h_clean": 0.04823217860490524,
      "loss_h_original": 0.03698838336197151,
      "mae_clean": 0.10242340858431445,
      "mae_original": 0.1434301389527392,
      "risk_detection_clean": 0.5555555555555556,
      "risk_detection_original": 0.9,
      "rmse_clean": 0.14266237155078745,
      "rmse_original": 0.167126942327339
    }
  ],
  "l_total_radar_clean": 0.2808923211670988,
  "reference_run_id": "E2_v3_clean"
}