{
  "clean_run_id": "E5_v1_clean",
  "comparacion_por_horizonte": [
    {
      "delta_direction_accuracy": 0.0,
      "delta_loss_h": -0.005614963246606472,
      "delta_mae": -0.012618742484661882,
      "delta_risk_detection": 0.0,
      "delta_rmse": -0.0024975261709410668,
      "direction_accuracy_clean": 0.7692307692307693,
      "direction_accuracy_original": 0.7692307692307693,
      "horizonte_sem": 1,
      "loss_h_clean": 0.07221217933828931,
      "loss_h_original": 0.07782714258489579,
      "mae_clean": 0.09691663054691861,
      "mae_original": 0.1095353730315805,
      "risk_detection_clean": 0.75,
      "risk_detection_original": 0.75,
      "rmse_clean": 0.12816825800967233,
      "rmse_original": 0.1306657841806134
    },
    {
      "delta_direction_accuracy": 0.0,
      "delta_loss_h": -0.0012606633627876146,
      "delta_mae": -0.008864755218852396,
      "delta_risk_detection": 0.0,
      "delta_rmse": -0.004392269060990356,
      "direction_accuracy_clean": 0.6,
      "direction_accuracy_original": 0.6,
      "horizonte_sem": 2,
      "loss_h_clean": 0.0816802827770694,
      "loss_h_original": 0.08294094613985702,
      "mae_clean": 0.1032290754246174,
      "mae_original": 0.1120938306434698,
      "risk_detection_clean": 0.6,
      "risk_detection_original": 0.6,
      "rmse_clean": 0.13245046241967645,
      "rmse_original": 0.1368427314806668
    },
    {
      "delta_direction_accuracy": 0.16666666666666674,
      "delta_loss_h": -0.015616801301336275,
      "delta_mae": -0.018263982689406585,
      "delta_risk_detection": 0.0,
      "delta_rmse": -0.013877646442731678,
      "direction_accuracy_clean": 0.8333333333333334,
      "direction_accuracy_original": 0.6666666666666666,
      "horizonte_sem": 3,
      "loss_h_clean": 0.0645894874662235,
      "loss_h_original": 0.08020628876755978,
      "mae_clean": 0.10080769527963591,
      "mae_original": 0.1190716779690425,
      "risk_detection_clean": 0.8181818181818182,
      "risk_detection_original": 0.8181818181818182,
      "rmse_clean": 0.13346274062882782,
      "rmse_original": 0.1473403870715595
    },
    {
      "delta_direction_accuracy": 0.0,
      "delta_loss_h": -0.006182493961303444,
      "delta_mae": -0.008338323454813112,
      "delta_risk_detection": 0.11111111111111116,
      "delta_rmse": -0.004798982610554642,
      "direction_accuracy_clean": 0.7391304347826086,
      "direction_accuracy_original": 0.7391304347826086,
      "horizonte_sem": 4,
      "loss_h_clean": 0.03677723987282685,
      "loss_h_original": 0.04295973383413029,
      "mae_clean": 0.1040555423521071,
      "mae_original": 0.1123938658069202,
      "risk_detection_clean": 0.7777777777777778,
      "risk_detection_original": 0.6666666666666666,
      "rmse_clean": 0.14929952074371897,
      "rmse_original": 0.1540985033542736
    }
  ],
  "l_total_radar_clean": 0.25525918945440906,
  "reference_run_id": "E4_v1_clean"
}