{
  "clean_run_id": "E10_v1_clean",
  "comparacion_por_horizonte": [
    {
      "delta_direction_accuracy": -0.2451923076923077,
      "delta_loss_h": 0.03451064336255748,
      "delta_mae": 0.023299448676695034,
      "delta_risk_detection": -0.20833333333333337,
      "delta_rmse": 0.026306733576402286,
      "direction_accuracy_clean": 0.5625,
      "direction_accuracy_original": 0.8076923076923077,
      "horizonte_sem": 1,
      "loss_h_clean": 0.09937042325494638,
      "loss_h_original": 0.0648597798923889,
      "mae_clean": 0.12389823081552613,
      "mae_original": 0.1005987821388311,
      "risk_detection_clean": 0.625,
      "risk_detection_original": 0.8333333333333334,
      "rmse_clean": 0.15915871519701028,
      "rmse_original": 0.132851981620608
    },
    {
      "delta_direction_accuracy": -0.08000000000000007,
      "delta_loss_h": 0.0032574066629112997,
      "delta_mae": 0.018172810438927392,
      "delta_risk_detection": 0.13333333333333341,
      "delta_rmse": 0.010264429647711654,
      "direction_accuracy_clean": 0.6,
      "direction_accuracy_original": 0.68,
      "horizonte_sem": 2,
      "loss_h_clean": 0.07475830968146593,
      "loss_h_original": 0.07150090301855463,
      "mae_clean": 0.121898474542761,
      "mae_original": 0.1037256641038336,
      "risk_detection_clean": 0.8333333333333334,
      "risk_detection_original": 0.7,
      "rmse_clean": 0.14674840181792986,
      "rmse_original": 0.1364839721702182
    },
    {
      "delta_direction_accuracy": 0.06547619047619047,
      "delta_loss_h": -0.009297057077658114,
      "delta_mae": 0.03783014090220507,
      "delta_risk_detection": 0.18181818181818177,
      "delta_rmse": 0.034432535999177394,
      "direction_accuracy_clean": 0.8571428571428571,
      "direction_accuracy_original": 0.7916666666666666,
      "horizonte_sem": 3,
      "loss_h_clean": 0.05888412417119218,
      "loss_h_original": 0.0681811812488503,
      "mae_clean": 0.14137259093296828,
      "mae_original": 0.1035424500307632,
      "risk_detection_clean": 1.0,
      "risk_detection_original": 0.8181818181818182,
      "rmse_clean": 0.1716232368460483,
      "rmse_original": 0.1371907008468709
    },
    {
      "delta_direction_accuracy": 0.07357859531772581,
      "delta_loss_h": -0.000692518707076456,
      "delta_mae": 0.04631487860919031,
      "delta_risk_detection": 0.05555555555555558,
      "delta_rmse": 0.06670526266175103,
      "direction_accuracy_clean": 0.7692307692307693,
      "direction_accuracy_original": 0.6956521739130435,
      "horizonte_sem": 4,
      "loss_h_clean": 0.03820737819974413,
      "loss_h_original": 0.03889989690682059,
      "mae_clean": 0.14849583602807181,
      "mae_original": 0.1021809574188815,
      "risk_detection_clean": 0.8333333333333334,
      "risk_detection_original": 0.7777777777777778,
      "rmse_clean": 0.20622731682220732,
      "rmse_original": 0.1395220541604563
    }
  ],
  "l_total_radar_clean": 0.2712202353073486,
  "reference_run_id": "E1_v5_clean"
}