{
  "clean_run_id": "E8_v2_clean",
  "comparacion_por_horizonte": [
    {
      "delta_direction_accuracy": -0.07692307692307698,
      "delta_loss_h": 0.018283102715399,
      "delta_mae": 0.023182612379662723,
      "delta_risk_detection": -0.08333333333333337,
      "delta_rmse": 0.02923303460067206,
      "direction_accuracy_clean": 0.7307692307692307,
      "direction_accuracy_original": 0.8076923076923077,
      "horizonte_sem": 1,
      "loss_h_clean": 0.0811284783306966,
      "loss_h_original": 0.0628453756152976,
      "mae_clean": 0.11873865449543258,
      "mae_original": 0.09555604211576986,
      "risk_detection_clean": 0.75,
      "risk_detection_original": 0.8333333333333334,
      "rmse_clean": 0.15441217536763666,
      "rmse_original": 0.1251791407669646
    },
    {
      "delta_direction_accuracy": 0.040000000000000036,
      "delta_loss_h": -0.013332853796235403,
      "delta_mae": 0.011723068542051407,
      "delta_risk_detection": 0.20000000000000007,
      "delta_rmse": 0.018220017353193896,
      "direction_accuracy_clean": 0.64,
      "direction_accuracy_original": 0.6,
      "horizonte_sem": 2,
      "loss_h_clean": 0.06846783905506446,
      "loss_h_original": 0.08180069285129986,
      "mae_clean": 0.11579884568375251,
      "mae_original": 0.1040757771417011,
      "risk_detection_clean": 0.8,
      "risk_detection_original": 0.6,
      "rmse_clean": 0.1503886579822718,
      "rmse_original": 0.1321686406290779
    },
    {
      "delta_direction_accuracy": -0.08333333333333326,
      "delta_loss_h": 0.024365909658376372,
      "delta_mae": 0.029578919212663285,
      "delta_risk_detection": -0.09090909090909094,
      "delta_rmse": 0.025133037284657822,
      "direction_accuracy_clean": 0.7083333333333334,
      "direction_accuracy_original": 0.7916666666666666,
      "horizonte_sem": 3,
      "loss_h_clean": 0.0915289319269249,
      "loss_h_original": 0.06716302226854853,
      "mae_clean": 0.13447992243982299,
      "mae_original": 0.1049010032271597,
      "risk_detection_clean": 0.7272727272727273,
      "risk_detection_original": 0.8181818181818182,
      "rmse_clean": 0.1591031952091425,
      "rmse_original": 0.1339701579244847
    },
    {
      "delta_direction_accuracy": -0.04347826086956519,
      "delta_loss_h": 0.008616794138842393,
      "delta_mae": 0.02540266227200158,
      "delta_risk_detection": -0.11111111111111116,
      "delta_rmse": 0.022277532547060858,
      "direction_accuracy_clean": 0.6956521739130435,
      "direction_accuracy_original": 0.7391304347826086,
      "horizonte_sem": 4,
      "loss_h_clean": 0.044595641124262585,
      "loss_h_original": 0.03597884698542019,
      "mae_clean": 0.1277445626184492,
      "mae_original": 0.1023419003464476,
      "risk_detection_clean": 0.6666666666666666,
      "risk_detection_original": 0.7777777777777778,
      "rmse_clean": 0.17006343207305885,
      "rmse_original": 0.147785899525998
    }
  ],
  "l_total_radar_clean": 0.28572089043694854,
  "reference_run_id": "E5_v4_clean"
}