{
  "clean_run_id": "E8_v2_clean",
  "comparacion_por_horizonte": [
    {
      "delta_direction_accuracy": -0.12637362637362637,
      "delta_loss_h": 0.017119528877353157,
      "delta_mae": 0.01217864034518748,
      "delta_risk_detection": -0.09615384615384615,
      "delta_rmse": 0.019817005637269763,
      "direction_accuracy_clean": 0.7307692307692307,
      "direction_accuracy_original": 0.8571428571428571,
      "horizonte_sem": 1,
      "loss_h_clean": 0.0811284783306966,
      "loss_h_original": 0.06400894945334344,
      "mae_clean": 0.11873865449543258,
      "mae_original": 0.1065600141502451,
      "risk_detection_clean": 0.75,
      "risk_detection_original": 0.8461538461538461,
      "rmse_clean": 0.15441217536763666,
      "rmse_original": 0.1345951697303669
    },
    {
      "delta_direction_accuracy": 0.047407407407407454,
      "delta_loss_h": -0.015871732000980354,
      "delta_mae": 0.015128366605623306,
      "delta_risk_detection": 0.21666666666666667,
      "delta_rmse": 0.02093251962093151,
      "direction_accuracy_clean": 0.64,
      "direction_accuracy_original": 0.5925925925925926,
      "horizonte_sem": 2,
      "loss_h_clean": 0.06846783905506446,
      "loss_h_original": 0.08433957105604481,
      "mae_clean": 0.11579884568375251,
      "mae_original": 0.1006704790781292,
      "risk_detection_clean": 0.8,
      "risk_detection_original": 0.5833333333333334,
      "rmse_clean": 0.1503886579822718,
      "rmse_original": 0.1294561383613403
    },
    {
      "delta_direction_accuracy": -0.09935897435897434,
      "delta_loss_h": 0.024131041129555525,
      "delta_mae": 0.03253092228408329,
      "delta_risk_detection": -0.10606060606060608,
      "delta_rmse": 0.027419393722405205,
      "direction_accuracy_clean": 0.7083333333333334,
      "direction_accuracy_original": 0.8076923076923077,
      "horizonte_sem": 3,
      "loss_h_clean": 0.0915289319269249,
      "loss_h_original": 0.06739789079736938,
      "mae_clean": 0.13447992243982299,
      "mae_original": 0.1019490001557397,
      "risk_detection_clean": 0.7272727272727273,
      "risk_detection_original": 0.8333333333333334,
      "rmse_clean": 0.1591031952091425,
      "rmse_original": 0.1316838014867373
    },
    {
      "delta_direction_accuracy": -0.024347826086956514,
      "delta_loss_h": 0.007064608181508392,
      "delta_mae": 0.02541950618399859,
      "delta_risk_detection": -0.13333333333333341,
      "delta_rmse": 0.03420821312316816,
      "direction_accuracy_clean": 0.6956521739130435,
      "direction_accuracy_original": 0.72,
      "horizonte_sem": 4,
      "loss_h_clean": 0.044595641124262585,
      "loss_h_original": 0.03753103294275419,
      "mae_clean": 0.1277445626184492,
      "mae_original": 0.1023250564344506,
      "risk_detection_clean": 0.6666666666666666,
      "risk_detection_original": 0.8,
      "rmse_clean": 0.17006343207305885,
      "rmse_original": 0.1358552189498907
    }
  ],
  "l_total_radar_clean": 0.28572089043694854,
  "reference_run_id": "E1_v4_clean"
}