{
  "clean_run_id": "E8_v2_clean",
  "comparacion_por_horizonte": [
    {
      "delta_direction_accuracy": -0.07692307692307698,
      "delta_loss_h": 0.016268698438307694,
      "delta_mae": 0.018139872356601486,
      "delta_risk_detection": -0.08333333333333337,
      "delta_rmse": 0.021560193747028666,
      "direction_accuracy_clean": 0.7307692307692307,
      "direction_accuracy_original": 0.8076923076923077,
      "horizonte_sem": 1,
      "loss_h_clean": 0.0811284783306966,
      "loss_h_original": 0.0648597798923889,
      "mae_clean": 0.11873865449543258,
      "mae_original": 0.1005987821388311,
      "risk_detection_clean": 0.75,
      "risk_detection_original": 0.8333333333333334,
      "rmse_clean": 0.15441217536763666,
      "rmse_original": 0.132851981620608
    },
    {
      "delta_direction_accuracy": -0.040000000000000036,
      "delta_loss_h": -0.003033063963490179,
      "delta_mae": 0.012073181579918907,
      "delta_risk_detection": 0.10000000000000009,
      "delta_rmse": 0.013904685812053591,
      "direction_accuracy_clean": 0.64,
      "direction_accuracy_original": 0.68,
      "horizonte_sem": 2,
      "loss_h_clean": 0.06846783905506446,
      "loss_h_original": 0.07150090301855463,
      "mae_clean": 0.11579884568375251,
      "mae_original": 0.1037256641038336,
      "risk_detection_clean": 0.8,
      "risk_detection_original": 0.7,
      "rmse_clean": 0.1503886579822718,
      "rmse_original": 0.1364839721702182
    },
    {
      "delta_direction_accuracy": -0.08333333333333326,
      "delta_loss_h": 0.02334775067807461,
      "delta_mae": 0.03093747240905978,
      "delta_risk_detection": -0.09090909090909094,
      "delta_rmse": 0.021912494362271606,
      "direction_accuracy_clean": 0.7083333333333334,
      "direction_accuracy_original": 0.7916666666666666,
      "horizonte_sem": 3,
      "loss_h_clean": 0.0915289319269249,
      "loss_h_original": 0.0681811812488503,
      "mae_clean": 0.13447992243982299,
      "mae_original": 0.1035424500307632,
      "risk_detection_clean": 0.7272727272727273,
      "risk_detection_original": 0.8181818181818182,
      "rmse_clean": 0.1591031952091425,
      "rmse_original": 0.1371907008468709
    },
    {
      "delta_direction_accuracy": 0.0,
      "delta_loss_h": 0.0056957442174419975,
      "delta_mae": 0.025563605199567685,
      "delta_risk_detection": -0.11111111111111116,
      "delta_rmse": 0.030541377912602558,
      "direction_accuracy_clean": 0.6956521739130435,
      "direction_accuracy_original": 0.6956521739130435,
      "horizonte_sem": 4,
      "loss_h_clean": 0.044595641124262585,
      "loss_h_original": 0.03889989690682059,
      "mae_clean": 0.1277445626184492,
      "mae_original": 0.1021809574188815,
      "risk_detection_clean": 0.6666666666666666,
      "risk_detection_original": 0.7777777777777778,
      "rmse_clean": 0.17006343207305885,
      "rmse_original": 0.1395220541604563
    }
  ],
  "l_total_radar_clean": 0.28572089043694854,
  "reference_run_id": "E1_v5_clean"
}