video_id,comment_id,author,comment_text,published_at,like_count,query,video_title,channel_title,video_published_at,fecha_extraccion
8pi-OKTJW2E,Ugzm0-1Vupo-kC1v4Hl4AaABAg,@yeidan_G_D_G,Lo primero que pense fue que hay trabajaron bailando el Vitor y el Albertano,2026-04-08T08:56:41Z,1,Gobierno de Tampico,Tampico #tampicoplaza #tampicocentro #youtubeshort #fanpage,Noris recetas y más.,2026-04-08T08:12:30Z,2026-04-15 05:29:29
8pi-OKTJW2E,Ugzd2MfxH0yNyPqq4Yt4AaABAg,@ramatams,"Que viva Tampico, Altamira y Cd. Madero señores! Arriba el Norte!",2026-04-08T08:22:26Z,1,Gobierno de Tampico,Tampico #tampicoplaza #tampicocentro #youtubeshort #fanpage,Noris recetas y más.,2026-04-08T08:12:30Z,2026-04-15 05:29:29
yjuWSugcY7E,Ugz3bb7NdvtwHd27s3x4AaABAg,@FabianRivas-l6c,Fueron pesimos en tratar de mezclar esas corrientes qué son casi parecidas en su base.,2026-04-08T17:38:35Z,0,Gobierno de Tampico,El PLAN de Italia para CONQUISTAR ideológicamente a México -  [VBR],ficodindia_mx_it,2026-04-08T15:15:41Z,2026-04-15 05:29:29
yEOujekyYO0,Ugyp-6naYpF-pa--NUR4AaABAg,@luisgonzagaarcebarrueta3408,"El Grupo Atlacomulco, una facción política del PRI originaria del Estado de México, ha sido históricamente caracterizado por la fusión entre el poder político y la riqueza empresarial, incluyendo sectores estratégicos como el petrolero, no se hagan quien les vende cara la semilla el fertilizante y la maquinaria así es, y quién les compra barato exacto, Del Mazo.",2026-04-15T03:19:20Z,0,Gobierno de Tampico,Paro de transportistas y agricultores paraliza carreteras en México | Mapa de bloqueos 2026,Azteca Noticias,2026-04-06T20:25:50Z,2026-04-15 05:29:29
yEOujekyYO0,UgzrOi149pGfLVvc4CZ4AaABAg,@Mente.Perversa,"Como chingan esos transportistas y agricultores..ya se parecen a azteca..con peña y Calderón  ...ni cuando se atrevieran a bloquear una carretera..porque ya sabían cómo les iba,..Pero ahora abren el hocico como muchos &quot; tontos útiles&quot; que opinan aquí.",2026-04-09T02:37:37Z,0,Gobierno de Tampico,Paro de transportistas y agricultores paraliza carreteras en México | Mapa de bloqueos 2026,Azteca Noticias,2026-04-06T20:25:50Z,2026-04-15 05:29:29
yEOujekyYO0,UgyS_lN8tn3vkTup6g94AaABAg,@arturoarmo,Pero dice la presinepta que todo está de maravilla,2026-04-08T20:54:05Z,0,Gobierno de Tampico,Paro de transportistas y agricultores paraliza carreteras en México | Mapa de bloqueos 2026,Azteca Noticias,2026-04-06T20:25:50Z,2026-04-15 05:29:29
yEOujekyYO0,Ugz479_B6xYmX3NpyqR4AaABAg,@MÉXICOQUIEREPAZ-w8h,MÉXICO ESTÁ PEOR QUE NUNCA CON LOS NARCOMORENA Y LA MALDITA NARCA PRESIRVIENTA Y SOLO LOS PENDEJOOO@S NO VEN ESO,2026-04-08T15:27:06Z,1,Gobierno de Tampico,Paro de transportistas y agricultores paraliza carreteras en México | Mapa de bloqueos 2026,Azteca Noticias,2026-04-06T20:25:50Z,2026-04-15 05:29:29
yEOujekyYO0,Ugz0U-6TrSbiacZJ2q94AaABAg,@JonaRamírez-s7z,Y justo con mi pedido,2026-04-08T14:37:51Z,0,Gobierno de Tampico,Paro de transportistas y agricultores paraliza carreteras en México | Mapa de bloqueos 2026,Azteca Noticias,2026-04-06T20:25:50Z,2026-04-15 05:29:29
yEOujekyYO0,Ugx_2wwN7Fzr3xTDU2p4AaABAg,@gregoriocruz9350,Deberíamos acompañarlos ya que este desgobierno le vale madres hagamos huelga nacional y no pagar impuestos,2026-04-08T00:19:57Z,0,Gobierno de Tampico,Paro de transportistas y agricultores paraliza carreteras en México | Mapa de bloqueos 2026,Azteca Noticias,2026-04-06T20:25:50Z,2026-04-15 05:29:29
yEOujekyYO0,UgzieIGNgjrwPjmyCkR4AaABAg,@eliasv5696,Jaja exigen seguridad pero que tal manejan como bestias matando gente,2026-04-07T22:29:21Z,0,Gobierno de Tampico,Paro de transportistas y agricultores paraliza carreteras en México | Mapa de bloqueos 2026,Azteca Noticias,2026-04-06T20:25:50Z,2026-04-15 05:29:29
yEOujekyYO0,UgzOh_kdXPaTbHDHAqd4AaABAg,@Esti-c6d,Total apoyo a este gremio que lamentablemente por ser trabajadores honestos son afectados principalmente por la gente basura llamados delincuentes... Pido a Dios pronta resolución y respaldo de las autoridades porque uds son la base de la economía.,2026-04-07T17:12:12Z,0,Gobierno de Tampico,Paro de transportistas y agricultores paraliza carreteras en México | Mapa de bloqueos 2026,Azteca Noticias,2026-04-06T20:25:50Z,2026-04-15 05:29:29
yEOujekyYO0,UgwrWJ5LP5RXVj5KAgZ4AaABAg,@josel.palacio9560,En Tlaxcala llevan más de 12 horas de bloqueo.,2026-04-07T12:41:46Z,0,Gobierno de Tampico,Paro de transportistas y agricultores paraliza carreteras en México | Mapa de bloqueos 2026,Azteca Noticias,2026-04-06T20:25:50Z,2026-04-15 05:29:29
yEOujekyYO0,UgxT7lss9FURTlV3zWd4AaABAg,@macOs92,"Que tomen las casetas, y den paso libre a todos 👍🏻",2026-04-07T05:57:45Z,0,Gobierno de Tampico,Paro de transportistas y agricultores paraliza carreteras en México | Mapa de bloqueos 2026,Azteca Noticias,2026-04-06T20:25:50Z,2026-04-15 05:29:29
yEOujekyYO0,UgweeU-06BPEQeQ_1Xt4AaABAg,@JesusLara-i6k,SRA PRESIDENTA NACIONAL DE NUÉSTRO MEXICO AYUDE A CUBA CUBA SI NECESITA AYUDA PK EYOS ESTAN MUY NESECITADOS EYOS SI REQUIEREN AYUDA TAMBIEN,2026-04-07T04:32:04Z,0,Gobierno de Tampico,Paro de transportistas y agricultores paraliza carreteras en México | Mapa de bloqueos 2026,Azteca Noticias,2026-04-06T20:25:50Z,2026-04-15 05:29:29
yEOujekyYO0,Ugw2oAn08TXqcpIXHbJ4AaABAg,@AdolfoRamirez-s9v,Quítenlos a puntazos..que culpa tienen los automovilistas ....viva 4t...y viva claudia y obrador..,2026-04-07T03:39:21Z,0,Gobierno de Tampico,Paro de transportistas y agricultores paraliza carreteras en México | Mapa de bloqueos 2026,Azteca Noticias,2026-04-06T20:25:50Z,2026-04-15 05:29:29
yEOujekyYO0,UgzGIZNTYQyyJpf6Uut4AaABAg,@jonathanqrorockhd7391,Que se ponga a trabajar la presidenta y el secretario de seguridad pública que solo está de adorno!!,2026-04-07T03:28:17Z,1,Gobierno de Tampico,Paro de transportistas y agricultores paraliza carreteras en México | Mapa de bloqueos 2026,Azteca Noticias,2026-04-06T20:25:50Z,2026-04-15 05:29:29
yEOujekyYO0,Ugzvbh_eA5OFE_Ym7hB4AaABAg,@ClaudiaLopez-wl9ri,Muy bien! Apoyo total a los transportistas y agricultores. Ya estamos hartos de tanta inseguridad !,2026-04-07T03:05:07Z,6,Gobierno de Tampico,Paro de transportistas y agricultores paraliza carreteras en México | Mapa de bloqueos 2026,Azteca Noticias,2026-04-06T20:25:50Z,2026-04-15 05:29:29
yEOujekyYO0,UgyJJeNrk-Y02Jm0qr94AaABAg,@melinamarquez5416,Excelente,2026-04-07T02:58:59Z,1,Gobierno de Tampico,Paro de transportistas y agricultores paraliza carreteras en México | Mapa de bloqueos 2026,Azteca Noticias,2026-04-06T20:25:50Z,2026-04-15 05:29:29
yEOujekyYO0,UgzIXyK1Qf-gvc9yAnR4AaABAg,@arturoleon9618,No Mano no man,2026-04-07T02:55:14Z,0,Gobierno de Tampico,Paro de transportistas y agricultores paraliza carreteras en México | Mapa de bloqueos 2026,Azteca Noticias,2026-04-06T20:25:50Z,2026-04-15 05:29:29
yEOujekyYO0,UgwY4dDAHf9FRyJTT-h4AaABAg,@DanielAbonce,"Si van a ver televisión abierta, mejor vean imagen, los aztecos son unos mentirosos.",2026-04-07T01:39:07Z,0,Gobierno de Tampico,Paro de transportistas y agricultores paraliza carreteras en México | Mapa de bloqueos 2026,Azteca Noticias,2026-04-06T20:25:50Z,2026-04-15 05:29:29
yEOujekyYO0,UgwyPGBVAddQWRryd3l4AaABAg,@roger8205ramirez,Los campesinos de verdad no están los que están son los que controlan el agua los que hacen politica con estas pendejadas que solo perjudican ala jente trabajadora,2026-04-07T01:20:22Z,0,Gobierno de Tampico,Paro de transportistas y agricultores paraliza carreteras en México | Mapa de bloqueos 2026,Azteca Noticias,2026-04-06T20:25:50Z,2026-04-15 05:29:29
yEOujekyYO0,UgwrqUQoR5j5WCixRVd4AaABAg,@JoséRodríguez-q8p,Jajajaja 😂 chido su mini bloqueo 😅😅 jajaja,2026-04-07T01:11:38Z,0,Gobierno de Tampico,Paro de transportistas y agricultores paraliza carreteras en México | Mapa de bloqueos 2026,Azteca Noticias,2026-04-06T20:25:50Z,2026-04-15 05:29:29
yEOujekyYO0,UgypCJ0NLtBG6gp2N1d4AaABAg,@OmarBuchahin,Yo no vote por la jorobada. Solicitaré la revocación de mandato,2026-04-07T00:47:41Z,1,Gobierno de Tampico,Paro de transportistas y agricultores paraliza carreteras en México | Mapa de bloqueos 2026,Azteca Noticias,2026-04-06T20:25:50Z,2026-04-15 05:29:29
yEOujekyYO0,UgxOqGKNF7c4zBDpqut4AaABAg,@patriciaalvarado7234,No mmn ! Les están resolviendo y se dejan llevar. Que ignorancia.,2026-04-07T00:33:10Z,1,Gobierno de Tampico,Paro de transportistas y agricultores paraliza carreteras en México | Mapa de bloqueos 2026,Azteca Noticias,2026-04-06T20:25:50Z,2026-04-15 05:29:29
yEOujekyYO0,Ugxwc5TbJTSHL6_1zth4AaABAg,@enriquecardenas3657,Ay miles de trailers circulando diario  pues se tienen q parar por los agricultores  y dicen q están apoyando mentiras  están parados por los agricultores y chayoteros,2026-04-07T00:23:05Z,0,Gobierno de Tampico,Paro de transportistas y agricultores paraliza carreteras en México | Mapa de bloqueos 2026,Azteca Noticias,2026-04-06T20:25:50Z,2026-04-15 05:29:29
yEOujekyYO0,UgwWlrqkD0SyIfwH16V4AaABAg,@edytomaso,"quieren pensiones y becas, voten por morena",2026-04-07T00:02:50Z,0,Gobierno de Tampico,Paro de transportistas y agricultores paraliza carreteras en México | Mapa de bloqueos 2026,Azteca Noticias,2026-04-06T20:25:50Z,2026-04-15 05:29:29
yEOujekyYO0,Ugx6QgKsS-_WmhU30OJ4AaABAg,@Georgekerendon,siii apoyo el campesino y a los dueños de autobuses el diésel está muy caro y la gasolina pero peroooo que tal le regalan petróleo a cuba,2026-04-06T23:40:52Z,5,Gobierno de Tampico,Paro de transportistas y agricultores paraliza carreteras en México | Mapa de bloqueos 2026,Azteca Noticias,2026-04-06T20:25:50Z,2026-04-15 05:29:29
yEOujekyYO0,UgwA-PxFtJj4Eb8ZZbJ4AaABAg,@elviravera7627,Méxicanos con ustedes!    Yo acabo de comprar 1kg de chie poblano 100 pesos el kiloooo‼️,2026-04-06T23:32:47Z,1,Gobierno de Tampico,Paro de transportistas y agricultores paraliza carreteras en México | Mapa de bloqueos 2026,Azteca Noticias,2026-04-06T20:25:50Z,2026-04-15 05:29:29
yEOujekyYO0,Ugxhumx_7EDEUpuqgy94AaABAg,@marthaelenasanchezhernande8765,"Avanza el HARTAZGO de la gente trabajadora contra el narco gobierno, vamos bien para derrocar a la tiranía que nos gobierna y le somos indiferentes, total apoyo a los transportistas y campesinos!!!",2026-04-06T23:23:04Z,3,Gobierno de Tampico,Paro de transportistas y agricultores paraliza carreteras en México | Mapa de bloqueos 2026,Azteca Noticias,2026-04-06T20:25:50Z,2026-04-15 05:29:29
yEOujekyYO0,UgxHEGoQgIOwiCx41BN4AaABAg,@alexelleon7901,EL DISEL DEBE SER MAS VARATO EL CAMPO NOS DA DE TRAGAR Y TODO MUY CARO.,2026-04-06T23:19:05Z,12,Gobierno de Tampico,Paro de transportistas y agricultores paraliza carreteras en México | Mapa de bloqueos 2026,Azteca Noticias,2026-04-06T20:25:50Z,2026-04-15 05:29:29
yEOujekyYO0,Ugy-YyUGV11HwYTjq394AaABAg,@alexelleon7901,NO HAY RESPUESTA DE LOS MORENA SON UNOS DICTADORES EL DISEL 30 PESOS MIENTRAS LA PRESIDENTE AYUDANDO A CUBA EN MEXICO NO HAY NADA SI NO DA RESPUESTA VAMOS A MANIFESTARNOS TODO EL PUEBLO PARA SACAR A CLUDIA NO ASE NADA  EN TODOS LADOS HAY ROBOS LOS MEXICANOS NO PODEMOS MAS NESECITAMOS UN GOBIERNO CAPAZ.,2026-04-06T23:17:19Z,2,Gobierno de Tampico,Paro de transportistas y agricultores paraliza carreteras en México | Mapa de bloqueos 2026,Azteca Noticias,2026-04-06T20:25:50Z,2026-04-15 05:29:29
yEOujekyYO0,UgzPdej5mWoN8U03r-d4AaABAg,@manuelfrancisco2811,"Mucho apoyo para los agricultores, son los que cosechan alimentos de primera necesidad, así como el maíz, frijoles jitomates cebollas etcétera, sin",2026-04-06T23:16:56Z,4,Gobierno de Tampico,Paro de transportistas y agricultores paraliza carreteras en México | Mapa de bloqueos 2026,Azteca Noticias,2026-04-06T20:25:50Z,2026-04-15 05:29:29
yEOujekyYO0,UgwLLrGsmZRpNdj82jB4AaABAg,@alexelleon7901,SI CLUDIA NO PUEDE QUE RENUNCI,2026-04-06T23:12:34Z,9,Gobierno de Tampico,Paro de transportistas y agricultores paraliza carreteras en México | Mapa de bloqueos 2026,Azteca Noticias,2026-04-06T20:25:50Z,2026-04-15 05:29:29
yEOujekyYO0,Ugy632JjWFqgY2NgIR14AaABAg,@armandorascon4637,"Algo Se Tiene que Hacer,, más aún de Bloqueo de Tramos Federales",2026-04-06T22:55:06Z,2,Gobierno de Tampico,Paro de transportistas y agricultores paraliza carreteras en México | Mapa de bloqueos 2026,Azteca Noticias,2026-04-06T20:25:50Z,2026-04-15 05:29:29
yEOujekyYO0,UgzzCr7a62zcAp_H5sR4AaABAg,@mickimercado2268,Puro sindicato y grupos prianistas ya no engañan a nadie. Y luego con pseudocumunicadores ya conocidos.😂😂😂😂,2026-04-06T22:51:27Z,0,Gobierno de Tampico,Paro de transportistas y agricultores paraliza carreteras en México | Mapa de bloqueos 2026,Azteca Noticias,2026-04-06T20:25:50Z,2026-04-15 05:29:29
yEOujekyYO0,UgyA1o94psX7KGmxiHp4AaABAg,@sunyarelychemaramirez9425,Bamos bien  dice  claudia,2026-04-06T22:27:09Z,0,Gobierno de Tampico,Paro de transportistas y agricultores paraliza carreteras en México | Mapa de bloqueos 2026,Azteca Noticias,2026-04-06T20:25:50Z,2026-04-15 05:29:29
yEOujekyYO0,UgzbG5ba3py2gLmJsIN4AaABAg,@sunyarelychemaramirez9425,Los retenes son de los cobra piso,2026-04-06T22:25:24Z,1,Gobierno de Tampico,Paro de transportistas y agricultores paraliza carreteras en México | Mapa de bloqueos 2026,Azteca Noticias,2026-04-06T20:25:50Z,2026-04-15 05:29:29
yEOujekyYO0,UgwUCVxdZ8B0kPETRN94AaABAg,@juancarlossanchezveana1812,Terrible 😮,2026-04-06T22:20:20Z,0,Gobierno de Tampico,Paro de transportistas y agricultores paraliza carreteras en México | Mapa de bloqueos 2026,Azteca Noticias,2026-04-06T20:25:50Z,2026-04-15 05:29:29
yEOujekyYO0,UgyeIxp0Bpw5eh7Bew94AaABAg,@abelangel9461,No q en todo el pais tvaztecos,2026-04-06T22:07:46Z,1,Gobierno de Tampico,Paro de transportistas y agricultores paraliza carreteras en México | Mapa de bloqueos 2026,Azteca Noticias,2026-04-06T20:25:50Z,2026-04-15 05:29:29
yEOujekyYO0,UgxGvXfduxf0vY7mgXp4AaABAg,@angelicasegura891,"Muy bien, hartos de tanta corrupción",2026-04-06T22:05:09Z,18,Gobierno de Tampico,Paro de transportistas y agricultores paraliza carreteras en México | Mapa de bloqueos 2026,Azteca Noticias,2026-04-06T20:25:50Z,2026-04-15 05:29:29
yEOujekyYO0,UgxtqFKkAyKYRbgGwF94AaABAg,@JoseFuentes-p4q,APOYA TOTAL 💪 🙌  YA ESTUVO TANTO ASALTO CORRUPTOS 😡,2026-04-06T22:04:22Z,17,Gobierno de Tampico,Paro de transportistas y agricultores paraliza carreteras en México | Mapa de bloqueos 2026,Azteca Noticias,2026-04-06T20:25:50Z,2026-04-15 05:29:29
yEOujekyYO0,UgwVzs7XIa7Z4ZsPKd94AaABAg,@vidlugoz4944,Pero la presidenta aseguro que todo estaba bien que no habia ningún problema que hay diálogo que hay acciones. Cómo es posible que la presidenta diga eso.,2026-04-06T21:38:15Z,0,Gobierno de Tampico,Paro de transportistas y agricultores paraliza carreteras en México | Mapa de bloqueos 2026,Azteca Noticias,2026-04-06T20:25:50Z,2026-04-15 05:29:29
yEOujekyYO0,UgzinEQF-CVHBkZLpil4AaABAg,@vidlugoz4944,Que abran su carpeta de investigación.,2026-04-06T21:37:03Z,1,Gobierno de Tampico,Paro de transportistas y agricultores paraliza carreteras en México | Mapa de bloqueos 2026,Azteca Noticias,2026-04-06T20:25:50Z,2026-04-15 05:29:29
yEOujekyYO0,UgzC1kEysauO3fNuPKp4AaABAg,@AngelPerez-s5k6b,Que bueno para que vea Claudia sheimon que en México no está bien porque Claudia sheimon dice que todo está bien solo sabe desir que MÉXICO está bien,2026-04-06T21:29:15Z,1,Gobierno de Tampico,Paro de transportistas y agricultores paraliza carreteras en México | Mapa de bloqueos 2026,Azteca Noticias,2026-04-06T20:25:50Z,2026-04-15 05:29:29
yEOujekyYO0,UgxzG5CzeVUJDYuYl254AaABAg,@SilviaGonzalez-c7x,Justa causa,2026-04-06T21:25:42Z,6,Gobierno de Tampico,Paro de transportistas y agricultores paraliza carreteras en México | Mapa de bloqueos 2026,Azteca Noticias,2026-04-06T20:25:50Z,2026-04-15 05:29:29
yEOujekyYO0,Ugx-St06ghdzoN6ag9x4AaABAg,@ismagumo1711,Y en cambio el gobierno modifica las leyes para favorecer a los delincuentes,2026-04-06T21:22:35Z,11,Gobierno de Tampico,Paro de transportistas y agricultores paraliza carreteras en México | Mapa de bloqueos 2026,Azteca Noticias,2026-04-06T20:25:50Z,2026-04-15 05:29:29
yEOujekyYO0,UgyWNX6g5uE6yttpZU94AaABAg,@wicho8358,MIENTRAS LA NARCOPRECIRVIENTA CIENTÍFICA BIENESTAR BOLIVARIANA CLAUDIA SHIEMBAUN ORDAZ LÓPEZ ROMPIENDO RÉCORDS MUNDIALES EN MASACRES FEMENICIDIOS INFANTICIDIOS PERIODISTAS ASESINADOS FOSAS CLANDESTINAS ASESINATOS SECUESTROS DESAPARICOONES FORZADAS TODOS LOS DÍAS CON TOTAL IMPUNIDAD INSTITUCIONAL MEXICANA LLAMADA ABRAZOS SÍ BALAZOS Y SEMBRANDO MUERTOS INACEPTABLE SU PERMANENCIA,2026-04-06T21:20:50Z,0,Gobierno de Tampico,Paro de transportistas y agricultores paraliza carreteras en México | Mapa de bloqueos 2026,Azteca Noticias,2026-04-06T20:25:50Z,2026-04-15 05:29:29
yEOujekyYO0,UgxG8x1V1Om4g_QnI3J4AaABAg,@anatopete6591,Que paren el pais..me.sumo,2026-04-06T21:15:37Z,10,Gobierno de Tampico,Paro de transportistas y agricultores paraliza carreteras en México | Mapa de bloqueos 2026,Azteca Noticias,2026-04-06T20:25:50Z,2026-04-15 05:29:29
yEOujekyYO0,UgxIj8IudjC0LfMTtGB4AaABAg,@luismartinez-jj8hz,"todo lo que piden esta bien, nomas lo del diésel eso no lo apoyo, si bien esta caro pero no es culpa del gobierno sino por la guerra y lamento decirlo pero EUA y iran ninguno va a ceder y esa guerra va a durar mucho, entonces espérense que suba mas el diésel y la gasolina es insostenible que el gobierno deje de percibir 5mil millones de pesos por semana, simplemente en unas semanas se terminara el subsidio y ahora si la verde a 30 o mas al precio casi a nivel mundial, y lo malo es que no hay mucho que puedan hacer aunque hagan bloqueo y eso subira igual es algo inevitable a menos de que se termine la guerra...",2026-04-06T21:10:25Z,1,Gobierno de Tampico,Paro de transportistas y agricultores paraliza carreteras en México | Mapa de bloqueos 2026,Azteca Noticias,2026-04-06T20:25:50Z,2026-04-15 05:29:29
yEOujekyYO0,UgyFQLkQd47OT5M7DV54AaABAg,@aaronlopez1572,"EL GOBIERNO FEDERAL VIVE DE LA MENTIRA Y EL ENGAÑO, GRACIAS OTROS DATOS",2026-04-06T20:49:47Z,7,Gobierno de Tampico,Paro de transportistas y agricultores paraliza carreteras en México | Mapa de bloqueos 2026,Azteca Noticias,2026-04-06T20:25:50Z,2026-04-15 05:29:29
yEOujekyYO0,Ugx_HuHoIubbNT49plB4AaABAg,@UnCiudadanoInformado,"Que no se quiten hasta que les cumplan, como es posible que tengan que reclamar lo que le corresponde por derecho al gobierno 🤬🤬🤬",2026-04-06T20:47:12Z,14,Gobierno de Tampico,Paro de transportistas y agricultores paraliza carreteras en México | Mapa de bloqueos 2026,Azteca Noticias,2026-04-06T20:25:50Z,2026-04-15 05:29:29
yEOujekyYO0,UgyifrJYqZEWa8gDIvF4AaABAg,@elirios4094,Ya basta que los asesinen…y los agricultores no los asesinen y los extorsionen…. El gobierno solo les da atole con el dedo…,2026-04-06T20:47:07Z,7,Gobierno de Tampico,Paro de transportistas y agricultores paraliza carreteras en México | Mapa de bloqueos 2026,Azteca Noticias,2026-04-06T20:25:50Z,2026-04-15 05:29:29
yEOujekyYO0,UgzeraQ0E1u98_Sz25p4AaABAg,@carmencampos9804,Lo que hay que hacer para que puedan ser escuchado su voz y ésto es en todos los problemas que hay en todo el país,2026-04-06T20:45:25Z,12,Gobierno de Tampico,Paro de transportistas y agricultores paraliza carreteras en México | Mapa de bloqueos 2026,Azteca Noticias,2026-04-06T20:25:50Z,2026-04-15 05:29:29
yEOujekyYO0,UgwiAQ3w01Jw_feB4Rt4AaABAg,@gonzaloarvietti7189,A  Bloquear todo en el mundial<br>A ridiculizar internacionalmente a Narcomorena. Ni un voto a esos narcopoliticos guinda,2026-04-06T20:39:11Z,1,Gobierno de Tampico,Paro de transportistas y agricultores paraliza carreteras en México | Mapa de bloqueos 2026,Azteca Noticias,2026-04-06T20:25:50Z,2026-04-15 05:29:29
CYi7R6kbg5s,UgzISPBvCaYzP1HSvxt4AaABAg,@xavialvarado3610,Y no tiene mas analistas ? Siempre el mismo wey o siempre los mismos vlv,2026-04-15T02:19:55Z,0,Gobierno de Tampico,¿Qué es el Fracking y qué tanto puede beneficiar a México? - Es la Hora de Opinar,NMás,2026-04-10T05:45:00Z,2026-04-15 05:29:29
CYi7R6kbg5s,UgzOV8aayh--d3igNbh4AaABAg,@antoniosuarez3109,Ustedes si que son unos animales si estamos e esa condición es porque con . Peña Nieto se firmó un contrato con USA Ene el cual nos vemos comprometidos  comprar el gas de texas y fue un contrato leonino. Eso no se dice de verdad que ustedes si son miserables.,2026-04-15T00:40:52Z,0,Gobierno de Tampico,¿Qué es el Fracking y qué tanto puede beneficiar a México? - Es la Hora de Opinar,NMás,2026-04-10T05:45:00Z,2026-04-15 05:29:29
CYi7R6kbg5s,UgxEOAsuKX8wLe4q73h4AaABAg,@leonelmereles4825,"Es mejor no quemar Gas para generar electricidad, usar solo Gas para estufas y boiler de las casas. Que se queme el coke para generar electricidad, el ambiente se afecta menos que con el fracking",2026-04-14T17:04:15Z,0,Gobierno de Tampico,¿Qué es el Fracking y qué tanto puede beneficiar a México? - Es la Hora de Opinar,NMás,2026-04-10T05:45:00Z,2026-04-15 05:29:29
CYi7R6kbg5s,UgySBE1h4TJobe3m17B4AaABAg,@fernandoelizalde8952,"la cuenca de otontepec (tamaulipas y veracruz) conocida como la faja de oro, pràcticamente dio el dinero para construir a este paìs",2026-04-14T16:42:46Z,0,Gobierno de Tampico,¿Qué es el Fracking y qué tanto puede beneficiar a México? - Es la Hora de Opinar,NMás,2026-04-10T05:45:00Z,2026-04-15 05:29:29
CYi7R6kbg5s,Ugzb3SpwymBWSuT1aZJ4AaABAg,@lacanastabastapuebla,Excelente entrevista 😊👍,2026-04-14T04:11:45Z,0,Gobierno de Tampico,¿Qué es el Fracking y qué tanto puede beneficiar a México? - Es la Hora de Opinar,NMás,2026-04-10T05:45:00Z,2026-04-15 05:29:29
CYi7R6kbg5s,Ugy1dVVjvdVVzAb8-xh4AaABAg,@lacanastabastapuebla,Ojalá explique la proporción energética entre la molécula de gas contra el precio de la gasolina,2026-04-14T04:08:49Z,0,Gobierno de Tampico,¿Qué es el Fracking y qué tanto puede beneficiar a México? - Es la Hora de Opinar,NMás,2026-04-10T05:45:00Z,2026-04-15 05:29:29
CYi7R6kbg5s,UgzB2S_zuoJDlIsUILp4AaABAg,@victorhiguera3307,"Leo Zuckerman: Le comento que Pemex si tiene un grupo de ingenieros altamente especializados que se dedica a evaluar yacimientos y diseñar pozos en yacimientos no convencionales, Diseñan pozo Piloto y direccional - horizontal que tienen longitudes de unos cuantos km lineales, el problema es la ignorancia de la administración anterior. Todo lo demás que dice Monroy es correcto. El problema en la cuenca Tampico Misantla es la topografía compleja que requiere mucha inversión en acondicionamiento y generación de infraestructura superficial para operar muchas plataformas de perforación a esas profundidades para que la producción en volúmen sea rentable.",2026-04-14T02:29:10Z,1,Gobierno de Tampico,¿Qué es el Fracking y qué tanto puede beneficiar a México? - Es la Hora de Opinar,NMás,2026-04-10T05:45:00Z,2026-04-15 05:29:29
CYi7R6kbg5s,UgzMEtHhaRASSgEvXzh4AaABAg,@sofiasmith6757,Noooooo fraking,2026-04-13T22:52:41Z,0,Gobierno de Tampico,¿Qué es el Fracking y qué tanto puede beneficiar a México? - Es la Hora de Opinar,NMás,2026-04-10T05:45:00Z,2026-04-15 05:29:29
CYi7R6kbg5s,Ugz2_Yrxo8MrmY0nBuF4AaABAg,@sofiasmith6757,Diganme donde tengo que ir a protestar,2026-04-13T22:52:26Z,0,Gobierno de Tampico,¿Qué es el Fracking y qué tanto puede beneficiar a México? - Es la Hora de Opinar,NMás,2026-04-10T05:45:00Z,2026-04-15 05:29:29
CYi7R6kbg5s,UgxtNpPQrZAVKdFOhih4AaABAg,@Lacho-n5x,"Es totalmente inviable. Para tener una producción de un millón de barriles adicionales de petróleo diarios (actualmente PEMEX produce 1.5 millones de barriles diarios) y aumentar en un 25% la producción de gas, con la costosísima técnica del fracking que cuesta en promedio 100 millones de dólares hacer cada pozo y se necesitan hacer 1000 pozos al año para mantener esa producción adicional. O sea, se necesitan 100 mil millones de dólares al año de inversión. Hoy el presupuesto de inversión anual de PEMEX es de 14 mil millones de dólares. JAJAJAJAJAJAJAJAJA.<br>El gobierno no puede pagar eso y los privados estarían muy p3dnejos para invertir sus capitales con la certeza jurídica que les ofrecen los jueces del acordeón.  <br>Es obvio que la tirada de la 4T es inventarse un mero interés con el fracking, como hizo con el Litio, para tener el pretexto de canalizar recursos públicos a las nuevas oficinas de &quot;PEMEX Fracking&quot; y seguir robando dinero público a manos llenas.",2026-04-13T21:47:28Z,0,Gobierno de Tampico,¿Qué es el Fracking y qué tanto puede beneficiar a México? - Es la Hora de Opinar,NMás,2026-04-10T05:45:00Z,2026-04-15 05:29:29
CYi7R6kbg5s,Ugxc-g4TIHWzySs8TPR4AaABAg,@juandiegoalfonzo4414,"En mi más humilde opinión México y ni un país, la soberanía energética es primordial no debe de depender de nadie, las energías &quot;verdes &quot; son insuficientes, ahí está europa que están dando patadas de ahogados por apostarle a eso",2026-04-13T21:24:53Z,0,Gobierno de Tampico,¿Qué es el Fracking y qué tanto puede beneficiar a México? - Es la Hora de Opinar,NMás,2026-04-10T05:45:00Z,2026-04-15 05:29:29
CYi7R6kbg5s,UgziOINi6vnYO31Vmlh4AaABAg,@manuelordonez7331,"Disculpen pero este invitado, agorero del fracaso, toooodos sus pronósticos han sido un fracaso, así que inviten a alguien que tenga criterio",2026-04-13T16:37:45Z,0,Gobierno de Tampico,¿Qué es el Fracking y qué tanto puede beneficiar a México? - Es la Hora de Opinar,NMás,2026-04-10T05:45:00Z,2026-04-15 05:29:29
CYi7R6kbg5s,UgwQ3M8eF5o2EFYRpCF4AaABAg,@melitonzuniga8702,Pues que tanto nos puede veneficiar el saqueo de recursos naturales por black rock???,2026-04-13T13:24:06Z,0,Gobierno de Tampico,¿Qué es el Fracking y qué tanto puede beneficiar a México? - Es la Hora de Opinar,NMás,2026-04-10T05:45:00Z,2026-04-15 05:29:29
CYi7R6kbg5s,UgzzgX4O24uhSeR8Kz94AaABAg,@hugosarabia844,Estos tipos.. opinan y opinan.<br>Y no aportan nada a el país.<br>No sirven de nada,2026-04-13T01:11:43Z,0,Gobierno de Tampico,¿Qué es el Fracking y qué tanto puede beneficiar a México? - Es la Hora de Opinar,NMás,2026-04-10T05:45:00Z,2026-04-15 05:29:29
CYi7R6kbg5s,Ugx4GWI31kpJi10TFfh4AaABAg,@MiguelSeguracabrera,NNOOO AL. FRACKING....EN.MEXICO ....<br>EN.  EUROPA.  PROHIBIDO...MORENA. CAMBIO  DE. OPINION ........EN. VERACRUZ  NI SE METAN.  .....YA. ESTAMOS. HARTOZ. DE TANTAS ..MENTIRAS   POLITICAS....<br><br><br>.,2026-04-13T00:39:35Z,1,Gobierno de Tampico,¿Qué es el Fracking y qué tanto puede beneficiar a México? - Es la Hora de Opinar,NMás,2026-04-10T05:45:00Z,2026-04-15 05:29:29
CYi7R6kbg5s,UgydXV4s8Z-GcIpKzq54AaABAg,@ISMAELGALVAN99999999,Los expertos 😂,2026-04-12T17:29:02Z,0,Gobierno de Tampico,¿Qué es el Fracking y qué tanto puede beneficiar a México? - Es la Hora de Opinar,NMás,2026-04-10T05:45:00Z,2026-04-15 05:29:29
CYi7R6kbg5s,UgzMte5a24L3tpzc8AV4AaABAg,@sergioolan6834,Este priandejo “experto”…..jajaja,2026-04-11T22:47:18Z,0,Gobierno de Tampico,¿Qué es el Fracking y qué tanto puede beneficiar a México? - Es la Hora de Opinar,NMás,2026-04-10T05:45:00Z,2026-04-15 05:29:29
CYi7R6kbg5s,UgzFnvo9lvujFa1CvE94AaABAg,@efrencortes2258,Tlaranas son las que tiene el Leo 😂😂,2026-04-11T20:24:30Z,0,Gobierno de Tampico,¿Qué es el Fracking y qué tanto puede beneficiar a México? - Es la Hora de Opinar,NMás,2026-04-10T05:45:00Z,2026-04-15 05:29:29
CYi7R6kbg5s,UgwHzVTMbyvWdmYXknx4AaABAg,@rubenmacias261,Huachi gas. Por qué no piensas!!!,2026-04-11T17:05:24Z,0,Gobierno de Tampico,¿Qué es el Fracking y qué tanto puede beneficiar a México? - Es la Hora de Opinar,NMás,2026-04-10T05:45:00Z,2026-04-15 05:29:29
CYi7R6kbg5s,Ugy2PCrfZ6zUAewQH114AaABAg,@giustinianoporcu830,"Si Pemex no tiene capacidad tecnológicas ni recursos intelectuales para manejar el fracking y el pensamiento más importante de la presidente es la soberanía en general y la energética, en lo particular...la única opción es seguir importando, hasta que Trump cierre la llave.",2026-04-11T14:19:14Z,0,Gobierno de Tampico,¿Qué es el Fracking y qué tanto puede beneficiar a México? - Es la Hora de Opinar,NMás,2026-04-10T05:45:00Z,2026-04-15 05:29:29
CYi7R6kbg5s,UgxJRoPk-a0yrS33CjN4AaABAg,@alfredomendez3841,“Cada pozo vale $100M” totalmente equivocado.,2026-04-11T12:10:10Z,1,Gobierno de Tampico,¿Qué es el Fracking y qué tanto puede beneficiar a México? - Es la Hora de Opinar,NMás,2026-04-10T05:45:00Z,2026-04-15 05:29:29
CYi7R6kbg5s,UgzN2mDgIL1LqZtGaHt4AaABAg,@MikelCG91,"Pero si ya somos autosostenibles en combustibles con tantas refinerías, por eso está en diez pesos la gasolina. <br>Con morena ya me alcanza para todo y me sobra dinero, no se en que gastármelo, gracias morena.",2026-04-11T04:54:57Z,0,Gobierno de Tampico,¿Qué es el Fracking y qué tanto puede beneficiar a México? - Es la Hora de Opinar,NMás,2026-04-10T05:45:00Z,2026-04-15 05:29:29
CYi7R6kbg5s,Ugz-cOCRYkoTjkuCVvp4AaABAg,@DanteZep,"Que lleven a especialistas, no a voceros patrocinados por algunas empresas.",2026-04-11T04:45:53Z,0,Gobierno de Tampico,¿Qué es el Fracking y qué tanto puede beneficiar a México? - Es la Hora de Opinar,NMás,2026-04-10T05:45:00Z,2026-04-15 05:29:29
CYi7R6kbg5s,Ugw5hNz7PcXfcEuKEtR4AaABAg,@TheEnriqueking,"Jalife tenia razon la comunista claudia aspira al capitalismo personal <br>mediante la venta de los mantos acuiferos nacionales para ser rotos y destruidos <br>mediante el fracking !",2026-04-11T03:50:45Z,0,Gobierno de Tampico,¿Qué es el Fracking y qué tanto puede beneficiar a México? - Es la Hora de Opinar,NMás,2026-04-10T05:45:00Z,2026-04-15 05:29:29
CYi7R6kbg5s,Ugy6EufgRZUMDwVNo4x4AaABAg,@samwi-fifi1120,PNCHE VIEJILLA CHIFLAUDIA SHITBAUM PARDILLA ARRUGOTAS LOMBRIZ DEL VGT-OGT G4NSOLOC0 HDTSRPTRRIMAMA RATOTA CHAVARRUCA DE MIERD GUACHICOLERA DE CUBA,2026-04-11T02:40:23Z,1,Gobierno de Tampico,¿Qué es el Fracking y qué tanto puede beneficiar a México? - Es la Hora de Opinar,NMás,2026-04-10T05:45:00Z,2026-04-15 05:29:29
CYi7R6kbg5s,Ugz5uzNQJaa4K17mbt54AaABAg,@saraaltamirano600,"Nel va salir mal 💔😢, la prisas y la necesidad no son buenos asesores.😅",2026-04-11T02:32:17Z,0,Gobierno de Tampico,¿Qué es el Fracking y qué tanto puede beneficiar a México? - Es la Hora de Opinar,NMás,2026-04-10T05:45:00Z,2026-04-15 05:29:29
CYi7R6kbg5s,UgxcusS1yxvhae3lP6B4AaABAg,@MarcoAntonioPeralta-c6l,"EL PELIGRO: LA CONTAMINACIÓN DE LOS MANTOS FREÁTICOS... EN ESPECIAL EN ESA ZONA, QUE ES SEMIDESÉRTICA... NO HAY MUCHA AGUA ...",2026-04-11T02:21:51Z,0,Gobierno de Tampico,¿Qué es el Fracking y qué tanto puede beneficiar a México? - Es la Hora de Opinar,NMás,2026-04-10T05:45:00Z,2026-04-15 05:29:29
CYi7R6kbg5s,UgzkCwneeoxHPQcJGEt4AaABAg,@moisespacheco7295,"En resumen que CHSPM AMLO la claudia y todo morena, la 4t son unos pende..... Jos",2026-04-11T01:55:27Z,0,Gobierno de Tampico,¿Qué es el Fracking y qué tanto puede beneficiar a México? - Es la Hora de Opinar,NMás,2026-04-10T05:45:00Z,2026-04-15 05:29:29
CYi7R6kbg5s,UgyT34QAr-j6HG-c9uR4AaABAg,@jonatanfcofloreshdez2031,Es la muerte al suelo y al agua,2026-04-11T01:53:02Z,0,Gobierno de Tampico,¿Qué es el Fracking y qué tanto puede beneficiar a México? - Es la Hora de Opinar,NMás,2026-04-10T05:45:00Z,2026-04-15 05:29:29
CYi7R6kbg5s,UgwZ6Wbx4RAC6r2OkYd4AaABAg,@miguelangeltrevinogarcia6866,Pero con estos trabajadores de pemex y nuestros dirigentes va a estar como 2 bocas muy mal y muy cara y con las fiscalias y jueces peor,2026-04-11T01:52:47Z,0,Gobierno de Tampico,¿Qué es el Fracking y qué tanto puede beneficiar a México? - Es la Hora de Opinar,NMás,2026-04-10T05:45:00Z,2026-04-15 05:29:29
CYi7R6kbg5s,UgwB8ptSX8RR5MkS6_14AaABAg,@traficor5948,Ya te conocemos Sucker. No vales queso.,2026-04-11T01:15:27Z,0,Gobierno de Tampico,¿Qué es el Fracking y qué tanto puede beneficiar a México? - Es la Hora de Opinar,NMás,2026-04-10T05:45:00Z,2026-04-15 05:29:29
CYi7R6kbg5s,UgzownERuXWk0hZbEtp4AaABAg,@traficor5948,"Cualquier mono que lleves aunque le paguen para hablar mal , no me interesa. Claudia sabe mucho más.",2026-04-11T01:14:30Z,0,Gobierno de Tampico,¿Qué es el Fracking y qué tanto puede beneficiar a México? - Es la Hora de Opinar,NMás,2026-04-10T05:45:00Z,2026-04-15 05:29:29
CYi7R6kbg5s,UgyNPPioTl1rcotZ6oV4AaABAg,@JorgeGuerrero-w3e,"Depender de estados unidos energética mente es un suicidio, estados unidos no tiene amigos, tiene intereses viva México cabrones 🇲🇽🇲🇽🇲🇽🇲🇽👍😎",2026-04-11T00:52:04Z,0,Gobierno de Tampico,¿Qué es el Fracking y qué tanto puede beneficiar a México? - Es la Hora de Opinar,NMás,2026-04-10T05:45:00Z,2026-04-15 05:29:29
CYi7R6kbg5s,UgyyK4LJhe09ZW4oN2Z4AaABAg,@CesarLeonQuintero-rn2jx,"Lo que no dicen, es que la explotación del fracking dura muy poco, alrededor de 5 a 7 años, y ese es el problema que estamos viviendo hoy con las guerras que trae USA . El agotamiento apresurado de esta manera de explotar. La clave es que está forma de explotar es carísima.",2026-04-10T23:11:47Z,1,Gobierno de Tampico,¿Qué es el Fracking y qué tanto puede beneficiar a México? - Es la Hora de Opinar,NMás,2026-04-10T05:45:00Z,2026-04-15 05:29:29
CYi7R6kbg5s,UgzmnHdJyDj19_lWiV94AaABAg,@rauloc33,No estoy de acuerdo,2026-04-10T22:14:51Z,1,Gobierno de Tampico,¿Qué es el Fracking y qué tanto puede beneficiar a México? - Es la Hora de Opinar,NMás,2026-04-10T05:45:00Z,2026-04-15 05:29:29
CYi7R6kbg5s,UgxwuxcamnceZjvO75V4AaABAg,@AdolfoLópez-m3s1k,Claro qué es un peligro pará México si lo implementa este disque gobierno de 4ta. 😂😂😂😂😂😂,2026-04-10T21:49:14Z,1,Gobierno de Tampico,¿Qué es el Fracking y qué tanto puede beneficiar a México? - Es la Hora de Opinar,NMás,2026-04-10T05:45:00Z,2026-04-15 05:29:29
CYi7R6kbg5s,Ugx2z4cGHi4H9sXoUhZ4AaABAg,@miguelalcocer899,"Así debería tener expertos el gobierno, no a los bajacierres de siempre, ponen a gente que NO SABE nada del tema energético con el pretexto que “le tenemos mucha confianza”,, 🤨<br>Yo también le tengo mucha confianza a mi perro pero no lo pongo a cocinar, saben por qué? <br>PORQUE NO PUEDE HACERLO! <br>Se requiere gente preparada en los puestos de importancia, no alguien que sea “leal al 100%”.<br>Ya basta de tirar el dinero de los ciudadanos.",2026-04-10T21:30:06Z,5,Gobierno de Tampico,¿Qué es el Fracking y qué tanto puede beneficiar a México? - Es la Hora de Opinar,NMás,2026-04-10T05:45:00Z,2026-04-15 05:29:29
CYi7R6kbg5s,Ugz3YQea8t4WiOTtQQp4AaABAg,@CarlosMoreno-ct9tu,Si el barril de Petróleo por fracking no está a 70 dólares se pierde dinero. Ahorita sería muy rentable pero terminando la guerra esos pozos pueden volverse una pérdida de dinero.,2026-04-10T21:24:55Z,0,Gobierno de Tampico,¿Qué es el Fracking y qué tanto puede beneficiar a México? - Es la Hora de Opinar,NMás,2026-04-10T05:45:00Z,2026-04-15 05:29:29
CYi7R6kbg5s,Ugyn-iFPiJt-FLYvkVB4AaABAg,@moisesdejesusochoaberumen2422,Si al fracking.,2026-04-10T21:22:58Z,1,Gobierno de Tampico,¿Qué es el Fracking y qué tanto puede beneficiar a México? - Es la Hora de Opinar,NMás,2026-04-10T05:45:00Z,2026-04-15 05:29:29
CYi7R6kbg5s,Ugzd5CSqkl9auO-U30p4AaABAg,@sergiovaldez9864,Lamentable constante en este canal. Segun ellos México (PEMEX) no puede. Solo las empresas gringas pueden!  Que sorpresa!,2026-04-10T20:58:44Z,0,Gobierno de Tampico,¿Qué es el Fracking y qué tanto puede beneficiar a México? - Es la Hora de Opinar,NMás,2026-04-10T05:45:00Z,2026-04-15 05:29:29
CYi7R6kbg5s,UgyTokIbmU3OdSMZs8Z4AaABAg,@albertoarellano998,"Ahora si estan de acuerdo la derecha con la presidente...siiiiii, hay dinerooo; eso les pone contentos a los oligarcas....ummmm negocio a al vista....se ven felices",2026-04-10T20:46:43Z,1,Gobierno de Tampico,¿Qué es el Fracking y qué tanto puede beneficiar a México? - Es la Hora de Opinar,NMás,2026-04-10T05:45:00Z,2026-04-15 05:29:29
CYi7R6kbg5s,UgzfZcVP0a3KASQxbJR4AaABAg,@enRueDogs,"pues yo no le creo nada al programa de este pinche blanquito fresa que es capaz de entregar su culo a favor de los gringos, ya muchas veces lo desmienten",2026-04-10T20:37:09Z,1,Gobierno de Tampico,¿Qué es el Fracking y qué tanto puede beneficiar a México? - Es la Hora de Opinar,NMás,2026-04-10T05:45:00Z,2026-04-15 05:29:29
CYi7R6kbg5s,UgwfpgcQxg18icXelvx4AaABAg,@juanfranciscoacosta5137,dejalo ablar sin interrumpir pinche Leo Zuckermann  te quieres hacer experto cuando no lo eres,2026-04-10T20:28:00Z,0,Gobierno de Tampico,¿Qué es el Fracking y qué tanto puede beneficiar a México? - Es la Hora de Opinar,NMás,2026-04-10T05:45:00Z,2026-04-15 05:29:29
CYi7R6kbg5s,UgwVuIL5AtgzP9ZYhlR4AaABAg,@vicenteelizondo8955,"Este Sr. Leo ya está compradito por la 4T, no es posible hacer fracking es mucho Dinero que  no tienen",2026-04-10T20:27:41Z,1,Gobierno de Tampico,¿Qué es el Fracking y qué tanto puede beneficiar a México? - Es la Hora de Opinar,NMás,2026-04-10T05:45:00Z,2026-04-15 05:29:29
CYi7R6kbg5s,UgwbYEJav1UFEEWrpzt4AaABAg,@radarfinter6783,Revocación de mandato y Claudia a casa. Nada que ver con Amlo y su 4T. 🇲🇽,2026-04-10T20:05:59Z,1,Gobierno de Tampico,¿Qué es el Fracking y qué tanto puede beneficiar a México? - Es la Hora de Opinar,NMás,2026-04-10T05:45:00Z,2026-04-15 05:29:29
CYi7R6kbg5s,UgwOgtaJb9dmSabN2Dp4AaABAg,@radarfinter6783,Las telarañas mentales de los neoliberales están bien fijadas.  Aquí dos neoliberales festejando el resbalón evidente de la Presidenta. Extraño que el fracking sea aceptado por una Claudia ambientalista.  Los neoliberales corruptos vendepatrias se frotan las manos. Amlo en donde estas ?,2026-04-10T19:57:56Z,2,Gobierno de Tampico,¿Qué es el Fracking y qué tanto puede beneficiar a México? - Es la Hora de Opinar,NMás,2026-04-10T05:45:00Z,2026-04-15 05:29:29
CYi7R6kbg5s,UgzQ0Uc5acMwCJcbmUl4AaABAg,@TEXRANCHERO,"y ese Juan Diego porque anda de traje, si todavía no es 12 de diciembre 😆",2026-04-10T19:21:36Z,1,Gobierno de Tampico,¿Qué es el Fracking y qué tanto puede beneficiar a México? - Es la Hora de Opinar,NMás,2026-04-10T05:45:00Z,2026-04-15 05:29:29
CYi7R6kbg5s,Ugwj5rzTWZRjZBWZyuV4AaABAg,@alejandrorodriguuez1350,¿Y el IMP? Que según es el brazo tecnológico de Pemex para asesorarlo en el fracking,2026-04-10T19:21:16Z,3,Gobierno de Tampico,¿Qué es el Fracking y qué tanto puede beneficiar a México? - Es la Hora de Opinar,NMás,2026-04-10T05:45:00Z,2026-04-15 05:29:29
CYi7R6kbg5s,UgzlwoWni4djNpmKuDt4AaABAg,@opentv5647,en su momento se dijo lo mismo del petroleo y resulto que los privados se fueron a extraer a aguas someras es decir nunca se fueron a lo profundo segundo la tegnologia tambien se compra tercero tambien se pueden hacer contratos publico privados cuarto para nuestra mala fortuna este tipo de extraccion dura poco al rededor de 5 años y un pozo normal dura 15 años en usa el problema es que se estan acabando su petroleo exportan 13 millones de barriles diarios pero en poco tiempo se va caer la exportacion si no habren mas pozos en alaska donde hay petrolleo pero son reservas protegidas ambientales es decir el invadir venezuela no fue mas que estrategia energetica en cuanto usa baje produccion el precio del gas se va a disparar el doble o triple es por eso que necesitamos tener produccion propia claro evitar volver a darles permiso a privados que entren en sectores que ya domina pemex como aguas someras que todavia nos falta explotar,2026-04-10T19:03:52Z,1,Gobierno de Tampico,¿Qué es el Fracking y qué tanto puede beneficiar a México? - Es la Hora de Opinar,NMás,2026-04-10T05:45:00Z,2026-04-15 05:29:29
CYi7R6kbg5s,UgzMWTia7Ip129cxHQN4AaABAg,@lleyko,"Se ve que este wey no es analítico, todo es con visión a futuro.no.quieras hacerlo que funcione de chingazo. La verdad entre más viejos más pendejos no mamen. Claro que esto del fraking no es para que ya seamos independientes mañana. Gente tan pendeja . Y los BTU es unidad energia no es de gas, como se mide el gas es en litros o galones si es sistema inglés. O metros cúbicos ya a nivel industrial.",2026-04-10T18:41:23Z,0,Gobierno de Tampico,¿Qué es el Fracking y qué tanto puede beneficiar a México? - Es la Hora de Opinar,NMás,2026-04-10T05:45:00Z,2026-04-15 05:29:29
CYi7R6kbg5s,Ugw-XiJibfkvwYxe-bJ4AaABAg,@joseOlguinDelgado,"Es el tiempo del fraking, ahora todos seran expertos en este tema y daran opiniones descabelladas",2026-04-10T18:25:01Z,9,Gobierno de Tampico,¿Qué es el Fracking y qué tanto puede beneficiar a México? - Es la Hora de Opinar,NMás,2026-04-10T05:45:00Z,2026-04-15 05:29:29
CYi7R6kbg5s,UgwJfxZuMCEerslJ1XZ4AaABAg,@abelardolopez1246,De que sirve fuentes nuevas de energia  si solo  es para que  los politicos  saquen al pais  y de paso regalar  a otros  paises como cuba,2026-04-10T18:15:52Z,4,Gobierno de Tampico,¿Qué es el Fracking y qué tanto puede beneficiar a México? - Es la Hora de Opinar,NMás,2026-04-10T05:45:00Z,2026-04-15 05:29:29
CYi7R6kbg5s,UgyFtlwkXfQVaSnGSbp4AaABAg,@dabep.8588,El Fracking es altamente contaminante utiliza químicos y mucha agua lo que vuelve inavitable la zona donde se practica,2026-04-10T18:10:41Z,3,Gobierno de Tampico,¿Qué es el Fracking y qué tanto puede beneficiar a México? - Es la Hora de Opinar,NMás,2026-04-10T05:45:00Z,2026-04-15 05:29:29
CYi7R6kbg5s,Ugxb5kFjzQFarc8GQKJ4AaABAg,@rebirthmaze,"No mames dejalo hablar cabrón, parece que nada más quería demostrar que tu sabes del tema",2026-04-10T18:05:57Z,0,Gobierno de Tampico,¿Qué es el Fracking y qué tanto puede beneficiar a México? - Es la Hora de Opinar,NMás,2026-04-10T05:45:00Z,2026-04-15 05:29:29
CYi7R6kbg5s,UgzVIdLjzV8rPYPNB454AaABAg,@leonardodejesusduartesolis8833,No bueno! De plano no hay chile que les embone!  Están como la Gata Flora!!!,2026-04-10T18:03:24Z,0,Gobierno de Tampico,¿Qué es el Fracking y qué tanto puede beneficiar a México? - Es la Hora de Opinar,NMás,2026-04-10T05:45:00Z,2026-04-15 05:29:29
CYi7R6kbg5s,UgzsUk3z_oYwoU_a7Qx4AaABAg,@OctavioEspinosa-p8q9z,"Claudia, Harfuch y los demás son miembros del Mossad (agencia de inteligencia que usa Israel para controlar a los países).  Vaya tomada de pelo nos dieron a los que apoyamos la 4T.",2026-04-10T17:44:24Z,5,Gobierno de Tampico,¿Qué es el Fracking y qué tanto puede beneficiar a México? - Es la Hora de Opinar,NMás,2026-04-10T05:45:00Z,2026-04-15 05:29:29
CYi7R6kbg5s,Ugw5P9kNjv_xYKmuq3J4AaABAg,@CarlosGalvan-sj1zk,"No se preocupen fachos afeminados fifis,,,,ya no nos gobierna un loco marihuano o un borracho asesino,,,o un atarantado peña,,,, ahora sí tenemos gobernantes de primera y onestos",2026-04-10T17:35:34Z,0,Gobierno de Tampico,¿Qué es el Fracking y qué tanto puede beneficiar a México? - Es la Hora de Opinar,NMás,2026-04-10T05:45:00Z,2026-04-15 05:29:29
CYi7R6kbg5s,Ugwf_CUPzFULEKo83894AaABAg,@DaniVid,"Ni Pemex ni la 4T tienen el dinero ni la tecnología. Necesitan de los privados forzosamente y las empresas van a imponer sus condiciones para invertir, esa es la realidad",2026-04-10T17:32:26Z,2,Gobierno de Tampico,¿Qué es el Fracking y qué tanto puede beneficiar a México? - Es la Hora de Opinar,NMás,2026-04-10T05:45:00Z,2026-04-15 05:29:29
CYi7R6kbg5s,UgzvoBcO8257tA8PqOh4AaABAg,@TheFunckerboy,"Este hombre no habla del resto de los  riesgos potenciales, no se trata solo de la diferencia en profundidad, pues si el tubo revestido de acero o cemento se fractura a 50, 100 o 200 metros de profundidad aun así contaminaría.",2026-04-10T17:26:49Z,1,Gobierno de Tampico,¿Qué es el Fracking y qué tanto puede beneficiar a México? - Es la Hora de Opinar,NMás,2026-04-10T05:45:00Z,2026-04-15 05:29:29
CYi7R6kbg5s,UgzVSb1WemNue55g75N4AaABAg,@franciscoe.ruzbolio991,"La 4a. Tarugada siempre diagnostica de manera sublime, y como dice nuestro invitado &quot;escucha&quot; (cuando le conviene solamente). Sin embargo, en todo aplica la ley del embudo: &quot;lo ancho para mí y para tí lo agudo&quot;... Están BP.",2026-04-10T17:22:53Z,1,Gobierno de Tampico,¿Qué es el Fracking y qué tanto puede beneficiar a México? - Es la Hora de Opinar,NMás,2026-04-10T05:45:00Z,2026-04-15 05:29:29
CYi7R6kbg5s,UgxnyhZOYbRq4CPoOAR4AaABAg,@francellcdmx2437,"Y la energía verde decian los chayoteros y ricardo anaya,mismo ricardo anaya dijo que el petrolo no servia😢La ingeniera patito tambien bomitaba eso ya no eta viable sacar gas ni petróleo",2026-04-10T17:13:19Z,0,Gobierno de Tampico,¿Qué es el Fracking y qué tanto puede beneficiar a México? - Es la Hora de Opinar,NMás,2026-04-10T05:45:00Z,2026-04-15 05:29:29
CYi7R6kbg5s,UgxqRpjAQw_nl4dcNPh4AaABAg,@josedrs4459,Leo eres un ignorante no sabes ni lo que vas entrevistar tu ideología solo es darle al gobierno por lo que sea,2026-04-10T16:50:34Z,1,Gobierno de Tampico,¿Qué es el Fracking y qué tanto puede beneficiar a México? - Es la Hora de Opinar,NMás,2026-04-10T05:45:00Z,2026-04-15 05:29:29
CYi7R6kbg5s,UgxdvO9jR3GMr3mffP54AaABAg,@jplopezcalva,"El experto Monroy comete un montón de errores. Pero bueno, Leo Zuckerman lo tiene comprado. Hay mejores expertos en el tema.",2026-04-10T16:50:02Z,1,Gobierno de Tampico,¿Qué es el Fracking y qué tanto puede beneficiar a México? - Es la Hora de Opinar,NMás,2026-04-10T05:45:00Z,2026-04-15 05:29:29
CYi7R6kbg5s,UgwTsU1VJ-bPtxI032d4AaABAg,@fernandosoto5824,"Es muy facil hablar de fracking cuando no vives cerca del lugar de extraccion, la tecnologia ha avanzado  es cierto pero al dia de hoy a pesar de todo no existe forma de que te aseguren que va a haber cero impacto ambiental y cero contaminacion de los mantos freaticos, diganle a estos tipos entonces que se pongan a tomar el agua de Tamaulipas, Veracruz y Nuevo Leon a ver si se atreven., diganle a los ejidatarios y ganaderos que esto no va a afectar sus siembras o granjas, diganle a la poblacion que el agua que van a beber no tiene hidrocarburos, metales o quimicos que son necesairios para el proceso del fracking  y por ende sus salud no va a ser afectada, aseguren eso... no pueden .. es un tema complicado entiendo el beneficio a nivel pais pero si esto es a cambio de una afectacion directa a mi vida, a mi salud, yo no aceptaria ni apoyaria una iniciativa asi.",2026-04-10T15:49:15Z,5,Gobierno de Tampico,¿Qué es el Fracking y qué tanto puede beneficiar a México? - Es la Hora de Opinar,NMás,2026-04-10T05:45:00Z,2026-04-15 05:29:29
CYi7R6kbg5s,UgyeHaafovRZ2n1_MPh4AaABAg,@Piensamalyacertaras,Los Neoliberales tenían Razón!?😮😮😮.,2026-04-10T15:42:52Z,4,Gobierno de Tampico,¿Qué es el Fracking y qué tanto puede beneficiar a México? - Es la Hora de Opinar,NMás,2026-04-10T05:45:00Z,2026-04-15 05:29:29
CYi7R6kbg5s,Ugz9AIBYCzDbxiq7gO94AaABAg,@ramonespinozacruz4815,"Es un negociazo, para quien??? Ahí está el detalle",2026-04-10T15:15:17Z,3,Gobierno de Tampico,¿Qué es el Fracking y qué tanto puede beneficiar a México? - Es la Hora de Opinar,NMás,2026-04-10T05:45:00Z,2026-04-15 05:29:29
CYi7R6kbg5s,UgyE3OugQRhHJR3UV1l4AaABAg,@heman7993,Entrevisten geologos y geofisicos,2026-04-10T15:14:24Z,36,Gobierno de Tampico,¿Qué es el Fracking y qué tanto puede beneficiar a México? - Es la Hora de Opinar,NMás,2026-04-10T05:45:00Z,2026-04-15 05:29:29
CYi7R6kbg5s,UgxMaKoN1251AqodtEB4AaABAg,@ramonespinozacruz4815,Se fractura desde los sesentas en la Cuenca de Burgos y de los ochentas en Chicontepec . Ese fue fracturamiento hidráulico convencional,2026-04-10T15:08:19Z,5,Gobierno de Tampico,¿Qué es el Fracking y qué tanto puede beneficiar a México? - Es la Hora de Opinar,NMás,2026-04-10T05:45:00Z,2026-04-15 05:29:29
CYi7R6kbg5s,Ugxb5bVZKHTQG6fjUi14AaABAg,@ricardocid7280,"Es curioso que esté &quot;experto&quot; diga  hoy con razón lo peligroso que Donald trump nos cierre la llave del gas, pero hace semanas decía que debíamos cerrar nuestras refinerías y comprar todo a los gringos",2026-04-10T14:47:19Z,0,Gobierno de Tampico,¿Qué es el Fracking y qué tanto puede beneficiar a México? - Es la Hora de Opinar,NMás,2026-04-10T05:45:00Z,2026-04-15 05:29:29
CYi7R6kbg5s,UgwlOv12CMYoXX3IbQ14AaABAg,@rminmil8927,Es que ya hay participación de los privados junto a PEMEX....  Pero no es como antes lo que eran las APPs.<br><br>O sea... puedes participar pero con ganancias justas no como los contratos leoninos de antes..<br><br>No confundan a ña gente.<br><br>Además la Presidenta ya dijo que sería con PEMEX y privados pero con las reglas de PEMEX.<br><br>Aqui la discusión es buscar las tecnicas que hagan menos daño al medio ambiente,2026-04-10T14:28:31Z,0,Gobierno de Tampico,¿Qué es el Fracking y qué tanto puede beneficiar a México? - Es la Hora de Opinar,NMás,2026-04-10T05:45:00Z,2026-04-15 05:29:29
CYi7R6kbg5s,Ugyuu1wfusvrvmI1qYx4AaABAg,@gonzorody6434,"Órale… Leo ya se puso el uniforme de la 4T; si el fracking en manos de expertos es cuestionable ahora imagínalo en manos de la 4T, usando materiales de pésima calidad y personal sin preparación, será un desastre y quien paga los platos rotos es el ciudadano que paga impuestos.",2026-04-10T14:08:37Z,1,Gobierno de Tampico,¿Qué es el Fracking y qué tanto puede beneficiar a México? - Es la Hora de Opinar,NMás,2026-04-10T05:45:00Z,2026-04-15 05:29:29
CYi7R6kbg5s,Ugy_HwFQcCHt2KcaQ154AaABAg,@MELQUIADESVIZCAYA,"Como extrañan al prian,antes estábamos en el paraíso.",2026-04-10T14:00:44Z,0,Gobierno de Tampico,¿Qué es el Fracking y qué tanto puede beneficiar a México? - Es la Hora de Opinar,NMás,2026-04-10T05:45:00Z,2026-04-15 05:29:29
CYi7R6kbg5s,Ugw3Yd6oPsRKEMy_KqR4AaABAg,@ricardonorie586,Con la soberanía energética de la 4T pasamos a depender del gas de EEUU de un 60%  a un 75%. Cada día peor!! Por eso el gobierno quiere extraer gas de cualquier manera.,2026-04-10T13:33:57Z,1,Gobierno de Tampico,¿Qué es el Fracking y qué tanto puede beneficiar a México? - Es la Hora de Opinar,NMás,2026-04-10T05:45:00Z,2026-04-15 05:29:29
CYi7R6kbg5s,UgxIfcxRjqnAkbKdTuN4AaABAg,@AlejandroRamirezGarcia-uj1hu,"Pero el Peje decía que era como &quot;sacar&quot; agua, &quot; se hace un hoyo y ya... &quot;.<br>Lo que es la ignorancia, hace decir puras pendejadas, 🤷🏻‍♂️",2026-04-10T13:31:20Z,3,Gobierno de Tampico,¿Qué es el Fracking y qué tanto puede beneficiar a México? - Es la Hora de Opinar,NMás,2026-04-10T05:45:00Z,2026-04-15 05:29:29
CYi7R6kbg5s,UgzurtQOKaklBDCriyN4AaABAg,@vladimirjimenez6794,"Que ignorancia de tu especialista, debes buscar un especialista en estos asuntos!!",2026-04-10T13:31:04Z,4,Gobierno de Tampico,¿Qué es el Fracking y qué tanto puede beneficiar a México? - Es la Hora de Opinar,NMás,2026-04-10T05:45:00Z,2026-04-15 05:29:29
CYi7R6kbg5s,UgwakylxUTW99RJIVPJ4AaABAg,@EfrainM-y2e,El gas de burgos lo ocupará las empresas gringas a México le quedará la contaminación y los enfermos que pagaremos el pueblo.,2026-04-10T13:26:29Z,4,Gobierno de Tampico,¿Qué es el Fracking y qué tanto puede beneficiar a México? - Es la Hora de Opinar,NMás,2026-04-10T05:45:00Z,2026-04-15 05:29:29
CYi7R6kbg5s,Ugxu0G384Vho-gDIwMZ4AaABAg,@EfrainM-y2e,El desastre si nos cortan el gas es para EU quienes fueron los retrasados que apoyaron producir luz con gas y dejar las hidroeléctricas.,2026-04-10T13:24:32Z,0,Gobierno de Tampico,¿Qué es el Fracking y qué tanto puede beneficiar a México? - Es la Hora de Opinar,NMás,2026-04-10T05:45:00Z,2026-04-15 05:29:29
CYi7R6kbg5s,Ugzhs6rhKvbgkX9ztbF4AaABAg,@Luzeres_Luzeres,"Monroy niega que el gobierno produzca en 2 bocas lo de procesar 300 mil barriles de PETROLEO. <br>Miente como todo aquel que niegan problemas con el fracking: El agua de fracking NO SE PUEDE reciclar!!!!!<br>El agua solo se puede usar para hacer otros fracking. Es intratable!!!! Y el riesgo para contaminar mantos freáticos es terrible<br>Y recordar que dijo que ERA IMPOSIBLE que Dos bocas se terminará en el sexenio de AMLO. Se terminó, independientemente de que la puesta en operación tardo dos años más",2026-04-10T13:14:13Z,5,Gobierno de Tampico,¿Qué es el Fracking y qué tanto puede beneficiar a México? - Es la Hora de Opinar,NMás,2026-04-10T05:45:00Z,2026-04-15 05:29:29
CYi7R6kbg5s,UgyM1KZA-RNagg7Zdal4AaABAg,@alfredomendez3841,"Fracturamiento Hidráulico “Fracking” puede generar bastante empleo para Mexicanos. Hoy en día, se puede usar agua de producción (no es necesario agua potable), con arena/apuntalante y 2-3 químicos. 💯 pro Frac en Mexico.",2026-04-10T13:12:18Z,0,Gobierno de Tampico,¿Qué es el Fracking y qué tanto puede beneficiar a México? - Es la Hora de Opinar,NMás,2026-04-10T05:45:00Z,2026-04-15 05:29:29
CYi7R6kbg5s,Ugx5llxPRS2Q5zo_lVZ4AaABAg,@fernangdecastillap5309,Es imposible que Mexico avance como sociedad mientras no resuelva el tema energético.,2026-04-10T13:00:42Z,3,Gobierno de Tampico,¿Qué es el Fracking y qué tanto puede beneficiar a México? - Es la Hora de Opinar,NMás,2026-04-10T05:45:00Z,2026-04-15 05:29:29
CYi7R6kbg5s,UgxNfqAmb7iEyVDjUsx4AaABAg,@ronnyhaven7277,"El FRACKING en este Pais es un &quot;SUEÑO GUAJIRO&quot;,,,, NO EXISTEN LAS CONDICIONES, NO HAY RECURSOS,  PEMEX es un &quot;ZOMBIE&quot; FINANCIERO, los RESULTADOS es a largo plazo mínimo 15AÑOS,,,, además que CAPITAL PRIVADO va arriesgar su DINERO 💰 en donde NO EXISTE CERTEZA JURÍDICA, y mucho menos SEGURIDAD, entre otras cosas!!!!!",2026-04-10T11:58:23Z,7,Gobierno de Tampico,¿Qué es el Fracking y qué tanto puede beneficiar a México? - Es la Hora de Opinar,NMás,2026-04-10T05:45:00Z,2026-04-15 05:29:29
CYi7R6kbg5s,UgwbGqZNd46PPk-Pqdl4AaABAg,@doloreshernandez311,Ya dijeron que no es fracking . Lo recalcó la presidenta...😊😊,2026-04-10T11:01:21Z,0,Gobierno de Tampico,¿Qué es el Fracking y qué tanto puede beneficiar a México? - Es la Hora de Opinar,NMás,2026-04-10T05:45:00Z,2026-04-15 05:29:29
CYi7R6kbg5s,Ugznl0noZQGIovhTaLJ4AaABAg,@churruco47,"Pues si Texas actualmente vende el gas a México a valor negativo, no justifica la extracción a los costos de Pemex. Esta situación realmente es una encrucijada.",2026-04-10T10:29:07Z,10,Gobierno de Tampico,¿Qué es el Fracking y qué tanto puede beneficiar a México? - Es la Hora de Opinar,NMás,2026-04-10T05:45:00Z,2026-04-15 05:29:29
CYi7R6kbg5s,UgzyQAmqFQfhdUoI1Kp4AaABAg,@FranciscoCarrasco-q4m,"Yo no veo nada de éste zuckernan, me cae muy mal",2026-04-10T09:32:01Z,1,Gobierno de Tampico,¿Qué es el Fracking y qué tanto puede beneficiar a México? - Es la Hora de Opinar,NMás,2026-04-10T05:45:00Z,2026-04-15 05:29:29
CYi7R6kbg5s,UgwPwgIP9dvE_FFqa6B4AaABAg,@MariaHernandez-fe5mq,Porque estar? negociando con los genocidas,2026-04-10T09:26:19Z,1,Gobierno de Tampico,¿Qué es el Fracking y qué tanto puede beneficiar a México? - Es la Hora de Opinar,NMás,2026-04-10T05:45:00Z,2026-04-15 05:29:29
CYi7R6kbg5s,UgwuOPYRK_7WyquFOYx4AaABAg,@JuanEscobedo-o9n,"Telarañas tienes en el cerebro. El tema es delicado, porque ésta apertura tiene su daño ecológico. Si la decisión se ha tomado por los problemas en el mundo, es otro tema. Pero de que tiene su repercusión, la tiene. Si se ha tomado la decisión por ceder a los intereses extranjeros, entonces estaremos extrañando a AMLO.",2026-04-10T08:53:04Z,4,Gobierno de Tampico,¿Qué es el Fracking y qué tanto puede beneficiar a México? - Es la Hora de Opinar,NMás,2026-04-10T05:45:00Z,2026-04-15 05:29:29
CYi7R6kbg5s,Ugz5weEKotZVrA0uDuh4AaABAg,@rayhernandez6697,"El gas se lo va a llevar EU y después nos lo van a vender muy caro, que tristeza, la 4T también son entregistas de nuestros recursos",2026-04-10T07:45:54Z,5,Gobierno de Tampico,¿Qué es el Fracking y qué tanto puede beneficiar a México? - Es la Hora de Opinar,NMás,2026-04-10T05:45:00Z,2026-04-15 05:29:29
CYi7R6kbg5s,UgxCAGGQaZNAWDtpmqR4AaABAg,@alanIlfaraone,"No que es científica la presidente ps, hacen lo que quieren con nosotros Larry flink y compañía, ni agua hai en el norte",2026-04-10T07:32:37Z,1,Gobierno de Tampico,¿Qué es el Fracking y qué tanto puede beneficiar a México? - Es la Hora de Opinar,NMás,2026-04-10T05:45:00Z,2026-04-15 05:29:29
CYi7R6kbg5s,UgxlDpAFj3p__AdW2j94AaABAg,@severomiron9954,El entrevistador imprudentemente interrumpe al entrevistado en en desarrollo de su respuesta para hacer sus comentarios o demostrar sus &quot;conocimientos&quot; del tema.,2026-04-10T07:29:30Z,24,Gobierno de Tampico,¿Qué es el Fracking y qué tanto puede beneficiar a México? - Es la Hora de Opinar,NMás,2026-04-10T05:45:00Z,2026-04-15 05:29:29
CYi7R6kbg5s,Ugw8Zpe8Aw34wbbiV6t4AaABAg,@mexagestic,"De igual forma necesitas alguna, el freaking nunca es y será ecológico. Nunca...<br>Ustedes sabían que México quema su gas en lugar de capturarlo???",2026-04-10T07:04:24Z,16,Gobierno de Tampico,¿Qué es el Fracking y qué tanto puede beneficiar a México? - Es la Hora de Opinar,NMás,2026-04-10T05:45:00Z,2026-04-15 05:29:29
8pi-OKTJW2E,Ugzm0-1Vupo-kC1v4Hl4AaABAg,@yeidan_G_D_G,Lo primero que pense fue que hay trabajaron bailando el Vitor y el Albertano,2026-04-08T08:56:41Z,1,gobierno de Tampico,Tampico #tampicoplaza #tampicocentro #youtubeshort #fanpage,Noris recetas y más.,2026-04-08T08:12:30Z,2026-04-15 05:29:29
8pi-OKTJW2E,Ugzd2MfxH0yNyPqq4Yt4AaABAg,@ramatams,"Que viva Tampico, Altamira y Cd. Madero señores! Arriba el Norte!",2026-04-08T08:22:26Z,1,gobierno de Tampico,Tampico #tampicoplaza #tampicocentro #youtubeshort #fanpage,Noris recetas y más.,2026-04-08T08:12:30Z,2026-04-15 05:29:29
yjuWSugcY7E,Ugz3bb7NdvtwHd27s3x4AaABAg,@FabianRivas-l6c,Fueron pesimos en tratar de mezclar esas corrientes qué son casi parecidas en su base.,2026-04-08T17:38:35Z,0,gobierno de Tampico,El PLAN de Italia para CONQUISTAR ideológicamente a México -  [VBR],ficodindia_mx_it,2026-04-08T15:15:41Z,2026-04-15 05:29:29
CYi7R6kbg5s,UgzISPBvCaYzP1HSvxt4AaABAg,@xavialvarado3610,Y no tiene mas analistas ? Siempre el mismo wey o siempre los mismos vlv,2026-04-15T02:19:55Z,0,gobierno de Tampico,¿Qué es el Fracking y qué tanto puede beneficiar a México? - Es la Hora de Opinar,NMás,2026-04-10T05:45:00Z,2026-04-15 05:29:29
CYi7R6kbg5s,UgzOV8aayh--d3igNbh4AaABAg,@antoniosuarez3109,Ustedes si que son unos animales si estamos e esa condición es porque con . Peña Nieto se firmó un contrato con USA Ene el cual nos vemos comprometidos  comprar el gas de texas y fue un contrato leonino. Eso no se dice de verdad que ustedes si son miserables.,2026-04-15T00:40:52Z,0,gobierno de Tampico,¿Qué es el Fracking y qué tanto puede beneficiar a México? - Es la Hora de Opinar,NMás,2026-04-10T05:45:00Z,2026-04-15 05:29:29
CYi7R6kbg5s,UgxEOAsuKX8wLe4q73h4AaABAg,@leonelmereles4825,"Es mejor no quemar Gas para generar electricidad, usar solo Gas para estufas y boiler de las casas. Que se queme el coke para generar electricidad, el ambiente se afecta menos que con el fracking",2026-04-14T17:04:15Z,0,gobierno de Tampico,¿Qué es el Fracking y qué tanto puede beneficiar a México? - Es la Hora de Opinar,NMás,2026-04-10T05:45:00Z,2026-04-15 05:29:29
CYi7R6kbg5s,UgySBE1h4TJobe3m17B4AaABAg,@fernandoelizalde8952,"la cuenca de otontepec (tamaulipas y veracruz) conocida como la faja de oro, pràcticamente dio el dinero para construir a este paìs",2026-04-14T16:42:46Z,0,gobierno de Tampico,¿Qué es el Fracking y qué tanto puede beneficiar a México? - Es la Hora de Opinar,NMás,2026-04-10T05:45:00Z,2026-04-15 05:29:29
CYi7R6kbg5s,Ugzb3SpwymBWSuT1aZJ4AaABAg,@lacanastabastapuebla,Excelente entrevista 😊👍,2026-04-14T04:11:45Z,0,gobierno de Tampico,¿Qué es el Fracking y qué tanto puede beneficiar a México? - Es la Hora de Opinar,NMás,2026-04-10T05:45:00Z,2026-04-15 05:29:29
CYi7R6kbg5s,Ugy1dVVjvdVVzAb8-xh4AaABAg,@lacanastabastapuebla,Ojalá explique la proporción energética entre la molécula de gas contra el precio de la gasolina,2026-04-14T04:08:49Z,0,gobierno de Tampico,¿Qué es el Fracking y qué tanto puede beneficiar a México? - Es la Hora de Opinar,NMás,2026-04-10T05:45:00Z,2026-04-15 05:29:29
CYi7R6kbg5s,UgzB2S_zuoJDlIsUILp4AaABAg,@victorhiguera3307,"Leo Zuckerman: Le comento que Pemex si tiene un grupo de ingenieros altamente especializados que se dedica a evaluar yacimientos y diseñar pozos en yacimientos no convencionales, Diseñan pozo Piloto y direccional - horizontal que tienen longitudes de unos cuantos km lineales, el problema es la ignorancia de la administración anterior. Todo lo demás que dice Monroy es correcto. El problema en la cuenca Tampico Misantla es la topografía compleja que requiere mucha inversión en acondicionamiento y generación de infraestructura superficial para operar muchas plataformas de perforación a esas profundidades para que la producción en volúmen sea rentable.",2026-04-14T02:29:10Z,1,gobierno de Tampico,¿Qué es el Fracking y qué tanto puede beneficiar a México? - Es la Hora de Opinar,NMás,2026-04-10T05:45:00Z,2026-04-15 05:29:29
CYi7R6kbg5s,UgzMEtHhaRASSgEvXzh4AaABAg,@sofiasmith6757,Noooooo fraking,2026-04-13T22:52:41Z,0,gobierno de Tampico,¿Qué es el Fracking y qué tanto puede beneficiar a México? - Es la Hora de Opinar,NMás,2026-04-10T05:45:00Z,2026-04-15 05:29:29
CYi7R6kbg5s,Ugz2_Yrxo8MrmY0nBuF4AaABAg,@sofiasmith6757,Diganme donde tengo que ir a protestar,2026-04-13T22:52:26Z,0,gobierno de Tampico,¿Qué es el Fracking y qué tanto puede beneficiar a México? - Es la Hora de Opinar,NMás,2026-04-10T05:45:00Z,2026-04-15 05:29:29
CYi7R6kbg5s,UgxtNpPQrZAVKdFOhih4AaABAg,@Lacho-n5x,"Es totalmente inviable. Para tener una producción de un millón de barriles adicionales de petróleo diarios (actualmente PEMEX produce 1.5 millones de barriles diarios) y aumentar en un 25% la producción de gas, con la costosísima técnica del fracking que cuesta en promedio 100 millones de dólares hacer cada pozo y se necesitan hacer 1000 pozos al año para mantener esa producción adicional. O sea, se necesitan 100 mil millones de dólares al año de inversión. Hoy el presupuesto de inversión anual de PEMEX es de 14 mil millones de dólares. JAJAJAJAJAJAJAJAJA.<br>El gobierno no puede pagar eso y los privados estarían muy p3dnejos para invertir sus capitales con la certeza jurídica que les ofrecen los jueces del acordeón.  <br>Es obvio que la tirada de la 4T es inventarse un mero interés con el fracking, como hizo con el Litio, para tener el pretexto de canalizar recursos públicos a las nuevas oficinas de &quot;PEMEX Fracking&quot; y seguir robando dinero público a manos llenas.",2026-04-13T21:47:28Z,0,gobierno de Tampico,¿Qué es el Fracking y qué tanto puede beneficiar a México? - Es la Hora de Opinar,NMás,2026-04-10T05:45:00Z,2026-04-15 05:29:29
CYi7R6kbg5s,Ugxc-g4TIHWzySs8TPR4AaABAg,@juandiegoalfonzo4414,"En mi más humilde opinión México y ni un país, la soberanía energética es primordial no debe de depender de nadie, las energías &quot;verdes &quot; son insuficientes, ahí está europa que están dando patadas de ahogados por apostarle a eso",2026-04-13T21:24:53Z,0,gobierno de Tampico,¿Qué es el Fracking y qué tanto puede beneficiar a México? - Es la Hora de Opinar,NMás,2026-04-10T05:45:00Z,2026-04-15 05:29:29
CYi7R6kbg5s,UgziOINi6vnYO31Vmlh4AaABAg,@manuelordonez7331,"Disculpen pero este invitado, agorero del fracaso, toooodos sus pronósticos han sido un fracaso, así que inviten a alguien que tenga criterio",2026-04-13T16:37:45Z,0,gobierno de Tampico,¿Qué es el Fracking y qué tanto puede beneficiar a México? - Es la Hora de Opinar,NMás,2026-04-10T05:45:00Z,2026-04-15 05:29:29
CYi7R6kbg5s,UgwQ3M8eF5o2EFYRpCF4AaABAg,@melitonzuniga8702,Pues que tanto nos puede veneficiar el saqueo de recursos naturales por black rock???,2026-04-13T13:24:06Z,0,gobierno de Tampico,¿Qué es el Fracking y qué tanto puede beneficiar a México? - Es la Hora de Opinar,NMás,2026-04-10T05:45:00Z,2026-04-15 05:29:29
CYi7R6kbg5s,UgzzgX4O24uhSeR8Kz94AaABAg,@hugosarabia844,Estos tipos.. opinan y opinan.<br>Y no aportan nada a el país.<br>No sirven de nada,2026-04-13T01:11:43Z,0,gobierno de Tampico,¿Qué es el Fracking y qué tanto puede beneficiar a México? - Es la Hora de Opinar,NMás,2026-04-10T05:45:00Z,2026-04-15 05:29:29
CYi7R6kbg5s,Ugx4GWI31kpJi10TFfh4AaABAg,@MiguelSeguracabrera,NNOOO AL. FRACKING....EN.MEXICO ....<br>EN.  EUROPA.  PROHIBIDO...MORENA. CAMBIO  DE. OPINION ........EN. VERACRUZ  NI SE METAN.  .....YA. ESTAMOS. HARTOZ. DE TANTAS ..MENTIRAS   POLITICAS....<br><br><br>.,2026-04-13T00:39:35Z,1,gobierno de Tampico,¿Qué es el Fracking y qué tanto puede beneficiar a México? - Es la Hora de Opinar,NMás,2026-04-10T05:45:00Z,2026-04-15 05:29:29
CYi7R6kbg5s,UgydXV4s8Z-GcIpKzq54AaABAg,@ISMAELGALVAN99999999,Los expertos 😂,2026-04-12T17:29:02Z,0,gobierno de Tampico,¿Qué es el Fracking y qué tanto puede beneficiar a México? - Es la Hora de Opinar,NMás,2026-04-10T05:45:00Z,2026-04-15 05:29:29
CYi7R6kbg5s,UgzMte5a24L3tpzc8AV4AaABAg,@sergioolan6834,Este priandejo “experto”…..jajaja,2026-04-11T22:47:18Z,0,gobierno de Tampico,¿Qué es el Fracking y qué tanto puede beneficiar a México? - Es la Hora de Opinar,NMás,2026-04-10T05:45:00Z,2026-04-15 05:29:29
CYi7R6kbg5s,UgzFnvo9lvujFa1CvE94AaABAg,@efrencortes2258,Tlaranas son las que tiene el Leo 😂😂,2026-04-11T20:24:30Z,0,gobierno de Tampico,¿Qué es el Fracking y qué tanto puede beneficiar a México? - Es la Hora de Opinar,NMás,2026-04-10T05:45:00Z,2026-04-15 05:29:29
CYi7R6kbg5s,UgwHzVTMbyvWdmYXknx4AaABAg,@rubenmacias261,Huachi gas. Por qué no piensas!!!,2026-04-11T17:05:24Z,0,gobierno de Tampico,¿Qué es el Fracking y qué tanto puede beneficiar a México? - Es la Hora de Opinar,NMás,2026-04-10T05:45:00Z,2026-04-15 05:29:29
CYi7R6kbg5s,Ugy2PCrfZ6zUAewQH114AaABAg,@giustinianoporcu830,"Si Pemex no tiene capacidad tecnológicas ni recursos intelectuales para manejar el fracking y el pensamiento más importante de la presidente es la soberanía en general y la energética, en lo particular...la única opción es seguir importando, hasta que Trump cierre la llave.",2026-04-11T14:19:14Z,0,gobierno de Tampico,¿Qué es el Fracking y qué tanto puede beneficiar a México? - Es la Hora de Opinar,NMás,2026-04-10T05:45:00Z,2026-04-15 05:29:29
CYi7R6kbg5s,UgxJRoPk-a0yrS33CjN4AaABAg,@alfredomendez3841,“Cada pozo vale $100M” totalmente equivocado.,2026-04-11T12:10:10Z,1,gobierno de Tampico,¿Qué es el Fracking y qué tanto puede beneficiar a México? - Es la Hora de Opinar,NMás,2026-04-10T05:45:00Z,2026-04-15 05:29:29
CYi7R6kbg5s,UgzN2mDgIL1LqZtGaHt4AaABAg,@MikelCG91,"Pero si ya somos autosostenibles en combustibles con tantas refinerías, por eso está en diez pesos la gasolina. <br>Con morena ya me alcanza para todo y me sobra dinero, no se en que gastármelo, gracias morena.",2026-04-11T04:54:57Z,0,gobierno de Tampico,¿Qué es el Fracking y qué tanto puede beneficiar a México? - Es la Hora de Opinar,NMás,2026-04-10T05:45:00Z,2026-04-15 05:29:29
CYi7R6kbg5s,Ugz-cOCRYkoTjkuCVvp4AaABAg,@DanteZep,"Que lleven a especialistas, no a voceros patrocinados por algunas empresas.",2026-04-11T04:45:53Z,0,gobierno de Tampico,¿Qué es el Fracking y qué tanto puede beneficiar a México? - Es la Hora de Opinar,NMás,2026-04-10T05:45:00Z,2026-04-15 05:29:29
CYi7R6kbg5s,Ugw5hNz7PcXfcEuKEtR4AaABAg,@TheEnriqueking,"Jalife tenia razon la comunista claudia aspira al capitalismo personal <br>mediante la venta de los mantos acuiferos nacionales para ser rotos y destruidos <br>mediante el fracking !",2026-04-11T03:50:45Z,0,gobierno de Tampico,¿Qué es el Fracking y qué tanto puede beneficiar a México? - Es la Hora de Opinar,NMás,2026-04-10T05:45:00Z,2026-04-15 05:29:29
CYi7R6kbg5s,Ugy6EufgRZUMDwVNo4x4AaABAg,@samwi-fifi1120,PNCHE VIEJILLA CHIFLAUDIA SHITBAUM PARDILLA ARRUGOTAS LOMBRIZ DEL VGT-OGT G4NSOLOC0 HDTSRPTRRIMAMA RATOTA CHAVARRUCA DE MIERD GUACHICOLERA DE CUBA,2026-04-11T02:40:23Z,1,gobierno de Tampico,¿Qué es el Fracking y qué tanto puede beneficiar a México? - Es la Hora de Opinar,NMás,2026-04-10T05:45:00Z,2026-04-15 05:29:29
CYi7R6kbg5s,Ugz5uzNQJaa4K17mbt54AaABAg,@saraaltamirano600,"Nel va salir mal 💔😢, la prisas y la necesidad no son buenos asesores.😅",2026-04-11T02:32:17Z,0,gobierno de Tampico,¿Qué es el Fracking y qué tanto puede beneficiar a México? - Es la Hora de Opinar,NMás,2026-04-10T05:45:00Z,2026-04-15 05:29:29
CYi7R6kbg5s,UgxcusS1yxvhae3lP6B4AaABAg,@MarcoAntonioPeralta-c6l,"EL PELIGRO: LA CONTAMINACIÓN DE LOS MANTOS FREÁTICOS... EN ESPECIAL EN ESA ZONA, QUE ES SEMIDESÉRTICA... NO HAY MUCHA AGUA ...",2026-04-11T02:21:51Z,0,gobierno de Tampico,¿Qué es el Fracking y qué tanto puede beneficiar a México? - Es la Hora de Opinar,NMás,2026-04-10T05:45:00Z,2026-04-15 05:29:29
CYi7R6kbg5s,UgzkCwneeoxHPQcJGEt4AaABAg,@moisespacheco7295,"En resumen que CHSPM AMLO la claudia y todo morena, la 4t son unos pende..... Jos",2026-04-11T01:55:27Z,0,gobierno de Tampico,¿Qué es el Fracking y qué tanto puede beneficiar a México? - Es la Hora de Opinar,NMás,2026-04-10T05:45:00Z,2026-04-15 05:29:29
CYi7R6kbg5s,UgyT34QAr-j6HG-c9uR4AaABAg,@jonatanfcofloreshdez2031,Es la muerte al suelo y al agua,2026-04-11T01:53:02Z,0,gobierno de Tampico,¿Qué es el Fracking y qué tanto puede beneficiar a México? - Es la Hora de Opinar,NMás,2026-04-10T05:45:00Z,2026-04-15 05:29:29
CYi7R6kbg5s,UgwZ6Wbx4RAC6r2OkYd4AaABAg,@miguelangeltrevinogarcia6866,Pero con estos trabajadores de pemex y nuestros dirigentes va a estar como 2 bocas muy mal y muy cara y con las fiscalias y jueces peor,2026-04-11T01:52:47Z,0,gobierno de Tampico,¿Qué es el Fracking y qué tanto puede beneficiar a México? - Es la Hora de Opinar,NMás,2026-04-10T05:45:00Z,2026-04-15 05:29:29
CYi7R6kbg5s,UgwB8ptSX8RR5MkS6_14AaABAg,@traficor5948,Ya te conocemos Sucker. No vales queso.,2026-04-11T01:15:27Z,0,gobierno de Tampico,¿Qué es el Fracking y qué tanto puede beneficiar a México? - Es la Hora de Opinar,NMás,2026-04-10T05:45:00Z,2026-04-15 05:29:29
CYi7R6kbg5s,UgzownERuXWk0hZbEtp4AaABAg,@traficor5948,"Cualquier mono que lleves aunque le paguen para hablar mal , no me interesa. Claudia sabe mucho más.",2026-04-11T01:14:30Z,0,gobierno de Tampico,¿Qué es el Fracking y qué tanto puede beneficiar a México? - Es la Hora de Opinar,NMás,2026-04-10T05:45:00Z,2026-04-15 05:29:29
CYi7R6kbg5s,UgyNPPioTl1rcotZ6oV4AaABAg,@JorgeGuerrero-w3e,"Depender de estados unidos energética mente es un suicidio, estados unidos no tiene amigos, tiene intereses viva México cabrones 🇲🇽🇲🇽🇲🇽🇲🇽👍😎",2026-04-11T00:52:04Z,0,gobierno de Tampico,¿Qué es el Fracking y qué tanto puede beneficiar a México? - Es la Hora de Opinar,NMás,2026-04-10T05:45:00Z,2026-04-15 05:29:29
CYi7R6kbg5s,UgyyK4LJhe09ZW4oN2Z4AaABAg,@CesarLeonQuintero-rn2jx,"Lo que no dicen, es que la explotación del fracking dura muy poco, alrededor de 5 a 7 años, y ese es el problema que estamos viviendo hoy con las guerras que trae USA . El agotamiento apresurado de esta manera de explotar. La clave es que está forma de explotar es carísima.",2026-04-10T23:11:47Z,1,gobierno de Tampico,¿Qué es el Fracking y qué tanto puede beneficiar a México? - Es la Hora de Opinar,NMás,2026-04-10T05:45:00Z,2026-04-15 05:29:29
CYi7R6kbg5s,UgzmnHdJyDj19_lWiV94AaABAg,@rauloc33,No estoy de acuerdo,2026-04-10T22:14:51Z,1,gobierno de Tampico,¿Qué es el Fracking y qué tanto puede beneficiar a México? - Es la Hora de Opinar,NMás,2026-04-10T05:45:00Z,2026-04-15 05:29:29
CYi7R6kbg5s,UgxwuxcamnceZjvO75V4AaABAg,@AdolfoLópez-m3s1k,Claro qué es un peligro pará México si lo implementa este disque gobierno de 4ta. 😂😂😂😂😂😂,2026-04-10T21:49:14Z,1,gobierno de Tampico,¿Qué es el Fracking y qué tanto puede beneficiar a México? - Es la Hora de Opinar,NMás,2026-04-10T05:45:00Z,2026-04-15 05:29:29
CYi7R6kbg5s,Ugx2z4cGHi4H9sXoUhZ4AaABAg,@miguelalcocer899,"Así debería tener expertos el gobierno, no a los bajacierres de siempre, ponen a gente que NO SABE nada del tema energético con el pretexto que “le tenemos mucha confianza”,, 🤨<br>Yo también le tengo mucha confianza a mi perro pero no lo pongo a cocinar, saben por qué? <br>PORQUE NO PUEDE HACERLO! <br>Se requiere gente preparada en los puestos de importancia, no alguien que sea “leal al 100%”.<br>Ya basta de tirar el dinero de los ciudadanos.",2026-04-10T21:30:06Z,5,gobierno de Tampico,¿Qué es el Fracking y qué tanto puede beneficiar a México? - Es la Hora de Opinar,NMás,2026-04-10T05:45:00Z,2026-04-15 05:29:29
CYi7R6kbg5s,Ugz3YQea8t4WiOTtQQp4AaABAg,@CarlosMoreno-ct9tu,Si el barril de Petróleo por fracking no está a 70 dólares se pierde dinero. Ahorita sería muy rentable pero terminando la guerra esos pozos pueden volverse una pérdida de dinero.,2026-04-10T21:24:55Z,0,gobierno de Tampico,¿Qué es el Fracking y qué tanto puede beneficiar a México? - Es la Hora de Opinar,NMás,2026-04-10T05:45:00Z,2026-04-15 05:29:29
CYi7R6kbg5s,Ugyn-iFPiJt-FLYvkVB4AaABAg,@moisesdejesusochoaberumen2422,Si al fracking.,2026-04-10T21:22:58Z,1,gobierno de Tampico,¿Qué es el Fracking y qué tanto puede beneficiar a México? - Es la Hora de Opinar,NMás,2026-04-10T05:45:00Z,2026-04-15 05:29:29
CYi7R6kbg5s,Ugzd5CSqkl9auO-U30p4AaABAg,@sergiovaldez9864,Lamentable constante en este canal. Segun ellos México (PEMEX) no puede. Solo las empresas gringas pueden!  Que sorpresa!,2026-04-10T20:58:44Z,0,gobierno de Tampico,¿Qué es el Fracking y qué tanto puede beneficiar a México? - Es la Hora de Opinar,NMás,2026-04-10T05:45:00Z,2026-04-15 05:29:29
CYi7R6kbg5s,UgyTokIbmU3OdSMZs8Z4AaABAg,@albertoarellano998,"Ahora si estan de acuerdo la derecha con la presidente...siiiiii, hay dinerooo; eso les pone contentos a los oligarcas....ummmm negocio a al vista....se ven felices",2026-04-10T20:46:43Z,1,gobierno de Tampico,¿Qué es el Fracking y qué tanto puede beneficiar a México? - Es la Hora de Opinar,NMás,2026-04-10T05:45:00Z,2026-04-15 05:29:29
CYi7R6kbg5s,UgzfZcVP0a3KASQxbJR4AaABAg,@enRueDogs,"pues yo no le creo nada al programa de este pinche blanquito fresa que es capaz de entregar su culo a favor de los gringos, ya muchas veces lo desmienten",2026-04-10T20:37:09Z,1,gobierno de Tampico,¿Qué es el Fracking y qué tanto puede beneficiar a México? - Es la Hora de Opinar,NMás,2026-04-10T05:45:00Z,2026-04-15 05:29:29
CYi7R6kbg5s,UgwfpgcQxg18icXelvx4AaABAg,@juanfranciscoacosta5137,dejalo ablar sin interrumpir pinche Leo Zuckermann  te quieres hacer experto cuando no lo eres,2026-04-10T20:28:00Z,0,gobierno de Tampico,¿Qué es el Fracking y qué tanto puede beneficiar a México? - Es la Hora de Opinar,NMás,2026-04-10T05:45:00Z,2026-04-15 05:29:29
CYi7R6kbg5s,UgwVuIL5AtgzP9ZYhlR4AaABAg,@vicenteelizondo8955,"Este Sr. Leo ya está compradito por la 4T, no es posible hacer fracking es mucho Dinero que  no tienen",2026-04-10T20:27:41Z,1,gobierno de Tampico,¿Qué es el Fracking y qué tanto puede beneficiar a México? - Es la Hora de Opinar,NMás,2026-04-10T05:45:00Z,2026-04-15 05:29:29
CYi7R6kbg5s,UgwbYEJav1UFEEWrpzt4AaABAg,@radarfinter6783,Revocación de mandato y Claudia a casa. Nada que ver con Amlo y su 4T. 🇲🇽,2026-04-10T20:05:59Z,1,gobierno de Tampico,¿Qué es el Fracking y qué tanto puede beneficiar a México? - Es la Hora de Opinar,NMás,2026-04-10T05:45:00Z,2026-04-15 05:29:29
CYi7R6kbg5s,UgwOgtaJb9dmSabN2Dp4AaABAg,@radarfinter6783,Las telarañas mentales de los neoliberales están bien fijadas.  Aquí dos neoliberales festejando el resbalón evidente de la Presidenta. Extraño que el fracking sea aceptado por una Claudia ambientalista.  Los neoliberales corruptos vendepatrias se frotan las manos. Amlo en donde estas ?,2026-04-10T19:57:56Z,2,gobierno de Tampico,¿Qué es el Fracking y qué tanto puede beneficiar a México? - Es la Hora de Opinar,NMás,2026-04-10T05:45:00Z,2026-04-15 05:29:29
CYi7R6kbg5s,UgzQ0Uc5acMwCJcbmUl4AaABAg,@TEXRANCHERO,"y ese Juan Diego porque anda de traje, si todavía no es 12 de diciembre 😆",2026-04-10T19:21:36Z,1,gobierno de Tampico,¿Qué es el Fracking y qué tanto puede beneficiar a México? - Es la Hora de Opinar,NMás,2026-04-10T05:45:00Z,2026-04-15 05:29:29
CYi7R6kbg5s,Ugwj5rzTWZRjZBWZyuV4AaABAg,@alejandrorodriguuez1350,¿Y el IMP? Que según es el brazo tecnológico de Pemex para asesorarlo en el fracking,2026-04-10T19:21:16Z,3,gobierno de Tampico,¿Qué es el Fracking y qué tanto puede beneficiar a México? - Es la Hora de Opinar,NMás,2026-04-10T05:45:00Z,2026-04-15 05:29:29
CYi7R6kbg5s,UgzlwoWni4djNpmKuDt4AaABAg,@opentv5647,en su momento se dijo lo mismo del petroleo y resulto que los privados se fueron a extraer a aguas someras es decir nunca se fueron a lo profundo segundo la tegnologia tambien se compra tercero tambien se pueden hacer contratos publico privados cuarto para nuestra mala fortuna este tipo de extraccion dura poco al rededor de 5 años y un pozo normal dura 15 años en usa el problema es que se estan acabando su petroleo exportan 13 millones de barriles diarios pero en poco tiempo se va caer la exportacion si no habren mas pozos en alaska donde hay petrolleo pero son reservas protegidas ambientales es decir el invadir venezuela no fue mas que estrategia energetica en cuanto usa baje produccion el precio del gas se va a disparar el doble o triple es por eso que necesitamos tener produccion propia claro evitar volver a darles permiso a privados que entren en sectores que ya domina pemex como aguas someras que todavia nos falta explotar,2026-04-10T19:03:52Z,1,gobierno de Tampico,¿Qué es el Fracking y qué tanto puede beneficiar a México? - Es la Hora de Opinar,NMás,2026-04-10T05:45:00Z,2026-04-15 05:29:29
CYi7R6kbg5s,UgzMWTia7Ip129cxHQN4AaABAg,@lleyko,"Se ve que este wey no es analítico, todo es con visión a futuro.no.quieras hacerlo que funcione de chingazo. La verdad entre más viejos más pendejos no mamen. Claro que esto del fraking no es para que ya seamos independientes mañana. Gente tan pendeja . Y los BTU es unidad energia no es de gas, como se mide el gas es en litros o galones si es sistema inglés. O metros cúbicos ya a nivel industrial.",2026-04-10T18:41:23Z,0,gobierno de Tampico,¿Qué es el Fracking y qué tanto puede beneficiar a México? - Es la Hora de Opinar,NMás,2026-04-10T05:45:00Z,2026-04-15 05:29:29
CYi7R6kbg5s,Ugw-XiJibfkvwYxe-bJ4AaABAg,@joseOlguinDelgado,"Es el tiempo del fraking, ahora todos seran expertos en este tema y daran opiniones descabelladas",2026-04-10T18:25:01Z,9,gobierno de Tampico,¿Qué es el Fracking y qué tanto puede beneficiar a México? - Es la Hora de Opinar,NMás,2026-04-10T05:45:00Z,2026-04-15 05:29:29
CYi7R6kbg5s,UgwJfxZuMCEerslJ1XZ4AaABAg,@abelardolopez1246,De que sirve fuentes nuevas de energia  si solo  es para que  los politicos  saquen al pais  y de paso regalar  a otros  paises como cuba,2026-04-10T18:15:52Z,4,gobierno de Tampico,¿Qué es el Fracking y qué tanto puede beneficiar a México? - Es la Hora de Opinar,NMás,2026-04-10T05:45:00Z,2026-04-15 05:29:29
CYi7R6kbg5s,UgyFtlwkXfQVaSnGSbp4AaABAg,@dabep.8588,El Fracking es altamente contaminante utiliza químicos y mucha agua lo que vuelve inavitable la zona donde se practica,2026-04-10T18:10:41Z,3,gobierno de Tampico,¿Qué es el Fracking y qué tanto puede beneficiar a México? - Es la Hora de Opinar,NMás,2026-04-10T05:45:00Z,2026-04-15 05:29:29
CYi7R6kbg5s,Ugxb5kFjzQFarc8GQKJ4AaABAg,@rebirthmaze,"No mames dejalo hablar cabrón, parece que nada más quería demostrar que tu sabes del tema",2026-04-10T18:05:57Z,0,gobierno de Tampico,¿Qué es el Fracking y qué tanto puede beneficiar a México? - Es la Hora de Opinar,NMás,2026-04-10T05:45:00Z,2026-04-15 05:29:29
CYi7R6kbg5s,UgzVIdLjzV8rPYPNB454AaABAg,@leonardodejesusduartesolis8833,No bueno! De plano no hay chile que les embone!  Están como la Gata Flora!!!,2026-04-10T18:03:24Z,0,gobierno de Tampico,¿Qué es el Fracking y qué tanto puede beneficiar a México? - Es la Hora de Opinar,NMás,2026-04-10T05:45:00Z,2026-04-15 05:29:29
CYi7R6kbg5s,UgzsUk3z_oYwoU_a7Qx4AaABAg,@OctavioEspinosa-p8q9z,"Claudia, Harfuch y los demás son miembros del Mossad (agencia de inteligencia que usa Israel para controlar a los países).  Vaya tomada de pelo nos dieron a los que apoyamos la 4T.",2026-04-10T17:44:24Z,5,gobierno de Tampico,¿Qué es el Fracking y qué tanto puede beneficiar a México? - Es la Hora de Opinar,NMás,2026-04-10T05:45:00Z,2026-04-15 05:29:29
CYi7R6kbg5s,Ugw5P9kNjv_xYKmuq3J4AaABAg,@CarlosGalvan-sj1zk,"No se preocupen fachos afeminados fifis,,,,ya no nos gobierna un loco marihuano o un borracho asesino,,,o un atarantado peña,,,, ahora sí tenemos gobernantes de primera y onestos",2026-04-10T17:35:34Z,0,gobierno de Tampico,¿Qué es el Fracking y qué tanto puede beneficiar a México? - Es la Hora de Opinar,NMás,2026-04-10T05:45:00Z,2026-04-15 05:29:29
CYi7R6kbg5s,Ugwf_CUPzFULEKo83894AaABAg,@DaniVid,"Ni Pemex ni la 4T tienen el dinero ni la tecnología. Necesitan de los privados forzosamente y las empresas van a imponer sus condiciones para invertir, esa es la realidad",2026-04-10T17:32:26Z,2,gobierno de Tampico,¿Qué es el Fracking y qué tanto puede beneficiar a México? - Es la Hora de Opinar,NMás,2026-04-10T05:45:00Z,2026-04-15 05:29:29
CYi7R6kbg5s,UgzvoBcO8257tA8PqOh4AaABAg,@TheFunckerboy,"Este hombre no habla del resto de los  riesgos potenciales, no se trata solo de la diferencia en profundidad, pues si el tubo revestido de acero o cemento se fractura a 50, 100 o 200 metros de profundidad aun así contaminaría.",2026-04-10T17:26:49Z,1,gobierno de Tampico,¿Qué es el Fracking y qué tanto puede beneficiar a México? - Es la Hora de Opinar,NMás,2026-04-10T05:45:00Z,2026-04-15 05:29:29
CYi7R6kbg5s,UgzVSb1WemNue55g75N4AaABAg,@franciscoe.ruzbolio991,"La 4a. Tarugada siempre diagnostica de manera sublime, y como dice nuestro invitado &quot;escucha&quot; (cuando le conviene solamente). Sin embargo, en todo aplica la ley del embudo: &quot;lo ancho para mí y para tí lo agudo&quot;... Están BP.",2026-04-10T17:22:53Z,1,gobierno de Tampico,¿Qué es el Fracking y qué tanto puede beneficiar a México? - Es la Hora de Opinar,NMás,2026-04-10T05:45:00Z,2026-04-15 05:29:29
CYi7R6kbg5s,UgxnyhZOYbRq4CPoOAR4AaABAg,@francellcdmx2437,"Y la energía verde decian los chayoteros y ricardo anaya,mismo ricardo anaya dijo que el petrolo no servia😢La ingeniera patito tambien bomitaba eso ya no eta viable sacar gas ni petróleo",2026-04-10T17:13:19Z,0,gobierno de Tampico,¿Qué es el Fracking y qué tanto puede beneficiar a México? - Es la Hora de Opinar,NMás,2026-04-10T05:45:00Z,2026-04-15 05:29:29
CYi7R6kbg5s,UgxqRpjAQw_nl4dcNPh4AaABAg,@josedrs4459,Leo eres un ignorante no sabes ni lo que vas entrevistar tu ideología solo es darle al gobierno por lo que sea,2026-04-10T16:50:34Z,1,gobierno de Tampico,¿Qué es el Fracking y qué tanto puede beneficiar a México? - Es la Hora de Opinar,NMás,2026-04-10T05:45:00Z,2026-04-15 05:29:29
CYi7R6kbg5s,UgxdvO9jR3GMr3mffP54AaABAg,@jplopezcalva,"El experto Monroy comete un montón de errores. Pero bueno, Leo Zuckerman lo tiene comprado. Hay mejores expertos en el tema.",2026-04-10T16:50:02Z,1,gobierno de Tampico,¿Qué es el Fracking y qué tanto puede beneficiar a México? - Es la Hora de Opinar,NMás,2026-04-10T05:45:00Z,2026-04-15 05:29:29
CYi7R6kbg5s,UgwTsU1VJ-bPtxI032d4AaABAg,@fernandosoto5824,"Es muy facil hablar de fracking cuando no vives cerca del lugar de extraccion, la tecnologia ha avanzado  es cierto pero al dia de hoy a pesar de todo no existe forma de que te aseguren que va a haber cero impacto ambiental y cero contaminacion de los mantos freaticos, diganle a estos tipos entonces que se pongan a tomar el agua de Tamaulipas, Veracruz y Nuevo Leon a ver si se atreven., diganle a los ejidatarios y ganaderos que esto no va a afectar sus siembras o granjas, diganle a la poblacion que el agua que van a beber no tiene hidrocarburos, metales o quimicos que son necesairios para el proceso del fracking  y por ende sus salud no va a ser afectada, aseguren eso... no pueden .. es un tema complicado entiendo el beneficio a nivel pais pero si esto es a cambio de una afectacion directa a mi vida, a mi salud, yo no aceptaria ni apoyaria una iniciativa asi.",2026-04-10T15:49:15Z,5,gobierno de Tampico,¿Qué es el Fracking y qué tanto puede beneficiar a México? - Es la Hora de Opinar,NMás,2026-04-10T05:45:00Z,2026-04-15 05:29:29
CYi7R6kbg5s,UgyeHaafovRZ2n1_MPh4AaABAg,@Piensamalyacertaras,Los Neoliberales tenían Razón!?😮😮😮.,2026-04-10T15:42:52Z,4,gobierno de Tampico,¿Qué es el Fracking y qué tanto puede beneficiar a México? - Es la Hora de Opinar,NMás,2026-04-10T05:45:00Z,2026-04-15 05:29:29
CYi7R6kbg5s,Ugz9AIBYCzDbxiq7gO94AaABAg,@ramonespinozacruz4815,"Es un negociazo, para quien??? Ahí está el detalle",2026-04-10T15:15:17Z,3,gobierno de Tampico,¿Qué es el Fracking y qué tanto puede beneficiar a México? - Es la Hora de Opinar,NMás,2026-04-10T05:45:00Z,2026-04-15 05:29:29
CYi7R6kbg5s,UgyE3OugQRhHJR3UV1l4AaABAg,@heman7993,Entrevisten geologos y geofisicos,2026-04-10T15:14:24Z,36,gobierno de Tampico,¿Qué es el Fracking y qué tanto puede beneficiar a México? - Es la Hora de Opinar,NMás,2026-04-10T05:45:00Z,2026-04-15 05:29:29
CYi7R6kbg5s,UgxMaKoN1251AqodtEB4AaABAg,@ramonespinozacruz4815,Se fractura desde los sesentas en la Cuenca de Burgos y de los ochentas en Chicontepec . Ese fue fracturamiento hidráulico convencional,2026-04-10T15:08:19Z,5,gobierno de Tampico,¿Qué es el Fracking y qué tanto puede beneficiar a México? - Es la Hora de Opinar,NMás,2026-04-10T05:45:00Z,2026-04-15 05:29:29
CYi7R6kbg5s,Ugxb5bVZKHTQG6fjUi14AaABAg,@ricardocid7280,"Es curioso que esté &quot;experto&quot; diga  hoy con razón lo peligroso que Donald trump nos cierre la llave del gas, pero hace semanas decía que debíamos cerrar nuestras refinerías y comprar todo a los gringos",2026-04-10T14:47:19Z,0,gobierno de Tampico,¿Qué es el Fracking y qué tanto puede beneficiar a México? - Es la Hora de Opinar,NMás,2026-04-10T05:45:00Z,2026-04-15 05:29:29
CYi7R6kbg5s,UgwlOv12CMYoXX3IbQ14AaABAg,@rminmil8927,Es que ya hay participación de los privados junto a PEMEX....  Pero no es como antes lo que eran las APPs.<br><br>O sea... puedes participar pero con ganancias justas no como los contratos leoninos de antes..<br><br>No confundan a ña gente.<br><br>Además la Presidenta ya dijo que sería con PEMEX y privados pero con las reglas de PEMEX.<br><br>Aqui la discusión es buscar las tecnicas que hagan menos daño al medio ambiente,2026-04-10T14:28:31Z,0,gobierno de Tampico,¿Qué es el Fracking y qué tanto puede beneficiar a México? - Es la Hora de Opinar,NMás,2026-04-10T05:45:00Z,2026-04-15 05:29:29
CYi7R6kbg5s,Ugyuu1wfusvrvmI1qYx4AaABAg,@gonzorody6434,"Órale… Leo ya se puso el uniforme de la 4T; si el fracking en manos de expertos es cuestionable ahora imagínalo en manos de la 4T, usando materiales de pésima calidad y personal sin preparación, será un desastre y quien paga los platos rotos es el ciudadano que paga impuestos.",2026-04-10T14:08:37Z,1,gobierno de Tampico,¿Qué es el Fracking y qué tanto puede beneficiar a México? - Es la Hora de Opinar,NMás,2026-04-10T05:45:00Z,2026-04-15 05:29:29
CYi7R6kbg5s,Ugy_HwFQcCHt2KcaQ154AaABAg,@MELQUIADESVIZCAYA,"Como extrañan al prian,antes estábamos en el paraíso.",2026-04-10T14:00:44Z,0,gobierno de Tampico,¿Qué es el Fracking y qué tanto puede beneficiar a México? - Es la Hora de Opinar,NMás,2026-04-10T05:45:00Z,2026-04-15 05:29:29
CYi7R6kbg5s,Ugw3Yd6oPsRKEMy_KqR4AaABAg,@ricardonorie586,Con la soberanía energética de la 4T pasamos a depender del gas de EEUU de un 60%  a un 75%. Cada día peor!! Por eso el gobierno quiere extraer gas de cualquier manera.,2026-04-10T13:33:57Z,1,gobierno de Tampico,¿Qué es el Fracking y qué tanto puede beneficiar a México? - Es la Hora de Opinar,NMás,2026-04-10T05:45:00Z,2026-04-15 05:29:29
CYi7R6kbg5s,UgxIfcxRjqnAkbKdTuN4AaABAg,@AlejandroRamirezGarcia-uj1hu,"Pero el Peje decía que era como &quot;sacar&quot; agua, &quot; se hace un hoyo y ya... &quot;.<br>Lo que es la ignorancia, hace decir puras pendejadas, 🤷🏻‍♂️",2026-04-10T13:31:20Z,3,gobierno de Tampico,¿Qué es el Fracking y qué tanto puede beneficiar a México? - Es la Hora de Opinar,NMás,2026-04-10T05:45:00Z,2026-04-15 05:29:29
CYi7R6kbg5s,UgzurtQOKaklBDCriyN4AaABAg,@vladimirjimenez6794,"Que ignorancia de tu especialista, debes buscar un especialista en estos asuntos!!",2026-04-10T13:31:04Z,4,gobierno de Tampico,¿Qué es el Fracking y qué tanto puede beneficiar a México? - Es la Hora de Opinar,NMás,2026-04-10T05:45:00Z,2026-04-15 05:29:29
CYi7R6kbg5s,UgwakylxUTW99RJIVPJ4AaABAg,@EfrainM-y2e,El gas de burgos lo ocupará las empresas gringas a México le quedará la contaminación y los enfermos que pagaremos el pueblo.,2026-04-10T13:26:29Z,4,gobierno de Tampico,¿Qué es el Fracking y qué tanto puede beneficiar a México? - Es la Hora de Opinar,NMás,2026-04-10T05:45:00Z,2026-04-15 05:29:29
CYi7R6kbg5s,Ugxu0G384Vho-gDIwMZ4AaABAg,@EfrainM-y2e,El desastre si nos cortan el gas es para EU quienes fueron los retrasados que apoyaron producir luz con gas y dejar las hidroeléctricas.,2026-04-10T13:24:32Z,0,gobierno de Tampico,¿Qué es el Fracking y qué tanto puede beneficiar a México? - Es la Hora de Opinar,NMás,2026-04-10T05:45:00Z,2026-04-15 05:29:29
CYi7R6kbg5s,Ugzhs6rhKvbgkX9ztbF4AaABAg,@Luzeres_Luzeres,"Monroy niega que el gobierno produzca en 2 bocas lo de procesar 300 mil barriles de PETROLEO. <br>Miente como todo aquel que niegan problemas con el fracking: El agua de fracking NO SE PUEDE reciclar!!!!!<br>El agua solo se puede usar para hacer otros fracking. Es intratable!!!! Y el riesgo para contaminar mantos freáticos es terrible<br>Y recordar que dijo que ERA IMPOSIBLE que Dos bocas se terminará en el sexenio de AMLO. Se terminó, independientemente de que la puesta en operación tardo dos años más",2026-04-10T13:14:13Z,5,gobierno de Tampico,¿Qué es el Fracking y qué tanto puede beneficiar a México? - Es la Hora de Opinar,NMás,2026-04-10T05:45:00Z,2026-04-15 05:29:29
CYi7R6kbg5s,UgyM1KZA-RNagg7Zdal4AaABAg,@alfredomendez3841,"Fracturamiento Hidráulico “Fracking” puede generar bastante empleo para Mexicanos. Hoy en día, se puede usar agua de producción (no es necesario agua potable), con arena/apuntalante y 2-3 químicos. 💯 pro Frac en Mexico.",2026-04-10T13:12:18Z,0,gobierno de Tampico,¿Qué es el Fracking y qué tanto puede beneficiar a México? - Es la Hora de Opinar,NMás,2026-04-10T05:45:00Z,2026-04-15 05:29:29
CYi7R6kbg5s,Ugx5llxPRS2Q5zo_lVZ4AaABAg,@fernangdecastillap5309,Es imposible que Mexico avance como sociedad mientras no resuelva el tema energético.,2026-04-10T13:00:42Z,3,gobierno de Tampico,¿Qué es el Fracking y qué tanto puede beneficiar a México? - Es la Hora de Opinar,NMás,2026-04-10T05:45:00Z,2026-04-15 05:29:29
CYi7R6kbg5s,UgxNfqAmb7iEyVDjUsx4AaABAg,@ronnyhaven7277,"El FRACKING en este Pais es un &quot;SUEÑO GUAJIRO&quot;,,,, NO EXISTEN LAS CONDICIONES, NO HAY RECURSOS,  PEMEX es un &quot;ZOMBIE&quot; FINANCIERO, los RESULTADOS es a largo plazo mínimo 15AÑOS,,,, además que CAPITAL PRIVADO va arriesgar su DINERO 💰 en donde NO EXISTE CERTEZA JURÍDICA, y mucho menos SEGURIDAD, entre otras cosas!!!!!",2026-04-10T11:58:23Z,7,gobierno de Tampico,¿Qué es el Fracking y qué tanto puede beneficiar a México? - Es la Hora de Opinar,NMás,2026-04-10T05:45:00Z,2026-04-15 05:29:29
CYi7R6kbg5s,UgwbGqZNd46PPk-Pqdl4AaABAg,@doloreshernandez311,Ya dijeron que no es fracking . Lo recalcó la presidenta...😊😊,2026-04-10T11:01:21Z,0,gobierno de Tampico,¿Qué es el Fracking y qué tanto puede beneficiar a México? - Es la Hora de Opinar,NMás,2026-04-10T05:45:00Z,2026-04-15 05:29:29
CYi7R6kbg5s,Ugznl0noZQGIovhTaLJ4AaABAg,@churruco47,"Pues si Texas actualmente vende el gas a México a valor negativo, no justifica la extracción a los costos de Pemex. Esta situación realmente es una encrucijada.",2026-04-10T10:29:07Z,10,gobierno de Tampico,¿Qué es el Fracking y qué tanto puede beneficiar a México? - Es la Hora de Opinar,NMás,2026-04-10T05:45:00Z,2026-04-15 05:29:29
CYi7R6kbg5s,UgzyQAmqFQfhdUoI1Kp4AaABAg,@FranciscoCarrasco-q4m,"Yo no veo nada de éste zuckernan, me cae muy mal",2026-04-10T09:32:01Z,1,gobierno de Tampico,¿Qué es el Fracking y qué tanto puede beneficiar a México? - Es la Hora de Opinar,NMás,2026-04-10T05:45:00Z,2026-04-15 05:29:29
CYi7R6kbg5s,UgwPwgIP9dvE_FFqa6B4AaABAg,@MariaHernandez-fe5mq,Porque estar? negociando con los genocidas,2026-04-10T09:26:19Z,1,gobierno de Tampico,¿Qué es el Fracking y qué tanto puede beneficiar a México? - Es la Hora de Opinar,NMás,2026-04-10T05:45:00Z,2026-04-15 05:29:29
CYi7R6kbg5s,UgwuOPYRK_7WyquFOYx4AaABAg,@JuanEscobedo-o9n,"Telarañas tienes en el cerebro. El tema es delicado, porque ésta apertura tiene su daño ecológico. Si la decisión se ha tomado por los problemas en el mundo, es otro tema. Pero de que tiene su repercusión, la tiene. Si se ha tomado la decisión por ceder a los intereses extranjeros, entonces estaremos extrañando a AMLO.",2026-04-10T08:53:04Z,4,gobierno de Tampico,¿Qué es el Fracking y qué tanto puede beneficiar a México? - Es la Hora de Opinar,NMás,2026-04-10T05:45:00Z,2026-04-15 05:29:29
CYi7R6kbg5s,Ugz5weEKotZVrA0uDuh4AaABAg,@rayhernandez6697,"El gas se lo va a llevar EU y después nos lo van a vender muy caro, que tristeza, la 4T también son entregistas de nuestros recursos",2026-04-10T07:45:54Z,5,gobierno de Tampico,¿Qué es el Fracking y qué tanto puede beneficiar a México? - Es la Hora de Opinar,NMás,2026-04-10T05:45:00Z,2026-04-15 05:29:29
CYi7R6kbg5s,UgxCAGGQaZNAWDtpmqR4AaABAg,@alanIlfaraone,"No que es científica la presidente ps, hacen lo que quieren con nosotros Larry flink y compañía, ni agua hai en el norte",2026-04-10T07:32:37Z,1,gobierno de Tampico,¿Qué es el Fracking y qué tanto puede beneficiar a México? - Es la Hora de Opinar,NMás,2026-04-10T05:45:00Z,2026-04-15 05:29:29
CYi7R6kbg5s,UgxlDpAFj3p__AdW2j94AaABAg,@severomiron9954,El entrevistador imprudentemente interrumpe al entrevistado en en desarrollo de su respuesta para hacer sus comentarios o demostrar sus &quot;conocimientos&quot; del tema.,2026-04-10T07:29:30Z,24,gobierno de Tampico,¿Qué es el Fracking y qué tanto puede beneficiar a México? - Es la Hora de Opinar,NMás,2026-04-10T05:45:00Z,2026-04-15 05:29:29
CYi7R6kbg5s,Ugw8Zpe8Aw34wbbiV6t4AaABAg,@mexagestic,"De igual forma necesitas alguna, el freaking nunca es y será ecológico. Nunca...<br>Ustedes sabían que México quema su gas en lugar de capturarlo???",2026-04-10T07:04:24Z,16,gobierno de Tampico,¿Qué es el Fracking y qué tanto puede beneficiar a México? - Es la Hora de Opinar,NMás,2026-04-10T05:45:00Z,2026-04-15 05:29:29
yEOujekyYO0,Ugyp-6naYpF-pa--NUR4AaABAg,@luisgonzagaarcebarrueta3408,"El Grupo Atlacomulco, una facción política del PRI originaria del Estado de México, ha sido históricamente caracterizado por la fusión entre el poder político y la riqueza empresarial, incluyendo sectores estratégicos como el petrolero, no se hagan quien les vende cara la semilla el fertilizante y la maquinaria así es, y quién les compra barato exacto, Del Mazo.",2026-04-15T03:19:20Z,0,gobierno de Tampico,Paro de transportistas y agricultores paraliza carreteras en México | Mapa de bloqueos 2026,Azteca Noticias,2026-04-06T20:25:50Z,2026-04-15 05:29:29
yEOujekyYO0,UgzrOi149pGfLVvc4CZ4AaABAg,@Mente.Perversa,"Como chingan esos transportistas y agricultores..ya se parecen a azteca..con peña y Calderón  ...ni cuando se atrevieran a bloquear una carretera..porque ya sabían cómo les iba,..Pero ahora abren el hocico como muchos &quot; tontos útiles&quot; que opinan aquí.",2026-04-09T02:37:37Z,0,gobierno de Tampico,Paro de transportistas y agricultores paraliza carreteras en México | Mapa de bloqueos 2026,Azteca Noticias,2026-04-06T20:25:50Z,2026-04-15 05:29:29
yEOujekyYO0,UgyS_lN8tn3vkTup6g94AaABAg,@arturoarmo,Pero dice la presinepta que todo está de maravilla,2026-04-08T20:54:05Z,0,gobierno de Tampico,Paro de transportistas y agricultores paraliza carreteras en México | Mapa de bloqueos 2026,Azteca Noticias,2026-04-06T20:25:50Z,2026-04-15 05:29:29
yEOujekyYO0,Ugz479_B6xYmX3NpyqR4AaABAg,@MÉXICOQUIEREPAZ-w8h,MÉXICO ESTÁ PEOR QUE NUNCA CON LOS NARCOMORENA Y LA MALDITA NARCA PRESIRVIENTA Y SOLO LOS PENDEJOOO@S NO VEN ESO,2026-04-08T15:27:06Z,1,gobierno de Tampico,Paro de transportistas y agricultores paraliza carreteras en México | Mapa de bloqueos 2026,Azteca Noticias,2026-04-06T20:25:50Z,2026-04-15 05:29:29
yEOujekyYO0,Ugz0U-6TrSbiacZJ2q94AaABAg,@JonaRamírez-s7z,Y justo con mi pedido,2026-04-08T14:37:51Z,0,gobierno de Tampico,Paro de transportistas y agricultores paraliza carreteras en México | Mapa de bloqueos 2026,Azteca Noticias,2026-04-06T20:25:50Z,2026-04-15 05:29:29
yEOujekyYO0,Ugx_2wwN7Fzr3xTDU2p4AaABAg,@gregoriocruz9350,Deberíamos acompañarlos ya que este desgobierno le vale madres hagamos huelga nacional y no pagar impuestos,2026-04-08T00:19:57Z,0,gobierno de Tampico,Paro de transportistas y agricultores paraliza carreteras en México | Mapa de bloqueos 2026,Azteca Noticias,2026-04-06T20:25:50Z,2026-04-15 05:29:29
yEOujekyYO0,UgzieIGNgjrwPjmyCkR4AaABAg,@eliasv5696,Jaja exigen seguridad pero que tal manejan como bestias matando gente,2026-04-07T22:29:21Z,0,gobierno de Tampico,Paro de transportistas y agricultores paraliza carreteras en México | Mapa de bloqueos 2026,Azteca Noticias,2026-04-06T20:25:50Z,2026-04-15 05:29:29
yEOujekyYO0,UgzOh_kdXPaTbHDHAqd4AaABAg,@Esti-c6d,Total apoyo a este gremio que lamentablemente por ser trabajadores honestos son afectados principalmente por la gente basura llamados delincuentes... Pido a Dios pronta resolución y respaldo de las autoridades porque uds son la base de la economía.,2026-04-07T17:12:12Z,0,gobierno de Tampico,Paro de transportistas y agricultores paraliza carreteras en México | Mapa de bloqueos 2026,Azteca Noticias,2026-04-06T20:25:50Z,2026-04-15 05:29:29
yEOujekyYO0,UgwrWJ5LP5RXVj5KAgZ4AaABAg,@josel.palacio9560,En Tlaxcala llevan más de 12 horas de bloqueo.,2026-04-07T12:41:46Z,0,gobierno de Tampico,Paro de transportistas y agricultores paraliza carreteras en México | Mapa de bloqueos 2026,Azteca Noticias,2026-04-06T20:25:50Z,2026-04-15 05:29:29
yEOujekyYO0,UgxT7lss9FURTlV3zWd4AaABAg,@macOs92,"Que tomen las casetas, y den paso libre a todos 👍🏻",2026-04-07T05:57:45Z,0,gobierno de Tampico,Paro de transportistas y agricultores paraliza carreteras en México | Mapa de bloqueos 2026,Azteca Noticias,2026-04-06T20:25:50Z,2026-04-15 05:29:29
yEOujekyYO0,UgweeU-06BPEQeQ_1Xt4AaABAg,@JesusLara-i6k,SRA PRESIDENTA NACIONAL DE NUÉSTRO MEXICO AYUDE A CUBA CUBA SI NECESITA AYUDA PK EYOS ESTAN MUY NESECITADOS EYOS SI REQUIEREN AYUDA TAMBIEN,2026-04-07T04:32:04Z,0,gobierno de Tampico,Paro de transportistas y agricultores paraliza carreteras en México | Mapa de bloqueos 2026,Azteca Noticias,2026-04-06T20:25:50Z,2026-04-15 05:29:29
yEOujekyYO0,Ugw2oAn08TXqcpIXHbJ4AaABAg,@AdolfoRamirez-s9v,Quítenlos a puntazos..que culpa tienen los automovilistas ....viva 4t...y viva claudia y obrador..,2026-04-07T03:39:21Z,0,gobierno de Tampico,Paro de transportistas y agricultores paraliza carreteras en México | Mapa de bloqueos 2026,Azteca Noticias,2026-04-06T20:25:50Z,2026-04-15 05:29:29
yEOujekyYO0,UgzGIZNTYQyyJpf6Uut4AaABAg,@jonathanqrorockhd7391,Que se ponga a trabajar la presidenta y el secretario de seguridad pública que solo está de adorno!!,2026-04-07T03:28:17Z,1,gobierno de Tampico,Paro de transportistas y agricultores paraliza carreteras en México | Mapa de bloqueos 2026,Azteca Noticias,2026-04-06T20:25:50Z,2026-04-15 05:29:29
yEOujekyYO0,Ugzvbh_eA5OFE_Ym7hB4AaABAg,@ClaudiaLopez-wl9ri,Muy bien! Apoyo total a los transportistas y agricultores. Ya estamos hartos de tanta inseguridad !,2026-04-07T03:05:07Z,6,gobierno de Tampico,Paro de transportistas y agricultores paraliza carreteras en México | Mapa de bloqueos 2026,Azteca Noticias,2026-04-06T20:25:50Z,2026-04-15 05:29:29
yEOujekyYO0,UgyJJeNrk-Y02Jm0qr94AaABAg,@melinamarquez5416,Excelente,2026-04-07T02:58:59Z,1,gobierno de Tampico,Paro de transportistas y agricultores paraliza carreteras en México | Mapa de bloqueos 2026,Azteca Noticias,2026-04-06T20:25:50Z,2026-04-15 05:29:29
yEOujekyYO0,UgzIXyK1Qf-gvc9yAnR4AaABAg,@arturoleon9618,No Mano no man,2026-04-07T02:55:14Z,0,gobierno de Tampico,Paro de transportistas y agricultores paraliza carreteras en México | Mapa de bloqueos 2026,Azteca Noticias,2026-04-06T20:25:50Z,2026-04-15 05:29:29
yEOujekyYO0,UgwY4dDAHf9FRyJTT-h4AaABAg,@DanielAbonce,"Si van a ver televisión abierta, mejor vean imagen, los aztecos son unos mentirosos.",2026-04-07T01:39:07Z,0,gobierno de Tampico,Paro de transportistas y agricultores paraliza carreteras en México | Mapa de bloqueos 2026,Azteca Noticias,2026-04-06T20:25:50Z,2026-04-15 05:29:29
yEOujekyYO0,UgwyPGBVAddQWRryd3l4AaABAg,@roger8205ramirez,Los campesinos de verdad no están los que están son los que controlan el agua los que hacen politica con estas pendejadas que solo perjudican ala jente trabajadora,2026-04-07T01:20:22Z,0,gobierno de Tampico,Paro de transportistas y agricultores paraliza carreteras en México | Mapa de bloqueos 2026,Azteca Noticias,2026-04-06T20:25:50Z,2026-04-15 05:29:29
yEOujekyYO0,UgwrqUQoR5j5WCixRVd4AaABAg,@JoséRodríguez-q8p,Jajajaja 😂 chido su mini bloqueo 😅😅 jajaja,2026-04-07T01:11:38Z,0,gobierno de Tampico,Paro de transportistas y agricultores paraliza carreteras en México | Mapa de bloqueos 2026,Azteca Noticias,2026-04-06T20:25:50Z,2026-04-15 05:29:29
yEOujekyYO0,UgypCJ0NLtBG6gp2N1d4AaABAg,@OmarBuchahin,Yo no vote por la jorobada. Solicitaré la revocación de mandato,2026-04-07T00:47:41Z,1,gobierno de Tampico,Paro de transportistas y agricultores paraliza carreteras en México | Mapa de bloqueos 2026,Azteca Noticias,2026-04-06T20:25:50Z,2026-04-15 05:29:29
yEOujekyYO0,UgxOqGKNF7c4zBDpqut4AaABAg,@patriciaalvarado7234,No mmn ! Les están resolviendo y se dejan llevar. Que ignorancia.,2026-04-07T00:33:10Z,1,gobierno de Tampico,Paro de transportistas y agricultores paraliza carreteras en México | Mapa de bloqueos 2026,Azteca Noticias,2026-04-06T20:25:50Z,2026-04-15 05:29:29
yEOujekyYO0,Ugxwc5TbJTSHL6_1zth4AaABAg,@enriquecardenas3657,Ay miles de trailers circulando diario  pues se tienen q parar por los agricultores  y dicen q están apoyando mentiras  están parados por los agricultores y chayoteros,2026-04-07T00:23:05Z,0,gobierno de Tampico,Paro de transportistas y agricultores paraliza carreteras en México | Mapa de bloqueos 2026,Azteca Noticias,2026-04-06T20:25:50Z,2026-04-15 05:29:29
yEOujekyYO0,UgwWlrqkD0SyIfwH16V4AaABAg,@edytomaso,"quieren pensiones y becas, voten por morena",2026-04-07T00:02:50Z,0,gobierno de Tampico,Paro de transportistas y agricultores paraliza carreteras en México | Mapa de bloqueos 2026,Azteca Noticias,2026-04-06T20:25:50Z,2026-04-15 05:29:29
yEOujekyYO0,Ugx6QgKsS-_WmhU30OJ4AaABAg,@Georgekerendon,siii apoyo el campesino y a los dueños de autobuses el diésel está muy caro y la gasolina pero peroooo que tal le regalan petróleo a cuba,2026-04-06T23:40:52Z,5,gobierno de Tampico,Paro de transportistas y agricultores paraliza carreteras en México | Mapa de bloqueos 2026,Azteca Noticias,2026-04-06T20:25:50Z,2026-04-15 05:29:29
yEOujekyYO0,UgwA-PxFtJj4Eb8ZZbJ4AaABAg,@elviravera7627,Méxicanos con ustedes!    Yo acabo de comprar 1kg de chie poblano 100 pesos el kiloooo‼️,2026-04-06T23:32:47Z,1,gobierno de Tampico,Paro de transportistas y agricultores paraliza carreteras en México | Mapa de bloqueos 2026,Azteca Noticias,2026-04-06T20:25:50Z,2026-04-15 05:29:29
yEOujekyYO0,Ugxhumx_7EDEUpuqgy94AaABAg,@marthaelenasanchezhernande8765,"Avanza el HARTAZGO de la gente trabajadora contra el narco gobierno, vamos bien para derrocar a la tiranía que nos gobierna y le somos indiferentes, total apoyo a los transportistas y campesinos!!!",2026-04-06T23:23:04Z,3,gobierno de Tampico,Paro de transportistas y agricultores paraliza carreteras en México | Mapa de bloqueos 2026,Azteca Noticias,2026-04-06T20:25:50Z,2026-04-15 05:29:29
yEOujekyYO0,UgxHEGoQgIOwiCx41BN4AaABAg,@alexelleon7901,EL DISEL DEBE SER MAS VARATO EL CAMPO NOS DA DE TRAGAR Y TODO MUY CARO.,2026-04-06T23:19:05Z,12,gobierno de Tampico,Paro de transportistas y agricultores paraliza carreteras en México | Mapa de bloqueos 2026,Azteca Noticias,2026-04-06T20:25:50Z,2026-04-15 05:29:29
yEOujekyYO0,Ugy-YyUGV11HwYTjq394AaABAg,@alexelleon7901,NO HAY RESPUESTA DE LOS MORENA SON UNOS DICTADORES EL DISEL 30 PESOS MIENTRAS LA PRESIDENTE AYUDANDO A CUBA EN MEXICO NO HAY NADA SI NO DA RESPUESTA VAMOS A MANIFESTARNOS TODO EL PUEBLO PARA SACAR A CLUDIA NO ASE NADA  EN TODOS LADOS HAY ROBOS LOS MEXICANOS NO PODEMOS MAS NESECITAMOS UN GOBIERNO CAPAZ.,2026-04-06T23:17:19Z,2,gobierno de Tampico,Paro de transportistas y agricultores paraliza carreteras en México | Mapa de bloqueos 2026,Azteca Noticias,2026-04-06T20:25:50Z,2026-04-15 05:29:29
yEOujekyYO0,UgzPdej5mWoN8U03r-d4AaABAg,@manuelfrancisco2811,"Mucho apoyo para los agricultores, son los que cosechan alimentos de primera necesidad, así como el maíz, frijoles jitomates cebollas etcétera, sin",2026-04-06T23:16:56Z,4,gobierno de Tampico,Paro de transportistas y agricultores paraliza carreteras en México | Mapa de bloqueos 2026,Azteca Noticias,2026-04-06T20:25:50Z,2026-04-15 05:29:29
yEOujekyYO0,UgwLLrGsmZRpNdj82jB4AaABAg,@alexelleon7901,SI CLUDIA NO PUEDE QUE RENUNCI,2026-04-06T23:12:34Z,9,gobierno de Tampico,Paro de transportistas y agricultores paraliza carreteras en México | Mapa de bloqueos 2026,Azteca Noticias,2026-04-06T20:25:50Z,2026-04-15 05:29:29
yEOujekyYO0,Ugy632JjWFqgY2NgIR14AaABAg,@armandorascon4637,"Algo Se Tiene que Hacer,, más aún de Bloqueo de Tramos Federales",2026-04-06T22:55:06Z,2,gobierno de Tampico,Paro de transportistas y agricultores paraliza carreteras en México | Mapa de bloqueos 2026,Azteca Noticias,2026-04-06T20:25:50Z,2026-04-15 05:29:29
yEOujekyYO0,UgzzCr7a62zcAp_H5sR4AaABAg,@mickimercado2268,Puro sindicato y grupos prianistas ya no engañan a nadie. Y luego con pseudocumunicadores ya conocidos.😂😂😂😂,2026-04-06T22:51:27Z,0,gobierno de Tampico,Paro de transportistas y agricultores paraliza carreteras en México | Mapa de bloqueos 2026,Azteca Noticias,2026-04-06T20:25:50Z,2026-04-15 05:29:29
yEOujekyYO0,UgyA1o94psX7KGmxiHp4AaABAg,@sunyarelychemaramirez9425,Bamos bien  dice  claudia,2026-04-06T22:27:09Z,0,gobierno de Tampico,Paro de transportistas y agricultores paraliza carreteras en México | Mapa de bloqueos 2026,Azteca Noticias,2026-04-06T20:25:50Z,2026-04-15 05:29:29
yEOujekyYO0,UgzbG5ba3py2gLmJsIN4AaABAg,@sunyarelychemaramirez9425,Los retenes son de los cobra piso,2026-04-06T22:25:24Z,1,gobierno de Tampico,Paro de transportistas y agricultores paraliza carreteras en México | Mapa de bloqueos 2026,Azteca Noticias,2026-04-06T20:25:50Z,2026-04-15 05:29:29
yEOujekyYO0,UgwUCVxdZ8B0kPETRN94AaABAg,@juancarlossanchezveana1812,Terrible 😮,2026-04-06T22:20:20Z,0,gobierno de Tampico,Paro de transportistas y agricultores paraliza carreteras en México | Mapa de bloqueos 2026,Azteca Noticias,2026-04-06T20:25:50Z,2026-04-15 05:29:29
yEOujekyYO0,UgyeIxp0Bpw5eh7Bew94AaABAg,@abelangel9461,No q en todo el pais tvaztecos,2026-04-06T22:07:46Z,1,gobierno de Tampico,Paro de transportistas y agricultores paraliza carreteras en México | Mapa de bloqueos 2026,Azteca Noticias,2026-04-06T20:25:50Z,2026-04-15 05:29:29
yEOujekyYO0,UgxGvXfduxf0vY7mgXp4AaABAg,@angelicasegura891,"Muy bien, hartos de tanta corrupción",2026-04-06T22:05:09Z,18,gobierno de Tampico,Paro de transportistas y agricultores paraliza carreteras en México | Mapa de bloqueos 2026,Azteca Noticias,2026-04-06T20:25:50Z,2026-04-15 05:29:29
yEOujekyYO0,UgxtqFKkAyKYRbgGwF94AaABAg,@JoseFuentes-p4q,APOYA TOTAL 💪 🙌  YA ESTUVO TANTO ASALTO CORRUPTOS 😡,2026-04-06T22:04:22Z,17,gobierno de Tampico,Paro de transportistas y agricultores paraliza carreteras en México | Mapa de bloqueos 2026,Azteca Noticias,2026-04-06T20:25:50Z,2026-04-15 05:29:29
yEOujekyYO0,UgwVzs7XIa7Z4ZsPKd94AaABAg,@vidlugoz4944,Pero la presidenta aseguro que todo estaba bien que no habia ningún problema que hay diálogo que hay acciones. Cómo es posible que la presidenta diga eso.,2026-04-06T21:38:15Z,0,gobierno de Tampico,Paro de transportistas y agricultores paraliza carreteras en México | Mapa de bloqueos 2026,Azteca Noticias,2026-04-06T20:25:50Z,2026-04-15 05:29:29
yEOujekyYO0,UgzinEQF-CVHBkZLpil4AaABAg,@vidlugoz4944,Que abran su carpeta de investigación.,2026-04-06T21:37:03Z,1,gobierno de Tampico,Paro de transportistas y agricultores paraliza carreteras en México | Mapa de bloqueos 2026,Azteca Noticias,2026-04-06T20:25:50Z,2026-04-15 05:29:29
yEOujekyYO0,UgzC1kEysauO3fNuPKp4AaABAg,@AngelPerez-s5k6b,Que bueno para que vea Claudia sheimon que en México no está bien porque Claudia sheimon dice que todo está bien solo sabe desir que MÉXICO está bien,2026-04-06T21:29:15Z,1,gobierno de Tampico,Paro de transportistas y agricultores paraliza carreteras en México | Mapa de bloqueos 2026,Azteca Noticias,2026-04-06T20:25:50Z,2026-04-15 05:29:29
yEOujekyYO0,UgxzG5CzeVUJDYuYl254AaABAg,@SilviaGonzalez-c7x,Justa causa,2026-04-06T21:25:42Z,6,gobierno de Tampico,Paro de transportistas y agricultores paraliza carreteras en México | Mapa de bloqueos 2026,Azteca Noticias,2026-04-06T20:25:50Z,2026-04-15 05:29:29
yEOujekyYO0,Ugx-St06ghdzoN6ag9x4AaABAg,@ismagumo1711,Y en cambio el gobierno modifica las leyes para favorecer a los delincuentes,2026-04-06T21:22:35Z,11,gobierno de Tampico,Paro de transportistas y agricultores paraliza carreteras en México | Mapa de bloqueos 2026,Azteca Noticias,2026-04-06T20:25:50Z,2026-04-15 05:29:29
yEOujekyYO0,UgyWNX6g5uE6yttpZU94AaABAg,@wicho8358,MIENTRAS LA NARCOPRECIRVIENTA CIENTÍFICA BIENESTAR BOLIVARIANA CLAUDIA SHIEMBAUN ORDAZ LÓPEZ ROMPIENDO RÉCORDS MUNDIALES EN MASACRES FEMENICIDIOS INFANTICIDIOS PERIODISTAS ASESINADOS FOSAS CLANDESTINAS ASESINATOS SECUESTROS DESAPARICOONES FORZADAS TODOS LOS DÍAS CON TOTAL IMPUNIDAD INSTITUCIONAL MEXICANA LLAMADA ABRAZOS SÍ BALAZOS Y SEMBRANDO MUERTOS INACEPTABLE SU PERMANENCIA,2026-04-06T21:20:50Z,0,gobierno de Tampico,Paro de transportistas y agricultores paraliza carreteras en México | Mapa de bloqueos 2026,Azteca Noticias,2026-04-06T20:25:50Z,2026-04-15 05:29:29
yEOujekyYO0,UgxG8x1V1Om4g_QnI3J4AaABAg,@anatopete6591,Que paren el pais..me.sumo,2026-04-06T21:15:37Z,10,gobierno de Tampico,Paro de transportistas y agricultores paraliza carreteras en México | Mapa de bloqueos 2026,Azteca Noticias,2026-04-06T20:25:50Z,2026-04-15 05:29:29
yEOujekyYO0,UgxIj8IudjC0LfMTtGB4AaABAg,@luismartinez-jj8hz,"todo lo que piden esta bien, nomas lo del diésel eso no lo apoyo, si bien esta caro pero no es culpa del gobierno sino por la guerra y lamento decirlo pero EUA y iran ninguno va a ceder y esa guerra va a durar mucho, entonces espérense que suba mas el diésel y la gasolina es insostenible que el gobierno deje de percibir 5mil millones de pesos por semana, simplemente en unas semanas se terminara el subsidio y ahora si la verde a 30 o mas al precio casi a nivel mundial, y lo malo es que no hay mucho que puedan hacer aunque hagan bloqueo y eso subira igual es algo inevitable a menos de que se termine la guerra...",2026-04-06T21:10:25Z,1,gobierno de Tampico,Paro de transportistas y agricultores paraliza carreteras en México | Mapa de bloqueos 2026,Azteca Noticias,2026-04-06T20:25:50Z,2026-04-15 05:29:29
yEOujekyYO0,UgyFQLkQd47OT5M7DV54AaABAg,@aaronlopez1572,"EL GOBIERNO FEDERAL VIVE DE LA MENTIRA Y EL ENGAÑO, GRACIAS OTROS DATOS",2026-04-06T20:49:47Z,7,gobierno de Tampico,Paro de transportistas y agricultores paraliza carreteras en México | Mapa de bloqueos 2026,Azteca Noticias,2026-04-06T20:25:50Z,2026-04-15 05:29:29
yEOujekyYO0,Ugx_HuHoIubbNT49plB4AaABAg,@UnCiudadanoInformado,"Que no se quiten hasta que les cumplan, como es posible que tengan que reclamar lo que le corresponde por derecho al gobierno 🤬🤬🤬",2026-04-06T20:47:12Z,14,gobierno de Tampico,Paro de transportistas y agricultores paraliza carreteras en México | Mapa de bloqueos 2026,Azteca Noticias,2026-04-06T20:25:50Z,2026-04-15 05:29:29
yEOujekyYO0,UgyifrJYqZEWa8gDIvF4AaABAg,@elirios4094,Ya basta que los asesinen…y los agricultores no los asesinen y los extorsionen…. El gobierno solo les da atole con el dedo…,2026-04-06T20:47:07Z,7,gobierno de Tampico,Paro de transportistas y agricultores paraliza carreteras en México | Mapa de bloqueos 2026,Azteca Noticias,2026-04-06T20:25:50Z,2026-04-15 05:29:29
yEOujekyYO0,UgzeraQ0E1u98_Sz25p4AaABAg,@carmencampos9804,Lo que hay que hacer para que puedan ser escuchado su voz y ésto es en todos los problemas que hay en todo el país,2026-04-06T20:45:25Z,12,gobierno de Tampico,Paro de transportistas y agricultores paraliza carreteras en México | Mapa de bloqueos 2026,Azteca Noticias,2026-04-06T20:25:50Z,2026-04-15 05:29:29
yEOujekyYO0,UgwiAQ3w01Jw_feB4Rt4AaABAg,@gonzaloarvietti7189,A  Bloquear todo en el mundial<br>A ridiculizar internacionalmente a Narcomorena. Ni un voto a esos narcopoliticos guinda,2026-04-06T20:39:11Z,1,gobierno de Tampico,Paro de transportistas y agricultores paraliza carreteras en México | Mapa de bloqueos 2026,Azteca Noticias,2026-04-06T20:25:50Z,2026-04-15 05:29:29
