{
  "clean_run_id": "E3_v3_clean",
  "comparacion_por_horizonte": [
    {
      "delta_direction_accuracy": 0.0,
      "delta_loss_h": 0.011387727623497407,
      "delta_mae": 0.009822214147903519,
      "delta_risk_detection": -0.08333333333333337,
      "delta_rmse": 0.004545905625625624,
      "direction_accuracy_clean": 0.8076923076923077,
      "direction_accuracy_original": 0.8076923076923077,
      "horizonte_sem": 1,
      "loss_h_clean": 0.07624750751588631,
      "loss_h_original": 0.0648597798923889,
      "mae_clean": 0.11042099628673462,
      "mae_original": 0.1005987821388311,
      "risk_detection_clean": 0.75,
      "risk_detection_original": 0.8333333333333334,
      "rmse_clean": 0.1373978872462336,
      "rmse_original": 0.132851981620608
    },
    {
      "delta_direction_accuracy": -0.08000000000000007,
      "delta_loss_h": 0.01954209255890392,
      "delta_mae": 0.007327805124473147,
      "delta_risk_detection": -0.19999999999999996,
      "delta_rmse": 0.003222068929785743,
      "direction_accuracy_clean": 0.6,
      "direction_accuracy_original": 0.68,
      "horizonte_sem": 2,
      "loss_h_clean": 0.09104299557745855,
      "loss_h_original": 0.07150090301855463,
      "mae_clean": 0.11105346922830675,
      "mae_original": 0.1037256641038336,
      "risk_detection_clean": 0.5,
      "risk_detection_original": 0.7,
      "rmse_clean": 0.13970604110000395,
      "rmse_original": 0.1364839721702182
    },
    {
      "delta_direction_accuracy": 0.04166666666666674,
      "delta_loss_h": 0.002632509507435696,
      "delta_mae": 0.011763701098592774,
      "delta_risk_detection": 0.0,
      "delta_rmse": 0.004848824716616074,
      "direction_accuracy_clean": 0.8333333333333334,
      "direction_accuracy_original": 0.7916666666666666,
      "horizonte_sem": 3,
      "loss_h_clean": 0.07081369075628599,
      "loss_h_original": 0.0681811812488503,
      "mae_clean": 0.11530615112935598,
      "mae_original": 0.1035424500307632,
      "risk_detection_clean": 0.8181818181818182,
      "risk_detection_original": 0.8181818181818182,
      "rmse_clean": 0.14203952556348698,
      "rmse_original": 0.1371907008468709
    },
    {
      "delta_direction_accuracy": -0.04347826086956519,
      "delta_loss_h": 0.010285255870698368,
      "delta_mae": 0.00376773892208572,
      "delta_risk_detection": -0.2222222222222222,
      "delta_rmse": 0.00674278654986471,
      "direction_accuracy_clean": 0.6521739130434783,
      "direction_accuracy_original": 0.6956521739130435,
      "horizonte_sem": 4,
      "loss_h_clean": 0.049185152777518955,
      "loss_h_original": 0.03889989690682059,
      "mae_clean": 0.10594869634096722,
      "mae_original": 0.1021809574188815,
      "risk_detection_clean": 0.5555555555555556,
      "risk_detection_original": 0.7777777777777778,
      "rmse_clean": 0.146264840710321,
      "rmse_original": 0.1395220541604563
    }
  ],
  "l_total_radar_clean": 0.28728934662714983,
  "reference_run_id": "E1_v5_clean"
}