{
  "clean_run_id": "E3_v3_clean",
  "comparacion_por_horizonte": [
    {
      "delta_direction_accuracy": 0.05769230769230771,
      "delta_loss_h": 0.005169238406087379,
      "delta_mae": -0.009311318531827484,
      "delta_risk_detection": -0.09615384615384615,
      "delta_rmse": -0.012587160143450099,
      "direction_accuracy_clean": 0.8076923076923077,
      "direction_accuracy_original": 0.75,
      "horizonte_sem": 1,
      "loss_h_clean": 0.07624750751588631,
      "loss_h_original": 0.07107826910979893,
      "mae_clean": 0.11042099628673462,
      "mae_original": 0.1197323148185621,
      "risk_detection_clean": 0.75,
      "risk_detection_original": 0.8461538461538461,
      "rmse_clean": 0.1373978872462336,
      "rmse_original": 0.1499850473896837
    },
    {
      "delta_direction_accuracy": -0.06666666666666665,
      "delta_loss_h": 0.021766280682653016,
      "delta_mae": -0.002522448922068543,
      "delta_risk_detection": -0.25,
      "delta_rmse": -0.008265354714426937,
      "direction_accuracy_clean": 0.6,
      "direction_accuracy_original": 0.6666666666666666,
      "horizonte_sem": 2,
      "loss_h_clean": 0.09104299557745855,
      "loss_h_original": 0.06927671489480554,
      "mae_clean": 0.11105346922830675,
      "mae_original": 0.1135759181503753,
      "risk_detection_clean": 0.5,
      "risk_detection_original": 0.75,
      "rmse_clean": 0.13970604110000395,
      "rmse_original": 0.1479713958144309
    },
    {
      "delta_direction_accuracy": 0.17948717948717952,
      "delta_loss_h": -0.03830745366468011,
      "delta_mae": -0.026603542037560227,
      "delta_risk_detection": 0.23484848484848486,
      "delta_rmse": -0.021089440335519433,
      "direction_accuracy_clean": 0.8333333333333334,
      "direction_accuracy_original": 0.6538461538461539,
      "horizonte_sem": 3,
      "loss_h_clean": 0.07081369075628599,
      "loss_h_original": 0.1091211444209661,
      "mae_clean": 0.11530615112935598,
      "mae_original": 0.1419096931669162,
      "risk_detection_clean": 0.8181818181818182,
      "risk_detection_original": 0.5833333333333334,
      "rmse_clean": 0.14203952556348698,
      "rmse_original": 0.1631289658990064
    },
    {
      "delta_direction_accuracy": -0.10782608695652174,
      "delta_loss_h": 0.012196769415547447,
      "delta_mae": -0.037481442611771984,
      "delta_risk_detection": -0.34444444444444444,
      "delta_rmse": -0.020862101617017986,
      "direction_accuracy_clean": 0.6521739130434783,
      "direction_accuracy_original": 0.76,
      "horizonte_sem": 4,
      "loss_h_clean": 0.049185152777518955,
      "loss_h_original": 0.03698838336197151,
      "mae_clean": 0.10594869634096722,
      "mae_original": 0.1434301389527392,
      "risk_detection_clean": 0.5555555555555556,
      "risk_detection_original": 0.9,
      "rmse_clean": 0.146264840710321,
      "rmse_original": 0.167126942327339
    }
  ],
  "l_total_radar_clean": 0.28728934662714983,
  "reference_run_id": "E2_v3_clean"
}