{
  "clean_run_id": "E3_v3_clean",
  "comparacion_por_horizonte": [
    {
      "delta_direction_accuracy": 0.07692307692307698,
      "delta_loss_h": -0.0038843789391890676,
      "delta_mae": 0.004283582341347722,
      "delta_risk_detection": 0.0,
      "delta_rmse": 0.004513396334864306,
      "direction_accuracy_clean": 0.8076923076923077,
      "direction_accuracy_original": 0.7307692307692307,
      "horizonte_sem": 1,
      "loss_h_clean": 0.07624750751588631,
      "loss_h_original": 0.08013188645507538,
      "mae_clean": 0.11042099628673462,
      "mae_original": 0.1061374139453869,
      "risk_detection_clean": 0.75,
      "risk_detection_original": 0.75,
      "rmse_clean": 0.1373978872462336,
      "rmse_original": 0.1328844909113693
    },
    {
      "delta_direction_accuracy": 0.0,
      "delta_loss_h": 0.006815410689103407,
      "delta_mae": 0.003975865012798646,
      "delta_risk_detection": -0.09999999999999998,
      "delta_rmse": 0.005454438328870853,
      "direction_accuracy_clean": 0.6,
      "direction_accuracy_original": 0.6,
      "horizonte_sem": 2,
      "loss_h_clean": 0.09104299557745855,
      "loss_h_original": 0.08422758488835515,
      "mae_clean": 0.11105346922830675,
      "mae_original": 0.1070776042155081,
      "risk_detection_clean": 0.5,
      "risk_detection_original": 0.6,
      "rmse_clean": 0.13970604110000395,
      "rmse_original": 0.1342516027711331
    },
    {
      "delta_direction_accuracy": 0.0,
      "delta_loss_h": 0.0025130195375230174,
      "delta_mae": 0.0074011028421390734,
      "delta_risk_detection": 0.0,
      "delta_rmse": 0.005484388692732489,
      "direction_accuracy_clean": 0.8333333333333334,
      "direction_accuracy_original": 0.8333333333333334,
      "horizonte_sem": 3,
      "loss_h_clean": 0.07081369075628599,
      "loss_h_original": 0.06830067121876297,
      "mae_clean": 0.11530615112935598,
      "mae_original": 0.1079050482872169,
      "risk_detection_clean": 0.8181818181818182,
      "risk_detection_original": 0.8181818181818182,
      "rmse_clean": 0.14203952556348698,
      "rmse_original": 0.1365551368707545
    },
    {
      "delta_direction_accuracy": 0.0,
      "delta_loss_h": 0.0009529741726137173,
      "delta_mae": 0.0035252877566527285,
      "delta_risk_detection": 0.0,
      "delta_rmse": 0.0036024691595334946,
      "direction_accuracy_clean": 0.6521739130434783,
      "direction_accuracy_original": 0.6521739130434783,
      "horizonte_sem": 4,
      "loss_h_clean": 0.049185152777518955,
      "loss_h_original": 0.04823217860490524,
      "mae_clean": 0.10594869634096722,
      "mae_original": 0.1024234085843145,
      "risk_detection_clean": 0.5555555555555556,
      "risk_detection_original": 0.5555555555555556,
      "rmse_clean": 0.146264840710321,
      "rmse_original": 0.1426623715507875
    }
  ],
  "l_total_radar_clean": 0.28728934662714983,
  "reference_run_id": "E3_v1_clean"
}