{
  "clean_run_id": "E3_v3_clean",
  "comparacion_por_horizonte": [
    {
      "delta_direction_accuracy": -0.049450549450549386,
      "delta_loss_h": 0.01223855806254287,
      "delta_mae": 0.003860982136489513,
      "delta_risk_detection": -0.09615384615384615,
      "delta_rmse": 0.0028027175158667206,
      "direction_accuracy_clean": 0.8076923076923077,
      "direction_accuracy_original": 0.8571428571428571,
      "horizonte_sem": 1,
      "loss_h_clean": 0.07624750751588631,
      "loss_h_original": 0.06400894945334344,
      "mae_clean": 0.11042099628673462,
      "mae_original": 0.1065600141502451,
      "risk_detection_clean": 0.75,
      "risk_detection_original": 0.8461538461538461,
      "rmse_clean": 0.1373978872462336,
      "rmse_original": 0.1345951697303669
    },
    {
      "delta_direction_accuracy": 0.007407407407407418,
      "delta_loss_h": 0.006703424521413745,
      "delta_mae": 0.010382990150177546,
      "delta_risk_detection": -0.08333333333333337,
      "delta_rmse": 0.010249902738663663,
      "direction_accuracy_clean": 0.6,
      "direction_accuracy_original": 0.5925925925925926,
      "horizonte_sem": 2,
      "loss_h_clean": 0.09104299557745855,
      "loss_h_original": 0.08433957105604481,
      "mae_clean": 0.11105346922830675,
      "mae_original": 0.1006704790781292,
      "risk_detection_clean": 0.5,
      "risk_detection_original": 0.5833333333333334,
      "rmse_clean": 0.13970604110000395,
      "rmse_original": 0.1294561383613403
    },
    {
      "delta_direction_accuracy": 0.02564102564102566,
      "delta_loss_h": 0.00341579995891661,
      "delta_mae": 0.013357150973616283,
      "delta_risk_detection": -0.015151515151515138,
      "delta_rmse": 0.010355724076749673,
      "direction_accuracy_clean": 0.8333333333333334,
      "direction_accuracy_original": 0.8076923076923077,
      "horizonte_sem": 3,
      "loss_h_clean": 0.07081369075628599,
      "loss_h_original": 0.06739789079736938,
      "mae_clean": 0.11530615112935598,
      "mae_original": 0.1019490001557397,
      "risk_detection_clean": 0.8181818181818182,
      "risk_detection_original": 0.8333333333333334,
      "rmse_clean": 0.14203952556348698,
      "rmse_original": 0.1316838014867373
    },
    {
      "delta_direction_accuracy": -0.0678260869565217,
      "delta_loss_h": 0.011654119834764762,
      "delta_mae": 0.0036236399065166236,
      "delta_risk_detection": -0.24444444444444446,
      "delta_rmse": 0.01040962176043031,
      "direction_accuracy_clean": 0.6521739130434783,
      "direction_accuracy_original": 0.72,
      "horizonte_sem": 4,
      "loss_h_clean": 0.049185152777518955,
      "loss_h_original": 0.03753103294275419,
      "mae_clean": 0.10594869634096722,
      "mae_original": 0.1023250564344506,
      "risk_detection_clean": 0.5555555555555556,
      "risk_detection_original": 0.8,
      "rmse_clean": 0.146264840710321,
      "rmse_original": 0.1358552189498907
    }
  ],
  "l_total_radar_clean": 0.28728934662714983,
  "reference_run_id": "E1_v4_clean"
}