{
  "clean_run_id": "E5_v1_clean",
  "comparacion_por_horizonte": [
    {
      "delta_direction_accuracy": 0.019230769230769273,
      "delta_loss_h": 0.0011339102284903813,
      "delta_mae": -0.022815684271643488,
      "delta_risk_detection": -0.09615384615384615,
      "delta_rmse": -0.021816789380011387,
      "direction_accuracy_clean": 0.7692307692307693,
      "direction_accuracy_original": 0.75,
      "horizonte_sem": 1,
      "loss_h_clean": 0.07221217933828931,
      "loss_h_original": 0.07107826910979893,
      "mae_clean": 0.09691663054691861,
      "mae_original": 0.1197323148185621,
      "risk_detection_clean": 0.75,
      "risk_detection_original": 0.8461538461538461,
      "rmse_clean": 0.12816825800967233,
      "rmse_original": 0.1499850473896837
    },
    {
      "delta_direction_accuracy": -0.06666666666666665,
      "delta_loss_h": 0.012403567882263863,
      "delta_mae": -0.010346842725757893,
      "delta_risk_detection": -0.15000000000000002,
      "delta_rmse": -0.015520933394754438,
      "direction_accuracy_clean": 0.6,
      "direction_accuracy_original": 0.6666666666666666,
      "horizonte_sem": 2,
      "loss_h_clean": 0.0816802827770694,
      "loss_h_original": 0.06927671489480554,
      "mae_clean": 0.1032290754246174,
      "mae_original": 0.1135759181503753,
      "risk_detection_clean": 0.6,
      "risk_detection_original": 0.75,
      "rmse_clean": 0.13245046241967645,
      "rmse_original": 0.1479713958144309
    },
    {
      "delta_direction_accuracy": 0.17948717948717952,
      "delta_loss_h": -0.04453165695474259,
      "delta_mae": -0.04110199788728029,
      "delta_risk_detection": 0.23484848484848486,
      "delta_rmse": -0.029666225270178592,
      "direction_accuracy_clean": 0.8333333333333334,
      "direction_accuracy_original": 0.6538461538461539,
      "horizonte_sem": 3,
      "loss_h_clean": 0.0645894874662235,
      "loss_h_original": 0.1091211444209661,
      "mae_clean": 0.10080769527963591,
      "mae_original": 0.1419096931669162,
      "risk_detection_clean": 0.8181818181818182,
      "risk_detection_original": 0.5833333333333334,
      "rmse_clean": 0.13346274062882782,
      "rmse_original": 0.1631289658990064
    },
    {
      "delta_direction_accuracy": -0.02086956521739136,
      "delta_loss_h": -0.00021114348914465925,
      "delta_mae": -0.03937459660063211,
      "delta_risk_detection": -0.12222222222222223,
      "delta_rmse": -0.017827421583620023,
      "direction_accuracy_clean": 0.7391304347826086,
      "direction_accuracy_original": 0.76,
      "horizonte_sem": 4,
      "loss_h_clean": 0.03677723987282685,
      "loss_h_original": 0.03698838336197151,
      "mae_clean": 0.1040555423521071,
      "mae_original": 0.1434301389527392,
      "risk_detection_clean": 0.7777777777777778,
      "risk_detection_original": 0.9,
      "rmse_clean": 0.14929952074371897,
      "rmse_original": 0.167126942327339
    }
  ],
  "l_total_radar_clean": 0.25525918945440906,
  "reference_run_id": "E2_v3_clean"
}