{
  "clean_run_id": "E5_v1_clean",
  "comparacion_por_horizonte": [
    {
      "delta_direction_accuracy": -0.08791208791208782,
      "delta_loss_h": 0.008203229884945873,
      "delta_mae": -0.009643383603326491,
      "delta_risk_detection": -0.09615384615384615,
      "delta_rmse": -0.006426911720694567,
      "direction_accuracy_clean": 0.7692307692307693,
      "direction_accuracy_original": 0.8571428571428571,
      "horizonte_sem": 1,
      "loss_h_clean": 0.07221217933828931,
      "loss_h_original": 0.06400894945334344,
      "mae_clean": 0.09691663054691861,
      "mae_original": 0.1065600141502451,
      "risk_detection_clean": 0.75,
      "risk_detection_original": 0.8461538461538461,
      "rmse_clean": 0.12816825800967233,
      "rmse_original": 0.1345951697303669
    },
    {
      "delta_direction_accuracy": 0.007407407407407418,
      "delta_loss_h": -0.002659288278975408,
      "delta_mae": 0.0025585963464881956,
      "delta_risk_detection": 0.016666666666666607,
      "delta_rmse": 0.002994324058336162,
      "direction_accuracy_clean": 0.6,
      "direction_accuracy_original": 0.5925925925925926,
      "horizonte_sem": 2,
      "loss_h_clean": 0.0816802827770694,
      "loss_h_original": 0.08433957105604481,
      "mae_clean": 0.1032290754246174,
      "mae_original": 0.1006704790781292,
      "risk_detection_clean": 0.6,
      "risk_detection_original": 0.5833333333333334,
      "rmse_clean": 0.13245046241967645,
      "rmse_original": 0.1294561383613403
    },
    {
      "delta_direction_accuracy": 0.02564102564102566,
      "delta_loss_h": -0.0028084033311458756,
      "delta_mae": -0.0011413048761037825,
      "delta_risk_detection": -0.015151515151515138,
      "delta_rmse": 0.0017789391420905132,
      "direction_accuracy_clean": 0.8333333333333334,
      "direction_accuracy_original": 0.8076923076923077,
      "horizonte_sem": 3,
      "loss_h_clean": 0.0645894874662235,
      "loss_h_original": 0.06739789079736938,
      "mae_clean": 0.10080769527963591,
      "mae_original": 0.1019490001557397,
      "risk_detection_clean": 0.8181818181818182,
      "risk_detection_original": 0.8333333333333334,
      "rmse_clean": 0.13346274062882782,
      "rmse_original": 0.1316838014867373
    },
    {
      "delta_direction_accuracy": 0.019130434782608674,
      "delta_loss_h": -0.0007537930699273443,
      "delta_mae": 0.0017304859176564963,
      "delta_risk_detection": -0.022222222222222254,
      "delta_rmse": 0.013444301793828273,
      "direction_accuracy_clean": 0.7391304347826086,
      "direction_accuracy_original": 0.72,
      "horizonte_sem": 4,
      "loss_h_clean": 0.03677723987282685,
      "loss_h_original": 0.03753103294275419,
      "mae_clean": 0.1040555423521071,
      "mae_original": 0.1023250564344506,
      "risk_detection_clean": 0.7777777777777778,
      "risk_detection_original": 0.8,
      "rmse_clean": 0.14929952074371897,
      "rmse_original": 0.1358552189498907
    }
  ],
  "l_total_radar_clean": 0.25525918945440906,
  "reference_run_id": "E1_v4_clean"
}