{
  "clean_run_id": "E5_v1_clean",
  "comparacion_por_horizonte": [
    {
      "delta_direction_accuracy": -0.038461538461538436,
      "delta_loss_h": -0.0004796899946701849,
      "delta_mae": -0.006191592271443891,
      "delta_risk_detection": 0.0,
      "delta_rmse": -0.00040652145196648504,
      "direction_accuracy_clean": 0.7692307692307693,
      "direction_accuracy_original": 0.8076923076923077,
      "horizonte_sem": 1,
      "loss_h_clean": 0.07221217933828931,
      "loss_h_original": 0.0726918693329595,
      "mae_clean": 0.09691663054691861,
      "mae_original": 0.1031082228183625,
      "risk_detection_clean": 0.75,
      "risk_detection_original": 0.75,
      "rmse_clean": 0.12816825800967233,
      "rmse_original": 0.1285747794616388
    },
    {
      "delta_direction_accuracy": -0.040000000000000036,
      "delta_loss_h": -0.0008120132029222349,
      "delta_mae": -0.0021940200299306045,
      "delta_risk_detection": 0.0,
      "delta_rmse": 0.0006021062298875446,
      "direction_accuracy_clean": 0.6,
      "direction_accuracy_original": 0.64,
      "horizonte_sem": 2,
      "loss_h_clean": 0.0816802827770694,
      "loss_h_original": 0.08249229597999164,
      "mae_clean": 0.1032290754246174,
      "mae_original": 0.105423095454548,
      "risk_detection_clean": 0.6,
      "risk_detection_original": 0.6,
      "rmse_clean": 0.13245046241967645,
      "rmse_original": 0.1318483561897889
    },
    {
      "delta_direction_accuracy": 0.04166666666666674,
      "delta_loss_h": -0.004359410706903891,
      "delta_mae": -0.007233459435750489,
      "delta_risk_detection": 0.0,
      "delta_rmse": -0.0039939385237869884,
      "direction_accuracy_clean": 0.8333333333333334,
      "direction_accuracy_original": 0.7916666666666666,
      "horizonte_sem": 3,
      "loss_h_clean": 0.0645894874662235,
      "loss_h_original": 0.0689488981731274,
      "mae_clean": 0.10080769527963591,
      "mae_original": 0.1080411547153864,
      "risk_detection_clean": 0.8181818181818182,
      "risk_detection_original": 0.8181818181818182,
      "rmse_clean": 0.13346274062882782,
      "rmse_original": 0.1374566791526148
    },
    {
      "delta_direction_accuracy": 0.04347826086956519,
      "delta_loss_h": -0.005476394715502063,
      "delta_mae": 0.0037585855931851903,
      "delta_risk_detection": 0.11111111111111116,
      "delta_rmse": 0.008549286218915653,
      "direction_accuracy_clean": 0.7391304347826086,
      "direction_accuracy_original": 0.6956521739130435,
      "horizonte_sem": 4,
      "loss_h_clean": 0.03677723987282685,
      "loss_h_original": 0.04225363458832891,
      "mae_clean": 0.1040555423521071,
      "mae_original": 0.1002969567589219,
      "risk_detection_clean": 0.7777777777777778,
      "risk_detection_original": 0.6666666666666666,
      "rmse_clean": 0.14929952074371897,
      "rmse_original": 0.1407502345248033
    }
  ],
  "l_total_radar_clean": 0.25525918945440906,
  "reference_run_id": "E3_v2_clean"
}