{
  "clean_run_id": "E5_v1_clean",
  "comparacion_por_horizonte": [
    {
      "delta_direction_accuracy": -0.038461538461538436,
      "delta_loss_h": 0.007352399445900409,
      "delta_mae": -0.003682151591912486,
      "delta_risk_detection": -0.08333333333333337,
      "delta_rmse": -0.004683723610935664,
      "direction_accuracy_clean": 0.7692307692307693,
      "direction_accuracy_original": 0.8076923076923077,
      "horizonte_sem": 1,
      "loss_h_clean": 0.07221217933828931,
      "loss_h_original": 0.0648597798923889,
      "mae_clean": 0.09691663054691861,
      "mae_original": 0.1005987821388311,
      "risk_detection_clean": 0.75,
      "risk_detection_original": 0.8333333333333334,
      "rmse_clean": 0.12816825800967233,
      "rmse_original": 0.132851981620608
    },
    {
      "delta_direction_accuracy": -0.08000000000000007,
      "delta_loss_h": 0.010179379758514767,
      "delta_mae": -0.0004965886792162033,
      "delta_risk_detection": -0.09999999999999998,
      "delta_rmse": -0.004033509750541758,
      "direction_accuracy_clean": 0.6,
      "direction_accuracy_original": 0.68,
      "horizonte_sem": 2,
      "loss_h_clean": 0.0816802827770694,
      "loss_h_original": 0.07150090301855463,
      "mae_clean": 0.1032290754246174,
      "mae_original": 0.1037256641038336,
      "risk_detection_clean": 0.6,
      "risk_detection_original": 0.7,
      "rmse_clean": 0.13245046241967645,
      "rmse_original": 0.1364839721702182
    },
    {
      "delta_direction_accuracy": 0.04166666666666674,
      "delta_loss_h": -0.0035916937826267897,
      "delta_mae": -0.0027347547511272913,
      "delta_risk_detection": 0.0,
      "delta_rmse": -0.003727960218043086,
      "direction_accuracy_clean": 0.8333333333333334,
      "direction_accuracy_original": 0.7916666666666666,
      "horizonte_sem": 3,
      "loss_h_clean": 0.0645894874662235,
      "loss_h_original": 0.0681811812488503,
      "mae_clean": 0.10080769527963591,
      "mae_original": 0.1035424500307632,
      "risk_detection_clean": 0.8181818181818182,
      "risk_detection_original": 0.8181818181818182,
      "rmse_clean": 0.13346274062882782,
      "rmse_original": 0.1371907008468709
    },
    {
      "delta_direction_accuracy": 0.04347826086956519,
      "delta_loss_h": -0.0021226570339937384,
      "delta_mae": 0.0018745849332255926,
      "delta_risk_detection": 0.0,
      "delta_rmse": 0.009777466583262673,
      "direction_accuracy_clean": 0.7391304347826086,
      "direction_accuracy_original": 0.6956521739130435,
      "horizonte_sem": 4,
      "loss_h_clean": 0.03677723987282685,
      "loss_h_original": 0.03889989690682059,
      "mae_clean": 0.1040555423521071,
      "mae_original": 0.1021809574188815,
      "risk_detection_clean": 0.7777777777777778,
      "risk_detection_original": 0.7777777777777778,
      "rmse_clean": 0.14929952074371897,
      "rmse_original": 0.1395220541604563
    }
  ],
  "l_total_radar_clean": 0.25525918945440906,
  "reference_run_id": "E1_v5_clean"
}