video_id,comment_id,author,comment_text,published_at,like_count,query,video_title,channel_title,video_published_at,fecha_extraccion
Jmy2IfcsTK4,UgyF24oJFcw1yTdm7BJ4AaABAg,@trasfabian,abrazo,2026-04-25T17:32:19Z,0,presidenta municipal de Tampico,Ocupación hotelera de Miramar del 100% en Semana Santa,Olga Sosa,2026-04-25T17:15:15Z,2026-05-04 07:48:41
Jmy2IfcsTK4,UgyF24oJFcw1yTdm7BJ4AaABAg,@trasfabian,abrazo,2026-04-25T17:32:19Z,0,Presidenta municipal de Tampico,Ocupación hotelera de Miramar del 100% en Semana Santa,Olga Sosa,2026-04-25T17:15:15Z,2026-05-04 07:48:41
awLYJy3zSdE,UgwNIaFVESU_rMUC9fp4AaABAg,@horaciolopez2577,Claudia es cómplice y toda la marina y ejército y guardia nacional,2026-04-27T18:09:54Z,0,Gobierno de Tampico,Combate a huachicol fiscal: Detención internacional clave,Clave Presidencial,2026-04-25T20:00:02Z,2026-05-04 07:48:41
awLYJy3zSdE,UgwrVRvyXN54zP9nCrN4AaABAg,@joaquinnavassilva57,"Se le debería caer la cara de vergüenza a esta nefasta mujer; que no se le olvide que todos estos huachicoleros, son fieles cuatroteros de morena y dicen que no roban, no mienten y no engañan! <br>Hampones Miserables! 😮😮😮",2026-04-27T14:39:19Z,0,Gobierno de Tampico,Combate a huachicol fiscal: Detención internacional clave,Clave Presidencial,2026-04-25T20:00:02Z,2026-05-04 07:48:41
awLYJy3zSdE,Ugwr8R0-nM-TpgwuFZl4AaABAg,@Mariomichoacan77,Uuuuuuu flaka.  Ahora te va costar carisimo .. haber apoyado a Cristina en Barcelona y criticar y estar chingando a Miley.  Tiemblas,2026-04-27T04:40:19Z,2,Gobierno de Tampico,Combate a huachicol fiscal: Detención internacional clave,Clave Presidencial,2026-04-25T20:00:02Z,2026-05-04 07:48:41
KPMMJ2_lCrI,UgwziOLPvEp5tCk3ZZ94AaABAg,@jamder719,"Bla, Bla, Bla, y la mentira que te eché.",2026-04-30T04:29:14Z,0,Gobierno de Tampico,"SHEINBAUM pide a ARGENTINA deportación de FARÍAS LAGUNA, acusado de HUACHICOL #shorts",EL PAÍS,2026-04-24T16:18:26Z,2026-05-04 07:48:41
KPMMJ2_lCrI,UgzBFNB4FvmyzvceIyl4AaABAg,@hanseinenlong9827,Argentina ya dijo que se lo va a dar a Estados Unidos,2026-04-28T01:44:56Z,1,Gobierno de Tampico,"SHEINBAUM pide a ARGENTINA deportación de FARÍAS LAGUNA, acusado de HUACHICOL #shorts",EL PAÍS,2026-04-24T16:18:26Z,2026-05-04 07:48:41
KPMMJ2_lCrI,UgzrYvRvLQmfyFMcCX14AaABAg,@IvánColín-e5r,Y por qué no puso los letreros que suele poner,2026-04-28T01:36:04Z,1,Gobierno de Tampico,"SHEINBAUM pide a ARGENTINA deportación de FARÍAS LAGUNA, acusado de HUACHICOL #shorts",EL PAÍS,2026-04-24T16:18:26Z,2026-05-04 07:48:41
KPMMJ2_lCrI,Ugy6Kfb8i7AwbcylXoh4AaABAg,@tobetin09,Mejor que se lo manden a trump,2026-04-27T22:51:12Z,1,Gobierno de Tampico,"SHEINBAUM pide a ARGENTINA deportación de FARÍAS LAGUNA, acusado de HUACHICOL #shorts",EL PAÍS,2026-04-24T16:18:26Z,2026-05-04 07:48:41
KPMMJ2_lCrI,Ugy4ysJrrjbAAdPT6bN4AaABAg,@joseruiz3923,Liberen a cristinaaaaa <br><br>Y no se matan con el emprendimiento de los trivagos  mierdOIL,2026-04-27T17:56:08Z,0,Gobierno de Tampico,"SHEINBAUM pide a ARGENTINA deportación de FARÍAS LAGUNA, acusado de HUACHICOL #shorts",EL PAÍS,2026-04-24T16:18:26Z,2026-05-04 07:48:41
KPMMJ2_lCrI,Ugzgq_-vkqHKPHZB-R14AaABAg,@CosmeGonzalez-e6u,Xk tanto makillaje cual entra no k petroleos mexicanos y la lei donde los canpesinos son los dueños,2026-04-27T12:42:46Z,1,Gobierno de Tampico,"SHEINBAUM pide a ARGENTINA deportación de FARÍAS LAGUNA, acusado de HUACHICOL #shorts",EL PAÍS,2026-04-24T16:18:26Z,2026-05-04 07:48:41
KPMMJ2_lCrI,UgwsmtvqYsHD71fJRQJ4AaABAg,@eveliadelgado5803,Nada más estaban involucrados los meros meros...... Nada más.... Como son cínicos los han dejado a diestra y siniestra hacer lo que quieren delante de todos........,2026-04-26T19:20:54Z,1,Gobierno de Tampico,"SHEINBAUM pide a ARGENTINA deportación de FARÍAS LAGUNA, acusado de HUACHICOL #shorts",EL PAÍS,2026-04-24T16:18:26Z,2026-05-04 07:48:41
KPMMJ2_lCrI,UgyXumvIuKcVS4f2i754AaABAg,@AngelabrahamFlores-c5s,Mexico❤,2026-04-25T15:39:36Z,2,Gobierno de Tampico,"SHEINBAUM pide a ARGENTINA deportación de FARÍAS LAGUNA, acusado de HUACHICOL #shorts",EL PAÍS,2026-04-24T16:18:26Z,2026-05-04 07:48:41
KPMMJ2_lCrI,UgxmYq5390WeImaJAGN4AaABAg,@MarioCervantesLopez-h1t,La pregunta presidente es por qué los dejan huir qué jueguito es ese,2026-04-24T23:08:43Z,5,Gobierno de Tampico,"SHEINBAUM pide a ARGENTINA deportación de FARÍAS LAGUNA, acusado de HUACHICOL #shorts",EL PAÍS,2026-04-24T16:18:26Z,2026-05-04 07:48:41
KPMMJ2_lCrI,UgyRzXfHJzSIhM8Qyax4AaABAg,@mariposa-bo7gi,LA MAS LERDADE TODOS LOS PRESIDENTES DELMUNDO....SU LENTESA ME DESESPERA,2026-04-24T18:29:19Z,0,Gobierno de Tampico,"SHEINBAUM pide a ARGENTINA deportación de FARÍAS LAGUNA, acusado de HUACHICOL #shorts",EL PAÍS,2026-04-24T16:18:26Z,2026-05-04 07:48:41
AqQdXa3yYC8,UgwOPVJlcCWSCPrk4Ot4AaABAg,@LisetRodriguezPerez-g6v,"Ella sabía q hacer y la van a perdonar?. Mal precedente. Presidenta esra cavando su tumba, no se puede ser tan benévolo con determinados errores",2026-04-25T22:58:36Z,0,Gobierno de Tampico,Conferencia mañanera de la presidenta Claudia Sheinbaum.,EXCELSIOR,2026-04-25T01:26:09Z,2026-05-04 07:48:41
S4Nrot4K0kQ,Ugx0hnYu4ITl5J88-Lh4AaABAg,@MariaJosefaValle,Es real todo  lo que estas informando gracias,2026-04-26T15:07:00Z,0,Gobierno de Tampico,Morena prometió acabar con la corrupción y aparece otra red millonaria de huachicol,Centinela del Norte,2026-04-25T18:10:04Z,2026-05-04 07:48:41
S4Nrot4K0kQ,UgwioIIUoEjh7EwT1T54AaABAg,@lauraelenalanda8899,Buenas noches,2026-04-26T04:33:02Z,0,Gobierno de Tampico,Morena prometió acabar con la corrupción y aparece otra red millonaria de huachicol,Centinela del Norte,2026-04-25T18:10:04Z,2026-05-04 07:48:41
S4Nrot4K0kQ,UgxRHvxIcm8gnRv8Hix4AaABAg,@maribelmolina458,DESTAPEN A LOS PROXIMOS<br>BUENOS PARA EL VOTO SIN<br>MIEDO.,2026-04-26T00:04:22Z,1,Gobierno de Tampico,Morena prometió acabar con la corrupción y aparece otra red millonaria de huachicol,Centinela del Norte,2026-04-25T18:10:04Z,2026-05-04 07:48:41
S4Nrot4K0kQ,UgzsSB9bAEgKseonAGB4AaABAg,@monicavillalpando267,Es una pena escuchar  que tienen todo estos delincuentes!!!,2026-04-25T20:47:45Z,1,Gobierno de Tampico,Morena prometió acabar con la corrupción y aparece otra red millonaria de huachicol,Centinela del Norte,2026-04-25T18:10:04Z,2026-05-04 07:48:41
S4Nrot4K0kQ,Ugyu0iw1XlPFVA0xKrx4AaABAg,@hugoposo6242,"Buen día <br>Se apropiaron de las Aduanas, del SAT, desaparecen Instituciones y todo para ROBAR A MANOS LLENAS.<br>GOBIERNO DE LOS LOPEZ <br>NARCO GOBIERNO",2026-04-25T18:49:50Z,2,Gobierno de Tampico,Morena prometió acabar con la corrupción y aparece otra red millonaria de huachicol,Centinela del Norte,2026-04-25T18:10:04Z,2026-05-04 07:48:41
k7nN9C-KJ54,UgzAa8qDlAKEHWYJsKJ4AaABAg,@victorherven508,Que alimente primero a su gente 😂😂😂😂😂,2026-05-02T03:06:55Z,0,Gobierno de Tampico,"Milei captura a Farias Laguna: huachicol fiscal, tensión con México y alianza con Trump",Azteca Noticias,2026-04-25T05:43:52Z,2026-05-04 07:48:41
k7nN9C-KJ54,UgytFMkO_8BJ_85rtqh4AaABAg,@adrianasanchez9485,Directo a EU !!,2026-05-01T16:00:45Z,0,Gobierno de Tampico,"Milei captura a Farias Laguna: huachicol fiscal, tensión con México y alianza con Trump",Azteca Noticias,2026-04-25T05:43:52Z,2026-05-04 07:48:41
k7nN9C-KJ54,UgxXMhqRq00TNHiiOoV4AaABAg,@AldoLopez-gr2wu,Llévese a los narcopoliticos y narcos,2026-05-01T12:38:11Z,0,Gobierno de Tampico,"Milei captura a Farias Laguna: huachicol fiscal, tensión con México y alianza con Trump",Azteca Noticias,2026-04-25T05:43:52Z,2026-05-04 07:48:41
k7nN9C-KJ54,UgwPtJ-FPP49inZdvWx4AaABAg,@LissetteMendoza-f9s,Todo lo que ya le sacaron ya se lo dijeron a Trump 😂😂 de mensos se lo dicen a Titina directo con Maduro,2026-05-01T01:35:40Z,0,Gobierno de Tampico,"Milei captura a Farias Laguna: huachicol fiscal, tensión con México y alianza con Trump",Azteca Noticias,2026-04-25T05:43:52Z,2026-05-04 07:48:41
k7nN9C-KJ54,UgzpNy4HIVfwhS8kDld4AaABAg,@1818dany,"Perdón pero el conflicto no es México Milei, es conflicto México Argentina, Milei es el presidente con más apoyo de todo el continente, si atacan a Milei atacan a Argentina casi en su totalidad. Ojito con eso que ni AMLO junto la mitad de la popularidad que si pudo juntar Milei en Argentina, y además de todo, Milei si la está manteniendo, no como morena que se desmorona como mazapán.",2026-04-30T20:42:39Z,0,Gobierno de Tampico,"Milei captura a Farias Laguna: huachicol fiscal, tensión con México y alianza con Trump",Azteca Noticias,2026-04-25T05:43:52Z,2026-05-04 07:48:41
k7nN9C-KJ54,UgxdhrDgBeosWri1WUp4AaABAg,@rodolfomartinez1660,Milei es aliado de eeuu...se lo va a entregar a trump,2026-04-30T11:47:51Z,0,Gobierno de Tampico,"Milei captura a Farias Laguna: huachicol fiscal, tensión con México y alianza con Trump",Azteca Noticias,2026-04-25T05:43:52Z,2026-05-04 07:48:41
k7nN9C-KJ54,UgxgwZ1LlP34mj4wZE54AaABAg,@HaydeeGuzman-p6l,Que se lo mande a Trump,2026-04-30T05:22:08Z,0,Gobierno de Tampico,"Milei captura a Farias Laguna: huachicol fiscal, tensión con México y alianza con Trump",Azteca Noticias,2026-04-25T05:43:52Z,2026-05-04 07:48:41
k7nN9C-KJ54,Ugy7yXT0DOMbmyTI4mJ4AaABAg,@AlanGarcía-g8f,Y por qué no lo mandan a e.u ? Y ahí que colabore con e.u para desmantelar a todo morena ?,2026-04-30T02:38:21Z,0,Gobierno de Tampico,"Milei captura a Farias Laguna: huachicol fiscal, tensión con México y alianza con Trump",Azteca Noticias,2026-04-25T05:43:52Z,2026-05-04 07:48:41
k7nN9C-KJ54,UgygPlMogmZcwzC1i6Z4AaABAg,@juanfregoso7878,"Argentina debe mandarlo a estados unidos, aqui no le hacen nada,",2026-04-30T01:05:37Z,1,Gobierno de Tampico,"Milei captura a Farias Laguna: huachicol fiscal, tensión con México y alianza con Trump",Azteca Noticias,2026-04-25T05:43:52Z,2026-05-04 07:48:41
k7nN9C-KJ54,UgyiFOivt5MCvZXvpSJ4AaABAg,@MadhaHebs,Maduro ?,2026-04-29T21:44:02Z,0,Gobierno de Tampico,"Milei captura a Farias Laguna: huachicol fiscal, tensión con México y alianza con Trump",Azteca Noticias,2026-04-25T05:43:52Z,2026-05-04 07:48:41
k7nN9C-KJ54,UgydK1rTuugw-Vaafjx4AaABAg,@Sr_Nagasaki,"Directo a Estados Unidos, si lo dejan en México la Judía sionista títere de Alex Soros lo liberarán",2026-04-29T21:30:55Z,0,Gobierno de Tampico,"Milei captura a Farias Laguna: huachicol fiscal, tensión con México y alianza con Trump",Azteca Noticias,2026-04-25T05:43:52Z,2026-05-04 07:48:41
k7nN9C-KJ54,Ugy8otss9ZcZVUWVnRR4AaABAg,@calnv,SHEIMBAUM ES UNA NARCOPRESIDENTA,2026-04-29T20:47:51Z,0,Gobierno de Tampico,"Milei captura a Farias Laguna: huachicol fiscal, tensión con México y alianza con Trump",Azteca Noticias,2026-04-25T05:43:52Z,2026-05-04 07:48:41
k7nN9C-KJ54,Ugy0tSBWhBY8Rx8FP994AaABAg,@MiltonGracia-c3d,Entoces fue planeado y apropocito para que EU quiera seguir controlando Mexico,2026-04-29T15:57:18Z,0,Gobierno de Tampico,"Milei captura a Farias Laguna: huachicol fiscal, tensión con México y alianza con Trump",Azteca Noticias,2026-04-25T05:43:52Z,2026-05-04 07:48:41
k7nN9C-KJ54,UgxJqZdQiRMIs-FaMpd4AaABAg,@Sebastián-q1t7r,porque no corremos a todos los argentinos si les caemos tan mal :(,2026-04-29T15:55:08Z,0,Gobierno de Tampico,"Milei captura a Farias Laguna: huachicol fiscal, tensión con México y alianza con Trump",Azteca Noticias,2026-04-25T05:43:52Z,2026-05-04 07:48:41
k7nN9C-KJ54,UgxeP2sPNafkgtsGhWl4AaABAg,@SamuelMorfin-ro5xy,Lanbeculo ustedes también tienen huachuicol no pagan  impuestos tv azteca esta en quiebra Javier cárdenas es un enfermo igual que Trump i lily telles  traidores porque  la mayoría del pueblo mexicano los quiere expulsar del país ir a otro país y promover invasión a México es traición a la patria me despido chato vigoton😂,2026-04-29T15:38:22Z,0,Gobierno de Tampico,"Milei captura a Farias Laguna: huachicol fiscal, tensión con México y alianza con Trump",Azteca Noticias,2026-04-25T05:43:52Z,2026-05-04 07:48:41
k7nN9C-KJ54,Ugz3fi7HJaXRYwrbz3h4AaABAg,@g0lemmx727,"Pero quién lo tiene es la interpol no la policía de argentina, aunque esté en tierra argentina quien lo custodia es la interpol ya que tiene captura internacional  😂 😂 y si, ya intentaron extraditarlo pero farías se negó, dios que amarillismo el de tv azteca creando &quot;tensiones&quot; que no existen 😂",2026-04-29T13:05:48Z,0,Gobierno de Tampico,"Milei captura a Farias Laguna: huachicol fiscal, tensión con México y alianza con Trump",Azteca Noticias,2026-04-25T05:43:52Z,2026-05-04 07:48:41
k7nN9C-KJ54,UgzDQT3NSm2fCLHt56V4AaABAg,@RoloTetsuyin,"México debería quedarse con estados unidos, no lo queremos aca",2026-04-29T11:58:21Z,1,Gobierno de Tampico,"Milei captura a Farias Laguna: huachicol fiscal, tensión con México y alianza con Trump",Azteca Noticias,2026-04-25T05:43:52Z,2026-05-04 07:48:41
k7nN9C-KJ54,UgwU8Kj8DA02haLPJAJ4AaABAg,@fidelgomez1842,Que le saque informacion y aga trueque contra mexico😂😂,2026-04-29T05:44:45Z,0,Gobierno de Tampico,"Milei captura a Farias Laguna: huachicol fiscal, tensión con México y alianza con Trump",Azteca Noticias,2026-04-25T05:43:52Z,2026-05-04 07:48:41
k7nN9C-KJ54,Ugww19bCxulQdRGdA454AaABAg,@eleazardanielmartinez4972,"Pobre gente como este comentarista, DA LASTIMA",2026-04-29T05:28:41Z,0,Gobierno de Tampico,"Milei captura a Farias Laguna: huachicol fiscal, tensión con México y alianza con Trump",Azteca Noticias,2026-04-25T05:43:52Z,2026-05-04 07:48:41
k7nN9C-KJ54,UgyJxnZ15YyOEv0BdsR4AaABAg,@jhonnbyron5772,Sr. Milei!!. Extraditelo a 🇺🇸 para derrocar. A este narco gobierno!!!!de mugrena,2026-04-29T04:45:13Z,0,Gobierno de Tampico,"Milei captura a Farias Laguna: huachicol fiscal, tensión con México y alianza con Trump",Azteca Noticias,2026-04-25T05:43:52Z,2026-05-04 07:48:41
k7nN9C-KJ54,UgwZp-WQr5cwBomOdaF4AaABAg,@C4RLOS4DRI4N,Mantenlo mantenlo,2026-04-29T04:18:03Z,0,Gobierno de Tampico,"Milei captura a Farias Laguna: huachicol fiscal, tensión con México y alianza con Trump",Azteca Noticias,2026-04-25T05:43:52Z,2026-05-04 07:48:41
k7nN9C-KJ54,UgwkghMXSCfx5rW9TN54AaABAg,@jorgeibanez886,Esperemos que USA ordene que llegue directo a ese país. Bien hecho Milei,2026-04-29T03:21:44Z,0,Gobierno de Tampico,"Milei captura a Farias Laguna: huachicol fiscal, tensión con México y alianza con Trump",Azteca Noticias,2026-04-25T05:43:52Z,2026-05-04 07:48:41
k7nN9C-KJ54,Ugze7OadZ4doA-WxZZp4AaABAg,@brilletsalgado9632,Que asco de noticiero como llegue a esta basura,2026-04-29T01:59:02Z,0,Gobierno de Tampico,"Milei captura a Farias Laguna: huachicol fiscal, tensión con México y alianza con Trump",Azteca Noticias,2026-04-25T05:43:52Z,2026-05-04 07:48:41
k7nN9C-KJ54,UgzVvz2DdVyczVMNdWJ4AaABAg,@Lariocantodea,A la torre.... extrañas al PRIAN 😂😂,2026-04-29T01:46:01Z,0,Gobierno de Tampico,"Milei captura a Farias Laguna: huachicol fiscal, tensión con México y alianza con Trump",Azteca Noticias,2026-04-25T05:43:52Z,2026-05-04 07:48:41
k7nN9C-KJ54,UgxfPlu6KQ-SBHOXxWp4AaABAg,@beforeyou4281,Los bots pro Trump se hacen ver bastante 😂😂,2026-04-28T23:17:36Z,0,Gobierno de Tampico,"Milei captura a Farias Laguna: huachicol fiscal, tensión con México y alianza con Trump",Azteca Noticias,2026-04-25T05:43:52Z,2026-05-04 07:48:41
k7nN9C-KJ54,UgyvbvcSigyWB7l4kmB4AaABAg,@migueljimenez8594,Milei favor de enviar al huachicolero a usa. En Argentina también lo pueden matar.,2026-04-28T20:30:06Z,0,Gobierno de Tampico,"Milei captura a Farias Laguna: huachicol fiscal, tensión con México y alianza con Trump",Azteca Noticias,2026-04-25T05:43:52Z,2026-05-04 07:48:41
k7nN9C-KJ54,Ugz92-eE-NMzjYWy6S94AaABAg,@SaulJimenez-hm5bx,Pues hablara de Felipe Calderón jajaja tu papá Javier.....,2026-04-28T13:27:46Z,0,Gobierno de Tampico,"Milei captura a Farias Laguna: huachicol fiscal, tensión con México y alianza con Trump",Azteca Noticias,2026-04-25T05:43:52Z,2026-05-04 07:48:41
k7nN9C-KJ54,UgzxW67NLsMPLJwLXMp4AaABAg,@MiguelSanchez-br7xw,Quede nombres delos lideere jefe del guachicol que mexico sabe que son ijos de amlo i amlo asi nomas no hay buelta de hoja imas,2026-04-28T12:30:41Z,0,Gobierno de Tampico,"Milei captura a Farias Laguna: huachicol fiscal, tensión con México y alianza con Trump",Azteca Noticias,2026-04-25T05:43:52Z,2026-05-04 07:48:41
k7nN9C-KJ54,Ugyzt7xz7pjYhEt4KVt4AaABAg,@melowatz2903,"No pasa nada mi bigotes, al final que se le coden los argentinos. Pura noticia falsa.",2026-04-28T07:07:50Z,0,Gobierno de Tampico,"Milei captura a Farias Laguna: huachicol fiscal, tensión con México y alianza con Trump",Azteca Noticias,2026-04-25T05:43:52Z,2026-05-04 07:48:41
k7nN9C-KJ54,UgyLu2EHkObhlUj6sGl4AaABAg,@ArgentinoenUSA,🇦🇷🇺🇸,2026-04-28T02:41:59Z,0,Gobierno de Tampico,"Milei captura a Farias Laguna: huachicol fiscal, tensión con México y alianza con Trump",Azteca Noticias,2026-04-25T05:43:52Z,2026-05-04 07:48:41
k7nN9C-KJ54,Ugx-gxkB_u4zsMJDU714AaABAg,@andresrguez1536,Che Milei se la rifó... buena por esa!!! Y que caigan los que tengan que caer en México,2026-04-28T01:40:12Z,0,Gobierno de Tampico,"Milei captura a Farias Laguna: huachicol fiscal, tensión con México y alianza con Trump",Azteca Noticias,2026-04-25T05:43:52Z,2026-05-04 07:48:41
k7nN9C-KJ54,Ugx2IhvhlisVOPi6bNl4AaABAg,@453erd,"que lo manden bien peinado y cambiao pa estados unidos ¡¡ luego luego¡¡, buen trabajo Presidente Milei.",2026-04-28T01:07:14Z,0,Gobierno de Tampico,"Milei captura a Farias Laguna: huachicol fiscal, tensión con México y alianza con Trump",Azteca Noticias,2026-04-25T05:43:52Z,2026-05-04 07:48:41
k7nN9C-KJ54,UgzJnOfNPIe5B_tNWg54AaABAg,@jorgeurbina5533,A esa cumbre solo fueron los que pagaron 1 billón de dólares para estar ahí y milei le dió parte del territorio argentino a Trump porque dinero pss no ahí asta burros se están comiendo,2026-04-28T01:05:36Z,0,Gobierno de Tampico,"Milei captura a Farias Laguna: huachicol fiscal, tensión con México y alianza con Trump",Azteca Noticias,2026-04-25T05:43:52Z,2026-05-04 07:48:41
k7nN9C-KJ54,Ugw_qEfF8gMCjuSnUxt4AaABAg,@hectorramirez2114,"Porque interrogante hdtm!! Que hable para que caigan todos tus patrones, Milei no representa al pueblo Argentino tal y como lo dice asertadamente un verdadero reportero argentino Cuneo al que deberías de aprenderle",2026-04-28T00:32:07Z,0,Gobierno de Tampico,"Milei captura a Farias Laguna: huachicol fiscal, tensión con México y alianza con Trump",Azteca Noticias,2026-04-25T05:43:52Z,2026-05-04 07:48:41
k7nN9C-KJ54,UgzpV6ddAgXFgdgJyXJ4AaABAg,@LuisGasca-l9c,Milei es igual de inepto que Morena! Los extremos siempre son toxicos!!,2026-04-28T00:14:27Z,0,Gobierno de Tampico,"Milei captura a Farias Laguna: huachicol fiscal, tensión con México y alianza con Trump",Azteca Noticias,2026-04-25T05:43:52Z,2026-05-04 07:48:41
k7nN9C-KJ54,UgxcyKBvaCyTNnd4rkN4AaABAg,@ishmtnz150,"Tienes oro puro, un cheque en blanco, dinero en el banco, presidente milei enhorabuena los tienes agarrados de la cola, es hora de activar el escudo de las americas y encender la motosierra 🛡🐁💨🇲🇽",2026-04-28T00:06:48Z,1,Gobierno de Tampico,"Milei captura a Farias Laguna: huachicol fiscal, tensión con México y alianza con Trump",Azteca Noticias,2026-04-25T05:43:52Z,2026-05-04 07:48:41
k7nN9C-KJ54,Ugw7V37TY9JTnkOxfNl4AaABAg,@eduardofernandez9893,Lo mandaran a USA 😅😂😅😂😅😂,2026-04-27T23:03:28Z,0,Gobierno de Tampico,"Milei captura a Farias Laguna: huachicol fiscal, tensión con México y alianza con Trump",Azteca Noticias,2026-04-25T05:43:52Z,2026-05-04 07:48:41
k7nN9C-KJ54,Ugz3VbfagbnKCwlFTnJ4AaABAg,@oscarvelardemendoza435,"Ni las gracias le dimos a Miley.<br><br>Se queda con el detenido para que lo expriman y luego canjear o, mejor, lo envían a EEUU, que allá se siga la investigación en curso porque en México la corrupción del Guachicol tiene su orígen en el gobierno, en el Obradorato.",2026-04-27T22:59:17Z,1,Gobierno de Tampico,"Milei captura a Farias Laguna: huachicol fiscal, tensión con México y alianza con Trump",Azteca Noticias,2026-04-25T05:43:52Z,2026-05-04 07:48:41
k7nN9C-KJ54,UgwuG0Lp0_EptMaHKZJ4AaABAg,@ignacioquiroz4178,De echo es lo más seguro que lo papen y está papeada se le brinde a usa,2026-04-27T22:07:34Z,0,Gobierno de Tampico,"Milei captura a Farias Laguna: huachicol fiscal, tensión con México y alianza con Trump",Azteca Noticias,2026-04-25T05:43:52Z,2026-05-04 07:48:41
k7nN9C-KJ54,UgyCWSPF0KNy3lOxVHB4AaABAg,@vladdracul4568,Y que nos importa si lo tiene,2026-04-27T22:02:30Z,0,Gobierno de Tampico,"Milei captura a Farias Laguna: huachicol fiscal, tensión con México y alianza con Trump",Azteca Noticias,2026-04-25T05:43:52Z,2026-05-04 07:48:41
k7nN9C-KJ54,UgwJlVZrXkt5n7PtkC94AaABAg,@jorgenavaventura8223,Si tiene mucho $ en el banco<br><br>Los gringos lo perdonan.<br>Unos añitos en el tambo y sale libre.,2026-04-27T21:56:20Z,0,Gobierno de Tampico,"Milei captura a Farias Laguna: huachicol fiscal, tensión con México y alianza con Trump",Azteca Noticias,2026-04-25T05:43:52Z,2026-05-04 07:48:41
k7nN9C-KJ54,UgyAVSyE9pf2VEbB7NN4AaABAg,@jorgelazcano1621,Alguien de la 4T que quiera defender al régimen y a sus sirvientes?,2026-04-27T21:33:04Z,0,Gobierno de Tampico,"Milei captura a Farias Laguna: huachicol fiscal, tensión con México y alianza con Trump",Azteca Noticias,2026-04-25T05:43:52Z,2026-05-04 07:48:41
k7nN9C-KJ54,UgwEbBX4NOZv4vvnhCx4AaABAg,@dantelozano8380,"Ojalá se lo queden y saquen la información, acá lo deja libre la presirvienta y se preocuparía por derechos humanos",2026-04-27T21:29:12Z,0,Gobierno de Tampico,"Milei captura a Farias Laguna: huachicol fiscal, tensión con México y alianza con Trump",Azteca Noticias,2026-04-25T05:43:52Z,2026-05-04 07:48:41
k7nN9C-KJ54,UgzipAISiS6t7Z28CHN4AaABAg,@ArmandoLopez-iu5eq,Que no lo extraditen a México por qué enel gobierno morenista están los meros meros criminales del guachicol del terrorismo extorcion corrupción 😂,2026-04-27T21:24:54Z,1,Gobierno de Tampico,"Milei captura a Farias Laguna: huachicol fiscal, tensión con México y alianza con Trump",Azteca Noticias,2026-04-25T05:43:52Z,2026-05-04 07:48:41
k7nN9C-KJ54,UgxIozFCcspDyQn2W114AaABAg,@joseantonioantoniogomez,La ignorancia del ser humano no tiene límites,2026-04-27T21:17:34Z,0,Gobierno de Tampico,"Milei captura a Farias Laguna: huachicol fiscal, tensión con México y alianza con Trump",Azteca Noticias,2026-04-25T05:43:52Z,2026-05-04 07:48:41
k7nN9C-KJ54,Ugy7PCbGAh-nWcM8W394AaABAg,@antoniosi1847,Papeada épica.,2026-04-27T18:13:10Z,0,Gobierno de Tampico,"Milei captura a Farias Laguna: huachicol fiscal, tensión con México y alianza con Trump",Azteca Noticias,2026-04-25T05:43:52Z,2026-05-04 07:48:41
k7nN9C-KJ54,Ugy12ZhpYHLi5peQ4cx4AaABAg,@LeslieAlvarez-d2t,MORENA AYUDA AL NARCO<br>FUERA NARCOMORENA🇲🇽,2026-04-27T18:04:10Z,0,Gobierno de Tampico,"Milei captura a Farias Laguna: huachicol fiscal, tensión con México y alianza con Trump",Azteca Noticias,2026-04-25T05:43:52Z,2026-05-04 07:48:41
k7nN9C-KJ54,UgxSJBlbOxSUMeaUsI54AaABAg,@Robin-1412,Directo a USA 🇺🇸,2026-04-27T17:32:09Z,0,Gobierno de Tampico,"Milei captura a Farias Laguna: huachicol fiscal, tensión con México y alianza con Trump",Azteca Noticias,2026-04-25T05:43:52Z,2026-05-04 07:48:41
k7nN9C-KJ54,UgwaHRS5pJx1gSxfffl4AaABAg,@mariadelcarmencastanedadia3151,"Que no lo traigan a México por qué lo van a suicidar como a los demás marinos,mejor que se quede en Argentina o en Estados Unidos para que hable",2026-04-27T16:58:38Z,0,Gobierno de Tampico,"Milei captura a Farias Laguna: huachicol fiscal, tensión con México y alianza con Trump",Azteca Noticias,2026-04-25T05:43:52Z,2026-05-04 07:48:41
k7nN9C-KJ54,Ugy9baCiFP_BeRQG9K94AaABAg,@oscarbecerra6301,Que se destape toda la olla podrida,2026-04-27T16:43:11Z,0,Gobierno de Tampico,"Milei captura a Farias Laguna: huachicol fiscal, tensión con México y alianza con Trump",Azteca Noticias,2026-04-25T05:43:52Z,2026-05-04 07:48:41
k7nN9C-KJ54,UgyBM6kak3ioS-_3e4V4AaABAg,@JoséLuisRamírez-b6c,Que ni haga escala en Chiapas.. !!! Directo a U.S.A.,2026-04-27T15:35:11Z,0,Gobierno de Tampico,"Milei captura a Farias Laguna: huachicol fiscal, tensión con México y alianza con Trump",Azteca Noticias,2026-04-25T05:43:52Z,2026-05-04 07:48:41
k7nN9C-KJ54,UgxLTZIPWbGBKk7NjJN4AaABAg,@xyz7005,Que poético. Hace unas semanas claudia se burló del gobierno argentino por declarar al cartel jalisco como asociación terr.,2026-04-27T14:53:14Z,0,Gobierno de Tampico,"Milei captura a Farias Laguna: huachicol fiscal, tensión con México y alianza con Trump",Azteca Noticias,2026-04-25T05:43:52Z,2026-05-04 07:48:41
k7nN9C-KJ54,UgwljCylSjn3VmGL6NB4AaABAg,@franciscovaldes8865,Mandenlo a eeuu porque en México lo liberan o lo desviven,2026-04-27T14:52:21Z,0,Gobierno de Tampico,"Milei captura a Farias Laguna: huachicol fiscal, tensión con México y alianza con Trump",Azteca Noticias,2026-04-25T05:43:52Z,2026-05-04 07:48:41
k7nN9C-KJ54,Ugy-QLqY6wQWKPILcBt4AaABAg,@PoloRodriguez-t3y,"&quot;El que siembra vientos...&quot; caro le saldrá a la mafia del Peje y Claudia su Enemistad con Milei, ya que al detener a Farias, lo entregará a &quot;Trun&quot; y, agarrense Jrs del bienestar",2026-04-27T14:33:33Z,0,Gobierno de Tampico,"Milei captura a Farias Laguna: huachicol fiscal, tensión con México y alianza con Trump",Azteca Noticias,2026-04-25T05:43:52Z,2026-05-04 07:48:41
k7nN9C-KJ54,Ugx7_Mz_h0nokYT0I814AaABAg,@JorgeCruzhernandez-y7u,QUE MILEI LE SAQUE INFORMACIÓN Y LO ENTREGUE A ESTADOS UNIDOS SI LO MANDA A MÉXICO AQUÍ LO VAN A MATAR DE INMEDIATO,2026-04-27T14:21:57Z,1,Gobierno de Tampico,"Milei captura a Farias Laguna: huachicol fiscal, tensión con México y alianza con Trump",Azteca Noticias,2026-04-25T05:43:52Z,2026-05-04 07:48:41
k7nN9C-KJ54,Ugze7nbI8AxJJtIe1gl4AaABAg,@Adrian-n1f,No lo regresen para aca no por favor juzgenlo en los Estados Unidos  aqui lo van a dejar libre por no encontrar pruebas suficientes.....o peor aun se suicidara o lo..... por un echo atípico .,2026-04-27T14:09:09Z,0,Gobierno de Tampico,"Milei captura a Farias Laguna: huachicol fiscal, tensión con México y alianza con Trump",Azteca Noticias,2026-04-25T05:43:52Z,2026-05-04 07:48:41
k7nN9C-KJ54,Ugy4gVQpQsrothM7qVZ4AaABAg,@lucreochoa9794,"Que se lo entregue a los 🇺🇸 🇺🇸, Porqué en México no hay ley lo van a soltar",2026-04-27T14:04:24Z,0,Gobierno de Tampico,"Milei captura a Farias Laguna: huachicol fiscal, tensión con México y alianza con Trump",Azteca Noticias,2026-04-25T05:43:52Z,2026-05-04 07:48:41
k7nN9C-KJ54,UgwXpz8cGAkjDz3BVjZ4AaABAg,@albertotrevisanello4242,Los morenistas son narco terroristas ...diganme de que lado quieren estar ?,2026-04-27T13:40:31Z,0,Gobierno de Tampico,"Milei captura a Farias Laguna: huachicol fiscal, tensión con México y alianza con Trump",Azteca Noticias,2026-04-25T05:43:52Z,2026-05-04 07:48:41
k7nN9C-KJ54,Ugxz7AoZMWvluX2tqt94AaABAg,@bayronjoelcastillosotelo9688,Va pal norte pues,2026-04-27T13:08:02Z,0,Gobierno de Tampico,"Milei captura a Farias Laguna: huachicol fiscal, tensión con México y alianza con Trump",Azteca Noticias,2026-04-25T05:43:52Z,2026-05-04 07:48:41
k7nN9C-KJ54,Ugzvdh4LFbb9XMLKlBR4AaABAg,@JulioHernandez-zs5pb,Tiembla Peje!,2026-04-27T11:59:03Z,0,Gobierno de Tampico,"Milei captura a Farias Laguna: huachicol fiscal, tensión con México y alianza con Trump",Azteca Noticias,2026-04-25T05:43:52Z,2026-05-04 07:48:41
k7nN9C-KJ54,Ugy4hrh2PXdOKXJLYS54AaABAg,@PedroBetancourt-r6t1g,Triste esperando Ake otros países hagan algo por mi México,2026-04-27T11:46:25Z,0,Gobierno de Tampico,"Milei captura a Farias Laguna: huachicol fiscal, tensión con México y alianza con Trump",Azteca Noticias,2026-04-25T05:43:52Z,2026-05-04 07:48:41
k7nN9C-KJ54,UgzCGZhNuf82MEx2rgN4AaABAg,@Ricardo-m7v8y,"Wow, increíble, ojalá y Milei siga así, porque al parecer su gobierno se está saliendo de control",2026-04-27T10:22:36Z,0,Gobierno de Tampico,"Milei captura a Farias Laguna: huachicol fiscal, tensión con México y alianza con Trump",Azteca Noticias,2026-04-25T05:43:52Z,2026-05-04 07:48:41
k7nN9C-KJ54,Ugy-A2rYzjzq7ejFfbN4AaABAg,@blacknight3862,Pelea de corruptos 🗣️🗣️🗣️🔥🔥,2026-04-27T07:07:37Z,0,Gobierno de Tampico,"Milei captura a Farias Laguna: huachicol fiscal, tensión con México y alianza con Trump",Azteca Noticias,2026-04-25T05:43:52Z,2026-05-04 07:48:41
k7nN9C-KJ54,UgxGMmOo1VWgWolABwF4AaABAg,@lucidshakti5178,"ES,AGENDA TODOS JUEGAN A LO MISMO , PALANTIR ESTÀ EN MÈXICo PETER THIEL ES,EL DUEÑO Y .. .. ESE,ES OTRO TEMITA  JUEGO DE,AGENDAS TEATRO POLITICO  DRAMA Y COMEDIA BURLA E INSULTO.  A  LA HUMANIDAD.",2026-04-27T05:11:55Z,0,Gobierno de Tampico,"Milei captura a Farias Laguna: huachicol fiscal, tensión con México y alianza con Trump",Azteca Noticias,2026-04-25T05:43:52Z,2026-05-04 07:48:41
k7nN9C-KJ54,UgwDkCJNnpqiyCp9Kux4AaABAg,@BrightMan07,"¡No fue el gobierno de Milei, fue la Interpol!",2026-04-27T04:37:26Z,0,Gobierno de Tampico,"Milei captura a Farias Laguna: huachicol fiscal, tensión con México y alianza con Trump",Azteca Noticias,2026-04-25T05:43:52Z,2026-05-04 07:48:41
k7nN9C-KJ54,UgyBDUphjMJzGwcR8t14AaABAg,@lucasferragut67,"Periodistas tendenciosos y tergiversadores, No es Milei , es la justicia",2026-04-27T03:50:59Z,0,Gobierno de Tampico,"Milei captura a Farias Laguna: huachicol fiscal, tensión con México y alianza con Trump",Azteca Noticias,2026-04-25T05:43:52Z,2026-05-04 07:48:41
k7nN9C-KJ54,UgyHxp4jDEcZ0fITI4B4AaABAg,@AlbertoLorenso-s1l,Los estados unidos <br>Alber la petición de México <br>😂😂😂😂😂😂😂😂😂😂😂😂,2026-04-27T03:34:53Z,0,Gobierno de Tampico,"Milei captura a Farias Laguna: huachicol fiscal, tensión con México y alianza con Trump",Azteca Noticias,2026-04-25T05:43:52Z,2026-05-04 07:48:41
k7nN9C-KJ54,Ugy7VCPxIp_KUJ5ARBd4AaABAg,@RancheroAgricola,Y porque no lo quieren en México si aquí hizo sus delitos,2026-04-27T03:30:55Z,0,Gobierno de Tampico,"Milei captura a Farias Laguna: huachicol fiscal, tensión con México y alianza con Trump",Azteca Noticias,2026-04-25T05:43:52Z,2026-05-04 07:48:41
k7nN9C-KJ54,Ugz_TIAV4olrQkIAUPB4AaABAg,@alexis5464,No se les vaya ocurrir traerlo a México que lo silencian,2026-04-27T02:21:02Z,0,Gobierno de Tampico,"Milei captura a Farias Laguna: huachicol fiscal, tensión con México y alianza con Trump",Azteca Noticias,2026-04-25T05:43:52Z,2026-05-04 07:48:41
k7nN9C-KJ54,UgxmGx9rJSthk9D78414AaABAg,@delfinoluchopelay8781,Seria exelente que miley lo entrgue a los eeuu.porque aqui en mexico todavia lo ban a dar premio .,2026-04-27T01:35:00Z,0,Gobierno de Tampico,"Milei captura a Farias Laguna: huachicol fiscal, tensión con México y alianza con Trump",Azteca Noticias,2026-04-25T05:43:52Z,2026-05-04 07:48:41
k7nN9C-KJ54,Ugyb4nYqpree_tpJr4Z4AaABAg,@angelhernandezalducin4254,Que gran noticia,2026-04-27T01:24:31Z,0,Gobierno de Tampico,"Milei captura a Farias Laguna: huachicol fiscal, tensión con México y alianza con Trump",Azteca Noticias,2026-04-25T05:43:52Z,2026-05-04 07:48:41
k7nN9C-KJ54,Ugx32whzOiYzPOwW8p54AaABAg,@EnriqueVivar-q3z,Le agarron un angelito hala sen̈ora narco govierno,2026-04-27T01:08:41Z,0,Gobierno de Tampico,"Milei captura a Farias Laguna: huachicol fiscal, tensión con México y alianza con Trump",Azteca Noticias,2026-04-25T05:43:52Z,2026-05-04 07:48:41
k7nN9C-KJ54,UgyEbmgJ6eIeeuoXmmp4AaABAg,@Demetrio-d3r,No seas mentiroso wey,2026-04-27T00:55:43Z,0,Gobierno de Tampico,"Milei captura a Farias Laguna: huachicol fiscal, tensión con México y alianza con Trump",Azteca Noticias,2026-04-25T05:43:52Z,2026-05-04 07:48:41
k7nN9C-KJ54,UgxMI6mUZf80FGeioQ54AaABAg,@ivonnerosario9815,Seguro Miley le va interesar el dinero de estos criminales. Un presidente psicótico . USA obviamente también le interesa el producto del narc&amp; . Gracias que hay medios con los cuales nos enteramos verdaderamente. El amarillismo dura escasos minutes 😂,2026-04-27T00:25:52Z,0,Gobierno de Tampico,"Milei captura a Farias Laguna: huachicol fiscal, tensión con México y alianza con Trump",Azteca Noticias,2026-04-25T05:43:52Z,2026-05-04 07:48:41
k7nN9C-KJ54,UgyZL2cCG3fZatRk6f94AaABAg,@luisvillar2303,Si que le saque  todo y lo mande a USA,2026-04-27T00:10:21Z,0,Gobierno de Tampico,"Milei captura a Farias Laguna: huachicol fiscal, tensión con México y alianza con Trump",Azteca Noticias,2026-04-25T05:43:52Z,2026-05-04 07:48:41
k7nN9C-KJ54,UgykEbewyrgCHUiDfU54AaABAg,@emilo7295,¿Quién es Milei?,2026-04-26T23:56:52Z,0,Gobierno de Tampico,"Milei captura a Farias Laguna: huachicol fiscal, tensión con México y alianza con Trump",Azteca Noticias,2026-04-25T05:43:52Z,2026-05-04 07:48:41
k7nN9C-KJ54,UgzW4df0eq2B4jEC5pN4AaABAg,@GAFE17MX,Mejor ve a decirle que ASER tu a mileya y trumpas para que te vean bien y Agan lo que dices 😂😂😂,2026-04-26T23:42:19Z,0,Gobierno de Tampico,"Milei captura a Farias Laguna: huachicol fiscal, tensión con México y alianza con Trump",Azteca Noticias,2026-04-25T05:43:52Z,2026-05-04 07:48:41
k7nN9C-KJ54,Ugwea5UVR9NjIB5r3Op4AaABAg,@leoncog20112965,"Que no entreguen a ese traficante de huachicol, porque si lo entregan a México,  lo van a matar, porque no van a querer que declare...",2026-04-26T23:05:39Z,1,Gobierno de Tampico,"Milei captura a Farias Laguna: huachicol fiscal, tensión con México y alianza con Trump",Azteca Noticias,2026-04-25T05:43:52Z,2026-05-04 07:48:41
k7nN9C-KJ54,UgxPm7ABJ7CXyj1d_hR4AaABAg,@carlosr5985,"Es el yo me mando solo🦮, que milei le pague a los jubilados en vez de andar comprando aviones de guerra,",2026-04-26T22:51:51Z,0,Gobierno de Tampico,"Milei captura a Farias Laguna: huachicol fiscal, tensión con México y alianza con Trump",Azteca Noticias,2026-04-25T05:43:52Z,2026-05-04 07:48:41
k7nN9C-KJ54,UgxKi36uRTK2MmrdmLd4AaABAg,@marthamillanmartinez825,Arriba Milei! Ayude a México de estás lacras?,2026-04-26T21:47:18Z,0,Gobierno de Tampico,"Milei captura a Farias Laguna: huachicol fiscal, tensión con México y alianza con Trump",Azteca Noticias,2026-04-25T05:43:52Z,2026-05-04 07:48:41
k7nN9C-KJ54,UgyFm3Imi3-GOmQELmV4AaABAg,@rociomendozaramirez5669,Que no lo estradite porque queda en libertad,2026-04-26T20:40:22Z,0,Gobierno de Tampico,"Milei captura a Farias Laguna: huachicol fiscal, tensión con México y alianza con Trump",Azteca Noticias,2026-04-25T05:43:52Z,2026-05-04 07:48:41
k7nN9C-KJ54,UgwmPXac0kOWltXHsUR4AaABAg,@Roger005-x9q,Llévate Miley a la carcel de EUA,2026-04-26T20:30:51Z,0,Gobierno de Tampico,"Milei captura a Farias Laguna: huachicol fiscal, tensión con México y alianza con Trump",Azteca Noticias,2026-04-25T05:43:52Z,2026-05-04 07:48:41
k7nN9C-KJ54,UgxGhFqeAWnpKi_DI7R4AaABAg,@TheRegulusSpica,Solo quiere sacar provecho.<br>Que lo cambien por 10 kilos carne de Burro y 10 de perro. Se mueren de hambre en Argentina y su payaso bailandole a los de Israel y Estados Unidos por las Malvinas. 😅😂😂😂😂😅,2026-04-26T20:26:18Z,0,Gobierno de Tampico,"Milei captura a Farias Laguna: huachicol fiscal, tensión con México y alianza con Trump",Azteca Noticias,2026-04-25T05:43:52Z,2026-05-04 07:48:41
k7nN9C-KJ54,UgxW3QvNICP6qaCILrJ4AaABAg,@bau9452,Miley es la persona más irrelevante y ridícula,2026-04-26T19:49:36Z,1,Gobierno de Tampico,"Milei captura a Farias Laguna: huachicol fiscal, tensión con México y alianza con Trump",Azteca Noticias,2026-04-25T05:43:52Z,2026-05-04 07:48:41
k7nN9C-KJ54,Ugwj6b6XBwaPrERE5314AaABAg,@normansiles9599,"Tensión México Milei no…tensión en México, Milei está tranquilo.",2026-04-26T19:17:18Z,4,Gobierno de Tampico,"Milei captura a Farias Laguna: huachicol fiscal, tensión con México y alianza con Trump",Azteca Noticias,2026-04-25T05:43:52Z,2026-05-04 07:48:41
k7nN9C-KJ54,UgxOClshVqKbcckWrvN4AaABAg,@AlbertoAdame-g3r,Que se quede con el  ablen con cuneo  para que lo cagué y me al miley,2026-04-26T19:05:28Z,0,Gobierno de Tampico,"Milei captura a Farias Laguna: huachicol fiscal, tensión con México y alianza con Trump",Azteca Noticias,2026-04-25T05:43:52Z,2026-05-04 07:48:41
k7nN9C-KJ54,Ugx6vqoEI15xkm7lxON4AaABAg,@HISTORIADORdelFUTURO,"Para que Milei sea tu heroe si que hay desesperacion en la oposicion .<br><br>Un tipo desalineado, con fallas claras en su personalidad, encima mas israeli que argentino.",2026-04-26T18:53:40Z,0,Gobierno de Tampico,"Milei captura a Farias Laguna: huachicol fiscal, tensión con México y alianza con Trump",Azteca Noticias,2026-04-25T05:43:52Z,2026-05-04 07:48:41
k7nN9C-KJ54,UgzhLOAb9_JQkEd7EVh4AaABAg,@fernandoduarte2936,Mmmmm y quienes esta Miley jajjajajajaj otros corrutapso jajjajajajaj y pobres estan en las noticias,2026-04-26T18:46:34Z,0,Gobierno de Tampico,"Milei captura a Farias Laguna: huachicol fiscal, tensión con México y alianza con Trump",Azteca Noticias,2026-04-25T05:43:52Z,2026-05-04 07:48:41
k7nN9C-KJ54,UgyShJ7P5APVFcZbA0x4AaABAg,@user2025-j8u,Miley gato de Trump 😂😂,2026-04-26T18:44:57Z,0,Gobierno de Tampico,"Milei captura a Farias Laguna: huachicol fiscal, tensión con México y alianza con Trump",Azteca Noticias,2026-04-25T05:43:52Z,2026-05-04 07:48:41
k7nN9C-KJ54,Ugzs7d9hwKkxqQGkgXN4AaABAg,@joseluisarenas6944,No es presidente es un tirano,2026-04-26T18:26:04Z,1,Gobierno de Tampico,"Milei captura a Farias Laguna: huachicol fiscal, tensión con México y alianza con Trump",Azteca Noticias,2026-04-25T05:43:52Z,2026-05-04 07:48:41
k7nN9C-KJ54,Ugwxdm0Awti7UN_il514AaABAg,@emmanuelag2583,Uyyy que miedo tenemos de arjentina 😂,2026-04-26T18:20:08Z,0,Gobierno de Tampico,"Milei captura a Farias Laguna: huachicol fiscal, tensión con México y alianza con Trump",Azteca Noticias,2026-04-25T05:43:52Z,2026-05-04 07:48:41
k7nN9C-KJ54,UgzYlsYQKaGwVZk5s2V4AaABAg,@saturninoflores9016,Es el lame botas como tu.,2026-04-26T17:45:11Z,0,Gobierno de Tampico,"Milei captura a Farias Laguna: huachicol fiscal, tensión con México y alianza con Trump",Azteca Noticias,2026-04-25T05:43:52Z,2026-05-04 07:48:41
k7nN9C-KJ54,Ugx47Pc-MYPwLBKUWuh4AaABAg,@haku8530,Ya se tardaron los animales a decir que Milei deseguro es del PRIAN.,2026-04-26T17:42:08Z,0,Gobierno de Tampico,"Milei captura a Farias Laguna: huachicol fiscal, tensión con México y alianza con Trump",Azteca Noticias,2026-04-25T05:43:52Z,2026-05-04 07:48:41
k7nN9C-KJ54,Ugw1OG_6ckQwEt8-be54AaABAg,@MemoNXM,Ahí si no rebusnan los Cha1rs y resulta q no sabía el Atolero Macuspano??,2026-04-26T17:32:11Z,0,Gobierno de Tampico,"Milei captura a Farias Laguna: huachicol fiscal, tensión con México y alianza con Trump",Azteca Noticias,2026-04-25T05:43:52Z,2026-05-04 07:48:41
k7nN9C-KJ54,UgwTNWGVgHRgFCh7Zgh4AaABAg,@LupecoColin,Latorre se oye muy lambe botas,2026-04-26T17:26:13Z,0,Gobierno de Tampico,"Milei captura a Farias Laguna: huachicol fiscal, tensión con México y alianza con Trump",Azteca Noticias,2026-04-25T05:43:52Z,2026-05-04 07:48:41
k7nN9C-KJ54,Ugw3_b8pKYrBY0vcPYt4AaABAg,@XxX-ShAdoW-XxX,Argentino aca... algun mexicano que me pueda decir porque lo buscan a este tipo? porque yo nunca escuche nada de el hasta ahora...,2026-04-26T17:17:33Z,0,Gobierno de Tampico,"Milei captura a Farias Laguna: huachicol fiscal, tensión con México y alianza con Trump",Azteca Noticias,2026-04-25T05:43:52Z,2026-05-04 07:48:41
k7nN9C-KJ54,UgwA_o7SAOMzt0pF-r54AaABAg,@estebansonvj6439,Que lo mandé directo y sin escalas al gabacho por favor Sr. Milei,2026-04-26T15:36:24Z,0,Gobierno de Tampico,"Milei captura a Farias Laguna: huachicol fiscal, tensión con México y alianza con Trump",Azteca Noticias,2026-04-25T05:43:52Z,2026-05-04 07:48:41
k7nN9C-KJ54,UgyGZvwX-k6E8M1VFQd4AaABAg,@marcoantonioc8461,El que se manda sólo 😂😂😂<br>Puras mentiras!,2026-04-26T15:20:02Z,0,Gobierno de Tampico,"Milei captura a Farias Laguna: huachicol fiscal, tensión con México y alianza con Trump",Azteca Noticias,2026-04-25T05:43:52Z,2026-05-04 07:48:41
k7nN9C-KJ54,UgzEjnxJwxE5GcOHbIV4AaABAg,@juancarlosfloreslopez5357,<b>NO DIGAS MAMADAS ALATORRE</b> 😮😮😮,2026-04-26T15:03:13Z,0,Gobierno de Tampico,"Milei captura a Farias Laguna: huachicol fiscal, tensión con México y alianza con Trump",Azteca Noticias,2026-04-25T05:43:52Z,2026-05-04 07:48:41
k7nN9C-KJ54,Ugy0NzazCa_7jOn6ryV4AaABAg,@Eric-ge4tc,Aquí  en mexico ya no queremos mas delincuentes mejor paredón  ley fuga,2026-04-26T14:55:21Z,2,Gobierno de Tampico,"Milei captura a Farias Laguna: huachicol fiscal, tensión con México y alianza con Trump",Azteca Noticias,2026-04-25T05:43:52Z,2026-05-04 07:48:41
k7nN9C-KJ54,UgxckNNpBGv7rmuqvch4AaABAg,@aljandrnuno164,La 🥩 de burro en Argentina 😂,2026-04-26T14:39:03Z,0,Gobierno de Tampico,"Milei captura a Farias Laguna: huachicol fiscal, tensión con México y alianza con Trump",Azteca Noticias,2026-04-25T05:43:52Z,2026-05-04 07:48:41
k7nN9C-KJ54,UgyvIRnGpH5GDipQyi54AaABAg,@ManuelValzquez,Ese desquisiado del presidente milei.que aga lo que quiera .y tv azteca difundiendo .pura farandula.barata,2026-04-26T14:13:05Z,0,Gobierno de Tampico,"Milei captura a Farias Laguna: huachicol fiscal, tensión con México y alianza con Trump",Azteca Noticias,2026-04-25T05:43:52Z,2026-05-04 07:48:41
k7nN9C-KJ54,Ugz9S4AKDYzjWbAiBVp4AaABAg,@camarilloguzman1290,Mileí es grande fuera<br>SHIETBAUN,2026-04-26T14:11:56Z,0,Gobierno de Tampico,"Milei captura a Farias Laguna: huachicol fiscal, tensión con México y alianza con Trump",Azteca Noticias,2026-04-25T05:43:52Z,2026-05-04 07:48:41
k7nN9C-KJ54,UgzCw8UG2VDYiDzMsKl4AaABAg,@AGUSTINGONZALEZ-q7t,"Oye Javier, nadie puede desacreditar al malgobierno de claudia. Ellos solos se ensucian,  se desacreditan.",2026-04-26T13:56:01Z,0,Gobierno de Tampico,"Milei captura a Farias Laguna: huachicol fiscal, tensión con México y alianza con Trump",Azteca Noticias,2026-04-25T05:43:52Z,2026-05-04 07:48:41
k7nN9C-KJ54,Ugyqxakxkd-zk3sGrgJ4AaABAg,@erickbetanzos7359,Javier qué vergüenza. En qué te viniste a convertir. Un vocero de la ultraderecha. Esa que está mandando gente en Palestina.,2026-04-26T13:41:26Z,0,Gobierno de Tampico,"Milei captura a Farias Laguna: huachicol fiscal, tensión con México y alianza con Trump",Azteca Noticias,2026-04-25T05:43:52Z,2026-05-04 07:48:41
k7nN9C-KJ54,UgzsveOSYI8tBFS3nk54AaABAg,@DarioAlejandroZarazuaGom-qm3hk,No lo entreguen a México entregenlo a U SA🇺🇲🇺🇲🇺🇸🇺🇲🙏🇲🇽,2026-04-26T13:19:15Z,4,Gobierno de Tampico,"Milei captura a Farias Laguna: huachicol fiscal, tensión con México y alianza con Trump",Azteca Noticias,2026-04-25T05:43:52Z,2026-05-04 07:48:41
k7nN9C-KJ54,UgzBtHf83MjVaGpOh3B4AaABAg,@DarioAlejandroZarazuaGom-qm3hk,Exigimos CÁRCEL al traidor comunista de López Obrador y sus cómplices políticos gracias 🇺🇲🇺🇸🇲🇽🙏,2026-04-26T13:18:46Z,2,Gobierno de Tampico,"Milei captura a Farias Laguna: huachicol fiscal, tensión con México y alianza con Trump",Azteca Noticias,2026-04-25T05:43:52Z,2026-05-04 07:48:41
k7nN9C-KJ54,Ugz8p01PbLvIJ9bydjl4AaABAg,@DarioAlejandroZarazuaGom-qm3hk,Excelente muy bien gracias 👌🇺🇲🙏🇺🇸🇲🇽🇲🇽,2026-04-26T13:18:31Z,1,Gobierno de Tampico,"Milei captura a Farias Laguna: huachicol fiscal, tensión con México y alianza con Trump",Azteca Noticias,2026-04-25T05:43:52Z,2026-05-04 07:48:41
k7nN9C-KJ54,Ugy2ZxSYljzqQdpKWYl4AaABAg,@JaimeCostecho-xxx,VA DECIR SHEINBAUN QUE EL NIÑO ES INOCENTE QUE LO LIBEREN O QUE SE LO EXTRADITEN,2026-04-26T13:15:46Z,0,Gobierno de Tampico,"Milei captura a Farias Laguna: huachicol fiscal, tensión con México y alianza con Trump",Azteca Noticias,2026-04-25T05:43:52Z,2026-05-04 07:48:41
k7nN9C-KJ54,Ugx3MJykxTRbFn5p2714AaABAg,@jacoboisraellarasanchez7434,"Jajajajajaja a ver, el que no se manda solo pero siempre va por las tortillas y tu crees que le interesa la &quot;información&quot; que pueda tener o será que sólo quiere un moche del dinero que se llevó?",2026-04-26T12:21:47Z,0,Gobierno de Tampico,"Milei captura a Farias Laguna: huachicol fiscal, tensión con México y alianza con Trump",Azteca Noticias,2026-04-25T05:43:52Z,2026-05-04 07:48:41
k7nN9C-KJ54,Ugxxc-DZa4dpNILzr5Z4AaABAg,@sm9600,😂😂 mejor atrapar a otros delincuentes que a ellos mismos Caso LIBRA y COINX,2026-04-26T11:38:20Z,0,Gobierno de Tampico,"Milei captura a Farias Laguna: huachicol fiscal, tensión con México y alianza con Trump",Azteca Noticias,2026-04-25T05:43:52Z,2026-05-04 07:48:41
k7nN9C-KJ54,Ugw54JpEjOkXiKvb0V54AaABAg,@yazminsanchez2048,"Que otros presidentes y gobiernos hagan lo que el gobierno mexicano no está dispuesto a hacer,",2026-04-26T11:02:16Z,0,Gobierno de Tampico,"Milei captura a Farias Laguna: huachicol fiscal, tensión con México y alianza con Trump",Azteca Noticias,2026-04-25T05:43:52Z,2026-05-04 07:48:41
k7nN9C-KJ54,UgztK7XLHR-8oujXgYB4AaABAg,@ST-ez8mk,México es un narcoestado,2026-04-26T10:39:31Z,1,Gobierno de Tampico,"Milei captura a Farias Laguna: huachicol fiscal, tensión con México y alianza con Trump",Azteca Noticias,2026-04-25T05:43:52Z,2026-05-04 07:48:41
k7nN9C-KJ54,Ugx9o_S7SKitwN30jAd4AaABAg,@rociopedraja1179,Dice la verdad los carteles están con Sheinbaum,2026-04-26T07:55:17Z,0,Gobierno de Tampico,"Milei captura a Farias Laguna: huachicol fiscal, tensión con México y alianza con Trump",Azteca Noticias,2026-04-25T05:43:52Z,2026-05-04 07:48:41
k7nN9C-KJ54,UgxW4v1MY6dbjBYQ9et4AaABAg,@ismaelperez-zm3uq,"Que mala información da este burro … neta lo bueno que en USA y los Mexicanos inteligentes no creemos en estas malas noticias. Quedan mal y su credibilidad se va por los suelos van a desaparecer sus noticieros falsos como el PRI, PAN y PT por vende patrias ya el pueblo está más politizado .. y aquí en USA como amamos a la 4T asta el final",2026-04-26T07:46:24Z,0,Gobierno de Tampico,"Milei captura a Farias Laguna: huachicol fiscal, tensión con México y alianza con Trump",Azteca Noticias,2026-04-25T05:43:52Z,2026-05-04 07:48:41
k7nN9C-KJ54,UgynPAY_erM9jNcQCA94AaABAg,@Juan_Pablo_Glez_Vengas,Vamooooooooos Milei  😎👍🏻😎😎,2026-04-26T07:17:44Z,2,Gobierno de Tampico,"Milei captura a Farias Laguna: huachicol fiscal, tensión con México y alianza con Trump",Azteca Noticias,2026-04-25T05:43:52Z,2026-05-04 07:48:41
k7nN9C-KJ54,UgyV0p7LNqGyLG-dBP54AaABAg,@PorlaRepublicaArgentina,Mechichorros AFUERA!!!!,2026-04-26T07:08:07Z,1,Gobierno de Tampico,"Milei captura a Farias Laguna: huachicol fiscal, tensión con México y alianza con Trump",Azteca Noticias,2026-04-25T05:43:52Z,2026-05-04 07:48:41
k7nN9C-KJ54,UgxOfsKa0h2DkuO-j6J4AaABAg,@jassielrolandorodriguez293,Que milei mande al narcohuachicolero a usa para que declare todo,2026-04-26T06:33:17Z,0,Gobierno de Tampico,"Milei captura a Farias Laguna: huachicol fiscal, tensión con México y alianza con Trump",Azteca Noticias,2026-04-25T05:43:52Z,2026-05-04 07:48:41
k7nN9C-KJ54,UgxlPW4OLaHrkx3DHUZ4AaABAg,@Hatzlaja-w6o,"Señor Presidente Milei, de argentina, puesudtex cumple con su trabajo y está haciendo lo que es correcto, pero ahora sí que usted tenga a es de Méxicano es muy mal visto por este gobierno, creo se enojaron por qué no se de erisn de haber hecho la detención no les gusto",2026-04-26T04:08:14Z,0,Gobierno de Tampico,"Milei captura a Farias Laguna: huachicol fiscal, tensión con México y alianza con Trump",Azteca Noticias,2026-04-25T05:43:52Z,2026-05-04 07:48:41
k7nN9C-KJ54,UgyDj7mOflC3P3EhWgd4AaABAg,@JesusOrtega-b8d,Le van a sacar sus trapitos sucios a MORENA.,2026-04-26T04:00:10Z,0,Gobierno de Tampico,"Milei captura a Farias Laguna: huachicol fiscal, tensión con México y alianza con Trump",Azteca Noticias,2026-04-25T05:43:52Z,2026-05-04 07:48:41
k7nN9C-KJ54,UgymD-OjMAJ4dYjHYq94AaABAg,@HumbertoGonzalezVillanueva,"Que lo interroguen en Argentina, que documenten todo y lo hagan publico a nivel mundial,para que se sepa el gobierno que tenemos en Mexico.",2026-04-26T03:49:35Z,1,Gobierno de Tampico,"Milei captura a Farias Laguna: huachicol fiscal, tensión con México y alianza con Trump",Azteca Noticias,2026-04-25T05:43:52Z,2026-05-04 07:48:41
k7nN9C-KJ54,Ugydwo2wXFt7i2X6LDV4AaABAg,@ClaraUreñacastañon,Ni nos ase falta ese loco nacy d trump ademas s quiere adueñar del golfo d mexico si hubiera estado el pri ya s lo hubiera dado como otras riquezas mas,2026-04-26T03:43:54Z,0,Gobierno de Tampico,"Milei captura a Farias Laguna: huachicol fiscal, tensión con México y alianza con Trump",Azteca Noticias,2026-04-25T05:43:52Z,2026-05-04 07:48:41
k7nN9C-KJ54,UgyrccLO8QZBUAFKFJt4AaABAg,@JuanMorales-qz2mg,J Miliy No lo entregues a MEXICO Dáselo A USA,2026-04-26T03:38:08Z,0,Gobierno de Tampico,"Milei captura a Farias Laguna: huachicol fiscal, tensión con México y alianza con Trump",Azteca Noticias,2026-04-25T05:43:52Z,2026-05-04 07:48:41
k7nN9C-KJ54,UgztWzmEs0PEWXHowXV4AaABAg,@josealfredohoraciomoralesc1596,"Si Milei quiere chingarse a AMLO, que haga cantar a ese marino mexicano y lo exhiba internacionalmente",2026-04-26T03:33:38Z,0,Gobierno de Tampico,"Milei captura a Farias Laguna: huachicol fiscal, tensión con México y alianza con Trump",Azteca Noticias,2026-04-25T05:43:52Z,2026-05-04 07:48:41
k7nN9C-KJ54,Ugxep2JjXCOO8CIQQ9V4AaABAg,@enry0772,Puro circo...de este ex-periodista.,2026-04-26T03:32:52Z,0,Gobierno de Tampico,"Milei captura a Farias Laguna: huachicol fiscal, tensión con México y alianza con Trump",Azteca Noticias,2026-04-25T05:43:52Z,2026-05-04 07:48:41
k7nN9C-KJ54,Ugy-OeagmBxfo1Xqv1V4AaABAg,@julioramirez5552,El lame botas que desinforma,2026-04-26T03:30:13Z,0,Gobierno de Tampico,"Milei captura a Farias Laguna: huachicol fiscal, tensión con México y alianza con Trump",Azteca Noticias,2026-04-25T05:43:52Z,2026-05-04 07:48:41
k7nN9C-KJ54,UgwBmQVX4zpn-4rhUqp4AaABAg,@DiegoHernandez-q2b,Javier eres un lambe zapatos de Miley como si los prianistas RATEROS vende patrias no estuvieran enbolucrados,2026-04-26T03:28:07Z,0,Gobierno de Tampico,"Milei captura a Farias Laguna: huachicol fiscal, tensión con México y alianza con Trump",Azteca Noticias,2026-04-25T05:43:52Z,2026-05-04 07:48:41
k7nN9C-KJ54,UgxwQa3WTiVzSjOlI2l4AaABAg,@ValuaTuAuto,"Viva Trump, Viva Milei 👏👏👏",2026-04-26T03:04:35Z,0,Gobierno de Tampico,"Milei captura a Farias Laguna: huachicol fiscal, tensión con México y alianza con Trump",Azteca Noticias,2026-04-25T05:43:52Z,2026-05-04 07:48:41
k7nN9C-KJ54,UgyabMsX36uLx_VOX2h4AaABAg,@rosaruizterron6450,"Por favor que no lo manden a MÉXICO desgraciadamente en este PAiS ya no hay JUSTICIA, mándelo a EEUU.",2026-04-26T03:00:18Z,9,Gobierno de Tampico,"Milei captura a Farias Laguna: huachicol fiscal, tensión con México y alianza con Trump",Azteca Noticias,2026-04-25T05:43:52Z,2026-05-04 07:48:41
k7nN9C-KJ54,UgyD6SR5JcCabbGeTU14AaABAg,@rosagodinez8059,"😂😂😂😂😂Solo los más incultos le creen a Tvazteca, arma chismes.",2026-04-26T03:00:15Z,1,Gobierno de Tampico,"Milei captura a Farias Laguna: huachicol fiscal, tensión con México y alianza con Trump",Azteca Noticias,2026-04-25T05:43:52Z,2026-05-04 07:48:41
k7nN9C-KJ54,Ugw7WFnvs7VlqfSlpEp4AaABAg,@michelleacevedogarcia288,Se imaginan al Pelucas entregando a ese señor????<br>Por supuesto que nooooo,2026-04-26T02:47:12Z,0,Gobierno de Tampico,"Milei captura a Farias Laguna: huachicol fiscal, tensión con México y alianza con Trump",Azteca Noticias,2026-04-25T05:43:52Z,2026-05-04 07:48:41
k7nN9C-KJ54,UgyHsuoNAtVQBKE2Gg54AaABAg,@JuanEliasRosillo,😂😂😂😂no ppss waooo y cuando hacen un reportaje a fondo de la Maruja vendepstrias de los paniagudos?y de la alcaldesa que renunció de los paniagudos? Y por qué dices que Miley? El fue quien lanzo la alerta roja o México?explica bien también no dices nada del pedófilo de tu patrón 😂😂😂😂😂,2026-04-26T02:46:21Z,0,Gobierno de Tampico,"Milei captura a Farias Laguna: huachicol fiscal, tensión con México y alianza con Trump",Azteca Noticias,2026-04-25T05:43:52Z,2026-05-04 07:48:41
k7nN9C-KJ54,UgxoVWD6EGu0U85QF7h4AaABAg,@juanmanuelperez7732,ERES EL PERIODISTA MAS MAS  MENTIROSO DE MEXICO...  YA NADIE TE VE....  MEJOR ABLA DE TU PATRON  PREGUNTALE SI ES PEDOFILO...,2026-04-26T02:40:59Z,0,Gobierno de Tampico,"Milei captura a Farias Laguna: huachicol fiscal, tensión con México y alianza con Trump",Azteca Noticias,2026-04-25T05:43:52Z,2026-05-04 07:48:41
k7nN9C-KJ54,Ugx6C-y2anRQnOdbgVR4AaABAg,@Marco-d3s2d,Extradición a un lugar en dónde si se le aplique la ley,2026-04-26T02:30:00Z,0,Gobierno de Tampico,"Milei captura a Farias Laguna: huachicol fiscal, tensión con México y alianza con Trump",Azteca Noticias,2026-04-25T05:43:52Z,2026-05-04 07:48:41
k7nN9C-KJ54,Ugxu1xcl6OmWNivWkgJ4AaABAg,@Marco-d3s2d,No importa absolutamente nada la opinión de los que cuidan a los delincuentes. <br>Ya sean Argentinos chinos o coreanos los que los atrapen mientras caigan y sigan cayendo los delincuentes es bueno para la sociedad Mexicana y para todo el mundo👍⚡❕❕❕,2026-04-26T02:27:10Z,0,Gobierno de Tampico,"Milei captura a Farias Laguna: huachicol fiscal, tensión con México y alianza con Trump",Azteca Noticias,2026-04-25T05:43:52Z,2026-05-04 07:48:41
k7nN9C-KJ54,UgxD5v7fKKgEwnfl0d54AaABAg,@davidalcantara9195,"Que lo pida USA y Argentina lo manda de volada, ojalá lo pida Trump, para destapar todo el sexenio de AMLO y su secretario de Marina.",2026-04-26T02:24:24Z,4,Gobierno de Tampico,"Milei captura a Farias Laguna: huachicol fiscal, tensión con México y alianza con Trump",Azteca Noticias,2026-04-25T05:43:52Z,2026-05-04 07:48:41
k7nN9C-KJ54,UgzxBYikWI2xe_OiVIR4AaABAg,@contraluziridiscente421,Es mejor que lo manden a USA... para que declare quienes son los jefes del Huachicol en el poder.,2026-04-26T02:08:45Z,1,Gobierno de Tampico,"Milei captura a Farias Laguna: huachicol fiscal, tensión con México y alianza con Trump",Azteca Noticias,2026-04-25T05:43:52Z,2026-05-04 07:48:41
k7nN9C-KJ54,UgxpvqDIaWFV1od6LRh4AaABAg,@angelestejeda158,Se pondré bueno sacarán la sopa.,2026-04-26T01:33:21Z,0,Gobierno de Tampico,"Milei captura a Farias Laguna: huachicol fiscal, tensión con México y alianza con Trump",Azteca Noticias,2026-04-25T05:43:52Z,2026-05-04 07:48:41
k7nN9C-KJ54,UgylVPwroWk1mKDCqNF4AaABAg,@VictorGarcia-l6m,Milei es un lambe botas de Estado Unidos.<br>Que se quede con su narco en argentina <br>México debe romper relaciones con Argentina que no aporta nada.<br>Y de una vez por todas con Estado Unidos que hoy en día es la burla de Irán .<br>México puede hacer tratos con China y Rusia.,2026-04-26T01:26:21Z,1,Gobierno de Tampico,"Milei captura a Farias Laguna: huachicol fiscal, tensión con México y alianza con Trump",Azteca Noticias,2026-04-25T05:43:52Z,2026-05-04 07:48:41
k7nN9C-KJ54,UgyoT2tihieuvIcmwnt4AaABAg,@jaimelarroyo7743,Urge q Mexico rompa relaciones cin Argentina,2026-04-26T01:24:57Z,0,Gobierno de Tampico,"Milei captura a Farias Laguna: huachicol fiscal, tensión con México y alianza con Trump",Azteca Noticias,2026-04-25T05:43:52Z,2026-05-04 07:48:41
k7nN9C-KJ54,Ugze4Po1C5sGzC6DK2d4AaABAg,@PavelDragunov-yv5dk,Viva claudia ! Viva mexico !🇲🇽 ratas hay en todo el mundo empezando por ustedes!😂,2026-04-26T01:17:01Z,0,Gobierno de Tampico,"Milei captura a Farias Laguna: huachicol fiscal, tensión con México y alianza con Trump",Azteca Noticias,2026-04-25T05:43:52Z,2026-05-04 07:48:41
k7nN9C-KJ54,UgzxIs7tUNMk-6i_IjF4AaABAg,@cesarmoreno7093,"Pues tenia orden de aprensión girada por México, sino no o hubieran detenido no se hagan Güemes ni inventen cosas.",2026-04-26T01:14:49Z,0,Gobierno de Tampico,"Milei captura a Farias Laguna: huachicol fiscal, tensión con México y alianza con Trump",Azteca Noticias,2026-04-25T05:43:52Z,2026-05-04 07:48:41
k7nN9C-KJ54,Ugz8aIwtcbMQauBVF9B4AaABAg,@ausencioalvarado5386,"Lo deportan y acá queda libre , mejor que se quede con el",2026-04-26T01:09:13Z,0,Gobierno de Tampico,"Milei captura a Farias Laguna: huachicol fiscal, tensión con México y alianza con Trump",Azteca Noticias,2026-04-25T05:43:52Z,2026-05-04 07:48:41
k7nN9C-KJ54,UgwD9mGTgegLX8xtIZF4AaABAg,@RobertReyesAmayaBeto,Tengan buena noche esos paleros igual 5javier ala torre,2026-04-26T01:08:56Z,0,Gobierno de Tampico,"Milei captura a Farias Laguna: huachicol fiscal, tensión con México y alianza con Trump",Azteca Noticias,2026-04-25T05:43:52Z,2026-05-04 07:48:41
k7nN9C-KJ54,Ugy67t0XbLqtEyWWdfp4AaABAg,@luiscordovaleyva4459,Y no dicen nada de la carne burro ni de la estafa de milei y las cryptomonedas,2026-04-26T01:08:05Z,0,Gobierno de Tampico,"Milei captura a Farias Laguna: huachicol fiscal, tensión con México y alianza con Trump",Azteca Noticias,2026-04-25T05:43:52Z,2026-05-04 07:48:41
k7nN9C-KJ54,Ugz8clLb4KCY72_r6cV4AaABAg,@gustavoTrace,Israel vive en mexico jacob y abrsn y moyse y yave🎉😂😂😂❤🎉🎉🎉😂❤🎉🎉😅😅😅😅😅😅😊😊😊😊😊😊😊😊,2026-04-26T00:59:58Z,0,Gobierno de Tampico,"Milei captura a Farias Laguna: huachicol fiscal, tensión con México y alianza con Trump",Azteca Noticias,2026-04-25T05:43:52Z,2026-05-04 07:48:41
k7nN9C-KJ54,Ugwt-aESLJu16USK06B4AaABAg,@PavarotyMusico,Fuerza desinformativa chorizos,2026-04-26T00:46:26Z,1,Gobierno de Tampico,"Milei captura a Farias Laguna: huachicol fiscal, tensión con México y alianza con Trump",Azteca Noticias,2026-04-25T05:43:52Z,2026-05-04 07:48:41
k7nN9C-KJ54,UgyqmHfvi11flymrZpR4AaABAg,@beldavazquez3834,va en serio si MEXICO NO LE PEGA A LOS CARTELES LO VA A HACER LATAM,2026-04-26T00:45:30Z,0,Gobierno de Tampico,"Milei captura a Farias Laguna: huachicol fiscal, tensión con México y alianza con Trump",Azteca Noticias,2026-04-25T05:43:52Z,2026-05-04 07:48:41
k7nN9C-KJ54,Ugy95a0a-NZ6aFWyuyd4AaABAg,@dannyrob4722,Apoyo que lo deporte pero a EU,2026-04-26T00:37:24Z,0,Gobierno de Tampico,"Milei captura a Farias Laguna: huachicol fiscal, tensión con México y alianza con Trump",Azteca Noticias,2026-04-25T05:43:52Z,2026-05-04 07:48:41
k7nN9C-KJ54,UgwWmaPN29GcJi-wnmh4AaABAg,@sergiogarcia7719,Van a papear al chupacabras,2026-04-26T00:36:41Z,0,Gobierno de Tampico,"Milei captura a Farias Laguna: huachicol fiscal, tensión con México y alianza con Trump",Azteca Noticias,2026-04-25T05:43:52Z,2026-05-04 07:48:41
k7nN9C-KJ54,Ugw9ADrPkR3_iwYL4PZ4AaABAg,@aleflou,"En argentina ya comen carne de burro, aguas Milei. El escudo del capitán América 😂😂😂😂. Trump, lista Epstein, sionista y esclavo de Netanyahu dando clases de moral a México 😂😂😂😂 el mundo al reves",2026-04-26T00:18:50Z,0,Gobierno de Tampico,"Milei captura a Farias Laguna: huachicol fiscal, tensión con México y alianza con Trump",Azteca Noticias,2026-04-25T05:43:52Z,2026-05-04 07:48:41
k7nN9C-KJ54,UgwheoFNn_85XDsCBpt4AaABAg,@JoelZamarron-d6n,No fue Miilei  el andaba bailando y haciendo de bufón en Israel .,2026-04-26T00:05:24Z,0,Gobierno de Tampico,"Milei captura a Farias Laguna: huachicol fiscal, tensión con México y alianza con Trump",Azteca Noticias,2026-04-25T05:43:52Z,2026-05-04 07:48:41
k7nN9C-KJ54,UgxZ2EWAQUkKvSiWAJt4AaABAg,@pinkpantherrosa3235,Gracias sr presidente 🤗,2026-04-25T23:42:12Z,2,Gobierno de Tampico,"Milei captura a Farias Laguna: huachicol fiscal, tensión con México y alianza con Trump",Azteca Noticias,2026-04-25T05:43:52Z,2026-05-04 07:48:41
k7nN9C-KJ54,UgzcmbEnDahT97So6k94AaABAg,@Nikita-z1n7k,Muchas felicidades a Milei un presidente de admirar con sus ejemplos y su honestidad. Sin duda un presidente de calidad que llega a nivel de Bukele <br>🎉🎉😇🙏🕯️🎉🎉🎉 Muchas bendiciones y mucha luz para Argentina y Estados Unidos. México necesita salir de la oscuridad tan corrupto y llena de resentimiento social. Sobré todo de la confusión tan manipulada por el gobierno que solo busca sacar provecho!!!! Robando descaradamente!!! No más abuso no más robo no más traición a la patria poniendo a pelear a la sociedad. Para salir victorioso!! México ya está despierto y se levanta.😇🙏🕯️Dios con nosotros!! El diablo clen espera de los condenados 🎉🎉🎉🎉💔😔,2026-04-25T23:36:22Z,1,Gobierno de Tampico,"Milei captura a Farias Laguna: huachicol fiscal, tensión con México y alianza con Trump",Azteca Noticias,2026-04-25T05:43:52Z,2026-05-04 07:48:41
k7nN9C-KJ54,UgzkS_wRX0VFxraxKL14AaABAg,@lucreciadominguez5241,Tan escandaloso ... Haciendo leña del árbol...,2026-04-25T23:28:21Z,0,Gobierno de Tampico,"Milei captura a Farias Laguna: huachicol fiscal, tensión con México y alianza con Trump",Azteca Noticias,2026-04-25T05:43:52Z,2026-05-04 07:48:41
k7nN9C-KJ54,Ugyewcy3MDHVHpb2IBp4AaABAg,@FelipeSanchez-wz3dx,Dos golpes a Claudia está detención y el caso del narco laboratorio..😮,2026-04-25T22:57:53Z,1,Gobierno de Tampico,"Milei captura a Farias Laguna: huachicol fiscal, tensión con México y alianza con Trump",Azteca Noticias,2026-04-25T05:43:52Z,2026-05-04 07:48:41
k7nN9C-KJ54,UgwcaPbQ8eGJS5-AwY54AaABAg,@EmilianoCrousH,Pobres argentinos abra los ojos ese mileini nomás mira por si mismo isu puevlo keselocarge la chinnnn,2026-04-25T22:51:29Z,0,Gobierno de Tampico,"Milei captura a Farias Laguna: huachicol fiscal, tensión con México y alianza con Trump",Azteca Noticias,2026-04-25T05:43:52Z,2026-05-04 07:48:41
k7nN9C-KJ54,Ugx7VBp73k6OlNvPug14AaABAg,@aldomaster276,Clave?!<br><br>Santa madre ya dijo la frase...,2026-04-25T22:45:30Z,0,Gobierno de Tampico,"Milei captura a Farias Laguna: huachicol fiscal, tensión con México y alianza con Trump",Azteca Noticias,2026-04-25T05:43:52Z,2026-05-04 07:48:41
k7nN9C-KJ54,UgwgjI0asN0SbFxlVEh4AaABAg,@kovoz7918,Cual es el estrés es un delincuente que se lo quede argentina tal vez hasta le den un puesto en la Casa Rosada💵💰‼️🙃,2026-04-25T22:30:19Z,0,Gobierno de Tampico,"Milei captura a Farias Laguna: huachicol fiscal, tensión con México y alianza con Trump",Azteca Noticias,2026-04-25T05:43:52Z,2026-05-04 07:48:41
k7nN9C-KJ54,UgwXjM0eN6f1jW7C7-t4AaABAg,@jorgegomez7497,"Presidente Milei por favor  mándelo a USA para que lo pongan a cantar en el MDC Brooklyn (Metropolitan Detention Center), el pueblo bueno y sabio le estará eternamente agradecido ¡AMEN!",2026-04-25T22:27:56Z,0,Gobierno de Tampico,"Milei captura a Farias Laguna: huachicol fiscal, tensión con México y alianza con Trump",Azteca Noticias,2026-04-25T05:43:52Z,2026-05-04 07:48:41
k7nN9C-KJ54,Ugwozb0wjE0YssV9eYJ4AaABAg,@user-mv777,Esta raza maldita de Costa Rica no tienen negocio si no hablan de México. Ya le deberíamos cobrar.,2026-04-25T22:27:21Z,1,Gobierno de Tampico,"Milei captura a Farias Laguna: huachicol fiscal, tensión con México y alianza con Trump",Azteca Noticias,2026-04-25T05:43:52Z,2026-05-04 07:48:41
k7nN9C-KJ54,Ugx9VhlKm3YjQ8yxyDp4AaABAg,@deuteriumx5076,"Milei, la esperanza de México 😎🙏",2026-04-25T22:00:51Z,3,Gobierno de Tampico,"Milei captura a Farias Laguna: huachicol fiscal, tensión con México y alianza con Trump",Azteca Noticias,2026-04-25T05:43:52Z,2026-05-04 07:48:41
k7nN9C-KJ54,Ugy5FcpcBGC3lt2oa094AaABAg,@luisrios528,La gata del imperio ya empezó a moverle la colita a su amo.,2026-04-25T21:21:10Z,0,Gobierno de Tampico,"Milei captura a Farias Laguna: huachicol fiscal, tensión con México y alianza con Trump",Azteca Noticias,2026-04-25T05:43:52Z,2026-05-04 07:48:41
k7nN9C-KJ54,Ugw-1_ZvQt_vowzbQhF4AaABAg,@AnaRud,👀,2026-04-25T21:10:28Z,0,Gobierno de Tampico,"Milei captura a Farias Laguna: huachicol fiscal, tensión con México y alianza con Trump",Azteca Noticias,2026-04-25T05:43:52Z,2026-05-04 07:48:41
k7nN9C-KJ54,UgwhsbazCULmTMAV3hx4AaABAg,@efrainsalazar186,"Por favor Sr. Milei mandé a este ladrón a EU, para que sea juzgado por Trump, en México lo van a guardar y no le van hacer nada, es más lo va a cuidar.",2026-04-25T21:09:43Z,0,Gobierno de Tampico,"Milei captura a Farias Laguna: huachicol fiscal, tensión con México y alianza con Trump",Azteca Noticias,2026-04-25T05:43:52Z,2026-05-04 07:48:41
k7nN9C-KJ54,Ugx4h4Ce_qSnp180j2t4AaABAg,@VirgynBlack,Directo a Estados Unidos porque en México lo van a soltar o lo van a desvivir &quot;por accidente&quot; como al Mencho,2026-04-25T21:03:11Z,0,Gobierno de Tampico,"Milei captura a Farias Laguna: huachicol fiscal, tensión con México y alianza con Trump",Azteca Noticias,2026-04-25T05:43:52Z,2026-05-04 07:48:41
k7nN9C-KJ54,UgxbO18rZw_r9NTnNIN4AaABAg,@LuisChavez-zn6ec,"Todos son corruptos presudentd eu, argentina, mexico la diferencia es conveniencia 😂😂😂😂",2026-04-25T20:42:31Z,0,Gobierno de Tampico,"Milei captura a Farias Laguna: huachicol fiscal, tensión con México y alianza con Trump",Azteca Noticias,2026-04-25T05:43:52Z,2026-05-04 07:48:41
k7nN9C-KJ54,Ugxy2GS-b9QO0bVn9aZ4AaABAg,@victorcabeza8536,De risa esta &quot;noticia&quot;,2026-04-25T20:41:37Z,0,Gobierno de Tampico,"Milei captura a Farias Laguna: huachicol fiscal, tensión con México y alianza con Trump",Azteca Noticias,2026-04-25T05:43:52Z,2026-05-04 07:48:41
k7nN9C-KJ54,UgyFjPi8sS1X5EGgUZp4AaABAg,@izzzua,Mejor dile a tu patrón que pague los impuestos 😂😂😂🎉🎉,2026-04-25T19:58:34Z,0,Gobierno de Tampico,"Milei captura a Farias Laguna: huachicol fiscal, tensión con México y alianza con Trump",Azteca Noticias,2026-04-25T05:43:52Z,2026-05-04 07:48:41
k7nN9C-KJ54,UgwNIe7_6lCeuFbaEjN4AaABAg,@panchovilla6008,Que importa lo que diga ese perrito.,2026-04-25T19:54:48Z,0,Gobierno de Tampico,"Milei captura a Farias Laguna: huachicol fiscal, tensión con México y alianza con Trump",Azteca Noticias,2026-04-25T05:43:52Z,2026-05-04 07:48:41
k7nN9C-KJ54,UgxiT1NgKWXYxaQMBk94AaABAg,@rociogalindoarizmendi8334,Por favor presidente MILEI 🙏🏼🙏🏼 dele asilo e informe al presidente Trump para que les pase la verdad de quién es el líder del huachicol que aquí en México estamos segurísimos que es el expresidente lopez obrador y sus hijos. Si lo manda para México lo van a desparecer 💀 el primer marino que pasó la información al tío de este lo asesinaron. Van hacer lo mismo con requena el socio de adan augusto líder de la barredora. Se lo van a llevar al viej0 obrador para que lo amedentre o de la orden de asesinarlo,2026-04-25T19:37:08Z,0,Gobierno de Tampico,"Milei captura a Farias Laguna: huachicol fiscal, tensión con México y alianza con Trump",Azteca Noticias,2026-04-25T05:43:52Z,2026-05-04 07:48:41
k7nN9C-KJ54,UgxYwEewi4pMaXPj-Yl4AaABAg,@markis650,"No lo mandén a México... allá investigue lo, no se lo suelten como al líder de la barredora, esconder la cloaca , así que igual directo a EU ... allá lo exprimen... Tienen un pescado gigante",2026-04-25T19:36:24Z,0,Gobierno de Tampico,"Milei captura a Farias Laguna: huachicol fiscal, tensión con México y alianza con Trump",Azteca Noticias,2026-04-25T05:43:52Z,2026-05-04 07:48:41
k7nN9C-KJ54,UgzBWkPBLwuYse8eRHN4AaABAg,@sandlev8794,DIRECTO A E.U  AQUÍ EN MÉXICO  NO !!! LOS DEJAN LIBRES!!!,2026-04-25T19:23:15Z,111,Gobierno de Tampico,"Milei captura a Farias Laguna: huachicol fiscal, tensión con México y alianza con Trump",Azteca Noticias,2026-04-25T05:43:52Z,2026-05-04 07:48:41
k7nN9C-KJ54,UgzQ_Yh98Kx4Wx3IZvt4AaABAg,@dannymart-hyld6130,Argentina confirma extradición pacífica de un criminal*<br><br>El medio menos amarillista de México: &quot;TENSIÓN MEXICO-GOBERNADOR DE ARGENTINA*,2026-04-25T19:22:15Z,1,Gobierno de Tampico,"Milei captura a Farias Laguna: huachicol fiscal, tensión con México y alianza con Trump",Azteca Noticias,2026-04-25T05:43:52Z,2026-05-04 07:48:41
k7nN9C-KJ54,Ugz2WoCELYKRfvBhLk14AaABAg,@marcushernandez9018,Che chayotero!,2026-04-25T19:21:04Z,0,Gobierno de Tampico,"Milei captura a Farias Laguna: huachicol fiscal, tensión con México y alianza con Trump",Azteca Noticias,2026-04-25T05:43:52Z,2026-05-04 07:48:41
k7nN9C-KJ54,Ugw8D2FyZVuoxACWBwN4AaABAg,@Cuauhtláhuac,Si lo mandan a México lo van a liberar,2026-04-25T19:19:39Z,0,Gobierno de Tampico,"Milei captura a Farias Laguna: huachicol fiscal, tensión con México y alianza con Trump",Azteca Noticias,2026-04-25T05:43:52Z,2026-05-04 07:48:41
k7nN9C-KJ54,UgzL4VpcyrezkvEUCE54AaABAg,@alfredog5586,Lo que él pueda decir involucrando a políticos mexicanos del gobierno actual o anterior la presidente con cinismo lo negará.,2026-04-25T19:11:01Z,0,Gobierno de Tampico,"Milei captura a Farias Laguna: huachicol fiscal, tensión con México y alianza con Trump",Azteca Noticias,2026-04-25T05:43:52Z,2026-05-04 07:48:41
k7nN9C-KJ54,UgxF-zXlueaH_kw-byt4AaABAg,@lucinorivera4424,Ay a la torre hasta donde as llegado 😒🤦 una lástima de comunicador.,2026-04-25T19:06:36Z,0,Gobierno de Tampico,"Milei captura a Farias Laguna: huachicol fiscal, tensión con México y alianza con Trump",Azteca Noticias,2026-04-25T05:43:52Z,2026-05-04 07:48:41
k7nN9C-KJ54,UgxrrdtpHTga2ufcVyd4AaABAg,@GustavoGarcia-qq4ec,"Milei, el amigo y aliado de trump por la seguridad hemisferica captura a farias el huachicolero, casi como si lo hubiera capturado Trump, le van a sacar la informacion de quienes son los peces gordos  del huachicol, se les vino la noche a los de MORENA",2026-04-25T19:03:48Z,4,Gobierno de Tampico,"Milei captura a Farias Laguna: huachicol fiscal, tensión con México y alianza con Trump",Azteca Noticias,2026-04-25T05:43:52Z,2026-05-04 07:48:41
k7nN9C-KJ54,Ugz7lS-sVu_1uyISHQB4AaABAg,@The-Axxtro,Lo puede papear!!! 🗣🗣🗣,2026-04-25T18:55:52Z,0,Gobierno de Tampico,"Milei captura a Farias Laguna: huachicol fiscal, tensión con México y alianza con Trump",Azteca Noticias,2026-04-25T05:43:52Z,2026-05-04 07:48:41
k7nN9C-KJ54,UgyxUJoCT3tZv6IHmHV4AaABAg,@RaúlMoralesJr,"No puede ser, y acabamos de pelearnos con los argentinos por los conciertos de AC/DC.",2026-04-25T18:54:14Z,1,Gobierno de Tampico,"Milei captura a Farias Laguna: huachicol fiscal, tensión con México y alianza con Trump",Azteca Noticias,2026-04-25T05:43:52Z,2026-05-04 07:48:41
k7nN9C-KJ54,UgwzVLTJZyT2_dCPjSN4AaABAg,@TheAllenfujioka,Milei no capturó a nadie si acaso fue la policía ni enterado estaba el tipo aya beandole las bolas a Netanyahu... Pinches eunucos USUREROS ! jajaja,2026-04-25T18:43:39Z,0,Gobierno de Tampico,"Milei captura a Farias Laguna: huachicol fiscal, tensión con México y alianza con Trump",Azteca Noticias,2026-04-25T05:43:52Z,2026-05-04 07:48:41
k7nN9C-KJ54,Ugy0v4-y1AoiXX12CTd4AaABAg,@horacioperezbanuet4264,Pero ellos son los criminales,2026-04-25T18:39:23Z,0,Gobierno de Tampico,"Milei captura a Farias Laguna: huachicol fiscal, tensión con México y alianza con Trump",Azteca Noticias,2026-04-25T05:43:52Z,2026-05-04 07:48:41
k7nN9C-KJ54,UgzwEwsByKkG8r7_iR14AaABAg,@Purata-fe3tl,Purooo. Arguendeeeee 😮😮SI en México no conocen. La. Corrupción 😅😅,2026-04-25T18:38:47Z,0,Gobierno de Tampico,"Milei captura a Farias Laguna: huachicol fiscal, tensión con México y alianza con Trump",Azteca Noticias,2026-04-25T05:43:52Z,2026-05-04 07:48:41
k7nN9C-KJ54,UgypkIdaDzZv3t4eMM54AaABAg,@ElmerRoberto-y8x,"Nuestra presidenta Claudia Sheinbaum hará lo posible por repatriarlo, nuestros criminales son nuestros y merecen ser libres llegando a México y seguir delinquiendo, ¡ Viva México y sus tradiciones !..",2026-04-25T18:38:00Z,0,Gobierno de Tampico,"Milei captura a Farias Laguna: huachicol fiscal, tensión con México y alianza con Trump",Azteca Noticias,2026-04-25T05:43:52Z,2026-05-04 07:48:41
k7nN9C-KJ54,UgxPapn94FVAXX7pId54AaABAg,@JuanFlores-q9i,Se los llevo la vrg,2026-04-25T18:36:26Z,0,Gobierno de Tampico,"Milei captura a Farias Laguna: huachicol fiscal, tensión con México y alianza con Trump",Azteca Noticias,2026-04-25T05:43:52Z,2026-05-04 07:48:41
k7nN9C-KJ54,UgxD-Z4lmEYYk6AZKN14AaABAg,@orkz6166,Parece que solo el gobierno es el único que se molesta cuando atrapan a un criminal.,2026-04-25T17:59:02Z,0,Gobierno de Tampico,"Milei captura a Farias Laguna: huachicol fiscal, tensión con México y alianza con Trump",Azteca Noticias,2026-04-25T05:43:52Z,2026-05-04 07:48:41
k7nN9C-KJ54,UgzlLxnzdyQ0Bzov4ml4AaABAg,@teresamexico309,Regalito para Trump jajaja<br>Aunque el tipo está pidiendo asilo político en Argentina y presentaran sus abogados los alegatos que según ellos creen que proceden para evitar la extradición.,2026-04-25T17:52:54Z,0,Gobierno de Tampico,"Milei captura a Farias Laguna: huachicol fiscal, tensión con México y alianza con Trump",Azteca Noticias,2026-04-25T05:43:52Z,2026-05-04 07:48:41
k7nN9C-KJ54,UgzwbmUUMJpwWH9OxT14AaABAg,@rosamistica-be3,No creo le moleste a Milei extradirarlo a Mexico . El anda en Israel .,2026-04-25T17:51:34Z,0,Gobierno de Tampico,"Milei captura a Farias Laguna: huachicol fiscal, tensión con México y alianza con Trump",Azteca Noticias,2026-04-25T05:43:52Z,2026-05-04 07:48:41
k7nN9C-KJ54,Ugxfkym412o0ah6KUXt4AaABAg,@JoelalbertoVillaloboschacon,CACA  AZTECA  Y SUS  ARRASTRADOS  SEGUIDORES,2026-04-25T17:45:04Z,0,Gobierno de Tampico,"Milei captura a Farias Laguna: huachicol fiscal, tensión con México y alianza con Trump",Azteca Noticias,2026-04-25T05:43:52Z,2026-05-04 07:48:41
k7nN9C-KJ54,UgzJseFBpHb1QbdzQBl4AaABAg,@MiguelMartinezMata-c5r,Con México no se meta argentino 3s    es gey ygual que trun,2026-04-25T17:43:45Z,0,Gobierno de Tampico,"Milei captura a Farias Laguna: huachicol fiscal, tensión con México y alianza con Trump",Azteca Noticias,2026-04-25T05:43:52Z,2026-05-04 07:48:41
k7nN9C-KJ54,UgyEYO-KPIHkUtmxbdN4AaABAg,@blitzkrieg456,Y no has hablado de que en argentina comen burro...,2026-04-25T17:40:06Z,0,Gobierno de Tampico,"Milei captura a Farias Laguna: huachicol fiscal, tensión con México y alianza con Trump",Azteca Noticias,2026-04-25T05:43:52Z,2026-05-04 07:48:41
k7nN9C-KJ54,Ugz1fc8A-iPpTSLR6b54AaABAg,@jorgea6694,Cómo es posible que se posicionen del lado de milei 😂,2026-04-25T17:36:15Z,0,Gobierno de Tampico,"Milei captura a Farias Laguna: huachicol fiscal, tensión con México y alianza con Trump",Azteca Noticias,2026-04-25T05:43:52Z,2026-05-04 07:48:41
k7nN9C-KJ54,UgzfJe5gCnM0pbR0AZd4AaABAg,@pedroloyadominguez5971,"NO SEAN MENTIROSOS, AL CONTRA ALMIRANTE, LO DETUVIERA LOS DE LA INTERPOL CON AUXILIO DE LA FEDERAL DE ARGENTINA, NO MILEI 😂😂😂",2026-04-25T17:29:59Z,0,Gobierno de Tampico,"Milei captura a Farias Laguna: huachicol fiscal, tensión con México y alianza con Trump",Azteca Noticias,2026-04-25T05:43:52Z,2026-05-04 07:48:41
k7nN9C-KJ54,UgyTzw0iS2Zri6rzrst4AaABAg,@angelaarvizu3906,Yo me mandó solo😂😂😂😂,2026-04-25T17:24:15Z,0,Gobierno de Tampico,"Milei captura a Farias Laguna: huachicol fiscal, tensión con México y alianza con Trump",Azteca Noticias,2026-04-25T05:43:52Z,2026-05-04 07:48:41
k7nN9C-KJ54,UgwOCZzRA850ttxPRKl4AaABAg,@Torresk1998,Ese es mi presidente 🇦🇷🇦🇷🇦🇷🫡🫡🫡🦁🦁🦁,2026-04-25T17:16:48Z,1,Gobierno de Tampico,"Milei captura a Farias Laguna: huachicol fiscal, tensión con México y alianza con Trump",Azteca Noticias,2026-04-25T05:43:52Z,2026-05-04 07:48:41
k7nN9C-KJ54,UgzqwzuHkTwzjqigG3h4AaABAg,@josemorales-b9i1d,MEXICO ESUN NARCOESTADO!!😢😢,2026-04-25T17:15:29Z,3,Gobierno de Tampico,"Milei captura a Farias Laguna: huachicol fiscal, tensión con México y alianza con Trump",Azteca Noticias,2026-04-25T05:43:52Z,2026-05-04 07:48:41
k7nN9C-KJ54,Ugw6GmE_-0spQn_eN_p4AaABAg,@yeyelvab9666,De repente me acordé de un tal Cienfuegos,2026-04-25T17:13:10Z,0,Gobierno de Tampico,"Milei captura a Farias Laguna: huachicol fiscal, tensión con México y alianza con Trump",Azteca Noticias,2026-04-25T05:43:52Z,2026-05-04 07:48:41
k7nN9C-KJ54,Ugz48sbpoCwg3o12PmN4AaABAg,@liderdan,Que asco da este conductor,2026-04-25T17:11:12Z,0,Gobierno de Tampico,"Milei captura a Farias Laguna: huachicol fiscal, tensión con México y alianza con Trump",Azteca Noticias,2026-04-25T05:43:52Z,2026-05-04 07:48:41
k7nN9C-KJ54,UgyxkDHfNto98EwK_z54AaABAg,@medidasoficina4508,"We are very pleased to see from Washington this capture of this gentleman, through this person we will reach the top of the iceberg of corruption",2026-04-25T16:54:02Z,0,Gobierno de Tampico,"Milei captura a Farias Laguna: huachicol fiscal, tensión con México y alianza con Trump",Azteca Noticias,2026-04-25T05:43:52Z,2026-05-04 07:48:41
k7nN9C-KJ54,UgyqqhcuDkSqQDZEYGZ4AaABAg,@chirimpihuila,Francamente que lo entregue  a estados unidos no a los corruptos de MORENA al rato a ese delincuente lo premian como a cien fuegos,2026-04-25T16:49:25Z,0,Gobierno de Tampico,"Milei captura a Farias Laguna: huachicol fiscal, tensión con México y alianza con Trump",Azteca Noticias,2026-04-25T05:43:52Z,2026-05-04 07:48:41
k7nN9C-KJ54,Ugytuz5Cov-GXGHxrdR4AaABAg,@cookiesguevara3355,"QUÉ BUENO QUÉ NO FUÉ EN MÉXICO 🙏🇲🇽 GRACIAS MILEI,, TODA LA INFORMACIÓN PARA TRUMP 🇺🇲 Y QUÉ CAIGA TODA LA CORRUPCIÓN EN MÉXICO QUÉ NOS TIENE UNDIDOS 🙏🫂🇦🇷",2026-04-25T16:47:09Z,60,Gobierno de Tampico,"Milei captura a Farias Laguna: huachicol fiscal, tensión con México y alianza con Trump",Azteca Noticias,2026-04-25T05:43:52Z,2026-05-04 07:48:41
k7nN9C-KJ54,Ugwir_01AGTmAiVteOB4AaABAg,@P-Mushu,Por favor hazlo Milei!!!,2026-04-25T16:44:31Z,1,Gobierno de Tampico,"Milei captura a Farias Laguna: huachicol fiscal, tensión con México y alianza con Trump",Azteca Noticias,2026-04-25T05:43:52Z,2026-05-04 07:48:41
k7nN9C-KJ54,UgxO3vITCqDk-WfJun54AaABAg,@damianjimenez8114,"Que no lo mandé a México, aquí lo van a recibir como rey y encubrir toda la corrupción",2026-04-25T16:43:27Z,0,Gobierno de Tampico,"Milei captura a Farias Laguna: huachicol fiscal, tensión con México y alianza con Trump",Azteca Noticias,2026-04-25T05:43:52Z,2026-05-04 07:48:41
k7nN9C-KJ54,UgwQZ6xFzwrNbsiSG894AaABAg,@EliasLopezRosales,❤🎉saludos don ala torre!,2026-04-25T16:37:50Z,0,Gobierno de Tampico,"Milei captura a Farias Laguna: huachicol fiscal, tensión con México y alianza con Trump",Azteca Noticias,2026-04-25T05:43:52Z,2026-05-04 07:48:41
k7nN9C-KJ54,UgwM6f2BgKq8zEeo88R4AaABAg,@lijrgcalderon,"Que le saque toda la sopa y se la de a Trump, verdad Andy?",2026-04-25T16:28:31Z,0,Gobierno de Tampico,"Milei captura a Farias Laguna: huachicol fiscal, tensión con México y alianza con Trump",Azteca Noticias,2026-04-25T05:43:52Z,2026-05-04 07:48:41
k7nN9C-KJ54,UgxYRCeWKMqhxPZF1xd4AaABAg,@792mundo,Milei la esperanza de Mexico,2026-04-25T16:28:26Z,2,Gobierno de Tampico,"Milei captura a Farias Laguna: huachicol fiscal, tensión con México y alianza con Trump",Azteca Noticias,2026-04-25T05:43:52Z,2026-05-04 07:48:41
k7nN9C-KJ54,Ugzt8akqQCuS2oxMYVd4AaABAg,@eltiobrayan5011,"Apoyaron a Cristina Kirchner.<br>Una PRESA por actos de corrupsion <br>¿Como carajos esa señora tiene apoyo de personas? Es como no se, que tu presidente tenga admiracion de Mussolini pero en pleno siglo 21",2026-04-25T16:26:32Z,2,Gobierno de Tampico,"Milei captura a Farias Laguna: huachicol fiscal, tensión con México y alianza con Trump",Azteca Noticias,2026-04-25T05:43:52Z,2026-05-04 07:48:41
k7nN9C-KJ54,UgwUep8hvylr_g7wAd94AaABAg,@aliam67951,"Excelente Argentina, se enoja la calaca porque aquí no le hacen nada aqui a los politicos delincuentes y no quiere que ventilen la podredumbre de Morena",2026-04-25T16:21:25Z,1,Gobierno de Tampico,"Milei captura a Farias Laguna: huachicol fiscal, tensión con México y alianza con Trump",Azteca Noticias,2026-04-25T05:43:52Z,2026-05-04 07:48:41
k7nN9C-KJ54,UgxXz9gmCQHwhHOPOu94AaABAg,@gabrielaballesteros-m2m,😂😂😂😂😂😂,2026-04-25T16:08:01Z,0,Gobierno de Tampico,"Milei captura a Farias Laguna: huachicol fiscal, tensión con México y alianza con Trump",Azteca Noticias,2026-04-25T05:43:52Z,2026-05-04 07:48:41
k7nN9C-KJ54,UgxkUz_exPla_0nhTyV4AaABAg,@vendedorescamarleon5502,"Estaría fabuloso que tv azteca estubiera en argentina, con su presidente de derecha, se llevarían muy bien! Porque aqui en México ya no les creen",2026-04-25T15:58:42Z,0,Gobierno de Tampico,"Milei captura a Farias Laguna: huachicol fiscal, tensión con México y alianza con Trump",Azteca Noticias,2026-04-25T05:43:52Z,2026-05-04 07:48:41
k7nN9C-KJ54,Ugz9XGA8lCMZFDaqzuF4AaABAg,@santoslennon,Dios Milei 🎉🎉,2026-04-25T15:48:50Z,0,Gobierno de Tampico,"Milei captura a Farias Laguna: huachicol fiscal, tensión con México y alianza con Trump",Azteca Noticias,2026-04-25T05:43:52Z,2026-05-04 07:48:41
k7nN9C-KJ54,Ugz0ZO-Nhpt3cU7Ej0l4AaABAg,@OrganizeResistFightBack_999,"Gracias presidente Milei, desde México. <br><br>Esperemos que el mundo vea lo malvada de la presidente de nuestro país.",2026-04-25T15:47:48Z,0,Gobierno de Tampico,"Milei captura a Farias Laguna: huachicol fiscal, tensión con México y alianza con Trump",Azteca Noticias,2026-04-25T05:43:52Z,2026-05-04 07:48:41
k7nN9C-KJ54,UgzknzDk-RUdKaEiuqh4AaABAg,@joelbaizabal2765,Pues ya nomás que también jalen a señor Andy,2026-04-25T15:46:34Z,0,Gobierno de Tampico,"Milei captura a Farias Laguna: huachicol fiscal, tensión con México y alianza con Trump",Azteca Noticias,2026-04-25T05:43:52Z,2026-05-04 07:48:41
k7nN9C-KJ54,UgxtUAxCIl6F6DrQ_0Z4AaABAg,@brattpitt887,Viva Milei...!!!!  Deportenlo a EEUU....,2026-04-25T15:46:16Z,0,Gobierno de Tampico,"Milei captura a Farias Laguna: huachicol fiscal, tensión con México y alianza con Trump",Azteca Noticias,2026-04-25T05:43:52Z,2026-05-04 07:48:41
k7nN9C-KJ54,UgzQJiW07d-nTj2rmct4AaABAg,@franciscoburguete9959,Que lo envien a los USA,2026-04-25T15:43:02Z,0,Gobierno de Tampico,"Milei captura a Farias Laguna: huachicol fiscal, tensión con México y alianza con Trump",Azteca Noticias,2026-04-25T05:43:52Z,2026-05-04 07:48:41
k7nN9C-KJ54,UgwfyCHPY8Da5HZQauB4AaABAg,@1800coyote,"Simichairos traga reata no se cansan de la 4ta cabezona del capo mayor de narcomorena, están ardidos les mando una pomadita de mitrozon.",2026-04-25T15:37:39Z,0,Gobierno de Tampico,"Milei captura a Farias Laguna: huachicol fiscal, tensión con México y alianza con Trump",Azteca Noticias,2026-04-25T05:43:52Z,2026-05-04 07:48:41
k7nN9C-KJ54,UgxFZFOvCZ05OAloMpx4AaABAg,@LorenzArabia-iy3uh,"Que es preferible, médicos cubanos o agentes de la CIA?",2026-04-25T15:31:50Z,0,Gobierno de Tampico,"Milei captura a Farias Laguna: huachicol fiscal, tensión con México y alianza con Trump",Azteca Noticias,2026-04-25T05:43:52Z,2026-05-04 07:48:41
k7nN9C-KJ54,Ugzmvqs5FRYsWoLQV6V4AaABAg,@LorenzArabia-iy3uh,"Que es preferible, médicos cubanos o agentes de la CIA?",2026-04-25T15:31:50Z,1,Gobierno de Tampico,"Milei captura a Farias Laguna: huachicol fiscal, tensión con México y alianza con Trump",Azteca Noticias,2026-04-25T05:43:52Z,2026-05-04 07:48:41
k7nN9C-KJ54,Ugxvpj1I6_G1AvkD25R4AaABAg,@1800coyote,"Espero que Milei lo entregue a EU para que confieze quienes son sus jefes, porque si lo entrega a Mexico lo dejan libre.",2026-04-25T15:29:05Z,20,Gobierno de Tampico,"Milei captura a Farias Laguna: huachicol fiscal, tensión con México y alianza con Trump",Azteca Noticias,2026-04-25T05:43:52Z,2026-05-04 07:48:41
k7nN9C-KJ54,UgywRtiG7euvIVHEV6Z4AaABAg,@NonDNA-py5gr,Milei in ESQUIZO,2026-04-25T15:27:33Z,0,Gobierno de Tampico,"Milei captura a Farias Laguna: huachicol fiscal, tensión con México y alianza con Trump",Azteca Noticias,2026-04-25T05:43:52Z,2026-05-04 07:48:41
k7nN9C-KJ54,UgyHS71xtU-Z7rmHZol4AaABAg,@Revrong-t6t,Milei quiere verse bien para su marido Trump,2026-04-25T15:06:46Z,0,Gobierno de Tampico,"Milei captura a Farias Laguna: huachicol fiscal, tensión con México y alianza con Trump",Azteca Noticias,2026-04-25T05:43:52Z,2026-05-04 07:48:41
k7nN9C-KJ54,Ugz2nBelT06XEHXBW8p4AaABAg,@JoseLuisGonzalez-j2l,Exelente milei .ya que este narco gobierno que tenemos no hace nada más que encubrir  corruptos y ser socios de los narcos .,2026-04-25T15:05:01Z,63,Gobierno de Tampico,"Milei captura a Farias Laguna: huachicol fiscal, tensión con México y alianza con Trump",Azteca Noticias,2026-04-25T05:43:52Z,2026-05-04 07:48:41
k7nN9C-KJ54,UgzpR885TPZKusyWaIF4AaABAg,@LloolloollMr,"No se lo van a dar a México, se lo van a dar a Trump jajajaja se va a enojar la presidenta",2026-04-25T15:02:05Z,3,Gobierno de Tampico,"Milei captura a Farias Laguna: huachicol fiscal, tensión con México y alianza con Trump",Azteca Noticias,2026-04-25T05:43:52Z,2026-05-04 07:48:41
k7nN9C-KJ54,UgwVuQR469JsX52KT4F4AaABAg,@kevinaragon8011,Trump dijo la verdad sobre Mexico porque se ofenden??? Si no hacen nada por su pueblo les tocara que otro lo haga! Los carteles cada dia se hacen mas fuertes y la poblacion debe pagarles impuestos a ellos si no los hacen pedazos! Solo falta que digan que mexico es seguro! Vayan a Nuevo laredo y veran la cruda realidad,2026-04-25T15:02:02Z,27,Gobierno de Tampico,"Milei captura a Farias Laguna: huachicol fiscal, tensión con México y alianza con Trump",Azteca Noticias,2026-04-25T05:43:52Z,2026-05-04 07:48:41
k7nN9C-KJ54,Ugz0ORSMTZhH4q9w6wp4AaABAg,@LeoBalc,Milei la esperanza de Mexico..!,2026-04-25T15:01:14Z,4,Gobierno de Tampico,"Milei captura a Farias Laguna: huachicol fiscal, tensión con México y alianza con Trump",Azteca Noticias,2026-04-25T05:43:52Z,2026-05-04 07:48:41
k7nN9C-KJ54,UgzdzAOQVd7VmGahIPt4AaABAg,@Abrahamb-p6e-r3n,"Ojala que Milei lo deporte a EEUU,  de lo contrario los narcomorenos lo van a suicidar en Mexico.",2026-04-25T14:56:48Z,3,Gobierno de Tampico,"Milei captura a Farias Laguna: huachicol fiscal, tensión con México y alianza con Trump",Azteca Noticias,2026-04-25T05:43:52Z,2026-05-04 07:48:41
k7nN9C-KJ54,Ugx1cZhUCn3ayKXaVhZ4AaABAg,@pablopriego7739,Fue un golazo de Milei.,2026-04-25T14:55:21Z,18,Gobierno de Tampico,"Milei captura a Farias Laguna: huachicol fiscal, tensión con México y alianza con Trump",Azteca Noticias,2026-04-25T05:43:52Z,2026-05-04 07:48:41
k7nN9C-KJ54,Ugzecf_gNwGLDkjEK-h4AaABAg,@luisbadillo5691,Bien 👍👍👍👍,2026-04-25T14:54:38Z,1,Gobierno de Tampico,"Milei captura a Farias Laguna: huachicol fiscal, tensión con México y alianza con Trump",Azteca Noticias,2026-04-25T05:43:52Z,2026-05-04 07:48:41
k7nN9C-KJ54,UgznZs2XyEgQPsHb9pZ4AaABAg,@politicamexicanamx,"No es aliado de trump, es su perro fiel",2026-04-25T14:49:50Z,0,Gobierno de Tampico,"Milei captura a Farias Laguna: huachicol fiscal, tensión con México y alianza con Trump",Azteca Noticias,2026-04-25T05:43:52Z,2026-05-04 07:48:41
k7nN9C-KJ54,UgwD1JhHEh3qhuLYiN94AaABAg,@armandomagallanperez4085,MILEI. Mándalo a E.U.  Mexico te lo agradecerá. 🤣🤣🤣🤣,2026-04-25T14:45:23Z,4,Gobierno de Tampico,"Milei captura a Farias Laguna: huachicol fiscal, tensión con México y alianza con Trump",Azteca Noticias,2026-04-25T05:43:52Z,2026-05-04 07:48:41
k7nN9C-KJ54,UgyalnR4mM9vi5-k-454AaABAg,@rogerhurtado3933,Grande Milei!!!! VLLC,2026-04-25T14:42:30Z,2,Gobierno de Tampico,"Milei captura a Farias Laguna: huachicol fiscal, tensión con México y alianza con Trump",Azteca Noticias,2026-04-25T05:43:52Z,2026-05-04 07:48:41
k7nN9C-KJ54,UgxXUde6qUZlIu9uqW94AaABAg,@Gaby-n1j,Uno MENOS de  Pros ti tu tA Morena . Todos a la cárcel. Adios criminaluchos de cuartA.,2026-04-25T14:40:56Z,0,Gobierno de Tampico,"Milei captura a Farias Laguna: huachicol fiscal, tensión con México y alianza con Trump",Azteca Noticias,2026-04-25T05:43:52Z,2026-05-04 07:48:41
k7nN9C-KJ54,UgykTg7YTAdiYgdkOAt4AaABAg,@MarioMartinez-no1qo,De seguro la Judía estaría culpando a Calderón 😂,2026-04-25T14:29:31Z,105,Gobierno de Tampico,"Milei captura a Farias Laguna: huachicol fiscal, tensión con México y alianza con Trump",Azteca Noticias,2026-04-25T05:43:52Z,2026-05-04 07:48:41
k7nN9C-KJ54,UgzDqZP4yrxBjmEDi-R4AaABAg,@SalvadorHerrera-r9p,Ojalá lo mandarán a Estados Unidos si se pudiera para que cantara aquí lo van a matar,2026-04-25T14:18:46Z,4,Gobierno de Tampico,"Milei captura a Farias Laguna: huachicol fiscal, tensión con México y alianza con Trump",Azteca Noticias,2026-04-25T05:43:52Z,2026-05-04 07:48:41
k7nN9C-KJ54,UgyHoiT4JYAUhCxPtGl4AaABAg,@mauriciosiavichay1929,Pobre Mexico gobernado por Narcotraficantes....es un gran pais pero el NARCOTRÁFICO se apodero de ellos,2026-04-25T14:18:22Z,23,Gobierno de Tampico,"Milei captura a Farias Laguna: huachicol fiscal, tensión con México y alianza con Trump",Azteca Noticias,2026-04-25T05:43:52Z,2026-05-04 07:48:41
k7nN9C-KJ54,UgyLPkBvRnpB_YBDaCl4AaABAg,@MsMariaCisneros,Que vergüenza que estos delincuentes los detengan en otros países porque en México el mismo gobierno les ayuda a huir o salir libres,2026-04-25T14:17:02Z,41,Gobierno de Tampico,"Milei captura a Farias Laguna: huachicol fiscal, tensión con México y alianza con Trump",Azteca Noticias,2026-04-25T05:43:52Z,2026-05-04 07:48:41
k7nN9C-KJ54,UgyCdLxGwZZ8SHGi10p4AaABAg,@Mike-z3t6u,POR CAPTURAR A ESTE DELINCUENTE SE ENOJAN. EN MEXICO O SEA ESTAMOS  CON ESTA CUARTA CORRUUPCION,2026-04-25T14:15:44Z,29,Gobierno de Tampico,"Milei captura a Farias Laguna: huachicol fiscal, tensión con México y alianza con Trump",Azteca Noticias,2026-04-25T05:43:52Z,2026-05-04 07:48:41
k7nN9C-KJ54,Ugzh239YzjHFvsH4AVt4AaABAg,@FranksS92,"Por supuesto que esto va a servir para presionar al narco gobierno en México... Pero no tildemos de bueno las intenciones de otros países... Pueden negociar cosas que a nosotros no nos convienen con tal de dar silencio o no exhibir políticos que tienen el poder ejecutar dichas negociaciones... Toda esta causa de un narco gobierno, grupos de sociedad idealizada y con falta de pensamiento crítico informado...",2026-04-25T14:10:40Z,0,Gobierno de Tampico,"Milei captura a Farias Laguna: huachicol fiscal, tensión con México y alianza con Trump",Azteca Noticias,2026-04-25T05:43:52Z,2026-05-04 07:48:41
k7nN9C-KJ54,UgzJWmGtd09-flFZIYd4AaABAg,@samirsierras4281,"ahí los tiene agarrados de las pelotas, vamos Milei!",2026-04-25T14:10:26Z,4,Gobierno de Tampico,"Milei captura a Farias Laguna: huachicol fiscal, tensión con México y alianza con Trump",Azteca Noticias,2026-04-25T05:43:52Z,2026-05-04 07:48:41
k7nN9C-KJ54,Ugxx6erOnvCLLyYyDwx4AaABAg,@eduardoe-o8g,"CUANTA DESINFORMACIÓN DE ESTE CERDO ALATORRE...!!! QUE BÁRBARO,",2026-04-25T14:10:24Z,0,Gobierno de Tampico,"Milei captura a Farias Laguna: huachicol fiscal, tensión con México y alianza con Trump",Azteca Noticias,2026-04-25T05:43:52Z,2026-05-04 07:48:41
k7nN9C-KJ54,UgwFSPQSE49bbbVtDlN4AaABAg,@joseluismorrismontalvo3562,"La declaración de Claudia saludando a Cristina en la última reunión va tener repercusiones fuertes, se la van a cobrar caro al Narco Gobierno de Morena 🐀",2026-04-25T14:10:23Z,18,Gobierno de Tampico,"Milei captura a Farias Laguna: huachicol fiscal, tensión con México y alianza con Trump",Azteca Noticias,2026-04-25T05:43:52Z,2026-05-04 07:48:41
k7nN9C-KJ54,UgwbZUjaOVurDGge__V4AaABAg,@CarlosLópez-w5p2h,Que lo deporten a USA.,2026-04-25T14:04:52Z,19,Gobierno de Tampico,"Milei captura a Farias Laguna: huachicol fiscal, tensión con México y alianza con Trump",Azteca Noticias,2026-04-25T05:43:52Z,2026-05-04 07:48:41
k7nN9C-KJ54,UgzFcoumzvAg9fAldvR4AaABAg,@EdmundoDiaz-p3n,"Su ley otro demente de extrema derecha.Ridiculo,ignorante,facista,racista.Pobre Argentina.😂😂😂😂😂😂😂😂😂😂😂😂😂😂😂😂😂😂😂😂",2026-04-25T14:04:33Z,1,Gobierno de Tampico,"Milei captura a Farias Laguna: huachicol fiscal, tensión con México y alianza con Trump",Azteca Noticias,2026-04-25T05:43:52Z,2026-05-04 07:48:41
k7nN9C-KJ54,UgwLAJJI02Tse_t55AR4AaABAg,@magz381,"milei, envia saludos a Claudia, aguanta, Claudia aguanta, jajajaja, la presidenta y su cartel, Macuspana, no son hipócritas son malos actores de carpa.",2026-04-25T13:56:59Z,2,Gobierno de Tampico,"Milei captura a Farias Laguna: huachicol fiscal, tensión con México y alianza con Trump",Azteca Noticias,2026-04-25T05:43:52Z,2026-05-04 07:48:41
k7nN9C-KJ54,Ugz4HhtDtt3VZe6X0vZ4AaABAg,@irmasanchez2676,Que lo extradite a estados unidos para que hable de la red de corrupción,2026-04-25T13:55:53Z,98,Gobierno de Tampico,"Milei captura a Farias Laguna: huachicol fiscal, tensión con México y alianza con Trump",Azteca Noticias,2026-04-25T05:43:52Z,2026-05-04 07:48:41
k7nN9C-KJ54,Ugy834QuLjqIniDcR5Z4AaABAg,@thevictormusicband,Va a caer la 4T. Y eso es seguro,2026-04-25T13:51:46Z,2,Gobierno de Tampico,"Milei captura a Farias Laguna: huachicol fiscal, tensión con México y alianza con Trump",Azteca Noticias,2026-04-25T05:43:52Z,2026-05-04 07:48:41
k7nN9C-KJ54,Ugxwp0WQ9DDMQ8AwxNt4AaABAg,@Chulo-d3o,Puro periodismo amarillismo los de tv azteca,2026-04-25T13:50:49Z,0,Gobierno de Tampico,"Milei captura a Farias Laguna: huachicol fiscal, tensión con México y alianza con Trump",Azteca Noticias,2026-04-25T05:43:52Z,2026-05-04 07:48:41
k7nN9C-KJ54,Ugz_7ia2n5mrd4dGojV4AaABAg,@drangorojo4907,Como defiende el leandro de Javier Alatorre a Milei si son iguales de entreguistas traidores a su pueblo.,2026-04-25T13:50:22Z,1,Gobierno de Tampico,"Milei captura a Farias Laguna: huachicol fiscal, tensión con México y alianza con Trump",Azteca Noticias,2026-04-25T05:43:52Z,2026-05-04 07:48:41
k7nN9C-KJ54,UgzzTB5SM078glCcmy14AaABAg,@yotaroukauka,"En realidad se trata de un facilitador de contrabando en las aduanas, es un oficio ilegal muy tradicional de aduanas, pero ponen nombre de &quot;huachicol fiscal&quot; para simular un nuevo delito.",2026-04-25T13:47:43Z,0,Gobierno de Tampico,"Milei captura a Farias Laguna: huachicol fiscal, tensión con México y alianza con Trump",Azteca Noticias,2026-04-25T05:43:52Z,2026-05-04 07:48:41
k7nN9C-KJ54,Ugx5oe7y6I1jxtK45HB4AaABAg,@isisb.1768,Gracias Argentina por hacer las cosas bien. Tristemente en Mexico nos gobierna  un partido despiadado y corrupto a mas no poder.,2026-04-25T13:44:38Z,53,Gobierno de Tampico,"Milei captura a Farias Laguna: huachicol fiscal, tensión con México y alianza con Trump",Azteca Noticias,2026-04-25T05:43:52Z,2026-05-04 07:48:41
k7nN9C-KJ54,Ugy7vdk9qO0RGpzIyMp4AaABAg,@jonascodes,"Mal usado el término papear, el papeado aquí sería el GobMx",2026-04-25T13:43:32Z,1,Gobierno de Tampico,"Milei captura a Farias Laguna: huachicol fiscal, tensión con México y alianza con Trump",Azteca Noticias,2026-04-25T05:43:52Z,2026-05-04 07:48:41
k7nN9C-KJ54,UgwSIZjBolERTX-a4e54AaABAg,@RamónLozanovalderrabano,Que se lo quede jajajajjaa,2026-04-25T13:43:13Z,0,Gobierno de Tampico,"Milei captura a Farias Laguna: huachicol fiscal, tensión con México y alianza con Trump",Azteca Noticias,2026-04-25T05:43:52Z,2026-05-04 07:48:41
k7nN9C-KJ54,Ugxfpa17NWcvDTgUn7t4AaABAg,@PablitoGonzález-x8h,Milei no la pela😂 Javier te olles como ardido😂,2026-04-25T13:43:00Z,0,Gobierno de Tampico,"Milei captura a Farias Laguna: huachicol fiscal, tensión con México y alianza con Trump",Azteca Noticias,2026-04-25T05:43:52Z,2026-05-04 07:48:41
k7nN9C-KJ54,Ugxv4em4nBP5BHE_Eu14AaABAg,@OmarEssien-uh8sz,Así como decía que Venezuela ahora que ya no está maduro por obra d magia se acabaron los carteles de droga en Venezuela haajajajajaajajaja solo los idiotas creen es lo que dice eeuu,2026-04-25T13:40:33Z,0,Gobierno de Tampico,"Milei captura a Farias Laguna: huachicol fiscal, tensión con México y alianza con Trump",Azteca Noticias,2026-04-25T05:43:52Z,2026-05-04 07:48:41
k7nN9C-KJ54,UgwkuqfIS5HnNu6b2Zx4AaABAg,@CristalRomero-w1z,Gran presiente Miley !,2026-04-25T13:25:23Z,5,Gobierno de Tampico,"Milei captura a Farias Laguna: huachicol fiscal, tensión con México y alianza con Trump",Azteca Noticias,2026-04-25T05:43:52Z,2026-05-04 07:48:41
k7nN9C-KJ54,UgxzK91ai2mz7JxgsG54AaABAg,@alejandrofloresleal1962,Jajaja que se lo mandé al precidente de US la ley es primero,2026-04-25T13:21:01Z,17,Gobierno de Tampico,"Milei captura a Farias Laguna: huachicol fiscal, tensión con México y alianza con Trump",Azteca Noticias,2026-04-25T05:43:52Z,2026-05-04 07:48:41
k7nN9C-KJ54,UgxgEKgJ7E5XoWLTPHx4AaABAg,@raulsantinolopezrodriguez8349,Oh!! Ojalá y se quede en la Argentina para que suelte toda la sopa,2026-04-25T13:17:31Z,63,Gobierno de Tampico,"Milei captura a Farias Laguna: huachicol fiscal, tensión con México y alianza con Trump",Azteca Noticias,2026-04-25T05:43:52Z,2026-05-04 07:48:41
k7nN9C-KJ54,UgwEJx1hOhGmwfq0iIh4AaABAg,@GatoMartin,Viva mi ley,2026-04-25T13:09:10Z,0,Gobierno de Tampico,"Milei captura a Farias Laguna: huachicol fiscal, tensión con México y alianza con Trump",Azteca Noticias,2026-04-25T05:43:52Z,2026-05-04 07:48:41
k7nN9C-KJ54,UgzTn147UXMg4BQhYgR4AaABAg,@JacobNicols,Viva Milei🎉,2026-04-25T13:05:53Z,3,Gobierno de Tampico,"Milei captura a Farias Laguna: huachicol fiscal, tensión con México y alianza con Trump",Azteca Noticias,2026-04-25T05:43:52Z,2026-05-04 07:48:41
k7nN9C-KJ54,UgyArC7VsQL73y_4JI14AaABAg,@dariocruz-g8j,No fue el greñas fue  el interpol astaay ser.claro y no max mentiras,2026-04-25T13:05:28Z,0,Gobierno de Tampico,"Milei captura a Farias Laguna: huachicol fiscal, tensión con México y alianza con Trump",Azteca Noticias,2026-04-25T05:43:52Z,2026-05-04 07:48:41
k7nN9C-KJ54,UgwS0ZnyBzWZ7FsIVWJ4AaABAg,@albertovallejohernandez9453,"Porque será que los gobiernos de otros países si capturan a delincuentes mexicanos, en Paraguay al líder de la barredora y ahora esté en Argentina. Pero en México no. En los dos casos había denuncias y eran investigados por meses y los dejaron escapar. Tenemos un narco gobierno, una narco presidenta. La 4T es pura 💩",2026-04-25T13:00:59Z,3,Gobierno de Tampico,"Milei captura a Farias Laguna: huachicol fiscal, tensión con México y alianza con Trump",Azteca Noticias,2026-04-25T05:43:52Z,2026-05-04 07:48:41
k7nN9C-KJ54,UgzvKXrQI2NSmBeATzJ4AaABAg,@franciscojaviergonzalezpad676,"Ojalá y caiga pronto el verdadero culpable del huachicol fiscal ANDRES MANUEL LOPEZ OBRADOR, cuántos marinos mas tienen que caer para proteger a ese criminal?",2026-04-25T12:35:07Z,11,Gobierno de Tampico,"Milei captura a Farias Laguna: huachicol fiscal, tensión con México y alianza con Trump",Azteca Noticias,2026-04-25T05:43:52Z,2026-05-04 07:48:41
k7nN9C-KJ54,Ugx39NY3CazEpL3rf694AaABAg,@Amirl.b,Pronto perder el registro PAN,2026-04-25T12:31:47Z,1,Gobierno de Tampico,"Milei captura a Farias Laguna: huachicol fiscal, tensión con México y alianza con Trump",Azteca Noticias,2026-04-25T05:43:52Z,2026-05-04 07:48:41
k7nN9C-KJ54,Ugy4ZwE7J_zS4K4u2B14AaABAg,@JuanRodriguez-gl5po,"Yo apoyo a muñeco 200 por ciento, saque todo esos narcos y criminales de circulación",2026-04-25T12:26:52Z,4,Gobierno de Tampico,"Milei captura a Farias Laguna: huachicol fiscal, tensión con México y alianza con Trump",Azteca Noticias,2026-04-25T05:43:52Z,2026-05-04 07:48:41
k7nN9C-KJ54,UgySyM_tJwGg8hsLFUh4AaABAg,@guhcsor7304,"Jajajaa, y quién emitió la ficha roja ante la interpol, hay el tío Richi y sus perritos falderos",2026-04-25T12:20:08Z,0,Gobierno de Tampico,"Milei captura a Farias Laguna: huachicol fiscal, tensión con México y alianza con Trump",Azteca Noticias,2026-04-25T05:43:52Z,2026-05-04 07:48:41
k7nN9C-KJ54,Ugxh-Rn259_Q5emetsl4AaABAg,@GustavoOmar-l1b,😂😂y del robo de recursos e invasion de paises estdoz unidos😂😂hipocritas,2026-04-25T12:01:13Z,0,Gobierno de Tampico,"Milei captura a Farias Laguna: huachicol fiscal, tensión con México y alianza con Trump",Azteca Noticias,2026-04-25T05:43:52Z,2026-05-04 07:48:41
k7nN9C-KJ54,UgwEDwy63wRkkN49Rsp4AaABAg,@lugorodasluisangel8728,Jajajajaja que le saque la información a golpes si es necesario y lo mande a estados unidos por que si lo regresan a México lo dejan salir o se escapa.,2026-04-25T12:00:39Z,33,Gobierno de Tampico,"Milei captura a Farias Laguna: huachicol fiscal, tensión con México y alianza con Trump",Azteca Noticias,2026-04-25T05:43:52Z,2026-05-04 07:48:41
k7nN9C-KJ54,Ugw0ezYOmuZnBwdsqo54AaABAg,@anonimoanonimo-fi7kn,"Que lo deporte a los estados unidos,para que cante bonito😊",2026-04-25T11:30:24Z,8,Gobierno de Tampico,"Milei captura a Farias Laguna: huachicol fiscal, tensión con México y alianza con Trump",Azteca Noticias,2026-04-25T05:43:52Z,2026-05-04 07:48:41
k7nN9C-KJ54,Ugxrq6wCVPW4dxB-Of14AaABAg,@eliasvazquez77,Esta q arde Claudia por no ponerse a trabajar x México mira en q líos se a metido esa espuria,2026-04-25T10:57:39Z,55,Gobierno de Tampico,"Milei captura a Farias Laguna: huachicol fiscal, tensión con México y alianza con Trump",Azteca Noticias,2026-04-25T05:43:52Z,2026-05-04 07:48:41
k7nN9C-KJ54,Ugx-BZkHTq-upLltbb54AaABAg,@hcxtr55,"😂 ya se las van a dejar caer a esos políticos corruptos, solo espero que no nos usen como escudos humanos en intento por alargar su existencia ennel poder y fuera de la carcel.",2026-04-25T10:27:55Z,7,Gobierno de Tampico,"Milei captura a Farias Laguna: huachicol fiscal, tensión con México y alianza con Trump",Azteca Noticias,2026-04-25T05:43:52Z,2026-05-04 07:48:41
k7nN9C-KJ54,Ugxfl21v8j-OZk9Ir_h4AaABAg,@user-rj8xf4vn9x,"Que se oiga fuerte, ese farias es el sobrino  de Rafael Ojeda EXSECRETARIO DE MARINA DE LÓPEZ OBRADOR.",2026-04-25T10:18:52Z,61,Gobierno de Tampico,"Milei captura a Farias Laguna: huachicol fiscal, tensión con México y alianza con Trump",Azteca Noticias,2026-04-25T05:43:52Z,2026-05-04 07:48:41
k7nN9C-KJ54,Ugzcw1T7UCtDgRYidhZ4AaABAg,@user-rj8xf4vn9x,Está enojada la mujer de palacio porque Argentina tiene al huachicolero sobrino de Manuel Ojeda EXSECRETARIO DE MARINA DE LÓPEZ OBRADOR.,2026-04-25T10:15:44Z,135,Gobierno de Tampico,"Milei captura a Farias Laguna: huachicol fiscal, tensión con México y alianza con Trump",Azteca Noticias,2026-04-25T05:43:52Z,2026-05-04 07:48:41
k7nN9C-KJ54,UgxgAXeSaBmELA_r78x4AaABAg,@alejandraferrer6327,"Que lo haga, aló mejor tu jefe este enredado en el huacjocol",2026-04-25T09:32:52Z,1,Gobierno de Tampico,"Milei captura a Farias Laguna: huachicol fiscal, tensión con México y alianza con Trump",Azteca Noticias,2026-04-25T05:43:52Z,2026-05-04 07:48:41
k7nN9C-KJ54,Ugzu_pzr_e0sGu8BU8Z4AaABAg,@NestorRamires-w7w,"Es lo que debería hacer Estados Unidos con García Luna para que ponga atu presidente Calderón perr,😂 arrastrado",2026-04-25T08:46:22Z,1,Gobierno de Tampico,"Milei captura a Farias Laguna: huachicol fiscal, tensión con México y alianza con Trump",Azteca Noticias,2026-04-25T05:43:52Z,2026-05-04 07:48:41
k7nN9C-KJ54,UgyESyXYbzL5TcdPpZV4AaABAg,@Marcos-vm1bd,Jajajaja pobres priandejos chayoteros VIVA LA 4T VIVA AMLO VIVA CLAUDIA SHEIMBAUN PARDO VOTÓ MASIVO MORENA,2026-04-25T08:41:07Z,1,Gobierno de Tampico,"Milei captura a Farias Laguna: huachicol fiscal, tensión con México y alianza con Trump",Azteca Noticias,2026-04-25T05:43:52Z,2026-05-04 07:48:41
k7nN9C-KJ54,Ugz_Hybe4sm8b8WVibd4AaABAg,@raul05salazar,A USA MANDENLO  PARA  QUE  CANTE.,2026-04-25T08:29:38Z,0,Gobierno de Tampico,"Milei captura a Farias Laguna: huachicol fiscal, tensión con México y alianza con Trump",Azteca Noticias,2026-04-25T05:43:52Z,2026-05-04 07:48:41
k7nN9C-KJ54,UgxC2zMpqosYOgK2dpZ4AaABAg,@ronnyhaven7277,Que lo EXTRADITE pero a EUA...!!!!,2026-04-25T08:27:04Z,220,Gobierno de Tampico,"Milei captura a Farias Laguna: huachicol fiscal, tensión con México y alianza con Trump",Azteca Noticias,2026-04-25T05:43:52Z,2026-05-04 07:48:41
k7nN9C-KJ54,UgwZzlNP3yH8Hmv_QAh4AaABAg,@raulleon2616,En el Huachicol fiscal también está metido el tío Richillon.,2026-04-25T07:59:59Z,1,Gobierno de Tampico,"Milei captura a Farias Laguna: huachicol fiscal, tensión con México y alianza con Trump",Azteca Noticias,2026-04-25T05:43:52Z,2026-05-04 07:48:41
k7nN9C-KJ54,Ugy8aJ-i7M8wuEaIOP54AaABAg,@fledowlopez4606,Vamos milei,2026-04-25T07:29:30Z,39,Gobierno de Tampico,"Milei captura a Farias Laguna: huachicol fiscal, tensión con México y alianza con Trump",Azteca Noticias,2026-04-25T05:43:52Z,2026-05-04 07:48:41
k7nN9C-KJ54,UgwrgSbGU0uzPsbq8Dp4AaABAg,@Enrique6700,Ojalá lo ponga a disposición de Estados unidos para que al narcogobierno de PRIeta regrese a las cloacas de dónde salió,2026-04-25T07:10:55Z,1,Gobierno de Tampico,"Milei captura a Farias Laguna: huachicol fiscal, tensión con México y alianza con Trump",Azteca Noticias,2026-04-25T05:43:52Z,2026-05-04 07:48:41
k7nN9C-KJ54,Ugz1Gscg7jW7rUQNZI94AaABAg,@ErnestoIribe-p6s,"La chancluda le suplicará a Milei que lo extraditen a México pero, no le van a conceder su deseo.",2026-04-25T06:54:18Z,18,Gobierno de Tampico,"Milei captura a Farias Laguna: huachicol fiscal, tensión con México y alianza con Trump",Azteca Noticias,2026-04-25T05:43:52Z,2026-05-04 07:48:41
k7nN9C-KJ54,UgzAdTqZuT8dEQhegyl4AaABAg,@MarcoAntonioPeralta-c6l,"QUE ... MILEI ... LO MANDE DIRECTAMENTE,  A ESTADOS UNIDOS ... PARA QUE AMPLÍEN MAS LAS INVESTIGACIONES ... Y ... DAR DIRECTAMENTE, CON TODOS LOS IMPLICADOS ES CLAVE ESTA RATA ...",2026-04-25T06:40:21Z,118,Gobierno de Tampico,"Milei captura a Farias Laguna: huachicol fiscal, tensión con México y alianza con Trump",Azteca Noticias,2026-04-25T05:43:52Z,2026-05-04 07:48:41
k7nN9C-KJ54,UgzkWe3jx4hwXnabFtl4AaABAg,@adolforuiz3114,"Ese Milei va a chantajear, no lo dejara libre",2026-04-25T06:08:54Z,4,Gobierno de Tampico,"Milei captura a Farias Laguna: huachicol fiscal, tensión con México y alianza con Trump",Azteca Noticias,2026-04-25T05:43:52Z,2026-05-04 07:48:41
P0LKCS7Xkqg,UgxslSoJwyT02KYmHyl4AaABAg,@serviciosintegralesdehidal417,Y hoy es lo mismo en Iran y así ácido en 400 países donde Estados Unidos a saqueado y robado,2026-04-20T14:07:42Z,0,Gobierno de Tampico,#Historia #HistoriaDeMéxico #Veracruz1914 #OcupaciónDeVeracruz #RevoluciónMexicana #WoodrowWilson,Ovy TV,2026-04-20T11:24:29Z,2026-05-04 07:48:41
P0LKCS7Xkqg,UgxSH9q_bg8AigD1KhZ4AaABAg,@LeonardoSantiago-b3b,"Y ahora quere la derecha del PRIAN una intervención, hojon con ésos traidores camaradas ayque estar alertas con estos bende patrias.",2026-04-20T13:27:44Z,0,Gobierno de Tampico,#Historia #HistoriaDeMéxico #Veracruz1914 #OcupaciónDeVeracruz #RevoluciónMexicana #WoodrowWilson,Ovy TV,2026-04-20T11:24:29Z,2026-05-04 07:48:41
DEjnuh-pd5c,UgxnEudr0g_0J65zl6h4AaABAg,@martinlozano7511,Otra mas que se desquicio,2026-04-28T23:28:41Z,0,Gobierno de Tampico,Huachicol Fiscal  El Negocio que Desfalca al Gobierno,Centinela del Norte,2026-04-25T18:54:08Z,2026-05-04 07:48:41
m3fzzYkPgDg,Ugw21Lmfdl_7YwRY9914AaABAg,@fidenciomoralesh8819,"NarcoEjército mexicano COLUDIDOS con los narcos lavan dinero robado,traidores ala PATRIA",2026-04-28T05:29:45Z,0,Gobierno de Tampico,El nuevo huachicol de México: corrupción dentro del Estado,Entre Poderes,2026-04-25T14:52:57Z,2026-05-04 07:48:41
m3fzzYkPgDg,UgxbFEg-4ga0VAdlN1Z4AaABAg,@fidenciomoralesh8819,"NarcoEjército mexicano COLUFIDOS con los narcos,lavan dinero robado,guachicolean combustibles,guachicol fiscal están  robando petróleo mexicano y lo envían a cuba grátis vean mexicanos la enorme traición del NarcoEjército mexicano traidores del pueblo mexicano,lo reprimen,cobardes militares ponen vayas metálicas en el zócalo de CDMX CONTRA LOS MEXICANOS Y LOS REPRIMEN CON VIOLENCIA CORRUPTOS LADRONES MILITARES",2026-04-28T05:28:55Z,0,Gobierno de Tampico,El nuevo huachicol de México: corrupción dentro del Estado,Entre Poderes,2026-04-25T14:52:57Z,2026-05-04 07:48:41
m3fzzYkPgDg,Ugx7EXCYBzIwB1YLLNl4AaABAg,@fidenciomoralesh8819,"NarcoEjército mexicano colufiso con los narcos ,lavado de dinero,guachicol fiscal,corrupción en todos los mandos del NarcoEjército NO PUEDEN CON LA INSEGURIDAD,BOLA DE INEPTOS MILITARES,INCOMPETENTES ROBAN EL PETROLEO MEXICANO Y LO ENVIAN A CUBA EN COMPLICIDAD CON LA NARCOCLAUDIA SHEIMBAUM COLUFIDOS EN CORRUPCION Y VENTA CLANDESTINA DE ARMAS A LOS NARCOS,PRESTAN AVIONES,CAMIONES Y HELICOPETROS A LOS NARCOS",2026-04-28T05:26:00Z,0,Gobierno de Tampico,El nuevo huachicol de México: corrupción dentro del Estado,Entre Poderes,2026-04-25T14:52:57Z,2026-05-04 07:48:41
m3fzzYkPgDg,UgwrD2ZKgxqsARyFGWF4AaABAg,@jacquelinesotoarias7426,El caso de cia en chihuahua es claro que es un ataque al pan por ayudar a esta Andrea quede en chihuahua y se ve su hambre de poder es joven y no es fea y es conocido que el viejito de Adan lo trae loco pero todo esto lo pudo ocacionar morena por querer ese estado pero pues le salió mal porque ahora ella ya no la ven bien y menos con ese coraje encontra del pan,2026-04-26T17:59:40Z,0,Gobierno de Tampico,El nuevo huachicol de México: corrupción dentro del Estado,Entre Poderes,2026-04-25T14:52:57Z,2026-05-04 07:48:41
m3fzzYkPgDg,UgzCFyfCh7CoD73qOYd4AaABAg,@Jaime-uq8bv,LOS IMPUESTOS SON UN ROBO.,2026-04-25T21:28:18Z,0,Gobierno de Tampico,El nuevo huachicol de México: corrupción dentro del Estado,Entre Poderes,2026-04-25T14:52:57Z,2026-05-04 07:48:41
PPjuEtZMkVM,UgyZpe51ZIoXs2YOczh4AaABAg,@silveriogonzalezramiro9691,Dentro de las instituciones hay unos cuantos narcoprianistas terroristas de la DEA escondidos. Pero poco a poco el gobierno los va mandando ACHASUM.,2026-04-25T21:10:47Z,0,Gobierno de Tampico,La Impunidad del Narco: ¿Corrupción en el Gobierno Argentino?,Entre Poderes,2026-04-25T18:27:55Z,2026-05-04 07:48:41
PPjuEtZMkVM,UgxivMwvotDLyIXLxQt4AaABAg,@AlfonsoContreras-s3b,Que novedad lo n[vedoso fuea que ovrador y su govierno frank al bote,2026-04-25T20:36:12Z,0,Gobierno de Tampico,La Impunidad del Narco: ¿Corrupción en el Gobierno Argentino?,Entre Poderes,2026-04-25T18:27:55Z,2026-05-04 07:48:41
UPf-UKYvrQ8,Ugzmf8LLhi2rXWc2M7R4AaABAg,@marbellamercado-wg6gq,Son tan cínicos los CO MUGRENISTAS pero deja que declare Farías en estados Unidos y más hundido y más Mer.....da va a flotar de este CO ESTADO,2026-05-01T15:50:48Z,0,Gobierno de Tampico,Huachicoleo: Crimen Organizado con Protección Gubernamental,Entre Poderes,2026-04-25T18:27:17Z,2026-05-04 07:48:41
UPf-UKYvrQ8,Ugy1GzSekEsU4iaPNEV4AaABAg,@VaglyPGJ,Lo primero que hizo cuando entro al poder fue agarrar,2026-04-27T22:04:58Z,0,Gobierno de Tampico,Huachicoleo: Crimen Organizado con Protección Gubernamental,Entre Poderes,2026-04-25T18:27:17Z,2026-05-04 07:48:41
UPf-UKYvrQ8,UgwCoMludTraQKzFmOh4AaABAg,@gerardomoreno4674,Letras mayúsculas. Con L d López 😂😂😂😂😂,2026-04-27T18:52:43Z,0,Gobierno de Tampico,Huachicoleo: Crimen Organizado con Protección Gubernamental,Entre Poderes,2026-04-25T18:27:17Z,2026-05-04 07:48:41
UPf-UKYvrQ8,Ugy_4xBFdMr22OaQszR4AaABAg,@EduardoPerez-r7z,Lo que mas me entristece es mirar como estan ciegos y sordos tantos mexicanos que ante tantas noticias se niegan a crer que Amlo es tan ratero,2026-04-26T16:17:22Z,1,Gobierno de Tampico,Huachicoleo: Crimen Organizado con Protección Gubernamental,Entre Poderes,2026-04-25T18:27:17Z,2026-05-04 07:48:41
UPf-UKYvrQ8,UgzSHsCeMYH_ObXkGnN4AaABAg,@LorenzoMedina-n3y,Si tienes pruebas presentarlas Tripon bueno con la mamadora,2026-04-25T21:41:36Z,0,Gobierno de Tampico,Huachicoleo: Crimen Organizado con Protección Gubernamental,Entre Poderes,2026-04-25T18:27:17Z,2026-05-04 07:48:41
dBNiNRT2YM4,UgzJYr7v73tnZDpDBsZ4AaABAg,@GeritaCabron,"estoy de acuerdo, pero ete gobierno no pregunta hace y se pasa por el forro la opinion del puebl oque si llega a ser contraria la descalifican y denostan",2026-04-24T00:59:12Z,0,Gobierno de Tampico,"Académicos, sociedad civil y comunidades expresan rechazo al fracking durante foro en SLP",Noticieros Canal 7 SLP,2026-04-23T18:10:07Z,2026-05-04 07:48:41
FJy9MHt5Ios,UgwHxSTdJQ0JBthezPZ4AaABAg,@alejandrofogle534,❤❤❤❤❤❤❤❤❤❤❤❤❤❤❤❤❤❤😊😊😊😊😊😊😊😊😊😊😊,2026-04-27T22:32:19Z,0,Gobierno de Tampico,Narcooperativos y Gobierno: ¿Protección o Inacción?,Más Seco que Mojado,2026-04-25T18:34:21Z,2026-05-04 07:48:41
_aofL4t3qtU,Ugy7G2OEYM3tS4B5Zcx4AaABAg,@VicenteSuarez-e8h3m,Es un puerco  falta de civismo ante la marina y defensa pobre perro cheken al tío.,2026-04-30T01:30:22Z,0,Gobierno de Tampico,"Detienen a Fernando Farías, sobrino de exsecretario de Marina, en Argentina",Grupo Fórmula,2026-04-23T21:36:52Z,2026-05-04 07:48:41
_aofL4t3qtU,Ugw9sqJo2axv71N6VVF4AaABAg,@PorlaRepublicaArgentina,Mechinarcos AFUERA!!!,2026-04-26T06:47:15Z,1,Gobierno de Tampico,"Detienen a Fernando Farías, sobrino de exsecretario de Marina, en Argentina",Grupo Fórmula,2026-04-23T21:36:52Z,2026-05-04 07:48:41
_aofL4t3qtU,UgyLCm9mDOMmU6Gn1_l4AaABAg,@quetzalquetzal5300,Primero tienen que investigar porque no se puede enserrar a alguien solo por ser pariente de alguien importante,2026-04-25T19:36:39Z,0,Gobierno de Tampico,"Detienen a Fernando Farías, sobrino de exsecretario de Marina, en Argentina",Grupo Fórmula,2026-04-23T21:36:52Z,2026-05-04 07:48:41
_aofL4t3qtU,UgzDIeSrjdsKqX3lr094AaABAg,@DarioAlejandroZarazuaGom-qm3hk,López Obrador es el jefe,2026-04-24T21:46:06Z,1,Gobierno de Tampico,"Detienen a Fernando Farías, sobrino de exsecretario de Marina, en Argentina",Grupo Fórmula,2026-04-23T21:36:52Z,2026-05-04 07:48:41
_aofL4t3qtU,Ugwv3OK3cfEqU9o7Z0V4AaABAg,@ivan-gigi,Disque los agarran para que no los agarre estados unidos y les digan todo,2026-04-24T20:55:39Z,0,Gobierno de Tampico,"Detienen a Fernando Farías, sobrino de exsecretario de Marina, en Argentina",Grupo Fórmula,2026-04-23T21:36:52Z,2026-05-04 07:48:41
_aofL4t3qtU,UgxNkm9y9b3UILU-icZ4AaABAg,@MikelCG91,¿Qué embajada le van a dar a tan digno representante de México?,2026-04-24T06:20:42Z,0,Gobierno de Tampico,"Detienen a Fernando Farías, sobrino de exsecretario de Marina, en Argentina",Grupo Fórmula,2026-04-23T21:36:52Z,2026-05-04 07:48:41
_aofL4t3qtU,UgyavF1GkH-ShgvK1-p4AaABAg,@hectormorales5974,QUE SUELTE LA SOPA...LOS KK´S JUNIORS Y  EL SAPO DELGADO ESTÁN EMBARRADOS,2026-04-24T05:57:30Z,0,Gobierno de Tampico,"Detienen a Fernando Farías, sobrino de exsecretario de Marina, en Argentina",Grupo Fórmula,2026-04-23T21:36:52Z,2026-05-04 07:48:41
_aofL4t3qtU,Ugwwxb9dF0Q6t57tZrd4AaABAg,@JoseGonzalez-tl6hg,Leí FIFA en las gorras 😅,2026-04-24T05:47:03Z,0,Gobierno de Tampico,"Detienen a Fernando Farías, sobrino de exsecretario de Marina, en Argentina",Grupo Fórmula,2026-04-23T21:36:52Z,2026-05-04 07:48:41
_aofL4t3qtU,UgwvQO-Fm-OvfiCphSx4AaABAg,@chilapon-f1z,Directo a estados unidos haya si va hablar en México no le haran nada,2026-04-24T05:38:54Z,0,Gobierno de Tampico,"Detienen a Fernando Farías, sobrino de exsecretario de Marina, en Argentina",Grupo Fórmula,2026-04-23T21:36:52Z,2026-05-04 07:48:41
_aofL4t3qtU,Ugz4-BwWhdn5mB1pwaN4AaABAg,@AngelAltuzar-fc1de,"En dónde fue a caer, en ese país no permiten la corrupción que estupidez suerte brother😂",2026-04-24T05:30:48Z,0,Gobierno de Tampico,"Detienen a Fernando Farías, sobrino de exsecretario de Marina, en Argentina",Grupo Fórmula,2026-04-23T21:36:52Z,2026-05-04 07:48:41
_aofL4t3qtU,UgzD_-e9GivnJ1M4NIZ4AaABAg,@FranciscoArmandoLauterioLozano,Logro fugarse hasta a Argentina o fue ayudado por sus cómplices los hijos de amlo,2026-04-24T05:21:52Z,0,Gobierno de Tampico,"Detienen a Fernando Farías, sobrino de exsecretario de Marina, en Argentina",Grupo Fórmula,2026-04-23T21:36:52Z,2026-05-04 07:48:41
_aofL4t3qtU,UgwnkDVipJIdk__dFB94AaABAg,@miguelmelgoza6931,UNA VERGÜENZA PARA LA SECRETARIA DE MARINA,2026-04-24T05:19:01Z,0,Gobierno de Tampico,"Detienen a Fernando Farías, sobrino de exsecretario de Marina, en Argentina",Grupo Fórmula,2026-04-23T21:36:52Z,2026-05-04 07:48:41
_aofL4t3qtU,UgwJMsSr8N8cLCH55ER4AaABAg,@Marco-xi3jc,Lo van a mandar matar... Los 4t,2026-04-24T04:31:17Z,0,Gobierno de Tampico,"Detienen a Fernando Farías, sobrino de exsecretario de Marina, en Argentina",Grupo Fórmula,2026-04-23T21:36:52Z,2026-05-04 07:48:41
_aofL4t3qtU,UgwBd0UUCutU5XhmpMl4AaABAg,@aaaaaa00001,QUE?? PERO SI AQUI EN MEXICO HAY MUCHOS.. 😂😂😂 en San Pedro Garza García. N.L..  Esta LLENO de huachicoleros y factureros.,2026-04-24T04:23:05Z,0,Gobierno de Tampico,"Detienen a Fernando Farías, sobrino de exsecretario de Marina, en Argentina",Grupo Fórmula,2026-04-23T21:36:52Z,2026-05-04 07:48:41
_aofL4t3qtU,UgxndK4LSbYddeJLQdJ4AaABAg,@squalloriginal5457,"La que única forma de que no salgan es que los manden directo a estados unidos, si no aquí cualquier juez comprado lo deja salir por irregularidades en su detención no se saben otra 😂, por eso México es la burla de todos los países en corrupción",2026-04-24T04:20:35Z,0,Gobierno de Tampico,"Detienen a Fernando Farías, sobrino de exsecretario de Marina, en Argentina",Grupo Fórmula,2026-04-23T21:36:52Z,2026-05-04 07:48:41
_aofL4t3qtU,UgyAHyzLDD10OLXGgnF4AaABAg,@GeneraciónAMLO,Borolas tiembla,2026-04-24T04:20:24Z,0,Gobierno de Tampico,"Detienen a Fernando Farías, sobrino de exsecretario de Marina, en Argentina",Grupo Fórmula,2026-04-23T21:36:52Z,2026-05-04 07:48:41
_aofL4t3qtU,Ugx3UX4FSvVIurPl-5V4AaABAg,@mishaillich9728,"Este si es pez gordo, lo encarcelaran o lo defenderá morena!. Que le apliquen todo el peso de la ley, todo!. Mexicanos exijamos que no dude la fiscalía general de la republica, han desfalcado las arcas del estado, para hacer millonarios a unos personajes de morena y funcionarios publico de morena!. Vamos a ver su el ejecutivo federal mexicano tiene las agallas para procesar a este personaje en contra de Palenque!. Veremos..................",2026-04-24T04:14:38Z,0,Gobierno de Tampico,"Detienen a Fernando Farías, sobrino de exsecretario de Marina, en Argentina",Grupo Fórmula,2026-04-23T21:36:52Z,2026-05-04 07:48:41
_aofL4t3qtU,UgwUs4f-eSOcQBnXke94AaABAg,@GustavoGarcia-qq4ec,"Se puede poner bueno si lo extraditan a ee uu, se abriria la cloaca mas grande en la historia de mexico, caerian muchos politicos, y los lopez",2026-04-24T04:10:17Z,1,Gobierno de Tampico,"Detienen a Fernando Farías, sobrino de exsecretario de Marina, en Argentina",Grupo Fórmula,2026-04-23T21:36:52Z,2026-05-04 07:48:41
_aofL4t3qtU,UgzKPHfO9VQEAYfT9vR4AaABAg,@ArturoRodríguez-n4p,"QUE BUENAS NOTICIAS NO CABE DUDA QUE ESTE GOBIERNO ESTA DANDO GOLPES A LAS MAFIAS MAS PODEROSAS ASI SEAN ASTA DE SU PROPIO INTEGRANTES DEL GOBIERNO ASI SEAN DE MORENA ,MUCHA DIFERIENCIA A LOS GOBIERNOS ANTERIORES  QUE NO NADAMAS ERAN COMPLICES SINO QUE LOS PROTEGUIAN Y LOS DEJABAN ROBAR A MANOS LLENAS,, APARTE DE QUE LOS MAS PODEROSOS DELINCUENTES DE CUELLO BLANCO NUNCA PAGABAN IMPUESTOS,,,QUE GRAN DIFERIENCIA VERDAD  A ESTOS QUE NOS QUIEREN ASER CREER QUE MORENA ES IGUAL O INCLUSO PEOR ,🤣🤣🤣🤣🤣🤣🤣🤣🤣🤣🤣🤣🤣🤣,,",2026-04-24T03:28:34Z,0,Gobierno de Tampico,"Detienen a Fernando Farías, sobrino de exsecretario de Marina, en Argentina",Grupo Fórmula,2026-04-23T21:36:52Z,2026-05-04 07:48:41
_aofL4t3qtU,UgxKbbK3wMbYwF6qcwR4AaABAg,@ElmerRoberto-y8x,Faltan los López Beltrán..,2026-04-24T02:58:32Z,0,Gobierno de Tampico,"Detienen a Fernando Farías, sobrino de exsecretario de Marina, en Argentina",Grupo Fórmula,2026-04-23T21:36:52Z,2026-05-04 07:48:41
_aofL4t3qtU,UgxnDgAH7xrUUlMJ_nV4AaABAg,@eliseogonzalezortega5018,"Muy bien hay que traerlo a México para que los que imparten justicia le saquen una buena lana y lo dejen libre, para eso votamos para elección de judiciales corruptos",2026-04-24T02:58:25Z,0,Gobierno de Tampico,"Detienen a Fernando Farías, sobrino de exsecretario de Marina, en Argentina",Grupo Fórmula,2026-04-23T21:36:52Z,2026-05-04 07:48:41
_aofL4t3qtU,Ugz_pkc7NVXyX_YsBbB4AaABAg,@saulduke9377,Que raro si es Mexicano jajajajaja,2026-04-24T02:37:11Z,0,Gobierno de Tampico,"Detienen a Fernando Farías, sobrino de exsecretario de Marina, en Argentina",Grupo Fórmula,2026-04-23T21:36:52Z,2026-05-04 07:48:41
_aofL4t3qtU,UgxXQWMWdSOdRcrkcjh4AaABAg,@ArturLasco,Cheque la corrupción qué existe en el arnac 3 de Veracruz en san juan de uluas<br>Con probedores retirados junto con los capitanes y director de dicha unidad,2026-04-24T02:35:56Z,0,Gobierno de Tampico,"Detienen a Fernando Farías, sobrino de exsecretario de Marina, en Argentina",Grupo Fórmula,2026-04-23T21:36:52Z,2026-05-04 07:48:41
_aofL4t3qtU,Ugy7JrVjYRxRaD1vgRd4AaABAg,@LeunamHughes224-01,Nadamás porque estaba lejos sino también se hubiera muerto en algún ejercicio militar como los otros anteriores,2026-04-24T02:34:50Z,0,Gobierno de Tampico,"Detienen a Fernando Farías, sobrino de exsecretario de Marina, en Argentina",Grupo Fórmula,2026-04-23T21:36:52Z,2026-05-04 07:48:41
_aofL4t3qtU,UgwbwE3aiSg1TlLN-FF4AaABAg,@marvinmendoza908,que verguenza,2026-04-24T02:24:07Z,0,Gobierno de Tampico,"Detienen a Fernando Farías, sobrino de exsecretario de Marina, en Argentina",Grupo Fórmula,2026-04-23T21:36:52Z,2026-05-04 07:48:41
_aofL4t3qtU,Ugxre0xu2H78JxPPK_54AaABAg,@Alselmosbc,Y LAS RATAS MAYORES ANDY Y AMLO CUANDO???..?????,2026-04-24T02:23:31Z,0,Gobierno de Tampico,"Detienen a Fernando Farías, sobrino de exsecretario de Marina, en Argentina",Grupo Fórmula,2026-04-23T21:36:52Z,2026-05-04 07:48:41
_aofL4t3qtU,Ugx550DvrX3asm3ZQvN4AaABAg,@LeonardoHernandez-rx7bk,El jefe está escondido en tabasco,2026-04-24T02:20:09Z,0,Gobierno de Tampico,"Detienen a Fernando Farías, sobrino de exsecretario de Marina, en Argentina",Grupo Fórmula,2026-04-23T21:36:52Z,2026-05-04 07:48:41
_aofL4t3qtU,UgwuzPfx1iMusALEMqh4AaABAg,@juanolivera834,Falta el secretario Rafael Ojeda pero como són de escuela natal no les ván a Acer nada,2026-04-24T02:13:58Z,0,Gobierno de Tampico,"Detienen a Fernando Farías, sobrino de exsecretario de Marina, en Argentina",Grupo Fórmula,2026-04-23T21:36:52Z,2026-05-04 07:48:41
_aofL4t3qtU,Ugzc0R8grbITDG9BH-h4AaABAg,@Xavizz-G,"LA MARINA QUE LO LLEVE AL PAREDON , POR TRAICION A LA PATRIA.",2026-04-24T02:05:12Z,0,Gobierno de Tampico,"Detienen a Fernando Farías, sobrino de exsecretario de Marina, en Argentina",Grupo Fórmula,2026-04-23T21:36:52Z,2026-05-04 07:48:41
_aofL4t3qtU,UgzXyTFwKT9U6Joynz54AaABAg,@usuariov74,Como la juegan si los meros meros de ese jale son amlo y sus hijos,2026-04-24T02:00:44Z,1,Gobierno de Tampico,"Detienen a Fernando Farías, sobrino de exsecretario de Marina, en Argentina",Grupo Fórmula,2026-04-23T21:36:52Z,2026-05-04 07:48:41
_aofL4t3qtU,UgzoWdor-xNjcA0sdd94AaABAg,@breadwater71,A ver a ver va decir la presirvienta...porque no hablan asi de Garcia Luna 😂😂😂😂,2026-04-24T01:59:07Z,0,Gobierno de Tampico,"Detienen a Fernando Farías, sobrino de exsecretario de Marina, en Argentina",Grupo Fórmula,2026-04-23T21:36:52Z,2026-05-04 07:48:41
_aofL4t3qtU,UgwLtZk_Yy_cS8jWqvV4AaABAg,@AldoCuevas-og8kr,Ojalá lo intercepte USA porque estos ratones .<br>Van hacer escalas sospechosas y adiestramiento masivo para que esté calladito como la rata de Bermúdez.<br>Y otra ves <br>Aquí no pasa nada pues Morena gobierna con impunidad,2026-04-24T01:55:30Z,0,Gobierno de Tampico,"Detienen a Fernando Farías, sobrino de exsecretario de Marina, en Argentina",Grupo Fórmula,2026-04-23T21:36:52Z,2026-05-04 07:48:41
_aofL4t3qtU,Ugxysk0jprV0I5hDfcp4AaABAg,@cristiansanchez3787,Milei mandalo pero a USA no a México para que le saquen la sopa,2026-04-24T01:51:25Z,0,Gobierno de Tampico,"Detienen a Fernando Farías, sobrino de exsecretario de Marina, en Argentina",Grupo Fórmula,2026-04-23T21:36:52Z,2026-05-04 07:48:41
_aofL4t3qtU,Ugwu8mQ7ESgvFGZ1NHp4AaABAg,@miluarconstrucciones4095,llegando a Mexico  MORENA lo hara diputado o senador ....,2026-04-24T01:49:28Z,0,Gobierno de Tampico,"Detienen a Fernando Farías, sobrino de exsecretario de Marina, en Argentina",Grupo Fórmula,2026-04-23T21:36:52Z,2026-05-04 07:48:41
_aofL4t3qtU,Ugxm-R0fOeJ-NCKO6sF4AaABAg,@jesuslirafranco7264,Puro pancho no le van hacer nada porque no les confiscan todos sus bienes y dejan sin nada a toda su familia,2026-04-24T01:45:18Z,0,Gobierno de Tampico,"Detienen a Fernando Farías, sobrino de exsecretario de Marina, en Argentina",Grupo Fórmula,2026-04-23T21:36:52Z,2026-05-04 07:48:41
_aofL4t3qtU,UgyF2H8TfrvPZWRyCXt4AaABAg,@hcxtr55,Ley marcial! Que los cuelguen de los 🍳🍳 por traidores &quot;un soldado en cada hijo te dio&quot;,2026-04-24T01:41:52Z,0,Gobierno de Tampico,"Detienen a Fernando Farías, sobrino de exsecretario de Marina, en Argentina",Grupo Fórmula,2026-04-23T21:36:52Z,2026-05-04 07:48:41
_aofL4t3qtU,Ugz9j02PJYs8wCTUL954AaABAg,@GustavoGarcia-qq4ec,"que lo extraditen desde Argentina a los ee uu, porque si no, en mexico lo sueltan o le dan un puesto en el gobieno federal",2026-04-24T01:40:50Z,5,Gobierno de Tampico,"Detienen a Fernando Farías, sobrino de exsecretario de Marina, en Argentina",Grupo Fórmula,2026-04-23T21:36:52Z,2026-05-04 07:48:41
_aofL4t3qtU,Ugx4d3pr9fylrbHoR3d4AaABAg,@RgcGm-g3d,Pez esqueleto 🩻,2026-04-24T01:38:33Z,0,Gobierno de Tampico,"Detienen a Fernando Farías, sobrino de exsecretario de Marina, en Argentina",Grupo Fórmula,2026-04-23T21:36:52Z,2026-05-04 07:48:41
_aofL4t3qtU,Ugwo1MnSf9TBUzrNNnl4AaABAg,@EpaAmma-k5l6r,"Ora no lo vayan a hacer embajador, como acostumbran premiar a los incompetentes🙄",2026-04-24T01:35:07Z,5,Gobierno de Tampico,"Detienen a Fernando Farías, sobrino de exsecretario de Marina, en Argentina",Grupo Fórmula,2026-04-23T21:36:52Z,2026-05-04 07:48:41
_aofL4t3qtU,UgxLH1rQZ2LuNwC6evZ4AaABAg,@franciscojavierruizmorales-f7e,La Cia lo atrapó va para USA.,2026-04-24T01:31:56Z,0,Gobierno de Tampico,"Detienen a Fernando Farías, sobrino de exsecretario de Marina, en Argentina",Grupo Fórmula,2026-04-23T21:36:52Z,2026-05-04 07:48:41
_aofL4t3qtU,Ugw6FVvt1TqaVtxJtMZ4AaABAg,@Lydiamedina-qr9ze,Pez gordo? Que no es andy lopez Beltran???? CODIGO MAGENTA TIENE LA INFORMATION,2026-04-24T01:30:03Z,0,Gobierno de Tampico,"Detienen a Fernando Farías, sobrino de exsecretario de Marina, en Argentina",Grupo Fórmula,2026-04-23T21:36:52Z,2026-05-04 07:48:41
_aofL4t3qtU,UgzYkwTN1CJewoHvJ694AaABAg,@FernandoTorres-cf7gi,Peña robo mucho petróleo 🛢️,2026-04-24T01:30:00Z,0,Gobierno de Tampico,"Detienen a Fernando Farías, sobrino de exsecretario de Marina, en Argentina",Grupo Fórmula,2026-04-23T21:36:52Z,2026-05-04 07:48:41
_aofL4t3qtU,Ugz7ZZTverJOHe9sX8R4AaABAg,@FernandoTorres-cf7gi,Los que empezaron el guacho col son los del pri,2026-04-24T01:29:33Z,0,Gobierno de Tampico,"Detienen a Fernando Farías, sobrino de exsecretario de Marina, en Argentina",Grupo Fórmula,2026-04-23T21:36:52Z,2026-05-04 07:48:41
_aofL4t3qtU,UgygiKCTG9lPqi-JoMJ4AaABAg,@FelipeSanchez-wz3dx,Mañana lo suicidan digo se suicida...,2026-04-24T01:28:57Z,0,Gobierno de Tampico,"Detienen a Fernando Farías, sobrino de exsecretario de Marina, en Argentina",Grupo Fórmula,2026-04-23T21:36:52Z,2026-05-04 07:48:41
_aofL4t3qtU,Ugyg48MHRSkE8lOfWAN4AaABAg,@FelipeSanchez-wz3dx,Y para cuando Adán Augusto y el capo de palenque?,2026-04-24T01:28:25Z,0,Gobierno de Tampico,"Detienen a Fernando Farías, sobrino de exsecretario de Marina, en Argentina",Grupo Fórmula,2026-04-23T21:36:52Z,2026-05-04 07:48:41
_aofL4t3qtU,Ugz3kyDiJQviG9nvKLh4AaABAg,@FernandoTorres-cf7gi,Ratas ala carcel y prianistas yambien,2026-04-24T01:28:21Z,0,Gobierno de Tampico,"Detienen a Fernando Farías, sobrino de exsecretario de Marina, en Argentina",Grupo Fórmula,2026-04-23T21:36:52Z,2026-05-04 07:48:41
_aofL4t3qtU,Ugzei4T_5bgD_lcRvLl4AaABAg,@MartoBernal-j2w,"Me da mucho gusto, ojalá y caigan todos, incluyendo a los Lopez Beltrán 🐀.",2026-04-24T01:27:02Z,2,Gobierno de Tampico,"Detienen a Fernando Farías, sobrino de exsecretario de Marina, en Argentina",Grupo Fórmula,2026-04-23T21:36:52Z,2026-05-04 07:48:41
_aofL4t3qtU,UgzqSzOFXqntrkttzHh4AaABAg,@alvarezmendez5700,Otro Hernán Bermúdez así quedara el caso vueltas y vuelta pero fuera otro rápido le dan carpetazo a se van hacer weyes los del gobierno,2026-04-24T01:02:42Z,0,Gobierno de Tampico,"Detienen a Fernando Farías, sobrino de exsecretario de Marina, en Argentina",Grupo Fórmula,2026-04-23T21:36:52Z,2026-05-04 07:48:41
_aofL4t3qtU,UgxdK_p8MvJItU1c9hl4AaABAg,@manuelamontalvo3606,😊HABLAS fn serio? <br>¿Tu crees que esta nota eclipse<br>lo de la cia en Chihuahua?,2026-04-24T00:59:49Z,0,Gobierno de Tampico,"Detienen a Fernando Farías, sobrino de exsecretario de Marina, en Argentina",Grupo Fórmula,2026-04-23T21:36:52Z,2026-05-04 07:48:41
_aofL4t3qtU,UgwkDUl4e_5GSRJ3hJl4AaABAg,@santiagovazquez2784,Las ratas del bienestar ya se estan escapando a todo el mundo😂,2026-04-24T00:58:52Z,2,Gobierno de Tampico,"Detienen a Fernando Farías, sobrino de exsecretario de Marina, en Argentina",Grupo Fórmula,2026-04-23T21:36:52Z,2026-05-04 07:48:41
_aofL4t3qtU,Ugy-4z2T1Am4_yN9EEl4AaABAg,@6877EMA,Nada dice &quot;INOCENTE&quot; cómo que te encuentren al otro lado del mundo. 😂😂😂,2026-04-24T00:53:27Z,0,Gobierno de Tampico,"Detienen a Fernando Farías, sobrino de exsecretario de Marina, en Argentina",Grupo Fórmula,2026-04-23T21:36:52Z,2026-05-04 07:48:41
_aofL4t3qtU,Ugwo-5fSmMxBRa373IN4AaABAg,@alggazteca,Solo hicieron lo que se esperaba de ellos. Para eso les dio el pejendo las aduanas a la marina. Dónde terminó mucha de la lana que ganaron? En las arcas de morena y las bolsas de la élite morenita. Tal y como hizo Hitler con sus generales en Alemania.,2026-04-24T00:49:25Z,0,Gobierno de Tampico,"Detienen a Fernando Farías, sobrino de exsecretario de Marina, en Argentina",Grupo Fórmula,2026-04-23T21:36:52Z,2026-05-04 07:48:41
_aofL4t3qtU,Ugwm6J1ftKpJVgHPT6p4AaABAg,@rosariopineda3862,Queremos a los peces gooooorrrdoooss mínimo que a este rata se lo lleven a estados unidos para que suelte la sopa,2026-04-24T00:46:52Z,2,Gobierno de Tampico,"Detienen a Fernando Farías, sobrino de exsecretario de Marina, en Argentina",Grupo Fórmula,2026-04-23T21:36:52Z,2026-05-04 07:48:41
_aofL4t3qtU,UgwufaMilhxsUe6mbZZ4AaABAg,@mayo6061,"jajajaj el pez gordo dirás el charal , lo lopez y andres manuel  son l9s jefes no pueden hacer pen...de..jos  a nadie.",2026-04-24T00:45:31Z,0,Gobierno de Tampico,"Detienen a Fernando Farías, sobrino de exsecretario de Marina, en Argentina",Grupo Fórmula,2026-04-23T21:36:52Z,2026-05-04 07:48:41
_aofL4t3qtU,Ugybf0OByKpW9R-qFw14AaABAg,@teodorohernandez2533,Que suelte la sopa caiga quien caiga cero impunidad,2026-04-24T00:44:14Z,3,Gobierno de Tampico,"Detienen a Fernando Farías, sobrino de exsecretario de Marina, en Argentina",Grupo Fórmula,2026-04-23T21:36:52Z,2026-05-04 07:48:41
_aofL4t3qtU,UgywTfEKJ9GVDKs3ymZ4AaABAg,@juan-franciscoherrera-soli507,"Señor, no diga mamadas, eso del guachicol fiscal se lo inventaron ustedes, es solo tráfico ilegal de combustible!",2026-04-24T00:41:16Z,0,Gobierno de Tampico,"Detienen a Fernando Farías, sobrino de exsecretario de Marina, en Argentina",Grupo Fórmula,2026-04-23T21:36:52Z,2026-05-04 07:48:41
_aofL4t3qtU,UgzVbekvXfC4pULMS094AaABAg,@tuxmaniaco,"Muy bien, de todos modos a este Chayo no le gusta, que lo agarraran  tendrian que agarrar a todos los involucrados para que esté contento chayorisco",2026-04-24T00:37:51Z,0,Gobierno de Tampico,"Detienen a Fernando Farías, sobrino de exsecretario de Marina, en Argentina",Grupo Fórmula,2026-04-23T21:36:52Z,2026-05-04 07:48:41
_aofL4t3qtU,UgzMgMbWCXzhyYRPSSt4AaABAg,@CarlosLopezArzate,Se va a ir a palenque!  Seguro allá le tienen una lujosa habitación ! 🤓🤓🤓🤣🤣,2026-04-24T00:36:31Z,0,Gobierno de Tampico,"Detienen a Fernando Farías, sobrino de exsecretario de Marina, en Argentina",Grupo Fórmula,2026-04-23T21:36:52Z,2026-05-04 07:48:41
_aofL4t3qtU,Ugz1UMZNFq7_sH0YEc14AaABAg,@anara-bc4wu,"Que lo salvaguarden, no lo vayan a matar como al otro. Y AMLO y secuaces cuándo?",2026-04-24T00:36:06Z,0,Gobierno de Tampico,"Detienen a Fernando Farías, sobrino de exsecretario de Marina, en Argentina",Grupo Fórmula,2026-04-23T21:36:52Z,2026-05-04 07:48:41
_aofL4t3qtU,UgyBtD0lzd15dFKpMTZ4AaABAg,@KikoMan-c7u,Cayo la RATOTA VICEALMIRANTE FARIAS EL CORRUPTAZO CON IDENTIDAD FALSA ANDABA HUYENDO,2026-04-24T00:30:30Z,0,Gobierno de Tampico,"Detienen a Fernando Farías, sobrino de exsecretario de Marina, en Argentina",Grupo Fórmula,2026-04-23T21:36:52Z,2026-05-04 07:48:41
_aofL4t3qtU,UgwLwV9fzcg4Qijr5Zd4AaABAg,@gerardogarcia509,"Pues que lo hagan cantar y cero impunidad caiga quien caiga, los consumidores de gasolina ya estamos artos de pagar lo que otros se roban",2026-04-24T00:26:17Z,0,Gobierno de Tampico,"Detienen a Fernando Farías, sobrino de exsecretario de Marina, en Argentina",Grupo Fórmula,2026-04-23T21:36:52Z,2026-05-04 07:48:41
_aofL4t3qtU,UgziBMdJpTA-vhnm1sF4AaABAg,@AdolfoMéndiaMorán,"A VER, NO ES MARINO, ES DE LA ARMADA.<br>PARA SER MARINO,LE FALTA MUCHO.<br>LOS ÚNICOS MARINOS, SON LOS MARINOS MERCANTES.",2026-04-24T00:20:55Z,0,Gobierno de Tampico,"Detienen a Fernando Farías, sobrino de exsecretario de Marina, en Argentina",Grupo Fórmula,2026-04-23T21:36:52Z,2026-05-04 07:48:41
_aofL4t3qtU,Ugx_clceQmhv3e6PiTF4AaABAg,@tomascabreraruiz1130,"ANDY , ANDY ANDY  😂😂😂 CUIDEN A ESTE EX POPEYE NO SE VAYA A SUICIDAR CON UNA RAMA DE PEREJIL 😂😂😂 DIGO SABE MUCHO DE LOS LOPEZ 😂😂😂",2026-04-24T00:20:06Z,0,Gobierno de Tampico,"Detienen a Fernando Farías, sobrino de exsecretario de Marina, en Argentina",Grupo Fórmula,2026-04-23T21:36:52Z,2026-05-04 07:48:41
_aofL4t3qtU,Ugw7R5B-mMoO7daeLDN4AaABAg,@NorthWestlight,AMLO..????,2026-04-24T00:19:58Z,0,Gobierno de Tampico,"Detienen a Fernando Farías, sobrino de exsecretario de Marina, en Argentina",Grupo Fórmula,2026-04-23T21:36:52Z,2026-05-04 07:48:41
_aofL4t3qtU,UgwRuR8YvcZfn6LZgZt4AaABAg,@totooti,Ya chúpasela we !,2026-04-24T00:11:39Z,0,Gobierno de Tampico,"Detienen a Fernando Farías, sobrino de exsecretario de Marina, en Argentina",Grupo Fórmula,2026-04-23T21:36:52Z,2026-05-04 07:48:41
_aofL4t3qtU,Ugz5unqvnWi60jPOI894AaABAg,@newcruiser,"Increible el trabajo de localizar a esta persona hasta Argentina. Se ve que Harfouch esta con todo. Y los quejumbrosos de aqui ponganse a jalar e informense correctamente. Esta semana toca que aprendan PENSAMIENTO CRITICO jóvenes porque andan muy perdidos. La tarea de hoy es : &quot;Buscar el termino pensamiento critico en internet, leer dos paginas y hacer un resumen en su cabecita y comentarlo con su vieja, viejo o con el perico, no le hace. <a href=""UCkszU2WH9gy1mb0dV-11UJg/m8MfY4jbFsWJhL0PyouA2Ak""></a>",2026-04-24T00:05:30Z,0,Gobierno de Tampico,"Detienen a Fernando Farías, sobrino de exsecretario de Marina, en Argentina",Grupo Fórmula,2026-04-23T21:36:52Z,2026-05-04 07:48:41
_aofL4t3qtU,Ugx0ecT2BotTSFAtTph4AaABAg,@eduardosegura8149,Falta el tío y López,2026-04-24T00:02:25Z,0,Gobierno de Tampico,"Detienen a Fernando Farías, sobrino de exsecretario de Marina, en Argentina",Grupo Fórmula,2026-04-23T21:36:52Z,2026-05-04 07:48:41
_aofL4t3qtU,UgxVForM0p_1OxICayF4AaABAg,@andresmedran6748,Queremos.alos capos lopez,2026-04-24T00:00:38Z,0,Gobierno de Tampico,"Detienen a Fernando Farías, sobrino de exsecretario de Marina, en Argentina",Grupo Fórmula,2026-04-23T21:36:52Z,2026-05-04 07:48:41
_aofL4t3qtU,Ugw59_nlh3yn5rSAnS54AaABAg,@gonzaloarvietti7189,Puras cortinas de humo<br><br>Y adan augusto ???? Cuando ???,2026-04-23T23:59:55Z,0,Gobierno de Tampico,"Detienen a Fernando Farías, sobrino de exsecretario de Marina, en Argentina",Grupo Fórmula,2026-04-23T21:36:52Z,2026-05-04 07:48:41
_aofL4t3qtU,Ugz5W6Mu7P4e9fxSJLN4AaABAg,@gerardofranco5372,"si lo traen a México, capaz que lo condecoran....",2026-04-23T23:59:02Z,0,Gobierno de Tampico,"Detienen a Fernando Farías, sobrino de exsecretario de Marina, en Argentina",Grupo Fórmula,2026-04-23T21:36:52Z,2026-05-04 07:48:41
_aofL4t3qtU,UgytJlB0-DKPrfIcTUp4AaABAg,@veritaguerrero,que diga quién son los Patrones que le mandaban!!,2026-04-23T23:58:05Z,0,Gobierno de Tampico,"Detienen a Fernando Farías, sobrino de exsecretario de Marina, en Argentina",Grupo Fórmula,2026-04-23T21:36:52Z,2026-05-04 07:48:41
_aofL4t3qtU,UgySxUiOvNMWI63BRGB4AaABAg,@gerardofranco5372,"solo pedirle a los argentinos que NO lo entreguen a México, que vaya directo a las manos de los gringos",2026-04-23T23:57:45Z,0,Gobierno de Tampico,"Detienen a Fernando Farías, sobrino de exsecretario de Marina, en Argentina",Grupo Fórmula,2026-04-23T21:36:52Z,2026-05-04 07:48:41
_aofL4t3qtU,UgwxDTJGRsdrqs1W_Fh4AaABAg,@peliculasgeniales1270,¿Ya detuvieron al huachi-kks y a sus parásitos hijos?,2026-04-23T23:56:20Z,1,Gobierno de Tampico,"Detienen a Fernando Farías, sobrino de exsecretario de Marina, en Argentina",Grupo Fórmula,2026-04-23T21:36:52Z,2026-05-04 07:48:41
_aofL4t3qtU,UgzdlZI8Ra8UkIQUxv14AaABAg,@jz4344,"Estoy leyendo  las opiniones  de los derechairos,  pobrecitos ningún  chile les enbona 😂😅😂😅😂😅😂😅",2026-04-23T23:56:12Z,0,Gobierno de Tampico,"Detienen a Fernando Farías, sobrino de exsecretario de Marina, en Argentina",Grupo Fórmula,2026-04-23T21:36:52Z,2026-05-04 07:48:41
_aofL4t3qtU,UgwA1hWy5VHsM-WfRQl4AaABAg,@gatitos5-9,"Q HABLE Y DE EL NOMBRE DE TODOS LOS RATAS ,Q NO SE HAGA COMO REQUENA Q TIENE MIEDO HABLAR",2026-04-23T23:55:39Z,0,Gobierno de Tampico,"Detienen a Fernando Farías, sobrino de exsecretario de Marina, en Argentina",Grupo Fórmula,2026-04-23T21:36:52Z,2026-05-04 07:48:41
_aofL4t3qtU,UgxdNtUzqbuHKDBekud4AaABAg,@Moramay0000,HAGANLO HABLAR…. QUE SUELTE LA SOPA… QUE CAIGAN LOS DEMAS .,2026-04-23T23:55:05Z,0,Gobierno de Tampico,"Detienen a Fernando Farías, sobrino de exsecretario de Marina, en Argentina",Grupo Fórmula,2026-04-23T21:36:52Z,2026-05-04 07:48:41
_aofL4t3qtU,Ugys-dQb6jopv5Z9Lnt4AaABAg,@juansantos6905,"A ver si realmente lo juzgan y sentencian, o se irán hacer, igual que con el de la Barredora, los &quot;encuentran &quot; y ya guardaditos, no sueltan la lengua, pero se adjudican la medalla que fueron detenidos.",2026-04-23T23:51:55Z,0,Gobierno de Tampico,"Detienen a Fernando Farías, sobrino de exsecretario de Marina, en Argentina",Grupo Fórmula,2026-04-23T21:36:52Z,2026-05-04 07:48:41
_aofL4t3qtU,UgyH7ymbW8_fEuDdicF4AaABAg,@raydel-Arellano-h1d8k,Antes de comer carne de burro mejor me entrego dijo el susodicho 😂,2026-04-23T23:49:22Z,0,Gobierno de Tampico,"Detienen a Fernando Farías, sobrino de exsecretario de Marina, en Argentina",Grupo Fórmula,2026-04-23T21:36:52Z,2026-05-04 07:48:41
_aofL4t3qtU,UgwvNlv4z0YrdJzFaW54AaABAg,@carmendelrosariov.b8159,FALTA EL EX SECRETARIO DE MARINA Y LOS HIJOS DEL KAKAS,2026-04-23T23:42:37Z,1,Gobierno de Tampico,"Detienen a Fernando Farías, sobrino de exsecretario de Marina, en Argentina",Grupo Fórmula,2026-04-23T21:36:52Z,2026-05-04 07:48:41
_aofL4t3qtU,UgwHbe7dJgg-tQ8tE8x4AaABAg,@JuanGonzalez-sr8yq,"Que lo refundan por delincuencia organizada junto con el almirante que según el se escurrió, burlando a la justicia. Que se lo lleven a EU de una vez. Para que ya no salga.",2026-04-23T23:41:33Z,4,Gobierno de Tampico,"Detienen a Fernando Farías, sobrino de exsecretario de Marina, en Argentina",Grupo Fórmula,2026-04-23T21:36:52Z,2026-05-04 07:48:41
_aofL4t3qtU,UgyE9PIqfDzec5cf4gd4AaABAg,@aquilesbaeza2191,Llegando a México le van a dar una embajada 😀,2026-04-23T23:40:30Z,0,Gobierno de Tampico,"Detienen a Fernando Farías, sobrino de exsecretario de Marina, en Argentina",Grupo Fórmula,2026-04-23T21:36:52Z,2026-05-04 07:48:41
_aofL4t3qtU,UgxTBHG4o1Sjjae_9UV4AaABAg,@robertotogo7856,"Este si es un pez gordo, esperemos no lo silencien, por que este si debe de tener mucha información sobre el cartel macuspano",2026-04-23T23:38:25Z,0,Gobierno de Tampico,"Detienen a Fernando Farías, sobrino de exsecretario de Marina, en Argentina",Grupo Fórmula,2026-04-23T21:36:52Z,2026-05-04 07:48:41
_aofL4t3qtU,Ugyf4nGeE4PD2xtEqlt4AaABAg,@LuisMelo-q9k,La presidenta ba abrir una carpeta La A,2026-04-23T23:35:37Z,0,Gobierno de Tampico,"Detienen a Fernando Farías, sobrino de exsecretario de Marina, en Argentina",Grupo Fórmula,2026-04-23T21:36:52Z,2026-05-04 07:48:41
_aofL4t3qtU,UgyMlYpnUukQloSjQFR4AaABAg,@pptan8580,"Mmmta a ver cuantas horas hace el vuelo desde argentina o hacen escala para cargar combustible y pactan su silencio con tal de salvar al Andy López el rey del huachicol, con Adán Augusto y audomaro los meros meros!",2026-04-23T23:33:44Z,0,Gobierno de Tampico,"Detienen a Fernando Farías, sobrino de exsecretario de Marina, en Argentina",Grupo Fórmula,2026-04-23T21:36:52Z,2026-05-04 07:48:41
_aofL4t3qtU,UgzNtmCLggg53cI1SRB4AaABAg,@Declan_Harp,"Otro chivato expiatorio. Le harán  como al maquinista del interoceánico <br> El.solito hacía  todo y el secreto de marina no sabía nada, ni adan, ni ando ni chemba.",2026-04-23T23:32:58Z,0,Gobierno de Tampico,"Detienen a Fernando Farías, sobrino de exsecretario de Marina, en Argentina",Grupo Fórmula,2026-04-23T21:36:52Z,2026-05-04 07:48:41
_aofL4t3qtU,UgzKrvOeCYIbyeG9oh94AaABAg,@GarzaLingo-t6f,"Todos sabemos quienes  son los jefes de estos vatos marinos, q cuando entraron los pusieron a hacer de todo a la marina y al ejército hasta robar menos defender a México",2026-04-23T23:32:19Z,1,Gobierno de Tampico,"Detienen a Fernando Farías, sobrino de exsecretario de Marina, en Argentina",Grupo Fórmula,2026-04-23T21:36:52Z,2026-05-04 07:48:41
_aofL4t3qtU,UgwjfZ1eCK2oO1mxUxB4AaABAg,@gloriaestherbricenoalcaraz3593,Rata inmunda! te ponen en un puesto de la marina importante y lo usas para robar delincuente!!!! que te refundas en la cárcel.,2026-04-23T23:32:10Z,0,Gobierno de Tampico,"Detienen a Fernando Farías, sobrino de exsecretario de Marina, en Argentina",Grupo Fórmula,2026-04-23T21:36:52Z,2026-05-04 07:48:41
_aofL4t3qtU,UgzyA20XzEoJweGlpf54AaABAg,@maperezpulido634,es gravísimo también es gravísimo que la gobernadora muru biole las leyes de México también será de ocho ocho ocho y la nota mañana no a cul irle todo es gravísimo o una es grave y la otra no 😂,2026-04-23T23:31:19Z,0,Gobierno de Tampico,"Detienen a Fernando Farías, sobrino de exsecretario de Marina, en Argentina",Grupo Fórmula,2026-04-23T21:36:52Z,2026-05-04 07:48:41
_aofL4t3qtU,UgzntsOtUKs6NaFoVxl4AaABAg,@GuillermoSantillanaMárquez,El capo mayor está en Palenque.,2026-04-23T23:29:35Z,0,Gobierno de Tampico,"Detienen a Fernando Farías, sobrino de exsecretario de Marina, en Argentina",Grupo Fórmula,2026-04-23T21:36:52Z,2026-05-04 07:48:41
_aofL4t3qtU,Ugx5rOeFOaMLAoJHnMt4AaABAg,@joseiberramirezsanchez5705,"si son sobrinos políticos, realmente no cuenta. Y lo importante es que se aplique la ley sin distinciones.",2026-04-23T23:27:32Z,0,Gobierno de Tampico,"Detienen a Fernando Farías, sobrino de exsecretario de Marina, en Argentina",Grupo Fórmula,2026-04-23T21:36:52Z,2026-05-04 07:48:41
_aofL4t3qtU,UgxNymTNI05UutyAyeR4AaABAg,@hildalozoya4263,Que bien !!! Bravo por Omar García,2026-04-23T23:20:50Z,0,Gobierno de Tampico,"Detienen a Fernando Farías, sobrino de exsecretario de Marina, en Argentina",Grupo Fórmula,2026-04-23T21:36:52Z,2026-05-04 07:48:41
_aofL4t3qtU,UgzV_FKWsxYabTVQLg94AaABAg,@Gabriel-Batres16217,Qué bien,2026-04-23T23:15:34Z,0,Gobierno de Tampico,"Detienen a Fernando Farías, sobrino de exsecretario de Marina, en Argentina",Grupo Fórmula,2026-04-23T21:36:52Z,2026-05-04 07:48:41
_aofL4t3qtU,Ugy7cx64Sj7h-TmRQ_h4AaABAg,@josebalanzategui6130,Morena la desgracia de mexico😔🇲🇽<br>No menciona los avances <br>lo Cual deberian hacerlo por Que es deber  de las autoridades hacer justicia 🧐,2026-04-23T23:13:51Z,4,Gobierno de Tampico,"Detienen a Fernando Farías, sobrino de exsecretario de Marina, en Argentina",Grupo Fórmula,2026-04-23T21:36:52Z,2026-05-04 07:48:41
_aofL4t3qtU,UgxhnzCaexO1_thy2g54AaABAg,@raulcabrera8798,Lo trajeron por qué les urge ponerlo en una embajada,2026-04-23T23:13:28Z,0,Gobierno de Tampico,"Detienen a Fernando Farías, sobrino de exsecretario de Marina, en Argentina",Grupo Fórmula,2026-04-23T21:36:52Z,2026-05-04 07:48:41
_aofL4t3qtU,UgwE6h8iEyzOAsl1d314AaABAg,@JorgeRamirez-xl2gt,"Pero no le van a hacer nada , lo dejarán en el olvido como a Bermúdez",2026-04-23T23:10:56Z,0,Gobierno de Tampico,"Detienen a Fernando Farías, sobrino de exsecretario de Marina, en Argentina",Grupo Fórmula,2026-04-23T21:36:52Z,2026-05-04 07:48:41
_aofL4t3qtU,UgzyISZnLZy3e20Nwgp4AaABAg,@fbpliegorrivero8869,Que agarren al Andy Pandy pandillero hijo de López Cobrador,2026-04-23T23:10:11Z,0,Gobierno de Tampico,"Detienen a Fernando Farías, sobrino de exsecretario de Marina, en Argentina",Grupo Fórmula,2026-04-23T21:36:52Z,2026-05-04 07:48:41
_aofL4t3qtU,UgzWVh4YWbCMY5yZrJJ4AaABAg,@julitored3053,Y CÓMO SE LE JUZGA A UN MILITAR?<br>QUÉ PENA SE LE APLICA A UN MILITAR POR TRAICIÓN A LA PATRIA?🙄,2026-04-23T23:09:22Z,8,Gobierno de Tampico,"Detienen a Fernando Farías, sobrino de exsecretario de Marina, en Argentina",Grupo Fórmula,2026-04-23T21:36:52Z,2026-05-04 07:48:41
_aofL4t3qtU,UgyYa0CGN0GKPcOnE-54AaABAg,@raulcano6474,Gracias 4T 👍,2026-04-23T23:08:58Z,0,Gobierno de Tampico,"Detienen a Fernando Farías, sobrino de exsecretario de Marina, en Argentina",Grupo Fórmula,2026-04-23T21:36:52Z,2026-05-04 07:48:41
_aofL4t3qtU,UgxN0gD_Fz6AolphXdh4AaABAg,@MiguelSanchez-br7xw,Falta amlo los ijos de amlo adan agusto iaus Migos presta nombres todos ellos faltan aue caygan,2026-04-23T23:05:46Z,0,Gobierno de Tampico,"Detienen a Fernando Farías, sobrino de exsecretario de Marina, en Argentina",Grupo Fórmula,2026-04-23T21:36:52Z,2026-05-04 07:48:41
_aofL4t3qtU,UgziAfgHtRd_3kPn-XJ4AaABAg,@Tinieblas1733,Pero como lo detienen?....si la 4T no detiene delincuentes..y aparte iría en contra del gobierno....bueno esos son los argumentos de la oposición,2026-04-23T23:03:57Z,0,Gobierno de Tampico,"Detienen a Fernando Farías, sobrino de exsecretario de Marina, en Argentina",Grupo Fórmula,2026-04-23T21:36:52Z,2026-05-04 07:48:41
_aofL4t3qtU,UgxcCM_A-ac_s9eyaiR4AaABAg,@armando5w1518,Deberían de darle la pena de muerte por traidor a la patria..,2026-04-23T23:03:41Z,1,Gobierno de Tampico,"Detienen a Fernando Farías, sobrino de exsecretario de Marina, en Argentina",Grupo Fórmula,2026-04-23T21:36:52Z,2026-05-04 07:48:41
_aofL4t3qtU,Ugz0dD-XBw-uK0xgQfN4AaABAg,@autoklassmx,Que P1nch3 vergüenza robar al país que juro defender. 🤮,2026-04-23T22:59:02Z,0,Gobierno de Tampico,"Detienen a Fernando Farías, sobrino de exsecretario de Marina, en Argentina",Grupo Fórmula,2026-04-23T21:36:52Z,2026-05-04 07:48:41
_aofL4t3qtU,UgywqCVuoLG24l_Djfh4AaABAg,@antoniomalacara9277,El mayor robo en la historia de México. De seguro le van a dar un curul.,2026-04-23T22:58:36Z,0,Gobierno de Tampico,"Detienen a Fernando Farías, sobrino de exsecretario de Marina, en Argentina",Grupo Fórmula,2026-04-23T21:36:52Z,2026-05-04 07:48:41
_aofL4t3qtU,UgwESqXi9bLA7jjVZz14AaABAg,@MasterKernel08,¿Y CUÁNDO CAPTURAN AL REY DEL HUACHICOL AMLOCO?,2026-04-23T22:54:05Z,0,Gobierno de Tampico,"Detienen a Fernando Farías, sobrino de exsecretario de Marina, en Argentina",Grupo Fórmula,2026-04-23T21:36:52Z,2026-05-04 07:48:41
_aofL4t3qtU,Ugw4diJtKB_QMfBXnRV4AaABAg,@tuliocardonabenavides9544,El kkks es el cabecilla,2026-04-23T22:53:13Z,0,Gobierno de Tampico,"Detienen a Fernando Farías, sobrino de exsecretario de Marina, en Argentina",Grupo Fórmula,2026-04-23T21:36:52Z,2026-05-04 07:48:41
_aofL4t3qtU,UgwGHUTRnyjUxcaJmxV4AaABAg,@MiguelVerduzco-mz2hm,Faltan los machuchones de palenque,2026-04-23T22:46:25Z,0,Gobierno de Tampico,"Detienen a Fernando Farías, sobrino de exsecretario de Marina, en Argentina",Grupo Fórmula,2026-04-23T21:36:52Z,2026-05-04 07:48:41
_aofL4t3qtU,Ugx_J3nZazr0QVmpZoR4AaABAg,@ER-xi8ig,Y faltan decenas de funcionarios públicos (léase burócratas) y decenas de empresarios coludidos con ellos!!!😡😡😡😡,2026-04-23T22:44:06Z,1,Gobierno de Tampico,"Detienen a Fernando Farías, sobrino de exsecretario de Marina, en Argentina",Grupo Fórmula,2026-04-23T21:36:52Z,2026-05-04 07:48:41
_aofL4t3qtU,UgwoB1-2iUq3h3zQial4AaABAg,@octavioruiz6495,"El pej gordo se llama kks,chiquidracula y cheimbau",2026-04-23T22:39:24Z,0,Gobierno de Tampico,"Detienen a Fernando Farías, sobrino de exsecretario de Marina, en Argentina",Grupo Fórmula,2026-04-23T21:36:52Z,2026-05-04 07:48:41
_aofL4t3qtU,UgyVTaZKV4R66qV7PEB4AaABAg,@AntonioZ-b7w,Mamen ensuciar la honorabilidad de una institución como la Marina y pa colmo de la escuela naval ya ni la chingan ganan bien y tienen todas las prestaciones habiadas y por haber ya ni la joden.. deberás,2026-04-23T22:36:54Z,1,Gobierno de Tampico,"Detienen a Fernando Farías, sobrino de exsecretario de Marina, en Argentina",Grupo Fórmula,2026-04-23T21:36:52Z,2026-05-04 07:48:41
_aofL4t3qtU,Ugwi2tp4jETM54AIBu94AaABAg,@adolfogonzalez7085,Lo va a matar Morena para no hablar ok,2026-04-23T22:36:08Z,0,Gobierno de Tampico,"Detienen a Fernando Farías, sobrino de exsecretario de Marina, en Argentina",Grupo Fórmula,2026-04-23T21:36:52Z,2026-05-04 07:48:41
_aofL4t3qtU,UgzIMEYW_LCNfpseaa54AaABAg,@jesusfierro5425,El día que lo traigan 😂😂😂😂el avión se detendrá un RATOTE para leerle la cartilla y se alinie,2026-04-23T22:36:07Z,0,Gobierno de Tampico,"Detienen a Fernando Farías, sobrino de exsecretario de Marina, en Argentina",Grupo Fórmula,2026-04-23T21:36:52Z,2026-05-04 07:48:41
_aofL4t3qtU,Ugxw2JPl9hc-8g2Bxyl4AaABAg,@jesusfierro5425,Haber sino se muere,2026-04-23T22:35:16Z,0,Gobierno de Tampico,"Detienen a Fernando Farías, sobrino de exsecretario de Marina, en Argentina",Grupo Fórmula,2026-04-23T21:36:52Z,2026-05-04 07:48:41
_aofL4t3qtU,UgznBVVYxh_i1mc6Qpl4AaABAg,@jesusfierro5425,"Lo agarraron PORQUE EUA les dijo, lo agarran o lo agarran😂😂😂,el burro no es huevo para ir a casa.",2026-04-23T22:34:58Z,2,Gobierno de Tampico,"Detienen a Fernando Farías, sobrino de exsecretario de Marina, en Argentina",Grupo Fórmula,2026-04-23T21:36:52Z,2026-05-04 07:48:41
_aofL4t3qtU,UgzhLAb3yosvKsToaOx4AaABAg,@lacajadelchocotorro7815,"Aquí hay de dos sopas, una Mexico corre por el y lo salvan y aquí no paso nada o EUA lo pide y valió verdura este we y se llevan entre las patas a MOrena",2026-04-23T22:34:15Z,1,Gobierno de Tampico,"Detienen a Fernando Farías, sobrino de exsecretario de Marina, en Argentina",Grupo Fórmula,2026-04-23T21:36:52Z,2026-05-04 07:48:41
_aofL4t3qtU,UgwfKhW9R07XpBR1dQJ4AaABAg,@martyjensen1483,"Jajajaj pez gordo, pura pantalla 😂😂",2026-04-23T22:32:32Z,0,Gobierno de Tampico,"Detienen a Fernando Farías, sobrino de exsecretario de Marina, en Argentina",Grupo Fórmula,2026-04-23T21:36:52Z,2026-05-04 07:48:41
_aofL4t3qtU,UgyKyAhyNfztTZRYwGh4AaABAg,@juanitoelzombie,No se preocupen. En Mexico ya le tienen lista su plaza en morena,2026-04-23T22:28:25Z,27,Gobierno de Tampico,"Detienen a Fernando Farías, sobrino de exsecretario de Marina, en Argentina",Grupo Fórmula,2026-04-23T21:36:52Z,2026-05-04 07:48:41
_aofL4t3qtU,UgwBkkZpLl5fej9LYVt4AaABAg,@JaimeRamirez-j9x,Y el kks y sus secuases cuando hurge,2026-04-23T22:26:03Z,0,Gobierno de Tampico,"Detienen a Fernando Farías, sobrino de exsecretario de Marina, en Argentina",Grupo Fórmula,2026-04-23T21:36:52Z,2026-05-04 07:48:41
_aofL4t3qtU,UgysNazPqn3JVPZFeuh4AaABAg,@arturocastillo4190,"No me digan! Cuando venga de regreso se va a detener en Chiapas o en Campeche a hablar con su jefe... perdón, a recargar combustible... jajajaja",2026-04-23T22:25:36Z,0,Gobierno de Tampico,"Detienen a Fernando Farías, sobrino de exsecretario de Marina, en Argentina",Grupo Fórmula,2026-04-23T21:36:52Z,2026-05-04 07:48:41
_aofL4t3qtU,UgzqwKy9ALPWTpS1bB54AaABAg,@JesusRosales-n1t,"Estas si son buenas noticias, a ver si empiezan a dejar de saquear a PEMEX, una verguenza y deshonra para una GRAN INSTITUCION.............................LA SEMAR.",2026-04-23T22:24:35Z,0,Gobierno de Tampico,"Detienen a Fernando Farías, sobrino de exsecretario de Marina, en Argentina",Grupo Fórmula,2026-04-23T21:36:52Z,2026-05-04 07:48:41
_aofL4t3qtU,UgxRi5O5ycrH5xiSy5N4AaABAg,@FatCk67,"Pues en este punto ya vale madre el huachicol, por que pues estan las pruebas de que el y sus asociados asesinaron por lo menos a 5 elementos que les estorbaban o los acusaron de los robos. Y tambien deberian de arresta a Ojeda por que fue el quien provoco esas muertes por su incompetencia y negligencia criminal.",2026-04-23T22:23:28Z,0,Gobierno de Tampico,"Detienen a Fernando Farías, sobrino de exsecretario de Marina, en Argentina",Grupo Fórmula,2026-04-23T21:36:52Z,2026-05-04 07:48:41
_aofL4t3qtU,UgxqxJWTOvQlbgZj3BR4AaABAg,@LOSTD34D,Y EL KAKAS Y SUS HIJOS CUANDO?????????????????,2026-04-23T22:22:55Z,2,Gobierno de Tampico,"Detienen a Fernando Farías, sobrino de exsecretario de Marina, en Argentina",Grupo Fórmula,2026-04-23T21:36:52Z,2026-05-04 07:48:41
_aofL4t3qtU,Ugz01Mba03VljGig0Gl4AaABAg,@MattDillon-nl6nt,SOLO ASI ARRESTAN A NOS NARCOS  EN OTROS PAISES   AQUI LA LAGARTIJA PARADA LOS CUIDA JEJE,2026-04-23T22:21:07Z,4,Gobierno de Tampico,"Detienen a Fernando Farías, sobrino de exsecretario de Marina, en Argentina",Grupo Fórmula,2026-04-23T21:36:52Z,2026-05-04 07:48:41
_aofL4t3qtU,UgypKMd2SgU8ide4tnV4AaABAg,@miriamrodriguez9157,"Será pez gordo?no lo manden a México, que se vaya directo a USA",2026-04-23T22:19:52Z,26,Gobierno de Tampico,"Detienen a Fernando Farías, sobrino de exsecretario de Marina, en Argentina",Grupo Fórmula,2026-04-23T21:36:52Z,2026-05-04 07:48:41
_aofL4t3qtU,UgzzTuwH3iZO-Nr8x-R4AaABAg,@Miyoutubeperfil,No se les olvide la cantidad señores! Se robaron 600 mil millones de pesos durante el sexenio de AMLO.<br>Recuerden esa cifra.,2026-04-23T22:18:44Z,0,Gobierno de Tampico,"Detienen a Fernando Farías, sobrino de exsecretario de Marina, en Argentina",Grupo Fórmula,2026-04-23T21:36:52Z,2026-05-04 07:48:41
_aofL4t3qtU,UgxRBxmzESYW-NZYbPV4AaABAg,@ivanflores2670,Los López 😊?,2026-04-23T22:17:31Z,1,Gobierno de Tampico,"Detienen a Fernando Farías, sobrino de exsecretario de Marina, en Argentina",Grupo Fórmula,2026-04-23T21:36:52Z,2026-05-04 07:48:41
_aofL4t3qtU,Ugwj7ppcrs_Hrp9mb354AaABAg,@DAIANAJISSELESPAÑAFRAGOSO,Que paguen todo lo que se robaron que regrese el dinero que se embolsó junto con sus familiares. Cárcel y que paguen por traición a la patria y por corrupción con influyentismo y organización criminal. Fuera MORENA y la mafia de la 4T.,2026-04-23T22:16:30Z,0,Gobierno de Tampico,"Detienen a Fernando Farías, sobrino de exsecretario de Marina, en Argentina",Grupo Fórmula,2026-04-23T21:36:52Z,2026-05-04 07:48:41
_aofL4t3qtU,Ugyjg1HcayBidFyEPhp4AaABAg,@ru73rol39,Yo pensé que Andy 😅,2026-04-23T22:15:48Z,24,Gobierno de Tampico,"Detienen a Fernando Farías, sobrino de exsecretario de Marina, en Argentina",Grupo Fórmula,2026-04-23T21:36:52Z,2026-05-04 07:48:41
_aofL4t3qtU,Ugz-macZUKkb8FfIdAh4AaABAg,@juliomontess,"JAjajaj ahora que está ardiendo el país, sacan este circo.",2026-04-23T22:14:30Z,2,Gobierno de Tampico,"Detienen a Fernando Farías, sobrino de exsecretario de Marina, en Argentina",Grupo Fórmula,2026-04-23T21:36:52Z,2026-05-04 07:48:41
_aofL4t3qtU,UgwMt7zc_PLkAzEZqSV4AaABAg,@karlosruiz3292,Llegando a México lo dejan libre 😂😂😂,2026-04-23T22:14:17Z,31,Gobierno de Tampico,"Detienen a Fernando Farías, sobrino de exsecretario de Marina, en Argentina",Grupo Fórmula,2026-04-23T21:36:52Z,2026-05-04 07:48:41
_aofL4t3qtU,UgwUswpuQI0xZiYezdZ4AaABAg,@TheGoodMan93,"Va a pasar a Palenque primero como Bermúdez Requena, morenos HDSRPTM.",2026-04-23T22:14:15Z,1,Gobierno de Tampico,"Detienen a Fernando Farías, sobrino de exsecretario de Marina, en Argentina",Grupo Fórmula,2026-04-23T21:36:52Z,2026-05-04 07:48:41
_aofL4t3qtU,UgwQsB-OiARhDgrBJCN4AaABAg,@chrissalazar8209,Es mas te apuesto 10 mil pesos a que morena se Va poner la medalla gracias an alas 4t hay soberania .. como paso con el abuelo la barredora,2026-04-23T22:13:37Z,7,Gobierno de Tampico,"Detienen a Fernando Farías, sobrino de exsecretario de Marina, en Argentina",Grupo Fórmula,2026-04-23T21:36:52Z,2026-05-04 07:48:41
_aofL4t3qtU,UgxRD3MRHjqsBg-0veV4AaABAg,@davidcastro2398,"HIPERraro que sale el escándalo de chihuahua y la señora de palacio y el batman ya localizaron a este huachicolero.<br><br>No mamen, ya no saben ni que decir y hacer",2026-04-23T22:13:11Z,1,Gobierno de Tampico,"Detienen a Fernando Farías, sobrino de exsecretario de Marina, en Argentina",Grupo Fórmula,2026-04-23T21:36:52Z,2026-05-04 07:48:41
_aofL4t3qtU,UgzuCcMp49QQSbLgSbd4AaABAg,@ACH673,"En Mexico el hijo de lopitos no va hacer tocado para nada , por eso la comanche de palacio nacional se va a encargar se librarlo de todo.<br>El dinero se la va a ch1ng4r la jefa de palacio asi es la dinámica del poder",2026-04-23T22:13:07Z,0,Gobierno de Tampico,"Detienen a Fernando Farías, sobrino de exsecretario de Marina, en Argentina",Grupo Fórmula,2026-04-23T21:36:52Z,2026-05-04 07:48:41
_aofL4t3qtU,UgwAtqNp-xSkwJxoL9J4AaABAg,@giorgiokings8275,"Al rato sale es de la banda de Amlo, sus hijos, Adán Augusto etc.",2026-04-23T22:12:36Z,1,Gobierno de Tampico,"Detienen a Fernando Farías, sobrino de exsecretario de Marina, en Argentina",Grupo Fórmula,2026-04-23T21:36:52Z,2026-05-04 07:48:41
_aofL4t3qtU,UgxCH4ij0QvcKPyG9vx4AaABAg,@angelosorio9425,De qué sirve que lo detenga si van a guardar la información por 5 años . dirán que es por seguridad nacional. Y vamos a quedar igual,2026-04-23T22:11:35Z,17,Gobierno de Tampico,"Detienen a Fernando Farías, sobrino de exsecretario de Marina, en Argentina",Grupo Fórmula,2026-04-23T21:36:52Z,2026-05-04 07:48:41
_aofL4t3qtU,UgxvIBwRkj0DE9uV0nF4AaABAg,@EstebanAmaro-sp3wq,"🐟 gordo cuando caiga Adán Augusto 🐀,  Andy López etc etc 😅😅",2026-04-23T22:08:05Z,0,Gobierno de Tampico,"Detienen a Fernando Farías, sobrino de exsecretario de Marina, en Argentina",Grupo Fórmula,2026-04-23T21:36:52Z,2026-05-04 07:48:41
_aofL4t3qtU,UgwtGvTHHjwpoWo3SWF4AaABAg,@JuanMuro-f7f,FALTAN LOS OPERANDI,2026-04-23T22:05:52Z,11,Gobierno de Tampico,"Detienen a Fernando Farías, sobrino de exsecretario de Marina, en Argentina",Grupo Fórmula,2026-04-23T21:36:52Z,2026-05-04 07:48:41
_aofL4t3qtU,UgwmCj8Z4qn9HHeVaVN4AaABAg,@roquegardea239,"LÓPEZ OBRADOR SIEMPRE ESTUVO DORMIDO, SIEMPRE ATANDOLE LAS MANOS A LAS AUTORIDADES.",2026-04-23T22:02:06Z,7,Gobierno de Tampico,"Detienen a Fernando Farías, sobrino de exsecretario de Marina, en Argentina",Grupo Fórmula,2026-04-23T21:36:52Z,2026-05-04 07:48:41
_aofL4t3qtU,UgyOdBqs-FDswddcHgV4AaABAg,@camiloa1663,"Y por narcotráfico, es increíble como entran todos a prisión y los narco políticos en total impunidad, Carlos Salinas de Gortari apechugó el que detuvieran a su hermano y el desprestigio de su apellido",2026-04-23T22:00:51Z,9,Gobierno de Tampico,"Detienen a Fernando Farías, sobrino de exsecretario de Marina, en Argentina",Grupo Fórmula,2026-04-23T21:36:52Z,2026-05-04 07:48:41
_aofL4t3qtU,Ugz0x3HRXDlPY6iETj54AaABAg,@hectoramparan1589,El contra 🐀 del bienestar...,2026-04-23T21:59:58Z,28,Gobierno de Tampico,"Detienen a Fernando Farías, sobrino de exsecretario de Marina, en Argentina",Grupo Fórmula,2026-04-23T21:36:52Z,2026-05-04 07:48:41
_aofL4t3qtU,Ugyttx9EiX4pGxRuz254AaABAg,@HilarioAlvarez-lu3py,Faltan los jefes de este güey,2026-04-23T21:57:56Z,62,Gobierno de Tampico,"Detienen a Fernando Farías, sobrino de exsecretario de Marina, en Argentina",Grupo Fórmula,2026-04-23T21:36:52Z,2026-05-04 07:48:41
_aofL4t3qtU,UgyoJRV_ZyQcdt9DF_Z4AaABAg,@luiselizalde3384,lo único que va a pasar es que va a regresar a México en vuelo privado y luego a su casa porque aquí no pasa nada.,2026-04-23T21:57:56Z,20,Gobierno de Tampico,"Detienen a Fernando Farías, sobrino de exsecretario de Marina, en Argentina",Grupo Fórmula,2026-04-23T21:36:52Z,2026-05-04 07:48:41
_aofL4t3qtU,Ugwb76flchZ6qpKr2qd4AaABAg,@julioanguitaparrado23,FALTAN MUCHOS.!!<br>A LOS QUE SE HAN DETENIDO SON RATAS DE MEDIO PELO.!!<br>FALTAN MUCHOS.!!,2026-04-23T21:55:33Z,0,Gobierno de Tampico,"Detienen a Fernando Farías, sobrino de exsecretario de Marina, en Argentina",Grupo Fórmula,2026-04-23T21:36:52Z,2026-05-04 07:48:41
_aofL4t3qtU,UgxROvhd7Mtn5I-G0ZN4AaABAg,@Kar_Linux_Debian,En México lo soltarán 😂,2026-04-23T21:53:47Z,11,Gobierno de Tampico,"Detienen a Fernando Farías, sobrino de exsecretario de Marina, en Argentina",Grupo Fórmula,2026-04-23T21:36:52Z,2026-05-04 07:48:41
_aofL4t3qtU,Ugx3ZCd4u6TWnhs8v5B4AaABAg,@LuisAntonioGonzálezGil666,"¿Por qué cree usted, que en un juzgado de Zacatecas, adelantándose, se ampararon los delincuentes López Beltrán, y entre otros en el mismo amparo, el nombre del delincuente ahora detenido en La Argentina? Exacto, ya habían previsto la detención del miserable guachicolero, nomás llegando al país la impunidad lo protegerá, como ahora protegen al compadre del miserable de Palenque, al delincuente Mollinedo, mientras el otro delincuentazo del Audomaro, prófugo...,",2026-04-23T21:50:22Z,17,Gobierno de Tampico,"Detienen a Fernando Farías, sobrino de exsecretario de Marina, en Argentina",Grupo Fórmula,2026-04-23T21:36:52Z,2026-05-04 07:48:41
_aofL4t3qtU,Ugz8hcs6rCLhCnpjslh4AaABAg,@diegomedina1174,Que los sacrifiquen,2026-04-23T21:50:21Z,0,Gobierno de Tampico,"Detienen a Fernando Farías, sobrino de exsecretario de Marina, en Argentina",Grupo Fórmula,2026-04-23T21:36:52Z,2026-05-04 07:48:41
_aofL4t3qtU,Ugyv8w_oqloRi1zSQwp4AaABAg,@javierplonedacuevas7934,Milei... 😂😂😂😂PA que aprenda la humanista científica,2026-04-23T21:49:50Z,35,Gobierno de Tampico,"Detienen a Fernando Farías, sobrino de exsecretario de Marina, en Argentina",Grupo Fórmula,2026-04-23T21:36:52Z,2026-05-04 07:48:41
rYRDFZCDNKk,UgxZBRdydU2iZKTccFp4AaABAg,@PazParamo-v7d1w,"Que vergüenza morenistas narcomorenistas , solo eso le enseñaron a marina y a las demas instituciones que antes eran respetados y creibles pero usuedes llegaron a corromper los, y toda via la gente confia en ustedes nompues dinque estamos jodidos!!!",2026-04-29T20:56:31Z,0,Gobierno de Tampico,¡Detienen a contraalmirante presuntamente por huachicol fiscal! Sheinbaum reacciona,Grupo Fórmula,2026-04-24T14:19:35Z,2026-05-04 07:48:41
rYRDFZCDNKk,UgyCQ8NE8raIf8y8G5d4AaABAg,@erickbustamante3163,"Que lo extraditen Pero para estados unidos y que convierta en el testigo protegido y que cante que cante el gallo y haber si ya se terminó la red de huachicol, los negocios jugosos tienen el visto bueno del líder supremo se decía no no no 😮😮😮😮",2026-04-29T04:09:54Z,1,Gobierno de Tampico,¡Detienen a contraalmirante presuntamente por huachicol fiscal! Sheinbaum reacciona,Grupo Fórmula,2026-04-24T14:19:35Z,2026-05-04 07:48:41
rYRDFZCDNKk,UgwTd88G4T3Ht5du6R94AaABAg,@453erd,cuando se va investigar a ojeda? cuando? cuando no des vueltas,2026-04-28T01:04:52Z,0,Gobierno de Tampico,¡Detienen a contraalmirante presuntamente por huachicol fiscal! Sheinbaum reacciona,Grupo Fórmula,2026-04-24T14:19:35Z,2026-05-04 07:48:41
rYRDFZCDNKk,UgyLOqPM8f3nKTFmu994AaABAg,@luisrangel4081,jaja judía mentirosa,2026-04-27T20:06:15Z,0,Gobierno de Tampico,¡Detienen a contraalmirante presuntamente por huachicol fiscal! Sheinbaum reacciona,Grupo Fórmula,2026-04-24T14:19:35Z,2026-05-04 07:48:41
rYRDFZCDNKk,Ugzkr2sZ1OYOVQDyIj54AaABAg,@humbertomirandaperez4495,que vengan a cd madero y vean como siguen robando y ahora usando la terminal maritima de pemex,2026-04-27T19:29:07Z,0,Gobierno de Tampico,¡Detienen a contraalmirante presuntamente por huachicol fiscal! Sheinbaum reacciona,Grupo Fórmula,2026-04-24T14:19:35Z,2026-05-04 07:48:41
rYRDFZCDNKk,UgzFvpQXuF5qVbiGlYF4AaABAg,@samirsierras4281,"Después de hablar mal de Milei, ahora a arrodillarse 😂",2026-04-27T13:28:43Z,0,Gobierno de Tampico,¡Detienen a contraalmirante presuntamente por huachicol fiscal! Sheinbaum reacciona,Grupo Fórmula,2026-04-24T14:19:35Z,2026-05-04 07:48:41
rYRDFZCDNKk,UgzvqD9hdw1ucR5urER4AaABAg,@samirsierras4281,Está señora 😂,2026-04-27T13:27:34Z,0,Gobierno de Tampico,¡Detienen a contraalmirante presuntamente por huachicol fiscal! Sheinbaum reacciona,Grupo Fórmula,2026-04-24T14:19:35Z,2026-05-04 07:48:41
rYRDFZCDNKk,UgwkXLEVozOcqiUUA9Z4AaABAg,@PedroBetancourt-r6t1g,Lo bueno k está detenido en otro país AKI ya lo hubiera dejado andar libre 😢,2026-04-27T11:48:48Z,0,Gobierno de Tampico,¡Detienen a contraalmirante presuntamente por huachicol fiscal! Sheinbaum reacciona,Grupo Fórmula,2026-04-24T14:19:35Z,2026-05-04 07:48:41
rYRDFZCDNKk,UgxdPAeV41P2MA-Vrm94AaABAg,@armandorosales5725,JAJA ES DOCTORA EN HACERSE PENDEJ8 JAJA YA SUPERA AL KAKAS LÓPEZ JAJA VERDAD JESUS JAJA,2026-04-27T06:28:52Z,0,Gobierno de Tampico,¡Detienen a contraalmirante presuntamente por huachicol fiscal! Sheinbaum reacciona,Grupo Fórmula,2026-04-24T14:19:35Z,2026-05-04 07:48:41
rYRDFZCDNKk,Ugwog2hsEUPKO0fqS554AaABAg,@JuankarlosOrtiz-p5e,Y los demás cómplice para cuando ?,2026-04-26T07:33:12Z,1,Gobierno de Tampico,¡Detienen a contraalmirante presuntamente por huachicol fiscal! Sheinbaum reacciona,Grupo Fórmula,2026-04-24T14:19:35Z,2026-05-04 07:48:41
rYRDFZCDNKk,UgzfHhPHEbmEoraYoih4AaABAg,@FernandoJuarez-yc1wl,Que fácil una red que ya no existe todo mundo sabe que existe y está impune porque la mayoría de implicados son políticos de morena,2026-04-26T04:36:31Z,0,Gobierno de Tampico,¡Detienen a contraalmirante presuntamente por huachicol fiscal! Sheinbaum reacciona,Grupo Fórmula,2026-04-24T14:19:35Z,2026-05-04 07:48:41
rYRDFZCDNKk,UgxHxdVzcg8zRVqwzNl4AaABAg,@FaustinoCoronel-r3s,Y donde están los que robaban no hay detenidos en Mexico,2026-04-26T02:28:16Z,1,Gobierno de Tampico,¡Detienen a contraalmirante presuntamente por huachicol fiscal! Sheinbaum reacciona,Grupo Fórmula,2026-04-24T14:19:35Z,2026-05-04 07:48:41
rYRDFZCDNKk,UgznTOtmmSb4HG41_BF4AaABAg,@contraluziridiscente421,"De esa red, solo faltan los meros jefes que están en diferentes áreas del poder...",2026-04-26T02:25:15Z,0,Gobierno de Tampico,¡Detienen a contraalmirante presuntamente por huachicol fiscal! Sheinbaum reacciona,Grupo Fórmula,2026-04-24T14:19:35Z,2026-05-04 07:48:41
rYRDFZCDNKk,UgzqO0VxhVQHIfln5JV4AaABAg,@JavierLopez-q5l,"Empresarios involucrados.. es de risa, el recibir una factura de 100 mil pesos de chicles no les servia, tenia que ser por combustible, esa factura fue emitida y avalada por el sat, pemex es el proveedor de combustibles y el sat &quot;no se da cuenta&quot; que se factura combustible fuera de pemex, en el sat hay amigos de andy con la anuencia del kks, el chiste se cuenta solo, pero solo los empresarios van a pagar el pato, si por aqui alguien sale que si se puede facturar combustible entonces yo tambien puedo facturar electricidad",2026-04-26T02:15:33Z,0,Gobierno de Tampico,¡Detienen a contraalmirante presuntamente por huachicol fiscal! Sheinbaum reacciona,Grupo Fórmula,2026-04-24T14:19:35Z,2026-05-04 07:48:41
rYRDFZCDNKk,Ugy7rlwahnSkCCO5Dzp4AaABAg,@CarlosAguilar-q9k4n,a esta señora no le creo nada,2026-04-26T01:35:31Z,1,Gobierno de Tampico,¡Detienen a contraalmirante presuntamente por huachicol fiscal! Sheinbaum reacciona,Grupo Fórmula,2026-04-24T14:19:35Z,2026-05-04 07:48:41
rYRDFZCDNKk,Ugxi5Z6PweXTJ25bBEF4AaABAg,@FelipeNeriAcosta,Morena bola de corruptos,2026-04-25T23:32:21Z,1,Gobierno de Tampico,¡Detienen a contraalmirante presuntamente por huachicol fiscal! Sheinbaum reacciona,Grupo Fórmula,2026-04-24T14:19:35Z,2026-05-04 07:48:41
rYRDFZCDNKk,Ugyz__47q6Dy6PKCUkN4AaABAg,@duranperez7877,Argentina no lo regresen porque aquí lo sueltan,2026-04-25T22:15:38Z,0,Gobierno de Tampico,¡Detienen a contraalmirante presuntamente por huachicol fiscal! Sheinbaum reacciona,Grupo Fórmula,2026-04-24T14:19:35Z,2026-05-04 07:48:41
rYRDFZCDNKk,UgyMHm8Q3RUth3Q1SJZ4AaABAg,@robertoramirez4764,Hágase tontera señora. Usted sabe quiénes son los responsables. Entre esos su viejito guango de macuaspana,2026-04-25T18:46:35Z,0,Gobierno de Tampico,¡Detienen a contraalmirante presuntamente por huachicol fiscal! Sheinbaum reacciona,Grupo Fórmula,2026-04-24T14:19:35Z,2026-05-04 07:48:41
rYRDFZCDNKk,UgwkLXgKJWaIYSmcS514AaABAg,@mariadelourdesmartinezorti2611,Sheimbaun se enteró en el debate presidencial porque ahí lo develó Xóchitl Gálvez !!!   Qué tal !!!,2026-04-25T16:06:34Z,0,Gobierno de Tampico,¡Detienen a contraalmirante presuntamente por huachicol fiscal! Sheinbaum reacciona,Grupo Fórmula,2026-04-24T14:19:35Z,2026-05-04 07:48:41
rYRDFZCDNKk,UgxiXC2PzyOkz2dmEi54AaABAg,@juanJimenez-zx3ut,jajajajajaj esta mentirosa dice que en mexico se destapo este caso ... jajajaja si no lo hubiera destapado USA tu lo seguirías tapando chacha,2026-04-25T16:04:41Z,0,Gobierno de Tampico,¡Detienen a contraalmirante presuntamente por huachicol fiscal! Sheinbaum reacciona,Grupo Fórmula,2026-04-24T14:19:35Z,2026-05-04 07:48:41
rYRDFZCDNKk,Ugy7Jt8pNyXyN8Frfdt4AaABAg,@tomascabreraruiz1130,"😂😂 COMO SE HACE PNDEJA , EXISTE Y VENDEN CHOCOLATE Y SE APELLIDAN LOPEZ",2026-04-25T15:30:01Z,1,Gobierno de Tampico,¡Detienen a contraalmirante presuntamente por huachicol fiscal! Sheinbaum reacciona,Grupo Fórmula,2026-04-24T14:19:35Z,2026-05-04 07:48:41
rYRDFZCDNKk,UgyqiWLZ8n5aHrzQXFJ4AaABAg,@MachoAlfa-c6h,Jajajajajaja que ya no existe? Y AMLO y sus hijos pues como esque ya no existe esa organización. Mejor baya hacer un concierto gratis en el zócalo para que le hagan buya y la gente pndja se le olvide el tema del huachicol jajajajajajajaja,2026-04-25T13:47:06Z,0,Gobierno de Tampico,¡Detienen a contraalmirante presuntamente por huachicol fiscal! Sheinbaum reacciona,Grupo Fórmula,2026-04-24T14:19:35Z,2026-05-04 07:48:41
rYRDFZCDNKk,UgxiosHv-zWl8ZbdC394AaABAg,@azucenacruzaldana6942,Con las mañaneras quedan grabadas sus menriras... bien por las mañaneras,2026-04-25T12:57:17Z,0,Gobierno de Tampico,¡Detienen a contraalmirante presuntamente por huachicol fiscal! Sheinbaum reacciona,Grupo Fórmula,2026-04-24T14:19:35Z,2026-05-04 07:48:41
rYRDFZCDNKk,Ugwu9ObYZ587Ie6wk_J4AaABAg,@azucenacruzaldana6942,Yo por eso no veo las mañaneras...puras mentiras,2026-04-25T12:56:27Z,6,Gobierno de Tampico,¡Detienen a contraalmirante presuntamente por huachicol fiscal! Sheinbaum reacciona,Grupo Fórmula,2026-04-24T14:19:35Z,2026-05-04 07:48:41
rYRDFZCDNKk,UgwzldeASwLD_wcSCgh4AaABAg,@yotaroukauka,"Facilitador de contrabando en las aduanas, es un oficio ilegal muy tradicional de aduanas, pero ponen nombre de &quot;huachicol fiscal&quot; para que parescan un nuevo delito.",2026-04-25T11:47:09Z,2,Gobierno de Tampico,¡Detienen a contraalmirante presuntamente por huachicol fiscal! Sheinbaum reacciona,Grupo Fórmula,2026-04-24T14:19:35Z,2026-05-04 07:48:41
rYRDFZCDNKk,UgxIh_v8zC-OsG5pKL14AaABAg,@MagdalenoGómezLópez,Abría que aserle muchas preguntas al gobierno anterior  y usted lo sabe,2026-04-25T10:34:38Z,2,Gobierno de Tampico,¡Detienen a contraalmirante presuntamente por huachicol fiscal! Sheinbaum reacciona,Grupo Fórmula,2026-04-24T14:19:35Z,2026-05-04 07:48:41
rYRDFZCDNKk,UgxkNpnBqdyeV6YlO4d4AaABAg,@SaulMarmolejo-jc1su,Cínica la señora soberana,2026-04-25T02:21:52Z,3,Gobierno de Tampico,¡Detienen a contraalmirante presuntamente por huachicol fiscal! Sheinbaum reacciona,Grupo Fórmula,2026-04-24T14:19:35Z,2026-05-04 07:48:41
rYRDFZCDNKk,Ugz1ArWvmH7R8a102jR4AaABAg,@JuanManuelSolisHernandez,"Traerlo para que no hable, cínica",2026-04-25T00:28:38Z,9,Gobierno de Tampico,¡Detienen a contraalmirante presuntamente por huachicol fiscal! Sheinbaum reacciona,Grupo Fórmula,2026-04-24T14:19:35Z,2026-05-04 07:48:41
rYRDFZCDNKk,UgzJgwzVOSTaG52aZph4AaABAg,@miguelangelorozco5462,Y que pasa con el tío protegido? Una SINVERGUENZA la pseudo Presidenta,2026-04-24T22:42:45Z,0,Gobierno de Tampico,¡Detienen a contraalmirante presuntamente por huachicol fiscal! Sheinbaum reacciona,Grupo Fórmula,2026-04-24T14:19:35Z,2026-05-04 07:48:41
rYRDFZCDNKk,UgzGpBX4tVfJSUxU8yd4AaABAg,@luisalvz46,Todavia siguen  wachicoleando desde USA Y DICEN Q YA ES COSA DEL PADADO,2026-04-24T21:54:16Z,3,Gobierno de Tampico,¡Detienen a contraalmirante presuntamente por huachicol fiscal! Sheinbaum reacciona,Grupo Fórmula,2026-04-24T14:19:35Z,2026-05-04 07:48:41
rYRDFZCDNKk,UgwLydoSErhDjNPrHfV4AaABAg,@sabato213,"Que lo diga!!!, el sobrino del  ex almirante rafael ojeda!!!!",2026-04-24T21:52:13Z,4,Gobierno de Tampico,¡Detienen a contraalmirante presuntamente por huachicol fiscal! Sheinbaum reacciona,Grupo Fórmula,2026-04-24T14:19:35Z,2026-05-04 07:48:41
rYRDFZCDNKk,Ugz47P3OXth_gRIKSA14AaABAg,@mishaillich9728,"Absurdo todo lo que dice!. El gobierno federal de antes y de hoy, sabian muy bien de todo este negocio ilícito, están o estaban no saben todo pero si que lo componían mucha gente de la marina, funcionarios del gobierno federal y otros, porque las aduanas estaban a cargo de los marinos, esa jugada la ideo, organizo el sr. O., que no diga morena que no sabian, hoy no se sonrojan, lo tratan como algo menor, 600 mil millones de pesos, pero si se rasgan las vestiduras con el asunto de los agentes americanos en Chihuahua, que la soberanía nacional, señores estan o estaban robando a las arcas del pais, que no es esto soberanía?. El gobierno federal ni se inmuta ante tal atropello!",2026-04-24T21:36:21Z,2,Gobierno de Tampico,¡Detienen a contraalmirante presuntamente por huachicol fiscal! Sheinbaum reacciona,Grupo Fórmula,2026-04-24T14:19:35Z,2026-05-04 07:48:41
rYRDFZCDNKk,UgynIZX65ZFSFrWtSyB4AaABAg,@ER-xi8ig,Y todos los funcionarios públicos coludidos con el huachicol ❓❓❓❓ ya déjate de tanto blablabla 🤡 ESPURIA!!!,2026-04-24T19:54:58Z,2,Gobierno de Tampico,¡Detienen a contraalmirante presuntamente por huachicol fiscal! Sheinbaum reacciona,Grupo Fórmula,2026-04-24T14:19:35Z,2026-05-04 07:48:41
rYRDFZCDNKk,UgywVerkOPYehGYvmXJ4AaABAg,@Ange-i6h,"Ya mando eliminar a sus compinches a sus socios, LOS LOPEZ, LOS ADANES, de verdad que infeliz es esta tipa, NARCO PRESIDENTA¡¡¡¡¡",2026-04-24T19:44:34Z,0,Gobierno de Tampico,¡Detienen a contraalmirante presuntamente por huachicol fiscal! Sheinbaum reacciona,Grupo Fórmula,2026-04-24T14:19:35Z,2026-05-04 07:48:41
rYRDFZCDNKk,Ugw7cf8wn8zYeia57-94AaABAg,@Roberto-w5n7j,Fuera morena fuera la judía socialista fuera,2026-04-24T19:40:51Z,0,Gobierno de Tampico,¡Detienen a contraalmirante presuntamente por huachicol fiscal! Sheinbaum reacciona,Grupo Fórmula,2026-04-24T14:19:35Z,2026-05-04 07:48:41
rYRDFZCDNKk,UgwmD6VoX_H35jqmrtx4AaABAg,@EdmundoM.G.,"Ahí si ya no existe cuando les afecta, pero como chingan con el pasado de Calderón que ya no existe",2026-04-24T18:47:40Z,7,Gobierno de Tampico,¡Detienen a contraalmirante presuntamente por huachicol fiscal! Sheinbaum reacciona,Grupo Fórmula,2026-04-24T14:19:35Z,2026-05-04 07:48:41
rYRDFZCDNKk,UgxLg2ofnJxKysxRs1J4AaABAg,@aldoq.8544,😂😂😂😂😂 la burla del bienestar,2026-04-24T18:38:46Z,12,Gobierno de Tampico,¡Detienen a contraalmirante presuntamente por huachicol fiscal! Sheinbaum reacciona,Grupo Fórmula,2026-04-24T14:19:35Z,2026-05-04 07:48:41
rYRDFZCDNKk,UgxuiAtrYnVxmYkcLd94AaABAg,@JoséFranco-w3e,Y que pasó con el caso de Silvano Aureoles y Cabeza de Vaca ?,2026-04-24T18:22:12Z,3,Gobierno de Tampico,¡Detienen a contraalmirante presuntamente por huachicol fiscal! Sheinbaum reacciona,Grupo Fórmula,2026-04-24T14:19:35Z,2026-05-04 07:48:41
rYRDFZCDNKk,UgyJxJli23JysYnyfWN4AaABAg,@EduardoFigueroa-b1k,Puro ratero,2026-04-24T17:05:12Z,0,Gobierno de Tampico,¡Detienen a contraalmirante presuntamente por huachicol fiscal! Sheinbaum reacciona,Grupo Fórmula,2026-04-24T14:19:35Z,2026-05-04 07:48:41
rYRDFZCDNKk,UgwFMhNZ1HhvVgANP494AaABAg,@EduardoFigueroa-b1k,Porque le tienen miedo los que están ahi,2026-04-24T17:03:25Z,2,Gobierno de Tampico,¡Detienen a contraalmirante presuntamente por huachicol fiscal! Sheinbaum reacciona,Grupo Fórmula,2026-04-24T14:19:35Z,2026-05-04 07:48:41
rYRDFZCDNKk,UgzWzuxqdVQJOiG4SGt4AaABAg,@javierplonedacuevas7934,"Científica en ayunas, sin neuronas",2026-04-24T15:47:35Z,0,Gobierno de Tampico,¡Detienen a contraalmirante presuntamente por huachicol fiscal! Sheinbaum reacciona,Grupo Fórmula,2026-04-24T14:19:35Z,2026-05-04 07:48:41
rYRDFZCDNKk,Ugykdb1g3KbiU08apTl4AaABAg,@Kontrainformate,<b>cártel Huachicoolero del Bienestar</b> 💩👏🏻👏🏻,2026-04-24T15:15:30Z,18,Gobierno de Tampico,¡Detienen a contraalmirante presuntamente por huachicol fiscal! Sheinbaum reacciona,Grupo Fórmula,2026-04-24T14:19:35Z,2026-05-04 07:48:41
rYRDFZCDNKk,UgyrO-NoksZ7BLOi0zp4AaABAg,@Kontrainformate,"jarfuch ni cuenta se daba... como cuando era gato de genaro Luna y no vio, ni escuchó, ni sospechó nada  🐽🤤",2026-04-24T15:13:46Z,3,Gobierno de Tampico,¡Detienen a contraalmirante presuntamente por huachicol fiscal! Sheinbaum reacciona,Grupo Fórmula,2026-04-24T14:19:35Z,2026-05-04 07:48:41
rYRDFZCDNKk,UgyA8kmY1ao6g6rqqyd4AaABAg,@AlbertoGarcíaDíaz-c2k,Y los cabecillas de huachicol? Protegidos por la 4t.,2026-04-24T15:12:56Z,10,Gobierno de Tampico,¡Detienen a contraalmirante presuntamente por huachicol fiscal! Sheinbaum reacciona,Grupo Fórmula,2026-04-24T14:19:35Z,2026-05-04 07:48:41
rYRDFZCDNKk,Ugz0hGiBrwRdXboZcTB4AaABAg,@JoaquinMarin-u4b,"YA NO EXISTE , ANDY Y SUS AMIGOS YA TIENEN OTROS NEGOCIOS MAS JUGOSOS 😅9😅",2026-04-24T15:04:07Z,22,Gobierno de Tampico,¡Detienen a contraalmirante presuntamente por huachicol fiscal! Sheinbaum reacciona,Grupo Fórmula,2026-04-24T14:19:35Z,2026-05-04 07:48:41
rYRDFZCDNKk,UgzC899l5RQOJTZFNoF4AaABAg,@blancavaldepena5225,"PRESIDENTA SHEINBAUM..SI USTED DIJO QUE ES AÑO DÉ LAS. MUJERES,  PORQUE NO LE INTERESA (LA TRATA DE BLANCAS QUE TODO   MUNDO NOS ENTERAMOS) COMO ES POSIBLE QUE HAGA OIDOS SORDOS À LO QUE SUCEDE EN ÉL EDIFICIO 829 DONDE ASESINARON À UNA JOVEN.. y HAY UN SUJETO QUE RECLUTA JOVENCITAS Y EN UN VIDEO SE VE ÉL TOQUETEANDO À UNA DÉ ELLAS.<br>COMO ME GUSTARIA QUE DHI VINIERA À MÉXICO.",2026-04-24T14:46:17Z,10,Gobierno de Tampico,¡Detienen a contraalmirante presuntamente por huachicol fiscal! Sheinbaum reacciona,Grupo Fórmula,2026-04-24T14:19:35Z,2026-05-04 07:48:41
rYRDFZCDNKk,Ugzljb6ie-9tU3Bkrop4AaABAg,@rosaliaramirez7796,Habla con FLOJERA 😮,2026-04-24T14:42:35Z,8,Gobierno de Tampico,¡Detienen a contraalmirante presuntamente por huachicol fiscal! Sheinbaum reacciona,Grupo Fórmula,2026-04-24T14:19:35Z,2026-05-04 07:48:41
rYRDFZCDNKk,Ugyic5hH_7S5HY1_j6d4AaABAg,@adriansoto8409,"Traiganlo y que pague, lo que tiene su familia como este traidor a la patria quitenle todos sus bienes, son ilicitos y carcel por traidor a la patria!",2026-04-24T14:36:43Z,11,Gobierno de Tampico,¡Detienen a contraalmirante presuntamente por huachicol fiscal! Sheinbaum reacciona,Grupo Fórmula,2026-04-24T14:19:35Z,2026-05-04 07:48:41
rYRDFZCDNKk,UgxvYzbLdfQT1JtWkQh4AaABAg,@chrissalazar8209,Maromas del bienestar haran lo mismo que el abuelo solo es culpa de el de Los demas no,2026-04-24T14:33:08Z,18,Gobierno de Tampico,¡Detienen a contraalmirante presuntamente por huachicol fiscal! Sheinbaum reacciona,Grupo Fórmula,2026-04-24T14:19:35Z,2026-05-04 07:48:41
rYRDFZCDNKk,UgxM5fIjNvsMlPY-N1x4AaABAg,@ROMANESTRADA-i8f,Apoco nadie se daba cuenta de eso,2026-04-24T14:26:05Z,24,Gobierno de Tampico,¡Detienen a contraalmirante presuntamente por huachicol fiscal! Sheinbaum reacciona,Grupo Fórmula,2026-04-24T14:19:35Z,2026-05-04 07:48:41
rYRDFZCDNKk,Ugz33MFPRSXjFOST17x4AaABAg,@raymundomontes1202,En sus sueños...,2026-04-24T14:24:28Z,16,Gobierno de Tampico,¡Detienen a contraalmirante presuntamente por huachicol fiscal! Sheinbaum reacciona,Grupo Fórmula,2026-04-24T14:19:35Z,2026-05-04 07:48:41
vlFRSnmSbLU,UgzvGuXou9uKtaNnOHl4AaABAg,@mishaillich9728,"Este si es vende patria, no como la gobernadora!. El gobierno federal de antes y de hoy, sabian muy bien de todo este negocio ilícito, están o estaban no saben todo pero si que lo componían mucha gente de la marina, funcionarios del gobierno federal y otros, porque las aduanas estaban a cargo de los marinos, esa jugada la ideo, organizo el sr. O., que no diga morena que no sabian, hoy no se sonrojan, lo tratan como algo menor, 600 mil millones de pesos, pero si se rasgan las vestiduras con el asunto de los agentes americanos en Chihuahua, que la soberanía nacional, señores estan o estaban robando a las arcas del pais, que no es esto soberanía?. El gobierno federal ni se inmuta ante tal atropello!",2026-04-24T21:41:38Z,0,Gobierno de Tampico,Detienen en Argentina a Fernando Farías; Trump descarta arma nuclear contra Irán | Resumen,Aristegui Noticias,2026-04-24T14:01:27Z,2026-05-04 07:48:41
vlFRSnmSbLU,UgyMejVgs4BQMf8vLGF4AaABAg,@Kantshinx,JAJA LOS QUE SE LA PASAN BIOLANDO LA CONSTITUCION NUESTRAS GARANTIAS LA SEGURIDAD ETC ETC PUES YA ENCARCELEN A TODO M0R3NA.,2026-04-24T20:18:03Z,0,Gobierno de Tampico,Detienen en Argentina a Fernando Farías; Trump descarta arma nuclear contra Irán | Resumen,Aristegui Noticias,2026-04-24T14:01:27Z,2026-05-04 07:48:41
vlFRSnmSbLU,UgyWyr_yf_zG78jGEfV4AaABAg,@marthaalicia4506,"La gobernadora vendepatrias, juro cuando tomo el cargo , respetar y hacer respetar la Constitución, juicio político para estos vendepatrias",2026-04-24T20:14:42Z,1,Gobierno de Tampico,Detienen en Argentina a Fernando Farías; Trump descarta arma nuclear contra Irán | Resumen,Aristegui Noticias,2026-04-24T14:01:27Z,2026-05-04 07:48:41
vlFRSnmSbLU,Ugzvte37amn5mE4qEXZ4AaABAg,@Victormanuelarellanoramirez,"Y es lo que deben ASER todos los estados romper el disque pacto federal,ya que el centro no sirve para nada solo para coludirse y robar todos dejemos este narco pacto",2026-04-24T18:50:56Z,0,Gobierno de Tampico,Detienen en Argentina a Fernando Farías; Trump descarta arma nuclear contra Irán | Resumen,Aristegui Noticias,2026-04-24T14:01:27Z,2026-05-04 07:48:41
vlFRSnmSbLU,Ugy6mKCHw50aGWnXkvB4AaABAg,@Alejandro-s4q9g,"Ok Corazón no es un reto a tu Gobierno blandengue empero ¿A qué hora piensas ejecutar las consecuencias de violar la ley de soberanía del país o esperamos a que nos den permiso desde el extranjero?. Porque la Patria no es consultorio de excusas y el Código Penal no se hizo para calentar bancas. México ya ha enfrentado grandes potencias y no fue con tibieza. Así que no te me hagas la mona de los cerillos ni te comportes como pelele. El artículo 123 del Código Penal Federal tiene 40 años de cárcel escritos. Si no es ahora, ¿cuándo? Si no eres tú, ¿quién? Ponte las pilas. La cobardía también se factura, y la historia no da recibos.",2026-04-24T18:00:34Z,0,Gobierno de Tampico,Detienen en Argentina a Fernando Farías; Trump descarta arma nuclear contra Irán | Resumen,Aristegui Noticias,2026-04-24T14:01:27Z,2026-05-04 07:48:41
vlFRSnmSbLU,UgxkHr2zcdns8ejTE_R4AaABAg,@kks-y9g,"VIOLACION ES SER NARCO!!! VERDAD HARTFUCH, CLAU, LOPEZ ETC ETC",2026-04-24T17:17:53Z,1,Gobierno de Tampico,Detienen en Argentina a Fernando Farías; Trump descarta arma nuclear contra Irán | Resumen,Aristegui Noticias,2026-04-24T14:01:27Z,2026-05-04 07:48:41
vlFRSnmSbLU,UgwtrNdeETkvO2V0Lnt4AaABAg,@marmm3353,Y QUE HACE LA 🐈‍⬛ Y LOS NARCOPOLITICOS TODOS LOS DíAS VIOLANDO LA LEY TODOS LOS DÍAS LA BURRA HABLANDO DE OREJAS,2026-04-24T17:16:31Z,0,Gobierno de Tampico,Detienen en Argentina a Fernando Farías; Trump descarta arma nuclear contra Irán | Resumen,Aristegui Noticias,2026-04-24T14:01:27Z,2026-05-04 07:48:41
vlFRSnmSbLU,UgyCKRFV1zCqpl2-sAp4AaABAg,@Kontrainformate,"<b>si el ejército no lo sabía, entonces no tienen control de nada</b>  😂😂",2026-04-24T17:02:10Z,0,Gobierno de Tampico,Detienen en Argentina a Fernando Farías; Trump descarta arma nuclear contra Irán | Resumen,Aristegui Noticias,2026-04-24T14:01:27Z,2026-05-04 07:48:41
vlFRSnmSbLU,UgyBBCFiGFBqwhe0g954AaABAg,@yuridiaacevedo585,POR MI QUE ENTRE. LOS DEL NORTE !!,2026-04-24T16:33:55Z,1,Gobierno de Tampico,Detienen en Argentina a Fernando Farías; Trump descarta arma nuclear contra Irán | Resumen,Aristegui Noticias,2026-04-24T14:01:27Z,2026-05-04 07:48:41
vlFRSnmSbLU,UgyYY2JChdwWyDzD9NF4AaABAg,@RegionNorte-t6f,Y los involucrados del gobierno (Andy)<br>...entre estos últimos,2026-04-24T16:33:01Z,1,Gobierno de Tampico,Detienen en Argentina a Fernando Farías; Trump descarta arma nuclear contra Irán | Resumen,Aristegui Noticias,2026-04-24T14:01:27Z,2026-05-04 07:48:41
vlFRSnmSbLU,UgzWnNqRr0Iy7OavOAt4AaABAg,@claudiafliegen.3910,"Arrojó un buen resultado, ¡bravo por la gobernadora de Chihuahua! ¡¡¡ Habemus buen gobierno!!!",2026-04-24T16:28:32Z,1,Gobierno de Tampico,Detienen en Argentina a Fernando Farías; Trump descarta arma nuclear contra Irán | Resumen,Aristegui Noticias,2026-04-24T14:01:27Z,2026-05-04 07:48:41
vlFRSnmSbLU,UgzIEbSbyxKEE1mj8z54AaABAg,@blancadeltororuiz5872,Nombre de ahí se quieren agarrar. Oportunistas,2026-04-24T16:23:17Z,0,Gobierno de Tampico,Detienen en Argentina a Fernando Farías; Trump descarta arma nuclear contra Irán | Resumen,Aristegui Noticias,2026-04-24T14:01:27Z,2026-05-04 07:48:41
vlFRSnmSbLU,UgzKSlr1yk-bt0ljTg14AaABAg,@priestdarknes,"Eres un cero a la izquierda Claudia,ni tus gatos favoritos te hacen caso...",2026-04-24T15:36:30Z,0,Gobierno de Tampico,Detienen en Argentina a Fernando Farías; Trump descarta arma nuclear contra Irán | Resumen,Aristegui Noticias,2026-04-24T14:01:27Z,2026-05-04 07:48:41
vlFRSnmSbLU,UgwHEl_PFCZT2PQ-bQJ4AaABAg,@joseluisayala1962,EL BATMAN DE IZTAPALAPA TAMBIEN ES UN CORRUPTO EL NIETO DE UNO DE LOS ASESINOS DEL 68 QUIEN ES EL BATMAN PUES EL MOLE EL ROBOCOP,2026-04-24T15:31:37Z,0,Gobierno de Tampico,Detienen en Argentina a Fernando Farías; Trump descarta arma nuclear contra Irán | Resumen,Aristegui Noticias,2026-04-24T14:01:27Z,2026-05-04 07:48:41
vlFRSnmSbLU,UgyHZwRV5Ol0-7b6lId4AaABAg,@joseluisayala1962,NO ES PRESIDENTA ES NARCOPRESIRVIENTA,2026-04-24T15:28:59Z,1,Gobierno de Tampico,Detienen en Argentina a Fernando Farías; Trump descarta arma nuclear contra Irán | Resumen,Aristegui Noticias,2026-04-24T14:01:27Z,2026-05-04 07:48:41
vlFRSnmSbLU,Ugyi0snh-jeJRt4IWnZ4AaABAg,@gustavohernandezbustos947,"Que poca madre de la &quot;servi-denta&quot; ... ELLA ES LA RESPONSABLE DE LO QUE PASA EN ESTE &quot;PAIS QUE VA EN CAIDA LIBRE&quot; ... AHIRA SI PIDE EXPLICACIONES A LA GOBERNADORA DE CHIHUAHUA ... Y PORQUE NO HA DEJADO A LA &quot;NEFASTA FAMILIA lópez beltran&quot;, a adan augusto, a Monreal, a Noroña, a richa, A TODOS LOS NARCO POLÍTICOS DE morena, que den explicaciones ... ella como si fuera una juez, los exonera de facto",2026-04-24T15:25:36Z,0,Gobierno de Tampico,Detienen en Argentina a Fernando Farías; Trump descarta arma nuclear contra Irán | Resumen,Aristegui Noticias,2026-04-24T14:01:27Z,2026-05-04 07:48:41
vlFRSnmSbLU,Ugz7UuL_VjIVqbj_6cB4AaABAg,@leticiaruiz6253,Claro porque quieren que entre la Andrea,2026-04-24T15:07:12Z,0,Gobierno de Tampico,Detienen en Argentina a Fernando Farías; Trump descarta arma nuclear contra Irán | Resumen,Aristegui Noticias,2026-04-24T14:01:27Z,2026-05-04 07:48:41
vlFRSnmSbLU,UgyVNBHKgjpUQZNGRrl4AaABAg,@leticiaruiz6253,"Porque para la gobernadora si es violación, y para Ebrard no hay violación",2026-04-24T15:06:24Z,1,Gobierno de Tampico,Detienen en Argentina a Fernando Farías; Trump descarta arma nuclear contra Irán | Resumen,Aristegui Noticias,2026-04-24T14:01:27Z,2026-05-04 07:48:41
vlFRSnmSbLU,UgxeJCZ18Z-nb7PMKGt4AaABAg,@auroralacunzadelacruz3529,"México es una República Federal, por eso cada estado se denominan Estado Libre y Soberano de CHihuahua, por ejemplo.",2026-04-24T14:49:22Z,0,Gobierno de Tampico,Detienen en Argentina a Fernando Farías; Trump descarta arma nuclear contra Irán | Resumen,Aristegui Noticias,2026-04-24T14:01:27Z,2026-05-04 07:48:41
vlFRSnmSbLU,Ugw-_3Z1jiZKE5DehiF4AaABAg,@ROMANESTRADA-i8f,Pelos de Elote esta desquiciado un dia dice una cosa y el otro día dice lo contrario,2026-04-24T14:37:30Z,1,Gobierno de Tampico,Detienen en Argentina a Fernando Farías; Trump descarta arma nuclear contra Irán | Resumen,Aristegui Noticias,2026-04-24T14:01:27Z,2026-05-04 07:48:41
vlFRSnmSbLU,UgzvWqKfk-FcwR4mtFh4AaABAg,@FelipeVasquezCruz,Porque minimiza lo hecho por la gobernadora traidora ala patria deve de ser jusgada por este hecho,2026-04-24T14:37:20Z,1,Gobierno de Tampico,Detienen en Argentina a Fernando Farías; Trump descarta arma nuclear contra Irán | Resumen,Aristegui Noticias,2026-04-24T14:01:27Z,2026-05-04 07:48:41
vlFRSnmSbLU,Ugy_pkOOR6VT434Z1Pl4AaABAg,@dzamora7871,"Esto ha de ser la punta del iceberg,  huachicoleros al fin!",2026-04-24T14:36:44Z,1,Gobierno de Tampico,Detienen en Argentina a Fernando Farías; Trump descarta arma nuclear contra Irán | Resumen,Aristegui Noticias,2026-04-24T14:01:27Z,2026-05-04 07:48:41
vlFRSnmSbLU,Ugxce7m8syL50Seo_cF4AaABAg,@jorgesilver3694,Excelente,2026-04-24T14:33:45Z,0,Gobierno de Tampico,Detienen en Argentina a Fernando Farías; Trump descarta arma nuclear contra Irán | Resumen,Aristegui Noticias,2026-04-24T14:01:27Z,2026-05-04 07:48:41
vlFRSnmSbLU,Ugxu6ynHs7di_799KVR4AaABAg,@linoblanco-ex7gs,buenas mañanas nos informamos desde Venezuela los felicito por el buen trabajo que realizan y saludos a la presidenta de mejor gobierno que realiza y también la felicito,2026-04-24T14:29:40Z,1,Gobierno de Tampico,Detienen en Argentina a Fernando Farías; Trump descarta arma nuclear contra Irán | Resumen,Aristegui Noticias,2026-04-24T14:01:27Z,2026-05-04 07:48:41
vlFRSnmSbLU,UgwadL5FKF7GIl9NBul4AaABAg,@xochitllarranaga6495,Buenos días Carmen 😘,2026-04-24T14:26:07Z,0,Gobierno de Tampico,Detienen en Argentina a Fernando Farías; Trump descarta arma nuclear contra Irán | Resumen,Aristegui Noticias,2026-04-24T14:01:27Z,2026-05-04 07:48:41
vlFRSnmSbLU,UgzhDA5udgSLehGRJxt4AaABAg,@leticiajimenez4482,Así como ella la presidenta tiene q dar explicación de los secuestros falta ddivamenyos etc,2026-04-24T14:24:55Z,2,Gobierno de Tampico,Detienen en Argentina a Fernando Farías; Trump descarta arma nuclear contra Irán | Resumen,Aristegui Noticias,2026-04-24T14:01:27Z,2026-05-04 07:48:41
vlFRSnmSbLU,UgyuYVZADmtAdbdvhPZ4AaABAg,@leticiajimenez4482,Y como el gobierno de Chihuahua es de la oposición se le están hechsmdo enzima los de la 4T empezando x la presidenta,2026-04-24T14:23:03Z,1,Gobierno de Tampico,Detienen en Argentina a Fernando Farías; Trump descarta arma nuclear contra Irán | Resumen,Aristegui Noticias,2026-04-24T14:01:27Z,2026-05-04 07:48:41
vlFRSnmSbLU,Ugw3N_h7uqPzeCrz2r54AaABAg,@leticiajimenez4482,Que sigan con los demás involucrados,2026-04-24T14:20:46Z,4,Gobierno de Tampico,Detienen en Argentina a Fernando Farías; Trump descarta arma nuclear contra Irán | Resumen,Aristegui Noticias,2026-04-24T14:01:27Z,2026-05-04 07:48:41
vlFRSnmSbLU,UgyrAuGXvyRCigj8FMR4AaABAg,@leticiajimenez4482,Vaya hasta que empiezan a detener a un delincuente asociado a los de la 4T,2026-04-24T14:19:56Z,5,Gobierno de Tampico,Detienen en Argentina a Fernando Farías; Trump descarta arma nuclear contra Irán | Resumen,Aristegui Noticias,2026-04-24T14:01:27Z,2026-05-04 07:48:41
vlFRSnmSbLU,Ugy808upINBRYr_0-wF4AaABAg,@andreschavezjimenez833,Qué bueno que ya están cayendo todos los rateros y vende patrias <br><br>¿ Lopez Obrador para cuándo ?,2026-04-24T14:10:43Z,9,Gobierno de Tampico,Detienen en Argentina a Fernando Farías; Trump descarta arma nuclear contra Irán | Resumen,Aristegui Noticias,2026-04-24T14:01:27Z,2026-05-04 07:48:41
vlFRSnmSbLU,UgxUt6iYfw59ya7MZER4AaABAg,@gabrielapuentedeffour7098,Puros choros Maraeadores! Si este no es el único implicado imposible mover tanto huachicol solo unos cuantos ! No! Para nada hay más de 500 empresas que vivían de esto el. Y solo un puñado de personas más lo hacían ajá !!!!🤦‍♀️,2026-04-24T14:06:54Z,3,Gobierno de Tampico,Detienen en Argentina a Fernando Farías; Trump descarta arma nuclear contra Irán | Resumen,Aristegui Noticias,2026-04-24T14:01:27Z,2026-05-04 07:48:41
vlFRSnmSbLU,UgwXpT5aHeKz1D43JH14AaABAg,@Liz777-f9o,Hola buenos días 😅🎉🎉👉😜🇲🇽👈,2026-04-24T14:06:12Z,1,Gobierno de Tampico,Detienen en Argentina a Fernando Farías; Trump descarta arma nuclear contra Irán | Resumen,Aristegui Noticias,2026-04-24T14:01:27Z,2026-05-04 07:48:41
051nB8lr8zQ,UgydX04etX5AnQrwWvh4AaABAg,@marioni80s,"Lo matarán para cubrir al hijo del peje, morirá como los anteriores marino,",2026-04-26T14:58:25Z,0,Gobierno de Tampico,MÉXICO pide a ARGENTINA la deportación de CONTRALMIRANTE DE MARINA por tráfico de COMBUSTIBLE,EL PAÍS,2026-04-24T16:00:06Z,2026-05-04 07:48:41
051nB8lr8zQ,UgywtnL0MD5XUDGeOch4AaABAg,@laguaridadelobo5099,Lo van a deportar dijeron hace unas horas. Igual no dijeron si a EEUU o México. Ya que la CIA TMB pidió su cabeza,2026-04-24T17:55:25Z,0,Gobierno de Tampico,MÉXICO pide a ARGENTINA la deportación de CONTRALMIRANTE DE MARINA por tráfico de COMBUSTIBLE,EL PAÍS,2026-04-24T16:00:06Z,2026-05-04 07:48:41
051nB8lr8zQ,Ugwdw7ebYKfbcht4LzN4AaABAg,@mohamedfalouh2002,Merci .Gracias .Dr Avocato Presidente Mexico Claudia Sheinbaum Bonna Diaz Auguri .Fare Google Falouh Mohamed Import et Export Rc 270032 .....Vedi ..Mode IA ..,2026-04-24T17:29:35Z,0,Gobierno de Tampico,MÉXICO pide a ARGENTINA la deportación de CONTRALMIRANTE DE MARINA por tráfico de COMBUSTIBLE,EL PAÍS,2026-04-24T16:00:06Z,2026-05-04 07:48:41
051nB8lr8zQ,Ugw-fVby86pRqiC4DPd4AaABAg,@levipsb..1403,Se ralla si lo sueltan de rebote aquí a vivir la vida y nada paso,2026-04-24T16:04:33Z,0,Gobierno de Tampico,MÉXICO pide a ARGENTINA la deportación de CONTRALMIRANTE DE MARINA por tráfico de COMBUSTIBLE,EL PAÍS,2026-04-24T16:00:06Z,2026-05-04 07:48:41
051nB8lr8zQ,UgzN_dYlf-gEwnatMsh4AaABAg,@eduardocarrascocamacho6405,"Que lo extraditen a EEUU, en México lo van a liberar.",2026-04-24T16:03:40Z,4,Gobierno de Tampico,MÉXICO pide a ARGENTINA la deportación de CONTRALMIRANTE DE MARINA por tráfico de COMBUSTIBLE,EL PAÍS,2026-04-24T16:00:06Z,2026-05-04 07:48:41
Mg2woNJ7tPU,Ugw-VLc0tUSn4jUONuB4AaABAg,@DeJrASr,Primer video que veo y puedo decir que 10/10,2026-04-27T19:03:42Z,0,Gobierno de Tampico,"Morena prometió acabar con el huachicol, hoy enfrenta uno de los mayores escándalos de corrupción",La Chihuahuita Política,2026-04-25T14:47:59Z,2026-05-04 07:48:41
Mg2woNJ7tPU,UgwThwxyEy2ltAB4_Ch4AaABAg,@rutgranados4879,Apoyo total a la gobernadora Maru campos,2026-04-27T14:44:09Z,0,Gobierno de Tampico,"Morena prometió acabar con el huachicol, hoy enfrenta uno de los mayores escándalos de corrupción",La Chihuahuita Política,2026-04-25T14:47:59Z,2026-05-04 07:48:41
Mg2woNJ7tPU,Ugy-72aPMzQyjyIoprt4AaABAg,@64chorote,"Muy bien. Me gusta que los jóvenes, se involucren en los problemas de nuestro país. Siga adelante señorita.",2026-04-27T08:26:21Z,3,Gobierno de Tampico,"Morena prometió acabar con el huachicol, hoy enfrenta uno de los mayores escándalos de corrupción",La Chihuahuita Política,2026-04-25T14:47:59Z,2026-05-04 07:48:41
Mg2woNJ7tPU,Ugxr3hV4pLGfdBBxGY94AaABAg,@Carlosandresgamez,El sistema está parasitado. 🎉<br>Que podemos hacer ? Solo Yisus es la respuesta ❤,2026-04-27T06:55:37Z,1,Gobierno de Tampico,"Morena prometió acabar con el huachicol, hoy enfrenta uno de los mayores escándalos de corrupción",La Chihuahuita Política,2026-04-25T14:47:59Z,2026-05-04 07:48:41
Mg2woNJ7tPU,UgzeVkWUDUn0-Sw7RZh4AaABAg,@perroverde6634,ENTENDAMOS vivimos una NARCODICTADURA,2026-04-27T02:23:07Z,1,Gobierno de Tampico,"Morena prometió acabar con el huachicol, hoy enfrenta uno de los mayores escándalos de corrupción",La Chihuahuita Política,2026-04-25T14:47:59Z,2026-05-04 07:48:41
Mg2woNJ7tPU,UgyhUfa73SQPcPAoGDZ4AaABAg,@ilepor8770,Muy bien tu poscast,2026-04-27T02:13:05Z,1,Gobierno de Tampico,"Morena prometió acabar con el huachicol, hoy enfrenta uno de los mayores escándalos de corrupción",La Chihuahuita Política,2026-04-25T14:47:59Z,2026-05-04 07:48:41
if8pjTCF1ZE,UgzejFPbIYIPh_4mexd4AaABAg,@armandonunez5709,No mms.,2026-04-25T21:37:41Z,0,Gobierno de Tampico,4T: Promesas vs Realidad del Gobierno Mexicano,Reborujado Político,2026-04-25T18:38:50Z,2026-05-04 07:48:41
if8pjTCF1ZE,UgzkDItISTrj-JcDvl54AaABAg,@ManuelDiaz-n9s,Hay mija mas de ochenta años sumidos en corrupción y tu pides que en siete años se acabe con un aparato creado para que no se acabe la corrupción de algo estoy seguro hoy mexico si esta mejor sin el prian en el poder,2026-04-25T21:23:10Z,0,Gobierno de Tampico,4T: Promesas vs Realidad del Gobierno Mexicano,Reborujado Político,2026-04-25T18:38:50Z,2026-05-04 07:48:41
if8pjTCF1ZE,Ugys_MJBUHxERnaN53Z4AaABAg,@jesusgalanvera9405,Estás bien pdja,2026-04-25T20:42:32Z,0,Gobierno de Tampico,4T: Promesas vs Realidad del Gobierno Mexicano,Reborujado Político,2026-04-25T18:38:50Z,2026-05-04 07:48:41
UXkt-1lmhQ0,UgxcJJ8MMg1vSwOw1T54AaABAg,@lolitarivera-y4k,Lamentable lo que han hecho con estas instituciones antes respetadas,2026-04-26T00:27:23Z,0,Gobierno de Tampico,Marina: Corrupción y Red Delictiva en Aduanas Revelada,Entre Poderes,2026-04-25T18:29:39Z,2026-05-04 07:48:41
UXkt-1lmhQ0,Ugy899viEaub813FATZ4AaABAg,@JoseLuisHernandez-w4w,"Cuanta razon para comporen las cosas y el sitema No nececitamos un 4 trasformacion este paiz debe ser una potencia en todo bin dice el dicho &quot; Tan lejos de dios y tan cersa de USA&quot; hasta el ejercito y la marina su jurameto se va al caño nadie los respeta&quot; si no preguntele a Sinaloa, los Sinaloenses dan risa!!!!",2026-04-25T21:00:56Z,0,Gobierno de Tampico,Marina: Corrupción y Red Delictiva en Aduanas Revelada,Entre Poderes,2026-04-25T18:29:39Z,2026-05-04 07:48:41
sT1I0reENmA,UgzjMxqfRZFxQI02xhB4AaABAg,@jesusbrauliolimacoello4578,También existía o existe el callejón del pujido.<br>¿Alguien lo recuerda?<br>Detrás del parque Alijadores en la Isleta Pérez.,2026-04-27T20:22:50Z,0,gobierno de Tampico,🔴¿Sabías que en #Tampico había un lugar llamado “El Callejón de las Cariñosas”?👠 🤫,El Sol de Tampico,2026-04-25T18:07:46Z,2026-05-04 07:48:41
sT1I0reENmA,UgwAHtN7k8kTgpk9gwN4AaABAg,@AngelHernandez-y8l5z,Woao,2026-04-26T22:11:41Z,0,gobierno de Tampico,🔴¿Sabías que en #Tampico había un lugar llamado “El Callejón de las Cariñosas”?👠 🤫,El Sol de Tampico,2026-04-25T18:07:46Z,2026-05-04 07:48:41
sT1I0reENmA,UgzDF_OSJs3tx4HUau54AaABAg,@luismellado6676,También esta el callejon santo niño  q pasa x las colonias tolteca y vergel....y me acabo de enterar en goolge maps q pasa atrás de los bomberos y termina cruzando el boulevard Adolf Lopez.....😮😮😮no sabia q llegaba hasta allá.....,2026-04-26T19:30:35Z,1,gobierno de Tampico,🔴¿Sabías que en #Tampico había un lugar llamado “El Callejón de las Cariñosas”?👠 🤫,El Sol de Tampico,2026-04-25T18:07:46Z,2026-05-04 07:48:41
sT1I0reENmA,UgyNB0o-v1-cRmQNEfN4AaABAg,@lorenzorodriguez6478,Se parece al valle de las garzas en manzanillo solo que acá apesta a popó de perro y gatos,2026-04-25T18:51:54Z,0,gobierno de Tampico,🔴¿Sabías que en #Tampico había un lugar llamado “El Callejón de las Cariñosas”?👠 🤫,El Sol de Tampico,2026-04-25T18:07:46Z,2026-05-04 07:48:41
awLYJy3zSdE,UgwNIaFVESU_rMUC9fp4AaABAg,@horaciolopez2577,Claudia es cómplice y toda la marina y ejército y guardia nacional,2026-04-27T18:09:54Z,0,gobierno de Tampico,Combate a huachicol fiscal: Detención internacional clave,Clave Presidencial,2026-04-25T20:00:02Z,2026-05-04 07:48:41
awLYJy3zSdE,UgwrVRvyXN54zP9nCrN4AaABAg,@joaquinnavassilva57,"Se le debería caer la cara de vergüenza a esta nefasta mujer; que no se le olvide que todos estos huachicoleros, son fieles cuatroteros de morena y dicen que no roban, no mienten y no engañan! <br>Hampones Miserables! 😮😮😮",2026-04-27T14:39:19Z,0,gobierno de Tampico,Combate a huachicol fiscal: Detención internacional clave,Clave Presidencial,2026-04-25T20:00:02Z,2026-05-04 07:48:41
awLYJy3zSdE,Ugwr8R0-nM-TpgwuFZl4AaABAg,@Mariomichoacan77,Uuuuuuu flaka.  Ahora te va costar carisimo .. haber apoyado a Cristina en Barcelona y criticar y estar chingando a Miley.  Tiemblas,2026-04-27T04:40:19Z,2,gobierno de Tampico,Combate a huachicol fiscal: Detención internacional clave,Clave Presidencial,2026-04-25T20:00:02Z,2026-05-04 07:48:41
KPMMJ2_lCrI,UgwziOLPvEp5tCk3ZZ94AaABAg,@jamder719,"Bla, Bla, Bla, y la mentira que te eché.",2026-04-30T04:29:14Z,0,gobierno de Tampico,"SHEINBAUM pide a ARGENTINA deportación de FARÍAS LAGUNA, acusado de HUACHICOL #shorts",EL PAÍS,2026-04-24T16:18:26Z,2026-05-04 07:48:41
KPMMJ2_lCrI,UgzBFNB4FvmyzvceIyl4AaABAg,@hanseinenlong9827,Argentina ya dijo que se lo va a dar a Estados Unidos,2026-04-28T01:44:56Z,1,gobierno de Tampico,"SHEINBAUM pide a ARGENTINA deportación de FARÍAS LAGUNA, acusado de HUACHICOL #shorts",EL PAÍS,2026-04-24T16:18:26Z,2026-05-04 07:48:41
KPMMJ2_lCrI,UgzrYvRvLQmfyFMcCX14AaABAg,@IvánColín-e5r,Y por qué no puso los letreros que suele poner,2026-04-28T01:36:04Z,1,gobierno de Tampico,"SHEINBAUM pide a ARGENTINA deportación de FARÍAS LAGUNA, acusado de HUACHICOL #shorts",EL PAÍS,2026-04-24T16:18:26Z,2026-05-04 07:48:41
KPMMJ2_lCrI,Ugy6Kfb8i7AwbcylXoh4AaABAg,@tobetin09,Mejor que se lo manden a trump,2026-04-27T22:51:12Z,1,gobierno de Tampico,"SHEINBAUM pide a ARGENTINA deportación de FARÍAS LAGUNA, acusado de HUACHICOL #shorts",EL PAÍS,2026-04-24T16:18:26Z,2026-05-04 07:48:41
KPMMJ2_lCrI,Ugy4ysJrrjbAAdPT6bN4AaABAg,@joseruiz3923,Liberen a cristinaaaaa <br><br>Y no se matan con el emprendimiento de los trivagos  mierdOIL,2026-04-27T17:56:08Z,0,gobierno de Tampico,"SHEINBAUM pide a ARGENTINA deportación de FARÍAS LAGUNA, acusado de HUACHICOL #shorts",EL PAÍS,2026-04-24T16:18:26Z,2026-05-04 07:48:41
KPMMJ2_lCrI,Ugzgq_-vkqHKPHZB-R14AaABAg,@CosmeGonzalez-e6u,Xk tanto makillaje cual entra no k petroleos mexicanos y la lei donde los canpesinos son los dueños,2026-04-27T12:42:46Z,1,gobierno de Tampico,"SHEINBAUM pide a ARGENTINA deportación de FARÍAS LAGUNA, acusado de HUACHICOL #shorts",EL PAÍS,2026-04-24T16:18:26Z,2026-05-04 07:48:41
KPMMJ2_lCrI,UgwsmtvqYsHD71fJRQJ4AaABAg,@eveliadelgado5803,Nada más estaban involucrados los meros meros...... Nada más.... Como son cínicos los han dejado a diestra y siniestra hacer lo que quieren delante de todos........,2026-04-26T19:20:54Z,1,gobierno de Tampico,"SHEINBAUM pide a ARGENTINA deportación de FARÍAS LAGUNA, acusado de HUACHICOL #shorts",EL PAÍS,2026-04-24T16:18:26Z,2026-05-04 07:48:41
KPMMJ2_lCrI,UgyXumvIuKcVS4f2i754AaABAg,@AngelabrahamFlores-c5s,Mexico❤,2026-04-25T15:39:36Z,2,gobierno de Tampico,"SHEINBAUM pide a ARGENTINA deportación de FARÍAS LAGUNA, acusado de HUACHICOL #shorts",EL PAÍS,2026-04-24T16:18:26Z,2026-05-04 07:48:41
KPMMJ2_lCrI,UgxmYq5390WeImaJAGN4AaABAg,@MarioCervantesLopez-h1t,La pregunta presidente es por qué los dejan huir qué jueguito es ese,2026-04-24T23:08:43Z,5,gobierno de Tampico,"SHEINBAUM pide a ARGENTINA deportación de FARÍAS LAGUNA, acusado de HUACHICOL #shorts",EL PAÍS,2026-04-24T16:18:26Z,2026-05-04 07:48:41
KPMMJ2_lCrI,UgyRzXfHJzSIhM8Qyax4AaABAg,@mariposa-bo7gi,LA MAS LERDADE TODOS LOS PRESIDENTES DELMUNDO....SU LENTESA ME DESESPERA,2026-04-24T18:29:19Z,0,gobierno de Tampico,"SHEINBAUM pide a ARGENTINA deportación de FARÍAS LAGUNA, acusado de HUACHICOL #shorts",EL PAÍS,2026-04-24T16:18:26Z,2026-05-04 07:48:41
AqQdXa3yYC8,UgwOPVJlcCWSCPrk4Ot4AaABAg,@LisetRodriguezPerez-g6v,"Ella sabía q hacer y la van a perdonar?. Mal precedente. Presidenta esra cavando su tumba, no se puede ser tan benévolo con determinados errores",2026-04-25T22:58:36Z,0,gobierno de Tampico,Conferencia mañanera de la presidenta Claudia Sheinbaum.,EXCELSIOR,2026-04-25T01:26:09Z,2026-05-04 07:48:41
k7nN9C-KJ54,UgzAa8qDlAKEHWYJsKJ4AaABAg,@victorherven508,Que alimente primero a su gente 😂😂😂😂😂,2026-05-02T03:06:55Z,0,gobierno de Tampico,"Milei captura a Farias Laguna: huachicol fiscal, tensión con México y alianza con Trump",Azteca Noticias,2026-04-25T05:43:52Z,2026-05-04 07:48:41
k7nN9C-KJ54,UgytFMkO_8BJ_85rtqh4AaABAg,@adrianasanchez9485,Directo a EU !!,2026-05-01T16:00:45Z,0,gobierno de Tampico,"Milei captura a Farias Laguna: huachicol fiscal, tensión con México y alianza con Trump",Azteca Noticias,2026-04-25T05:43:52Z,2026-05-04 07:48:41
k7nN9C-KJ54,UgxXMhqRq00TNHiiOoV4AaABAg,@AldoLopez-gr2wu,Llévese a los narcopoliticos y narcos,2026-05-01T12:38:11Z,0,gobierno de Tampico,"Milei captura a Farias Laguna: huachicol fiscal, tensión con México y alianza con Trump",Azteca Noticias,2026-04-25T05:43:52Z,2026-05-04 07:48:41
k7nN9C-KJ54,UgwPtJ-FPP49inZdvWx4AaABAg,@LissetteMendoza-f9s,Todo lo que ya le sacaron ya se lo dijeron a Trump 😂😂 de mensos se lo dicen a Titina directo con Maduro,2026-05-01T01:35:40Z,0,gobierno de Tampico,"Milei captura a Farias Laguna: huachicol fiscal, tensión con México y alianza con Trump",Azteca Noticias,2026-04-25T05:43:52Z,2026-05-04 07:48:41
k7nN9C-KJ54,UgzpNy4HIVfwhS8kDld4AaABAg,@1818dany,"Perdón pero el conflicto no es México Milei, es conflicto México Argentina, Milei es el presidente con más apoyo de todo el continente, si atacan a Milei atacan a Argentina casi en su totalidad. Ojito con eso que ni AMLO junto la mitad de la popularidad que si pudo juntar Milei en Argentina, y además de todo, Milei si la está manteniendo, no como morena que se desmorona como mazapán.",2026-04-30T20:42:39Z,0,gobierno de Tampico,"Milei captura a Farias Laguna: huachicol fiscal, tensión con México y alianza con Trump",Azteca Noticias,2026-04-25T05:43:52Z,2026-05-04 07:48:41
k7nN9C-KJ54,UgxdhrDgBeosWri1WUp4AaABAg,@rodolfomartinez1660,Milei es aliado de eeuu...se lo va a entregar a trump,2026-04-30T11:47:51Z,0,gobierno de Tampico,"Milei captura a Farias Laguna: huachicol fiscal, tensión con México y alianza con Trump",Azteca Noticias,2026-04-25T05:43:52Z,2026-05-04 07:48:41
k7nN9C-KJ54,UgxgwZ1LlP34mj4wZE54AaABAg,@HaydeeGuzman-p6l,Que se lo mande a Trump,2026-04-30T05:22:08Z,0,gobierno de Tampico,"Milei captura a Farias Laguna: huachicol fiscal, tensión con México y alianza con Trump",Azteca Noticias,2026-04-25T05:43:52Z,2026-05-04 07:48:41
k7nN9C-KJ54,Ugy7yXT0DOMbmyTI4mJ4AaABAg,@AlanGarcía-g8f,Y por qué no lo mandan a e.u ? Y ahí que colabore con e.u para desmantelar a todo morena ?,2026-04-30T02:38:21Z,0,gobierno de Tampico,"Milei captura a Farias Laguna: huachicol fiscal, tensión con México y alianza con Trump",Azteca Noticias,2026-04-25T05:43:52Z,2026-05-04 07:48:41
k7nN9C-KJ54,UgygPlMogmZcwzC1i6Z4AaABAg,@juanfregoso7878,"Argentina debe mandarlo a estados unidos, aqui no le hacen nada,",2026-04-30T01:05:37Z,1,gobierno de Tampico,"Milei captura a Farias Laguna: huachicol fiscal, tensión con México y alianza con Trump",Azteca Noticias,2026-04-25T05:43:52Z,2026-05-04 07:48:41
k7nN9C-KJ54,UgyiFOivt5MCvZXvpSJ4AaABAg,@MadhaHebs,Maduro ?,2026-04-29T21:44:02Z,0,gobierno de Tampico,"Milei captura a Farias Laguna: huachicol fiscal, tensión con México y alianza con Trump",Azteca Noticias,2026-04-25T05:43:52Z,2026-05-04 07:48:41
k7nN9C-KJ54,UgydK1rTuugw-Vaafjx4AaABAg,@Sr_Nagasaki,"Directo a Estados Unidos, si lo dejan en México la Judía sionista títere de Alex Soros lo liberarán",2026-04-29T21:30:55Z,0,gobierno de Tampico,"Milei captura a Farias Laguna: huachicol fiscal, tensión con México y alianza con Trump",Azteca Noticias,2026-04-25T05:43:52Z,2026-05-04 07:48:41
k7nN9C-KJ54,Ugy8otss9ZcZVUWVnRR4AaABAg,@calnv,SHEIMBAUM ES UNA NARCOPRESIDENTA,2026-04-29T20:47:51Z,0,gobierno de Tampico,"Milei captura a Farias Laguna: huachicol fiscal, tensión con México y alianza con Trump",Azteca Noticias,2026-04-25T05:43:52Z,2026-05-04 07:48:41
k7nN9C-KJ54,Ugy0tSBWhBY8Rx8FP994AaABAg,@MiltonGracia-c3d,Entoces fue planeado y apropocito para que EU quiera seguir controlando Mexico,2026-04-29T15:57:18Z,0,gobierno de Tampico,"Milei captura a Farias Laguna: huachicol fiscal, tensión con México y alianza con Trump",Azteca Noticias,2026-04-25T05:43:52Z,2026-05-04 07:48:41
k7nN9C-KJ54,UgxJqZdQiRMIs-FaMpd4AaABAg,@Sebastián-q1t7r,porque no corremos a todos los argentinos si les caemos tan mal :(,2026-04-29T15:55:08Z,0,gobierno de Tampico,"Milei captura a Farias Laguna: huachicol fiscal, tensión con México y alianza con Trump",Azteca Noticias,2026-04-25T05:43:52Z,2026-05-04 07:48:41
k7nN9C-KJ54,UgxeP2sPNafkgtsGhWl4AaABAg,@SamuelMorfin-ro5xy,Lanbeculo ustedes también tienen huachuicol no pagan  impuestos tv azteca esta en quiebra Javier cárdenas es un enfermo igual que Trump i lily telles  traidores porque  la mayoría del pueblo mexicano los quiere expulsar del país ir a otro país y promover invasión a México es traición a la patria me despido chato vigoton😂,2026-04-29T15:38:22Z,0,gobierno de Tampico,"Milei captura a Farias Laguna: huachicol fiscal, tensión con México y alianza con Trump",Azteca Noticias,2026-04-25T05:43:52Z,2026-05-04 07:48:41
k7nN9C-KJ54,Ugz3fi7HJaXRYwrbz3h4AaABAg,@g0lemmx727,"Pero quién lo tiene es la interpol no la policía de argentina, aunque esté en tierra argentina quien lo custodia es la interpol ya que tiene captura internacional  😂 😂 y si, ya intentaron extraditarlo pero farías se negó, dios que amarillismo el de tv azteca creando &quot;tensiones&quot; que no existen 😂",2026-04-29T13:05:48Z,0,gobierno de Tampico,"Milei captura a Farias Laguna: huachicol fiscal, tensión con México y alianza con Trump",Azteca Noticias,2026-04-25T05:43:52Z,2026-05-04 07:48:41
k7nN9C-KJ54,UgzDQT3NSm2fCLHt56V4AaABAg,@RoloTetsuyin,"México debería quedarse con estados unidos, no lo queremos aca",2026-04-29T11:58:21Z,1,gobierno de Tampico,"Milei captura a Farias Laguna: huachicol fiscal, tensión con México y alianza con Trump",Azteca Noticias,2026-04-25T05:43:52Z,2026-05-04 07:48:41
k7nN9C-KJ54,UgwU8Kj8DA02haLPJAJ4AaABAg,@fidelgomez1842,Que le saque informacion y aga trueque contra mexico😂😂,2026-04-29T05:44:45Z,0,gobierno de Tampico,"Milei captura a Farias Laguna: huachicol fiscal, tensión con México y alianza con Trump",Azteca Noticias,2026-04-25T05:43:52Z,2026-05-04 07:48:41
k7nN9C-KJ54,Ugww19bCxulQdRGdA454AaABAg,@eleazardanielmartinez4972,"Pobre gente como este comentarista, DA LASTIMA",2026-04-29T05:28:41Z,0,gobierno de Tampico,"Milei captura a Farias Laguna: huachicol fiscal, tensión con México y alianza con Trump",Azteca Noticias,2026-04-25T05:43:52Z,2026-05-04 07:48:41
k7nN9C-KJ54,UgyJxnZ15YyOEv0BdsR4AaABAg,@jhonnbyron5772,Sr. Milei!!. Extraditelo a 🇺🇸 para derrocar. A este narco gobierno!!!!de mugrena,2026-04-29T04:45:13Z,0,gobierno de Tampico,"Milei captura a Farias Laguna: huachicol fiscal, tensión con México y alianza con Trump",Azteca Noticias,2026-04-25T05:43:52Z,2026-05-04 07:48:41
k7nN9C-KJ54,UgwZp-WQr5cwBomOdaF4AaABAg,@C4RLOS4DRI4N,Mantenlo mantenlo,2026-04-29T04:18:03Z,0,gobierno de Tampico,"Milei captura a Farias Laguna: huachicol fiscal, tensión con México y alianza con Trump",Azteca Noticias,2026-04-25T05:43:52Z,2026-05-04 07:48:41
k7nN9C-KJ54,UgwkghMXSCfx5rW9TN54AaABAg,@jorgeibanez886,Esperemos que USA ordene que llegue directo a ese país. Bien hecho Milei,2026-04-29T03:21:44Z,0,gobierno de Tampico,"Milei captura a Farias Laguna: huachicol fiscal, tensión con México y alianza con Trump",Azteca Noticias,2026-04-25T05:43:52Z,2026-05-04 07:48:41
k7nN9C-KJ54,Ugze7OadZ4doA-WxZZp4AaABAg,@brilletsalgado9632,Que asco de noticiero como llegue a esta basura,2026-04-29T01:59:02Z,0,gobierno de Tampico,"Milei captura a Farias Laguna: huachicol fiscal, tensión con México y alianza con Trump",Azteca Noticias,2026-04-25T05:43:52Z,2026-05-04 07:48:41
k7nN9C-KJ54,UgzVvz2DdVyczVMNdWJ4AaABAg,@Lariocantodea,A la torre.... extrañas al PRIAN 😂😂,2026-04-29T01:46:01Z,0,gobierno de Tampico,"Milei captura a Farias Laguna: huachicol fiscal, tensión con México y alianza con Trump",Azteca Noticias,2026-04-25T05:43:52Z,2026-05-04 07:48:41
k7nN9C-KJ54,UgxfPlu6KQ-SBHOXxWp4AaABAg,@beforeyou4281,Los bots pro Trump se hacen ver bastante 😂😂,2026-04-28T23:17:36Z,0,gobierno de Tampico,"Milei captura a Farias Laguna: huachicol fiscal, tensión con México y alianza con Trump",Azteca Noticias,2026-04-25T05:43:52Z,2026-05-04 07:48:41
k7nN9C-KJ54,UgyvbvcSigyWB7l4kmB4AaABAg,@migueljimenez8594,Milei favor de enviar al huachicolero a usa. En Argentina también lo pueden matar.,2026-04-28T20:30:06Z,0,gobierno de Tampico,"Milei captura a Farias Laguna: huachicol fiscal, tensión con México y alianza con Trump",Azteca Noticias,2026-04-25T05:43:52Z,2026-05-04 07:48:41
k7nN9C-KJ54,Ugz92-eE-NMzjYWy6S94AaABAg,@SaulJimenez-hm5bx,Pues hablara de Felipe Calderón jajaja tu papá Javier.....,2026-04-28T13:27:46Z,0,gobierno de Tampico,"Milei captura a Farias Laguna: huachicol fiscal, tensión con México y alianza con Trump",Azteca Noticias,2026-04-25T05:43:52Z,2026-05-04 07:48:41
k7nN9C-KJ54,UgzxW67NLsMPLJwLXMp4AaABAg,@MiguelSanchez-br7xw,Quede nombres delos lideere jefe del guachicol que mexico sabe que son ijos de amlo i amlo asi nomas no hay buelta de hoja imas,2026-04-28T12:30:41Z,0,gobierno de Tampico,"Milei captura a Farias Laguna: huachicol fiscal, tensión con México y alianza con Trump",Azteca Noticias,2026-04-25T05:43:52Z,2026-05-04 07:48:41
k7nN9C-KJ54,Ugyzt7xz7pjYhEt4KVt4AaABAg,@melowatz2903,"No pasa nada mi bigotes, al final que se le coden los argentinos. Pura noticia falsa.",2026-04-28T07:07:50Z,0,gobierno de Tampico,"Milei captura a Farias Laguna: huachicol fiscal, tensión con México y alianza con Trump",Azteca Noticias,2026-04-25T05:43:52Z,2026-05-04 07:48:41
k7nN9C-KJ54,UgyLu2EHkObhlUj6sGl4AaABAg,@ArgentinoenUSA,🇦🇷🇺🇸,2026-04-28T02:41:59Z,0,gobierno de Tampico,"Milei captura a Farias Laguna: huachicol fiscal, tensión con México y alianza con Trump",Azteca Noticias,2026-04-25T05:43:52Z,2026-05-04 07:48:41
k7nN9C-KJ54,Ugx-gxkB_u4zsMJDU714AaABAg,@andresrguez1536,Che Milei se la rifó... buena por esa!!! Y que caigan los que tengan que caer en México,2026-04-28T01:40:12Z,0,gobierno de Tampico,"Milei captura a Farias Laguna: huachicol fiscal, tensión con México y alianza con Trump",Azteca Noticias,2026-04-25T05:43:52Z,2026-05-04 07:48:41
k7nN9C-KJ54,Ugx2IhvhlisVOPi6bNl4AaABAg,@453erd,"que lo manden bien peinado y cambiao pa estados unidos ¡¡ luego luego¡¡, buen trabajo Presidente Milei.",2026-04-28T01:07:14Z,0,gobierno de Tampico,"Milei captura a Farias Laguna: huachicol fiscal, tensión con México y alianza con Trump",Azteca Noticias,2026-04-25T05:43:52Z,2026-05-04 07:48:41
k7nN9C-KJ54,UgzJnOfNPIe5B_tNWg54AaABAg,@jorgeurbina5533,A esa cumbre solo fueron los que pagaron 1 billón de dólares para estar ahí y milei le dió parte del territorio argentino a Trump porque dinero pss no ahí asta burros se están comiendo,2026-04-28T01:05:36Z,0,gobierno de Tampico,"Milei captura a Farias Laguna: huachicol fiscal, tensión con México y alianza con Trump",Azteca Noticias,2026-04-25T05:43:52Z,2026-05-04 07:48:41
k7nN9C-KJ54,Ugw_qEfF8gMCjuSnUxt4AaABAg,@hectorramirez2114,"Porque interrogante hdtm!! Que hable para que caigan todos tus patrones, Milei no representa al pueblo Argentino tal y como lo dice asertadamente un verdadero reportero argentino Cuneo al que deberías de aprenderle",2026-04-28T00:32:07Z,0,gobierno de Tampico,"Milei captura a Farias Laguna: huachicol fiscal, tensión con México y alianza con Trump",Azteca Noticias,2026-04-25T05:43:52Z,2026-05-04 07:48:41
k7nN9C-KJ54,UgzpV6ddAgXFgdgJyXJ4AaABAg,@LuisGasca-l9c,Milei es igual de inepto que Morena! Los extremos siempre son toxicos!!,2026-04-28T00:14:27Z,0,gobierno de Tampico,"Milei captura a Farias Laguna: huachicol fiscal, tensión con México y alianza con Trump",Azteca Noticias,2026-04-25T05:43:52Z,2026-05-04 07:48:41
k7nN9C-KJ54,UgxcyKBvaCyTNnd4rkN4AaABAg,@ishmtnz150,"Tienes oro puro, un cheque en blanco, dinero en el banco, presidente milei enhorabuena los tienes agarrados de la cola, es hora de activar el escudo de las americas y encender la motosierra 🛡🐁💨🇲🇽",2026-04-28T00:06:48Z,1,gobierno de Tampico,"Milei captura a Farias Laguna: huachicol fiscal, tensión con México y alianza con Trump",Azteca Noticias,2026-04-25T05:43:52Z,2026-05-04 07:48:41
k7nN9C-KJ54,Ugw7V37TY9JTnkOxfNl4AaABAg,@eduardofernandez9893,Lo mandaran a USA 😅😂😅😂😅😂,2026-04-27T23:03:28Z,0,gobierno de Tampico,"Milei captura a Farias Laguna: huachicol fiscal, tensión con México y alianza con Trump",Azteca Noticias,2026-04-25T05:43:52Z,2026-05-04 07:48:41
k7nN9C-KJ54,Ugz3VbfagbnKCwlFTnJ4AaABAg,@oscarvelardemendoza435,"Ni las gracias le dimos a Miley.<br><br>Se queda con el detenido para que lo expriman y luego canjear o, mejor, lo envían a EEUU, que allá se siga la investigación en curso porque en México la corrupción del Guachicol tiene su orígen en el gobierno, en el Obradorato.",2026-04-27T22:59:17Z,1,gobierno de Tampico,"Milei captura a Farias Laguna: huachicol fiscal, tensión con México y alianza con Trump",Azteca Noticias,2026-04-25T05:43:52Z,2026-05-04 07:48:41
k7nN9C-KJ54,UgwuG0Lp0_EptMaHKZJ4AaABAg,@ignacioquiroz4178,De echo es lo más seguro que lo papen y está papeada se le brinde a usa,2026-04-27T22:07:34Z,0,gobierno de Tampico,"Milei captura a Farias Laguna: huachicol fiscal, tensión con México y alianza con Trump",Azteca Noticias,2026-04-25T05:43:52Z,2026-05-04 07:48:41
k7nN9C-KJ54,UgyCWSPF0KNy3lOxVHB4AaABAg,@vladdracul4568,Y que nos importa si lo tiene,2026-04-27T22:02:30Z,0,gobierno de Tampico,"Milei captura a Farias Laguna: huachicol fiscal, tensión con México y alianza con Trump",Azteca Noticias,2026-04-25T05:43:52Z,2026-05-04 07:48:41
k7nN9C-KJ54,UgwJlVZrXkt5n7PtkC94AaABAg,@jorgenavaventura8223,Si tiene mucho $ en el banco<br><br>Los gringos lo perdonan.<br>Unos añitos en el tambo y sale libre.,2026-04-27T21:56:20Z,0,gobierno de Tampico,"Milei captura a Farias Laguna: huachicol fiscal, tensión con México y alianza con Trump",Azteca Noticias,2026-04-25T05:43:52Z,2026-05-04 07:48:41
k7nN9C-KJ54,UgyAVSyE9pf2VEbB7NN4AaABAg,@jorgelazcano1621,Alguien de la 4T que quiera defender al régimen y a sus sirvientes?,2026-04-27T21:33:04Z,0,gobierno de Tampico,"Milei captura a Farias Laguna: huachicol fiscal, tensión con México y alianza con Trump",Azteca Noticias,2026-04-25T05:43:52Z,2026-05-04 07:48:41
k7nN9C-KJ54,UgwEbBX4NOZv4vvnhCx4AaABAg,@dantelozano8380,"Ojalá se lo queden y saquen la información, acá lo deja libre la presirvienta y se preocuparía por derechos humanos",2026-04-27T21:29:12Z,0,gobierno de Tampico,"Milei captura a Farias Laguna: huachicol fiscal, tensión con México y alianza con Trump",Azteca Noticias,2026-04-25T05:43:52Z,2026-05-04 07:48:41
k7nN9C-KJ54,UgzipAISiS6t7Z28CHN4AaABAg,@ArmandoLopez-iu5eq,Que no lo extraditen a México por qué enel gobierno morenista están los meros meros criminales del guachicol del terrorismo extorcion corrupción 😂,2026-04-27T21:24:54Z,1,gobierno de Tampico,"Milei captura a Farias Laguna: huachicol fiscal, tensión con México y alianza con Trump",Azteca Noticias,2026-04-25T05:43:52Z,2026-05-04 07:48:41
k7nN9C-KJ54,UgxIozFCcspDyQn2W114AaABAg,@joseantonioantoniogomez,La ignorancia del ser humano no tiene límites,2026-04-27T21:17:34Z,0,gobierno de Tampico,"Milei captura a Farias Laguna: huachicol fiscal, tensión con México y alianza con Trump",Azteca Noticias,2026-04-25T05:43:52Z,2026-05-04 07:48:41
k7nN9C-KJ54,Ugy7PCbGAh-nWcM8W394AaABAg,@antoniosi1847,Papeada épica.,2026-04-27T18:13:10Z,0,gobierno de Tampico,"Milei captura a Farias Laguna: huachicol fiscal, tensión con México y alianza con Trump",Azteca Noticias,2026-04-25T05:43:52Z,2026-05-04 07:48:41
k7nN9C-KJ54,Ugy12ZhpYHLi5peQ4cx4AaABAg,@LeslieAlvarez-d2t,MORENA AYUDA AL NARCO<br>FUERA NARCOMORENA🇲🇽,2026-04-27T18:04:10Z,0,gobierno de Tampico,"Milei captura a Farias Laguna: huachicol fiscal, tensión con México y alianza con Trump",Azteca Noticias,2026-04-25T05:43:52Z,2026-05-04 07:48:41
k7nN9C-KJ54,UgxSJBlbOxSUMeaUsI54AaABAg,@Robin-1412,Directo a USA 🇺🇸,2026-04-27T17:32:09Z,0,gobierno de Tampico,"Milei captura a Farias Laguna: huachicol fiscal, tensión con México y alianza con Trump",Azteca Noticias,2026-04-25T05:43:52Z,2026-05-04 07:48:41
k7nN9C-KJ54,UgwaHRS5pJx1gSxfffl4AaABAg,@mariadelcarmencastanedadia3151,"Que no lo traigan a México por qué lo van a suicidar como a los demás marinos,mejor que se quede en Argentina o en Estados Unidos para que hable",2026-04-27T16:58:38Z,0,gobierno de Tampico,"Milei captura a Farias Laguna: huachicol fiscal, tensión con México y alianza con Trump",Azteca Noticias,2026-04-25T05:43:52Z,2026-05-04 07:48:41
k7nN9C-KJ54,Ugy9baCiFP_BeRQG9K94AaABAg,@oscarbecerra6301,Que se destape toda la olla podrida,2026-04-27T16:43:11Z,0,gobierno de Tampico,"Milei captura a Farias Laguna: huachicol fiscal, tensión con México y alianza con Trump",Azteca Noticias,2026-04-25T05:43:52Z,2026-05-04 07:48:41
k7nN9C-KJ54,UgyBM6kak3ioS-_3e4V4AaABAg,@JoséLuisRamírez-b6c,Que ni haga escala en Chiapas.. !!! Directo a U.S.A.,2026-04-27T15:35:11Z,0,gobierno de Tampico,"Milei captura a Farias Laguna: huachicol fiscal, tensión con México y alianza con Trump",Azteca Noticias,2026-04-25T05:43:52Z,2026-05-04 07:48:41
k7nN9C-KJ54,UgxLTZIPWbGBKk7NjJN4AaABAg,@xyz7005,Que poético. Hace unas semanas claudia se burló del gobierno argentino por declarar al cartel jalisco como asociación terr.,2026-04-27T14:53:14Z,0,gobierno de Tampico,"Milei captura a Farias Laguna: huachicol fiscal, tensión con México y alianza con Trump",Azteca Noticias,2026-04-25T05:43:52Z,2026-05-04 07:48:41
k7nN9C-KJ54,UgwljCylSjn3VmGL6NB4AaABAg,@franciscovaldes8865,Mandenlo a eeuu porque en México lo liberan o lo desviven,2026-04-27T14:52:21Z,0,gobierno de Tampico,"Milei captura a Farias Laguna: huachicol fiscal, tensión con México y alianza con Trump",Azteca Noticias,2026-04-25T05:43:52Z,2026-05-04 07:48:41
k7nN9C-KJ54,Ugy-QLqY6wQWKPILcBt4AaABAg,@PoloRodriguez-t3y,"&quot;El que siembra vientos...&quot; caro le saldrá a la mafia del Peje y Claudia su Enemistad con Milei, ya que al detener a Farias, lo entregará a &quot;Trun&quot; y, agarrense Jrs del bienestar",2026-04-27T14:33:33Z,0,gobierno de Tampico,"Milei captura a Farias Laguna: huachicol fiscal, tensión con México y alianza con Trump",Azteca Noticias,2026-04-25T05:43:52Z,2026-05-04 07:48:41
k7nN9C-KJ54,Ugx7_Mz_h0nokYT0I814AaABAg,@JorgeCruzhernandez-y7u,QUE MILEI LE SAQUE INFORMACIÓN Y LO ENTREGUE A ESTADOS UNIDOS SI LO MANDA A MÉXICO AQUÍ LO VAN A MATAR DE INMEDIATO,2026-04-27T14:21:57Z,1,gobierno de Tampico,"Milei captura a Farias Laguna: huachicol fiscal, tensión con México y alianza con Trump",Azteca Noticias,2026-04-25T05:43:52Z,2026-05-04 07:48:41
k7nN9C-KJ54,Ugze7nbI8AxJJtIe1gl4AaABAg,@Adrian-n1f,No lo regresen para aca no por favor juzgenlo en los Estados Unidos  aqui lo van a dejar libre por no encontrar pruebas suficientes.....o peor aun se suicidara o lo..... por un echo atípico .,2026-04-27T14:09:09Z,0,gobierno de Tampico,"Milei captura a Farias Laguna: huachicol fiscal, tensión con México y alianza con Trump",Azteca Noticias,2026-04-25T05:43:52Z,2026-05-04 07:48:41
k7nN9C-KJ54,Ugy4gVQpQsrothM7qVZ4AaABAg,@lucreochoa9794,"Que se lo entregue a los 🇺🇸 🇺🇸, Porqué en México no hay ley lo van a soltar",2026-04-27T14:04:24Z,0,gobierno de Tampico,"Milei captura a Farias Laguna: huachicol fiscal, tensión con México y alianza con Trump",Azteca Noticias,2026-04-25T05:43:52Z,2026-05-04 07:48:41
k7nN9C-KJ54,UgwXpz8cGAkjDz3BVjZ4AaABAg,@albertotrevisanello4242,Los morenistas son narco terroristas ...diganme de que lado quieren estar ?,2026-04-27T13:40:31Z,0,gobierno de Tampico,"Milei captura a Farias Laguna: huachicol fiscal, tensión con México y alianza con Trump",Azteca Noticias,2026-04-25T05:43:52Z,2026-05-04 07:48:41
k7nN9C-KJ54,Ugxz7AoZMWvluX2tqt94AaABAg,@bayronjoelcastillosotelo9688,Va pal norte pues,2026-04-27T13:08:02Z,0,gobierno de Tampico,"Milei captura a Farias Laguna: huachicol fiscal, tensión con México y alianza con Trump",Azteca Noticias,2026-04-25T05:43:52Z,2026-05-04 07:48:41
k7nN9C-KJ54,Ugzvdh4LFbb9XMLKlBR4AaABAg,@JulioHernandez-zs5pb,Tiembla Peje!,2026-04-27T11:59:03Z,0,gobierno de Tampico,"Milei captura a Farias Laguna: huachicol fiscal, tensión con México y alianza con Trump",Azteca Noticias,2026-04-25T05:43:52Z,2026-05-04 07:48:41
k7nN9C-KJ54,Ugy4hrh2PXdOKXJLYS54AaABAg,@PedroBetancourt-r6t1g,Triste esperando Ake otros países hagan algo por mi México,2026-04-27T11:46:25Z,0,gobierno de Tampico,"Milei captura a Farias Laguna: huachicol fiscal, tensión con México y alianza con Trump",Azteca Noticias,2026-04-25T05:43:52Z,2026-05-04 07:48:41
k7nN9C-KJ54,UgzCGZhNuf82MEx2rgN4AaABAg,@Ricardo-m7v8y,"Wow, increíble, ojalá y Milei siga así, porque al parecer su gobierno se está saliendo de control",2026-04-27T10:22:36Z,0,gobierno de Tampico,"Milei captura a Farias Laguna: huachicol fiscal, tensión con México y alianza con Trump",Azteca Noticias,2026-04-25T05:43:52Z,2026-05-04 07:48:41
k7nN9C-KJ54,Ugy-A2rYzjzq7ejFfbN4AaABAg,@blacknight3862,Pelea de corruptos 🗣️🗣️🗣️🔥🔥,2026-04-27T07:07:37Z,0,gobierno de Tampico,"Milei captura a Farias Laguna: huachicol fiscal, tensión con México y alianza con Trump",Azteca Noticias,2026-04-25T05:43:52Z,2026-05-04 07:48:41
k7nN9C-KJ54,UgxGMmOo1VWgWolABwF4AaABAg,@lucidshakti5178,"ES,AGENDA TODOS JUEGAN A LO MISMO , PALANTIR ESTÀ EN MÈXICo PETER THIEL ES,EL DUEÑO Y .. .. ESE,ES OTRO TEMITA  JUEGO DE,AGENDAS TEATRO POLITICO  DRAMA Y COMEDIA BURLA E INSULTO.  A  LA HUMANIDAD.",2026-04-27T05:11:55Z,0,gobierno de Tampico,"Milei captura a Farias Laguna: huachicol fiscal, tensión con México y alianza con Trump",Azteca Noticias,2026-04-25T05:43:52Z,2026-05-04 07:48:41
k7nN9C-KJ54,UgwDkCJNnpqiyCp9Kux4AaABAg,@BrightMan07,"¡No fue el gobierno de Milei, fue la Interpol!",2026-04-27T04:37:26Z,0,gobierno de Tampico,"Milei captura a Farias Laguna: huachicol fiscal, tensión con México y alianza con Trump",Azteca Noticias,2026-04-25T05:43:52Z,2026-05-04 07:48:41
k7nN9C-KJ54,UgyBDUphjMJzGwcR8t14AaABAg,@lucasferragut67,"Periodistas tendenciosos y tergiversadores, No es Milei , es la justicia",2026-04-27T03:50:59Z,0,gobierno de Tampico,"Milei captura a Farias Laguna: huachicol fiscal, tensión con México y alianza con Trump",Azteca Noticias,2026-04-25T05:43:52Z,2026-05-04 07:48:41
k7nN9C-KJ54,UgyHxp4jDEcZ0fITI4B4AaABAg,@AlbertoLorenso-s1l,Los estados unidos <br>Alber la petición de México <br>😂😂😂😂😂😂😂😂😂😂😂😂,2026-04-27T03:34:53Z,0,gobierno de Tampico,"Milei captura a Farias Laguna: huachicol fiscal, tensión con México y alianza con Trump",Azteca Noticias,2026-04-25T05:43:52Z,2026-05-04 07:48:41
k7nN9C-KJ54,Ugy7VCPxIp_KUJ5ARBd4AaABAg,@RancheroAgricola,Y porque no lo quieren en México si aquí hizo sus delitos,2026-04-27T03:30:55Z,0,gobierno de Tampico,"Milei captura a Farias Laguna: huachicol fiscal, tensión con México y alianza con Trump",Azteca Noticias,2026-04-25T05:43:52Z,2026-05-04 07:48:41
k7nN9C-KJ54,Ugz_TIAV4olrQkIAUPB4AaABAg,@alexis5464,No se les vaya ocurrir traerlo a México que lo silencian,2026-04-27T02:21:02Z,0,gobierno de Tampico,"Milei captura a Farias Laguna: huachicol fiscal, tensión con México y alianza con Trump",Azteca Noticias,2026-04-25T05:43:52Z,2026-05-04 07:48:41
k7nN9C-KJ54,UgxmGx9rJSthk9D78414AaABAg,@delfinoluchopelay8781,Seria exelente que miley lo entrgue a los eeuu.porque aqui en mexico todavia lo ban a dar premio .,2026-04-27T01:35:00Z,0,gobierno de Tampico,"Milei captura a Farias Laguna: huachicol fiscal, tensión con México y alianza con Trump",Azteca Noticias,2026-04-25T05:43:52Z,2026-05-04 07:48:41
k7nN9C-KJ54,Ugyb4nYqpree_tpJr4Z4AaABAg,@angelhernandezalducin4254,Que gran noticia,2026-04-27T01:24:31Z,0,gobierno de Tampico,"Milei captura a Farias Laguna: huachicol fiscal, tensión con México y alianza con Trump",Azteca Noticias,2026-04-25T05:43:52Z,2026-05-04 07:48:41
k7nN9C-KJ54,Ugx32whzOiYzPOwW8p54AaABAg,@EnriqueVivar-q3z,Le agarron un angelito hala sen̈ora narco govierno,2026-04-27T01:08:41Z,0,gobierno de Tampico,"Milei captura a Farias Laguna: huachicol fiscal, tensión con México y alianza con Trump",Azteca Noticias,2026-04-25T05:43:52Z,2026-05-04 07:48:41
k7nN9C-KJ54,UgyEbmgJ6eIeeuoXmmp4AaABAg,@Demetrio-d3r,No seas mentiroso wey,2026-04-27T00:55:43Z,0,gobierno de Tampico,"Milei captura a Farias Laguna: huachicol fiscal, tensión con México y alianza con Trump",Azteca Noticias,2026-04-25T05:43:52Z,2026-05-04 07:48:41
k7nN9C-KJ54,UgxMI6mUZf80FGeioQ54AaABAg,@ivonnerosario9815,Seguro Miley le va interesar el dinero de estos criminales. Un presidente psicótico . USA obviamente también le interesa el producto del narc&amp; . Gracias que hay medios con los cuales nos enteramos verdaderamente. El amarillismo dura escasos minutes 😂,2026-04-27T00:25:52Z,0,gobierno de Tampico,"Milei captura a Farias Laguna: huachicol fiscal, tensión con México y alianza con Trump",Azteca Noticias,2026-04-25T05:43:52Z,2026-05-04 07:48:41
k7nN9C-KJ54,UgyZL2cCG3fZatRk6f94AaABAg,@luisvillar2303,Si que le saque  todo y lo mande a USA,2026-04-27T00:10:21Z,0,gobierno de Tampico,"Milei captura a Farias Laguna: huachicol fiscal, tensión con México y alianza con Trump",Azteca Noticias,2026-04-25T05:43:52Z,2026-05-04 07:48:41
k7nN9C-KJ54,UgykEbewyrgCHUiDfU54AaABAg,@emilo7295,¿Quién es Milei?,2026-04-26T23:56:52Z,0,gobierno de Tampico,"Milei captura a Farias Laguna: huachicol fiscal, tensión con México y alianza con Trump",Azteca Noticias,2026-04-25T05:43:52Z,2026-05-04 07:48:41
k7nN9C-KJ54,UgzW4df0eq2B4jEC5pN4AaABAg,@GAFE17MX,Mejor ve a decirle que ASER tu a mileya y trumpas para que te vean bien y Agan lo que dices 😂😂😂,2026-04-26T23:42:19Z,0,gobierno de Tampico,"Milei captura a Farias Laguna: huachicol fiscal, tensión con México y alianza con Trump",Azteca Noticias,2026-04-25T05:43:52Z,2026-05-04 07:48:41
k7nN9C-KJ54,Ugwea5UVR9NjIB5r3Op4AaABAg,@leoncog20112965,"Que no entreguen a ese traficante de huachicol, porque si lo entregan a México,  lo van a matar, porque no van a querer que declare...",2026-04-26T23:05:39Z,1,gobierno de Tampico,"Milei captura a Farias Laguna: huachicol fiscal, tensión con México y alianza con Trump",Azteca Noticias,2026-04-25T05:43:52Z,2026-05-04 07:48:41
k7nN9C-KJ54,UgxPm7ABJ7CXyj1d_hR4AaABAg,@carlosr5985,"Es el yo me mando solo🦮, que milei le pague a los jubilados en vez de andar comprando aviones de guerra,",2026-04-26T22:51:51Z,0,gobierno de Tampico,"Milei captura a Farias Laguna: huachicol fiscal, tensión con México y alianza con Trump",Azteca Noticias,2026-04-25T05:43:52Z,2026-05-04 07:48:41
k7nN9C-KJ54,UgxKi36uRTK2MmrdmLd4AaABAg,@marthamillanmartinez825,Arriba Milei! Ayude a México de estás lacras?,2026-04-26T21:47:18Z,0,gobierno de Tampico,"Milei captura a Farias Laguna: huachicol fiscal, tensión con México y alianza con Trump",Azteca Noticias,2026-04-25T05:43:52Z,2026-05-04 07:48:41
k7nN9C-KJ54,UgyFm3Imi3-GOmQELmV4AaABAg,@rociomendozaramirez5669,Que no lo estradite porque queda en libertad,2026-04-26T20:40:22Z,0,gobierno de Tampico,"Milei captura a Farias Laguna: huachicol fiscal, tensión con México y alianza con Trump",Azteca Noticias,2026-04-25T05:43:52Z,2026-05-04 07:48:41
k7nN9C-KJ54,UgwmPXac0kOWltXHsUR4AaABAg,@Roger005-x9q,Llévate Miley a la carcel de EUA,2026-04-26T20:30:51Z,0,gobierno de Tampico,"Milei captura a Farias Laguna: huachicol fiscal, tensión con México y alianza con Trump",Azteca Noticias,2026-04-25T05:43:52Z,2026-05-04 07:48:41
k7nN9C-KJ54,UgxGhFqeAWnpKi_DI7R4AaABAg,@TheRegulusSpica,Solo quiere sacar provecho.<br>Que lo cambien por 10 kilos carne de Burro y 10 de perro. Se mueren de hambre en Argentina y su payaso bailandole a los de Israel y Estados Unidos por las Malvinas. 😅😂😂😂😂😅,2026-04-26T20:26:18Z,0,gobierno de Tampico,"Milei captura a Farias Laguna: huachicol fiscal, tensión con México y alianza con Trump",Azteca Noticias,2026-04-25T05:43:52Z,2026-05-04 07:48:41
k7nN9C-KJ54,UgxW3QvNICP6qaCILrJ4AaABAg,@bau9452,Miley es la persona más irrelevante y ridícula,2026-04-26T19:49:36Z,1,gobierno de Tampico,"Milei captura a Farias Laguna: huachicol fiscal, tensión con México y alianza con Trump",Azteca Noticias,2026-04-25T05:43:52Z,2026-05-04 07:48:41
k7nN9C-KJ54,Ugwj6b6XBwaPrERE5314AaABAg,@normansiles9599,"Tensión México Milei no…tensión en México, Milei está tranquilo.",2026-04-26T19:17:18Z,4,gobierno de Tampico,"Milei captura a Farias Laguna: huachicol fiscal, tensión con México y alianza con Trump",Azteca Noticias,2026-04-25T05:43:52Z,2026-05-04 07:48:41
k7nN9C-KJ54,UgxOClshVqKbcckWrvN4AaABAg,@AlbertoAdame-g3r,Que se quede con el  ablen con cuneo  para que lo cagué y me al miley,2026-04-26T19:05:28Z,0,gobierno de Tampico,"Milei captura a Farias Laguna: huachicol fiscal, tensión con México y alianza con Trump",Azteca Noticias,2026-04-25T05:43:52Z,2026-05-04 07:48:41
k7nN9C-KJ54,Ugx6vqoEI15xkm7lxON4AaABAg,@HISTORIADORdelFUTURO,"Para que Milei sea tu heroe si que hay desesperacion en la oposicion .<br><br>Un tipo desalineado, con fallas claras en su personalidad, encima mas israeli que argentino.",2026-04-26T18:53:40Z,0,gobierno de Tampico,"Milei captura a Farias Laguna: huachicol fiscal, tensión con México y alianza con Trump",Azteca Noticias,2026-04-25T05:43:52Z,2026-05-04 07:48:41
k7nN9C-KJ54,UgzhLOAb9_JQkEd7EVh4AaABAg,@fernandoduarte2936,Mmmmm y quienes esta Miley jajjajajajaj otros corrutapso jajjajajajaj y pobres estan en las noticias,2026-04-26T18:46:34Z,0,gobierno de Tampico,"Milei captura a Farias Laguna: huachicol fiscal, tensión con México y alianza con Trump",Azteca Noticias,2026-04-25T05:43:52Z,2026-05-04 07:48:41
k7nN9C-KJ54,UgyShJ7P5APVFcZbA0x4AaABAg,@user2025-j8u,Miley gato de Trump 😂😂,2026-04-26T18:44:57Z,0,gobierno de Tampico,"Milei captura a Farias Laguna: huachicol fiscal, tensión con México y alianza con Trump",Azteca Noticias,2026-04-25T05:43:52Z,2026-05-04 07:48:41
k7nN9C-KJ54,Ugzs7d9hwKkxqQGkgXN4AaABAg,@joseluisarenas6944,No es presidente es un tirano,2026-04-26T18:26:04Z,1,gobierno de Tampico,"Milei captura a Farias Laguna: huachicol fiscal, tensión con México y alianza con Trump",Azteca Noticias,2026-04-25T05:43:52Z,2026-05-04 07:48:41
k7nN9C-KJ54,Ugwxdm0Awti7UN_il514AaABAg,@emmanuelag2583,Uyyy que miedo tenemos de arjentina 😂,2026-04-26T18:20:08Z,0,gobierno de Tampico,"Milei captura a Farias Laguna: huachicol fiscal, tensión con México y alianza con Trump",Azteca Noticias,2026-04-25T05:43:52Z,2026-05-04 07:48:41
k7nN9C-KJ54,UgzYlsYQKaGwVZk5s2V4AaABAg,@saturninoflores9016,Es el lame botas como tu.,2026-04-26T17:45:11Z,0,gobierno de Tampico,"Milei captura a Farias Laguna: huachicol fiscal, tensión con México y alianza con Trump",Azteca Noticias,2026-04-25T05:43:52Z,2026-05-04 07:48:41
k7nN9C-KJ54,Ugx47Pc-MYPwLBKUWuh4AaABAg,@haku8530,Ya se tardaron los animales a decir que Milei deseguro es del PRIAN.,2026-04-26T17:42:08Z,0,gobierno de Tampico,"Milei captura a Farias Laguna: huachicol fiscal, tensión con México y alianza con Trump",Azteca Noticias,2026-04-25T05:43:52Z,2026-05-04 07:48:41
k7nN9C-KJ54,Ugw1OG_6ckQwEt8-be54AaABAg,@MemoNXM,Ahí si no rebusnan los Cha1rs y resulta q no sabía el Atolero Macuspano??,2026-04-26T17:32:11Z,0,gobierno de Tampico,"Milei captura a Farias Laguna: huachicol fiscal, tensión con México y alianza con Trump",Azteca Noticias,2026-04-25T05:43:52Z,2026-05-04 07:48:41
k7nN9C-KJ54,UgwTNWGVgHRgFCh7Zgh4AaABAg,@LupecoColin,Latorre se oye muy lambe botas,2026-04-26T17:26:13Z,0,gobierno de Tampico,"Milei captura a Farias Laguna: huachicol fiscal, tensión con México y alianza con Trump",Azteca Noticias,2026-04-25T05:43:52Z,2026-05-04 07:48:41
k7nN9C-KJ54,Ugw3_b8pKYrBY0vcPYt4AaABAg,@XxX-ShAdoW-XxX,Argentino aca... algun mexicano que me pueda decir porque lo buscan a este tipo? porque yo nunca escuche nada de el hasta ahora...,2026-04-26T17:17:33Z,0,gobierno de Tampico,"Milei captura a Farias Laguna: huachicol fiscal, tensión con México y alianza con Trump",Azteca Noticias,2026-04-25T05:43:52Z,2026-05-04 07:48:41
k7nN9C-KJ54,UgwA_o7SAOMzt0pF-r54AaABAg,@estebansonvj6439,Que lo mandé directo y sin escalas al gabacho por favor Sr. Milei,2026-04-26T15:36:24Z,0,gobierno de Tampico,"Milei captura a Farias Laguna: huachicol fiscal, tensión con México y alianza con Trump",Azteca Noticias,2026-04-25T05:43:52Z,2026-05-04 07:48:41
k7nN9C-KJ54,UgyGZvwX-k6E8M1VFQd4AaABAg,@marcoantonioc8461,El que se manda sólo 😂😂😂<br>Puras mentiras!,2026-04-26T15:20:02Z,0,gobierno de Tampico,"Milei captura a Farias Laguna: huachicol fiscal, tensión con México y alianza con Trump",Azteca Noticias,2026-04-25T05:43:52Z,2026-05-04 07:48:41
k7nN9C-KJ54,UgzEjnxJwxE5GcOHbIV4AaABAg,@juancarlosfloreslopez5357,<b>NO DIGAS MAMADAS ALATORRE</b> 😮😮😮,2026-04-26T15:03:13Z,0,gobierno de Tampico,"Milei captura a Farias Laguna: huachicol fiscal, tensión con México y alianza con Trump",Azteca Noticias,2026-04-25T05:43:52Z,2026-05-04 07:48:41
k7nN9C-KJ54,Ugy0NzazCa_7jOn6ryV4AaABAg,@Eric-ge4tc,Aquí  en mexico ya no queremos mas delincuentes mejor paredón  ley fuga,2026-04-26T14:55:21Z,2,gobierno de Tampico,"Milei captura a Farias Laguna: huachicol fiscal, tensión con México y alianza con Trump",Azteca Noticias,2026-04-25T05:43:52Z,2026-05-04 07:48:41
k7nN9C-KJ54,UgxckNNpBGv7rmuqvch4AaABAg,@aljandrnuno164,La 🥩 de burro en Argentina 😂,2026-04-26T14:39:03Z,0,gobierno de Tampico,"Milei captura a Farias Laguna: huachicol fiscal, tensión con México y alianza con Trump",Azteca Noticias,2026-04-25T05:43:52Z,2026-05-04 07:48:41
k7nN9C-KJ54,UgyvIRnGpH5GDipQyi54AaABAg,@ManuelValzquez,Ese desquisiado del presidente milei.que aga lo que quiera .y tv azteca difundiendo .pura farandula.barata,2026-04-26T14:13:05Z,0,gobierno de Tampico,"Milei captura a Farias Laguna: huachicol fiscal, tensión con México y alianza con Trump",Azteca Noticias,2026-04-25T05:43:52Z,2026-05-04 07:48:41
k7nN9C-KJ54,Ugz9S4AKDYzjWbAiBVp4AaABAg,@camarilloguzman1290,Mileí es grande fuera<br>SHIETBAUN,2026-04-26T14:11:56Z,0,gobierno de Tampico,"Milei captura a Farias Laguna: huachicol fiscal, tensión con México y alianza con Trump",Azteca Noticias,2026-04-25T05:43:52Z,2026-05-04 07:48:41
k7nN9C-KJ54,UgzCw8UG2VDYiDzMsKl4AaABAg,@AGUSTINGONZALEZ-q7t,"Oye Javier, nadie puede desacreditar al malgobierno de claudia. Ellos solos se ensucian,  se desacreditan.",2026-04-26T13:56:01Z,0,gobierno de Tampico,"Milei captura a Farias Laguna: huachicol fiscal, tensión con México y alianza con Trump",Azteca Noticias,2026-04-25T05:43:52Z,2026-05-04 07:48:41
k7nN9C-KJ54,Ugyqxakxkd-zk3sGrgJ4AaABAg,@erickbetanzos7359,Javier qué vergüenza. En qué te viniste a convertir. Un vocero de la ultraderecha. Esa que está mandando gente en Palestina.,2026-04-26T13:41:26Z,0,gobierno de Tampico,"Milei captura a Farias Laguna: huachicol fiscal, tensión con México y alianza con Trump",Azteca Noticias,2026-04-25T05:43:52Z,2026-05-04 07:48:41
k7nN9C-KJ54,UgzsveOSYI8tBFS3nk54AaABAg,@DarioAlejandroZarazuaGom-qm3hk,No lo entreguen a México entregenlo a U SA🇺🇲🇺🇲🇺🇸🇺🇲🙏🇲🇽,2026-04-26T13:19:15Z,4,gobierno de Tampico,"Milei captura a Farias Laguna: huachicol fiscal, tensión con México y alianza con Trump",Azteca Noticias,2026-04-25T05:43:52Z,2026-05-04 07:48:41
k7nN9C-KJ54,UgzBtHf83MjVaGpOh3B4AaABAg,@DarioAlejandroZarazuaGom-qm3hk,Exigimos CÁRCEL al traidor comunista de López Obrador y sus cómplices políticos gracias 🇺🇲🇺🇸🇲🇽🙏,2026-04-26T13:18:46Z,2,gobierno de Tampico,"Milei captura a Farias Laguna: huachicol fiscal, tensión con México y alianza con Trump",Azteca Noticias,2026-04-25T05:43:52Z,2026-05-04 07:48:41
k7nN9C-KJ54,Ugz8p01PbLvIJ9bydjl4AaABAg,@DarioAlejandroZarazuaGom-qm3hk,Excelente muy bien gracias 👌🇺🇲🙏🇺🇸🇲🇽🇲🇽,2026-04-26T13:18:31Z,1,gobierno de Tampico,"Milei captura a Farias Laguna: huachicol fiscal, tensión con México y alianza con Trump",Azteca Noticias,2026-04-25T05:43:52Z,2026-05-04 07:48:41
k7nN9C-KJ54,Ugy2ZxSYljzqQdpKWYl4AaABAg,@JaimeCostecho-xxx,VA DECIR SHEINBAUN QUE EL NIÑO ES INOCENTE QUE LO LIBEREN O QUE SE LO EXTRADITEN,2026-04-26T13:15:46Z,0,gobierno de Tampico,"Milei captura a Farias Laguna: huachicol fiscal, tensión con México y alianza con Trump",Azteca Noticias,2026-04-25T05:43:52Z,2026-05-04 07:48:41
k7nN9C-KJ54,Ugx3MJykxTRbFn5p2714AaABAg,@jacoboisraellarasanchez7434,"Jajajajajaja a ver, el que no se manda solo pero siempre va por las tortillas y tu crees que le interesa la &quot;información&quot; que pueda tener o será que sólo quiere un moche del dinero que se llevó?",2026-04-26T12:21:47Z,0,gobierno de Tampico,"Milei captura a Farias Laguna: huachicol fiscal, tensión con México y alianza con Trump",Azteca Noticias,2026-04-25T05:43:52Z,2026-05-04 07:48:41
k7nN9C-KJ54,Ugxxc-DZa4dpNILzr5Z4AaABAg,@sm9600,😂😂 mejor atrapar a otros delincuentes que a ellos mismos Caso LIBRA y COINX,2026-04-26T11:38:20Z,0,gobierno de Tampico,"Milei captura a Farias Laguna: huachicol fiscal, tensión con México y alianza con Trump",Azteca Noticias,2026-04-25T05:43:52Z,2026-05-04 07:48:41
k7nN9C-KJ54,Ugw54JpEjOkXiKvb0V54AaABAg,@yazminsanchez2048,"Que otros presidentes y gobiernos hagan lo que el gobierno mexicano no está dispuesto a hacer,",2026-04-26T11:02:16Z,0,gobierno de Tampico,"Milei captura a Farias Laguna: huachicol fiscal, tensión con México y alianza con Trump",Azteca Noticias,2026-04-25T05:43:52Z,2026-05-04 07:48:41
k7nN9C-KJ54,UgztK7XLHR-8oujXgYB4AaABAg,@ST-ez8mk,México es un narcoestado,2026-04-26T10:39:31Z,1,gobierno de Tampico,"Milei captura a Farias Laguna: huachicol fiscal, tensión con México y alianza con Trump",Azteca Noticias,2026-04-25T05:43:52Z,2026-05-04 07:48:41
k7nN9C-KJ54,Ugx9o_S7SKitwN30jAd4AaABAg,@rociopedraja1179,Dice la verdad los carteles están con Sheinbaum,2026-04-26T07:55:17Z,0,gobierno de Tampico,"Milei captura a Farias Laguna: huachicol fiscal, tensión con México y alianza con Trump",Azteca Noticias,2026-04-25T05:43:52Z,2026-05-04 07:48:41
k7nN9C-KJ54,UgxW4v1MY6dbjBYQ9et4AaABAg,@ismaelperez-zm3uq,"Que mala información da este burro … neta lo bueno que en USA y los Mexicanos inteligentes no creemos en estas malas noticias. Quedan mal y su credibilidad se va por los suelos van a desaparecer sus noticieros falsos como el PRI, PAN y PT por vende patrias ya el pueblo está más politizado .. y aquí en USA como amamos a la 4T asta el final",2026-04-26T07:46:24Z,0,gobierno de Tampico,"Milei captura a Farias Laguna: huachicol fiscal, tensión con México y alianza con Trump",Azteca Noticias,2026-04-25T05:43:52Z,2026-05-04 07:48:41
k7nN9C-KJ54,UgynPAY_erM9jNcQCA94AaABAg,@Juan_Pablo_Glez_Vengas,Vamooooooooos Milei  😎👍🏻😎😎,2026-04-26T07:17:44Z,2,gobierno de Tampico,"Milei captura a Farias Laguna: huachicol fiscal, tensión con México y alianza con Trump",Azteca Noticias,2026-04-25T05:43:52Z,2026-05-04 07:48:41
k7nN9C-KJ54,UgyV0p7LNqGyLG-dBP54AaABAg,@PorlaRepublicaArgentina,Mechichorros AFUERA!!!!,2026-04-26T07:08:07Z,1,gobierno de Tampico,"Milei captura a Farias Laguna: huachicol fiscal, tensión con México y alianza con Trump",Azteca Noticias,2026-04-25T05:43:52Z,2026-05-04 07:48:41
k7nN9C-KJ54,UgxOfsKa0h2DkuO-j6J4AaABAg,@jassielrolandorodriguez293,Que milei mande al narcohuachicolero a usa para que declare todo,2026-04-26T06:33:17Z,0,gobierno de Tampico,"Milei captura a Farias Laguna: huachicol fiscal, tensión con México y alianza con Trump",Azteca Noticias,2026-04-25T05:43:52Z,2026-05-04 07:48:41
k7nN9C-KJ54,UgxlPW4OLaHrkx3DHUZ4AaABAg,@Hatzlaja-w6o,"Señor Presidente Milei, de argentina, puesudtex cumple con su trabajo y está haciendo lo que es correcto, pero ahora sí que usted tenga a es de Méxicano es muy mal visto por este gobierno, creo se enojaron por qué no se de erisn de haber hecho la detención no les gusto",2026-04-26T04:08:14Z,0,gobierno de Tampico,"Milei captura a Farias Laguna: huachicol fiscal, tensión con México y alianza con Trump",Azteca Noticias,2026-04-25T05:43:52Z,2026-05-04 07:48:41
k7nN9C-KJ54,UgyDj7mOflC3P3EhWgd4AaABAg,@JesusOrtega-b8d,Le van a sacar sus trapitos sucios a MORENA.,2026-04-26T04:00:10Z,0,gobierno de Tampico,"Milei captura a Farias Laguna: huachicol fiscal, tensión con México y alianza con Trump",Azteca Noticias,2026-04-25T05:43:52Z,2026-05-04 07:48:41
k7nN9C-KJ54,UgymD-OjMAJ4dYjHYq94AaABAg,@HumbertoGonzalezVillanueva,"Que lo interroguen en Argentina, que documenten todo y lo hagan publico a nivel mundial,para que se sepa el gobierno que tenemos en Mexico.",2026-04-26T03:49:35Z,1,gobierno de Tampico,"Milei captura a Farias Laguna: huachicol fiscal, tensión con México y alianza con Trump",Azteca Noticias,2026-04-25T05:43:52Z,2026-05-04 07:48:41
k7nN9C-KJ54,Ugydwo2wXFt7i2X6LDV4AaABAg,@ClaraUreñacastañon,Ni nos ase falta ese loco nacy d trump ademas s quiere adueñar del golfo d mexico si hubiera estado el pri ya s lo hubiera dado como otras riquezas mas,2026-04-26T03:43:54Z,0,gobierno de Tampico,"Milei captura a Farias Laguna: huachicol fiscal, tensión con México y alianza con Trump",Azteca Noticias,2026-04-25T05:43:52Z,2026-05-04 07:48:41
k7nN9C-KJ54,UgyrccLO8QZBUAFKFJt4AaABAg,@JuanMorales-qz2mg,J Miliy No lo entregues a MEXICO Dáselo A USA,2026-04-26T03:38:08Z,0,gobierno de Tampico,"Milei captura a Farias Laguna: huachicol fiscal, tensión con México y alianza con Trump",Azteca Noticias,2026-04-25T05:43:52Z,2026-05-04 07:48:41
k7nN9C-KJ54,UgztWzmEs0PEWXHowXV4AaABAg,@josealfredohoraciomoralesc1596,"Si Milei quiere chingarse a AMLO, que haga cantar a ese marino mexicano y lo exhiba internacionalmente",2026-04-26T03:33:38Z,0,gobierno de Tampico,"Milei captura a Farias Laguna: huachicol fiscal, tensión con México y alianza con Trump",Azteca Noticias,2026-04-25T05:43:52Z,2026-05-04 07:48:41
k7nN9C-KJ54,Ugxep2JjXCOO8CIQQ9V4AaABAg,@enry0772,Puro circo...de este ex-periodista.,2026-04-26T03:32:52Z,0,gobierno de Tampico,"Milei captura a Farias Laguna: huachicol fiscal, tensión con México y alianza con Trump",Azteca Noticias,2026-04-25T05:43:52Z,2026-05-04 07:48:41
k7nN9C-KJ54,Ugy-OeagmBxfo1Xqv1V4AaABAg,@julioramirez5552,El lame botas que desinforma,2026-04-26T03:30:13Z,0,gobierno de Tampico,"Milei captura a Farias Laguna: huachicol fiscal, tensión con México y alianza con Trump",Azteca Noticias,2026-04-25T05:43:52Z,2026-05-04 07:48:41
k7nN9C-KJ54,UgwBmQVX4zpn-4rhUqp4AaABAg,@DiegoHernandez-q2b,Javier eres un lambe zapatos de Miley como si los prianistas RATEROS vende patrias no estuvieran enbolucrados,2026-04-26T03:28:07Z,0,gobierno de Tampico,"Milei captura a Farias Laguna: huachicol fiscal, tensión con México y alianza con Trump",Azteca Noticias,2026-04-25T05:43:52Z,2026-05-04 07:48:41
k7nN9C-KJ54,UgxwQa3WTiVzSjOlI2l4AaABAg,@ValuaTuAuto,"Viva Trump, Viva Milei 👏👏👏",2026-04-26T03:04:35Z,0,gobierno de Tampico,"Milei captura a Farias Laguna: huachicol fiscal, tensión con México y alianza con Trump",Azteca Noticias,2026-04-25T05:43:52Z,2026-05-04 07:48:41
k7nN9C-KJ54,UgyabMsX36uLx_VOX2h4AaABAg,@rosaruizterron6450,"Por favor que no lo manden a MÉXICO desgraciadamente en este PAiS ya no hay JUSTICIA, mándelo a EEUU.",2026-04-26T03:00:18Z,9,gobierno de Tampico,"Milei captura a Farias Laguna: huachicol fiscal, tensión con México y alianza con Trump",Azteca Noticias,2026-04-25T05:43:52Z,2026-05-04 07:48:41
k7nN9C-KJ54,UgyD6SR5JcCabbGeTU14AaABAg,@rosagodinez8059,"😂😂😂😂😂Solo los más incultos le creen a Tvazteca, arma chismes.",2026-04-26T03:00:15Z,1,gobierno de Tampico,"Milei captura a Farias Laguna: huachicol fiscal, tensión con México y alianza con Trump",Azteca Noticias,2026-04-25T05:43:52Z,2026-05-04 07:48:41
k7nN9C-KJ54,Ugw7WFnvs7VlqfSlpEp4AaABAg,@michelleacevedogarcia288,Se imaginan al Pelucas entregando a ese señor????<br>Por supuesto que nooooo,2026-04-26T02:47:12Z,0,gobierno de Tampico,"Milei captura a Farias Laguna: huachicol fiscal, tensión con México y alianza con Trump",Azteca Noticias,2026-04-25T05:43:52Z,2026-05-04 07:48:41
k7nN9C-KJ54,UgyHsuoNAtVQBKE2Gg54AaABAg,@JuanEliasRosillo,😂😂😂😂no ppss waooo y cuando hacen un reportaje a fondo de la Maruja vendepstrias de los paniagudos?y de la alcaldesa que renunció de los paniagudos? Y por qué dices que Miley? El fue quien lanzo la alerta roja o México?explica bien también no dices nada del pedófilo de tu patrón 😂😂😂😂😂,2026-04-26T02:46:21Z,0,gobierno de Tampico,"Milei captura a Farias Laguna: huachicol fiscal, tensión con México y alianza con Trump",Azteca Noticias,2026-04-25T05:43:52Z,2026-05-04 07:48:41
k7nN9C-KJ54,UgxoVWD6EGu0U85QF7h4AaABAg,@juanmanuelperez7732,ERES EL PERIODISTA MAS MAS  MENTIROSO DE MEXICO...  YA NADIE TE VE....  MEJOR ABLA DE TU PATRON  PREGUNTALE SI ES PEDOFILO...,2026-04-26T02:40:59Z,0,gobierno de Tampico,"Milei captura a Farias Laguna: huachicol fiscal, tensión con México y alianza con Trump",Azteca Noticias,2026-04-25T05:43:52Z,2026-05-04 07:48:41
k7nN9C-KJ54,Ugx6C-y2anRQnOdbgVR4AaABAg,@Marco-d3s2d,Extradición a un lugar en dónde si se le aplique la ley,2026-04-26T02:30:00Z,0,gobierno de Tampico,"Milei captura a Farias Laguna: huachicol fiscal, tensión con México y alianza con Trump",Azteca Noticias,2026-04-25T05:43:52Z,2026-05-04 07:48:41
k7nN9C-KJ54,Ugxu1xcl6OmWNivWkgJ4AaABAg,@Marco-d3s2d,No importa absolutamente nada la opinión de los que cuidan a los delincuentes. <br>Ya sean Argentinos chinos o coreanos los que los atrapen mientras caigan y sigan cayendo los delincuentes es bueno para la sociedad Mexicana y para todo el mundo👍⚡❕❕❕,2026-04-26T02:27:10Z,0,gobierno de Tampico,"Milei captura a Farias Laguna: huachicol fiscal, tensión con México y alianza con Trump",Azteca Noticias,2026-04-25T05:43:52Z,2026-05-04 07:48:41
k7nN9C-KJ54,UgxD5v7fKKgEwnfl0d54AaABAg,@davidalcantara9195,"Que lo pida USA y Argentina lo manda de volada, ojalá lo pida Trump, para destapar todo el sexenio de AMLO y su secretario de Marina.",2026-04-26T02:24:24Z,4,gobierno de Tampico,"Milei captura a Farias Laguna: huachicol fiscal, tensión con México y alianza con Trump",Azteca Noticias,2026-04-25T05:43:52Z,2026-05-04 07:48:41
k7nN9C-KJ54,UgzxBYikWI2xe_OiVIR4AaABAg,@contraluziridiscente421,Es mejor que lo manden a USA... para que declare quienes son los jefes del Huachicol en el poder.,2026-04-26T02:08:45Z,1,gobierno de Tampico,"Milei captura a Farias Laguna: huachicol fiscal, tensión con México y alianza con Trump",Azteca Noticias,2026-04-25T05:43:52Z,2026-05-04 07:48:41
k7nN9C-KJ54,UgxpvqDIaWFV1od6LRh4AaABAg,@angelestejeda158,Se pondré bueno sacarán la sopa.,2026-04-26T01:33:21Z,0,gobierno de Tampico,"Milei captura a Farias Laguna: huachicol fiscal, tensión con México y alianza con Trump",Azteca Noticias,2026-04-25T05:43:52Z,2026-05-04 07:48:41
k7nN9C-KJ54,UgylVPwroWk1mKDCqNF4AaABAg,@VictorGarcia-l6m,Milei es un lambe botas de Estado Unidos.<br>Que se quede con su narco en argentina <br>México debe romper relaciones con Argentina que no aporta nada.<br>Y de una vez por todas con Estado Unidos que hoy en día es la burla de Irán .<br>México puede hacer tratos con China y Rusia.,2026-04-26T01:26:21Z,1,gobierno de Tampico,"Milei captura a Farias Laguna: huachicol fiscal, tensión con México y alianza con Trump",Azteca Noticias,2026-04-25T05:43:52Z,2026-05-04 07:48:41
k7nN9C-KJ54,UgyoT2tihieuvIcmwnt4AaABAg,@jaimelarroyo7743,Urge q Mexico rompa relaciones cin Argentina,2026-04-26T01:24:57Z,0,gobierno de Tampico,"Milei captura a Farias Laguna: huachicol fiscal, tensión con México y alianza con Trump",Azteca Noticias,2026-04-25T05:43:52Z,2026-05-04 07:48:41
k7nN9C-KJ54,Ugze4Po1C5sGzC6DK2d4AaABAg,@PavelDragunov-yv5dk,Viva claudia ! Viva mexico !🇲🇽 ratas hay en todo el mundo empezando por ustedes!😂,2026-04-26T01:17:01Z,0,gobierno de Tampico,"Milei captura a Farias Laguna: huachicol fiscal, tensión con México y alianza con Trump",Azteca Noticias,2026-04-25T05:43:52Z,2026-05-04 07:48:41
k7nN9C-KJ54,UgzxIs7tUNMk-6i_IjF4AaABAg,@cesarmoreno7093,"Pues tenia orden de aprensión girada por México, sino no o hubieran detenido no se hagan Güemes ni inventen cosas.",2026-04-26T01:14:49Z,0,gobierno de Tampico,"Milei captura a Farias Laguna: huachicol fiscal, tensión con México y alianza con Trump",Azteca Noticias,2026-04-25T05:43:52Z,2026-05-04 07:48:41
k7nN9C-KJ54,Ugz8aIwtcbMQauBVF9B4AaABAg,@ausencioalvarado5386,"Lo deportan y acá queda libre , mejor que se quede con el",2026-04-26T01:09:13Z,0,gobierno de Tampico,"Milei captura a Farias Laguna: huachicol fiscal, tensión con México y alianza con Trump",Azteca Noticias,2026-04-25T05:43:52Z,2026-05-04 07:48:41
k7nN9C-KJ54,UgwD9mGTgegLX8xtIZF4AaABAg,@RobertReyesAmayaBeto,Tengan buena noche esos paleros igual 5javier ala torre,2026-04-26T01:08:56Z,0,gobierno de Tampico,"Milei captura a Farias Laguna: huachicol fiscal, tensión con México y alianza con Trump",Azteca Noticias,2026-04-25T05:43:52Z,2026-05-04 07:48:41
k7nN9C-KJ54,Ugy67t0XbLqtEyWWdfp4AaABAg,@luiscordovaleyva4459,Y no dicen nada de la carne burro ni de la estafa de milei y las cryptomonedas,2026-04-26T01:08:05Z,0,gobierno de Tampico,"Milei captura a Farias Laguna: huachicol fiscal, tensión con México y alianza con Trump",Azteca Noticias,2026-04-25T05:43:52Z,2026-05-04 07:48:41
k7nN9C-KJ54,Ugz8clLb4KCY72_r6cV4AaABAg,@gustavoTrace,Israel vive en mexico jacob y abrsn y moyse y yave🎉😂😂😂❤🎉🎉🎉😂❤🎉🎉😅😅😅😅😅😅😊😊😊😊😊😊😊😊,2026-04-26T00:59:58Z,0,gobierno de Tampico,"Milei captura a Farias Laguna: huachicol fiscal, tensión con México y alianza con Trump",Azteca Noticias,2026-04-25T05:43:52Z,2026-05-04 07:48:41
k7nN9C-KJ54,Ugwt-aESLJu16USK06B4AaABAg,@PavarotyMusico,Fuerza desinformativa chorizos,2026-04-26T00:46:26Z,1,gobierno de Tampico,"Milei captura a Farias Laguna: huachicol fiscal, tensión con México y alianza con Trump",Azteca Noticias,2026-04-25T05:43:52Z,2026-05-04 07:48:41
k7nN9C-KJ54,UgyqmHfvi11flymrZpR4AaABAg,@beldavazquez3834,va en serio si MEXICO NO LE PEGA A LOS CARTELES LO VA A HACER LATAM,2026-04-26T00:45:30Z,0,gobierno de Tampico,"Milei captura a Farias Laguna: huachicol fiscal, tensión con México y alianza con Trump",Azteca Noticias,2026-04-25T05:43:52Z,2026-05-04 07:48:41
k7nN9C-KJ54,Ugy95a0a-NZ6aFWyuyd4AaABAg,@dannyrob4722,Apoyo que lo deporte pero a EU,2026-04-26T00:37:24Z,0,gobierno de Tampico,"Milei captura a Farias Laguna: huachicol fiscal, tensión con México y alianza con Trump",Azteca Noticias,2026-04-25T05:43:52Z,2026-05-04 07:48:41
k7nN9C-KJ54,UgwWmaPN29GcJi-wnmh4AaABAg,@sergiogarcia7719,Van a papear al chupacabras,2026-04-26T00:36:41Z,0,gobierno de Tampico,"Milei captura a Farias Laguna: huachicol fiscal, tensión con México y alianza con Trump",Azteca Noticias,2026-04-25T05:43:52Z,2026-05-04 07:48:41
k7nN9C-KJ54,Ugw9ADrPkR3_iwYL4PZ4AaABAg,@aleflou,"En argentina ya comen carne de burro, aguas Milei. El escudo del capitán América 😂😂😂😂. Trump, lista Epstein, sionista y esclavo de Netanyahu dando clases de moral a México 😂😂😂😂 el mundo al reves",2026-04-26T00:18:50Z,0,gobierno de Tampico,"Milei captura a Farias Laguna: huachicol fiscal, tensión con México y alianza con Trump",Azteca Noticias,2026-04-25T05:43:52Z,2026-05-04 07:48:41
k7nN9C-KJ54,UgwheoFNn_85XDsCBpt4AaABAg,@JoelZamarron-d6n,No fue Miilei  el andaba bailando y haciendo de bufón en Israel .,2026-04-26T00:05:24Z,0,gobierno de Tampico,"Milei captura a Farias Laguna: huachicol fiscal, tensión con México y alianza con Trump",Azteca Noticias,2026-04-25T05:43:52Z,2026-05-04 07:48:41
k7nN9C-KJ54,UgxZ2EWAQUkKvSiWAJt4AaABAg,@pinkpantherrosa3235,Gracias sr presidente 🤗,2026-04-25T23:42:12Z,2,gobierno de Tampico,"Milei captura a Farias Laguna: huachicol fiscal, tensión con México y alianza con Trump",Azteca Noticias,2026-04-25T05:43:52Z,2026-05-04 07:48:41
k7nN9C-KJ54,UgzcmbEnDahT97So6k94AaABAg,@Nikita-z1n7k,Muchas felicidades a Milei un presidente de admirar con sus ejemplos y su honestidad. Sin duda un presidente de calidad que llega a nivel de Bukele <br>🎉🎉😇🙏🕯️🎉🎉🎉 Muchas bendiciones y mucha luz para Argentina y Estados Unidos. México necesita salir de la oscuridad tan corrupto y llena de resentimiento social. Sobré todo de la confusión tan manipulada por el gobierno que solo busca sacar provecho!!!! Robando descaradamente!!! No más abuso no más robo no más traición a la patria poniendo a pelear a la sociedad. Para salir victorioso!! México ya está despierto y se levanta.😇🙏🕯️Dios con nosotros!! El diablo clen espera de los condenados 🎉🎉🎉🎉💔😔,2026-04-25T23:36:22Z,1,gobierno de Tampico,"Milei captura a Farias Laguna: huachicol fiscal, tensión con México y alianza con Trump",Azteca Noticias,2026-04-25T05:43:52Z,2026-05-04 07:48:41
k7nN9C-KJ54,UgzkS_wRX0VFxraxKL14AaABAg,@lucreciadominguez5241,Tan escandaloso ... Haciendo leña del árbol...,2026-04-25T23:28:21Z,0,gobierno de Tampico,"Milei captura a Farias Laguna: huachicol fiscal, tensión con México y alianza con Trump",Azteca Noticias,2026-04-25T05:43:52Z,2026-05-04 07:48:41
k7nN9C-KJ54,Ugyewcy3MDHVHpb2IBp4AaABAg,@FelipeSanchez-wz3dx,Dos golpes a Claudia está detención y el caso del narco laboratorio..😮,2026-04-25T22:57:53Z,1,gobierno de Tampico,"Milei captura a Farias Laguna: huachicol fiscal, tensión con México y alianza con Trump",Azteca Noticias,2026-04-25T05:43:52Z,2026-05-04 07:48:41
k7nN9C-KJ54,UgwcaPbQ8eGJS5-AwY54AaABAg,@EmilianoCrousH,Pobres argentinos abra los ojos ese mileini nomás mira por si mismo isu puevlo keselocarge la chinnnn,2026-04-25T22:51:29Z,0,gobierno de Tampico,"Milei captura a Farias Laguna: huachicol fiscal, tensión con México y alianza con Trump",Azteca Noticias,2026-04-25T05:43:52Z,2026-05-04 07:48:41
k7nN9C-KJ54,Ugx7VBp73k6OlNvPug14AaABAg,@aldomaster276,Clave?!<br><br>Santa madre ya dijo la frase...,2026-04-25T22:45:30Z,0,gobierno de Tampico,"Milei captura a Farias Laguna: huachicol fiscal, tensión con México y alianza con Trump",Azteca Noticias,2026-04-25T05:43:52Z,2026-05-04 07:48:41
k7nN9C-KJ54,UgwgjI0asN0SbFxlVEh4AaABAg,@kovoz7918,Cual es el estrés es un delincuente que se lo quede argentina tal vez hasta le den un puesto en la Casa Rosada💵💰‼️🙃,2026-04-25T22:30:19Z,0,gobierno de Tampico,"Milei captura a Farias Laguna: huachicol fiscal, tensión con México y alianza con Trump",Azteca Noticias,2026-04-25T05:43:52Z,2026-05-04 07:48:41
k7nN9C-KJ54,UgwXjM0eN6f1jW7C7-t4AaABAg,@jorgegomez7497,"Presidente Milei por favor  mándelo a USA para que lo pongan a cantar en el MDC Brooklyn (Metropolitan Detention Center), el pueblo bueno y sabio le estará eternamente agradecido ¡AMEN!",2026-04-25T22:27:56Z,0,gobierno de Tampico,"Milei captura a Farias Laguna: huachicol fiscal, tensión con México y alianza con Trump",Azteca Noticias,2026-04-25T05:43:52Z,2026-05-04 07:48:41
k7nN9C-KJ54,Ugwozb0wjE0YssV9eYJ4AaABAg,@user-mv777,Esta raza maldita de Costa Rica no tienen negocio si no hablan de México. Ya le deberíamos cobrar.,2026-04-25T22:27:21Z,1,gobierno de Tampico,"Milei captura a Farias Laguna: huachicol fiscal, tensión con México y alianza con Trump",Azteca Noticias,2026-04-25T05:43:52Z,2026-05-04 07:48:41
k7nN9C-KJ54,Ugx9VhlKm3YjQ8yxyDp4AaABAg,@deuteriumx5076,"Milei, la esperanza de México 😎🙏",2026-04-25T22:00:51Z,3,gobierno de Tampico,"Milei captura a Farias Laguna: huachicol fiscal, tensión con México y alianza con Trump",Azteca Noticias,2026-04-25T05:43:52Z,2026-05-04 07:48:41
k7nN9C-KJ54,Ugy5FcpcBGC3lt2oa094AaABAg,@luisrios528,La gata del imperio ya empezó a moverle la colita a su amo.,2026-04-25T21:21:10Z,0,gobierno de Tampico,"Milei captura a Farias Laguna: huachicol fiscal, tensión con México y alianza con Trump",Azteca Noticias,2026-04-25T05:43:52Z,2026-05-04 07:48:41
k7nN9C-KJ54,Ugw-1_ZvQt_vowzbQhF4AaABAg,@AnaRud,👀,2026-04-25T21:10:28Z,0,gobierno de Tampico,"Milei captura a Farias Laguna: huachicol fiscal, tensión con México y alianza con Trump",Azteca Noticias,2026-04-25T05:43:52Z,2026-05-04 07:48:41
k7nN9C-KJ54,UgwhsbazCULmTMAV3hx4AaABAg,@efrainsalazar186,"Por favor Sr. Milei mandé a este ladrón a EU, para que sea juzgado por Trump, en México lo van a guardar y no le van hacer nada, es más lo va a cuidar.",2026-04-25T21:09:43Z,0,gobierno de Tampico,"Milei captura a Farias Laguna: huachicol fiscal, tensión con México y alianza con Trump",Azteca Noticias,2026-04-25T05:43:52Z,2026-05-04 07:48:41
k7nN9C-KJ54,Ugx4h4Ce_qSnp180j2t4AaABAg,@VirgynBlack,Directo a Estados Unidos porque en México lo van a soltar o lo van a desvivir &quot;por accidente&quot; como al Mencho,2026-04-25T21:03:11Z,0,gobierno de Tampico,"Milei captura a Farias Laguna: huachicol fiscal, tensión con México y alianza con Trump",Azteca Noticias,2026-04-25T05:43:52Z,2026-05-04 07:48:41
k7nN9C-KJ54,UgxbO18rZw_r9NTnNIN4AaABAg,@LuisChavez-zn6ec,"Todos son corruptos presudentd eu, argentina, mexico la diferencia es conveniencia 😂😂😂😂",2026-04-25T20:42:31Z,0,gobierno de Tampico,"Milei captura a Farias Laguna: huachicol fiscal, tensión con México y alianza con Trump",Azteca Noticias,2026-04-25T05:43:52Z,2026-05-04 07:48:41
k7nN9C-KJ54,Ugxy2GS-b9QO0bVn9aZ4AaABAg,@victorcabeza8536,De risa esta &quot;noticia&quot;,2026-04-25T20:41:37Z,0,gobierno de Tampico,"Milei captura a Farias Laguna: huachicol fiscal, tensión con México y alianza con Trump",Azteca Noticias,2026-04-25T05:43:52Z,2026-05-04 07:48:41
k7nN9C-KJ54,UgyFjPi8sS1X5EGgUZp4AaABAg,@izzzua,Mejor dile a tu patrón que pague los impuestos 😂😂😂🎉🎉,2026-04-25T19:58:34Z,0,gobierno de Tampico,"Milei captura a Farias Laguna: huachicol fiscal, tensión con México y alianza con Trump",Azteca Noticias,2026-04-25T05:43:52Z,2026-05-04 07:48:41
k7nN9C-KJ54,UgwNIe7_6lCeuFbaEjN4AaABAg,@panchovilla6008,Que importa lo que diga ese perrito.,2026-04-25T19:54:48Z,0,gobierno de Tampico,"Milei captura a Farias Laguna: huachicol fiscal, tensión con México y alianza con Trump",Azteca Noticias,2026-04-25T05:43:52Z,2026-05-04 07:48:41
k7nN9C-KJ54,UgxiT1NgKWXYxaQMBk94AaABAg,@rociogalindoarizmendi8334,Por favor presidente MILEI 🙏🏼🙏🏼 dele asilo e informe al presidente Trump para que les pase la verdad de quién es el líder del huachicol que aquí en México estamos segurísimos que es el expresidente lopez obrador y sus hijos. Si lo manda para México lo van a desparecer 💀 el primer marino que pasó la información al tío de este lo asesinaron. Van hacer lo mismo con requena el socio de adan augusto líder de la barredora. Se lo van a llevar al viej0 obrador para que lo amedentre o de la orden de asesinarlo,2026-04-25T19:37:08Z,0,gobierno de Tampico,"Milei captura a Farias Laguna: huachicol fiscal, tensión con México y alianza con Trump",Azteca Noticias,2026-04-25T05:43:52Z,2026-05-04 07:48:41
k7nN9C-KJ54,UgxYwEewi4pMaXPj-Yl4AaABAg,@markis650,"No lo mandén a México... allá investigue lo, no se lo suelten como al líder de la barredora, esconder la cloaca , así que igual directo a EU ... allá lo exprimen... Tienen un pescado gigante",2026-04-25T19:36:24Z,0,gobierno de Tampico,"Milei captura a Farias Laguna: huachicol fiscal, tensión con México y alianza con Trump",Azteca Noticias,2026-04-25T05:43:52Z,2026-05-04 07:48:41
k7nN9C-KJ54,UgzBWkPBLwuYse8eRHN4AaABAg,@sandlev8794,DIRECTO A E.U  AQUÍ EN MÉXICO  NO !!! LOS DEJAN LIBRES!!!,2026-04-25T19:23:15Z,111,gobierno de Tampico,"Milei captura a Farias Laguna: huachicol fiscal, tensión con México y alianza con Trump",Azteca Noticias,2026-04-25T05:43:52Z,2026-05-04 07:48:41
k7nN9C-KJ54,UgzQ_Yh98Kx4Wx3IZvt4AaABAg,@dannymart-hyld6130,Argentina confirma extradición pacífica de un criminal*<br><br>El medio menos amarillista de México: &quot;TENSIÓN MEXICO-GOBERNADOR DE ARGENTINA*,2026-04-25T19:22:15Z,1,gobierno de Tampico,"Milei captura a Farias Laguna: huachicol fiscal, tensión con México y alianza con Trump",Azteca Noticias,2026-04-25T05:43:52Z,2026-05-04 07:48:41
k7nN9C-KJ54,Ugz2WoCELYKRfvBhLk14AaABAg,@marcushernandez9018,Che chayotero!,2026-04-25T19:21:04Z,0,gobierno de Tampico,"Milei captura a Farias Laguna: huachicol fiscal, tensión con México y alianza con Trump",Azteca Noticias,2026-04-25T05:43:52Z,2026-05-04 07:48:41
k7nN9C-KJ54,Ugw8D2FyZVuoxACWBwN4AaABAg,@Cuauhtláhuac,Si lo mandan a México lo van a liberar,2026-04-25T19:19:39Z,0,gobierno de Tampico,"Milei captura a Farias Laguna: huachicol fiscal, tensión con México y alianza con Trump",Azteca Noticias,2026-04-25T05:43:52Z,2026-05-04 07:48:41
k7nN9C-KJ54,UgzL4VpcyrezkvEUCE54AaABAg,@alfredog5586,Lo que él pueda decir involucrando a políticos mexicanos del gobierno actual o anterior la presidente con cinismo lo negará.,2026-04-25T19:11:01Z,0,gobierno de Tampico,"Milei captura a Farias Laguna: huachicol fiscal, tensión con México y alianza con Trump",Azteca Noticias,2026-04-25T05:43:52Z,2026-05-04 07:48:41
k7nN9C-KJ54,UgxF-zXlueaH_kw-byt4AaABAg,@lucinorivera4424,Ay a la torre hasta donde as llegado 😒🤦 una lástima de comunicador.,2026-04-25T19:06:36Z,0,gobierno de Tampico,"Milei captura a Farias Laguna: huachicol fiscal, tensión con México y alianza con Trump",Azteca Noticias,2026-04-25T05:43:52Z,2026-05-04 07:48:41
k7nN9C-KJ54,UgxrrdtpHTga2ufcVyd4AaABAg,@GustavoGarcia-qq4ec,"Milei, el amigo y aliado de trump por la seguridad hemisferica captura a farias el huachicolero, casi como si lo hubiera capturado Trump, le van a sacar la informacion de quienes son los peces gordos  del huachicol, se les vino la noche a los de MORENA",2026-04-25T19:03:48Z,4,gobierno de Tampico,"Milei captura a Farias Laguna: huachicol fiscal, tensión con México y alianza con Trump",Azteca Noticias,2026-04-25T05:43:52Z,2026-05-04 07:48:41
k7nN9C-KJ54,Ugz7lS-sVu_1uyISHQB4AaABAg,@The-Axxtro,Lo puede papear!!! 🗣🗣🗣,2026-04-25T18:55:52Z,0,gobierno de Tampico,"Milei captura a Farias Laguna: huachicol fiscal, tensión con México y alianza con Trump",Azteca Noticias,2026-04-25T05:43:52Z,2026-05-04 07:48:41
k7nN9C-KJ54,UgyxUJoCT3tZv6IHmHV4AaABAg,@RaúlMoralesJr,"No puede ser, y acabamos de pelearnos con los argentinos por los conciertos de AC/DC.",2026-04-25T18:54:14Z,1,gobierno de Tampico,"Milei captura a Farias Laguna: huachicol fiscal, tensión con México y alianza con Trump",Azteca Noticias,2026-04-25T05:43:52Z,2026-05-04 07:48:41
k7nN9C-KJ54,UgwzVLTJZyT2_dCPjSN4AaABAg,@TheAllenfujioka,Milei no capturó a nadie si acaso fue la policía ni enterado estaba el tipo aya beandole las bolas a Netanyahu... Pinches eunucos USUREROS ! jajaja,2026-04-25T18:43:39Z,0,gobierno de Tampico,"Milei captura a Farias Laguna: huachicol fiscal, tensión con México y alianza con Trump",Azteca Noticias,2026-04-25T05:43:52Z,2026-05-04 07:48:41
k7nN9C-KJ54,Ugy0v4-y1AoiXX12CTd4AaABAg,@horacioperezbanuet4264,Pero ellos son los criminales,2026-04-25T18:39:23Z,0,gobierno de Tampico,"Milei captura a Farias Laguna: huachicol fiscal, tensión con México y alianza con Trump",Azteca Noticias,2026-04-25T05:43:52Z,2026-05-04 07:48:41
k7nN9C-KJ54,UgzwEwsByKkG8r7_iR14AaABAg,@Purata-fe3tl,Purooo. Arguendeeeee 😮😮SI en México no conocen. La. Corrupción 😅😅,2026-04-25T18:38:47Z,0,gobierno de Tampico,"Milei captura a Farias Laguna: huachicol fiscal, tensión con México y alianza con Trump",Azteca Noticias,2026-04-25T05:43:52Z,2026-05-04 07:48:41
k7nN9C-KJ54,UgypkIdaDzZv3t4eMM54AaABAg,@ElmerRoberto-y8x,"Nuestra presidenta Claudia Sheinbaum hará lo posible por repatriarlo, nuestros criminales son nuestros y merecen ser libres llegando a México y seguir delinquiendo, ¡ Viva México y sus tradiciones !..",2026-04-25T18:38:00Z,0,gobierno de Tampico,"Milei captura a Farias Laguna: huachicol fiscal, tensión con México y alianza con Trump",Azteca Noticias,2026-04-25T05:43:52Z,2026-05-04 07:48:41
k7nN9C-KJ54,UgxPapn94FVAXX7pId54AaABAg,@JuanFlores-q9i,Se los llevo la vrg,2026-04-25T18:36:26Z,0,gobierno de Tampico,"Milei captura a Farias Laguna: huachicol fiscal, tensión con México y alianza con Trump",Azteca Noticias,2026-04-25T05:43:52Z,2026-05-04 07:48:41
k7nN9C-KJ54,UgxD-Z4lmEYYk6AZKN14AaABAg,@orkz6166,Parece que solo el gobierno es el único que se molesta cuando atrapan a un criminal.,2026-04-25T17:59:02Z,0,gobierno de Tampico,"Milei captura a Farias Laguna: huachicol fiscal, tensión con México y alianza con Trump",Azteca Noticias,2026-04-25T05:43:52Z,2026-05-04 07:48:41
k7nN9C-KJ54,UgzlLxnzdyQ0Bzov4ml4AaABAg,@teresamexico309,Regalito para Trump jajaja<br>Aunque el tipo está pidiendo asilo político en Argentina y presentaran sus abogados los alegatos que según ellos creen que proceden para evitar la extradición.,2026-04-25T17:52:54Z,0,gobierno de Tampico,"Milei captura a Farias Laguna: huachicol fiscal, tensión con México y alianza con Trump",Azteca Noticias,2026-04-25T05:43:52Z,2026-05-04 07:48:41
k7nN9C-KJ54,UgzwbmUUMJpwWH9OxT14AaABAg,@rosamistica-be3,No creo le moleste a Milei extradirarlo a Mexico . El anda en Israel .,2026-04-25T17:51:34Z,0,gobierno de Tampico,"Milei captura a Farias Laguna: huachicol fiscal, tensión con México y alianza con Trump",Azteca Noticias,2026-04-25T05:43:52Z,2026-05-04 07:48:41
k7nN9C-KJ54,Ugxfkym412o0ah6KUXt4AaABAg,@JoelalbertoVillaloboschacon,CACA  AZTECA  Y SUS  ARRASTRADOS  SEGUIDORES,2026-04-25T17:45:04Z,0,gobierno de Tampico,"Milei captura a Farias Laguna: huachicol fiscal, tensión con México y alianza con Trump",Azteca Noticias,2026-04-25T05:43:52Z,2026-05-04 07:48:41
k7nN9C-KJ54,UgzJseFBpHb1QbdzQBl4AaABAg,@MiguelMartinezMata-c5r,Con México no se meta argentino 3s    es gey ygual que trun,2026-04-25T17:43:45Z,0,gobierno de Tampico,"Milei captura a Farias Laguna: huachicol fiscal, tensión con México y alianza con Trump",Azteca Noticias,2026-04-25T05:43:52Z,2026-05-04 07:48:41
k7nN9C-KJ54,UgyEYO-KPIHkUtmxbdN4AaABAg,@blitzkrieg456,Y no has hablado de que en argentina comen burro...,2026-04-25T17:40:06Z,0,gobierno de Tampico,"Milei captura a Farias Laguna: huachicol fiscal, tensión con México y alianza con Trump",Azteca Noticias,2026-04-25T05:43:52Z,2026-05-04 07:48:41
k7nN9C-KJ54,Ugz1fc8A-iPpTSLR6b54AaABAg,@jorgea6694,Cómo es posible que se posicionen del lado de milei 😂,2026-04-25T17:36:15Z,0,gobierno de Tampico,"Milei captura a Farias Laguna: huachicol fiscal, tensión con México y alianza con Trump",Azteca Noticias,2026-04-25T05:43:52Z,2026-05-04 07:48:41
k7nN9C-KJ54,UgzfJe5gCnM0pbR0AZd4AaABAg,@pedroloyadominguez5971,"NO SEAN MENTIROSOS, AL CONTRA ALMIRANTE, LO DETUVIERA LOS DE LA INTERPOL CON AUXILIO DE LA FEDERAL DE ARGENTINA, NO MILEI 😂😂😂",2026-04-25T17:29:59Z,0,gobierno de Tampico,"Milei captura a Farias Laguna: huachicol fiscal, tensión con México y alianza con Trump",Azteca Noticias,2026-04-25T05:43:52Z,2026-05-04 07:48:41
k7nN9C-KJ54,UgyTzw0iS2Zri6rzrst4AaABAg,@angelaarvizu3906,Yo me mandó solo😂😂😂😂,2026-04-25T17:24:15Z,0,gobierno de Tampico,"Milei captura a Farias Laguna: huachicol fiscal, tensión con México y alianza con Trump",Azteca Noticias,2026-04-25T05:43:52Z,2026-05-04 07:48:41
k7nN9C-KJ54,UgwOCZzRA850ttxPRKl4AaABAg,@Torresk1998,Ese es mi presidente 🇦🇷🇦🇷🇦🇷🫡🫡🫡🦁🦁🦁,2026-04-25T17:16:48Z,1,gobierno de Tampico,"Milei captura a Farias Laguna: huachicol fiscal, tensión con México y alianza con Trump",Azteca Noticias,2026-04-25T05:43:52Z,2026-05-04 07:48:41
k7nN9C-KJ54,UgzqwzuHkTwzjqigG3h4AaABAg,@josemorales-b9i1d,MEXICO ESUN NARCOESTADO!!😢😢,2026-04-25T17:15:29Z,3,gobierno de Tampico,"Milei captura a Farias Laguna: huachicol fiscal, tensión con México y alianza con Trump",Azteca Noticias,2026-04-25T05:43:52Z,2026-05-04 07:48:41
k7nN9C-KJ54,Ugw6GmE_-0spQn_eN_p4AaABAg,@yeyelvab9666,De repente me acordé de un tal Cienfuegos,2026-04-25T17:13:10Z,0,gobierno de Tampico,"Milei captura a Farias Laguna: huachicol fiscal, tensión con México y alianza con Trump",Azteca Noticias,2026-04-25T05:43:52Z,2026-05-04 07:48:41
k7nN9C-KJ54,Ugz48sbpoCwg3o12PmN4AaABAg,@liderdan,Que asco da este conductor,2026-04-25T17:11:12Z,0,gobierno de Tampico,"Milei captura a Farias Laguna: huachicol fiscal, tensión con México y alianza con Trump",Azteca Noticias,2026-04-25T05:43:52Z,2026-05-04 07:48:41
k7nN9C-KJ54,UgyxkDHfNto98EwK_z54AaABAg,@medidasoficina4508,"We are very pleased to see from Washington this capture of this gentleman, through this person we will reach the top of the iceberg of corruption",2026-04-25T16:54:02Z,0,gobierno de Tampico,"Milei captura a Farias Laguna: huachicol fiscal, tensión con México y alianza con Trump",Azteca Noticias,2026-04-25T05:43:52Z,2026-05-04 07:48:41
k7nN9C-KJ54,UgyqqhcuDkSqQDZEYGZ4AaABAg,@chirimpihuila,Francamente que lo entregue  a estados unidos no a los corruptos de MORENA al rato a ese delincuente lo premian como a cien fuegos,2026-04-25T16:49:25Z,0,gobierno de Tampico,"Milei captura a Farias Laguna: huachicol fiscal, tensión con México y alianza con Trump",Azteca Noticias,2026-04-25T05:43:52Z,2026-05-04 07:48:41
k7nN9C-KJ54,Ugytuz5Cov-GXGHxrdR4AaABAg,@cookiesguevara3355,"QUÉ BUENO QUÉ NO FUÉ EN MÉXICO 🙏🇲🇽 GRACIAS MILEI,, TODA LA INFORMACIÓN PARA TRUMP 🇺🇲 Y QUÉ CAIGA TODA LA CORRUPCIÓN EN MÉXICO QUÉ NOS TIENE UNDIDOS 🙏🫂🇦🇷",2026-04-25T16:47:09Z,60,gobierno de Tampico,"Milei captura a Farias Laguna: huachicol fiscal, tensión con México y alianza con Trump",Azteca Noticias,2026-04-25T05:43:52Z,2026-05-04 07:48:41
k7nN9C-KJ54,Ugwir_01AGTmAiVteOB4AaABAg,@P-Mushu,Por favor hazlo Milei!!!,2026-04-25T16:44:31Z,1,gobierno de Tampico,"Milei captura a Farias Laguna: huachicol fiscal, tensión con México y alianza con Trump",Azteca Noticias,2026-04-25T05:43:52Z,2026-05-04 07:48:41
k7nN9C-KJ54,UgxO3vITCqDk-WfJun54AaABAg,@damianjimenez8114,"Que no lo mandé a México, aquí lo van a recibir como rey y encubrir toda la corrupción",2026-04-25T16:43:27Z,0,gobierno de Tampico,"Milei captura a Farias Laguna: huachicol fiscal, tensión con México y alianza con Trump",Azteca Noticias,2026-04-25T05:43:52Z,2026-05-04 07:48:41
k7nN9C-KJ54,UgwQZ6xFzwrNbsiSG894AaABAg,@EliasLopezRosales,❤🎉saludos don ala torre!,2026-04-25T16:37:50Z,0,gobierno de Tampico,"Milei captura a Farias Laguna: huachicol fiscal, tensión con México y alianza con Trump",Azteca Noticias,2026-04-25T05:43:52Z,2026-05-04 07:48:41
k7nN9C-KJ54,UgwM6f2BgKq8zEeo88R4AaABAg,@lijrgcalderon,"Que le saque toda la sopa y se la de a Trump, verdad Andy?",2026-04-25T16:28:31Z,0,gobierno de Tampico,"Milei captura a Farias Laguna: huachicol fiscal, tensión con México y alianza con Trump",Azteca Noticias,2026-04-25T05:43:52Z,2026-05-04 07:48:41
k7nN9C-KJ54,UgxYRCeWKMqhxPZF1xd4AaABAg,@792mundo,Milei la esperanza de Mexico,2026-04-25T16:28:26Z,2,gobierno de Tampico,"Milei captura a Farias Laguna: huachicol fiscal, tensión con México y alianza con Trump",Azteca Noticias,2026-04-25T05:43:52Z,2026-05-04 07:48:41
k7nN9C-KJ54,Ugzt8akqQCuS2oxMYVd4AaABAg,@eltiobrayan5011,"Apoyaron a Cristina Kirchner.<br>Una PRESA por actos de corrupsion <br>¿Como carajos esa señora tiene apoyo de personas? Es como no se, que tu presidente tenga admiracion de Mussolini pero en pleno siglo 21",2026-04-25T16:26:32Z,2,gobierno de Tampico,"Milei captura a Farias Laguna: huachicol fiscal, tensión con México y alianza con Trump",Azteca Noticias,2026-04-25T05:43:52Z,2026-05-04 07:48:41
k7nN9C-KJ54,UgwUep8hvylr_g7wAd94AaABAg,@aliam67951,"Excelente Argentina, se enoja la calaca porque aquí no le hacen nada aqui a los politicos delincuentes y no quiere que ventilen la podredumbre de Morena",2026-04-25T16:21:25Z,1,gobierno de Tampico,"Milei captura a Farias Laguna: huachicol fiscal, tensión con México y alianza con Trump",Azteca Noticias,2026-04-25T05:43:52Z,2026-05-04 07:48:41
k7nN9C-KJ54,UgxXz9gmCQHwhHOPOu94AaABAg,@gabrielaballesteros-m2m,😂😂😂😂😂😂,2026-04-25T16:08:01Z,0,gobierno de Tampico,"Milei captura a Farias Laguna: huachicol fiscal, tensión con México y alianza con Trump",Azteca Noticias,2026-04-25T05:43:52Z,2026-05-04 07:48:41
k7nN9C-KJ54,UgxkUz_exPla_0nhTyV4AaABAg,@vendedorescamarleon5502,"Estaría fabuloso que tv azteca estubiera en argentina, con su presidente de derecha, se llevarían muy bien! Porque aqui en México ya no les creen",2026-04-25T15:58:42Z,0,gobierno de Tampico,"Milei captura a Farias Laguna: huachicol fiscal, tensión con México y alianza con Trump",Azteca Noticias,2026-04-25T05:43:52Z,2026-05-04 07:48:41
k7nN9C-KJ54,Ugz9XGA8lCMZFDaqzuF4AaABAg,@santoslennon,Dios Milei 🎉🎉,2026-04-25T15:48:50Z,0,gobierno de Tampico,"Milei captura a Farias Laguna: huachicol fiscal, tensión con México y alianza con Trump",Azteca Noticias,2026-04-25T05:43:52Z,2026-05-04 07:48:41
k7nN9C-KJ54,Ugz0ZO-Nhpt3cU7Ej0l4AaABAg,@OrganizeResistFightBack_999,"Gracias presidente Milei, desde México. <br><br>Esperemos que el mundo vea lo malvada de la presidente de nuestro país.",2026-04-25T15:47:48Z,0,gobierno de Tampico,"Milei captura a Farias Laguna: huachicol fiscal, tensión con México y alianza con Trump",Azteca Noticias,2026-04-25T05:43:52Z,2026-05-04 07:48:41
k7nN9C-KJ54,UgzknzDk-RUdKaEiuqh4AaABAg,@joelbaizabal2765,Pues ya nomás que también jalen a señor Andy,2026-04-25T15:46:34Z,0,gobierno de Tampico,"Milei captura a Farias Laguna: huachicol fiscal, tensión con México y alianza con Trump",Azteca Noticias,2026-04-25T05:43:52Z,2026-05-04 07:48:41
k7nN9C-KJ54,UgxtUAxCIl6F6DrQ_0Z4AaABAg,@brattpitt887,Viva Milei...!!!!  Deportenlo a EEUU....,2026-04-25T15:46:16Z,0,gobierno de Tampico,"Milei captura a Farias Laguna: huachicol fiscal, tensión con México y alianza con Trump",Azteca Noticias,2026-04-25T05:43:52Z,2026-05-04 07:48:41
k7nN9C-KJ54,UgzQJiW07d-nTj2rmct4AaABAg,@franciscoburguete9959,Que lo envien a los USA,2026-04-25T15:43:02Z,0,gobierno de Tampico,"Milei captura a Farias Laguna: huachicol fiscal, tensión con México y alianza con Trump",Azteca Noticias,2026-04-25T05:43:52Z,2026-05-04 07:48:41
k7nN9C-KJ54,UgwfyCHPY8Da5HZQauB4AaABAg,@1800coyote,"Simichairos traga reata no se cansan de la 4ta cabezona del capo mayor de narcomorena, están ardidos les mando una pomadita de mitrozon.",2026-04-25T15:37:39Z,0,gobierno de Tampico,"Milei captura a Farias Laguna: huachicol fiscal, tensión con México y alianza con Trump",Azteca Noticias,2026-04-25T05:43:52Z,2026-05-04 07:48:41
k7nN9C-KJ54,UgxFZFOvCZ05OAloMpx4AaABAg,@LorenzArabia-iy3uh,"Que es preferible, médicos cubanos o agentes de la CIA?",2026-04-25T15:31:50Z,0,gobierno de Tampico,"Milei captura a Farias Laguna: huachicol fiscal, tensión con México y alianza con Trump",Azteca Noticias,2026-04-25T05:43:52Z,2026-05-04 07:48:41
k7nN9C-KJ54,Ugzmvqs5FRYsWoLQV6V4AaABAg,@LorenzArabia-iy3uh,"Que es preferible, médicos cubanos o agentes de la CIA?",2026-04-25T15:31:50Z,1,gobierno de Tampico,"Milei captura a Farias Laguna: huachicol fiscal, tensión con México y alianza con Trump",Azteca Noticias,2026-04-25T05:43:52Z,2026-05-04 07:48:41
k7nN9C-KJ54,Ugxvpj1I6_G1AvkD25R4AaABAg,@1800coyote,"Espero que Milei lo entregue a EU para que confieze quienes son sus jefes, porque si lo entrega a Mexico lo dejan libre.",2026-04-25T15:29:05Z,20,gobierno de Tampico,"Milei captura a Farias Laguna: huachicol fiscal, tensión con México y alianza con Trump",Azteca Noticias,2026-04-25T05:43:52Z,2026-05-04 07:48:41
k7nN9C-KJ54,UgywRtiG7euvIVHEV6Z4AaABAg,@NonDNA-py5gr,Milei in ESQUIZO,2026-04-25T15:27:33Z,0,gobierno de Tampico,"Milei captura a Farias Laguna: huachicol fiscal, tensión con México y alianza con Trump",Azteca Noticias,2026-04-25T05:43:52Z,2026-05-04 07:48:41
k7nN9C-KJ54,UgyHS71xtU-Z7rmHZol4AaABAg,@Revrong-t6t,Milei quiere verse bien para su marido Trump,2026-04-25T15:06:46Z,0,gobierno de Tampico,"Milei captura a Farias Laguna: huachicol fiscal, tensión con México y alianza con Trump",Azteca Noticias,2026-04-25T05:43:52Z,2026-05-04 07:48:41
k7nN9C-KJ54,Ugz2nBelT06XEHXBW8p4AaABAg,@JoseLuisGonzalez-j2l,Exelente milei .ya que este narco gobierno que tenemos no hace nada más que encubrir  corruptos y ser socios de los narcos .,2026-04-25T15:05:01Z,63,gobierno de Tampico,"Milei captura a Farias Laguna: huachicol fiscal, tensión con México y alianza con Trump",Azteca Noticias,2026-04-25T05:43:52Z,2026-05-04 07:48:41
k7nN9C-KJ54,UgzpR885TPZKusyWaIF4AaABAg,@LloolloollMr,"No se lo van a dar a México, se lo van a dar a Trump jajajaja se va a enojar la presidenta",2026-04-25T15:02:05Z,3,gobierno de Tampico,"Milei captura a Farias Laguna: huachicol fiscal, tensión con México y alianza con Trump",Azteca Noticias,2026-04-25T05:43:52Z,2026-05-04 07:48:41
k7nN9C-KJ54,UgwVuQR469JsX52KT4F4AaABAg,@kevinaragon8011,Trump dijo la verdad sobre Mexico porque se ofenden??? Si no hacen nada por su pueblo les tocara que otro lo haga! Los carteles cada dia se hacen mas fuertes y la poblacion debe pagarles impuestos a ellos si no los hacen pedazos! Solo falta que digan que mexico es seguro! Vayan a Nuevo laredo y veran la cruda realidad,2026-04-25T15:02:02Z,27,gobierno de Tampico,"Milei captura a Farias Laguna: huachicol fiscal, tensión con México y alianza con Trump",Azteca Noticias,2026-04-25T05:43:52Z,2026-05-04 07:48:41
k7nN9C-KJ54,Ugz0ORSMTZhH4q9w6wp4AaABAg,@LeoBalc,Milei la esperanza de Mexico..!,2026-04-25T15:01:14Z,4,gobierno de Tampico,"Milei captura a Farias Laguna: huachicol fiscal, tensión con México y alianza con Trump",Azteca Noticias,2026-04-25T05:43:52Z,2026-05-04 07:48:41
k7nN9C-KJ54,UgzdzAOQVd7VmGahIPt4AaABAg,@Abrahamb-p6e-r3n,"Ojala que Milei lo deporte a EEUU,  de lo contrario los narcomorenos lo van a suicidar en Mexico.",2026-04-25T14:56:48Z,3,gobierno de Tampico,"Milei captura a Farias Laguna: huachicol fiscal, tensión con México y alianza con Trump",Azteca Noticias,2026-04-25T05:43:52Z,2026-05-04 07:48:41
k7nN9C-KJ54,Ugx1cZhUCn3ayKXaVhZ4AaABAg,@pablopriego7739,Fue un golazo de Milei.,2026-04-25T14:55:21Z,18,gobierno de Tampico,"Milei captura a Farias Laguna: huachicol fiscal, tensión con México y alianza con Trump",Azteca Noticias,2026-04-25T05:43:52Z,2026-05-04 07:48:41
k7nN9C-KJ54,Ugzecf_gNwGLDkjEK-h4AaABAg,@luisbadillo5691,Bien 👍👍👍👍,2026-04-25T14:54:38Z,1,gobierno de Tampico,"Milei captura a Farias Laguna: huachicol fiscal, tensión con México y alianza con Trump",Azteca Noticias,2026-04-25T05:43:52Z,2026-05-04 07:48:41
k7nN9C-KJ54,UgznZs2XyEgQPsHb9pZ4AaABAg,@politicamexicanamx,"No es aliado de trump, es su perro fiel",2026-04-25T14:49:50Z,0,gobierno de Tampico,"Milei captura a Farias Laguna: huachicol fiscal, tensión con México y alianza con Trump",Azteca Noticias,2026-04-25T05:43:52Z,2026-05-04 07:48:41
k7nN9C-KJ54,UgwD1JhHEh3qhuLYiN94AaABAg,@armandomagallanperez4085,MILEI. Mándalo a E.U.  Mexico te lo agradecerá. 🤣🤣🤣🤣,2026-04-25T14:45:23Z,4,gobierno de Tampico,"Milei captura a Farias Laguna: huachicol fiscal, tensión con México y alianza con Trump",Azteca Noticias,2026-04-25T05:43:52Z,2026-05-04 07:48:41
k7nN9C-KJ54,UgyalnR4mM9vi5-k-454AaABAg,@rogerhurtado3933,Grande Milei!!!! VLLC,2026-04-25T14:42:30Z,2,gobierno de Tampico,"Milei captura a Farias Laguna: huachicol fiscal, tensión con México y alianza con Trump",Azteca Noticias,2026-04-25T05:43:52Z,2026-05-04 07:48:41
k7nN9C-KJ54,UgxXUde6qUZlIu9uqW94AaABAg,@Gaby-n1j,Uno MENOS de  Pros ti tu tA Morena . Todos a la cárcel. Adios criminaluchos de cuartA.,2026-04-25T14:40:56Z,0,gobierno de Tampico,"Milei captura a Farias Laguna: huachicol fiscal, tensión con México y alianza con Trump",Azteca Noticias,2026-04-25T05:43:52Z,2026-05-04 07:48:41
k7nN9C-KJ54,UgykTg7YTAdiYgdkOAt4AaABAg,@MarioMartinez-no1qo,De seguro la Judía estaría culpando a Calderón 😂,2026-04-25T14:29:31Z,105,gobierno de Tampico,"Milei captura a Farias Laguna: huachicol fiscal, tensión con México y alianza con Trump",Azteca Noticias,2026-04-25T05:43:52Z,2026-05-04 07:48:41
k7nN9C-KJ54,UgzDqZP4yrxBjmEDi-R4AaABAg,@SalvadorHerrera-r9p,Ojalá lo mandarán a Estados Unidos si se pudiera para que cantara aquí lo van a matar,2026-04-25T14:18:46Z,4,gobierno de Tampico,"Milei captura a Farias Laguna: huachicol fiscal, tensión con México y alianza con Trump",Azteca Noticias,2026-04-25T05:43:52Z,2026-05-04 07:48:41
k7nN9C-KJ54,UgyHoiT4JYAUhCxPtGl4AaABAg,@mauriciosiavichay1929,Pobre Mexico gobernado por Narcotraficantes....es un gran pais pero el NARCOTRÁFICO se apodero de ellos,2026-04-25T14:18:22Z,23,gobierno de Tampico,"Milei captura a Farias Laguna: huachicol fiscal, tensión con México y alianza con Trump",Azteca Noticias,2026-04-25T05:43:52Z,2026-05-04 07:48:41
k7nN9C-KJ54,UgyLPkBvRnpB_YBDaCl4AaABAg,@MsMariaCisneros,Que vergüenza que estos delincuentes los detengan en otros países porque en México el mismo gobierno les ayuda a huir o salir libres,2026-04-25T14:17:02Z,41,gobierno de Tampico,"Milei captura a Farias Laguna: huachicol fiscal, tensión con México y alianza con Trump",Azteca Noticias,2026-04-25T05:43:52Z,2026-05-04 07:48:41
k7nN9C-KJ54,UgyCdLxGwZZ8SHGi10p4AaABAg,@Mike-z3t6u,POR CAPTURAR A ESTE DELINCUENTE SE ENOJAN. EN MEXICO O SEA ESTAMOS  CON ESTA CUARTA CORRUUPCION,2026-04-25T14:15:44Z,29,gobierno de Tampico,"Milei captura a Farias Laguna: huachicol fiscal, tensión con México y alianza con Trump",Azteca Noticias,2026-04-25T05:43:52Z,2026-05-04 07:48:41
k7nN9C-KJ54,Ugzh239YzjHFvsH4AVt4AaABAg,@FranksS92,"Por supuesto que esto va a servir para presionar al narco gobierno en México... Pero no tildemos de bueno las intenciones de otros países... Pueden negociar cosas que a nosotros no nos convienen con tal de dar silencio o no exhibir políticos que tienen el poder ejecutar dichas negociaciones... Toda esta causa de un narco gobierno, grupos de sociedad idealizada y con falta de pensamiento crítico informado...",2026-04-25T14:10:40Z,0,gobierno de Tampico,"Milei captura a Farias Laguna: huachicol fiscal, tensión con México y alianza con Trump",Azteca Noticias,2026-04-25T05:43:52Z,2026-05-04 07:48:41
k7nN9C-KJ54,UgzJWmGtd09-flFZIYd4AaABAg,@samirsierras4281,"ahí los tiene agarrados de las pelotas, vamos Milei!",2026-04-25T14:10:26Z,4,gobierno de Tampico,"Milei captura a Farias Laguna: huachicol fiscal, tensión con México y alianza con Trump",Azteca Noticias,2026-04-25T05:43:52Z,2026-05-04 07:48:41
k7nN9C-KJ54,Ugxx6erOnvCLLyYyDwx4AaABAg,@eduardoe-o8g,"CUANTA DESINFORMACIÓN DE ESTE CERDO ALATORRE...!!! QUE BÁRBARO,",2026-04-25T14:10:24Z,0,gobierno de Tampico,"Milei captura a Farias Laguna: huachicol fiscal, tensión con México y alianza con Trump",Azteca Noticias,2026-04-25T05:43:52Z,2026-05-04 07:48:41
k7nN9C-KJ54,UgwFSPQSE49bbbVtDlN4AaABAg,@joseluismorrismontalvo3562,"La declaración de Claudia saludando a Cristina en la última reunión va tener repercusiones fuertes, se la van a cobrar caro al Narco Gobierno de Morena 🐀",2026-04-25T14:10:23Z,18,gobierno de Tampico,"Milei captura a Farias Laguna: huachicol fiscal, tensión con México y alianza con Trump",Azteca Noticias,2026-04-25T05:43:52Z,2026-05-04 07:48:41
k7nN9C-KJ54,UgwbZUjaOVurDGge__V4AaABAg,@CarlosLópez-w5p2h,Que lo deporten a USA.,2026-04-25T14:04:52Z,19,gobierno de Tampico,"Milei captura a Farias Laguna: huachicol fiscal, tensión con México y alianza con Trump",Azteca Noticias,2026-04-25T05:43:52Z,2026-05-04 07:48:41
k7nN9C-KJ54,UgzFcoumzvAg9fAldvR4AaABAg,@EdmundoDiaz-p3n,"Su ley otro demente de extrema derecha.Ridiculo,ignorante,facista,racista.Pobre Argentina.😂😂😂😂😂😂😂😂😂😂😂😂😂😂😂😂😂😂😂😂",2026-04-25T14:04:33Z,1,gobierno de Tampico,"Milei captura a Farias Laguna: huachicol fiscal, tensión con México y alianza con Trump",Azteca Noticias,2026-04-25T05:43:52Z,2026-05-04 07:48:41
k7nN9C-KJ54,UgwLAJJI02Tse_t55AR4AaABAg,@magz381,"milei, envia saludos a Claudia, aguanta, Claudia aguanta, jajajaja, la presidenta y su cartel, Macuspana, no son hipócritas son malos actores de carpa.",2026-04-25T13:56:59Z,2,gobierno de Tampico,"Milei captura a Farias Laguna: huachicol fiscal, tensión con México y alianza con Trump",Azteca Noticias,2026-04-25T05:43:52Z,2026-05-04 07:48:41
k7nN9C-KJ54,Ugz4HhtDtt3VZe6X0vZ4AaABAg,@irmasanchez2676,Que lo extradite a estados unidos para que hable de la red de corrupción,2026-04-25T13:55:53Z,98,gobierno de Tampico,"Milei captura a Farias Laguna: huachicol fiscal, tensión con México y alianza con Trump",Azteca Noticias,2026-04-25T05:43:52Z,2026-05-04 07:48:41
k7nN9C-KJ54,Ugy834QuLjqIniDcR5Z4AaABAg,@thevictormusicband,Va a caer la 4T. Y eso es seguro,2026-04-25T13:51:46Z,2,gobierno de Tampico,"Milei captura a Farias Laguna: huachicol fiscal, tensión con México y alianza con Trump",Azteca Noticias,2026-04-25T05:43:52Z,2026-05-04 07:48:41
k7nN9C-KJ54,Ugxwp0WQ9DDMQ8AwxNt4AaABAg,@Chulo-d3o,Puro periodismo amarillismo los de tv azteca,2026-04-25T13:50:49Z,0,gobierno de Tampico,"Milei captura a Farias Laguna: huachicol fiscal, tensión con México y alianza con Trump",Azteca Noticias,2026-04-25T05:43:52Z,2026-05-04 07:48:41
k7nN9C-KJ54,Ugz_7ia2n5mrd4dGojV4AaABAg,@drangorojo4907,Como defiende el leandro de Javier Alatorre a Milei si son iguales de entreguistas traidores a su pueblo.,2026-04-25T13:50:22Z,1,gobierno de Tampico,"Milei captura a Farias Laguna: huachicol fiscal, tensión con México y alianza con Trump",Azteca Noticias,2026-04-25T05:43:52Z,2026-05-04 07:48:41
k7nN9C-KJ54,UgzzTB5SM078glCcmy14AaABAg,@yotaroukauka,"En realidad se trata de un facilitador de contrabando en las aduanas, es un oficio ilegal muy tradicional de aduanas, pero ponen nombre de &quot;huachicol fiscal&quot; para simular un nuevo delito.",2026-04-25T13:47:43Z,0,gobierno de Tampico,"Milei captura a Farias Laguna: huachicol fiscal, tensión con México y alianza con Trump",Azteca Noticias,2026-04-25T05:43:52Z,2026-05-04 07:48:41
k7nN9C-KJ54,Ugx5oe7y6I1jxtK45HB4AaABAg,@isisb.1768,Gracias Argentina por hacer las cosas bien. Tristemente en Mexico nos gobierna  un partido despiadado y corrupto a mas no poder.,2026-04-25T13:44:38Z,53,gobierno de Tampico,"Milei captura a Farias Laguna: huachicol fiscal, tensión con México y alianza con Trump",Azteca Noticias,2026-04-25T05:43:52Z,2026-05-04 07:48:41
k7nN9C-KJ54,Ugy7vdk9qO0RGpzIyMp4AaABAg,@jonascodes,"Mal usado el término papear, el papeado aquí sería el GobMx",2026-04-25T13:43:32Z,1,gobierno de Tampico,"Milei captura a Farias Laguna: huachicol fiscal, tensión con México y alianza con Trump",Azteca Noticias,2026-04-25T05:43:52Z,2026-05-04 07:48:41
k7nN9C-KJ54,UgwSIZjBolERTX-a4e54AaABAg,@RamónLozanovalderrabano,Que se lo quede jajajajjaa,2026-04-25T13:43:13Z,0,gobierno de Tampico,"Milei captura a Farias Laguna: huachicol fiscal, tensión con México y alianza con Trump",Azteca Noticias,2026-04-25T05:43:52Z,2026-05-04 07:48:41
k7nN9C-KJ54,Ugxfpa17NWcvDTgUn7t4AaABAg,@PablitoGonzález-x8h,Milei no la pela😂 Javier te olles como ardido😂,2026-04-25T13:43:00Z,0,gobierno de Tampico,"Milei captura a Farias Laguna: huachicol fiscal, tensión con México y alianza con Trump",Azteca Noticias,2026-04-25T05:43:52Z,2026-05-04 07:48:41
k7nN9C-KJ54,Ugxv4em4nBP5BHE_Eu14AaABAg,@OmarEssien-uh8sz,Así como decía que Venezuela ahora que ya no está maduro por obra d magia se acabaron los carteles de droga en Venezuela haajajajajaajajaja solo los idiotas creen es lo que dice eeuu,2026-04-25T13:40:33Z,0,gobierno de Tampico,"Milei captura a Farias Laguna: huachicol fiscal, tensión con México y alianza con Trump",Azteca Noticias,2026-04-25T05:43:52Z,2026-05-04 07:48:41
k7nN9C-KJ54,UgwkuqfIS5HnNu6b2Zx4AaABAg,@CristalRomero-w1z,Gran presiente Miley !,2026-04-25T13:25:23Z,5,gobierno de Tampico,"Milei captura a Farias Laguna: huachicol fiscal, tensión con México y alianza con Trump",Azteca Noticias,2026-04-25T05:43:52Z,2026-05-04 07:48:41
k7nN9C-KJ54,UgxzK91ai2mz7JxgsG54AaABAg,@alejandrofloresleal1962,Jajaja que se lo mandé al precidente de US la ley es primero,2026-04-25T13:21:01Z,17,gobierno de Tampico,"Milei captura a Farias Laguna: huachicol fiscal, tensión con México y alianza con Trump",Azteca Noticias,2026-04-25T05:43:52Z,2026-05-04 07:48:41
k7nN9C-KJ54,UgxgEKgJ7E5XoWLTPHx4AaABAg,@raulsantinolopezrodriguez8349,Oh!! Ojalá y se quede en la Argentina para que suelte toda la sopa,2026-04-25T13:17:31Z,63,gobierno de Tampico,"Milei captura a Farias Laguna: huachicol fiscal, tensión con México y alianza con Trump",Azteca Noticias,2026-04-25T05:43:52Z,2026-05-04 07:48:41
k7nN9C-KJ54,UgwEJx1hOhGmwfq0iIh4AaABAg,@GatoMartin,Viva mi ley,2026-04-25T13:09:10Z,0,gobierno de Tampico,"Milei captura a Farias Laguna: huachicol fiscal, tensión con México y alianza con Trump",Azteca Noticias,2026-04-25T05:43:52Z,2026-05-04 07:48:41
k7nN9C-KJ54,UgzTn147UXMg4BQhYgR4AaABAg,@JacobNicols,Viva Milei🎉,2026-04-25T13:05:53Z,3,gobierno de Tampico,"Milei captura a Farias Laguna: huachicol fiscal, tensión con México y alianza con Trump",Azteca Noticias,2026-04-25T05:43:52Z,2026-05-04 07:48:41
k7nN9C-KJ54,UgyArC7VsQL73y_4JI14AaABAg,@dariocruz-g8j,No fue el greñas fue  el interpol astaay ser.claro y no max mentiras,2026-04-25T13:05:28Z,0,gobierno de Tampico,"Milei captura a Farias Laguna: huachicol fiscal, tensión con México y alianza con Trump",Azteca Noticias,2026-04-25T05:43:52Z,2026-05-04 07:48:41
k7nN9C-KJ54,UgwS0ZnyBzWZ7FsIVWJ4AaABAg,@albertovallejohernandez9453,"Porque será que los gobiernos de otros países si capturan a delincuentes mexicanos, en Paraguay al líder de la barredora y ahora esté en Argentina. Pero en México no. En los dos casos había denuncias y eran investigados por meses y los dejaron escapar. Tenemos un narco gobierno, una narco presidenta. La 4T es pura 💩",2026-04-25T13:00:59Z,3,gobierno de Tampico,"Milei captura a Farias Laguna: huachicol fiscal, tensión con México y alianza con Trump",Azteca Noticias,2026-04-25T05:43:52Z,2026-05-04 07:48:41
k7nN9C-KJ54,UgzvKXrQI2NSmBeATzJ4AaABAg,@franciscojaviergonzalezpad676,"Ojalá y caiga pronto el verdadero culpable del huachicol fiscal ANDRES MANUEL LOPEZ OBRADOR, cuántos marinos mas tienen que caer para proteger a ese criminal?",2026-04-25T12:35:07Z,11,gobierno de Tampico,"Milei captura a Farias Laguna: huachicol fiscal, tensión con México y alianza con Trump",Azteca Noticias,2026-04-25T05:43:52Z,2026-05-04 07:48:41
k7nN9C-KJ54,Ugx39NY3CazEpL3rf694AaABAg,@Amirl.b,Pronto perder el registro PAN,2026-04-25T12:31:47Z,1,gobierno de Tampico,"Milei captura a Farias Laguna: huachicol fiscal, tensión con México y alianza con Trump",Azteca Noticias,2026-04-25T05:43:52Z,2026-05-04 07:48:41
k7nN9C-KJ54,Ugy4ZwE7J_zS4K4u2B14AaABAg,@JuanRodriguez-gl5po,"Yo apoyo a muñeco 200 por ciento, saque todo esos narcos y criminales de circulación",2026-04-25T12:26:52Z,4,gobierno de Tampico,"Milei captura a Farias Laguna: huachicol fiscal, tensión con México y alianza con Trump",Azteca Noticias,2026-04-25T05:43:52Z,2026-05-04 07:48:41
k7nN9C-KJ54,UgySyM_tJwGg8hsLFUh4AaABAg,@guhcsor7304,"Jajajaa, y quién emitió la ficha roja ante la interpol, hay el tío Richi y sus perritos falderos",2026-04-25T12:20:08Z,0,gobierno de Tampico,"Milei captura a Farias Laguna: huachicol fiscal, tensión con México y alianza con Trump",Azteca Noticias,2026-04-25T05:43:52Z,2026-05-04 07:48:41
k7nN9C-KJ54,Ugxh-Rn259_Q5emetsl4AaABAg,@GustavoOmar-l1b,😂😂y del robo de recursos e invasion de paises estdoz unidos😂😂hipocritas,2026-04-25T12:01:13Z,0,gobierno de Tampico,"Milei captura a Farias Laguna: huachicol fiscal, tensión con México y alianza con Trump",Azteca Noticias,2026-04-25T05:43:52Z,2026-05-04 07:48:41
k7nN9C-KJ54,UgwEDwy63wRkkN49Rsp4AaABAg,@lugorodasluisangel8728,Jajajajaja que le saque la información a golpes si es necesario y lo mande a estados unidos por que si lo regresan a México lo dejan salir o se escapa.,2026-04-25T12:00:39Z,33,gobierno de Tampico,"Milei captura a Farias Laguna: huachicol fiscal, tensión con México y alianza con Trump",Azteca Noticias,2026-04-25T05:43:52Z,2026-05-04 07:48:41
k7nN9C-KJ54,Ugw0ezYOmuZnBwdsqo54AaABAg,@anonimoanonimo-fi7kn,"Que lo deporte a los estados unidos,para que cante bonito😊",2026-04-25T11:30:24Z,8,gobierno de Tampico,"Milei captura a Farias Laguna: huachicol fiscal, tensión con México y alianza con Trump",Azteca Noticias,2026-04-25T05:43:52Z,2026-05-04 07:48:41
k7nN9C-KJ54,Ugxrq6wCVPW4dxB-Of14AaABAg,@eliasvazquez77,Esta q arde Claudia por no ponerse a trabajar x México mira en q líos se a metido esa espuria,2026-04-25T10:57:39Z,55,gobierno de Tampico,"Milei captura a Farias Laguna: huachicol fiscal, tensión con México y alianza con Trump",Azteca Noticias,2026-04-25T05:43:52Z,2026-05-04 07:48:41
k7nN9C-KJ54,Ugx-BZkHTq-upLltbb54AaABAg,@hcxtr55,"😂 ya se las van a dejar caer a esos políticos corruptos, solo espero que no nos usen como escudos humanos en intento por alargar su existencia ennel poder y fuera de la carcel.",2026-04-25T10:27:55Z,7,gobierno de Tampico,"Milei captura a Farias Laguna: huachicol fiscal, tensión con México y alianza con Trump",Azteca Noticias,2026-04-25T05:43:52Z,2026-05-04 07:48:41
k7nN9C-KJ54,Ugxfl21v8j-OZk9Ir_h4AaABAg,@user-rj8xf4vn9x,"Que se oiga fuerte, ese farias es el sobrino  de Rafael Ojeda EXSECRETARIO DE MARINA DE LÓPEZ OBRADOR.",2026-04-25T10:18:52Z,61,gobierno de Tampico,"Milei captura a Farias Laguna: huachicol fiscal, tensión con México y alianza con Trump",Azteca Noticias,2026-04-25T05:43:52Z,2026-05-04 07:48:41
k7nN9C-KJ54,Ugzcw1T7UCtDgRYidhZ4AaABAg,@user-rj8xf4vn9x,Está enojada la mujer de palacio porque Argentina tiene al huachicolero sobrino de Manuel Ojeda EXSECRETARIO DE MARINA DE LÓPEZ OBRADOR.,2026-04-25T10:15:44Z,135,gobierno de Tampico,"Milei captura a Farias Laguna: huachicol fiscal, tensión con México y alianza con Trump",Azteca Noticias,2026-04-25T05:43:52Z,2026-05-04 07:48:41
k7nN9C-KJ54,UgxgAXeSaBmELA_r78x4AaABAg,@alejandraferrer6327,"Que lo haga, aló mejor tu jefe este enredado en el huacjocol",2026-04-25T09:32:52Z,1,gobierno de Tampico,"Milei captura a Farias Laguna: huachicol fiscal, tensión con México y alianza con Trump",Azteca Noticias,2026-04-25T05:43:52Z,2026-05-04 07:48:41
k7nN9C-KJ54,Ugzu_pzr_e0sGu8BU8Z4AaABAg,@NestorRamires-w7w,"Es lo que debería hacer Estados Unidos con García Luna para que ponga atu presidente Calderón perr,😂 arrastrado",2026-04-25T08:46:22Z,1,gobierno de Tampico,"Milei captura a Farias Laguna: huachicol fiscal, tensión con México y alianza con Trump",Azteca Noticias,2026-04-25T05:43:52Z,2026-05-04 07:48:41
k7nN9C-KJ54,UgyESyXYbzL5TcdPpZV4AaABAg,@Marcos-vm1bd,Jajajaja pobres priandejos chayoteros VIVA LA 4T VIVA AMLO VIVA CLAUDIA SHEIMBAUN PARDO VOTÓ MASIVO MORENA,2026-04-25T08:41:07Z,1,gobierno de Tampico,"Milei captura a Farias Laguna: huachicol fiscal, tensión con México y alianza con Trump",Azteca Noticias,2026-04-25T05:43:52Z,2026-05-04 07:48:41
k7nN9C-KJ54,Ugz_Hybe4sm8b8WVibd4AaABAg,@raul05salazar,A USA MANDENLO  PARA  QUE  CANTE.,2026-04-25T08:29:38Z,0,gobierno de Tampico,"Milei captura a Farias Laguna: huachicol fiscal, tensión con México y alianza con Trump",Azteca Noticias,2026-04-25T05:43:52Z,2026-05-04 07:48:41
k7nN9C-KJ54,UgxC2zMpqosYOgK2dpZ4AaABAg,@ronnyhaven7277,Que lo EXTRADITE pero a EUA...!!!!,2026-04-25T08:27:04Z,220,gobierno de Tampico,"Milei captura a Farias Laguna: huachicol fiscal, tensión con México y alianza con Trump",Azteca Noticias,2026-04-25T05:43:52Z,2026-05-04 07:48:41
k7nN9C-KJ54,UgwZzlNP3yH8Hmv_QAh4AaABAg,@raulleon2616,En el Huachicol fiscal también está metido el tío Richillon.,2026-04-25T07:59:59Z,1,gobierno de Tampico,"Milei captura a Farias Laguna: huachicol fiscal, tensión con México y alianza con Trump",Azteca Noticias,2026-04-25T05:43:52Z,2026-05-04 07:48:41
k7nN9C-KJ54,Ugy8aJ-i7M8wuEaIOP54AaABAg,@fledowlopez4606,Vamos milei,2026-04-25T07:29:30Z,39,gobierno de Tampico,"Milei captura a Farias Laguna: huachicol fiscal, tensión con México y alianza con Trump",Azteca Noticias,2026-04-25T05:43:52Z,2026-05-04 07:48:41
k7nN9C-KJ54,UgwrgSbGU0uzPsbq8Dp4AaABAg,@Enrique6700,Ojalá lo ponga a disposición de Estados unidos para que al narcogobierno de PRIeta regrese a las cloacas de dónde salió,2026-04-25T07:10:55Z,1,gobierno de Tampico,"Milei captura a Farias Laguna: huachicol fiscal, tensión con México y alianza con Trump",Azteca Noticias,2026-04-25T05:43:52Z,2026-05-04 07:48:41
k7nN9C-KJ54,Ugz1Gscg7jW7rUQNZI94AaABAg,@ErnestoIribe-p6s,"La chancluda le suplicará a Milei que lo extraditen a México pero, no le van a conceder su deseo.",2026-04-25T06:54:18Z,18,gobierno de Tampico,"Milei captura a Farias Laguna: huachicol fiscal, tensión con México y alianza con Trump",Azteca Noticias,2026-04-25T05:43:52Z,2026-05-04 07:48:41
k7nN9C-KJ54,UgzAdTqZuT8dEQhegyl4AaABAg,@MarcoAntonioPeralta-c6l,"QUE ... MILEI ... LO MANDE DIRECTAMENTE,  A ESTADOS UNIDOS ... PARA QUE AMPLÍEN MAS LAS INVESTIGACIONES ... Y ... DAR DIRECTAMENTE, CON TODOS LOS IMPLICADOS ES CLAVE ESTA RATA ...",2026-04-25T06:40:21Z,118,gobierno de Tampico,"Milei captura a Farias Laguna: huachicol fiscal, tensión con México y alianza con Trump",Azteca Noticias,2026-04-25T05:43:52Z,2026-05-04 07:48:41
k7nN9C-KJ54,UgzkWe3jx4hwXnabFtl4AaABAg,@adolforuiz3114,"Ese Milei va a chantajear, no lo dejara libre",2026-04-25T06:08:54Z,4,gobierno de Tampico,"Milei captura a Farias Laguna: huachicol fiscal, tensión con México y alianza con Trump",Azteca Noticias,2026-04-25T05:43:52Z,2026-05-04 07:48:41
S4Nrot4K0kQ,Ugx0hnYu4ITl5J88-Lh4AaABAg,@MariaJosefaValle,Es real todo  lo que estas informando gracias,2026-04-26T15:07:00Z,0,gobierno de Tampico,Morena prometió acabar con la corrupción y aparece otra red millonaria de huachicol,Centinela del Norte,2026-04-25T18:10:04Z,2026-05-04 07:48:41
S4Nrot4K0kQ,UgwioIIUoEjh7EwT1T54AaABAg,@lauraelenalanda8899,Buenas noches,2026-04-26T04:33:02Z,0,gobierno de Tampico,Morena prometió acabar con la corrupción y aparece otra red millonaria de huachicol,Centinela del Norte,2026-04-25T18:10:04Z,2026-05-04 07:48:41
S4Nrot4K0kQ,UgxRHvxIcm8gnRv8Hix4AaABAg,@maribelmolina458,DESTAPEN A LOS PROXIMOS<br>BUENOS PARA EL VOTO SIN<br>MIEDO.,2026-04-26T00:04:22Z,1,gobierno de Tampico,Morena prometió acabar con la corrupción y aparece otra red millonaria de huachicol,Centinela del Norte,2026-04-25T18:10:04Z,2026-05-04 07:48:41
S4Nrot4K0kQ,UgzsSB9bAEgKseonAGB4AaABAg,@monicavillalpando267,Es una pena escuchar  que tienen todo estos delincuentes!!!,2026-04-25T20:47:45Z,1,gobierno de Tampico,Morena prometió acabar con la corrupción y aparece otra red millonaria de huachicol,Centinela del Norte,2026-04-25T18:10:04Z,2026-05-04 07:48:41
S4Nrot4K0kQ,Ugyu0iw1XlPFVA0xKrx4AaABAg,@hugoposo6242,"Buen día <br>Se apropiaron de las Aduanas, del SAT, desaparecen Instituciones y todo para ROBAR A MANOS LLENAS.<br>GOBIERNO DE LOS LOPEZ <br>NARCO GOBIERNO",2026-04-25T18:49:50Z,2,gobierno de Tampico,Morena prometió acabar con la corrupción y aparece otra red millonaria de huachicol,Centinela del Norte,2026-04-25T18:10:04Z,2026-05-04 07:48:41
P0LKCS7Xkqg,UgxslSoJwyT02KYmHyl4AaABAg,@serviciosintegralesdehidal417,Y hoy es lo mismo en Iran y así ácido en 400 países donde Estados Unidos a saqueado y robado,2026-04-20T14:07:42Z,0,gobierno de Tampico,#Historia #HistoriaDeMéxico #Veracruz1914 #OcupaciónDeVeracruz #RevoluciónMexicana #WoodrowWilson,Ovy TV,2026-04-20T11:24:29Z,2026-05-04 07:48:41
P0LKCS7Xkqg,UgxSH9q_bg8AigD1KhZ4AaABAg,@LeonardoSantiago-b3b,"Y ahora quere la derecha del PRIAN una intervención, hojon con ésos traidores camaradas ayque estar alertas con estos bende patrias.",2026-04-20T13:27:44Z,0,gobierno de Tampico,#Historia #HistoriaDeMéxico #Veracruz1914 #OcupaciónDeVeracruz #RevoluciónMexicana #WoodrowWilson,Ovy TV,2026-04-20T11:24:29Z,2026-05-04 07:48:41
DEjnuh-pd5c,UgxnEudr0g_0J65zl6h4AaABAg,@martinlozano7511,Otra mas que se desquicio,2026-04-28T23:28:41Z,0,gobierno de Tampico,Huachicol Fiscal  El Negocio que Desfalca al Gobierno,Centinela del Norte,2026-04-25T18:54:08Z,2026-05-04 07:48:41
m3fzzYkPgDg,Ugw21Lmfdl_7YwRY9914AaABAg,@fidenciomoralesh8819,"NarcoEjército mexicano COLUDIDOS con los narcos lavan dinero robado,traidores ala PATRIA",2026-04-28T05:29:45Z,0,gobierno de Tampico,El nuevo huachicol de México: corrupción dentro del Estado,Entre Poderes,2026-04-25T14:52:57Z,2026-05-04 07:48:41
m3fzzYkPgDg,UgxbFEg-4ga0VAdlN1Z4AaABAg,@fidenciomoralesh8819,"NarcoEjército mexicano COLUFIDOS con los narcos,lavan dinero robado,guachicolean combustibles,guachicol fiscal están  robando petróleo mexicano y lo envían a cuba grátis vean mexicanos la enorme traición del NarcoEjército mexicano traidores del pueblo mexicano,lo reprimen,cobardes militares ponen vayas metálicas en el zócalo de CDMX CONTRA LOS MEXICANOS Y LOS REPRIMEN CON VIOLENCIA CORRUPTOS LADRONES MILITARES",2026-04-28T05:28:55Z,0,gobierno de Tampico,El nuevo huachicol de México: corrupción dentro del Estado,Entre Poderes,2026-04-25T14:52:57Z,2026-05-04 07:48:41
m3fzzYkPgDg,Ugx7EXCYBzIwB1YLLNl4AaABAg,@fidenciomoralesh8819,"NarcoEjército mexicano colufiso con los narcos ,lavado de dinero,guachicol fiscal,corrupción en todos los mandos del NarcoEjército NO PUEDEN CON LA INSEGURIDAD,BOLA DE INEPTOS MILITARES,INCOMPETENTES ROBAN EL PETROLEO MEXICANO Y LO ENVIAN A CUBA EN COMPLICIDAD CON LA NARCOCLAUDIA SHEIMBAUM COLUFIDOS EN CORRUPCION Y VENTA CLANDESTINA DE ARMAS A LOS NARCOS,PRESTAN AVIONES,CAMIONES Y HELICOPETROS A LOS NARCOS",2026-04-28T05:26:00Z,0,gobierno de Tampico,El nuevo huachicol de México: corrupción dentro del Estado,Entre Poderes,2026-04-25T14:52:57Z,2026-05-04 07:48:41
m3fzzYkPgDg,UgwrD2ZKgxqsARyFGWF4AaABAg,@jacquelinesotoarias7426,El caso de cia en chihuahua es claro que es un ataque al pan por ayudar a esta Andrea quede en chihuahua y se ve su hambre de poder es joven y no es fea y es conocido que el viejito de Adan lo trae loco pero todo esto lo pudo ocacionar morena por querer ese estado pero pues le salió mal porque ahora ella ya no la ven bien y menos con ese coraje encontra del pan,2026-04-26T17:59:40Z,0,gobierno de Tampico,El nuevo huachicol de México: corrupción dentro del Estado,Entre Poderes,2026-04-25T14:52:57Z,2026-05-04 07:48:41
m3fzzYkPgDg,UgzCFyfCh7CoD73qOYd4AaABAg,@Jaime-uq8bv,LOS IMPUESTOS SON UN ROBO.,2026-04-25T21:28:18Z,0,gobierno de Tampico,El nuevo huachicol de México: corrupción dentro del Estado,Entre Poderes,2026-04-25T14:52:57Z,2026-05-04 07:48:41
PPjuEtZMkVM,UgyZpe51ZIoXs2YOczh4AaABAg,@silveriogonzalezramiro9691,Dentro de las instituciones hay unos cuantos narcoprianistas terroristas de la DEA escondidos. Pero poco a poco el gobierno los va mandando ACHASUM.,2026-04-25T21:10:47Z,0,gobierno de Tampico,La Impunidad del Narco: ¿Corrupción en el Gobierno Argentino?,Entre Poderes,2026-04-25T18:27:55Z,2026-05-04 07:48:41
PPjuEtZMkVM,UgxivMwvotDLyIXLxQt4AaABAg,@AlfonsoContreras-s3b,Que novedad lo n[vedoso fuea que ovrador y su govierno frank al bote,2026-04-25T20:36:12Z,0,gobierno de Tampico,La Impunidad del Narco: ¿Corrupción en el Gobierno Argentino?,Entre Poderes,2026-04-25T18:27:55Z,2026-05-04 07:48:41
UPf-UKYvrQ8,Ugzmf8LLhi2rXWc2M7R4AaABAg,@marbellamercado-wg6gq,Son tan cínicos los CO MUGRENISTAS pero deja que declare Farías en estados Unidos y más hundido y más Mer.....da va a flotar de este CO ESTADO,2026-05-01T15:50:48Z,0,gobierno de Tampico,Huachicoleo: Crimen Organizado con Protección Gubernamental,Entre Poderes,2026-04-25T18:27:17Z,2026-05-04 07:48:41
UPf-UKYvrQ8,Ugy1GzSekEsU4iaPNEV4AaABAg,@VaglyPGJ,Lo primero que hizo cuando entro al poder fue agarrar,2026-04-27T22:04:58Z,0,gobierno de Tampico,Huachicoleo: Crimen Organizado con Protección Gubernamental,Entre Poderes,2026-04-25T18:27:17Z,2026-05-04 07:48:41
UPf-UKYvrQ8,UgwCoMludTraQKzFmOh4AaABAg,@gerardomoreno4674,Letras mayúsculas. Con L d López 😂😂😂😂😂,2026-04-27T18:52:43Z,0,gobierno de Tampico,Huachicoleo: Crimen Organizado con Protección Gubernamental,Entre Poderes,2026-04-25T18:27:17Z,2026-05-04 07:48:41
UPf-UKYvrQ8,Ugy_4xBFdMr22OaQszR4AaABAg,@EduardoPerez-r7z,Lo que mas me entristece es mirar como estan ciegos y sordos tantos mexicanos que ante tantas noticias se niegan a crer que Amlo es tan ratero,2026-04-26T16:17:22Z,1,gobierno de Tampico,Huachicoleo: Crimen Organizado con Protección Gubernamental,Entre Poderes,2026-04-25T18:27:17Z,2026-05-04 07:48:41
UPf-UKYvrQ8,UgzSHsCeMYH_ObXkGnN4AaABAg,@LorenzoMedina-n3y,Si tienes pruebas presentarlas Tripon bueno con la mamadora,2026-04-25T21:41:36Z,0,gobierno de Tampico,Huachicoleo: Crimen Organizado con Protección Gubernamental,Entre Poderes,2026-04-25T18:27:17Z,2026-05-04 07:48:41
dBNiNRT2YM4,UgzJYr7v73tnZDpDBsZ4AaABAg,@GeritaCabron,"estoy de acuerdo, pero ete gobierno no pregunta hace y se pasa por el forro la opinion del puebl oque si llega a ser contraria la descalifican y denostan",2026-04-24T00:59:12Z,0,gobierno de Tampico,"Académicos, sociedad civil y comunidades expresan rechazo al fracking durante foro en SLP",Noticieros Canal 7 SLP,2026-04-23T18:10:07Z,2026-05-04 07:48:41
FJy9MHt5Ios,UgwHxSTdJQ0JBthezPZ4AaABAg,@alejandrofogle534,❤❤❤❤❤❤❤❤❤❤❤❤❤❤❤❤❤❤😊😊😊😊😊😊😊😊😊😊😊,2026-04-27T22:32:19Z,0,gobierno de Tampico,Narcooperativos y Gobierno: ¿Protección o Inacción?,Más Seco que Mojado,2026-04-25T18:34:21Z,2026-05-04 07:48:41
_aofL4t3qtU,Ugy7G2OEYM3tS4B5Zcx4AaABAg,@VicenteSuarez-e8h3m,Es un puerco  falta de civismo ante la marina y defensa pobre perro cheken al tío.,2026-04-30T01:30:22Z,0,gobierno de Tampico,"Detienen a Fernando Farías, sobrino de exsecretario de Marina, en Argentina",Grupo Fórmula,2026-04-23T21:36:52Z,2026-05-04 07:48:41
_aofL4t3qtU,Ugw9sqJo2axv71N6VVF4AaABAg,@PorlaRepublicaArgentina,Mechinarcos AFUERA!!!,2026-04-26T06:47:15Z,1,gobierno de Tampico,"Detienen a Fernando Farías, sobrino de exsecretario de Marina, en Argentina",Grupo Fórmula,2026-04-23T21:36:52Z,2026-05-04 07:48:41
_aofL4t3qtU,UgyLCm9mDOMmU6Gn1_l4AaABAg,@quetzalquetzal5300,Primero tienen que investigar porque no se puede enserrar a alguien solo por ser pariente de alguien importante,2026-04-25T19:36:39Z,0,gobierno de Tampico,"Detienen a Fernando Farías, sobrino de exsecretario de Marina, en Argentina",Grupo Fórmula,2026-04-23T21:36:52Z,2026-05-04 07:48:41
_aofL4t3qtU,UgzDIeSrjdsKqX3lr094AaABAg,@DarioAlejandroZarazuaGom-qm3hk,López Obrador es el jefe,2026-04-24T21:46:06Z,1,gobierno de Tampico,"Detienen a Fernando Farías, sobrino de exsecretario de Marina, en Argentina",Grupo Fórmula,2026-04-23T21:36:52Z,2026-05-04 07:48:41
_aofL4t3qtU,Ugwv3OK3cfEqU9o7Z0V4AaABAg,@ivan-gigi,Disque los agarran para que no los agarre estados unidos y les digan todo,2026-04-24T20:55:39Z,0,gobierno de Tampico,"Detienen a Fernando Farías, sobrino de exsecretario de Marina, en Argentina",Grupo Fórmula,2026-04-23T21:36:52Z,2026-05-04 07:48:41
_aofL4t3qtU,UgxNkm9y9b3UILU-icZ4AaABAg,@MikelCG91,¿Qué embajada le van a dar a tan digno representante de México?,2026-04-24T06:20:42Z,0,gobierno de Tampico,"Detienen a Fernando Farías, sobrino de exsecretario de Marina, en Argentina",Grupo Fórmula,2026-04-23T21:36:52Z,2026-05-04 07:48:41
_aofL4t3qtU,UgyavF1GkH-ShgvK1-p4AaABAg,@hectormorales5974,QUE SUELTE LA SOPA...LOS KK´S JUNIORS Y  EL SAPO DELGADO ESTÁN EMBARRADOS,2026-04-24T05:57:30Z,0,gobierno de Tampico,"Detienen a Fernando Farías, sobrino de exsecretario de Marina, en Argentina",Grupo Fórmula,2026-04-23T21:36:52Z,2026-05-04 07:48:41
_aofL4t3qtU,Ugwwxb9dF0Q6t57tZrd4AaABAg,@JoseGonzalez-tl6hg,Leí FIFA en las gorras 😅,2026-04-24T05:47:03Z,0,gobierno de Tampico,"Detienen a Fernando Farías, sobrino de exsecretario de Marina, en Argentina",Grupo Fórmula,2026-04-23T21:36:52Z,2026-05-04 07:48:41
_aofL4t3qtU,UgwvQO-Fm-OvfiCphSx4AaABAg,@chilapon-f1z,Directo a estados unidos haya si va hablar en México no le haran nada,2026-04-24T05:38:54Z,0,gobierno de Tampico,"Detienen a Fernando Farías, sobrino de exsecretario de Marina, en Argentina",Grupo Fórmula,2026-04-23T21:36:52Z,2026-05-04 07:48:41
_aofL4t3qtU,Ugz4-BwWhdn5mB1pwaN4AaABAg,@AngelAltuzar-fc1de,"En dónde fue a caer, en ese país no permiten la corrupción que estupidez suerte brother😂",2026-04-24T05:30:48Z,0,gobierno de Tampico,"Detienen a Fernando Farías, sobrino de exsecretario de Marina, en Argentina",Grupo Fórmula,2026-04-23T21:36:52Z,2026-05-04 07:48:41
_aofL4t3qtU,UgzD_-e9GivnJ1M4NIZ4AaABAg,@FranciscoArmandoLauterioLozano,Logro fugarse hasta a Argentina o fue ayudado por sus cómplices los hijos de amlo,2026-04-24T05:21:52Z,0,gobierno de Tampico,"Detienen a Fernando Farías, sobrino de exsecretario de Marina, en Argentina",Grupo Fórmula,2026-04-23T21:36:52Z,2026-05-04 07:48:41
_aofL4t3qtU,UgwnkDVipJIdk__dFB94AaABAg,@miguelmelgoza6931,UNA VERGÜENZA PARA LA SECRETARIA DE MARINA,2026-04-24T05:19:01Z,0,gobierno de Tampico,"Detienen a Fernando Farías, sobrino de exsecretario de Marina, en Argentina",Grupo Fórmula,2026-04-23T21:36:52Z,2026-05-04 07:48:41
_aofL4t3qtU,UgwJMsSr8N8cLCH55ER4AaABAg,@Marco-xi3jc,Lo van a mandar matar... Los 4t,2026-04-24T04:31:17Z,0,gobierno de Tampico,"Detienen a Fernando Farías, sobrino de exsecretario de Marina, en Argentina",Grupo Fórmula,2026-04-23T21:36:52Z,2026-05-04 07:48:41
_aofL4t3qtU,UgwBd0UUCutU5XhmpMl4AaABAg,@aaaaaa00001,QUE?? PERO SI AQUI EN MEXICO HAY MUCHOS.. 😂😂😂 en San Pedro Garza García. N.L..  Esta LLENO de huachicoleros y factureros.,2026-04-24T04:23:05Z,0,gobierno de Tampico,"Detienen a Fernando Farías, sobrino de exsecretario de Marina, en Argentina",Grupo Fórmula,2026-04-23T21:36:52Z,2026-05-04 07:48:41
_aofL4t3qtU,UgxndK4LSbYddeJLQdJ4AaABAg,@squalloriginal5457,"La que única forma de que no salgan es que los manden directo a estados unidos, si no aquí cualquier juez comprado lo deja salir por irregularidades en su detención no se saben otra 😂, por eso México es la burla de todos los países en corrupción",2026-04-24T04:20:35Z,0,gobierno de Tampico,"Detienen a Fernando Farías, sobrino de exsecretario de Marina, en Argentina",Grupo Fórmula,2026-04-23T21:36:52Z,2026-05-04 07:48:41
_aofL4t3qtU,UgyAHyzLDD10OLXGgnF4AaABAg,@GeneraciónAMLO,Borolas tiembla,2026-04-24T04:20:24Z,0,gobierno de Tampico,"Detienen a Fernando Farías, sobrino de exsecretario de Marina, en Argentina",Grupo Fórmula,2026-04-23T21:36:52Z,2026-05-04 07:48:41
_aofL4t3qtU,Ugx3UX4FSvVIurPl-5V4AaABAg,@mishaillich9728,"Este si es pez gordo, lo encarcelaran o lo defenderá morena!. Que le apliquen todo el peso de la ley, todo!. Mexicanos exijamos que no dude la fiscalía general de la republica, han desfalcado las arcas del estado, para hacer millonarios a unos personajes de morena y funcionarios publico de morena!. Vamos a ver su el ejecutivo federal mexicano tiene las agallas para procesar a este personaje en contra de Palenque!. Veremos..................",2026-04-24T04:14:38Z,0,gobierno de Tampico,"Detienen a Fernando Farías, sobrino de exsecretario de Marina, en Argentina",Grupo Fórmula,2026-04-23T21:36:52Z,2026-05-04 07:48:41
_aofL4t3qtU,UgwUs4f-eSOcQBnXke94AaABAg,@GustavoGarcia-qq4ec,"Se puede poner bueno si lo extraditan a ee uu, se abriria la cloaca mas grande en la historia de mexico, caerian muchos politicos, y los lopez",2026-04-24T04:10:17Z,1,gobierno de Tampico,"Detienen a Fernando Farías, sobrino de exsecretario de Marina, en Argentina",Grupo Fórmula,2026-04-23T21:36:52Z,2026-05-04 07:48:41
_aofL4t3qtU,UgzKPHfO9VQEAYfT9vR4AaABAg,@ArturoRodríguez-n4p,"QUE BUENAS NOTICIAS NO CABE DUDA QUE ESTE GOBIERNO ESTA DANDO GOLPES A LAS MAFIAS MAS PODEROSAS ASI SEAN ASTA DE SU PROPIO INTEGRANTES DEL GOBIERNO ASI SEAN DE MORENA ,MUCHA DIFERIENCIA A LOS GOBIERNOS ANTERIORES  QUE NO NADAMAS ERAN COMPLICES SINO QUE LOS PROTEGUIAN Y LOS DEJABAN ROBAR A MANOS LLENAS,, APARTE DE QUE LOS MAS PODEROSOS DELINCUENTES DE CUELLO BLANCO NUNCA PAGABAN IMPUESTOS,,,QUE GRAN DIFERIENCIA VERDAD  A ESTOS QUE NOS QUIEREN ASER CREER QUE MORENA ES IGUAL O INCLUSO PEOR ,🤣🤣🤣🤣🤣🤣🤣🤣🤣🤣🤣🤣🤣🤣,,",2026-04-24T03:28:34Z,0,gobierno de Tampico,"Detienen a Fernando Farías, sobrino de exsecretario de Marina, en Argentina",Grupo Fórmula,2026-04-23T21:36:52Z,2026-05-04 07:48:41
_aofL4t3qtU,UgxKbbK3wMbYwF6qcwR4AaABAg,@ElmerRoberto-y8x,Faltan los López Beltrán..,2026-04-24T02:58:32Z,0,gobierno de Tampico,"Detienen a Fernando Farías, sobrino de exsecretario de Marina, en Argentina",Grupo Fórmula,2026-04-23T21:36:52Z,2026-05-04 07:48:41
_aofL4t3qtU,UgxnDgAH7xrUUlMJ_nV4AaABAg,@eliseogonzalezortega5018,"Muy bien hay que traerlo a México para que los que imparten justicia le saquen una buena lana y lo dejen libre, para eso votamos para elección de judiciales corruptos",2026-04-24T02:58:25Z,0,gobierno de Tampico,"Detienen a Fernando Farías, sobrino de exsecretario de Marina, en Argentina",Grupo Fórmula,2026-04-23T21:36:52Z,2026-05-04 07:48:41
_aofL4t3qtU,Ugz_pkc7NVXyX_YsBbB4AaABAg,@saulduke9377,Que raro si es Mexicano jajajajaja,2026-04-24T02:37:11Z,0,gobierno de Tampico,"Detienen a Fernando Farías, sobrino de exsecretario de Marina, en Argentina",Grupo Fórmula,2026-04-23T21:36:52Z,2026-05-04 07:48:41
_aofL4t3qtU,UgxXQWMWdSOdRcrkcjh4AaABAg,@ArturLasco,Cheque la corrupción qué existe en el arnac 3 de Veracruz en san juan de uluas<br>Con probedores retirados junto con los capitanes y director de dicha unidad,2026-04-24T02:35:56Z,0,gobierno de Tampico,"Detienen a Fernando Farías, sobrino de exsecretario de Marina, en Argentina",Grupo Fórmula,2026-04-23T21:36:52Z,2026-05-04 07:48:41
_aofL4t3qtU,Ugy7JrVjYRxRaD1vgRd4AaABAg,@LeunamHughes224-01,Nadamás porque estaba lejos sino también se hubiera muerto en algún ejercicio militar como los otros anteriores,2026-04-24T02:34:50Z,0,gobierno de Tampico,"Detienen a Fernando Farías, sobrino de exsecretario de Marina, en Argentina",Grupo Fórmula,2026-04-23T21:36:52Z,2026-05-04 07:48:41
_aofL4t3qtU,UgwbwE3aiSg1TlLN-FF4AaABAg,@marvinmendoza908,que verguenza,2026-04-24T02:24:07Z,0,gobierno de Tampico,"Detienen a Fernando Farías, sobrino de exsecretario de Marina, en Argentina",Grupo Fórmula,2026-04-23T21:36:52Z,2026-05-04 07:48:41
_aofL4t3qtU,Ugxre0xu2H78JxPPK_54AaABAg,@Alselmosbc,Y LAS RATAS MAYORES ANDY Y AMLO CUANDO???..?????,2026-04-24T02:23:31Z,0,gobierno de Tampico,"Detienen a Fernando Farías, sobrino de exsecretario de Marina, en Argentina",Grupo Fórmula,2026-04-23T21:36:52Z,2026-05-04 07:48:41
_aofL4t3qtU,Ugx550DvrX3asm3ZQvN4AaABAg,@LeonardoHernandez-rx7bk,El jefe está escondido en tabasco,2026-04-24T02:20:09Z,0,gobierno de Tampico,"Detienen a Fernando Farías, sobrino de exsecretario de Marina, en Argentina",Grupo Fórmula,2026-04-23T21:36:52Z,2026-05-04 07:48:41
_aofL4t3qtU,UgwuzPfx1iMusALEMqh4AaABAg,@juanolivera834,Falta el secretario Rafael Ojeda pero como són de escuela natal no les ván a Acer nada,2026-04-24T02:13:58Z,0,gobierno de Tampico,"Detienen a Fernando Farías, sobrino de exsecretario de Marina, en Argentina",Grupo Fórmula,2026-04-23T21:36:52Z,2026-05-04 07:48:41
_aofL4t3qtU,Ugzc0R8grbITDG9BH-h4AaABAg,@Xavizz-G,"LA MARINA QUE LO LLEVE AL PAREDON , POR TRAICION A LA PATRIA.",2026-04-24T02:05:12Z,0,gobierno de Tampico,"Detienen a Fernando Farías, sobrino de exsecretario de Marina, en Argentina",Grupo Fórmula,2026-04-23T21:36:52Z,2026-05-04 07:48:41
_aofL4t3qtU,UgzXyTFwKT9U6Joynz54AaABAg,@usuariov74,Como la juegan si los meros meros de ese jale son amlo y sus hijos,2026-04-24T02:00:44Z,1,gobierno de Tampico,"Detienen a Fernando Farías, sobrino de exsecretario de Marina, en Argentina",Grupo Fórmula,2026-04-23T21:36:52Z,2026-05-04 07:48:41
_aofL4t3qtU,UgzoWdor-xNjcA0sdd94AaABAg,@breadwater71,A ver a ver va decir la presirvienta...porque no hablan asi de Garcia Luna 😂😂😂😂,2026-04-24T01:59:07Z,0,gobierno de Tampico,"Detienen a Fernando Farías, sobrino de exsecretario de Marina, en Argentina",Grupo Fórmula,2026-04-23T21:36:52Z,2026-05-04 07:48:41
_aofL4t3qtU,UgwLtZk_Yy_cS8jWqvV4AaABAg,@AldoCuevas-og8kr,Ojalá lo intercepte USA porque estos ratones .<br>Van hacer escalas sospechosas y adiestramiento masivo para que esté calladito como la rata de Bermúdez.<br>Y otra ves <br>Aquí no pasa nada pues Morena gobierna con impunidad,2026-04-24T01:55:30Z,0,gobierno de Tampico,"Detienen a Fernando Farías, sobrino de exsecretario de Marina, en Argentina",Grupo Fórmula,2026-04-23T21:36:52Z,2026-05-04 07:48:41
_aofL4t3qtU,Ugxysk0jprV0I5hDfcp4AaABAg,@cristiansanchez3787,Milei mandalo pero a USA no a México para que le saquen la sopa,2026-04-24T01:51:25Z,0,gobierno de Tampico,"Detienen a Fernando Farías, sobrino de exsecretario de Marina, en Argentina",Grupo Fórmula,2026-04-23T21:36:52Z,2026-05-04 07:48:41
_aofL4t3qtU,Ugwu8mQ7ESgvFGZ1NHp4AaABAg,@miluarconstrucciones4095,llegando a Mexico  MORENA lo hara diputado o senador ....,2026-04-24T01:49:28Z,0,gobierno de Tampico,"Detienen a Fernando Farías, sobrino de exsecretario de Marina, en Argentina",Grupo Fórmula,2026-04-23T21:36:52Z,2026-05-04 07:48:41
_aofL4t3qtU,Ugxm-R0fOeJ-NCKO6sF4AaABAg,@jesuslirafranco7264,Puro pancho no le van hacer nada porque no les confiscan todos sus bienes y dejan sin nada a toda su familia,2026-04-24T01:45:18Z,0,gobierno de Tampico,"Detienen a Fernando Farías, sobrino de exsecretario de Marina, en Argentina",Grupo Fórmula,2026-04-23T21:36:52Z,2026-05-04 07:48:41
_aofL4t3qtU,UgyF2H8TfrvPZWRyCXt4AaABAg,@hcxtr55,Ley marcial! Que los cuelguen de los 🍳🍳 por traidores &quot;un soldado en cada hijo te dio&quot;,2026-04-24T01:41:52Z,0,gobierno de Tampico,"Detienen a Fernando Farías, sobrino de exsecretario de Marina, en Argentina",Grupo Fórmula,2026-04-23T21:36:52Z,2026-05-04 07:48:41
_aofL4t3qtU,Ugz9j02PJYs8wCTUL954AaABAg,@GustavoGarcia-qq4ec,"que lo extraditen desde Argentina a los ee uu, porque si no, en mexico lo sueltan o le dan un puesto en el gobieno federal",2026-04-24T01:40:50Z,5,gobierno de Tampico,"Detienen a Fernando Farías, sobrino de exsecretario de Marina, en Argentina",Grupo Fórmula,2026-04-23T21:36:52Z,2026-05-04 07:48:41
_aofL4t3qtU,Ugx4d3pr9fylrbHoR3d4AaABAg,@RgcGm-g3d,Pez esqueleto 🩻,2026-04-24T01:38:33Z,0,gobierno de Tampico,"Detienen a Fernando Farías, sobrino de exsecretario de Marina, en Argentina",Grupo Fórmula,2026-04-23T21:36:52Z,2026-05-04 07:48:41
_aofL4t3qtU,Ugwo1MnSf9TBUzrNNnl4AaABAg,@EpaAmma-k5l6r,"Ora no lo vayan a hacer embajador, como acostumbran premiar a los incompetentes🙄",2026-04-24T01:35:07Z,5,gobierno de Tampico,"Detienen a Fernando Farías, sobrino de exsecretario de Marina, en Argentina",Grupo Fórmula,2026-04-23T21:36:52Z,2026-05-04 07:48:41
_aofL4t3qtU,UgxLH1rQZ2LuNwC6evZ4AaABAg,@franciscojavierruizmorales-f7e,La Cia lo atrapó va para USA.,2026-04-24T01:31:56Z,0,gobierno de Tampico,"Detienen a Fernando Farías, sobrino de exsecretario de Marina, en Argentina",Grupo Fórmula,2026-04-23T21:36:52Z,2026-05-04 07:48:41
_aofL4t3qtU,Ugw6FVvt1TqaVtxJtMZ4AaABAg,@Lydiamedina-qr9ze,Pez gordo? Que no es andy lopez Beltran???? CODIGO MAGENTA TIENE LA INFORMATION,2026-04-24T01:30:03Z,0,gobierno de Tampico,"Detienen a Fernando Farías, sobrino de exsecretario de Marina, en Argentina",Grupo Fórmula,2026-04-23T21:36:52Z,2026-05-04 07:48:41
_aofL4t3qtU,UgzYkwTN1CJewoHvJ694AaABAg,@FernandoTorres-cf7gi,Peña robo mucho petróleo 🛢️,2026-04-24T01:30:00Z,0,gobierno de Tampico,"Detienen a Fernando Farías, sobrino de exsecretario de Marina, en Argentina",Grupo Fórmula,2026-04-23T21:36:52Z,2026-05-04 07:48:41
_aofL4t3qtU,Ugz7ZZTverJOHe9sX8R4AaABAg,@FernandoTorres-cf7gi,Los que empezaron el guacho col son los del pri,2026-04-24T01:29:33Z,0,gobierno de Tampico,"Detienen a Fernando Farías, sobrino de exsecretario de Marina, en Argentina",Grupo Fórmula,2026-04-23T21:36:52Z,2026-05-04 07:48:41
_aofL4t3qtU,UgygiKCTG9lPqi-JoMJ4AaABAg,@FelipeSanchez-wz3dx,Mañana lo suicidan digo se suicida...,2026-04-24T01:28:57Z,0,gobierno de Tampico,"Detienen a Fernando Farías, sobrino de exsecretario de Marina, en Argentina",Grupo Fórmula,2026-04-23T21:36:52Z,2026-05-04 07:48:41
_aofL4t3qtU,Ugyg48MHRSkE8lOfWAN4AaABAg,@FelipeSanchez-wz3dx,Y para cuando Adán Augusto y el capo de palenque?,2026-04-24T01:28:25Z,0,gobierno de Tampico,"Detienen a Fernando Farías, sobrino de exsecretario de Marina, en Argentina",Grupo Fórmula,2026-04-23T21:36:52Z,2026-05-04 07:48:41
_aofL4t3qtU,Ugz3kyDiJQviG9nvKLh4AaABAg,@FernandoTorres-cf7gi,Ratas ala carcel y prianistas yambien,2026-04-24T01:28:21Z,0,gobierno de Tampico,"Detienen a Fernando Farías, sobrino de exsecretario de Marina, en Argentina",Grupo Fórmula,2026-04-23T21:36:52Z,2026-05-04 07:48:41
_aofL4t3qtU,Ugzei4T_5bgD_lcRvLl4AaABAg,@MartoBernal-j2w,"Me da mucho gusto, ojalá y caigan todos, incluyendo a los Lopez Beltrán 🐀.",2026-04-24T01:27:02Z,2,gobierno de Tampico,"Detienen a Fernando Farías, sobrino de exsecretario de Marina, en Argentina",Grupo Fórmula,2026-04-23T21:36:52Z,2026-05-04 07:48:41
_aofL4t3qtU,UgzqSzOFXqntrkttzHh4AaABAg,@alvarezmendez5700,Otro Hernán Bermúdez así quedara el caso vueltas y vuelta pero fuera otro rápido le dan carpetazo a se van hacer weyes los del gobierno,2026-04-24T01:02:42Z,0,gobierno de Tampico,"Detienen a Fernando Farías, sobrino de exsecretario de Marina, en Argentina",Grupo Fórmula,2026-04-23T21:36:52Z,2026-05-04 07:48:41
_aofL4t3qtU,UgxdK_p8MvJItU1c9hl4AaABAg,@manuelamontalvo3606,😊HABLAS fn serio? <br>¿Tu crees que esta nota eclipse<br>lo de la cia en Chihuahua?,2026-04-24T00:59:49Z,0,gobierno de Tampico,"Detienen a Fernando Farías, sobrino de exsecretario de Marina, en Argentina",Grupo Fórmula,2026-04-23T21:36:52Z,2026-05-04 07:48:41
_aofL4t3qtU,UgwkDUl4e_5GSRJ3hJl4AaABAg,@santiagovazquez2784,Las ratas del bienestar ya se estan escapando a todo el mundo😂,2026-04-24T00:58:52Z,2,gobierno de Tampico,"Detienen a Fernando Farías, sobrino de exsecretario de Marina, en Argentina",Grupo Fórmula,2026-04-23T21:36:52Z,2026-05-04 07:48:41
_aofL4t3qtU,Ugy-4z2T1Am4_yN9EEl4AaABAg,@6877EMA,Nada dice &quot;INOCENTE&quot; cómo que te encuentren al otro lado del mundo. 😂😂😂,2026-04-24T00:53:27Z,0,gobierno de Tampico,"Detienen a Fernando Farías, sobrino de exsecretario de Marina, en Argentina",Grupo Fórmula,2026-04-23T21:36:52Z,2026-05-04 07:48:41
_aofL4t3qtU,Ugwo-5fSmMxBRa373IN4AaABAg,@alggazteca,Solo hicieron lo que se esperaba de ellos. Para eso les dio el pejendo las aduanas a la marina. Dónde terminó mucha de la lana que ganaron? En las arcas de morena y las bolsas de la élite morenita. Tal y como hizo Hitler con sus generales en Alemania.,2026-04-24T00:49:25Z,0,gobierno de Tampico,"Detienen a Fernando Farías, sobrino de exsecretario de Marina, en Argentina",Grupo Fórmula,2026-04-23T21:36:52Z,2026-05-04 07:48:41
_aofL4t3qtU,Ugwm6J1ftKpJVgHPT6p4AaABAg,@rosariopineda3862,Queremos a los peces gooooorrrdoooss mínimo que a este rata se lo lleven a estados unidos para que suelte la sopa,2026-04-24T00:46:52Z,2,gobierno de Tampico,"Detienen a Fernando Farías, sobrino de exsecretario de Marina, en Argentina",Grupo Fórmula,2026-04-23T21:36:52Z,2026-05-04 07:48:41
_aofL4t3qtU,UgwufaMilhxsUe6mbZZ4AaABAg,@mayo6061,"jajajaj el pez gordo dirás el charal , lo lopez y andres manuel  son l9s jefes no pueden hacer pen...de..jos  a nadie.",2026-04-24T00:45:31Z,0,gobierno de Tampico,"Detienen a Fernando Farías, sobrino de exsecretario de Marina, en Argentina",Grupo Fórmula,2026-04-23T21:36:52Z,2026-05-04 07:48:41
_aofL4t3qtU,Ugybf0OByKpW9R-qFw14AaABAg,@teodorohernandez2533,Que suelte la sopa caiga quien caiga cero impunidad,2026-04-24T00:44:14Z,3,gobierno de Tampico,"Detienen a Fernando Farías, sobrino de exsecretario de Marina, en Argentina",Grupo Fórmula,2026-04-23T21:36:52Z,2026-05-04 07:48:41
_aofL4t3qtU,UgywTfEKJ9GVDKs3ymZ4AaABAg,@juan-franciscoherrera-soli507,"Señor, no diga mamadas, eso del guachicol fiscal se lo inventaron ustedes, es solo tráfico ilegal de combustible!",2026-04-24T00:41:16Z,0,gobierno de Tampico,"Detienen a Fernando Farías, sobrino de exsecretario de Marina, en Argentina",Grupo Fórmula,2026-04-23T21:36:52Z,2026-05-04 07:48:41
_aofL4t3qtU,UgzVbekvXfC4pULMS094AaABAg,@tuxmaniaco,"Muy bien, de todos modos a este Chayo no le gusta, que lo agarraran  tendrian que agarrar a todos los involucrados para que esté contento chayorisco",2026-04-24T00:37:51Z,0,gobierno de Tampico,"Detienen a Fernando Farías, sobrino de exsecretario de Marina, en Argentina",Grupo Fórmula,2026-04-23T21:36:52Z,2026-05-04 07:48:41
_aofL4t3qtU,UgzMgMbWCXzhyYRPSSt4AaABAg,@CarlosLopezArzate,Se va a ir a palenque!  Seguro allá le tienen una lujosa habitación ! 🤓🤓🤓🤣🤣,2026-04-24T00:36:31Z,0,gobierno de Tampico,"Detienen a Fernando Farías, sobrino de exsecretario de Marina, en Argentina",Grupo Fórmula,2026-04-23T21:36:52Z,2026-05-04 07:48:41
_aofL4t3qtU,Ugz1UMZNFq7_sH0YEc14AaABAg,@anara-bc4wu,"Que lo salvaguarden, no lo vayan a matar como al otro. Y AMLO y secuaces cuándo?",2026-04-24T00:36:06Z,0,gobierno de Tampico,"Detienen a Fernando Farías, sobrino de exsecretario de Marina, en Argentina",Grupo Fórmula,2026-04-23T21:36:52Z,2026-05-04 07:48:41
_aofL4t3qtU,UgyBtD0lzd15dFKpMTZ4AaABAg,@KikoMan-c7u,Cayo la RATOTA VICEALMIRANTE FARIAS EL CORRUPTAZO CON IDENTIDAD FALSA ANDABA HUYENDO,2026-04-24T00:30:30Z,0,gobierno de Tampico,"Detienen a Fernando Farías, sobrino de exsecretario de Marina, en Argentina",Grupo Fórmula,2026-04-23T21:36:52Z,2026-05-04 07:48:41
_aofL4t3qtU,UgwLwV9fzcg4Qijr5Zd4AaABAg,@gerardogarcia509,"Pues que lo hagan cantar y cero impunidad caiga quien caiga, los consumidores de gasolina ya estamos artos de pagar lo que otros se roban",2026-04-24T00:26:17Z,0,gobierno de Tampico,"Detienen a Fernando Farías, sobrino de exsecretario de Marina, en Argentina",Grupo Fórmula,2026-04-23T21:36:52Z,2026-05-04 07:48:41
_aofL4t3qtU,UgziBMdJpTA-vhnm1sF4AaABAg,@AdolfoMéndiaMorán,"A VER, NO ES MARINO, ES DE LA ARMADA.<br>PARA SER MARINO,LE FALTA MUCHO.<br>LOS ÚNICOS MARINOS, SON LOS MARINOS MERCANTES.",2026-04-24T00:20:55Z,0,gobierno de Tampico,"Detienen a Fernando Farías, sobrino de exsecretario de Marina, en Argentina",Grupo Fórmula,2026-04-23T21:36:52Z,2026-05-04 07:48:41
_aofL4t3qtU,Ugx_clceQmhv3e6PiTF4AaABAg,@tomascabreraruiz1130,"ANDY , ANDY ANDY  😂😂😂 CUIDEN A ESTE EX POPEYE NO SE VAYA A SUICIDAR CON UNA RAMA DE PEREJIL 😂😂😂 DIGO SABE MUCHO DE LOS LOPEZ 😂😂😂",2026-04-24T00:20:06Z,0,gobierno de Tampico,"Detienen a Fernando Farías, sobrino de exsecretario de Marina, en Argentina",Grupo Fórmula,2026-04-23T21:36:52Z,2026-05-04 07:48:41
_aofL4t3qtU,Ugw7R5B-mMoO7daeLDN4AaABAg,@NorthWestlight,AMLO..????,2026-04-24T00:19:58Z,0,gobierno de Tampico,"Detienen a Fernando Farías, sobrino de exsecretario de Marina, en Argentina",Grupo Fórmula,2026-04-23T21:36:52Z,2026-05-04 07:48:41
_aofL4t3qtU,UgwRuR8YvcZfn6LZgZt4AaABAg,@totooti,Ya chúpasela we !,2026-04-24T00:11:39Z,0,gobierno de Tampico,"Detienen a Fernando Farías, sobrino de exsecretario de Marina, en Argentina",Grupo Fórmula,2026-04-23T21:36:52Z,2026-05-04 07:48:41
_aofL4t3qtU,Ugz5unqvnWi60jPOI894AaABAg,@newcruiser,"Increible el trabajo de localizar a esta persona hasta Argentina. Se ve que Harfouch esta con todo. Y los quejumbrosos de aqui ponganse a jalar e informense correctamente. Esta semana toca que aprendan PENSAMIENTO CRITICO jóvenes porque andan muy perdidos. La tarea de hoy es : &quot;Buscar el termino pensamiento critico en internet, leer dos paginas y hacer un resumen en su cabecita y comentarlo con su vieja, viejo o con el perico, no le hace. <a href=""UCkszU2WH9gy1mb0dV-11UJg/m8MfY4jbFsWJhL0PyouA2Ak""></a>",2026-04-24T00:05:30Z,0,gobierno de Tampico,"Detienen a Fernando Farías, sobrino de exsecretario de Marina, en Argentina",Grupo Fórmula,2026-04-23T21:36:52Z,2026-05-04 07:48:41
_aofL4t3qtU,Ugx0ecT2BotTSFAtTph4AaABAg,@eduardosegura8149,Falta el tío y López,2026-04-24T00:02:25Z,0,gobierno de Tampico,"Detienen a Fernando Farías, sobrino de exsecretario de Marina, en Argentina",Grupo Fórmula,2026-04-23T21:36:52Z,2026-05-04 07:48:41
_aofL4t3qtU,UgxVForM0p_1OxICayF4AaABAg,@andresmedran6748,Queremos.alos capos lopez,2026-04-24T00:00:38Z,0,gobierno de Tampico,"Detienen a Fernando Farías, sobrino de exsecretario de Marina, en Argentina",Grupo Fórmula,2026-04-23T21:36:52Z,2026-05-04 07:48:41
_aofL4t3qtU,Ugw59_nlh3yn5rSAnS54AaABAg,@gonzaloarvietti7189,Puras cortinas de humo<br><br>Y adan augusto ???? Cuando ???,2026-04-23T23:59:55Z,0,gobierno de Tampico,"Detienen a Fernando Farías, sobrino de exsecretario de Marina, en Argentina",Grupo Fórmula,2026-04-23T21:36:52Z,2026-05-04 07:48:41
_aofL4t3qtU,Ugz5W6Mu7P4e9fxSJLN4AaABAg,@gerardofranco5372,"si lo traen a México, capaz que lo condecoran....",2026-04-23T23:59:02Z,0,gobierno de Tampico,"Detienen a Fernando Farías, sobrino de exsecretario de Marina, en Argentina",Grupo Fórmula,2026-04-23T21:36:52Z,2026-05-04 07:48:41
_aofL4t3qtU,UgytJlB0-DKPrfIcTUp4AaABAg,@veritaguerrero,que diga quién son los Patrones que le mandaban!!,2026-04-23T23:58:05Z,0,gobierno de Tampico,"Detienen a Fernando Farías, sobrino de exsecretario de Marina, en Argentina",Grupo Fórmula,2026-04-23T21:36:52Z,2026-05-04 07:48:41
_aofL4t3qtU,UgySxUiOvNMWI63BRGB4AaABAg,@gerardofranco5372,"solo pedirle a los argentinos que NO lo entreguen a México, que vaya directo a las manos de los gringos",2026-04-23T23:57:45Z,0,gobierno de Tampico,"Detienen a Fernando Farías, sobrino de exsecretario de Marina, en Argentina",Grupo Fórmula,2026-04-23T21:36:52Z,2026-05-04 07:48:41
_aofL4t3qtU,UgwxDTJGRsdrqs1W_Fh4AaABAg,@peliculasgeniales1270,¿Ya detuvieron al huachi-kks y a sus parásitos hijos?,2026-04-23T23:56:20Z,1,gobierno de Tampico,"Detienen a Fernando Farías, sobrino de exsecretario de Marina, en Argentina",Grupo Fórmula,2026-04-23T21:36:52Z,2026-05-04 07:48:41
_aofL4t3qtU,UgzdlZI8Ra8UkIQUxv14AaABAg,@jz4344,"Estoy leyendo  las opiniones  de los derechairos,  pobrecitos ningún  chile les enbona 😂😅😂😅😂😅😂😅",2026-04-23T23:56:12Z,0,gobierno de Tampico,"Detienen a Fernando Farías, sobrino de exsecretario de Marina, en Argentina",Grupo Fórmula,2026-04-23T21:36:52Z,2026-05-04 07:48:41
_aofL4t3qtU,UgwA1hWy5VHsM-WfRQl4AaABAg,@gatitos5-9,"Q HABLE Y DE EL NOMBRE DE TODOS LOS RATAS ,Q NO SE HAGA COMO REQUENA Q TIENE MIEDO HABLAR",2026-04-23T23:55:39Z,0,gobierno de Tampico,"Detienen a Fernando Farías, sobrino de exsecretario de Marina, en Argentina",Grupo Fórmula,2026-04-23T21:36:52Z,2026-05-04 07:48:41
_aofL4t3qtU,UgxdNtUzqbuHKDBekud4AaABAg,@Moramay0000,HAGANLO HABLAR…. QUE SUELTE LA SOPA… QUE CAIGAN LOS DEMAS .,2026-04-23T23:55:05Z,0,gobierno de Tampico,"Detienen a Fernando Farías, sobrino de exsecretario de Marina, en Argentina",Grupo Fórmula,2026-04-23T21:36:52Z,2026-05-04 07:48:41
_aofL4t3qtU,Ugys-dQb6jopv5Z9Lnt4AaABAg,@juansantos6905,"A ver si realmente lo juzgan y sentencian, o se irán hacer, igual que con el de la Barredora, los &quot;encuentran &quot; y ya guardaditos, no sueltan la lengua, pero se adjudican la medalla que fueron detenidos.",2026-04-23T23:51:55Z,0,gobierno de Tampico,"Detienen a Fernando Farías, sobrino de exsecretario de Marina, en Argentina",Grupo Fórmula,2026-04-23T21:36:52Z,2026-05-04 07:48:41
_aofL4t3qtU,UgyH7ymbW8_fEuDdicF4AaABAg,@raydel-Arellano-h1d8k,Antes de comer carne de burro mejor me entrego dijo el susodicho 😂,2026-04-23T23:49:22Z,0,gobierno de Tampico,"Detienen a Fernando Farías, sobrino de exsecretario de Marina, en Argentina",Grupo Fórmula,2026-04-23T21:36:52Z,2026-05-04 07:48:41
_aofL4t3qtU,UgwvNlv4z0YrdJzFaW54AaABAg,@carmendelrosariov.b8159,FALTA EL EX SECRETARIO DE MARINA Y LOS HIJOS DEL KAKAS,2026-04-23T23:42:37Z,1,gobierno de Tampico,"Detienen a Fernando Farías, sobrino de exsecretario de Marina, en Argentina",Grupo Fórmula,2026-04-23T21:36:52Z,2026-05-04 07:48:41
_aofL4t3qtU,UgwHbe7dJgg-tQ8tE8x4AaABAg,@JuanGonzalez-sr8yq,"Que lo refundan por delincuencia organizada junto con el almirante que según el se escurrió, burlando a la justicia. Que se lo lleven a EU de una vez. Para que ya no salga.",2026-04-23T23:41:33Z,4,gobierno de Tampico,"Detienen a Fernando Farías, sobrino de exsecretario de Marina, en Argentina",Grupo Fórmula,2026-04-23T21:36:52Z,2026-05-04 07:48:41
_aofL4t3qtU,UgyE9PIqfDzec5cf4gd4AaABAg,@aquilesbaeza2191,Llegando a México le van a dar una embajada 😀,2026-04-23T23:40:30Z,0,gobierno de Tampico,"Detienen a Fernando Farías, sobrino de exsecretario de Marina, en Argentina",Grupo Fórmula,2026-04-23T21:36:52Z,2026-05-04 07:48:41
_aofL4t3qtU,UgxTBHG4o1Sjjae_9UV4AaABAg,@robertotogo7856,"Este si es un pez gordo, esperemos no lo silencien, por que este si debe de tener mucha información sobre el cartel macuspano",2026-04-23T23:38:25Z,0,gobierno de Tampico,"Detienen a Fernando Farías, sobrino de exsecretario de Marina, en Argentina",Grupo Fórmula,2026-04-23T21:36:52Z,2026-05-04 07:48:41
_aofL4t3qtU,Ugyf4nGeE4PD2xtEqlt4AaABAg,@LuisMelo-q9k,La presidenta ba abrir una carpeta La A,2026-04-23T23:35:37Z,0,gobierno de Tampico,"Detienen a Fernando Farías, sobrino de exsecretario de Marina, en Argentina",Grupo Fórmula,2026-04-23T21:36:52Z,2026-05-04 07:48:41
_aofL4t3qtU,UgyMlYpnUukQloSjQFR4AaABAg,@pptan8580,"Mmmta a ver cuantas horas hace el vuelo desde argentina o hacen escala para cargar combustible y pactan su silencio con tal de salvar al Andy López el rey del huachicol, con Adán Augusto y audomaro los meros meros!",2026-04-23T23:33:44Z,0,gobierno de Tampico,"Detienen a Fernando Farías, sobrino de exsecretario de Marina, en Argentina",Grupo Fórmula,2026-04-23T21:36:52Z,2026-05-04 07:48:41
_aofL4t3qtU,UgzNtmCLggg53cI1SRB4AaABAg,@Declan_Harp,"Otro chivato expiatorio. Le harán  como al maquinista del interoceánico <br> El.solito hacía  todo y el secreto de marina no sabía nada, ni adan, ni ando ni chemba.",2026-04-23T23:32:58Z,0,gobierno de Tampico,"Detienen a Fernando Farías, sobrino de exsecretario de Marina, en Argentina",Grupo Fórmula,2026-04-23T21:36:52Z,2026-05-04 07:48:41
_aofL4t3qtU,UgzKrvOeCYIbyeG9oh94AaABAg,@GarzaLingo-t6f,"Todos sabemos quienes  son los jefes de estos vatos marinos, q cuando entraron los pusieron a hacer de todo a la marina y al ejército hasta robar menos defender a México",2026-04-23T23:32:19Z,1,gobierno de Tampico,"Detienen a Fernando Farías, sobrino de exsecretario de Marina, en Argentina",Grupo Fórmula,2026-04-23T21:36:52Z,2026-05-04 07:48:41
_aofL4t3qtU,UgwjfZ1eCK2oO1mxUxB4AaABAg,@gloriaestherbricenoalcaraz3593,Rata inmunda! te ponen en un puesto de la marina importante y lo usas para robar delincuente!!!! que te refundas en la cárcel.,2026-04-23T23:32:10Z,0,gobierno de Tampico,"Detienen a Fernando Farías, sobrino de exsecretario de Marina, en Argentina",Grupo Fórmula,2026-04-23T21:36:52Z,2026-05-04 07:48:41
_aofL4t3qtU,UgzyA20XzEoJweGlpf54AaABAg,@maperezpulido634,es gravísimo también es gravísimo que la gobernadora muru biole las leyes de México también será de ocho ocho ocho y la nota mañana no a cul irle todo es gravísimo o una es grave y la otra no 😂,2026-04-23T23:31:19Z,0,gobierno de Tampico,"Detienen a Fernando Farías, sobrino de exsecretario de Marina, en Argentina",Grupo Fórmula,2026-04-23T21:36:52Z,2026-05-04 07:48:41
_aofL4t3qtU,UgzntsOtUKs6NaFoVxl4AaABAg,@GuillermoSantillanaMárquez,El capo mayor está en Palenque.,2026-04-23T23:29:35Z,0,gobierno de Tampico,"Detienen a Fernando Farías, sobrino de exsecretario de Marina, en Argentina",Grupo Fórmula,2026-04-23T21:36:52Z,2026-05-04 07:48:41
_aofL4t3qtU,Ugx5rOeFOaMLAoJHnMt4AaABAg,@joseiberramirezsanchez5705,"si son sobrinos políticos, realmente no cuenta. Y lo importante es que se aplique la ley sin distinciones.",2026-04-23T23:27:32Z,0,gobierno de Tampico,"Detienen a Fernando Farías, sobrino de exsecretario de Marina, en Argentina",Grupo Fórmula,2026-04-23T21:36:52Z,2026-05-04 07:48:41
_aofL4t3qtU,UgxNymTNI05UutyAyeR4AaABAg,@hildalozoya4263,Que bien !!! Bravo por Omar García,2026-04-23T23:20:50Z,0,gobierno de Tampico,"Detienen a Fernando Farías, sobrino de exsecretario de Marina, en Argentina",Grupo Fórmula,2026-04-23T21:36:52Z,2026-05-04 07:48:41
_aofL4t3qtU,UgzV_FKWsxYabTVQLg94AaABAg,@Gabriel-Batres16217,Qué bien,2026-04-23T23:15:34Z,0,gobierno de Tampico,"Detienen a Fernando Farías, sobrino de exsecretario de Marina, en Argentina",Grupo Fórmula,2026-04-23T21:36:52Z,2026-05-04 07:48:41
_aofL4t3qtU,Ugy7cx64Sj7h-TmRQ_h4AaABAg,@josebalanzategui6130,Morena la desgracia de mexico😔🇲🇽<br>No menciona los avances <br>lo Cual deberian hacerlo por Que es deber  de las autoridades hacer justicia 🧐,2026-04-23T23:13:51Z,4,gobierno de Tampico,"Detienen a Fernando Farías, sobrino de exsecretario de Marina, en Argentina",Grupo Fórmula,2026-04-23T21:36:52Z,2026-05-04 07:48:41
_aofL4t3qtU,UgxhnzCaexO1_thy2g54AaABAg,@raulcabrera8798,Lo trajeron por qué les urge ponerlo en una embajada,2026-04-23T23:13:28Z,0,gobierno de Tampico,"Detienen a Fernando Farías, sobrino de exsecretario de Marina, en Argentina",Grupo Fórmula,2026-04-23T21:36:52Z,2026-05-04 07:48:41
_aofL4t3qtU,UgwE6h8iEyzOAsl1d314AaABAg,@JorgeRamirez-xl2gt,"Pero no le van a hacer nada , lo dejarán en el olvido como a Bermúdez",2026-04-23T23:10:56Z,0,gobierno de Tampico,"Detienen a Fernando Farías, sobrino de exsecretario de Marina, en Argentina",Grupo Fórmula,2026-04-23T21:36:52Z,2026-05-04 07:48:41
_aofL4t3qtU,UgzyISZnLZy3e20Nwgp4AaABAg,@fbpliegorrivero8869,Que agarren al Andy Pandy pandillero hijo de López Cobrador,2026-04-23T23:10:11Z,0,gobierno de Tampico,"Detienen a Fernando Farías, sobrino de exsecretario de Marina, en Argentina",Grupo Fórmula,2026-04-23T21:36:52Z,2026-05-04 07:48:41
_aofL4t3qtU,UgzWVh4YWbCMY5yZrJJ4AaABAg,@julitored3053,Y CÓMO SE LE JUZGA A UN MILITAR?<br>QUÉ PENA SE LE APLICA A UN MILITAR POR TRAICIÓN A LA PATRIA?🙄,2026-04-23T23:09:22Z,8,gobierno de Tampico,"Detienen a Fernando Farías, sobrino de exsecretario de Marina, en Argentina",Grupo Fórmula,2026-04-23T21:36:52Z,2026-05-04 07:48:41
_aofL4t3qtU,UgyYa0CGN0GKPcOnE-54AaABAg,@raulcano6474,Gracias 4T 👍,2026-04-23T23:08:58Z,0,gobierno de Tampico,"Detienen a Fernando Farías, sobrino de exsecretario de Marina, en Argentina",Grupo Fórmula,2026-04-23T21:36:52Z,2026-05-04 07:48:41
_aofL4t3qtU,UgxN0gD_Fz6AolphXdh4AaABAg,@MiguelSanchez-br7xw,Falta amlo los ijos de amlo adan agusto iaus Migos presta nombres todos ellos faltan aue caygan,2026-04-23T23:05:46Z,0,gobierno de Tampico,"Detienen a Fernando Farías, sobrino de exsecretario de Marina, en Argentina",Grupo Fórmula,2026-04-23T21:36:52Z,2026-05-04 07:48:41
_aofL4t3qtU,UgziAfgHtRd_3kPn-XJ4AaABAg,@Tinieblas1733,Pero como lo detienen?....si la 4T no detiene delincuentes..y aparte iría en contra del gobierno....bueno esos son los argumentos de la oposición,2026-04-23T23:03:57Z,0,gobierno de Tampico,"Detienen a Fernando Farías, sobrino de exsecretario de Marina, en Argentina",Grupo Fórmula,2026-04-23T21:36:52Z,2026-05-04 07:48:41
_aofL4t3qtU,UgxcCM_A-ac_s9eyaiR4AaABAg,@armando5w1518,Deberían de darle la pena de muerte por traidor a la patria..,2026-04-23T23:03:41Z,1,gobierno de Tampico,"Detienen a Fernando Farías, sobrino de exsecretario de Marina, en Argentina",Grupo Fórmula,2026-04-23T21:36:52Z,2026-05-04 07:48:41
_aofL4t3qtU,Ugz0dD-XBw-uK0xgQfN4AaABAg,@autoklassmx,Que P1nch3 vergüenza robar al país que juro defender. 🤮,2026-04-23T22:59:02Z,0,gobierno de Tampico,"Detienen a Fernando Farías, sobrino de exsecretario de Marina, en Argentina",Grupo Fórmula,2026-04-23T21:36:52Z,2026-05-04 07:48:41
_aofL4t3qtU,UgywqCVuoLG24l_Djfh4AaABAg,@antoniomalacara9277,El mayor robo en la historia de México. De seguro le van a dar un curul.,2026-04-23T22:58:36Z,0,gobierno de Tampico,"Detienen a Fernando Farías, sobrino de exsecretario de Marina, en Argentina",Grupo Fórmula,2026-04-23T21:36:52Z,2026-05-04 07:48:41
_aofL4t3qtU,UgwESqXi9bLA7jjVZz14AaABAg,@MasterKernel08,¿Y CUÁNDO CAPTURAN AL REY DEL HUACHICOL AMLOCO?,2026-04-23T22:54:05Z,0,gobierno de Tampico,"Detienen a Fernando Farías, sobrino de exsecretario de Marina, en Argentina",Grupo Fórmula,2026-04-23T21:36:52Z,2026-05-04 07:48:41
_aofL4t3qtU,Ugw4diJtKB_QMfBXnRV4AaABAg,@tuliocardonabenavides9544,El kkks es el cabecilla,2026-04-23T22:53:13Z,0,gobierno de Tampico,"Detienen a Fernando Farías, sobrino de exsecretario de Marina, en Argentina",Grupo Fórmula,2026-04-23T21:36:52Z,2026-05-04 07:48:41
_aofL4t3qtU,UgwGHUTRnyjUxcaJmxV4AaABAg,@MiguelVerduzco-mz2hm,Faltan los machuchones de palenque,2026-04-23T22:46:25Z,0,gobierno de Tampico,"Detienen a Fernando Farías, sobrino de exsecretario de Marina, en Argentina",Grupo Fórmula,2026-04-23T21:36:52Z,2026-05-04 07:48:41
_aofL4t3qtU,Ugx_J3nZazr0QVmpZoR4AaABAg,@ER-xi8ig,Y faltan decenas de funcionarios públicos (léase burócratas) y decenas de empresarios coludidos con ellos!!!😡😡😡😡,2026-04-23T22:44:06Z,1,gobierno de Tampico,"Detienen a Fernando Farías, sobrino de exsecretario de Marina, en Argentina",Grupo Fórmula,2026-04-23T21:36:52Z,2026-05-04 07:48:41
_aofL4t3qtU,UgwoB1-2iUq3h3zQial4AaABAg,@octavioruiz6495,"El pej gordo se llama kks,chiquidracula y cheimbau",2026-04-23T22:39:24Z,0,gobierno de Tampico,"Detienen a Fernando Farías, sobrino de exsecretario de Marina, en Argentina",Grupo Fórmula,2026-04-23T21:36:52Z,2026-05-04 07:48:41
_aofL4t3qtU,UgyVTaZKV4R66qV7PEB4AaABAg,@AntonioZ-b7w,Mamen ensuciar la honorabilidad de una institución como la Marina y pa colmo de la escuela naval ya ni la chingan ganan bien y tienen todas las prestaciones habiadas y por haber ya ni la joden.. deberás,2026-04-23T22:36:54Z,1,gobierno de Tampico,"Detienen a Fernando Farías, sobrino de exsecretario de Marina, en Argentina",Grupo Fórmula,2026-04-23T21:36:52Z,2026-05-04 07:48:41
_aofL4t3qtU,Ugwi2tp4jETM54AIBu94AaABAg,@adolfogonzalez7085,Lo va a matar Morena para no hablar ok,2026-04-23T22:36:08Z,0,gobierno de Tampico,"Detienen a Fernando Farías, sobrino de exsecretario de Marina, en Argentina",Grupo Fórmula,2026-04-23T21:36:52Z,2026-05-04 07:48:41
_aofL4t3qtU,UgzIMEYW_LCNfpseaa54AaABAg,@jesusfierro5425,El día que lo traigan 😂😂😂😂el avión se detendrá un RATOTE para leerle la cartilla y se alinie,2026-04-23T22:36:07Z,0,gobierno de Tampico,"Detienen a Fernando Farías, sobrino de exsecretario de Marina, en Argentina",Grupo Fórmula,2026-04-23T21:36:52Z,2026-05-04 07:48:41
_aofL4t3qtU,Ugxw2JPl9hc-8g2Bxyl4AaABAg,@jesusfierro5425,Haber sino se muere,2026-04-23T22:35:16Z,0,gobierno de Tampico,"Detienen a Fernando Farías, sobrino de exsecretario de Marina, en Argentina",Grupo Fórmula,2026-04-23T21:36:52Z,2026-05-04 07:48:41
_aofL4t3qtU,UgznBVVYxh_i1mc6Qpl4AaABAg,@jesusfierro5425,"Lo agarraron PORQUE EUA les dijo, lo agarran o lo agarran😂😂😂,el burro no es huevo para ir a casa.",2026-04-23T22:34:58Z,2,gobierno de Tampico,"Detienen a Fernando Farías, sobrino de exsecretario de Marina, en Argentina",Grupo Fórmula,2026-04-23T21:36:52Z,2026-05-04 07:48:41
_aofL4t3qtU,UgzhLAb3yosvKsToaOx4AaABAg,@lacajadelchocotorro7815,"Aquí hay de dos sopas, una Mexico corre por el y lo salvan y aquí no paso nada o EUA lo pide y valió verdura este we y se llevan entre las patas a MOrena",2026-04-23T22:34:15Z,1,gobierno de Tampico,"Detienen a Fernando Farías, sobrino de exsecretario de Marina, en Argentina",Grupo Fórmula,2026-04-23T21:36:52Z,2026-05-04 07:48:41
_aofL4t3qtU,UgwfKhW9R07XpBR1dQJ4AaABAg,@martyjensen1483,"Jajajaj pez gordo, pura pantalla 😂😂",2026-04-23T22:32:32Z,0,gobierno de Tampico,"Detienen a Fernando Farías, sobrino de exsecretario de Marina, en Argentina",Grupo Fórmula,2026-04-23T21:36:52Z,2026-05-04 07:48:41
_aofL4t3qtU,UgyKyAhyNfztTZRYwGh4AaABAg,@juanitoelzombie,No se preocupen. En Mexico ya le tienen lista su plaza en morena,2026-04-23T22:28:25Z,27,gobierno de Tampico,"Detienen a Fernando Farías, sobrino de exsecretario de Marina, en Argentina",Grupo Fórmula,2026-04-23T21:36:52Z,2026-05-04 07:48:41
_aofL4t3qtU,UgwBkkZpLl5fej9LYVt4AaABAg,@JaimeRamirez-j9x,Y el kks y sus secuases cuando hurge,2026-04-23T22:26:03Z,0,gobierno de Tampico,"Detienen a Fernando Farías, sobrino de exsecretario de Marina, en Argentina",Grupo Fórmula,2026-04-23T21:36:52Z,2026-05-04 07:48:41
_aofL4t3qtU,UgysNazPqn3JVPZFeuh4AaABAg,@arturocastillo4190,"No me digan! Cuando venga de regreso se va a detener en Chiapas o en Campeche a hablar con su jefe... perdón, a recargar combustible... jajajaja",2026-04-23T22:25:36Z,0,gobierno de Tampico,"Detienen a Fernando Farías, sobrino de exsecretario de Marina, en Argentina",Grupo Fórmula,2026-04-23T21:36:52Z,2026-05-04 07:48:41
_aofL4t3qtU,UgzqwKy9ALPWTpS1bB54AaABAg,@JesusRosales-n1t,"Estas si son buenas noticias, a ver si empiezan a dejar de saquear a PEMEX, una verguenza y deshonra para una GRAN INSTITUCION.............................LA SEMAR.",2026-04-23T22:24:35Z,0,gobierno de Tampico,"Detienen a Fernando Farías, sobrino de exsecretario de Marina, en Argentina",Grupo Fórmula,2026-04-23T21:36:52Z,2026-05-04 07:48:41
_aofL4t3qtU,UgxRi5O5ycrH5xiSy5N4AaABAg,@FatCk67,"Pues en este punto ya vale madre el huachicol, por que pues estan las pruebas de que el y sus asociados asesinaron por lo menos a 5 elementos que les estorbaban o los acusaron de los robos. Y tambien deberian de arresta a Ojeda por que fue el quien provoco esas muertes por su incompetencia y negligencia criminal.",2026-04-23T22:23:28Z,0,gobierno de Tampico,"Detienen a Fernando Farías, sobrino de exsecretario de Marina, en Argentina",Grupo Fórmula,2026-04-23T21:36:52Z,2026-05-04 07:48:41
_aofL4t3qtU,UgxqxJWTOvQlbgZj3BR4AaABAg,@LOSTD34D,Y EL KAKAS Y SUS HIJOS CUANDO?????????????????,2026-04-23T22:22:55Z,2,gobierno de Tampico,"Detienen a Fernando Farías, sobrino de exsecretario de Marina, en Argentina",Grupo Fórmula,2026-04-23T21:36:52Z,2026-05-04 07:48:41
_aofL4t3qtU,Ugz01Mba03VljGig0Gl4AaABAg,@MattDillon-nl6nt,SOLO ASI ARRESTAN A NOS NARCOS  EN OTROS PAISES   AQUI LA LAGARTIJA PARADA LOS CUIDA JEJE,2026-04-23T22:21:07Z,4,gobierno de Tampico,"Detienen a Fernando Farías, sobrino de exsecretario de Marina, en Argentina",Grupo Fórmula,2026-04-23T21:36:52Z,2026-05-04 07:48:41
_aofL4t3qtU,UgypKMd2SgU8ide4tnV4AaABAg,@miriamrodriguez9157,"Será pez gordo?no lo manden a México, que se vaya directo a USA",2026-04-23T22:19:52Z,26,gobierno de Tampico,"Detienen a Fernando Farías, sobrino de exsecretario de Marina, en Argentina",Grupo Fórmula,2026-04-23T21:36:52Z,2026-05-04 07:48:41
_aofL4t3qtU,UgzzTuwH3iZO-Nr8x-R4AaABAg,@Miyoutubeperfil,No se les olvide la cantidad señores! Se robaron 600 mil millones de pesos durante el sexenio de AMLO.<br>Recuerden esa cifra.,2026-04-23T22:18:44Z,0,gobierno de Tampico,"Detienen a Fernando Farías, sobrino de exsecretario de Marina, en Argentina",Grupo Fórmula,2026-04-23T21:36:52Z,2026-05-04 07:48:41
_aofL4t3qtU,UgxRBxmzESYW-NZYbPV4AaABAg,@ivanflores2670,Los López 😊?,2026-04-23T22:17:31Z,1,gobierno de Tampico,"Detienen a Fernando Farías, sobrino de exsecretario de Marina, en Argentina",Grupo Fórmula,2026-04-23T21:36:52Z,2026-05-04 07:48:41
_aofL4t3qtU,Ugwj7ppcrs_Hrp9mb354AaABAg,@DAIANAJISSELESPAÑAFRAGOSO,Que paguen todo lo que se robaron que regrese el dinero que se embolsó junto con sus familiares. Cárcel y que paguen por traición a la patria y por corrupción con influyentismo y organización criminal. Fuera MORENA y la mafia de la 4T.,2026-04-23T22:16:30Z,0,gobierno de Tampico,"Detienen a Fernando Farías, sobrino de exsecretario de Marina, en Argentina",Grupo Fórmula,2026-04-23T21:36:52Z,2026-05-04 07:48:41
_aofL4t3qtU,Ugyjg1HcayBidFyEPhp4AaABAg,@ru73rol39,Yo pensé que Andy 😅,2026-04-23T22:15:48Z,24,gobierno de Tampico,"Detienen a Fernando Farías, sobrino de exsecretario de Marina, en Argentina",Grupo Fórmula,2026-04-23T21:36:52Z,2026-05-04 07:48:41
_aofL4t3qtU,Ugz-macZUKkb8FfIdAh4AaABAg,@juliomontess,"JAjajaj ahora que está ardiendo el país, sacan este circo.",2026-04-23T22:14:30Z,2,gobierno de Tampico,"Detienen a Fernando Farías, sobrino de exsecretario de Marina, en Argentina",Grupo Fórmula,2026-04-23T21:36:52Z,2026-05-04 07:48:41
_aofL4t3qtU,UgwMt7zc_PLkAzEZqSV4AaABAg,@karlosruiz3292,Llegando a México lo dejan libre 😂😂😂,2026-04-23T22:14:17Z,31,gobierno de Tampico,"Detienen a Fernando Farías, sobrino de exsecretario de Marina, en Argentina",Grupo Fórmula,2026-04-23T21:36:52Z,2026-05-04 07:48:41
_aofL4t3qtU,UgwUswpuQI0xZiYezdZ4AaABAg,@TheGoodMan93,"Va a pasar a Palenque primero como Bermúdez Requena, morenos HDSRPTM.",2026-04-23T22:14:15Z,1,gobierno de Tampico,"Detienen a Fernando Farías, sobrino de exsecretario de Marina, en Argentina",Grupo Fórmula,2026-04-23T21:36:52Z,2026-05-04 07:48:41
_aofL4t3qtU,UgwQsB-OiARhDgrBJCN4AaABAg,@chrissalazar8209,Es mas te apuesto 10 mil pesos a que morena se Va poner la medalla gracias an alas 4t hay soberania .. como paso con el abuelo la barredora,2026-04-23T22:13:37Z,7,gobierno de Tampico,"Detienen a Fernando Farías, sobrino de exsecretario de Marina, en Argentina",Grupo Fórmula,2026-04-23T21:36:52Z,2026-05-04 07:48:41
_aofL4t3qtU,UgxRD3MRHjqsBg-0veV4AaABAg,@davidcastro2398,"HIPERraro que sale el escándalo de chihuahua y la señora de palacio y el batman ya localizaron a este huachicolero.<br><br>No mamen, ya no saben ni que decir y hacer",2026-04-23T22:13:11Z,1,gobierno de Tampico,"Detienen a Fernando Farías, sobrino de exsecretario de Marina, en Argentina",Grupo Fórmula,2026-04-23T21:36:52Z,2026-05-04 07:48:41
_aofL4t3qtU,UgzuCcMp49QQSbLgSbd4AaABAg,@ACH673,"En Mexico el hijo de lopitos no va hacer tocado para nada , por eso la comanche de palacio nacional se va a encargar se librarlo de todo.<br>El dinero se la va a ch1ng4r la jefa de palacio asi es la dinámica del poder",2026-04-23T22:13:07Z,0,gobierno de Tampico,"Detienen a Fernando Farías, sobrino de exsecretario de Marina, en Argentina",Grupo Fórmula,2026-04-23T21:36:52Z,2026-05-04 07:48:41
_aofL4t3qtU,UgwAtqNp-xSkwJxoL9J4AaABAg,@giorgiokings8275,"Al rato sale es de la banda de Amlo, sus hijos, Adán Augusto etc.",2026-04-23T22:12:36Z,1,gobierno de Tampico,"Detienen a Fernando Farías, sobrino de exsecretario de Marina, en Argentina",Grupo Fórmula,2026-04-23T21:36:52Z,2026-05-04 07:48:41
_aofL4t3qtU,UgxCH4ij0QvcKPyG9vx4AaABAg,@angelosorio9425,De qué sirve que lo detenga si van a guardar la información por 5 años . dirán que es por seguridad nacional. Y vamos a quedar igual,2026-04-23T22:11:35Z,17,gobierno de Tampico,"Detienen a Fernando Farías, sobrino de exsecretario de Marina, en Argentina",Grupo Fórmula,2026-04-23T21:36:52Z,2026-05-04 07:48:41
_aofL4t3qtU,UgxvIBwRkj0DE9uV0nF4AaABAg,@EstebanAmaro-sp3wq,"🐟 gordo cuando caiga Adán Augusto 🐀,  Andy López etc etc 😅😅",2026-04-23T22:08:05Z,0,gobierno de Tampico,"Detienen a Fernando Farías, sobrino de exsecretario de Marina, en Argentina",Grupo Fórmula,2026-04-23T21:36:52Z,2026-05-04 07:48:41
_aofL4t3qtU,UgwtGvTHHjwpoWo3SWF4AaABAg,@JuanMuro-f7f,FALTAN LOS OPERANDI,2026-04-23T22:05:52Z,11,gobierno de Tampico,"Detienen a Fernando Farías, sobrino de exsecretario de Marina, en Argentina",Grupo Fórmula,2026-04-23T21:36:52Z,2026-05-04 07:48:41
_aofL4t3qtU,UgwmCj8Z4qn9HHeVaVN4AaABAg,@roquegardea239,"LÓPEZ OBRADOR SIEMPRE ESTUVO DORMIDO, SIEMPRE ATANDOLE LAS MANOS A LAS AUTORIDADES.",2026-04-23T22:02:06Z,7,gobierno de Tampico,"Detienen a Fernando Farías, sobrino de exsecretario de Marina, en Argentina",Grupo Fórmula,2026-04-23T21:36:52Z,2026-05-04 07:48:41
_aofL4t3qtU,UgyOdBqs-FDswddcHgV4AaABAg,@camiloa1663,"Y por narcotráfico, es increíble como entran todos a prisión y los narco políticos en total impunidad, Carlos Salinas de Gortari apechugó el que detuvieran a su hermano y el desprestigio de su apellido",2026-04-23T22:00:51Z,9,gobierno de Tampico,"Detienen a Fernando Farías, sobrino de exsecretario de Marina, en Argentina",Grupo Fórmula,2026-04-23T21:36:52Z,2026-05-04 07:48:41
_aofL4t3qtU,Ugz0x3HRXDlPY6iETj54AaABAg,@hectoramparan1589,El contra 🐀 del bienestar...,2026-04-23T21:59:58Z,28,gobierno de Tampico,"Detienen a Fernando Farías, sobrino de exsecretario de Marina, en Argentina",Grupo Fórmula,2026-04-23T21:36:52Z,2026-05-04 07:48:41
_aofL4t3qtU,Ugyttx9EiX4pGxRuz254AaABAg,@HilarioAlvarez-lu3py,Faltan los jefes de este güey,2026-04-23T21:57:56Z,62,gobierno de Tampico,"Detienen a Fernando Farías, sobrino de exsecretario de Marina, en Argentina",Grupo Fórmula,2026-04-23T21:36:52Z,2026-05-04 07:48:41
_aofL4t3qtU,UgyoJRV_ZyQcdt9DF_Z4AaABAg,@luiselizalde3384,lo único que va a pasar es que va a regresar a México en vuelo privado y luego a su casa porque aquí no pasa nada.,2026-04-23T21:57:56Z,20,gobierno de Tampico,"Detienen a Fernando Farías, sobrino de exsecretario de Marina, en Argentina",Grupo Fórmula,2026-04-23T21:36:52Z,2026-05-04 07:48:41
_aofL4t3qtU,Ugwb76flchZ6qpKr2qd4AaABAg,@julioanguitaparrado23,FALTAN MUCHOS.!!<br>A LOS QUE SE HAN DETENIDO SON RATAS DE MEDIO PELO.!!<br>FALTAN MUCHOS.!!,2026-04-23T21:55:33Z,0,gobierno de Tampico,"Detienen a Fernando Farías, sobrino de exsecretario de Marina, en Argentina",Grupo Fórmula,2026-04-23T21:36:52Z,2026-05-04 07:48:41
_aofL4t3qtU,UgxROvhd7Mtn5I-G0ZN4AaABAg,@Kar_Linux_Debian,En México lo soltarán 😂,2026-04-23T21:53:47Z,11,gobierno de Tampico,"Detienen a Fernando Farías, sobrino de exsecretario de Marina, en Argentina",Grupo Fórmula,2026-04-23T21:36:52Z,2026-05-04 07:48:41
_aofL4t3qtU,Ugx3ZCd4u6TWnhs8v5B4AaABAg,@LuisAntonioGonzálezGil666,"¿Por qué cree usted, que en un juzgado de Zacatecas, adelantándose, se ampararon los delincuentes López Beltrán, y entre otros en el mismo amparo, el nombre del delincuente ahora detenido en La Argentina? Exacto, ya habían previsto la detención del miserable guachicolero, nomás llegando al país la impunidad lo protegerá, como ahora protegen al compadre del miserable de Palenque, al delincuente Mollinedo, mientras el otro delincuentazo del Audomaro, prófugo...,",2026-04-23T21:50:22Z,17,gobierno de Tampico,"Detienen a Fernando Farías, sobrino de exsecretario de Marina, en Argentina",Grupo Fórmula,2026-04-23T21:36:52Z,2026-05-04 07:48:41
_aofL4t3qtU,Ugz8hcs6rCLhCnpjslh4AaABAg,@diegomedina1174,Que los sacrifiquen,2026-04-23T21:50:21Z,0,gobierno de Tampico,"Detienen a Fernando Farías, sobrino de exsecretario de Marina, en Argentina",Grupo Fórmula,2026-04-23T21:36:52Z,2026-05-04 07:48:41
_aofL4t3qtU,Ugyv8w_oqloRi1zSQwp4AaABAg,@javierplonedacuevas7934,Milei... 😂😂😂😂PA que aprenda la humanista científica,2026-04-23T21:49:50Z,35,gobierno de Tampico,"Detienen a Fernando Farías, sobrino de exsecretario de Marina, en Argentina",Grupo Fórmula,2026-04-23T21:36:52Z,2026-05-04 07:48:41
rYRDFZCDNKk,UgxZBRdydU2iZKTccFp4AaABAg,@PazParamo-v7d1w,"Que vergüenza morenistas narcomorenistas , solo eso le enseñaron a marina y a las demas instituciones que antes eran respetados y creibles pero usuedes llegaron a corromper los, y toda via la gente confia en ustedes nompues dinque estamos jodidos!!!",2026-04-29T20:56:31Z,0,gobierno de Tampico,¡Detienen a contraalmirante presuntamente por huachicol fiscal! Sheinbaum reacciona,Grupo Fórmula,2026-04-24T14:19:35Z,2026-05-04 07:48:41
rYRDFZCDNKk,UgyCQ8NE8raIf8y8G5d4AaABAg,@erickbustamante3163,"Que lo extraditen Pero para estados unidos y que convierta en el testigo protegido y que cante que cante el gallo y haber si ya se terminó la red de huachicol, los negocios jugosos tienen el visto bueno del líder supremo se decía no no no 😮😮😮😮",2026-04-29T04:09:54Z,1,gobierno de Tampico,¡Detienen a contraalmirante presuntamente por huachicol fiscal! Sheinbaum reacciona,Grupo Fórmula,2026-04-24T14:19:35Z,2026-05-04 07:48:41
rYRDFZCDNKk,UgwTd88G4T3Ht5du6R94AaABAg,@453erd,cuando se va investigar a ojeda? cuando? cuando no des vueltas,2026-04-28T01:04:52Z,0,gobierno de Tampico,¡Detienen a contraalmirante presuntamente por huachicol fiscal! Sheinbaum reacciona,Grupo Fórmula,2026-04-24T14:19:35Z,2026-05-04 07:48:41
rYRDFZCDNKk,UgyLOqPM8f3nKTFmu994AaABAg,@luisrangel4081,jaja judía mentirosa,2026-04-27T20:06:15Z,0,gobierno de Tampico,¡Detienen a contraalmirante presuntamente por huachicol fiscal! Sheinbaum reacciona,Grupo Fórmula,2026-04-24T14:19:35Z,2026-05-04 07:48:41
rYRDFZCDNKk,Ugzkr2sZ1OYOVQDyIj54AaABAg,@humbertomirandaperez4495,que vengan a cd madero y vean como siguen robando y ahora usando la terminal maritima de pemex,2026-04-27T19:29:07Z,0,gobierno de Tampico,¡Detienen a contraalmirante presuntamente por huachicol fiscal! Sheinbaum reacciona,Grupo Fórmula,2026-04-24T14:19:35Z,2026-05-04 07:48:41
rYRDFZCDNKk,UgzFvpQXuF5qVbiGlYF4AaABAg,@samirsierras4281,"Después de hablar mal de Milei, ahora a arrodillarse 😂",2026-04-27T13:28:43Z,0,gobierno de Tampico,¡Detienen a contraalmirante presuntamente por huachicol fiscal! Sheinbaum reacciona,Grupo Fórmula,2026-04-24T14:19:35Z,2026-05-04 07:48:41
rYRDFZCDNKk,UgzvqD9hdw1ucR5urER4AaABAg,@samirsierras4281,Está señora 😂,2026-04-27T13:27:34Z,0,gobierno de Tampico,¡Detienen a contraalmirante presuntamente por huachicol fiscal! Sheinbaum reacciona,Grupo Fórmula,2026-04-24T14:19:35Z,2026-05-04 07:48:41
rYRDFZCDNKk,UgwkXLEVozOcqiUUA9Z4AaABAg,@PedroBetancourt-r6t1g,Lo bueno k está detenido en otro país AKI ya lo hubiera dejado andar libre 😢,2026-04-27T11:48:48Z,0,gobierno de Tampico,¡Detienen a contraalmirante presuntamente por huachicol fiscal! Sheinbaum reacciona,Grupo Fórmula,2026-04-24T14:19:35Z,2026-05-04 07:48:41
rYRDFZCDNKk,UgxdPAeV41P2MA-Vrm94AaABAg,@armandorosales5725,JAJA ES DOCTORA EN HACERSE PENDEJ8 JAJA YA SUPERA AL KAKAS LÓPEZ JAJA VERDAD JESUS JAJA,2026-04-27T06:28:52Z,0,gobierno de Tampico,¡Detienen a contraalmirante presuntamente por huachicol fiscal! Sheinbaum reacciona,Grupo Fórmula,2026-04-24T14:19:35Z,2026-05-04 07:48:41
rYRDFZCDNKk,Ugwog2hsEUPKO0fqS554AaABAg,@JuankarlosOrtiz-p5e,Y los demás cómplice para cuando ?,2026-04-26T07:33:12Z,1,gobierno de Tampico,¡Detienen a contraalmirante presuntamente por huachicol fiscal! Sheinbaum reacciona,Grupo Fórmula,2026-04-24T14:19:35Z,2026-05-04 07:48:41
rYRDFZCDNKk,UgzfHhPHEbmEoraYoih4AaABAg,@FernandoJuarez-yc1wl,Que fácil una red que ya no existe todo mundo sabe que existe y está impune porque la mayoría de implicados son políticos de morena,2026-04-26T04:36:31Z,0,gobierno de Tampico,¡Detienen a contraalmirante presuntamente por huachicol fiscal! Sheinbaum reacciona,Grupo Fórmula,2026-04-24T14:19:35Z,2026-05-04 07:48:41
rYRDFZCDNKk,UgxHxdVzcg8zRVqwzNl4AaABAg,@FaustinoCoronel-r3s,Y donde están los que robaban no hay detenidos en Mexico,2026-04-26T02:28:16Z,1,gobierno de Tampico,¡Detienen a contraalmirante presuntamente por huachicol fiscal! Sheinbaum reacciona,Grupo Fórmula,2026-04-24T14:19:35Z,2026-05-04 07:48:41
rYRDFZCDNKk,UgznTOtmmSb4HG41_BF4AaABAg,@contraluziridiscente421,"De esa red, solo faltan los meros jefes que están en diferentes áreas del poder...",2026-04-26T02:25:15Z,0,gobierno de Tampico,¡Detienen a contraalmirante presuntamente por huachicol fiscal! Sheinbaum reacciona,Grupo Fórmula,2026-04-24T14:19:35Z,2026-05-04 07:48:41
rYRDFZCDNKk,UgzqO0VxhVQHIfln5JV4AaABAg,@JavierLopez-q5l,"Empresarios involucrados.. es de risa, el recibir una factura de 100 mil pesos de chicles no les servia, tenia que ser por combustible, esa factura fue emitida y avalada por el sat, pemex es el proveedor de combustibles y el sat &quot;no se da cuenta&quot; que se factura combustible fuera de pemex, en el sat hay amigos de andy con la anuencia del kks, el chiste se cuenta solo, pero solo los empresarios van a pagar el pato, si por aqui alguien sale que si se puede facturar combustible entonces yo tambien puedo facturar electricidad",2026-04-26T02:15:33Z,0,gobierno de Tampico,¡Detienen a contraalmirante presuntamente por huachicol fiscal! Sheinbaum reacciona,Grupo Fórmula,2026-04-24T14:19:35Z,2026-05-04 07:48:41
rYRDFZCDNKk,Ugy7rlwahnSkCCO5Dzp4AaABAg,@CarlosAguilar-q9k4n,a esta señora no le creo nada,2026-04-26T01:35:31Z,1,gobierno de Tampico,¡Detienen a contraalmirante presuntamente por huachicol fiscal! Sheinbaum reacciona,Grupo Fórmula,2026-04-24T14:19:35Z,2026-05-04 07:48:41
rYRDFZCDNKk,Ugxi5Z6PweXTJ25bBEF4AaABAg,@FelipeNeriAcosta,Morena bola de corruptos,2026-04-25T23:32:21Z,1,gobierno de Tampico,¡Detienen a contraalmirante presuntamente por huachicol fiscal! Sheinbaum reacciona,Grupo Fórmula,2026-04-24T14:19:35Z,2026-05-04 07:48:41
rYRDFZCDNKk,Ugyz__47q6Dy6PKCUkN4AaABAg,@duranperez7877,Argentina no lo regresen porque aquí lo sueltan,2026-04-25T22:15:38Z,0,gobierno de Tampico,¡Detienen a contraalmirante presuntamente por huachicol fiscal! Sheinbaum reacciona,Grupo Fórmula,2026-04-24T14:19:35Z,2026-05-04 07:48:41
rYRDFZCDNKk,UgyMHm8Q3RUth3Q1SJZ4AaABAg,@robertoramirez4764,Hágase tontera señora. Usted sabe quiénes son los responsables. Entre esos su viejito guango de macuaspana,2026-04-25T18:46:35Z,0,gobierno de Tampico,¡Detienen a contraalmirante presuntamente por huachicol fiscal! Sheinbaum reacciona,Grupo Fórmula,2026-04-24T14:19:35Z,2026-05-04 07:48:41
rYRDFZCDNKk,UgwkLXgKJWaIYSmcS514AaABAg,@mariadelourdesmartinezorti2611,Sheimbaun se enteró en el debate presidencial porque ahí lo develó Xóchitl Gálvez !!!   Qué tal !!!,2026-04-25T16:06:34Z,0,gobierno de Tampico,¡Detienen a contraalmirante presuntamente por huachicol fiscal! Sheinbaum reacciona,Grupo Fórmula,2026-04-24T14:19:35Z,2026-05-04 07:48:41
rYRDFZCDNKk,UgxiXC2PzyOkz2dmEi54AaABAg,@juanJimenez-zx3ut,jajajajajaj esta mentirosa dice que en mexico se destapo este caso ... jajajaja si no lo hubiera destapado USA tu lo seguirías tapando chacha,2026-04-25T16:04:41Z,0,gobierno de Tampico,¡Detienen a contraalmirante presuntamente por huachicol fiscal! Sheinbaum reacciona,Grupo Fórmula,2026-04-24T14:19:35Z,2026-05-04 07:48:41
rYRDFZCDNKk,Ugy7Jt8pNyXyN8Frfdt4AaABAg,@tomascabreraruiz1130,"😂😂 COMO SE HACE PNDEJA , EXISTE Y VENDEN CHOCOLATE Y SE APELLIDAN LOPEZ",2026-04-25T15:30:01Z,1,gobierno de Tampico,¡Detienen a contraalmirante presuntamente por huachicol fiscal! Sheinbaum reacciona,Grupo Fórmula,2026-04-24T14:19:35Z,2026-05-04 07:48:41
rYRDFZCDNKk,UgyqiWLZ8n5aHrzQXFJ4AaABAg,@MachoAlfa-c6h,Jajajajajaja que ya no existe? Y AMLO y sus hijos pues como esque ya no existe esa organización. Mejor baya hacer un concierto gratis en el zócalo para que le hagan buya y la gente pndja se le olvide el tema del huachicol jajajajajajajaja,2026-04-25T13:47:06Z,0,gobierno de Tampico,¡Detienen a contraalmirante presuntamente por huachicol fiscal! Sheinbaum reacciona,Grupo Fórmula,2026-04-24T14:19:35Z,2026-05-04 07:48:41
rYRDFZCDNKk,UgxiosHv-zWl8ZbdC394AaABAg,@azucenacruzaldana6942,Con las mañaneras quedan grabadas sus menriras... bien por las mañaneras,2026-04-25T12:57:17Z,0,gobierno de Tampico,¡Detienen a contraalmirante presuntamente por huachicol fiscal! Sheinbaum reacciona,Grupo Fórmula,2026-04-24T14:19:35Z,2026-05-04 07:48:41
rYRDFZCDNKk,Ugwu9ObYZ587Ie6wk_J4AaABAg,@azucenacruzaldana6942,Yo por eso no veo las mañaneras...puras mentiras,2026-04-25T12:56:27Z,6,gobierno de Tampico,¡Detienen a contraalmirante presuntamente por huachicol fiscal! Sheinbaum reacciona,Grupo Fórmula,2026-04-24T14:19:35Z,2026-05-04 07:48:41
rYRDFZCDNKk,UgwzldeASwLD_wcSCgh4AaABAg,@yotaroukauka,"Facilitador de contrabando en las aduanas, es un oficio ilegal muy tradicional de aduanas, pero ponen nombre de &quot;huachicol fiscal&quot; para que parescan un nuevo delito.",2026-04-25T11:47:09Z,2,gobierno de Tampico,¡Detienen a contraalmirante presuntamente por huachicol fiscal! Sheinbaum reacciona,Grupo Fórmula,2026-04-24T14:19:35Z,2026-05-04 07:48:41
rYRDFZCDNKk,UgxIh_v8zC-OsG5pKL14AaABAg,@MagdalenoGómezLópez,Abría que aserle muchas preguntas al gobierno anterior  y usted lo sabe,2026-04-25T10:34:38Z,2,gobierno de Tampico,¡Detienen a contraalmirante presuntamente por huachicol fiscal! Sheinbaum reacciona,Grupo Fórmula,2026-04-24T14:19:35Z,2026-05-04 07:48:41
rYRDFZCDNKk,UgxkNpnBqdyeV6YlO4d4AaABAg,@SaulMarmolejo-jc1su,Cínica la señora soberana,2026-04-25T02:21:52Z,3,gobierno de Tampico,¡Detienen a contraalmirante presuntamente por huachicol fiscal! Sheinbaum reacciona,Grupo Fórmula,2026-04-24T14:19:35Z,2026-05-04 07:48:41
rYRDFZCDNKk,Ugz1ArWvmH7R8a102jR4AaABAg,@JuanManuelSolisHernandez,"Traerlo para que no hable, cínica",2026-04-25T00:28:38Z,9,gobierno de Tampico,¡Detienen a contraalmirante presuntamente por huachicol fiscal! Sheinbaum reacciona,Grupo Fórmula,2026-04-24T14:19:35Z,2026-05-04 07:48:41
rYRDFZCDNKk,UgzJgwzVOSTaG52aZph4AaABAg,@miguelangelorozco5462,Y que pasa con el tío protegido? Una SINVERGUENZA la pseudo Presidenta,2026-04-24T22:42:45Z,0,gobierno de Tampico,¡Detienen a contraalmirante presuntamente por huachicol fiscal! Sheinbaum reacciona,Grupo Fórmula,2026-04-24T14:19:35Z,2026-05-04 07:48:41
rYRDFZCDNKk,UgzGpBX4tVfJSUxU8yd4AaABAg,@luisalvz46,Todavia siguen  wachicoleando desde USA Y DICEN Q YA ES COSA DEL PADADO,2026-04-24T21:54:16Z,3,gobierno de Tampico,¡Detienen a contraalmirante presuntamente por huachicol fiscal! Sheinbaum reacciona,Grupo Fórmula,2026-04-24T14:19:35Z,2026-05-04 07:48:41
rYRDFZCDNKk,UgwLydoSErhDjNPrHfV4AaABAg,@sabato213,"Que lo diga!!!, el sobrino del  ex almirante rafael ojeda!!!!",2026-04-24T21:52:13Z,4,gobierno de Tampico,¡Detienen a contraalmirante presuntamente por huachicol fiscal! Sheinbaum reacciona,Grupo Fórmula,2026-04-24T14:19:35Z,2026-05-04 07:48:41
rYRDFZCDNKk,Ugz47P3OXth_gRIKSA14AaABAg,@mishaillich9728,"Absurdo todo lo que dice!. El gobierno federal de antes y de hoy, sabian muy bien de todo este negocio ilícito, están o estaban no saben todo pero si que lo componían mucha gente de la marina, funcionarios del gobierno federal y otros, porque las aduanas estaban a cargo de los marinos, esa jugada la ideo, organizo el sr. O., que no diga morena que no sabian, hoy no se sonrojan, lo tratan como algo menor, 600 mil millones de pesos, pero si se rasgan las vestiduras con el asunto de los agentes americanos en Chihuahua, que la soberanía nacional, señores estan o estaban robando a las arcas del pais, que no es esto soberanía?. El gobierno federal ni se inmuta ante tal atropello!",2026-04-24T21:36:21Z,2,gobierno de Tampico,¡Detienen a contraalmirante presuntamente por huachicol fiscal! Sheinbaum reacciona,Grupo Fórmula,2026-04-24T14:19:35Z,2026-05-04 07:48:41
rYRDFZCDNKk,UgynIZX65ZFSFrWtSyB4AaABAg,@ER-xi8ig,Y todos los funcionarios públicos coludidos con el huachicol ❓❓❓❓ ya déjate de tanto blablabla 🤡 ESPURIA!!!,2026-04-24T19:54:58Z,2,gobierno de Tampico,¡Detienen a contraalmirante presuntamente por huachicol fiscal! Sheinbaum reacciona,Grupo Fórmula,2026-04-24T14:19:35Z,2026-05-04 07:48:41
rYRDFZCDNKk,UgywVerkOPYehGYvmXJ4AaABAg,@Ange-i6h,"Ya mando eliminar a sus compinches a sus socios, LOS LOPEZ, LOS ADANES, de verdad que infeliz es esta tipa, NARCO PRESIDENTA¡¡¡¡¡",2026-04-24T19:44:34Z,0,gobierno de Tampico,¡Detienen a contraalmirante presuntamente por huachicol fiscal! Sheinbaum reacciona,Grupo Fórmula,2026-04-24T14:19:35Z,2026-05-04 07:48:41
rYRDFZCDNKk,Ugw7cf8wn8zYeia57-94AaABAg,@Roberto-w5n7j,Fuera morena fuera la judía socialista fuera,2026-04-24T19:40:51Z,0,gobierno de Tampico,¡Detienen a contraalmirante presuntamente por huachicol fiscal! Sheinbaum reacciona,Grupo Fórmula,2026-04-24T14:19:35Z,2026-05-04 07:48:41
rYRDFZCDNKk,UgwmD6VoX_H35jqmrtx4AaABAg,@EdmundoM.G.,"Ahí si ya no existe cuando les afecta, pero como chingan con el pasado de Calderón que ya no existe",2026-04-24T18:47:40Z,7,gobierno de Tampico,¡Detienen a contraalmirante presuntamente por huachicol fiscal! Sheinbaum reacciona,Grupo Fórmula,2026-04-24T14:19:35Z,2026-05-04 07:48:41
rYRDFZCDNKk,UgxLg2ofnJxKysxRs1J4AaABAg,@aldoq.8544,😂😂😂😂😂 la burla del bienestar,2026-04-24T18:38:46Z,12,gobierno de Tampico,¡Detienen a contraalmirante presuntamente por huachicol fiscal! Sheinbaum reacciona,Grupo Fórmula,2026-04-24T14:19:35Z,2026-05-04 07:48:41
rYRDFZCDNKk,UgxuiAtrYnVxmYkcLd94AaABAg,@JoséFranco-w3e,Y que pasó con el caso de Silvano Aureoles y Cabeza de Vaca ?,2026-04-24T18:22:12Z,3,gobierno de Tampico,¡Detienen a contraalmirante presuntamente por huachicol fiscal! Sheinbaum reacciona,Grupo Fórmula,2026-04-24T14:19:35Z,2026-05-04 07:48:41
rYRDFZCDNKk,UgyJxJli23JysYnyfWN4AaABAg,@EduardoFigueroa-b1k,Puro ratero,2026-04-24T17:05:12Z,0,gobierno de Tampico,¡Detienen a contraalmirante presuntamente por huachicol fiscal! Sheinbaum reacciona,Grupo Fórmula,2026-04-24T14:19:35Z,2026-05-04 07:48:41
rYRDFZCDNKk,UgwFMhNZ1HhvVgANP494AaABAg,@EduardoFigueroa-b1k,Porque le tienen miedo los que están ahi,2026-04-24T17:03:25Z,2,gobierno de Tampico,¡Detienen a contraalmirante presuntamente por huachicol fiscal! Sheinbaum reacciona,Grupo Fórmula,2026-04-24T14:19:35Z,2026-05-04 07:48:41
rYRDFZCDNKk,UgzWzuxqdVQJOiG4SGt4AaABAg,@javierplonedacuevas7934,"Científica en ayunas, sin neuronas",2026-04-24T15:47:35Z,0,gobierno de Tampico,¡Detienen a contraalmirante presuntamente por huachicol fiscal! Sheinbaum reacciona,Grupo Fórmula,2026-04-24T14:19:35Z,2026-05-04 07:48:41
rYRDFZCDNKk,Ugykdb1g3KbiU08apTl4AaABAg,@Kontrainformate,<b>cártel Huachicoolero del Bienestar</b> 💩👏🏻👏🏻,2026-04-24T15:15:30Z,18,gobierno de Tampico,¡Detienen a contraalmirante presuntamente por huachicol fiscal! Sheinbaum reacciona,Grupo Fórmula,2026-04-24T14:19:35Z,2026-05-04 07:48:41
rYRDFZCDNKk,UgyrO-NoksZ7BLOi0zp4AaABAg,@Kontrainformate,"jarfuch ni cuenta se daba... como cuando era gato de genaro Luna y no vio, ni escuchó, ni sospechó nada  🐽🤤",2026-04-24T15:13:46Z,3,gobierno de Tampico,¡Detienen a contraalmirante presuntamente por huachicol fiscal! Sheinbaum reacciona,Grupo Fórmula,2026-04-24T14:19:35Z,2026-05-04 07:48:41
rYRDFZCDNKk,UgyA8kmY1ao6g6rqqyd4AaABAg,@AlbertoGarcíaDíaz-c2k,Y los cabecillas de huachicol? Protegidos por la 4t.,2026-04-24T15:12:56Z,10,gobierno de Tampico,¡Detienen a contraalmirante presuntamente por huachicol fiscal! Sheinbaum reacciona,Grupo Fórmula,2026-04-24T14:19:35Z,2026-05-04 07:48:41
rYRDFZCDNKk,Ugz0hGiBrwRdXboZcTB4AaABAg,@JoaquinMarin-u4b,"YA NO EXISTE , ANDY Y SUS AMIGOS YA TIENEN OTROS NEGOCIOS MAS JUGOSOS 😅9😅",2026-04-24T15:04:07Z,22,gobierno de Tampico,¡Detienen a contraalmirante presuntamente por huachicol fiscal! Sheinbaum reacciona,Grupo Fórmula,2026-04-24T14:19:35Z,2026-05-04 07:48:41
rYRDFZCDNKk,UgzC899l5RQOJTZFNoF4AaABAg,@blancavaldepena5225,"PRESIDENTA SHEINBAUM..SI USTED DIJO QUE ES AÑO DÉ LAS. MUJERES,  PORQUE NO LE INTERESA (LA TRATA DE BLANCAS QUE TODO   MUNDO NOS ENTERAMOS) COMO ES POSIBLE QUE HAGA OIDOS SORDOS À LO QUE SUCEDE EN ÉL EDIFICIO 829 DONDE ASESINARON À UNA JOVEN.. y HAY UN SUJETO QUE RECLUTA JOVENCITAS Y EN UN VIDEO SE VE ÉL TOQUETEANDO À UNA DÉ ELLAS.<br>COMO ME GUSTARIA QUE DHI VINIERA À MÉXICO.",2026-04-24T14:46:17Z,10,gobierno de Tampico,¡Detienen a contraalmirante presuntamente por huachicol fiscal! Sheinbaum reacciona,Grupo Fórmula,2026-04-24T14:19:35Z,2026-05-04 07:48:41
rYRDFZCDNKk,Ugzljb6ie-9tU3Bkrop4AaABAg,@rosaliaramirez7796,Habla con FLOJERA 😮,2026-04-24T14:42:35Z,8,gobierno de Tampico,¡Detienen a contraalmirante presuntamente por huachicol fiscal! Sheinbaum reacciona,Grupo Fórmula,2026-04-24T14:19:35Z,2026-05-04 07:48:41
rYRDFZCDNKk,Ugyic5hH_7S5HY1_j6d4AaABAg,@adriansoto8409,"Traiganlo y que pague, lo que tiene su familia como este traidor a la patria quitenle todos sus bienes, son ilicitos y carcel por traidor a la patria!",2026-04-24T14:36:43Z,11,gobierno de Tampico,¡Detienen a contraalmirante presuntamente por huachicol fiscal! Sheinbaum reacciona,Grupo Fórmula,2026-04-24T14:19:35Z,2026-05-04 07:48:41
rYRDFZCDNKk,UgxvYzbLdfQT1JtWkQh4AaABAg,@chrissalazar8209,Maromas del bienestar haran lo mismo que el abuelo solo es culpa de el de Los demas no,2026-04-24T14:33:08Z,18,gobierno de Tampico,¡Detienen a contraalmirante presuntamente por huachicol fiscal! Sheinbaum reacciona,Grupo Fórmula,2026-04-24T14:19:35Z,2026-05-04 07:48:41
rYRDFZCDNKk,UgxM5fIjNvsMlPY-N1x4AaABAg,@ROMANESTRADA-i8f,Apoco nadie se daba cuenta de eso,2026-04-24T14:26:05Z,24,gobierno de Tampico,¡Detienen a contraalmirante presuntamente por huachicol fiscal! Sheinbaum reacciona,Grupo Fórmula,2026-04-24T14:19:35Z,2026-05-04 07:48:41
rYRDFZCDNKk,Ugz33MFPRSXjFOST17x4AaABAg,@raymundomontes1202,En sus sueños...,2026-04-24T14:24:28Z,16,gobierno de Tampico,¡Detienen a contraalmirante presuntamente por huachicol fiscal! Sheinbaum reacciona,Grupo Fórmula,2026-04-24T14:19:35Z,2026-05-04 07:48:41
vlFRSnmSbLU,UgzvGuXou9uKtaNnOHl4AaABAg,@mishaillich9728,"Este si es vende patria, no como la gobernadora!. El gobierno federal de antes y de hoy, sabian muy bien de todo este negocio ilícito, están o estaban no saben todo pero si que lo componían mucha gente de la marina, funcionarios del gobierno federal y otros, porque las aduanas estaban a cargo de los marinos, esa jugada la ideo, organizo el sr. O., que no diga morena que no sabian, hoy no se sonrojan, lo tratan como algo menor, 600 mil millones de pesos, pero si se rasgan las vestiduras con el asunto de los agentes americanos en Chihuahua, que la soberanía nacional, señores estan o estaban robando a las arcas del pais, que no es esto soberanía?. El gobierno federal ni se inmuta ante tal atropello!",2026-04-24T21:41:38Z,0,gobierno de Tampico,Detienen en Argentina a Fernando Farías; Trump descarta arma nuclear contra Irán | Resumen,Aristegui Noticias,2026-04-24T14:01:27Z,2026-05-04 07:48:41
vlFRSnmSbLU,UgyMejVgs4BQMf8vLGF4AaABAg,@Kantshinx,JAJA LOS QUE SE LA PASAN BIOLANDO LA CONSTITUCION NUESTRAS GARANTIAS LA SEGURIDAD ETC ETC PUES YA ENCARCELEN A TODO M0R3NA.,2026-04-24T20:18:03Z,0,gobierno de Tampico,Detienen en Argentina a Fernando Farías; Trump descarta arma nuclear contra Irán | Resumen,Aristegui Noticias,2026-04-24T14:01:27Z,2026-05-04 07:48:41
vlFRSnmSbLU,UgyWyr_yf_zG78jGEfV4AaABAg,@marthaalicia4506,"La gobernadora vendepatrias, juro cuando tomo el cargo , respetar y hacer respetar la Constitución, juicio político para estos vendepatrias",2026-04-24T20:14:42Z,1,gobierno de Tampico,Detienen en Argentina a Fernando Farías; Trump descarta arma nuclear contra Irán | Resumen,Aristegui Noticias,2026-04-24T14:01:27Z,2026-05-04 07:48:41
vlFRSnmSbLU,Ugzvte37amn5mE4qEXZ4AaABAg,@Victormanuelarellanoramirez,"Y es lo que deben ASER todos los estados romper el disque pacto federal,ya que el centro no sirve para nada solo para coludirse y robar todos dejemos este narco pacto",2026-04-24T18:50:56Z,0,gobierno de Tampico,Detienen en Argentina a Fernando Farías; Trump descarta arma nuclear contra Irán | Resumen,Aristegui Noticias,2026-04-24T14:01:27Z,2026-05-04 07:48:41
vlFRSnmSbLU,Ugy6mKCHw50aGWnXkvB4AaABAg,@Alejandro-s4q9g,"Ok Corazón no es un reto a tu Gobierno blandengue empero ¿A qué hora piensas ejecutar las consecuencias de violar la ley de soberanía del país o esperamos a que nos den permiso desde el extranjero?. Porque la Patria no es consultorio de excusas y el Código Penal no se hizo para calentar bancas. México ya ha enfrentado grandes potencias y no fue con tibieza. Así que no te me hagas la mona de los cerillos ni te comportes como pelele. El artículo 123 del Código Penal Federal tiene 40 años de cárcel escritos. Si no es ahora, ¿cuándo? Si no eres tú, ¿quién? Ponte las pilas. La cobardía también se factura, y la historia no da recibos.",2026-04-24T18:00:34Z,0,gobierno de Tampico,Detienen en Argentina a Fernando Farías; Trump descarta arma nuclear contra Irán | Resumen,Aristegui Noticias,2026-04-24T14:01:27Z,2026-05-04 07:48:41
vlFRSnmSbLU,UgxkHr2zcdns8ejTE_R4AaABAg,@kks-y9g,"VIOLACION ES SER NARCO!!! VERDAD HARTFUCH, CLAU, LOPEZ ETC ETC",2026-04-24T17:17:53Z,1,gobierno de Tampico,Detienen en Argentina a Fernando Farías; Trump descarta arma nuclear contra Irán | Resumen,Aristegui Noticias,2026-04-24T14:01:27Z,2026-05-04 07:48:41
vlFRSnmSbLU,UgwtrNdeETkvO2V0Lnt4AaABAg,@marmm3353,Y QUE HACE LA 🐈‍⬛ Y LOS NARCOPOLITICOS TODOS LOS DíAS VIOLANDO LA LEY TODOS LOS DÍAS LA BURRA HABLANDO DE OREJAS,2026-04-24T17:16:31Z,0,gobierno de Tampico,Detienen en Argentina a Fernando Farías; Trump descarta arma nuclear contra Irán | Resumen,Aristegui Noticias,2026-04-24T14:01:27Z,2026-05-04 07:48:41
vlFRSnmSbLU,UgyCKRFV1zCqpl2-sAp4AaABAg,@Kontrainformate,"<b>si el ejército no lo sabía, entonces no tienen control de nada</b>  😂😂",2026-04-24T17:02:10Z,0,gobierno de Tampico,Detienen en Argentina a Fernando Farías; Trump descarta arma nuclear contra Irán | Resumen,Aristegui Noticias,2026-04-24T14:01:27Z,2026-05-04 07:48:41
vlFRSnmSbLU,UgyBBCFiGFBqwhe0g954AaABAg,@yuridiaacevedo585,POR MI QUE ENTRE. LOS DEL NORTE !!,2026-04-24T16:33:55Z,1,gobierno de Tampico,Detienen en Argentina a Fernando Farías; Trump descarta arma nuclear contra Irán | Resumen,Aristegui Noticias,2026-04-24T14:01:27Z,2026-05-04 07:48:41
vlFRSnmSbLU,UgyYY2JChdwWyDzD9NF4AaABAg,@RegionNorte-t6f,Y los involucrados del gobierno (Andy)<br>...entre estos últimos,2026-04-24T16:33:01Z,1,gobierno de Tampico,Detienen en Argentina a Fernando Farías; Trump descarta arma nuclear contra Irán | Resumen,Aristegui Noticias,2026-04-24T14:01:27Z,2026-05-04 07:48:41
vlFRSnmSbLU,UgzWnNqRr0Iy7OavOAt4AaABAg,@claudiafliegen.3910,"Arrojó un buen resultado, ¡bravo por la gobernadora de Chihuahua! ¡¡¡ Habemus buen gobierno!!!",2026-04-24T16:28:32Z,1,gobierno de Tampico,Detienen en Argentina a Fernando Farías; Trump descarta arma nuclear contra Irán | Resumen,Aristegui Noticias,2026-04-24T14:01:27Z,2026-05-04 07:48:41
vlFRSnmSbLU,UgzIEbSbyxKEE1mj8z54AaABAg,@blancadeltororuiz5872,Nombre de ahí se quieren agarrar. Oportunistas,2026-04-24T16:23:17Z,0,gobierno de Tampico,Detienen en Argentina a Fernando Farías; Trump descarta arma nuclear contra Irán | Resumen,Aristegui Noticias,2026-04-24T14:01:27Z,2026-05-04 07:48:41
vlFRSnmSbLU,UgzKSlr1yk-bt0ljTg14AaABAg,@priestdarknes,"Eres un cero a la izquierda Claudia,ni tus gatos favoritos te hacen caso...",2026-04-24T15:36:30Z,0,gobierno de Tampico,Detienen en Argentina a Fernando Farías; Trump descarta arma nuclear contra Irán | Resumen,Aristegui Noticias,2026-04-24T14:01:27Z,2026-05-04 07:48:41
vlFRSnmSbLU,UgwHEl_PFCZT2PQ-bQJ4AaABAg,@joseluisayala1962,EL BATMAN DE IZTAPALAPA TAMBIEN ES UN CORRUPTO EL NIETO DE UNO DE LOS ASESINOS DEL 68 QUIEN ES EL BATMAN PUES EL MOLE EL ROBOCOP,2026-04-24T15:31:37Z,0,gobierno de Tampico,Detienen en Argentina a Fernando Farías; Trump descarta arma nuclear contra Irán | Resumen,Aristegui Noticias,2026-04-24T14:01:27Z,2026-05-04 07:48:41
vlFRSnmSbLU,UgyHZwRV5Ol0-7b6lId4AaABAg,@joseluisayala1962,NO ES PRESIDENTA ES NARCOPRESIRVIENTA,2026-04-24T15:28:59Z,1,gobierno de Tampico,Detienen en Argentina a Fernando Farías; Trump descarta arma nuclear contra Irán | Resumen,Aristegui Noticias,2026-04-24T14:01:27Z,2026-05-04 07:48:41
vlFRSnmSbLU,Ugyi0snh-jeJRt4IWnZ4AaABAg,@gustavohernandezbustos947,"Que poca madre de la &quot;servi-denta&quot; ... ELLA ES LA RESPONSABLE DE LO QUE PASA EN ESTE &quot;PAIS QUE VA EN CAIDA LIBRE&quot; ... AHIRA SI PIDE EXPLICACIONES A LA GOBERNADORA DE CHIHUAHUA ... Y PORQUE NO HA DEJADO A LA &quot;NEFASTA FAMILIA lópez beltran&quot;, a adan augusto, a Monreal, a Noroña, a richa, A TODOS LOS NARCO POLÍTICOS DE morena, que den explicaciones ... ella como si fuera una juez, los exonera de facto",2026-04-24T15:25:36Z,0,gobierno de Tampico,Detienen en Argentina a Fernando Farías; Trump descarta arma nuclear contra Irán | Resumen,Aristegui Noticias,2026-04-24T14:01:27Z,2026-05-04 07:48:41
vlFRSnmSbLU,Ugz7UuL_VjIVqbj_6cB4AaABAg,@leticiaruiz6253,Claro porque quieren que entre la Andrea,2026-04-24T15:07:12Z,0,gobierno de Tampico,Detienen en Argentina a Fernando Farías; Trump descarta arma nuclear contra Irán | Resumen,Aristegui Noticias,2026-04-24T14:01:27Z,2026-05-04 07:48:41
vlFRSnmSbLU,UgyVNBHKgjpUQZNGRrl4AaABAg,@leticiaruiz6253,"Porque para la gobernadora si es violación, y para Ebrard no hay violación",2026-04-24T15:06:24Z,1,gobierno de Tampico,Detienen en Argentina a Fernando Farías; Trump descarta arma nuclear contra Irán | Resumen,Aristegui Noticias,2026-04-24T14:01:27Z,2026-05-04 07:48:41
vlFRSnmSbLU,UgxeJCZ18Z-nb7PMKGt4AaABAg,@auroralacunzadelacruz3529,"México es una República Federal, por eso cada estado se denominan Estado Libre y Soberano de CHihuahua, por ejemplo.",2026-04-24T14:49:22Z,0,gobierno de Tampico,Detienen en Argentina a Fernando Farías; Trump descarta arma nuclear contra Irán | Resumen,Aristegui Noticias,2026-04-24T14:01:27Z,2026-05-04 07:48:41
vlFRSnmSbLU,Ugw-_3Z1jiZKE5DehiF4AaABAg,@ROMANESTRADA-i8f,Pelos de Elote esta desquiciado un dia dice una cosa y el otro día dice lo contrario,2026-04-24T14:37:30Z,1,gobierno de Tampico,Detienen en Argentina a Fernando Farías; Trump descarta arma nuclear contra Irán | Resumen,Aristegui Noticias,2026-04-24T14:01:27Z,2026-05-04 07:48:41
vlFRSnmSbLU,UgzvWqKfk-FcwR4mtFh4AaABAg,@FelipeVasquezCruz,Porque minimiza lo hecho por la gobernadora traidora ala patria deve de ser jusgada por este hecho,2026-04-24T14:37:20Z,1,gobierno de Tampico,Detienen en Argentina a Fernando Farías; Trump descarta arma nuclear contra Irán | Resumen,Aristegui Noticias,2026-04-24T14:01:27Z,2026-05-04 07:48:41
vlFRSnmSbLU,Ugy_pkOOR6VT434Z1Pl4AaABAg,@dzamora7871,"Esto ha de ser la punta del iceberg,  huachicoleros al fin!",2026-04-24T14:36:44Z,1,gobierno de Tampico,Detienen en Argentina a Fernando Farías; Trump descarta arma nuclear contra Irán | Resumen,Aristegui Noticias,2026-04-24T14:01:27Z,2026-05-04 07:48:41
vlFRSnmSbLU,Ugxce7m8syL50Seo_cF4AaABAg,@jorgesilver3694,Excelente,2026-04-24T14:33:45Z,0,gobierno de Tampico,Detienen en Argentina a Fernando Farías; Trump descarta arma nuclear contra Irán | Resumen,Aristegui Noticias,2026-04-24T14:01:27Z,2026-05-04 07:48:41
vlFRSnmSbLU,Ugxu6ynHs7di_799KVR4AaABAg,@linoblanco-ex7gs,buenas mañanas nos informamos desde Venezuela los felicito por el buen trabajo que realizan y saludos a la presidenta de mejor gobierno que realiza y también la felicito,2026-04-24T14:29:40Z,1,gobierno de Tampico,Detienen en Argentina a Fernando Farías; Trump descarta arma nuclear contra Irán | Resumen,Aristegui Noticias,2026-04-24T14:01:27Z,2026-05-04 07:48:41
vlFRSnmSbLU,UgwadL5FKF7GIl9NBul4AaABAg,@xochitllarranaga6495,Buenos días Carmen 😘,2026-04-24T14:26:07Z,0,gobierno de Tampico,Detienen en Argentina a Fernando Farías; Trump descarta arma nuclear contra Irán | Resumen,Aristegui Noticias,2026-04-24T14:01:27Z,2026-05-04 07:48:41
vlFRSnmSbLU,UgzhDA5udgSLehGRJxt4AaABAg,@leticiajimenez4482,Así como ella la presidenta tiene q dar explicación de los secuestros falta ddivamenyos etc,2026-04-24T14:24:55Z,2,gobierno de Tampico,Detienen en Argentina a Fernando Farías; Trump descarta arma nuclear contra Irán | Resumen,Aristegui Noticias,2026-04-24T14:01:27Z,2026-05-04 07:48:41
vlFRSnmSbLU,UgyuYVZADmtAdbdvhPZ4AaABAg,@leticiajimenez4482,Y como el gobierno de Chihuahua es de la oposición se le están hechsmdo enzima los de la 4T empezando x la presidenta,2026-04-24T14:23:03Z,1,gobierno de Tampico,Detienen en Argentina a Fernando Farías; Trump descarta arma nuclear contra Irán | Resumen,Aristegui Noticias,2026-04-24T14:01:27Z,2026-05-04 07:48:41
vlFRSnmSbLU,Ugw3N_h7uqPzeCrz2r54AaABAg,@leticiajimenez4482,Que sigan con los demás involucrados,2026-04-24T14:20:46Z,4,gobierno de Tampico,Detienen en Argentina a Fernando Farías; Trump descarta arma nuclear contra Irán | Resumen,Aristegui Noticias,2026-04-24T14:01:27Z,2026-05-04 07:48:41
vlFRSnmSbLU,UgyrAuGXvyRCigj8FMR4AaABAg,@leticiajimenez4482,Vaya hasta que empiezan a detener a un delincuente asociado a los de la 4T,2026-04-24T14:19:56Z,5,gobierno de Tampico,Detienen en Argentina a Fernando Farías; Trump descarta arma nuclear contra Irán | Resumen,Aristegui Noticias,2026-04-24T14:01:27Z,2026-05-04 07:48:41
vlFRSnmSbLU,Ugy808upINBRYr_0-wF4AaABAg,@andreschavezjimenez833,Qué bueno que ya están cayendo todos los rateros y vende patrias <br><br>¿ Lopez Obrador para cuándo ?,2026-04-24T14:10:43Z,9,gobierno de Tampico,Detienen en Argentina a Fernando Farías; Trump descarta arma nuclear contra Irán | Resumen,Aristegui Noticias,2026-04-24T14:01:27Z,2026-05-04 07:48:41
vlFRSnmSbLU,UgxUt6iYfw59ya7MZER4AaABAg,@gabrielapuentedeffour7098,Puros choros Maraeadores! Si este no es el único implicado imposible mover tanto huachicol solo unos cuantos ! No! Para nada hay más de 500 empresas que vivían de esto el. Y solo un puñado de personas más lo hacían ajá !!!!🤦‍♀️,2026-04-24T14:06:54Z,3,gobierno de Tampico,Detienen en Argentina a Fernando Farías; Trump descarta arma nuclear contra Irán | Resumen,Aristegui Noticias,2026-04-24T14:01:27Z,2026-05-04 07:48:41
vlFRSnmSbLU,UgwXpT5aHeKz1D43JH14AaABAg,@Liz777-f9o,Hola buenos días 😅🎉🎉👉😜🇲🇽👈,2026-04-24T14:06:12Z,1,gobierno de Tampico,Detienen en Argentina a Fernando Farías; Trump descarta arma nuclear contra Irán | Resumen,Aristegui Noticias,2026-04-24T14:01:27Z,2026-05-04 07:48:41
051nB8lr8zQ,UgydX04etX5AnQrwWvh4AaABAg,@marioni80s,"Lo matarán para cubrir al hijo del peje, morirá como los anteriores marino,",2026-04-26T14:58:25Z,0,gobierno de Tampico,MÉXICO pide a ARGENTINA la deportación de CONTRALMIRANTE DE MARINA por tráfico de COMBUSTIBLE,EL PAÍS,2026-04-24T16:00:06Z,2026-05-04 07:48:41
051nB8lr8zQ,UgywtnL0MD5XUDGeOch4AaABAg,@laguaridadelobo5099,Lo van a deportar dijeron hace unas horas. Igual no dijeron si a EEUU o México. Ya que la CIA TMB pidió su cabeza,2026-04-24T17:55:25Z,0,gobierno de Tampico,MÉXICO pide a ARGENTINA la deportación de CONTRALMIRANTE DE MARINA por tráfico de COMBUSTIBLE,EL PAÍS,2026-04-24T16:00:06Z,2026-05-04 07:48:41
051nB8lr8zQ,Ugwdw7ebYKfbcht4LzN4AaABAg,@mohamedfalouh2002,Merci .Gracias .Dr Avocato Presidente Mexico Claudia Sheinbaum Bonna Diaz Auguri .Fare Google Falouh Mohamed Import et Export Rc 270032 .....Vedi ..Mode IA ..,2026-04-24T17:29:35Z,0,gobierno de Tampico,MÉXICO pide a ARGENTINA la deportación de CONTRALMIRANTE DE MARINA por tráfico de COMBUSTIBLE,EL PAÍS,2026-04-24T16:00:06Z,2026-05-04 07:48:41
051nB8lr8zQ,Ugw-fVby86pRqiC4DPd4AaABAg,@levipsb..1403,Se ralla si lo sueltan de rebote aquí a vivir la vida y nada paso,2026-04-24T16:04:33Z,0,gobierno de Tampico,MÉXICO pide a ARGENTINA la deportación de CONTRALMIRANTE DE MARINA por tráfico de COMBUSTIBLE,EL PAÍS,2026-04-24T16:00:06Z,2026-05-04 07:48:41
051nB8lr8zQ,UgzN_dYlf-gEwnatMsh4AaABAg,@eduardocarrascocamacho6405,"Que lo extraditen a EEUU, en México lo van a liberar.",2026-04-24T16:03:40Z,4,gobierno de Tampico,MÉXICO pide a ARGENTINA la deportación de CONTRALMIRANTE DE MARINA por tráfico de COMBUSTIBLE,EL PAÍS,2026-04-24T16:00:06Z,2026-05-04 07:48:41
Mg2woNJ7tPU,Ugw-VLc0tUSn4jUONuB4AaABAg,@DeJrASr,Primer video que veo y puedo decir que 10/10,2026-04-27T19:03:42Z,0,gobierno de Tampico,"Morena prometió acabar con el huachicol, hoy enfrenta uno de los mayores escándalos de corrupción",La Chihuahuita Política,2026-04-25T14:47:59Z,2026-05-04 07:48:41
Mg2woNJ7tPU,UgwThwxyEy2ltAB4_Ch4AaABAg,@rutgranados4879,Apoyo total a la gobernadora Maru campos,2026-04-27T14:44:09Z,0,gobierno de Tampico,"Morena prometió acabar con el huachicol, hoy enfrenta uno de los mayores escándalos de corrupción",La Chihuahuita Política,2026-04-25T14:47:59Z,2026-05-04 07:48:41
Mg2woNJ7tPU,Ugy-72aPMzQyjyIoprt4AaABAg,@64chorote,"Muy bien. Me gusta que los jóvenes, se involucren en los problemas de nuestro país. Siga adelante señorita.",2026-04-27T08:26:21Z,3,gobierno de Tampico,"Morena prometió acabar con el huachicol, hoy enfrenta uno de los mayores escándalos de corrupción",La Chihuahuita Política,2026-04-25T14:47:59Z,2026-05-04 07:48:41
Mg2woNJ7tPU,Ugxr3hV4pLGfdBBxGY94AaABAg,@Carlosandresgamez,El sistema está parasitado. 🎉<br>Que podemos hacer ? Solo Yisus es la respuesta ❤,2026-04-27T06:55:37Z,1,gobierno de Tampico,"Morena prometió acabar con el huachicol, hoy enfrenta uno de los mayores escándalos de corrupción",La Chihuahuita Política,2026-04-25T14:47:59Z,2026-05-04 07:48:41
Mg2woNJ7tPU,UgzeVkWUDUn0-Sw7RZh4AaABAg,@perroverde6634,ENTENDAMOS vivimos una NARCODICTADURA,2026-04-27T02:23:07Z,1,gobierno de Tampico,"Morena prometió acabar con el huachicol, hoy enfrenta uno de los mayores escándalos de corrupción",La Chihuahuita Política,2026-04-25T14:47:59Z,2026-05-04 07:48:41
Mg2woNJ7tPU,UgyhUfa73SQPcPAoGDZ4AaABAg,@ilepor8770,Muy bien tu poscast,2026-04-27T02:13:05Z,1,gobierno de Tampico,"Morena prometió acabar con el huachicol, hoy enfrenta uno de los mayores escándalos de corrupción",La Chihuahuita Política,2026-04-25T14:47:59Z,2026-05-04 07:48:41
if8pjTCF1ZE,UgzejFPbIYIPh_4mexd4AaABAg,@armandonunez5709,No mms.,2026-04-25T21:37:41Z,0,gobierno de Tampico,4T: Promesas vs Realidad del Gobierno Mexicano,Reborujado Político,2026-04-25T18:38:50Z,2026-05-04 07:48:41
if8pjTCF1ZE,UgzkDItISTrj-JcDvl54AaABAg,@ManuelDiaz-n9s,Hay mija mas de ochenta años sumidos en corrupción y tu pides que en siete años se acabe con un aparato creado para que no se acabe la corrupción de algo estoy seguro hoy mexico si esta mejor sin el prian en el poder,2026-04-25T21:23:10Z,0,gobierno de Tampico,4T: Promesas vs Realidad del Gobierno Mexicano,Reborujado Político,2026-04-25T18:38:50Z,2026-05-04 07:48:41
if8pjTCF1ZE,Ugys_MJBUHxERnaN53Z4AaABAg,@jesusgalanvera9405,Estás bien pdja,2026-04-25T20:42:32Z,0,gobierno de Tampico,4T: Promesas vs Realidad del Gobierno Mexicano,Reborujado Político,2026-04-25T18:38:50Z,2026-05-04 07:48:41
UXkt-1lmhQ0,UgxcJJ8MMg1vSwOw1T54AaABAg,@lolitarivera-y4k,Lamentable lo que han hecho con estas instituciones antes respetadas,2026-04-26T00:27:23Z,0,gobierno de Tampico,Marina: Corrupción y Red Delictiva en Aduanas Revelada,Entre Poderes,2026-04-25T18:29:39Z,2026-05-04 07:48:41
UXkt-1lmhQ0,Ugy899viEaub813FATZ4AaABAg,@JoseLuisHernandez-w4w,"Cuanta razon para comporen las cosas y el sitema No nececitamos un 4 trasformacion este paiz debe ser una potencia en todo bin dice el dicho &quot; Tan lejos de dios y tan cersa de USA&quot; hasta el ejercito y la marina su jurameto se va al caño nadie los respeta&quot; si no preguntele a Sinaloa, los Sinaloenses dan risa!!!!",2026-04-25T21:00:56Z,0,gobierno de Tampico,Marina: Corrupción y Red Delictiva en Aduanas Revelada,Entre Poderes,2026-04-25T18:29:39Z,2026-05-04 07:48:41
