titulo,fecha,iso_date,fuente,autor,url,url_google,thumbnail,texto,origen
Proponen agilizar adopciones en Durango para garantizar hogares a menores - Milenio,2026-04-26 07:00,2026-04-26T07:00:00+00:00,Milenio,,https://www.milenio.com/estados/durango-propone-agilizar-adopciones-garantizar-hogar-menores,https://news.google.com/rss/articles/CBMilwFBVV95cUxNS0ZjQ192Mkh2Z3V3bmN6MHNsSy1KbGtvTUNFUXRoSFYzdkM0Q0RXQ3JXOTg4ZzBlUUhxT2lia0VsVGlFQWE5dkwxOVJVNk1vRjQ3ZE5fLW05NENuOTZrZFBaT1BtNXdYRDh1aVFfNEtJWjRVT2dtWDlaeGFoMHVmVzhWeXpOUGJlWmJrQWtINHhkTlV2d2JV0gGXAUFVX3lxTFBGQUFmMV85b1ZZVE1SbjBTTFM2RFNBOTVsZm9HSzR1VEhwYk1TdWJtdHBfUkZucERBRDlCNlVManB1NWJFYlVOa3pEWFc1cGttQ3JqcDIzM0lDbFdwZ2NLTzhrVGZtOGVnMU5VMjRGd2FFckdnTUNQV3hnZzlWVGp2c2NqSWswSEhNb1hNZWREZDFEVmEzVTg?oc=5,,"Cuando una madre decide entregar a su hijo en adopción por una situación complicada, Gabriela Vázquez Chacón, diputada local por el Partido Acción Nacional, propuso ante el Congreso local que se agilice y facilite la adopción.
“No se trata de imponer, se trata de ofrecer alternativas de vida; no se trata de juzgar, se trata de acompañar y, sobre todo, de proteger la vida y garantizar que cada niña y cada niño tenga la oportunidad de crecer en una familia”, expresó al presentar la iniciativa de reformas a la Ley de Adopciones del Estado.
La entrevistada explicó que el propósito es reducir trámites, facilitar el procedimiento y garantizar asesoría y acompañamiento, tanto por parte del Sistema Estatal de Salud como de la Procuraduría de Protección de Niñas, Niños y Adolescentes.
Además, se contempla apoyo especial para mujeres menores de edad o con alguna condición particular, asegurando que la decisión se tome con respaldo legal y protección.
Durante su intervención, la legisladora destacó que cuidar a niñas y niños es una de las responsabilidades más importantes de la sociedad, ya que representa asegurar un presente digno y un futuro con oportunidades. Subrayó que los derechos de la infancia están respaldados por instrumentos internacionales como la Convención sobre los Derechos del Niño, los cuales establecen que toda niña y niño tiene derecho a vivir y crecer dentro de una familia, en un ambiente de amor, comprensión y protección.
Reconoció que, aunque Durango cuenta con legislación en materia de protección a niñas, niños y adolescentes, aún existen casos donde menores crecen sin un entorno adecuado o incluso son rechazados desde el inicio de su vida, por lo que es indispensable fortalecer mecanismos que garanticen el interés superior de la niñez.
Sostuvo que la adopción representa una alternativa profundamente humana, capaz de cambiar vidas al brindar a niñas y niños la posibilidad de integrarse a un hogar donde reciban cariño, estabilidad y condiciones para su desarrollo integral.
Asimismo, la diputada mencionó que existen mujeres, especialmente jóvenes, que enfrentan embarazos no planeados en condiciones complejas, y aunque se han registrado avances, los embarazos adolescentes siguen presentes en comunidades con mayores carencias, donde muchas veces las mujeres enfrentan miedo, incertidumbre y soledad.
daed",GOOGLE_NEWS_RSS
El cumpleaños del perro / La quinteta de Luis Estrada - El Sol de México,2026-04-26 07:00,2026-04-26T07:00:00+00:00,El Sol de México,,https://oem.com.mx/elsoldetampico/analisis/la-quinteta-de-luis-estrada-29674865,https://news.google.com/rss/articles/CBMihgFBVV95cUxNXzlsY1FCTkZtd1RjZ2dmNVZoUmZnQkhISlhYeU1kNFNyWTctUVplWFNnazBZOElnRWdCSVE4RUN0ZDRkS0JJMUJUVWVES1BpbTdKdjlOdmdlSWZGc3AyemxIcXpVcE1VaC14QnAzMDAtTXVMX05NQ1cwWm9XOGNYQWVEYS1iUQ?oc=5,,"Análisisdomingo, 26 de abril de 2026
El cumpleaños del perro / La quinteta de Luis Estrada
Las opiniones vertidas en este artículo son responsabilidad de quien las emite y no de esta casa editorial. Aquí se respeta la libertad de expresión
ÚLTIMAS COLUMNAS
Más Noticias
COLUMNAS
CARTONES
LOÚLTIMO
Newsletter
¿Te quedas fuera de la conversación? Mandamos a tu correo el mejor resumen informativo.",GOOGLE_NEWS_RSS
Más de 100 niñas y niños participan en el foro 'ExpresARTE es tu derecho' en Guadalajara - Milenio,2026-04-26 07:00,2026-04-26T07:00:00+00:00,Milenio,,https://www.milenio.com/comunidad/participan-en-el-foro-expresarte-es-tu-derecho-en-guadalajara,https://news.google.com/rss/articles/CBMimwFBVV95cUxNeGRTLXNiQWR5WXlmakZ2VEF6dXY2QnVWZE5aM1VSMVFObl9BNkFFdE1VZXIzRXYxY1dhR2JEbElmNllHbGJVRGRCRWRFZzNxeEVUZlR2THBzQzdEYllHaFQ0bmtWS3g5T0JaRUxTNjRTMVMwLXh2aUJOdllYWFE5M1VpeFNyUUpLbnFmd1VMN2dtNXZrZ2N4NXlYZ9IBmwFBVV95cUxONEJxdlhjNFRkSnlKX1BkYnNzbWtwclkzWFBNeEZPc2UwWnNTYTk0Y0w1NU4zNnQweGQ2YUZlWDlaRzZUb3p4VldzM1F5eTRRb3VVVUw2a2VmWk9GT3FjaEt3QXZLUmdJQklXN0EzNkZOMGpiNWhfVTVfS1c5dktBWlV0UVNvTy1FdnY4N0N1QlYtM09GV19Fa3p1aw?oc=5,,"Cerca de 100 niñas, niños y adolescentes participaron este domingo en la jornada ""ExpresARTE es tu derecho"", una actividad organizada en el marco del Mes de la Niñez y las conmemoraciones del 30 de abril. El evento se llevó a cabo en el Globo, Museo de la Niñez de Guadalajara.
A través de talleres de pintura, dinámicas de juego y ejercicios de movimiento, los participantes reflexionaron sobre derechos fundamentales como el acceso a la salud, la alimentación, la identidad, la igualdad, la no discriminación, y el derecho a un medio ambiente sano.
La jornada también incluyó un espacio paralelo dirigido a madres, padres y cuidadores, donde se compartieron herramientas de crianza positiva enfocadas en la comunicación y el reconocimiento emocional.
""Este espacio está hecho para que ustedes puedan expresarse a través del juego, el arte y la creatividad aquí todo lo que van a hacer no implica que haya respuestas correctas o incorrectas. Aquí lo importante es que ustedes sean ustedes mismos, que ustedes se sientan contentos y que participen"", detalló Thais Loera Ochoa, secretaria Ejecutiva del Sistema Estatal de Protección Integral de NIños, Niñas y Adolescentes.
El cierre estuvo a cargo de ""Cora•sones"", una propuesta lúdico-musical que buscó acercar a los participantes a la música tradicional. La jornada fue convocada por el Consejo Estatal de Seguridad Pública y del Sistema Estatal de Protección Integral de los Derechos de Niñas, Niños y Adolescentes, con la coordinación de distintas secretarías del gobierno estatal.
MC",GOOGLE_NEWS_RSS
"Comercio debe crecer y generar empleos, no solo resistir: Canaco Tampico - Milenio",2026-04-26 07:00,2026-04-26T07:00:00+00:00,Milenio,,https://www.milenio.com/negocios/comercio-crecer-generar-empleos-resistir-canaco-tampico,https://news.google.com/rss/articles/CBMikgFBVV95cUxQczk4Tm1VQ1BvRFdfcWpuMGwxamI5a0dRMjFTSkV4OUNLRTZReVNQOFotVTlvMlo0SmxzMmcwSmdKS0tfeXJOVzZva2pESmpRcHRzNzU1UDNUalFHZEtzenpDclNEdlJERk1Ba19nWWo1Y3R2STZLWFNQV0Z0bGtlOTNVZWJqT0F2U0dmTHEtT2Myd9IBkgFBVV95cUxOemQzUzhyVlpfaExRYlNxbF9jSjk2WlNaYlNCT0ZPR1VzR2hnTVQzMndkcmFvQ0xxMjdpZkp3aFRoTmZDTjlsT1FqYmdmRXhhMGx6a1FJWDZHWHNpODJWWm13bVpfT0Y1VGxKRk9YME1mMmtzNi1ZUXBJU0pTODNsb2hfNFZSWXlNdUc3Tnd3TFZ5dw?oc=5,,"La situación económica reflejada en las pymes tanto en Tamaulipas como a nivel nacional, provoca que el sector comercial se encuentre en una fase de resistencia y realizar todas las acciones posibles para mantenerse vigentes en el mercado, situación contraria a sus expectativas, cuando el objetivo en este año es el crecimiento y la generación de nuevos empleos, indicó la Canaco.
El presidente del organismo en Tampico, Eduardo Manzur Manzur, expuso que el reconocimiento de las autoridades por la permanencia de los establecimientos formales no solo se debe reconocer, también se necesitan acciones puntuales que van desde fomentar la formalidad, acercar de manera útil los productos a clientes que forma digital, complementándose por la seguridad e incentivos fiscales.
Su principal preocupación gira en cuanto al porcentaje de habitantes que generan economía mediante la informalidad, una taza del 54.8 por ciento en el país. Expresó al mismo tiempo, la intención que tiene el organismo presidido a nivel nacional por Octavio de la Torre de Stéffano en acercar esta agenda con los gobiernos estatales y municipales.
“En México los negocios no desaparecen, pero resisten. Y resistir no debe ser la meta del comercio formal. La meta debe ser crecer, invertir, contratar y competir en mejores condiciones”, indicó.
Dentro de los datos nacionales, por un lado hay 33 millones de mexicanos informales, es decir, generan ingresos sin prestaciones de ley o pago de impuestos, en tanto existen más de 7 millones de negocios contabilizados por el Instituto Nacional de Estadística y Geografía (Inegi) en los Censos Económicos del 2024.
Como propuesta, se planteó aspectos como una formalidad con sentido, evitando cargas excesivas y trámites que desincentivan la legalidad, a la vez de la digitalización útil, enfocada en mejorar ventas, cobros, inventarios y conexión con clientes. Integran el financiamiento real, accesible y adecuado a la realidad de los negocios familiares.
También añaden el régimen fiscal simple, con reglas claras que faciliten el cumplimiento; la seguridad social viable que permita ampliar la formalidad sin afectar la contratación y la protección del patrimonio y la operación, frente a riesgos como la inseguridad y la extorsión.
“Abrir la cortina todos los días no debe ser un acto de resistencia permanente, sino una oportunidad real de crecimiento”, concluyó.",GOOGLE_NEWS_RSS
Promueve DIF Cd. Madero la inclusión con una nueva edición de “DIFZANIA” - Milenio,2026-04-26 06:23,2026-04-26T06:23:51+00:00,Milenio,,https://www.milenio.com/comunidad/dif-madero-realizo-difzania,https://news.google.com/rss/articles/CBMibkFVX3lxTE1JNUxscUZXRGp4bjdwQnpFTE9vVmc5NzVSMzZyOWo1ekplR09Obm0wRWk1TTNLTXBoa2NleHdrVHBQWGtqdHpGNnBqdDlZRER0R0MyRDJXUUV5X3NtbUFhMUJDWW5XX2VTWjN4ODFB0gFuQVVfeXFMTXZaaHd2LWF2Vk12NnE0dTNZek9EUFBORXVLVVh2Sk5lTUdhakNOWGlOZlNNNThSUkVvUUcwVm54Z2duS1h6eGtwTjlnT19iN3Q1QUw0cVBld0JWZnBOeEZ5TDFLSW5Ba190WlJxR0E?oc=5,,"Con el objetivo de fortalecer la convivencia y la unión familiar, el Sistema DIF Ciudad Madero, que titula la Lic. Dunia Marón Acuña, llevó a cabo una edición más de “DIFZANIA”, una iniciativa impulsada a nivel estatal por el Sistema DIF Tamaulipas que encabeza la Dra. María Santiago de Villarreal, y que se realiza de manera simultánea en distintos municipios para celebrar a las familias tamaulipecas.
En esta ocasión, el evento tuvo lugar en Cinépolis Tampico, donde se dieron cita 55 familias, que representaron una afluencia de 200 personas, en un espacio pensado especialmente para niñas, niños y adolescentes con discapacidad o neurodivergencia, una de las principales líneas de trabajo del DIF maderense.
Durante la jornada, encabezada por la propia Presidenta del DIF y su esposo, el Presidente Municipal, C.P. Erasmo González Robledo, las familias disfrutaron de una experiencia de convivencia en un ambiente armónico, que incluyó la proyección de una función de cine, además de la entrega de combos de palomitas y refrescos para todos los asistentes.
Es de resaltar que “DIFZANIA” forma parte del seguimiento al programa de Atención a las Familias de la Dirección de Fortalecimiento Familiar del DIF Tamaulipas, consolidándose como un espacio que promueve la integración, el respeto y la inclusión, valores que distinguen el trabajo del Sistema DIF Ciudad Madero.
AA",GOOGLE_NEWS_RSS
"Cupcakes, donas y creatividad: recetas que acercan a los más pequeños a la cocina - El Sol de México",2026-04-26 05:49,2026-04-26T05:49:15+00:00,El Sol de México,,https://oem.com.mx/elsoldetampico/gossip/cupcakes-donas-y-creatividad-recetas-que-acercan-a-los-mas-pequenos-a-la-cocina-29671218,https://news.google.com/rss/articles/CBMiyAFBVV95cUxNNlpxM1R1bW5LSy1Bak9BMHh2dlhaU2JRak1nTklrOEtrYUFsWUhQYTRiUnVDcUJ1cm5FWWJ5MXNOSWpOb19qcUt4NjM3YXNMdUg3YTN6d2x5RmxGWTZ4Nm1XSE5EV1d5enFoemlEd1hmZHdxSnIxZ2djS1E1YlhRd1B6Vk5kaGR3eFZub3ZYcjJfUkpKQUpPX2dEYmdzMlZEMkQ2STVmQUJGZ1JuYkhNeHkyVzFVMHByZEpQM1JVZ0lsZ0REVHJPSg?oc=5,,"Gossipdomingo, 26 de abril de 2026
Cupcakes, donas y creatividad: recetas que acercan a los más pequeños a la cocina
Para la chef Sinayth Vázquez la gastronomía es una herramienta para que los niños generen seguridad e independencia
Víctor De Sampedro",GOOGLE_NEWS_RSS
Playa Miramar recibe doble certificados ¿cuáles son? Esto sabemos - Milenio,2026-04-25 23:25,2026-04-25T23:25:00+00:00,Milenio,,https://www.milenio.com/estados/playa-miramar-recibe-doble-certificados,https://news.google.com/rss/articles/CBMie0FVX3lxTFBmSTM3S0FjdHQ1RnBESzFMam9XdVNjcWQ2Wlc3bWNLeGV5TWhaNGM0Q3VHaFVXdnpKN1FsQ0lQc3VON2xSbmFxbVhxYmZZanZMYWV2aHRIeXBfUU1pM1VjYjFsc0owS0d2R3NNTlp5M01DdmhDSmY0d2lQb9IBe0FVX3lxTE8xekVXcW5TR3ZYS2I3VGtvTmRJRTdyNkNxSklPU1E3a2VzajhrcFpzVXVDNEtzZjFWcWpzSkh6SDAzQ3c0cGYxYzdMMWpfeWxScWZyXzYtSTZ3N1A1b0hfMC1PYkhXaHlJZWtncjI2SWlhQlBscWpoaC04SQ?oc=5,,"El presidente municipal de Ciudad Madero, Erasmo González Robledo, recibió las certificaciones que acreditan a Playa Miramar como Playa Limpia y Playa Platino, consolidando al máximo paseo turístico de Tamaulipas como un referente en calidad ambiental, seguridad y servicios.
¿Qué rasgos evaluaron de playa Miramar?
González Robledo, dijo que el reconocimiento es resultado del proceso de recertificación realizado del 20 al 24 de abril de 2026, como parte del cumplimiento de la norma NMX-AA120-SCFI-2016, la cual establece criterios rigurosos para la gestión integral de playas.
Destacó que durante la auditoría se evaluaron de manera puntual aspectos como la calidad ambiental, las condiciones de limpieza, la infraestructura, la seguridad y la prestación de servicios, garantizando que el destino cumpla con estándares establecidos a nivel nacional.
En el acto, el presidente municipal estuvo acompañado por la directora de Turismo, Mariana Varela; el director general de Servicios Públicos y Ecología, Gerardo Soto Najar; personal de la Dirección Operativa de Playa, encabezada por Everette Turrubiates; así como personal de Protección Civil y representantes del organismo certificador.
Playa miramar recibe distintivos
Expresó que, tras la revisión, Playa Miramar aprobó satisfactoriamente la evaluación, logrando renovar ambos distintivos para el periodo 2026–2028, lo que respalda el trabajo continuo en el mantenimiento y mejora de este espacio turístico.
Cabe destacar que estas certificaciones abarcan una extensión de 1,559 metros, comprendida del sector de Torre 8 a Torre 13, fortaleciendo un amplio tramo que brinda condiciones óptimas para el disfrute de visitantes.
Con los altos estándares otorgados en materia ambiental y de servicios, Playa Miramar se consolida como uno de los destinos turísticos más importantes del Golfo de México y no sería posible sin el liderazgo del gobernador Américo Villarreal Anaya.
Miramar, uno de los destinos con más certificaciones
Destaca a nivel nacional Durante la conferencia mañanera encabezada por la presidenta de México, Claudia Sheinbaum Pardo, la secretaria de Turismo del Gobierno de México, Josefina Rodríguez Zamora, resaltó la ocupación hotelera de 100 por ciento alcanzada en Playa Miramar durante las vacaciones de Semana Santa 2026.
Además, se consolida como uno de los destinos con mayores certificaciones en materia ambiental. Al respecto, el alcalde de Ciudad Madero, Erasmo González Robledo, dijo que están muy orgullosos por el trabajo que les ha permitido realizar en equipo con su gobierno.
¿Cuál es el certificado de playa limpia?
Este certificación que avala que una playa cumple con estándares de calidad del agua, manejo de residuos, servicios e higiene, garantizando condiciones seguras para visitantes.
¿Cuál es el certificado playa platino?
Este da un reconocimiento de mayor nivel que distingue a playas con excelencia ambiental, infraestructura, seguridad y sostenibilidad, cumpliendo criterios más estrictos a nivel internacional.
AA",GOOGLE_NEWS_RSS
"Temas - El Sol de Tampico | Noticias Locales, Policiacas, sobre México, Tamaulipas y el Mundo - El Sol de México",2026-04-25 20:57,2026-04-25T20:57:12+00:00,El Sol de México,,https://oem.com.mx/elsoldetampico/tags/temas/renuncia?page=15,https://news.google.com/rss/articles/CBMibkFVX3lxTE5tdERqSWhmZWlnb0hCczRlU2t5SGdlUzFUN3pFOFVCSVV5NWNpb0ZYa2kwVnMxbTFyZlZ2c1VMcHQ5Z2JVcGJtU3oxX0xZOEc0VVdMa0tGajl2WHRQY21rOWRhV2Q1NnRWVUtLbW5R?oc=5,,"1LOCAL“El casco no es accesorio, es vital”: Tránsito y Ejército Mexicano montan operativo para motociclistas en el norte de Veracruz
2DEPORTES¡Van por el bicampeonato! Jaiba Brava elimina a Cancún FC y jugará otra final en la Liga de Expansión",GOOGLE_NEWS_RSS
El Universo de Maxwell / El libro - El Sol de México,2026-04-25 19:51,2026-04-25T19:51:18+00:00,El Sol de México,,https://oem.com.mx/elsoldetampico/analisis/el-universo-de-maxwell-el-libro-29659080,https://news.google.com/rss/articles/CBMiiwFBVV95cUxQTzQ4Vk9zS3Fyd2tNQVBsS0ZwaElTTS02NUVwX0dHOV8wdUtTZjhGaUVRd21WVnhtUUhxQURFdFl0WFh2ckZ6enB1clZqVnlFZEthdU5ST1J6N0RCNEpKcDFJM01sVkxXQzJzYVdDZW43OEt0TkpGeDFZZ2tQRTZMaEZSbjBvYmdGR2ww?oc=5,,"Análisissábado, 25 de abril de 2026
El Universo de Maxwell / El libro
Inicios
Libros de ciencia
Anécdota
Enseñanzas
Conclusión
ÚLTIMAS COLUMNAS
Más Noticias
COLUMNAS
CARTONES
LOÚLTIMO
Newsletter
¿Te quedas fuera de la conversación? Mandamos a tu correo el mejor resumen informativo.",GOOGLE_NEWS_RSS
¿A qué hora y dónde ver a la Jaiba Brava? Todo sobre la vuelta de cuartos de final - El Sol de México,2026-04-25 18:27,2026-04-25T18:27:06+00:00,El Sol de México,,https://oem.com.mx/elsoldetampico/deportes/a-que-hora-y-donde-ver-a-la-jaiba-brava-todo-sobre-la-vuelta-de-cuartos-de-final-29668434,https://news.google.com/rss/articles/CBMizAFBVV95cUxQWVJhX1FvRU9XellZR3hpUWJNakxJRnBhWlh3dEZQeU1XNzhtN3dKZkl4V3NtV1JJczRxRy04TnFvOWJDRk5UNWh5NHNiUU5PUk1oclYxcGo3RmtuREtya0xpUWNpMk1PQjAtc3laejJGTnJjN1BTcFZEMFNqTXVpNXI1M0FLcVduOGgtLUtFc0l1VHZFZ0REMUExOEllYU5kMXNlX2RxQVNSMjZFbnlYVUVvNjFRSEppaTBXQW5UNDhrN0ptRWxQV1l3LWI?oc=5,,"Deportessábado, 25 de abril de 2026
¿A qué hora y dónde ver a la Jaiba Brava? Todo sobre la vuelta de cuartos de final
Los celestes llegan con ventaja, pero define fuera de casa; eso sí, podrás seguirla desde cualquier pantalla
Adolfo Ruiz Nuñez
Los celestes llegan con ventaja, pero define fuera de casa; eso sí, podrás seguirla desde cualquier pantalla
Adolfo Ruiz Nuñez",GOOGLE_NEWS_RSS
Nuevos topes en Tampico: ubícalos en Tancol y maneja con precaución - El Sol de México,2026-04-25 07:00,2026-04-25T07:00:00+00:00,El Sol de México,,https://oem.com.mx/elsoldetampico/local/nuevos-topes-en-tampico-ubicalos-en-tancol-y-maneja-con-precaucion-29668706,https://news.google.com/rss/articles/CBMitgFBVV95cUxNc3ZnZVhyYkF1ZWtSTnpMTmFEam8xWUVjcTNVczRpQ3ZsS1JBeTdubEdBYzRmTUVEZU13OC1Ec2VPd3ZaMFZESXZReXczbWZGcXF4VG9uNnJGUWZGemg0Z3E4b3NvdktWdnFpbGJ4S05KLUZacnN0UXdLd1FIRUtMYmdXUjhtanBveUk0cm9vdmVPR0paa1A4NDlsTUFWVHFDV2swT0JNTS16NlZlRUhQS2xFaDM5dw?oc=5,,"Localsábado, 25 de abril de 2026
Nuevos topes en Tampico: ubícalos en Tancol y maneja con precaución
Autoridades priorizan cruces conflictivos y áreas escolares para reducir riesgos a peatones y conductores
Yadira Hernández
Autoridades priorizan cruces conflictivos y áreas escolares para reducir riesgos a peatones y conductores
Yadira Hernández",GOOGLE_NEWS_RSS
Jaiba Brava busca otra semifinal en la difícil cancha del Atlético La Paz - Milenio,2026-04-25 07:00,2026-04-25T07:00:00+00:00,Milenio,,https://www.milenio.com/deportes/futbol/jaiba-brava-busca-semifinal-dificil-cancha-atletico-paz,https://news.google.com/rss/articles/CBMimwFBVV95cUxNclFmcWh0TGVFeHFtZEpXSmYyb2NiZXJ5WjdVTFQtbmo1aEM5LWl3dGsxYW9kMGU2b1hRQkN4V2hsQmVvcTAwa3FuUFRSZE9hck1XODNpbThPai1jSnEzMVVzaWxQalBuckRuei1sZzYwdUFwY2Y1YW9nVFc5ZklhUVhPa0M2ZDJRcVQ4bm5McnViYVBNdjdkR25QONIBmwFBVV95cUxPTVA3dnllVzZsTHNjM0p0Yjd5QmRzanViRU94Znk2VlpfeEg1X3E2TUxTTDg4Y001R1g3NUp6R2tZNWIxX2lJR05Fc05hNWxSVW1sSVlGWElNeDdBVXktU2JRNklCeXJCM2tycjNER0FaM3FBMzk2WE9tanNqdWtCMHhNNHlMY2h6dXF4TEQ5VE9VWlgxcnNLN0ZEVQ?oc=5,,"Las noticias administrativas logradas por la directiva de la Jaiba Brava del Tampico-Madero quedan a un lado esta noche, donde todo se concentra en la actuación de la plantilla cuyo objetivo es alcanzar una nueva semifinal en la Liga de Expansión. Llegan a una de las aduanas más complicadas de la categoría, propiedad del Atlético La Paz, escuadra herida tras la ida de los cuartos de final del Clausura 2026.
Los porteños, el actual campeón de la división, llega con la ventaja de dos goles al choque programado en el Estadio Guaycura, en punto de las 21:00 horas (tiempo del centro de México) ante el cuadro de Baja California Sur.
El hoy anfitrión necesita igualar la pizarra para avanzar bajo el criterio de la mejor posición en la tabla general y se inspira en la imbatibilidad de su cancha en el semestre a fin de concretar la remontada. En cuanto a los tamaulipecos, su experiencia y virtudes pretenden sacarlas a flote.
“Si algo hay que destacar es que este equipo, con varias Liguillas jugadas, ha logrado poner muchos ceros atrás. Habla de tener una buena defensa y no solo me refiero al portero o a los elementos en esta posición, también la gente arriba que presiona. Hacemos un plan de juego y ellos lo ejecutan”, declaró Marco Antonio ""Chima"" Ruiz.
Los celestes ya pisaron en esta campaña el escenario de la península. El resultado que terminó en empate a un gol dejó insatisfecho al club tamaulipeco, pues dentro del trámite pudieron hacer mayor diferencia en el marcador con las ocasiones creadas.
Ahora el panorama es distinto y a eso apela el estratega argentino Hugo Norberto Castillo. El entrenador de “La Palomilla” impulsa con su esquema de juego a obtener la proeza y marcar referencia en la segunda participación de la franquicia en la fase final.
“Necesitamos ser más agresivos de tres cuartos de cancha hacia adelante, terminar las jugadas. En el partido anterior solo paseamos la pelota enfrente del arco del rival, pero nunca disparamos, algo que vamos a realizar como mayor determinación en la vuelta, respetando la identidad que nos permitió colocarnos en esta instancia”, añadió.
El Guaycura garantía un lleno y su afición poner la mayor presión posible al monarca, que nuevamente se juega la jerarquía en territorio enemigo en pos de otra clasificación.",GOOGLE_NEWS_RSS
Rueda el balón con duelo Interprepas en la Copa Joven 2026 de Tampico - El Sol de México,2026-04-25 07:00,2026-04-25T07:00:00+00:00,El Sol de México,,https://oem.com.mx/elsoldetampico/deportes/rueda-el-balon-con-duelo-interprepas-en-la-copa-joven-2026-de-tampico-29658604,https://news.google.com/rss/articles/CBMivgFBVV95cUxNNDY5Vm5KUlMxOTBJSEZMOVNuT3ltc2FXcG91NTMxb21nU2tldS00M2w5VThtNUJhTUxXYVl5NGRGQWx5Q1FZc0EzTUFCdEJHaUNYcmMxZGtoWV8tc2pacWVvbnFlUTZjSVh2ZHA0ZFVrU0ctQ3lkSVJscVJDU3JIRFZCYlBsdElYbmZRYWxxRlhtY0tLRnR5NDlxdlNDejhOODVQbXZlLWx1cnhCVmJoRWRzV2RreTdtVmt0ZVBR?oc=5,,"Deportessábado, 25 de abril de 2026
Rueda el balón con duelo Interprepas en la Copa Joven 2026 de Tampico
El torneo reúne a equipos de preparatoria que competirán en modalidad Fut 7 durante un fin de semana lleno de actividad
Héctor Rivera
El torneo reúne a equipos de preparatoria que competirán en modalidad Fut 7 durante un fin de semana lleno de actividad
Héctor Rivera",GOOGLE_NEWS_RSS
Jaiba Brava avanza a semifinales; derrota a Atlético La Paz en su cancha - Milenio,2026-04-25 07:00,2026-04-25T07:00:00+00:00,Milenio,,https://www.milenio.com/deportes/futbol/resultado-atletico-paz-vs-jaiba-brava-cronica-liguilla-2026,https://news.google.com/rss/articles/CBMioAFBVV95cUxQU0d0cWczM2VLYkc5c1BfUDdhUGxvWDZmZmt6a3FBSHdzclc2SWp5SHNualRnWVFKQWwwOHpXSnFzelZLUDBWdUVqczA5VlRhNEpnS2VtWlhycjJGaDVnVFlrYzFoR0VFdl9QU1dLOHBxWXVsbDFVMmQ4RlZjYkUycElKZTgtbmFsc0NZM3Q1TWVvTmdTV1RQY0NlVXVtWE1X0gGgAUFVX3lxTE9UMXQwWXdCb0FELVRXZnVrNnBHMjNGZG83NjJXWDJ3STBjVUVEWHdZMkhJVjB5dWlfaWllWkFUaVpQZ2ZNQm1EZlZSUkZibUNOcDFKdDlCZklhejZQWVJ4ekJOWndDekxuRHVDeHBPaW1odFpxcm9VZ0ViMGIzUzVRN1JfN0FkYWtJSVhmNEpnbVNpSUREZ2RfTVc0VHIyVE8?oc=5,,"El campeón de la Liga de Expansión impuso jerarquía, solvencia, y temple, valores necesarios para mantener su sueño de convertirse en el primer campeón de la categoría. La Jaiba Brava del Tampico-Madero se paró con personalidad ante el Atlético La Paz, repetir la dosis al vencerlos en su propia casa por 2 goles a 1 (4-1 global)y continuar con vida en la Liguilla del Clausura 2026.
La escuadra dirigida por Marco Antonio “Chima” Ruiz sacó provecho de las contadas ocasiones al frente, resistió los ataques aurinegros, muchos con bastante peligro y de paso les rompió el invicto que sostenían durante el semestre.
La única modificación de los celestes fue sacrificar la versatilidad ofensiva de Deivoon Magaña y mandar al campo a Pablo Saldívar, a manera de entender la embestida de La Palomilla cuyo objetivo fue darle vuelta a la pizarra.
Como se esperaba, el conjunto local fue el obligado a arriesgar y como había prometido su director técnico Hugo Norberto Castillo, fueron determinantes en los primeros 20 minutos, siendo Óscar Millán, Fernando Illescas, Antonio Soto, como Edgar Alaffita, las bujías que encimaron a los celestes en su propia área, con varios disparos de media distancia que atajó Gerardo “Kampa” Ruiz.
Mucho tuvo que ver la presión que realizó desde primer cuarto, evitando el circular de la pelota de los tamaulipecos y al recuperar desdoblar con inmediatez para ofender la puerta rival, aunque por momentos el tener muchos hombres en el frente permitió espacios en la parte baja.
La pelota parada estuvo a punto de rubricar para el visitante en el minuto 20 pues en un tiro de esquina se incorporó Antonio Portales; al quedar solo dentro del área chica remató, pero la pelota se fue ligeramente arriba de la meta de Gil Alcalá.
El camino favorable para el monarca empezó a pavimentarse en el minuto 23. Rechace de un tiro de esquina en contra y cuando Alaffita intentó recentrar, Edson Torres aprovechó el intento de pase para robar el esférico y recorrer prácticamente 80 metros con dominio, ingresó al área y con un disparo cruzado, lento, pero bien colocado, silenció al Guaycura con la apertura de la pizarra y darle tranquilidad para el resto de trámite.
La desventaja no bajó los ánimos de los sur bajacalifornianos. Necesitaban un tanto para meterse de inmediato en la competencia y en el 29 apareció el español Jorgei Ferrer, al aprovechar un disparo de su compañero Fernando Illescas que pegó en el poste derecho; sin marca y el arco vacío, simplemente la empujó para empatar el duelo y encender el ánimo apagado en el inmueble.
Tras el descanso, Milán estuvo a punto de meter el tanto de la noche cuando en el 46 trató de bombear la redonda y techar a “Kampa”. Cual largo es, el guardavallas se estiró por los aires y de un manotazo impidió la caída de su arco en el 46.
Esa intervención fue factor pues 3 minutos más tarde el visitante volvió a mojar. Se combinan Alonso Escoboza con Saldívar, el primero llega frente a Alcalá, disparó tan potente que le dobló la mano al arquero anfitrión y, atento a la cita, Luis Razo terminó la jugada con el segundo de la noche, recuperar la ventaja y ampliarla en el global.
El resto del choque, prácticamente más de media hora, tuvo como tónica los esfuerzos infructuosos de los Paceños por siquiera meter un tanto que los metiera a la eliminatoria. Todo esto provocó la frustración y sobre la compensación cayó una segunda expulsión dentro de la serie, esta para Alaffita, al empujar y encararse con Magaña, al tener minutos desde la banca.
El fin de semana termina con buenas noticias para el proyecto jaibomaderense. Este domingo por la noche conocerá a su rival en semifinales y tendrá una larga semana, suficiente para plantear el choque de ida.",GOOGLE_NEWS_RSS
Onda de calor no da tregua en Tamaulipas: ASÍ estará el clima hoy sábado - Milenio,2026-04-25 07:00,2026-04-25T07:00:00+00:00,Milenio,,https://www.milenio.com/el-clima/clima-tamaulipas-pronostico-temperaturas-25-abril-2026,https://news.google.com/rss/articles/CBMikAFBVV95cUxQLVhLUUg0ZmhSdDUtQkZIUllsT1cyTFNYc1cwMWd0cGVBZWdjRXZEdnNYc3p1QVFjeW01RDJwV0tIQ09UODd3MDVTV2pkODBBS2t1V1ppdkNJS2ZWVHdSTmlGeGRrUjFfaVFNUzYwazB1b1dFY28tWi1Vel9fX1lxZHhiR1FGMjFxSHZpbWpBMlPSAZABQVVfeXFMTVI1RkpSTld0TExMd1U4aEpJX0RSVkVtMUUwdjdoWVZIcmlBbkFRRUhYZ1ZRSUsyUVVEeU5BV3F0bTM1NzNVZWlKMHJBUWo1SmFxeUl0M2hBZlp6ei1YSGpyN0hEZWF2WlBHZDNEOUowOV9FYWFkVDJQSnRsckdQTDBBLXpVZDE2RU5PVHZtZmpW?oc=5,,"El calor intenso hará arder el termómetro para hoy 25 de abril, rachas de viento fuertes que levantarán polvo y chubascos aislados que apenas darán respiro. La onda de calor sigue firme, especialmente en el suroeste, donde las temperaturas podrían superar los 40 grados. Un día de contrastes que exige precaución y mucha hidratación.
¿Cómo estará el clima hoy en Tamaulipas?
El clima para hoy sábado en Tamaulipas estará marcado por una combinación de altas temperaturas, lluvias intermitentes y viento intenso en varias regiones del estado. De acuerdo con el pronóstico, continuará la onda de calor especialmente en el suroeste, mientras que en otras zonas se esperan intervalos de chubascos y tolvaneras que podrían afectar la visibilidad en carretera.
Este panorama climático obliga a la población a tomar precauciones tanto por el calor extremo como por las condiciones cambiantes durante el día.
¿Cuáles son las temperaturas pronosticadas para hoy en Tamaulipas?
Zona norte del estado
En los municipios fronterizos, el calor también será protagonista, aunque ligeramente menor que en el suroeste:
Reynosa: mínima de 24 °C y máxima de 38 °C
Matamoros: mínima de 25 °C y máxima de 36 °C
Nuevo Laredo: mínima de 23 °C y máxima de 39 °C
En esta región, el cielo se mantendrá parcialmente nublado con posibilidad de chubascos aislados. El viento podría generar polvo en algunas zonas, reduciendo la visibilidad.
Zona centro del estado
En el centro de Tamaulipas, donde se ubican municipios como Ciudad Victoria, las condiciones serán más extremas:
Ciudad Victoria: mínima de 25 °C y máxima de 42 °C
Hidalgo: mínima de 24 °C y máxima de 41 °C
Aquí se sentirá con mayor intensidad la onda de calor, con sensación térmica aún más elevada durante la tarde. Aunque hay probabilidad de lluvias, el calor dominará gran parte del día.
Zona sur de Tamaulipas
En la zona sur, donde se encuentran Tampico, Madero y Altamira, el clima será caluroso pero con influencia costera:
Tampico: mínima de 26 °C y máxima de 34 °C
Ciudad Madero: mínima de 26 °C y máxima de 33 °C
Altamira: mínima de 25 °C y máxima de 35 °C
Aquí podrían presentarse chubascos intermitentes, además de viento con rachas fuertes, lo que podría generar oleaje elevado en zonas cercanas al litoral.
¿Habrá lluvia hoy en Tamaulipas?
Con acumulaciones de 5 a 25 mm, las lluvias no se consideran severas. Las precipitaciones están más asociadas al calor acumulado durante el día, por lo que es más probable que se presenten:
- Por la tarde y primeras horas de la noche
- Después de los picos de temperatura máxima
Esto ocurre porque el calentamiento favorece la formación de nubes de tormenta que pueden generar chubascos breves.
¿Qué tan fuertes serán los vientos hoy en Tamaulipas?
De acuerdo con el pronóstico, se esperan vientos sostenidos de 30 a 40 km/h, con rachas que podrían alcanzar entre 50 y 70 km/h. Estas condiciones no son menores, se trata de velocidades capaces de mover objetos ligeros, levantar polvo y complicar actividades al aire libre.
Este comportamiento del viento estará presente en gran parte del estado, aunque con mayor impacto en zonas abiertas, carreteras y regiones con suelos secos.
¿Dónde se sentirá más el viento?
El viento no afectará de la misma manera en todo Tamaulipas:
- Zona norte (frontera): ráfagas moderadas a fuertes que pueden levantar polvo, especialmente en áreas urbanas con terrenos secos.
- Zona centro: aquí el viento puede intensificarse debido al calor extremo, favoreciendo corrientes más inestables.
- Zona sur: además de las ráfagas, el viento puede influir en el oleaje en la costa, generando condiciones más agitadas en el litoral.
¿Por qué continúa la onda de calor en Tamaulipas?
La persistencia de una onda de calor en el suroeste del estado mantiene temperaturas elevadas durante varios días consecutivos. Este fenómeno se caracteriza por condiciones secas y cielos despejados que favorecen el aumento térmico.
Por ello, autoridades recomiendan evitar la exposición prolongada al sol, mantenerse hidratado y prestar atención especial a niños, adultos mayores y personas con enfermedades crónicas.
JETL",GOOGLE_NEWS_RSS
Onda de calor seguirá en Tamaulipas: prevén hasta 31 grados en la zona sur - El Sol de México,2026-04-25 07:00,2026-04-25T07:00:00+00:00,El Sol de México,,https://oem.com.mx/elsoldetampico/local/onda-de-calor-seguira-en-tamaulipas-preven-hasta-31-grados-en-la-zona-sur-29675259,https://news.google.com/rss/articles/CBMivwFBVV95cUxOVHhIMkJVRXR0dVlCVTBNV0ZnaVI3NmxpZnF3UW8ycVo3SzJ6RDFPQUtJLTduWFNLX1U0MTR0aE82YWphZV9udkRQOGk4WnhMUlJHTDR1ajB6SXByY3UxSkE3ZlVBZU96RUZLVlBJUXcyZlAtYlNNWEttUkpucm9yOXUwOUQxOHVwTDZIUXVCRHlxS1lxRlhGSTlXaXJXYmxiRDVSNWVkd2VVd2FmeXZza2Y4NXMwYzZZaU1VSUZYMA?oc=5,,"Localsábado, 25 de abril de 2026
Onda de calor seguirá en Tamaulipas: prevén hasta 31 grados en la zona sur
Se prevén rachas de viento, humedad elevada y baja probabilidad de lluvias en la zona conurbada
Antonio Campos
Se prevén rachas de viento, humedad elevada y baja probabilidad de lluvias en la zona conurbada
Antonio Campos",GOOGLE_NEWS_RSS
"""Suicidios por quedarse sin celular"": los trastornos mentales en niños se disparan tras el covid, nos alertan - Milenio",2026-04-25 07:00,2026-04-25T07:00:00+00:00,Milenio,,https://www.milenio.com/estados/trastornos-mentales-en-ninos-tras-covid-aumentan-suicidios-en-mexico,https://news.google.com/rss/articles/CBMiogFBVV95cUxPaDV4NEJndHE5OXR1MHE0c0VvenVYdXd2a1IzNlVtV2xnazItRDl0QnBwVkY0RUxXN3JKaUNQSm53U0JyYlBhV21oemZiaEQzM1htTkhuRHZ4ZUYxQldIdjY4UDhmMW9GV0xJckhRM05QbVE0ZGo5dnBveklzOUJJbDRRZWt1a2tMUWlqQnRwODJzRlVYMS1naEpmem5uYTFPa3fSAaIBQVVfeXFMT2NwVGdhTGNfQ2pMd2xUNmoyOE9FdzA3R1kwOGRoYUxYYWVqVmxCSXdTOGFjaERSMkRhUHNiOV9sLVJ3T3U0M3pPY3VLWEdyeER1RENKVWVUZkQ4OUk4MHRsQVFWa3pnckN5U2t4SkVIeHpUYWxLaFhzTkk2RVYxYWNLdmN2MVRxVndjR2MzLTJxZy1RUERSX3ZxbzR2cmt3aDJ3?oc=5,,"M+.- La pandemia dejó de ser una emergencia sanitaria, pero sus efectos más profundos siguen activos donde menos se ve: en el cerebro de niños y adolescentes. No se trata solo de secuelas emocionales por el encierro o la disrupción escolar. Hay un componente biológico que empieza a emerger con más claridad en la práctica clínica y que, al mismo tiempo, choca con una realidad estructural: en la mayor parte del país no hay hospitales donde atender los casos más graves.
“El covid-19 tuvo un neurotropismo, es decir, afectó directamente al sistema nervioso central. Generó inflamación cerebral y eso, a largo plazo, se traduce en problemas de aprendizaje, atención, memoria, ansiedad, depresión e incluso conducta suicida”, explica a MILENIO el médico paidopsiquiatra Ademar Silva Echeveste.
Detalla que la inflamación neurológica es un estresor de naturaleza biológica y, a largo plazo, produce esos trastornos que empeoran en contextos de violencia familiar o negligencia en el cuidado de los menores.
Daño biológico más allá del entorno
Durante años, la conversación pública sobre salud mental infantil y adolescente tras la pandemia se concentró en el aislamiento, el estrés familiar o el uso excesivo de pantallas. Factores reales, pero incompletos. En el consultorio, dice el especialista en psiquiatría infantil y de la adolescencia, el panorama es más complejo: hay un daño orgánico que está detonando o agravando trastornos.
“El virus dejó repercusiones neuropsiquiátricas que vemos hoy en día en la niñez y adolescencia, con ciertos tipos de ansiedad biológica, porque fue como si se alimentara de ciertos grupos de neuronas, lo que generaba inflamación cerebral y traía consecuencias”.
Entre 2020 y 2023, ese impacto se reflejó en una ola de casos atípicos. Niños con movimientos involuntarios sin causa epiléptica —manifestaciones físicas de ansiedad—, adolescentes con depresiones severas de inicio abrupto y un incremento inusual de cuadros psicóticos no asociados a esquizofrenia. En paralelo, los intentos de suicidio aumentaron.
Para 2024, algunos de los cuadros más extremos comenzaron a disminuir, pero dejaron un nuevo patrón: trastornos que aparecen a edades más tempranas, con mayor intensidad y con menor respuesta a tratamientos convencionales.
“Antes veíamos ciertas patologías en determinados rangos de edad y con cierta evolución. Ahora no. Ahora debutan antes, se agravan más rápido y son más difíciles de tratar”, advierte Ademar Silva.
Cambio hacia conductas adictivas
Pero el problema no se detiene ahí. A este escenario se suma un fenómeno que el especialista describe como un cambio en la naturaleza misma de los trastornos: la lógica adictiva.
“Estamos viendo que muchas conductas tienen un componente muy fuerte de adicción. Empiezan con el celular o los videojuegos, pero luego migran: alimentación, autolesiones, consumo de sustancias. Es el mismo patrón que va cambiando con el tiempo”, explica.
Bajo esa lógica, las autolesiones dejan de ser un episodio aislado y se convierten en un eslabón dentro de una cadena adictiva que puede escalar hasta el comportamiento suicida. “Si no se trata la base, el comportamiento se transforma, pero no desaparece”, alerta.
“Las autolesiones entran dentro de las adicciones y de ahí al comportamiento suicida solo hay un paso. Es importante abordar la patología no como una depresión, sino como una adicción que va tomando diferentes manifestaciones conforme el niño va creciendo”.
Riesgo de conducta suicida
La consecuencia más grave, insiste, es clara: “el comportamiento suicida es la secuela más preocupante”. Subraya que la adicción genera tal dependencia que hay menores que se han suicidado porque les quitan el teléfono, pues es como quitarle la bebida a un alcohólico o el cigarro a un dependiente de nicotina: entra en crisis.
“El comportamiento adictivo se va modificando a lo largo del tiempo y se tiene que tratar globalmente, porque es algo que nunca va a parar y peligrosamente llega a un punto en que va a entrar el comportamiento suicida y la persona va a estar constantemente con intentos”. Hace ver una realidad que no se dimensiona: el cerebro adictivo va a persistir a lo largo de la vida.
Falta de hospitales para menores
Sin embargo, frente a este escenario complejo —donde confluyen factores biológicos, psicológicos y sociales—, el sistema de salud muestra una limitación crítica: no tiene capacidad para contener a los pacientes más graves en la niñez y adolescencia.
En Tamaulipas no existen hospitales psiquiátricos para internar a menores. A nivel nacional, la infraestructura es escasa, concentrada en pocas ciudades y, en muchos casos, saturada.
“Los únicos lugares donde se hospitalizan niños y adolescentes por trastornos psiquiátricos graves es en la Ciudad de México, en Guadalajara, Monterrey y, me parece, que en San Luis Potosí”, menciona el especialista.
Existe una necesidad muy grande de infraestructura y eso coloca a médicos y familias en una zona de riesgo permanente. “Muchos pacientes deberían estar hospitalizados, pero no hay dónde. Entonces tenemos que verlos cada dos o tres días para revaloración, saturar la consulta y dejar en los padres una vigilancia constante”, comenta Silva Echeveste.
Atención en casa y saturación del sistema
No es un problema cualquiera. Un menor con ideación suicida, un cuadro psicótico o una crisis severa debería estar bajo supervisión continua. En la práctica, eso no ocurre. La contención se traslada al hogar, donde los recursos son limitados y el desgaste es constante.
Para quienes tienen posibilidades económicas, la alternativa es buscar atención en otras ciudades donde sí existen hospitales especializados. Para la mayoría, simplemente no existe opción.
“De cada 10 pacientes que se canalizan al Hospital Psiquiátrico Infantil en la Ciudad de México, solo uno va; sin embargo, mandarlo fuera no garantiza que lo reciban. Hay saturación. Y además está el costo, el traslado, quién lo acompaña, en qué condiciones. Es inviable para muchas familias”, señala el paidopsiquiatra.
Impacto en tratamiento y pronóstico
Esta falta de infraestructura en los lugares de origen tiene efectos directos en la atención. Obliga a decisiones clínicas condicionadas por el contexto: mayor uso de medicamentos para contener crisis inmediatas, menor posibilidad de intervención terapéutica intensiva y seguimiento fragmentado.
También impacta en el pronóstico. Un trastorno no atendido a tiempo no se mantiene estático: evoluciona, se complica y acumula nuevas manifestaciones.
“No es algo que se vaya a quitar solo. La psicopatología, si no se trata, se agrava”, expone el experto.
Demanda en aumento
En paralelo, la demanda de consulta médica creció de forma acelerada. Tras la pandemia, aumentó entre 100 y 150 por ciento, tanto en el sector público como en el privado, y se mantiene. El sistema, sin embargo, no creció al mismo ritmo.
En ese vacío, otros actores han empezado a jugar un papel clave. Las escuelas, por ejemplo, se han convertido en uno de los principales puntos de detección. Maestros identifican cambios de conducta y canalizan casos, aunque muchas señales aparecen desde edades más tempranas: retrasos en el lenguaje, dificultades de interacción, alteraciones del sueño.
Aun así, la detección no resuelve el problema de fondo si no hay capacidad de atención.
Violencia escolar y señales visibles
Mientras tanto, los indicadores más visibles siguen escalando: mayor violencia escolar, acoso más agresivo y consecuencias cada vez más graves, incluyendo suicidios en menores.
“Lo que vemos en las escuelas es el reflejo de lo que está pasando con los niños”, resume el profesional de la salud mental.
Crisis estructural invisibilizada
Pese a la magnitud del problema, el punto que sigue fuera de foco es la falta de infraestructura para atender crisis de salud mental infantil.
La salud mental empezó a ocupar espacio en la agenda pública tras la pandemia, pero la mirada se ha quedado en el diagnóstico —ansiedad, depresión, estrés— y no en la capacidad real del sistema para responder.
El resultado es una brecha evidente: hay más niños y adolescentes con trastornos más complejos, pero no hay espacios suficientes para tratarlos cuando la situación rebasa el ámbito ambulatorio.
En esa distancia entre lo que se necesita y lo que existe es donde hoy se acumula el riesgo.
Porque mientras las secuelas biológicas del covid siguen manifestándose en la infancia y adolescencia, el sistema de salud opera sin las herramientas básicas para contener los casos más graves.
Y en esa falta de contención, la crisis deja de ser silenciosa. Se vuelve progresiva.
Falta de acceso a la salud mental es un problema estructural: psicólogo
El psicólogo Ricardo Flores considera que es inequitativo que el Hospital Psiquiátrico de Tampico brinde consulta externa a menores y adultos no solo de todo Tamaulipas, sino también de Veracruz, y que además no cuente con la posibilidad de internamiento para niños y adolescentes.
Señala que cuando los servicios especializados están concentrados en pocas ciudades, el acceso deja de depender de la necesidad médica y pasa a depender de factores como el lugar de residencia o la capacidad económica de las familias. “Esta desigualdad territorial genera una brecha importante entre quienes viven en grandes centros urbanos y quienes habitan en otras regiones”.
Costos y desigualdad en el acceso
En muchos casos, comenta, las familias se ven obligadas a recorrer largas distancias para encontrar atención psiquiátrica especializada, lo cual implica costos económicos, desgaste emocional y desajustes en la vida cotidiana.
Flores afirma que el simple hecho de tener que viajar para acceder a un derecho básico como la salud evidencia una distribución inequitativa de los recursos. Además, esta situación no solo afecta la continuidad del tratamiento, sino también su calidad.
“Los procesos terapéuticos en salud mental requieren seguimiento constante, ajustes y acompañamiento multidisciplinario, por lo que el acceso intermitente aumenta considerablemente el riesgo de abandono del tratamiento y puede afectar la evolución del paciente”.
Carga en las familias
Por otro lado, añade: “la carga recae desproporcionadamente en las familias, que deben asumir responsabilidades que deberían ser cubiertas por el sistema de salud. Esto incluye gastos de transporte, hospedaje y, en muchos casos, la pérdida de ingresos laborales. La experiencia de buscar atención se convierte en un proceso agotador que amplifica la vulnerabilidad de quienes ya enfrentan una situación compleja”.
Urgencia de fortalecer infraestructura
En este sentido, el especialista subraya la urgencia de fortalecer la infraestructura de salud mental en todo el territorio. “No se trata solo de aumentar el número de hospitales, sino de garantizar servicios especializados accesibles, bien distribuidos y con personal capacitado. Abordar esta problemática desde una perspectiva estructural permitiría avanzar hacia un sistema más equitativo, donde el acceso a la atención no dependa del lugar donde se nace o se vive”.
Consecuencias a largo plazo
Asimismo, el psicólogo insiste en que los problemas de acceso no solo retrasan la atención, sino que muchas veces agravan los cuadros clínicos. En salud mental, la intervención temprana es clave, especialmente en niños y adolescentes, ya que los trastornos pueden evolucionar rápidamente si no se atienden a tiempo.
“La falta de atención oportuna no solo impacta los síntomas inmediatos, sino también el desempeño escolar, las relaciones interpersonales y la construcción de la identidad, generando una cadena de consecuencias que puede extenderse a lo largo de la vida. A esto se suma el estigma asociado a la salud mental, que se refuerza en contextos donde los servicios son escasos o inaccesibles”.
Atención limitada y estigma
Dice que cuando no hay presencia institucional suficiente, la atención psicológica y psiquiátrica puede percibirse como algo lejano o innecesario, lo que desincentiva la búsqueda de ayuda y perpetúa la invisibilización de los trastornos mentales en muchas comunidades.
El psicólogo también señala que no todo debe depender de hospitales especializados. La formación de profesionales de primer contacto, como médicos generales, docentes o trabajadores sociales, puede ayudar a detectar casos tempranos y ofrecer intervenciones básicas. Esto permitiría descentralizar parcialmente la atención y reducir la carga sobre los pocos centros especializados existentes.
Familias bajo presión
En cuanto al impacto en las familias, reconoce que no pueden quedar solas frente a la carga emocional que implica cuidar a un hijo con un problema psiquiátrico sin apoyo cercano. La incertidumbre, el miedo por la evolución del padecimiento y la falta de alternativas accesibles generan altos niveles de estrés, llevando a muchas familias a vivir en un estado constante de alerta, con desgaste emocional, ansiedad e incluso conflictos internos.
JETL",GOOGLE_NEWS_RSS
Mayo contra la rabia: ofrecen cuatro jornadas de vacunación a mascotas en Tampico - El Sol de México,2026-04-25 07:00,2026-04-25T07:00:00+00:00,El Sol de México,,https://oem.com.mx/elsoldetampico/local/mayo-contra-la-rabia-ofrecen-cuatro-jornadas-de-vacunacion-a-mascotas-en-tampico-29671409,https://news.google.com/rss/articles/CBMiyAFBVV95cUxNcFd0OHk3dW4ybEVnSnZjRWNfazAtamVjTl94cXpqa0tudU9aRldqQnJVZWdfMVNBaDJBWUo1dWVkbmRpQ01ZREwtMlFiODBXYmZtek5tUkFTdzVqYk1LUUFobXB1VENzaVI4dUJtbVpoemZTWk42a21rZG1kVktlM3gxWjJBaWhXTmVzWF9PSUtILVVESlpYSTFWUUdXSzhhN01STGhac2UzUGFFOVVneFRLQW52TV9pT3FXX25UazZFendfdHVpZA?oc=5,,"Localsábado, 25 de abril de 2026
Mayo contra la rabia: ofrecen cuatro jornadas de vacunación a mascotas en Tampico
Las jornadas se realizarán cada miércoles en distintos puntos con atención gratuita y aplicación de garrapaticida
Adolfo Ruiz Nuñez
Las jornadas se realizarán cada miércoles en distintos puntos con atención gratuita y aplicación de garrapaticida
Adolfo Ruiz Nuñez",GOOGLE_NEWS_RSS
"'La casa de los espíritus', la novela de Isabel Allende en Prime Video - Milenio",2026-04-25 07:00,2026-04-25T07:00:00+00:00,Milenio,,https://www.milenio.com/espectaculos/television/la-casa-de-los-espiritus-el-legado-de-isabel-allende-en-prime-video,https://news.google.com/rss/articles/CBMitgFBVV95cUxQbXJvc2lwdHhLVTdlZ2xYTWtyajAxMTkzTll2c3NSTDA3dHFKMzZBUlZ3RkNYV1p5dHlGZy16MlBjZHJFWUM4VkVJTUktQ3VRb0Y0VXRYeHRyd2RROEU5NEdZejZ1bERzZU84N3pCY0ZqMFNpWUpHZkxyQjdnaUhMYWdJS0N0bHd1cE1EOVQ3UHFvTHg5b3lFOEFObFZ0ZmJZczZfMGtfSzZ2bXFOM2kyQjl6cTJXZ9IBtgFBVV95cUxNWXFwYVVaYmplYzhpQ2xzSEs2ODdqNzh5YlJFamZSVDRReG0wUlBBX1ZhaWU3aFRQUVBGdTlVNjZoTm5ZVlQwa0Q2aHZiaUZVaEZ0QllnMWtHS3ZxQlBjWkJBd3hKUTVib3hjQm11dHV4UDliQjM2dnZtOVpPRzk1TlpJNlNKNUZ5d0x4dzRheGxxVlItdnJrNG0yMlZISnVNU1hjWTNfeFBGYllXMU0zSTZzUW5Vdw?oc=5,,"M+.- Hace poco más de cuatro décadas, La casa de los espíritus convirtió la intimidad de una familia en el pulso de un país en crisis; a la distancia, la historia de Isabel Allende vuelve en formato de serie para mirar de frente las heridas que dejó la dictadura chilena. Con la sutileza del realismo mágico, esta adaptación no sólo revisita un clásico, lo reactiva frente a una audiencia global.
Esa esencia en la que lo espiritual se entrelaza con lo social es la que hoy encuentra una nueva vida en su adaptación, una serie desarrollada por Amazon Studios, que además cuenta con el visto bueno de la propia autora, quien ha calificado a la producción protagonizada por Nicole Wallace, Dolores Fonzi y Alfonso Herrera como la versión “más fiel” de su libro.
“La propia Isabel Allende vio la serie completa y dijo que es la adaptación más fiel de su libro. Con eso yo me quedo: lo hicimos bien”, dijo en entrevista con MILENIO Javiera Balmaceda, Head of Latam, CA & AU Originals en Amazon Studios. Y no era un reto menor, llevar a la pantalla una obra considerada uno de los pilares de la literatura latinoamericana fue complejo.
Así, la historia de la familia Trueba del Valle, atravesada por el amor, la violencia, la memoria y la resistencia, se despliega en pantalla con la misma vocación de la novela: hablar de América Latina desde sus contradicciones más profundas. Porque si algo dejó claro la novela publicada en 1982, es que las historias familiares también son archivos políticos.
“Siempre volvemos a la novela y ahí están las respuestas —aseguró Francisca Alegría, showrunner del proyecto—. Tiene un lenguaje muy femenino, no solo para mujeres, sino en su esencia. Un liderazgo femenino puede tener intuición y también lucha social; no están separados. Tratamos de mantener eso enlazado, porque es la esencia de la novela”.
Y agregó: “Ahí aparecen estos personajes femeninos muy poderosos, pero desde un lugar que nutre, que busca cambio desde la colaboración, en contraste con Esteban Trueba, que representa un liderazgo violento, impositivo, posesivo. Fue subirle el volumen a algo que ya está en la historia, mujeres que llevan en sí mismas esa mezcla entre lo intuitivo y lo social”.
El equilibrio entre lo místico y lo político es precisamente el corazón del relato. En la serie, como en el libro, los espíritus conviven con la represión, y las visiones de Clara dialogan con los abusos de poder que encarna Esteban Trueba. Interpretar a Clara en su etapa joven fue, para Nicole Wallace, una experiencia profundamente personal; “fue como un sueño”, confesó.
“Clara me llegó en un momento muy importante en mi vida y me dio el espacio para conocerme más a mí misma. También fue muy especial, como activista y feminista, poder hacer este tipo de personajes que no solo son ficción, sino que están basados en mujeres reales y en un momento histórico como el que retrata la obra de Isabel”, agregó Wallace.
Por ello, “ir a un país como Chile, conocer su cultura y su historia desde una perspectiva española, donde a veces hay distancia e incluso cierta ignorancia, me permitió generar empatía. Y trabajar con actores latinoamericanos es algo que nunca pensé que iba a lograr; ha sido un privilegio enorme, lo mismo compartir la esencia de la novela”, explicó Nicole.
Su personaje, capaz de moverse entre lo terrenal y lo invisible, es también una metáfora de resistencia. Una resistencia que, como señala la propia narrativa, no siempre es ruidosa. A veces es intuitiva, casi imperceptible. En esa misma línea, Dolores Fonzi (Clara adulta) destaca la fuerza del linaje femenino: “es una red de mujeres que se sostiene a sí misma”.
“El rol de Clara es muy importante porque es canal de una energía, se permite ser intuitiva, perceptiva, adelantarse a los hechos, muchas veces salvando situaciones que puede prever, y a veces no, y se le va de las manos, porque también es humana. Es como una superhumana”, explicó Dolores sobre las características místicas y espirituales de su rol.
Represión, libertad y mística
Reconocida por su compromiso con el feminismo y la visibilización de la violencia de género, resulta importante para Fonzi ver cómo la historia de Isabel Allende muestra este linaje femenino: “la novela habla de abrir la intuición y el corazón, y de cómo eso puede resistir a un sistema que está representado por nuestro compañero (Alfonso Herrera: Esteban Trueba)”.
“Y también está esta libertad que no es terrenal, más bien es entregarse a esas energías, a la intuición. Trabajamos mucho eso de la mano de Francisca y Fernanda, que están muy conectadas con estos temas. De hecho, hicimos ceremonias de sonido entre todas las actrices, fue muy lindo formar esta red de mujeres durante el rodaje”, agregó la actriz.
En La casa de los espíritus, las mujeres no solo sobreviven, se acompañan, se heredan saberes, se convierten en refugio frente a un sistema que intenta silenciarlas. Clara, Blanca y Alba en línea de descendencia directa, pero también Nívea, Rosa, Amanda y Férula, este último personaje, interpretado por Fernanda Castillo, encarna otra forma de ruptura.
“Es un personaje con una naturaleza muy pasional, que contrasta con la represión que vive, Férula nos dice que el amor tendría que ser la respuesta, de lo único que no se arrepiente es de haber amado a Clara”, afirmó la actriz. En una época donde el deseo debía ocultarse, Férula representa una valentía íntima, la de sentir, incluso cuando todo alrededor lo prohíbe.
“Es un personaje que espejea lo que se esperaba de una mujer en esa época, alguien que pensaba que, a través del sacrificio, iba a conseguir amor, y que nunca era vista, hasta que encuentra a Clara. La mirada de Clara no solo le da un motivo de vida, sino que la ayuda a descubrirse a sí misma. Es un personaje con una naturaleza muy pasional”, agregó Fernanda.
De acuerdo con la actriz, su personaje “va más allá de si Isabel quería o no hablar de una relación homosexual; Férula se enamora del vínculo con otra mujer, más allá del género. Es un personaje que nos dice que el amor tendría que ser la respuesta. Le inculcaron que ese amor no era posible, pero ella nunca se arrepiente de ese sentimiento que le salva la vida”.
Pero si el universo femenino construye redes, el mundo masculino, interpretado por Esteban Trueba, expone las fracturas estructurales de la región; las heridas de la dictadura chilena se permean por su ser.
Lo político y lo íntimo
Alfonso Herrera lo dijo: “Esteban representa las heridas de América Latina, el desequilibrio, la corrupción de un país y la invisibilización de muchas personas. También representa la polarización social que vive América Latina”.
Su mayor reto fue humanizarlo, “había que entender sus contradicciones, es un hombre que sufrió un dolor profundo en su núcleo familiar, fue invisibilizado por sus propios padres y por eso deposita su valor en cosas artificiales, como la aceptación social o política”.
Esa lectura conecta con el trasfondo histórico que atraviesa la historia: la dictadura chilena, que en la novela aparece como un eco devastador, nunca como protagonista absoluto. Y ahí radica su potencia: “lo más lindo es que no es un libro sobre la dictadura chilena, aunque la incluye”, explicó Balmaceda, “es una historia sobre una familia y sus generaciones”.
La decisión narrativa de hablar de lo político desde lo íntimo es la que permite que la historia trascienda épocas y geografías. Porque América Latina no es solo tragedia, también es memoria, amor y posibilidad de sanación. Visualmente, la serie apuesta por esa misma ambición: “soñar es gratis, al menos por ahora”, comentó el showrunner Andrés Wood.
El mundo sensorial
El equipo apostó por construir un universo profundo y sensorial. El resultado fue una adaptación que no solo recrea una época, sino que intenta capturar algo más complejo: la atmósfera emocional de una historia donde los muertos conviven con los vivos, donde el amor persiste y donde la memoria, como los espíritus, siempre encuentra la forma de volver.
“La serie corre por muchos carriles, la visualidad es muy importante, liderada por Rodrigo Basaez (diseñador de producción) con un equipo enorme, trabajando incluso en tres sets simultáneos, con jefes de área que podrían encabezar cualquier película”, explicó Andrés Wood sobre la dimensión que tomó la serie para ofrecer lo mejor en producción.
“También se sumó Manuel Claro (director de fotografía), que tiene una relación muy personal con la novela, un chileno exiliado en Dinamarca, con vínculos emocionales con la historia. Eso aportó una mirada muy especial. Sí hubo limitaciones, pero también algo muy latino en cómo resolvemos; la creatividad e ingenio siempre están de por medio”, agregó.
La historia de los Trueba
A más de cuatro décadas de su publicación, La casa de los espíritus sigue hablándole al presente. Y en esta nueva versión, lo hace con la misma claridad que en sus páginas, recordándonos que las historias familiares nunca son solo historias privadas, son también el reflejo de un país, de un continente que aún busca reconciliarse con sus fantasmas.
“La casa de los espíritus es una historia sobre familia, eso permite mostrar los matices de la historia latinoamericana. En lo personal, como hija de exiliados y como chilena trabajando en Estados Unidos, era importante contar que Latinoamérica no es sólo narco o dictadura, también tenemos historias profundas y sanadoras que ofrecerle al mundo”, dijo Javiera Balmaceda.",GOOGLE_NEWS_RSS
¿Se le acabó lo “libre” a Airbnb en Tamaulipas? Van por “piso parejo” en hospedaje - El Sol de México,2026-04-25 07:00,2026-04-25T07:00:00+00:00,El Sol de México,,https://oem.com.mx/elsoldetampico/turismo/se-le-acabo-lo-libre-a-airbnb-en-tamaulipas-van-por-piso-parejo-en-hospedaje-29652657,https://news.google.com/rss/articles/CBMixgFBVV95cUxPcXBCVDBZNS1CdkFMeHI0dTJUZUpVUkVqTFJoZTItcmY0dnU2RzBOaFBRLUUxODBHX2xlUzJxNEhWRFJSSnRMUmw4SXNhUEFpRjF5T0xfRjhrOWR3VHVUTXctODNhdjhZUzRHakFGQ3Q1OThBcEtJSFc2a1BJS3FvWnJWamE2LTlHTkRiQWpSX1EzRExtZmkzNDJyZ09GRzI2cWJNVER2VkRQY3lqMXNsUmlhYlliRWlwOF84WTYzd3JSY1BaZUE?oc=5,,"Turismosábado, 25 de abril de 2026
¿Se le acabó lo “libre” a Airbnb en Tamaulipas? Van por “piso parejo” en hospedaje
El decreto que regula a plataformas afirman que es el inicio; solicitarán regulación a Coepris, Comapa y CFE
Paulo Monsiváis
El decreto que regula a plataformas afirman que es el inicio; solicitarán regulación a Coepris, Comapa y CFE
Paulo Monsiváis",GOOGLE_NEWS_RSS
Firma de cruceros turísticos apuesta por retomar los viajes a Tampico - Milenio,2026-04-25 07:00,2026-04-25T07:00:00+00:00,Milenio,,https://www.milenio.com/negocios/firma-especialista-cruceros-turisticos-visitara-puerto-tampico,https://news.google.com/rss/articles/CBMimwFBVV95cUxNSGhfMW5PZVBQSEVGVGZiblBpWldXajl3RUV5NzVHRl94NHRwblduN1VpdEZfTmRUTE1iU1drbkRPM1g2MW4zU0VidWUwVGJrMElrbHUtak1GZGxiajZUT3d0bUxFLXQzRTloMi1jRVQ0ajdIMmQtZ0FyTWRPb0NHVU9NdlRzRjhfUS10M0ZUSU1xamJXNzl4bUZ0WdIBmwFBVV95cUxQRUVrelZ3cXRVazZ0eXBUQWhkN2hFQmZCb3FxWnN0cDUtalVPc0hnX1hKRzVCOGhvUk42TW5qbm16cWQ5aFhuaG80OU9jTEZ6U3ZvRXE2ODRDUFRxYW1RRWJMUGMyQVBjXzFCSjBJbzlWT1RLcnJCRmtzNGc1NUlpUmdDZlhCX1pWNjU0QW5Pa0l3V1NQR2xsZWdMVQ?oc=5,,"Al participar en uno de las convenciones importantes referentes a cruceros turísticos, el puerto de Tampico recibirá en mayo próximo la comitiva de una compañía promotora de esta actividad a nivel global, una acción que pretende traer de vuelta dichas embarcaciones y fomentar el destino, informó la Administración del Sistema Portuario Nacional (Asipona) local.
ITM Group, corporativo mexicano que tiene experiencia en la industria al operar principalmente en Cancún y zonas del Caribe, efectuará la gira por la zona sur de Tamaulipas. Al tener un contacto directo con sus directivos en el Seatrade Cruise Global 2026, se pretende tener un acuerdo formal y trazar las necesidades para recibir estos barcos.
La mencionada empresa se especializa en el desarrollo inmobiliario, hospitalidad y en el impulso de los puertos de cruceros. Ubicado en la Riviera Maya, es hasta el momento el único corporativo en mostrar interés sobre las condiciones de los muelles previstos para el atraque de buques.
El referido destino trata de darle un giro a la actividad portuaria y volver a recibir cruceros pequeños o medianos, luego del último intento que se realizó alrededor del 2010.
La Subsecretaría de Asuntos Internacionales Marítimos y Portuarios, ente creado por la Secretaría de Marina cuya función es la promoción de los puntos marítimos en el Golfo de México y el Océano Pacífico, resaltó la participación de Tampico al exponer su proyecto de reconversión, cuya etapa de remodelación del edificio de la ex aduana avanza para quedar listo a mediados de este año.
La comitiva encabezada por el director Jaime Herrera Romo mostraron dicha estrategia al corporativo Carnival, línea naviera estadounidense cuyas operaciones se extienden desde la península de la Florida hacia México y las Islas caribeñas. FCCA y Global Ports Holding, son otras firmas que tuvieron el acercamiento con las referidas autoridades.",GOOGLE_NEWS_RSS
Semar barre en 7 meses red de 'huachicol' fiscal - Milenio,2026-04-25 07:00,2026-04-25T07:00:00+00:00,Milenio,,https://www.milenio.com/politica/semar-barre-7-meses-red-huachicol-fiscal,https://news.google.com/rss/articles/CBMifkFVX3lxTE45MUY2VUN5eW83Q3gwd3daVmkwMnRuWVpfQTdHdXZ0WnMwMmZnZnlQQWpRNkgzU0JSVWdOTHl1eUdJNzFfbGJlRGNwX29kYjI1QnpEa0lUckl4WVplMVBrc09KSnI0bW1RV2otWWEwMEJsdXdoQ1p5RzFtZ2dEZ9IBfkFVX3lxTE1aM1BtTkhXMktkX2Nrakp0c0ozWndZTVZwNWNfMHREMktLbXppV2FXY2VrWldIRklXdWE1RkxHVDNnZEsxX0RqUGZxaDUzRnJvbnFBWm1ZYkpESDAzMzFqcGdWbXJDUnltanRId0xTSVprVnFfYUItYnFiLWlnUQ?oc=5,,"En siete meses, la Secretaría de Marina desmanteló la red de huachicol fiscal, logrando la captura de 15 involucrados, entre ellos empresarios, además de frenar 35 intentos de ingreso ilegal de combustible y decomisar millones de litros de petróleo, gasolina y diesel .
Con el mensaje “la ley es para todos”, la estrategia combina inteligencia, vigilancia y coordinación con otras instituciones para eliminar la estructura de huachicol fiscal, en la que operaban funcionarios y empresas.
Desde septiembre de 2025, cuando se destapó la operación coordinada de contrabando de combustible, se siguió durante siete meses la pista del contraalmirante Fernando Farías Laguna, identificado como uno de los principales operadores, desde que huyó para evadir la justicia mediante identidades falsas y un movimiento internacional que le permitió llegar hasta Argentina, donde el jueves fue detenido.
Los números son contundentes: de los 16 presuntos culpables de la principal estructura criminal, empresarios en su mayoría, se ha aprehendido a 15 involucrados, faltando por ejecutar la orden de captura del capitán Miguel Ángel Solano.
Además, se han asegurado 250 mil 200 litros de petróleo, 610 mil 522 litros de gasolina y 10 millones 606 mil 348 litros de diesel.
El golpe de timón
El 16 de septiembre de 2025, Raymundo Pedro Morales, entonces secretario de Marina, dio un cambio de timón, pues en su discurso con motivo del desfile del Día de la Independencia reconoció que la institución se miraría a sí misma para erradicar la corrupción.
Subrayó que la Armada actuaba con una sola brújula: la honestidad. También anunció un “golpe de timón” y dijo que nunca fue una opción disimular los actos indebidos, porque “el silencio no nos define”.
Reconoció que fue duro aceptar los errores, pero que habría sido imperdonable callarlos. La Armada, sentenció, se rige por una máxima: “la ley es para todos”.
Meses antes del desfile, en marzo de 2025, la Marina junto con la FGR, la Secretaría de Seguridad y otras instituciones frenaron el buque Challenge Procyon.
La embarcación de bandera singapurense atracó en Tampico y descargó supuestos aditivos para aceites lubricantes que, en realidad, eran hidrocarburos; el proceso se realizó directamente de la nave a pipas mediante mangueras y se autorizó en un Lugar Distinto al Autorizado (LDA), lo que evitó la ruta fiscal.
El pedimento, obtenido por MILENIO, declaró más 20 mil toneladas de “aditivos” y el mecanismo de selección automatizada liberó la carga sin revisión. Al detectarse el fraude, la FGR solicitó y obtuvo una orden de cateo; del 22 al 28 de marzo se inspeccionó el buque y dos predios vinculados, y un dictamen volumétrico preliminar determinó que se aseguraron 10 millones de litros de combustible.
La investigación reveló un “contrabando técnico” que falsificaba documentación en los puertos de Ensenada y Guaymas, vinculado al buque Torm Agnes; la red incluía proveedores internacionales, navieras, transportistas y comercializadores que distribuían el combustible a través de empresas fantasma.
Otro golpe fue en junio de 2025. Operativos en 12 domicilios de Ciudad de México, Estado de México y Querétaro dieron como resultado 32 detenidos vinculados a delitos de robo de hidrocarburos con un impacto económico de 84.4 millones de pesos.
Entre los arrestados estaba el líder Cirio Sergio Rebollo, Don Checo, y otros colaboradores.
En agosto de 2025, acciones en Manzanillo, Colima, dieron como resultado el aseguramiento de cuatro inmuebles, mil 700 litros de diesel, autotanques, contenedores tipo Frac Tank y cartuchos; tres personas fueron vinculadas a proceso y la afectación ascendió a 51.3 millones de pesos.
A estas operaciones se suman detenciones individuales; entre junio y diciembre de 2025 fueron capturados varios líderes y miembros de células dedicadas al robo de hidrocarburos en Oaxaca, Ciudad de México y otras entidades. Estos golpes evidencian una estrategia sistemática basada en inteligencia, vigilancia y coordinación interinstitucional.
En tanto, el 22 de abril de 2026, tras siete meses de investigación y del golpe de timón del almirante secretario, junto con Seguridad y la FGR, se ejecutaron operativos simultáneos en 20 inmuebles del Estado de México e Hidalgo.
El secretario federal de Seguridad, Omar García Harfuch, explicó que la organización robaba gas LP de ductos de Pemex en siete municipios y lo comercializaba en el Estado de México y Ciudad de México; la red tenía una capacidad de extracción de hasta 1,5 millones de litros de hidrocarburo por semana .
En estas acciones se detuvieron a 14 personas, incluidos empresarios y operadores financieros y se aseguraron 20 inmuebles —10 estaciones de servicio que vendían el gas robado—, 150 mil litros de gas LP, 61 cisternas, 20 tanques de almacenamiento, 55 autotanques y 11 tractocamiones, así como armas, droga, vehículos y dinero en efectivo .
García Harfuch indicó que el jefe de la célula, Mauricio N, El Burras, había sustituido a Cirio Sergio Rebollo; entre los detenidos había dueños de gaseras y administradores encargados de dispersar recursos y simular operaciones comerciales .
A esas operaciones se suma el golpe a la estructura de huachicol fiscal con la captura en septiembre de 2025 del vicealmirante Manuel Roberto Farías Laguna (sobrino político de Ojeda Durán) y de otros 13 individuos —incluidos oficiales de la Armada, empresarios, un marino retirado y exfuncionarios de Aduanas— acusados de contrabando de diésel .
La purga
Hasta el momento y tras siete meses de seguimiento y operativos conjuntos, la FGR ha girado 14 órdenes de aprehensión contra personas implicadas en el contrabando de hidrocarburos, en su mayoría empresarios. Entre los señalados se encuentran oficiales de alto rango, como Farías Laguna y Solano.
Las autoridades han detectado ocho empresas presuntamente involucradas en estas acciones: Hevi Transport LLC por facturera e importación; Intanza SA de CV por pedimentos falsos; Mefra Fletes, Autolíneas Roca y Enerpol por transporte terrestre.
Además, de la naviera Altamira SA de CV, Ikon Midstream LLC y Azteca Cone SA de CV, así como una empresa fantasma de distribución terrestre y refacturación.",GOOGLE_NEWS_RSS
Defensa ofrece 50 vacantes con sueldos de hasta 28 mil pesos en Ciudad Madero - El Sol de México,2026-04-25 07:00,2026-04-25T07:00:00+00:00,El Sol de México,,https://oem.com.mx/elsoldetampico/local/defensa-ofrece-50-vacantes-con-sueldos-de-hasta-28-mil-pesos-en-ciudad-madero-29666898,https://news.google.com/rss/articles/CBMixAFBVV95cUxQV2ZCRzNzWmdXY0U1eUltNUktcUZpRkQzNjhGTGZ6a3djc0VGZU44S05qNk84NExrX3hyd2FaYkdlcWRYdk03dUlmWmJVQzM1T3B6eUtDLU9qSHpka0Npek5KcXk2a055c3YzVUVOUC1CRFZCamZWeEZnTFhOS015VlEtNjVJdHFJRzNPSFE2aFJ0MXhlek5oTnB2ZnZ6Vm5JSHExMzFqRTVIeERSanhCOHoya08xX080YlNvNHpZUFNYeS1E?oc=5,,"Localsábado, 25 de abril de 2026
Defensa ofrece 50 vacantes con sueldos de hasta 28 mil pesos en Ciudad Madero
Interesados deberán acudir con documentación completa para postularse a las distintas opciones laborales
Yadira Hernández
Interesados deberán acudir con documentación completa para postularse a las distintas opciones laborales
Yadira Hernández",GOOGLE_NEWS_RSS
El Callejón de las Cariñosas y los “pasos a pie”: los recuerdos de cómo era caminar por los barrios tampiqueños - El Sol de México,2026-04-25 07:00,2026-04-25T07:00:00+00:00,El Sol de México,,https://oem.com.mx/elsoldetampico/local/el-callejon-de-las-carinosas-y-los-pasos-a-pie-los-recuerdos-de-como-era-caminar-por-los-barrios-tampiquenos-29652554,https://news.google.com/rss/articles/CBMi7gFBVV95cUxQV3VuWmxsUDRicVV1cXNwMDJMblJBSVc2dURKcVdRcGNLRG5ENmd0S3RZRWJudHg5TFNuY2FBQmc2R2h6MU9KOUhTMXNpSmk4VEpKRzB0SHFZMXpPenFSWmluRGlCdTlnMkF6SEdjZlJrY1BOd3B4Z09DWXM2VnQ5YTFsZi1kcGZnRkhFSWtzVXE3d0FPOTBvVXNCa25NTFlSMjY3d1hGb245QzJ5X0Ywa3BiVDE1YXJRNHZPazc3MWg5THlzc0YzSVRPRWd1Sy1RMS1VQ0pEOWlhREE1dm40eUFZMl9reUUzZDkzbU9R?oc=5,,"El Callejón de las Cariñosas y los “pasos a pie”: los recuerdos de cómo era caminar por los barrios tampiqueños
Mucho antes de las avenidas y el ruido, los callejones tejieron la vida social de Tampico. Hoy, entre bardas y modernidad, algunos guardan su historia
Paulo Monsiváis
“Ahora todo es prisa”: cuando la gente era parte de una pequeña comunidad
El Callejón de las Cariñosas y otros nombres curiosos de estos ‘rinconcitos’
Los “pasos a pie” que salvaban del ganado: más que simples atajos
Lo que se pierde no se ve en mapas: la memoria colectiva de Tampico
Entre bardas y modernidad, algunos resisten como un tesoro de historias de Tampico",GOOGLE_NEWS_RSS
¿Duelo de identidad? Jaiba Brava se mide contra su “ex” en la Liga de Expansión - El Sol de México,2026-04-25 07:00,2026-04-25T07:00:00+00:00,El Sol de México,,https://oem.com.mx/elsoldetampico/deportes/duelo-de-identidad-jaiba-brava-se-mide-contra-su-ex-en-la-liga-de-expansion-29669566,https://news.google.com/rss/articles/CBMixgFBVV95cUxOWi1rRXhESmhwaWc2WHh4b2RfaFg4dVFYd1NWQmhpWHFDbjBLZjZsVDdrbXVSUjhsRTB2b0Fkc1UyS0RjZExvSWo1VGdfLUh3aGliOVd5ZUE4aHFZeG1ycjVNMGk3MEFSZkFaVk16bHpuWEp2b1dfYjJwZUg0ODZ6NFJIQlJWeEhEQXQ4TTZzZHNiN2xVd24zbS1tNUpCN2ViNVhVdThQc1d2Q3hMTFZXaW4zTXdtYXJKNjY4LU84TkpiakJfMUE?oc=5,,"Deportessábado, 25 de abril de 2026
¿Duelo de identidad? Jaiba Brava se mide contra su “ex” en la Liga de Expansión
Antes de ser Atlético La Paz, el rival de los celestes jugaba en el Estadio Tamaulipas bajo el nombre de TM Futbol Club
Héctor Rivera
Antes de ser Atlético La Paz, el rival de los celestes jugaba en el Estadio Tamaulipas bajo el nombre de TM Futbol Club
Héctor Rivera",GOOGLE_NEWS_RSS
Esas calles cervantinas - Milenio,2026-04-25 07:00,2026-04-25T07:00:00+00:00,Milenio,,https://www.milenio.com/opinion/laura-olivia-hernandez/taller-sie7e/esas-calles-cervantinas,https://news.google.com/rss/articles/CBMilgFBVV95cUxPZnBYQTlUS1plNmhmd1RrdkdKd18wWEo1VktCZGpiRXFFeENnbFNyUlVRTzl0NHp1Y2U5ZGVmTEMtT0lTcGFHbjhoUnhpRm9hQUNqTlNGSVZ0QmgwQ3RBZ1k4QUpra1FfWjYxMzY1X0cxZHc5Ql94eWpVOGlZbU9ZYk5SUjdEMVU5NjNQbUFEazNqYlBMQnfSAZYBQVVfeXFMUDhwU0Y2aFJLdlRhWklWb2FjYzF5SmJHekJKVkxlSXAtRG9BVE94cFozQUF2S0xQU0I3TEVnd2hDTE9waThLdUVranc4Nmx3WHRCYWZna25zakxZV0JGeFdNLWdjby13bXpyYVBDVzlfc0ZSeFBDeUhwczdLTTVrSEEwWWJsYTd1RjRhTEZtRmNFWWpHbUpB?oc=5,,"¿Es la ciudad un paisaje perfecto o una fauna incorrecta? Dice Almodóvar que siempre ha encontrado en Madrid esas dos posibilidades. Sus películas están ligadas a la ciudad y a su vida como las dos caras de una moneda.
El edificio de la telefonía, la Gran vía, o los teatros antiguos como el Lara, son escenarios de su pasión. Uno puede bajar por la calle de San Jerónimo en pleno barrio de las letras, y encontrar a la Pepi, a Raimunda o algún Quijote moderno, y sentir un mundo frenético, transgresor, divertido.
Este año se otorga el galardón Cervantes a Gonzalo Celorio. Séptimo escritor mexicano en recibirlo. En una entrevista publicada en el Diario El País, dice que “la lengua española no es una lengua de la conquista sino de la independencia” Con esta frase se ve la influencia del pensamiento de Carlos Fuentes, quien en su discurso: “Mi Patria es el idioma español” que leyó al recibir la misma presea afirmó: “La lengua de la conquista fue también la de la contraconquista, y sin la lengua de la colonia no existiría la lengua de la independencia.”
En el paraninfo, de la universidad de Alcalá, Gonzalo Celorio, hizo un recorrido por la literatura hispanoamericana, los géneros, abrió su inteligencia y corazón para hablar de su poética narrativa. Profesor, académico, editor, sabía desde pequeño que en la palabra se cifraba su destino.
Elena Poniatowska, nuestra princesa roja, en su discurso en 2014, habló del lenguaje que aprendió cuando llegó a México, de las mujeres, de sus amigos, de sus influencias, fue un transitar de la palabra París a Parangaricutirimicuaro y todo lo que envuelve.
Ataviada con un vestido rojo, de tehuana, agradecía la distinción y expresaba valiente, su posición de escritora: “El poder financiero manda no sólo en México sino en el mundo. Los que lo resisten, montados en Rocinante y seguidos por Sancho Panza son cada vez menos. Me enorgullece caminar al lado de los ilusos, los destartalados, los candorosos.”
En las calles de cualquier país, hay un protagonista, que luego se transforma en lenguaje, imagen, memoria. Somos a veces fauna, escenario, estallidos caminantes que alguien observa y anota. En el arte nada pasa desapercibido.
¡Felicidades a doña Irma! por sus 95 primaveras!
Carpe Diem.",GOOGLE_NEWS_RSS
¿Magna o Premium? Cuándo sí puedes cambiar… y cuándo arriesgas el motor - Milenio,2026-04-25 07:00,2026-04-25T07:00:00+00:00,Milenio,,https://www.milenio.com/negocios/cuando-cambiar-de-magna-a-premium-impacto-en-el-motor-y-rendimiento,https://news.google.com/rss/articles/CBMiogFBVV95cUxObGlEWlRuQUgyQW5sbmViSUlfQ1M1d2ZmSlhhbTJXRXlMVTM5bUVvQ09vdmV5ZW1xdFFJYUtGZ0RHWVRYXzR3T1FMU0ZFRFB4REN4cGZ0bzdoZWFlcklya2FtTWt0alVfUEZsS1RXa01VXzB5R2NBTlZOV2lxaS10NkJjWkFKdzVOS2VQRmJpdGZxVEV6SDB1NnZfMkhTeDV6U0HSAaIBQVVfeXFMTjZDT1VvVDh0S09FLUIwVm85QWJhbXUwUHp5VlFqdWJ6QTAwZFZkUGtBdVhjWUV1c3k1MXpnQlpGOFl1Y09kbkk5Q2NVWnhaRkhqbFVpb3dwOTZEem5oYW95b0pkdGoyZHc5OEUtandfdXRKTWdjR2JQUkpEbWU3cHNHa3JpTmc5c1hsam9wQXFDbE1QOUNVN3dWQ0g3aXlfN1JB?oc=5,,"En medio de la volatilidad en los precios de los combustibles, cambiar gasolina Premium por Magna puede parecer una forma inmediata de ahorro de dinero; sin embargo, especialistas advierten que no es una decisión solo económica: depende del tipo de motor y usar un octanaje menor al recomendado puede afectar desde el desempeño hasta la vida útil del vehículo.
El CEO y Co-fundador de Ciefsa (Centro de Instrumentación y Especialidades), Andrés Gutiérrez Torres, explicó que la diferencia clave entre la gasolina Magna (87 octanos) y la Premium (91 o más) es su capacidad antidetonante, es decir, su resistencia a la compresión dentro del motor.
El dato..¿Sabías que este factor es importante en vehículos?
Este factor es particularmente relevante en los vehículos modernos, donde la tendencia al downsizing —motores más pequeños pero más eficientes— y el uso de turbocompresores exige combustibles con mayor resistencia para evitar fallas en la combustión.
“No es un tema de si el auto es de lujo o no. Hoy muchos motores, incluso de menor cilindrada, requieren gasolina de mayor octanaje por su diseño”, señaló el especialista, quien advirtió que uno de los principales riesgos de usar un combustible inadecuado es la detonación anticipada, conocida como “cascabeleo” o knock.
Este fenómeno ocurre cuando la mezcla de aire y combustible se enciende antes de tiempo dentro del cilindro, generando explosiones descontroladas que golpean el pistón en sentido contrario.
Aunque en algunos casos el efecto puede parecer menor al inicio, su repetición reduce la eficiencia del motor, provoca pérdida de potencia y puede derivar en sobrecalentamiento o daños severos en componentes como válvulas, pistones y bielas.
A ello se suma un impacto ambiental
Una combustión incompleta, asociada al uso de bajo octanaje en motores que requieren más, incrementa la emisión de contaminantes como monóxido de carbono e hidrocarburos no quemados, elementos que contribuyen a la mala calidad del aire y a la formación de ozono en zonas urbanas.
El especialista también alertó que la gasolina Magna puede ser más susceptible a prácticas irregulares en la cadena de suministro, como mezclas que reducen su octanaje real, lo que agrava los riesgos para el motor.
Gutiérrez Torres aclaró que, si bien usar gasolina Premium en un motor diseñado para Magna no genera beneficios adicionales en potencia o rendimiento, el caso inverso sí implica riesgos.
Por ello, la recomendación es clara: la elección del combustible debe basarse estrictamente en las especificaciones del fabricante y no únicamente en el precio por litro.
GS",GOOGLE_NEWS_RSS
Infonavit ya no ocupará predio de Tampico para casas del Bienestar - Milenio,2026-04-25 07:00,2026-04-25T07:00:00+00:00,Milenio,,https://www.milenio.com/comunidad/infonavit-ocupara-predio-tampico-casas-bienestar,https://news.google.com/rss/articles/CBMiigFBVV95cUxQX2V2c2VZbGFUTV9TODd1cWRqcERfT1RqanFXN1NUc3gza1F2ZE1nRVpTckxLal96TGhvOUtyZEk5ZkN0WmZWUG5nMmJhVHhKU2paejJUc1Q4STZxUUszRGtEY0U3QzBVeWRmQm9KcnQwbDBiTjBhZjhXeFVBUy1BT1NFMmVucnB0ZUE?oc=5,,"Las viviendas de Infonavit del programa federal en Tamaulipas ya se agotaron, ya se distribuyeron en municipios con mayores extensiones territoriales.
En el caso de Tampico, que carece de terrenos amplios, ya no será ocupada la propiedad donada por el municipio. “Al llegar a construir a Tamaulipas, se agotó ya el recurso porque la respuesta por parte de municipios hermanos, las áreas que dieron fueron superiores a lo que ellos tenían pensado”, aseguró el secretario general del Ayuntamiento de Tampico, Carlos García Porres.
Asimismo, el funcionario porteño destacó que “cuando ya se aprueba aquí la donación en Cabildo, ya Infonavit nos dice ya cumplimos con nuestra meta, ya no es necesario construir aquí en Tampico”.
Se tenía contemplado que en dicho predio, el cual está frente al nuevo Hospital del Issste de Tampico, fuera una construcción vertical para departamentos que iba a beneficiar a los trabajadores que no alcance con sus puntos a adquirir una vivienda. Ahora lo que sigue es que dicho predio sea devuelto al municipio por parte del Infonavit, ya que no se va a ocupar para la construcción de vivienda, lo cual tendrá que ser a través de una Sesión de Cabildo.
“El territorio que tiene la frontera, que es Laredo, como tiene Matamoros, fueron los que dieron espacios muy grandes”, expuso el funcionario, pero es un tema que está relacionado al gobierno federal. Al final de cuentas el municipio de Tampico tendrá que hacer una sesión de Cabildo para echar atrás dicha aprobación.
“Lo que tenemos que hacer nosotros como municipio es revertir la donación y en caso de que en algún punto se llegara a hacer, se pueda revertir”, expuso el funcionario tampiqueño.
El gobierno de Tampico donó un predio en la zona norte de la ciudad para que se construyan viviendas de Infonavit, así que se estima que haya 250 departamentos y con ello aumente la oferta de vivienda cerca del hospital del Issste.
“Habrá arriba de unos 200 o 250 departamentos, será un condominio vertical, es una superficie pequeña para lo que Infonavit trae dentro de su programa ambicioso de construcción de vivienda digna para el país”, es lo que se esperaba.",GOOGLE_NEWS_RSS
"Playa Miramar, referente nivel nacional: Sheinbaum destaca la ocupación del 100% y sus certificaciones - El Sol de México",2026-04-25 05:38,2026-04-25T05:38:56+00:00,El Sol de México,,https://oem.com.mx/elsoldetampico/turismo/playa-miramar-referente-nivel-nacional-sheinbaum-destaca-la-ocupacion-del-100-y-sus-certificaciones-29661452,https://news.google.com/rss/articles/CBMi5AFBVV95cUxPdHhVakRwU3ZrQW44N0FISDhJb3NFUnd6czdqSG9tVXNvNzJSblFHS2tLcHVpNGQ5dFkxQjhQWmNhazJIbWpYN08yaC05Q1BXNHFGVlMyN09YMlNmNmRReUhVLTFrQWF0SnZucENxeDhyMnY4cFYxTUJoaVM3ZFd6MXVTRHhyQlM1UXNVZFdqZVJPSzlNTkZkbWUtZmU5blpZU1ZKLXpGcFNnVGRHUDBxSmFoYTY3eU52Y2pzcnI2QWVCcE5Bd0RDZkV0ckdHNzlZenVIN21UeUlGZWVvLUxJblJaX2E?oc=5,,"Turismosábado, 25 de abril de 2026
Playa Miramar, referente nivel nacional: Sheinbaum destaca la ocupación del 100% y sus certificaciones
Erasmo González Robledo afirma que están muy orgullosos por el trabajo que ha permitido realizar en equipo con los tres órdenes de gobierno
Antonio Campos",GOOGLE_NEWS_RSS
Jaiba Brava sueña con la Liga Mx: ya es equipo certificado ante FMF - Milenio,2026-04-25 02:41,2026-04-25T02:41:00+00:00,Milenio,,https://www.milenio.com/deportes/futbol/jaiba-brava-tampico-madero-busca-ascenso-liga-mx,https://news.google.com/rss/articles/CBMikgFBVV95cUxQQVZTQ2ZERkNZaGU1aU5aOVJQcTJLaU5VcmpoRkpMT1pmaDIzYXRHQi1GTTc4RE44N2UyY3RBcmo4UHJxTk9EQmcyeGNUbG1PZEVOMTdFeGxEWFhzU1czYXJKMWsyWTk4MWRpaVJkVWlQTHJGMlA1OThfYUtzMmlFNkNxWWo4ZjJuTHZSb21rYzA5Z9IBkgFBVV95cUxQdVJ3SHBwc0dBcERucDJqeEM3Q2puUS00OFpNVThFRExrWllIVjlwc1VsSWxVd2VmYjlXZWNMeW5ta0ZVMmk1Ui02Y2xFSmF2RHd3eDJyZUxXRVZ0TXlfa2pxSkliaXlJTkxNMzhQZnBQVXNYUHk0RzRZdjVHZDRwaTZ3S1FRcloyU250bXBFa0R6QQ?oc=5,,"La zona sur de Tamaulipas empieza a soñar con volver a la Primera División del fútbol mexicano. La asamblea de dueños de la Liga de Expansión confirmó a la Jaiba Brava del Tampico-Madero como equipo aspirante a la Liga Mx en caso de abrirse esta ventana, toda vez que se oficializó la adquisición de los derechos federativos de Cimarrones de Sonora.
Jaiba Brava obtiene derechos y deja estatus de invitado
De esta manera, el club se desprende de la etiqueta de equipo “invitado” y, a través de este certificado, su siguiente paso será cumplir con los requisitos solicitados por la Federación Mexicana de Futbol (FMF) y avanzar en el proceso para instalarse en la máxima categoría del balompié profesional, movimiento que se vino gestando desde el último año y medio.
En la reunión que se celebró esta semana, la familia Rojo cedió este documento al Consejo de Administración conformado por 18 empresarios de la localidad. Esto se une a otros acuerdos tomados dentro del encuentro, entre ellos el regreso del fútbol a Veracruz, la integración de Cruz Azul Hidalgo como nuevo conjunto y el ascenso deportivo de un equipo proveniente de la Liga Premier en su Serie A.
“De esta manera, el club tiene voz y voto en la asamblea, acceso a programas de fortalecimiento institucional y la oportunidad de buscar, mediante el éxito deportivo, el ascenso a la Liga Mx una vez que sea rehabilitado”, indicó la directiva.
Intentos previos de la Jaiba Brava para entrar a la Primera División
Cabe señalar que la franquicia realizó dos intentos para tener esta silla. El primero se dio en el 2024 luego de lograr el bicampeonato en la división inferior, al tener prácticamente cerrada la compra de Alteños de Tepatitlán, sin embargo, se le otorgó el ingreso por sus éxitos deportivos.
Un año después realizaron este movimiento con los propietarios del conjunto sonorense, sin acción en el campo por un año. Los presidentes de clubes desecharon el mismo en la asamblea que se efectuó en 2025.
Esta versión celeste viene desde el 2022 intentando recuperar un sitio que entonces propietario Grupo Orlegi le quitó, al vender la franquicia al Atlético La Paz, actualmente su rival en los cuartos de final del Clausura 2026. Lograron un par de campeonatos en Liga Premier y tras coronarse en la división de plata en diciembre del año pasado, pelean por el bicampeonato y consagrarse como Campeón de Campeones.
El sueño de regresar la Primera División al Estadio Tamaulipas
Cabe señalar que desde septiembre de 1994, en un partido donde recibieron a Toros Neza, no hay fútbol de Primera División en la cancha del Estadio Tamaulipas.
JETL",GOOGLE_NEWS_RSS
Tampico se mantiene entre las ciudades con menor percepción de inseguridad en México: INEGI - Milenio,2026-04-24 19:14,2026-04-24T19:14:00+00:00,Milenio,,https://www.milenio.com/estados/tampico-ciudades-menor-percepcion-inseguridad-inegi,https://news.google.com/rss/articles/CBMiiwFBVV95cUxOcEJWVmRzYlc0VGZPZGlmVmVBXzV6MzVSNUtDQzJLdl9iOGlVM3FNNDNiV1UyWlNBbkljNnAxVWVodlpsTlpGaW1GTTAtNVk0SUJkX1NreW9WREx6NUFyellRMkZ2akdacjV3bHFhWTR2OVk0bUlKV2laSzU3OWtGOFRpVHZ4SVZBZENj0gGLAUFVX3lxTE9zRmlYd1BhMWJ6bUlzUXlsMGwzNDdSNXQyb2NpZGxtTGphZ3dlWk0yM3hOUUxybUVvN0hHaXRxdkNFNlZMaS10TUJlU2JaMUVyZEJlMWxVTUx2Szh3aHNJNWlKVUVRNDNDT2p0eHNRdmM5TTFaS2hVU0pBb3NfR2x0QzJaV2cwbE9TSms?oc=5,,"Tampico continúa posicionándose como una de las ciudades con mejor percepción de seguridad en el país, de acuerdo con los resultados más recientes de la Encuesta Nacional de Seguridad Pública Urbana (ENSU), elaborada por el Instituto Nacional de Estadística y Geografía.
Tampico disminuyó su percepción de inseguridad
En el informe correspondiente al primer trimestre de 2026, la ciudad reportó una disminución en la percepción de inseguridad, al pasar de 34.8% en diciembre de 2025 a 28.4% en marzo de este año, manteniéndose por debajo del promedio nacional y dentro del grupo de ciudades mejor evaluadas en este rubro.
Este resultado refuerza la tendencia que históricamente ha colocado a Tampico entre las zonas urbanas con menor percepción de riesgo, en contraste con otras ciudades del país donde los indicadores se mantienen elevados.
¿Qué otras ciudades de Tamaulipas redujeron su percepción de inseguridad?
En el caso de otras ciudades de Tamaulipas, los datos muestran variaciones importantes. En Ciudad Victoria, la percepción de inseguridad se ubicó en 49.5%, lo que representa una disminución de aproximadamente nueve puntos en comparación con el año anterior.
Por su parte, Nuevo Laredo registró un 34.8%, también con una reducción cercana a ocho puntos respecto al mismo periodo previo, reflejando una mejora en la percepción ciudadana.
En contraste, Reynosa se mantiene como la ciudad con mayor percepción de inseguridad en el estado, al alcanzar un 86.1%, además de registrar un incremento frente al 81.7% reportado en diciembre de 2025, lo que evidencia un deterioro en la percepción de seguridad entre su población.
A nivel nacional, las ciudades con menor percepción de inseguridad durante este periodo fueron:
- San Pedro Garza García (4.4%)
- Piedras Negras (12.9%)
- Benito Juárez en Ciudad de México (16.4%)
- Saltillo (16.7%) y San Nicolás de los Garza (19.4%).
Los resultados de la ENSU permiten observar no solo los avances y retos en materia de seguridad, sino también la percepción ciudadana, un factor clave para evaluar las condiciones de vida en las principales zonas urbanas del país.",GOOGLE_NEWS_RSS
Violencia De Género - El Sol de México,2026-04-24 18:59,2026-04-24T18:59:19+00:00,El Sol de México,,https://oem.com.mx/elsoldetampico/tags/temas/violencia-de-genero?page=44,https://news.google.com/rss/articles/CBMifEFVX3lxTFBMZzF5VTFBdV9COVRCVTdFQlhrQlZWNkpTX0VCYnNwNWVRNlRTU1c5bXRlaTNfcm5Ma25tRFJicU0yNGgzSTRTamVVV2VkRTBrWVJNSldNd2s2RXBHdlVQWERhbEQxVXE2NDgxNEVTZXZqUkZpaGFRVjllaVY?oc=5,,"1LOCAL“El casco no es accesorio, es vital”: Tránsito y Ejército Mexicano montan operativo para motociclistas en el norte de Veracruz
2DEPORTES¡Van por el bicampeonato! Jaiba Brava elimina a Cancún FC y jugará otra final en la Liga de Expansión",GOOGLE_NEWS_RSS
Tamaulipas ya podrá comenzar con el registro de la credencial de Salud el 13 de abril - El Sol de Tampico - El Sol de México,2026-04-24 17:29,2026-04-24T17:29:53+00:00,El Sol de México,,https://oem.com.mx/elsoldetampico/local/tamaulipas-ya-podra-comenzar-con-el-registro-de-la-credencial-de-salud-el-13-de-abril-id29368237,https://news.google.com/rss/articles/CBMi0gFBVV95cUxNVW1Lby1wU1JLS2pGVG1zLUpaUjBKUXNUWFBvTnE1cDY5MkRrTkRPdzNWdFNqZ0VpS3liLWd2cUUxOXRZUjc2LUVlM1hmZTFKU2FGaDJoeFVsOVJSQ1U1aTIwc25tX1R2WXBpdk5EUXlrR2prYW9SZUI4UW9SbEpWcm01OVF1aHZLOHhTaHc4eG15MHFIbDB0Vzd0SjMwWTc4ZHc1eXRuT2dKZ1hBTktxa2lBU3ZFYXVPQl9tSklPeFZVeHJMc0gzbGlIWExpRkhkMUE?oc=5,,"LO+VISTO1LOCAL“El casco no es accesorio, es vital”: Tránsito y Ejército Mexicano montan operativo para motociclistas en el norte de Veracruz2DEPORTES¡Van por el bicampeonato! Jaiba Brava elimina a Cancún FC y jugará otra final en la Liga de Expansión3TURISMOVolaris presenta su nueva ruta aérea en Tamaulipas: arranca con tarifa de 149 pesosAdolfo Ruiz NuñezLOÚLTIMOLOCALLocales cerrados abundan en vialidades del sur de Tamaulipas; digitalización y falta de estacionamiento, las causasLOCALPuerto de Altamira crece y alcanza tercer sitio en carga automotrizLOCALPrimer lunes de mayo: calor y cielo nublado en el sur de TamaulipasMUNDOAccidente en exhibición de vehículos en Colombia deja al menos dos muertos y 37 heridos
1LOCAL“El casco no es accesorio, es vital”: Tránsito y Ejército Mexicano montan operativo para motociclistas en el norte de Veracruz
2DEPORTES¡Van por el bicampeonato! Jaiba Brava elimina a Cancún FC y jugará otra final en la Liga de Expansión
LOCALLocales cerrados abundan en vialidades del sur de Tamaulipas; digitalización y falta de estacionamiento, las causas",GOOGLE_NEWS_RSS
"Regalaron tortas de la barda por el aniversario de Tampico - El Sol de Tampico | Noticias Locales, Policiacas, sobre México, Tamaulipas y el Mundo - El Sol de México",2026-04-24 17:27,2026-04-24T17:27:04+00:00,El Sol de México,,https://oem.com.mx/elsoldetampico/local/regalaron-tortas-de-la-barda-por-el-aniversario-de-tampico-id29461818,https://news.google.com/rss/articles/CBMirgFBVV95cUxNZUl2UEw4cDhSYVVDOTd3WWZGdm1fZ1RYb1pYa3FLd21FTVU0b2NQWTFQQ3JoQy1DcmpiRUJSbS1VdzdCNVlES1VVbnprXzZNUTNiemFaTDJaY0RVT2x6MU9jTVZhcHV4enlyQkJxQ3RnNHJzQ0hhaW5Ddlp2VFVLa2VMVkc1dlY5Y1N4dUlBNnN3MEFXbHAwQ1NXS183dEFiZzkyTGlIZWZfbi0tQlE?oc=5,,"LO+VISTO1LOCAL“El casco no es accesorio, es vital”: Tránsito y Ejército Mexicano montan operativo para motociclistas en el norte de Veracruz2DEPORTES¡Van por el bicampeonato! Jaiba Brava elimina a Cancún FC y jugará otra final en la Liga de Expansión3TURISMOVolaris presenta su nueva ruta aérea en Tamaulipas: arranca con tarifa de 149 pesosAdolfo Ruiz NuñezLOÚLTIMOLOCALLocales cerrados abundan en vialidades del sur de Tamaulipas; digitalización y falta de estacionamiento, las causasLOCALPuerto de Altamira crece y alcanza tercer sitio en carga automotrizLOCALPrimer lunes de mayo: calor y cielo nublado en el sur de TamaulipasMUNDOAccidente en exhibición de vehículos en Colombia deja al menos dos muertos y 37 heridos
1LOCAL“El casco no es accesorio, es vital”: Tránsito y Ejército Mexicano montan operativo para motociclistas en el norte de Veracruz
2DEPORTES¡Van por el bicampeonato! Jaiba Brava elimina a Cancún FC y jugará otra final en la Liga de Expansión
LOCALLocales cerrados abundan en vialidades del sur de Tamaulipas; digitalización y falta de estacionamiento, las causas",GOOGLE_NEWS_RSS
"Los representantes de Protección Civil Altamira llevaron el ave a las oficinas - El Sol de Tampico | Noticias Locales, Policiacas, sobre México, Tamaulipas y el Mundo - El Sol de México",2026-04-24 17:26,2026-04-24T17:26:08+00:00,El Sol de México,,https://oem.com.mx/elsoldetampico/local/los-representantes-de-proteccion-civil-altamira-llevaron-el-ave-a-las-oficinas-id29571577,https://news.google.com/rss/articles/CBMiyAFBVV95cUxQVjk5ZUpKY3FBazFiRnhHUGFBYkFoMVY5ZUgxaUZmSDc3d2tRNFJXaWhNUkYxTTRVMk1lNzNBd1NYSG90UjlzZUtid285bFU0R3V6VmhKT0hGU250LWRlckJfcWdTU2FpeUlaQWx6RHBkdzUyeE1FZEpTRmFFOENIX3c0VjFWc3VLZ3ltWWtlbFVETmJrX05UWWZ5Yld1WmtrUFBaRVlRbk1MaGE5cHRoeXpfWWVlMFo4U1EtTzYyQUZQZVpCTkJ6Qg?oc=5,,"LO+VISTO1LOCAL“El casco no es accesorio, es vital”: Tránsito y Ejército Mexicano montan operativo para motociclistas en el norte de Veracruz2DEPORTES¡Van por el bicampeonato! Jaiba Brava elimina a Cancún FC y jugará otra final en la Liga de Expansión3TURISMOVolaris presenta su nueva ruta aérea en Tamaulipas: arranca con tarifa de 149 pesosMiguel DíazLOÚLTIMOLOCALLocales cerrados abundan en vialidades del sur de Tamaulipas; digitalización y falta de estacionamiento, las causasLOCALPuerto de Altamira crece y alcanza tercer sitio en carga automotrizLOCALPrimer lunes de mayo: calor y cielo nublado en el sur de TamaulipasMUNDOAccidente en exhibición de vehículos en Colombia deja al menos dos muertos y 37 heridos
1LOCAL“El casco no es accesorio, es vital”: Tránsito y Ejército Mexicano montan operativo para motociclistas en el norte de Veracruz
2DEPORTES¡Van por el bicampeonato! Jaiba Brava elimina a Cancún FC y jugará otra final en la Liga de Expansión
LOCALLocales cerrados abundan en vialidades del sur de Tamaulipas; digitalización y falta de estacionamiento, las causas",GOOGLE_NEWS_RSS
"Homenaje a Sor Juana Inés de la Cruz el Día del Libro en Tampico - El Sol de Tampico | Noticias Locales, Policiacas, sobre México, Tamaulipas y el Mundo - El Sol de México",2026-04-24 16:25,2026-04-24T16:25:16+00:00,El Sol de México,,https://oem.com.mx/elsoldetampico/cultura/homenaje-a-sor-juana-ines-de-la-cruz-el-dia-del-libro-en-tampico-id29644100,https://news.google.com/rss/articles/CBMiuAFBVV95cUxNNVFIMHMyTFhVUEtvMjJFbjR6R0ZhbGRfalVURUp0TVE0UEh1b3lfRUJYNGpkQ3o0TVFRR0pWaW1CMDBUU0YyaTk1N1AxemhEMlROMkk1UTRJU2U0Vlljb1NhNTdFVk5vRnZRZWJMNFd1dmNPUDJxazlmWHY1cVFmUzJ6a0FUWThqanB5WE85RVBTX0wxemxxVXVNcjhrNE5SVGQwMHZWeXM2b3hmTkkyNFdCSEtOUFNs?oc=5,,"LO+VISTO1LOCAL“El casco no es accesorio, es vital”: Tránsito y Ejército Mexicano montan operativo para motociclistas en el norte de Veracruz2DEPORTES¡Van por el bicampeonato! Jaiba Brava elimina a Cancún FC y jugará otra final en la Liga de Expansión3TURISMOVolaris presenta su nueva ruta aérea en Tamaulipas: arranca con tarifa de 149 pesosAdolfo Ruiz NuñezLOÚLTIMOLOCALLocales cerrados abundan en vialidades del sur de Tamaulipas; digitalización y falta de estacionamiento, las causasLOCALPuerto de Altamira crece y alcanza tercer sitio en carga automotrizLOCALPrimer lunes de mayo: calor y cielo nublado en el sur de TamaulipasMUNDOAccidente en exhibición de vehículos en Colombia deja al menos dos muertos y 37 heridos
1LOCAL“El casco no es accesorio, es vital”: Tránsito y Ejército Mexicano montan operativo para motociclistas en el norte de Veracruz
2DEPORTES¡Van por el bicampeonato! Jaiba Brava elimina a Cancún FC y jugará otra final en la Liga de Expansión
LOCALLocales cerrados abundan en vialidades del sur de Tamaulipas; digitalización y falta de estacionamiento, las causas",GOOGLE_NEWS_RSS
"La mujer fue llevada a un hospital donde su estado de salud fue reportado como delicado - El Sol de Tampico | Noticias Locales, Policiacas, sobre México, Tamaulipas y el Mundo - El Sol de México",2026-04-24 15:47,2026-04-24T15:47:04+00:00,El Sol de México,,https://oem.com.mx/elsoldetampico/local/la-mujer-fue-llevada-a-un-hospital-donde-su-estado-de-salud-fue-reportado-como-delicado-id29432765,https://news.google.com/rss/articles/CBMi1AFBVV95cUxQWjRCUUVmeW8xRWNFZFZzV3FORHAwNHB3aUVudWFMbDBBUHA2bVNDeXk2M2JacVVMaml2bU9WcUhZcmVJdFVyR0k0MzZYUTdPQTZRTzQ0eGJXTEE1NG5VeDJtYWVPT1IxMW5MeUtOSUlHaV9obXJ2UERrLTREY0lwcGhGMWM0eUhWcDBEMmZCdTRGT3otdFphV21aNmRVQ1lYQ3ZwYkpiVUJwdGVLQTdIYXlNQkhQVFlENkhpQk1NaV9JV29WeExDNFE0TTVRNGVBazZXTw?oc=5,,"LO+VISTO1LOCAL“El casco no es accesorio, es vital”: Tránsito y Ejército Mexicano montan operativo para motociclistas en el norte de Veracruz2DEPORTES¡Van por el bicampeonato! Jaiba Brava elimina a Cancún FC y jugará otra final en la Liga de Expansión3TURISMOVolaris presenta su nueva ruta aérea en Tamaulipas: arranca con tarifa de 149 pesosMario CrucesLOÚLTIMOLOCALLocales cerrados abundan en vialidades del sur de Tamaulipas; digitalización y falta de estacionamiento, las causasLOCALPuerto de Altamira crece y alcanza tercer sitio en carga automotrizLOCALPrimer lunes de mayo: calor y cielo nublado en el sur de TamaulipasMUNDOAccidente en exhibición de vehículos en Colombia deja al menos dos muertos y 37 heridos
1LOCAL“El casco no es accesorio, es vital”: Tránsito y Ejército Mexicano montan operativo para motociclistas en el norte de Veracruz
2DEPORTES¡Van por el bicampeonato! Jaiba Brava elimina a Cancún FC y jugará otra final en la Liga de Expansión
LOCALLocales cerrados abundan en vialidades del sur de Tamaulipas; digitalización y falta de estacionamiento, las causas",GOOGLE_NEWS_RSS
"Algunos de los edificios más bellos de Tampico son los más frágiles ante el clima - El Sol de Tampico | Noticias Locales, Policiacas, sobre México, Tamaulipas y el Mundo - El Sol de México",2026-04-24 15:39,2026-04-24T15:39:46+00:00,El Sol de México,,https://oem.com.mx/elsoldetampico/local/algunos-de-los-edificios-mas-bellos-de-tampico-son-los-mas-fragiles-ante-el-clima-id29474788,https://news.google.com/rss/articles/CBMizAFBVV95cUxNalhSYzQxbW9lMnFhd2hkTEpMWGxhYmNlT0lERm9OdFFPd2R4NFV2Nm95SU8tMVQ0TlhUWS1pVUJWcV9jZF9BMklwQVNkUlo4ZlR6X2ltUFVUSUNVRTZMdjZRb3dWbEZha2hjNERIeXl1eTduRFF2UExTbmt2SElDTlFyN3lPM1l3dDdNN0IwYVcyOC1WTE9tWjBiTS1HTGM0WFhDeGloNDRaVUtvalFRR3kwUE9ielVCZnlDUGQ1WEl0UktMNGJLb1BuakY?oc=5,,"LO+VISTO1LOCAL“El casco no es accesorio, es vital”: Tránsito y Ejército Mexicano montan operativo para motociclistas en el norte de Veracruz2DEPORTES¡Van por el bicampeonato! Jaiba Brava elimina a Cancún FC y jugará otra final en la Liga de Expansión3TURISMOVolaris presenta su nueva ruta aérea en Tamaulipas: arranca con tarifa de 149 pesosPaulo MonsiváisLOÚLTIMOLOCALLocales cerrados abundan en vialidades del sur de Tamaulipas; digitalización y falta de estacionamiento, las causasLOCALPuerto de Altamira crece y alcanza tercer sitio en carga automotrizLOCALPrimer lunes de mayo: calor y cielo nublado en el sur de TamaulipasMUNDOAccidente en exhibición de vehículos en Colombia deja al menos dos muertos y 37 heridos
1LOCAL“El casco no es accesorio, es vital”: Tránsito y Ejército Mexicano montan operativo para motociclistas en el norte de Veracruz
2DEPORTES¡Van por el bicampeonato! Jaiba Brava elimina a Cancún FC y jugará otra final en la Liga de Expansión
LOCALLocales cerrados abundan en vialidades del sur de Tamaulipas; digitalización y falta de estacionamiento, las causas",GOOGLE_NEWS_RSS
"Motivo del corte de agua en Altamira - El Sol de Tampico | Noticias Locales, Policiacas, sobre México, Tamaulipas y el Mundo - El Sol de México",2026-04-24 15:28,2026-04-24T15:28:57+00:00,El Sol de México,,https://oem.com.mx/elsoldetampico/local/motivo-del-corte-de-agua-en-altamira-id29234197,https://news.google.com/rss/articles/CBMikAFBVV95cUxNNlNxRW1VTDI3b1lJMTZXZEItcmJSbUMzWkp5QUc0S19PamVlU21Bc1NpWmE1LTNuU05wM0UxeXJuQWpYWGZGODIzdGxxRW9FLXJicEVBZUFKbS1lT1dOR0MwblNuWmxyY3pCYWJFQzA0UnBINmxZVzJ2ZkVzNlBTRzRtY3UwRS1MNTdYQ09pZnE?oc=5,,"LO+VISTO1LOCAL“El casco no es accesorio, es vital”: Tránsito y Ejército Mexicano montan operativo para motociclistas en el norte de Veracruz2DEPORTES¡Van por el bicampeonato! Jaiba Brava elimina a Cancún FC y jugará otra final en la Liga de Expansión3TURISMOVolaris presenta su nueva ruta aérea en Tamaulipas: arranca con tarifa de 149 pesosAdolfo Ruiz NuñezLOÚLTIMOLOCALLocales cerrados abundan en vialidades del sur de Tamaulipas; digitalización y falta de estacionamiento, las causasLOCALPuerto de Altamira crece y alcanza tercer sitio en carga automotrizLOCALPrimer lunes de mayo: calor y cielo nublado en el sur de TamaulipasMUNDOAccidente en exhibición de vehículos en Colombia deja al menos dos muertos y 37 heridos
1LOCAL“El casco no es accesorio, es vital”: Tránsito y Ejército Mexicano montan operativo para motociclistas en el norte de Veracruz
2DEPORTES¡Van por el bicampeonato! Jaiba Brava elimina a Cancún FC y jugará otra final en la Liga de Expansión
LOCALLocales cerrados abundan en vialidades del sur de Tamaulipas; digitalización y falta de estacionamiento, las causas",GOOGLE_NEWS_RSS
Tampico complementará las obras finales del nuevo hospital del Issste - Milenio,2026-04-24 14:48,2026-04-24T14:48:00+00:00,Milenio,,https://www.milenio.com/estados/tampico-alista-obras-finales-accesos-hospital-issste,https://news.google.com/rss/articles/CBMijAFBVV95cUxPU1ZyOXUyM09GUEtuSkRJekNuUXF3LVhhcXZZRXZ4b2xfXzBpckVza1JJNEtBaDNMX19HRkZ6MWt2dUl4RC1GSjRZcTNUaHBib0N6Yl83Q3hpUmdwM2prV29QbWtRRkhqQnNyQnRvclowNEhWUTljbzUwU2dscUJmbDV0Z1E0MDFPVVhydNIBjAFBVV95cUxNalBOTEFPTEJOd0Ezb0R2bzY1c0VVeUxmN1VVckg5WkJMYmxnYi10N0lkTnpmUS1xZm1BU0hnNURRN2tBR1gwYXZVV29FSTdQTm5fYVJQOXV1VEVhOFdoaHV2SmpERTNFX1otSURlSE1GUy01ZERfVmM1aXV6VmtqRFRydndtbndBd3hxbQ?oc=5,,"El municipio de Tampico hará obras finales en lo que refiere al nuevo Hospital del Issste, las cuales tienen que ver principalmente con las calles, banquetas y camellones rotos por maquinaria durante el proceso de construcción, sobre la avenida Las Torres, ya que se estima entregar el hospital en mes y medio.
Rogelio Ontiveros Arredondo, secretario de Obras Públicas de Tampico, aseguró que son obras que estarán a cargo del municipio, además de que van a tener que poner señaléticas, rampas, semáforos y parabuses, los cuales también tienen que correr como parte de un convenio realizado desde el inicio de los trabajos de construcción.
“Pactamos una serie de acciones cuando el proyecto estuviese en su etapa final, como es el caso ahorita. Algunas de esas acciones es repavimentar o reconstruir el pavimento dañado durante la ejecución de los trabajos, las guarniciones, las banquetas, el camellón central y cualquier otra instalación que se pudiera haber afectado durante la construcción de esta obra”, declaró.
Entrega de hospital Issste Tampico, en mes y medio
Indicó que a partir de este momento se estima que la obra pueda ser entregada en un mes y medio ya que se encuentra con un avance importante en su construcción, de acuerdo a lo informado por autoridades del Issste en reuniones, pero eso ya lo van a determinar las autoridades federales y la constructora.
Al cuestionar al funcionario sobre los costos de esas obras de reparación, ya que se dañó el concreto hidráulico con el peso de la maquinaria pesada, aseguró que aún no saben el monto, pero correrá a cargo del recurso municipal destinado a obras.
“No, estamos en eso. La Dirección de Tránsito es la más adelantada, ya tienen por ahí algún cálculo de su señalética, semaforización, pintura vial, etcétera. Pero otras áreas estamos todavía calculando nosotros por nuestra parte, pues el pavimento y demás para que lo restauren”, refirió.
Nuevo recorrido de la ruta Águila Madero
Mientras tanto, las autoridades de Transporte Público en la Zona Sur de Tamaulipas han determinado la modificación de una ruta que va de la zona norte de Tampico hasta Madero, que se llama Águila Madero, para que pase frente al Hospital del Issste.
Antes dicha ruta salía desde colonias como Jardines de Champayán, en el norte del puerto, para salir a la carretera Tampico Mante hasta conectar con Ciudad Madero, pasando por avenida Hidalgo y Avenida Ejército Mexicano.
Ahora, va a pasar por avenidas como avenida Rivera de Champayán, avenida Las Torres (en donde está el citado hospital), así como la Calzada San Pedro para salir a la avenida Hidalgo y seguir con su ruta habitual.
SJHN",GOOGLE_NEWS_RSS
Temas - El Sol de México,2026-04-24 10:43,2026-04-24T10:43:09+00:00,El Sol de México,,https://oem.com.mx/elsoldetampico/tags/temas/iran/archive-57,https://news.google.com/rss/articles/CBMibEFVX3lxTE1BNVRSalNYZnVJUGQ1SGlYTGRRN0hWenh1a3YyWE1NR3RhT3pnMXM3cWR1NjFGU2VsdjJGaEhKZUM3RXFUbEVkanB5VEFYZS10eEwxbGRPMXpnb3RmbVptT2ViNnZhLUtqUGp5WA?oc=5,,"El festival Tecate Emblema sumará un headliner internacional y ampliará su oferta con un espectáculo de RuPaul, que incluirá música en vivo y una competencia drag dentro del evento
La artista destaca el realismo de la serie y su aprendizaje junto a oficiales y productores expertos, su personaje le reveló muchas verdades sobre las fuerzas del orden
El hantavirus puede provocar dos enfermedades, el SPH y la FHSR, la primera mucho más presente en EU, y la segunda se halla comúnmente en Europa y Asia",GOOGLE_NEWS_RSS
La Grilla - Milenio,2026-04-24 07:00,2026-04-24T07:00:00+00:00,Milenio,,https://www.milenio.com/opinion/editoriales/se-dice-en-la-grilla-tamaulipas/la-grilla_1139,https://news.google.com/rss/articles/CBMilAFBVV95cUxPcHBOclJtUEU0Um5ocmgtcUtidDhJWnFrc3NaaFdWZFZzVk42N3ZScFV0R0R2bm50WUQ0ZmNsU0dmcGRFbHFhUGN5N2ltM1VtWDZaLWs4aUNVVlFqSklsZ0k3RVBlbW93VXRfWXYyaVR3SmZITXZDWE5LMlI5d0hKMTVEVUdNVkFkWlhnVk8zcEIxU1Ew0gGUAUFVX3lxTE53bVJqUGdpM29ia0pqaDh1Uk5nOV9jWFNkd3EwWVIzcWptQ0xtd1dwaGpLV1dUNVZ1NnNuajA4UWJ0SWZYT3dvbldTSFI1S0E1bkZjcURNVmFjcVBRc0l1RktBV0pTd1V0RGs2VW5QWnRiSkk4d3VBOVJ4YWFlTEVST2tQejEyMS1KQnBzRGJTSmJKXzI?oc=5,,"Que se espera la dispersión de más recursos enfocados a la rehabilitación de socavones en Tampico y Madero, los cuales pueden venir con el respaldo del gobernador Américo Villarreal Anaya. Sin embargo, lo que es un hecho, es que los alcaldes Mónica Villarreal y Erasmo González, puedan sumarse a la aportación de recursos y el respaldo a Comapa Sur.
Que entre los perfiles que luchan por quedarse como líderes de la Sección 30 del SNTE en Tamaulipas es Naif Hamscho, el que decidió hacer actividades en el sur como un torneo de pesca el próximo sábado, mediante el cual busca sumar al magisterio de Tampico, Madero y Altamira.
Que la Auditoría tiene de cliente a Adrián Oseguera, ex alcalde y ahora diputado federal, pero no es por gusto, sino porque se investiga la responsabilidad de un adeudo por $25 millones, por no pagar impuesto estatal sobre nóminas del 2020 y 2021 en la administración municipal de Ciudad Madero.
Que pronto estará listo el nuevo Hospital Civil de Madero, pero los trabajadores que diariamente atienden a la población en temas sanitarios buscan que se pueda mejorar el Hospital “Rodolfo Torre Cantú”, que está en Altamira, al cual consideran requiere optimizarse y cumplirle al personal pendiente de basificación.
Que en colonias porteñas como la Guadalupe Mainero se vieron algunas camionetas de color blanco con una AM en color azul, realizando acciones de fumigación. Se trató del edil Alejandro Martínez, que fue buscado por ciudadanos para llevar a cabo fumigación contra los moscos, con recursos propios.
Que Tampico espera ser beneficiado con recursos federales procedentes de la Secretaría de Hacienda y de la Comisión Nacional del Agua, los cuales van enfocados a la construcción de dos drenes contra las inundaciones, que de concretarse sería una muestra de avance del llamado plan hídrico impulsado por la Presidencia de la República.
Que si bien hay regiones de Tamaulipas que están tranquilas, al estar libres de delitos de alto impacto y otros eventos; otras están luchando contra los robos o la violencia familiar, pero requieren del respaldo de más elementos y patrullas, porque de plano se descomponen muy rápido y en los recorridos de vigilancia.",GOOGLE_NEWS_RSS
"Atraer a extranjeros y regularizar Airbnb, el objetivo de Tampico-Miramar - Milenio",2026-04-24 07:00,2026-04-24T07:00:00+00:00,Milenio,,https://www.milenio.com/estados/buscan-regularizar-airbnb-tampico-madero-turismo-extranjero,https://news.google.com/rss/articles/CBMilgFBVV95cUxPSlBMbVVXa1hhVkxvMDkyREU3eUFqbDVZUTNpSlZQYWJBaExQT2xZbDNzUENTVzI1eVRnMzdJZmVaTEFTMG91VjhQeG9LQ3hPVnpiRzA5dnBfSUlXSzNJQkNzZnR4eFh6Q2tTNG43UlNiOGNlNm9wSWc4SFVwNUJHa2xxNFR0Y3ZfdFlCT3Y1NG00MVY3MHfSAZYBQVVfeXFMTlVjV3lzUElVR01rSUgyNE9vbm5PMVJxUHN6TW4tVk9PVFJsYkxvVjFxVjdsbC12d3BfeHpHZjBxZWZOVXg2WEpfeS12SXJQZkNrX1pfSmlaUGhmWk1iN2dCZnRLai1Ba3ZKejA0M3RWQWFVOWRzT1NHMndMbFJUWXZ6WVNwRWg5STNUbFM5S1Rvd3J3SFRR?oc=5,,"El objetivo en materia turística de los municipios de Tampico y Ciudad Madero es que puedan regresar los Winter Texans a la conurbación y poder regular los Airbnb para no afectar a los empresarios del ramo hotelero, pensando en que haya piso parejo.
Iniciativa con Canadá
Aseguró la alcaldesa Mónica Villarreal Anaya que van a acudir al Tianguis Nacional Turístico 2026 de Acapulco, así que van a firmar un convenio con Ciudad Madero para poder atraer a los turistas procedentes de Canadá y de las ciudades del sur de Texas.
“El alcalde de Ciudad Madero hizo una iniciativa con empresarios canadienses para seguir trayendo esos charters y vamos a firmar un convenio para que seamos un punto muy atractivo para todos esos turistas que pueden regresar a nuestros municipios”, expuso la edil refiriéndose a los extranjeros.
Buscan regular espacios de renta
Indicó la autoridad porteña que verán las posibilidades de que esté turismo pueda llegar a partir de este año, luego de que obtuvieron buenos números en lo que se refiere a la afluencia turística en la zona sur de Tamaulipas durante la Semana Santa.
Otro de los pendientes en materia turística, explicó la alcaldesa, está relacionado con la regularización de las casas, hostales o espacios que se rentan por aplicación, lo cual representa una afectación a los empresarios.
“Hay una iniciativa que hoy ya está publicada en el periódico oficial del Estado, lo que nos va a permitir como otras ciudades modernas, como lo es Mérida, como Guadalajara, como CdMx, tener una regularización y seguir protegiendo las inversiones que han hecho los hoteleros en nuestro municipio”, declaró.
¿Cuáles son los lineamientos que buscan regular?
Detalló que se tienen que dictar los reglamentos y cómo van a operar los Airbnb, pero uno de los lineamientos que se buscan regular es que paguen el uso de agua comercial, porque pagan uso de agua doméstico, además de que no puedan existir en áreas residenciales, porque no es el uso del suelo que deben de tener.
“Son una serie de regulaciones que se están estudiando para que podamos ya dar las directrices y marcar los lineamientos para que sigamos en armonía, creciendo con oportunidades iguales, equitativas para todos”, declaró la presidenta municipal de Tampico.
AA",GOOGLE_NEWS_RSS
¡Adiós a los rumores! La Jaiba Brava del Tampico-Madero se convierte oficialmente en socio de la Liga de Expansión - El Sol de México,2026-04-24 07:00,2026-04-24T07:00:00+00:00,El Sol de México,,https://oem.com.mx/elsoldetampico/deportes/adios-a-los-rumores-la-jaiba-brava-del-tampico-madero-se-convierte-oficialmente-en-socio-de-la-liga-de-expansion-29660512,https://news.google.com/rss/articles/CBMi9wFBVV95cUxQMWVJTzlRZk01RmxDOEhVTC1aOTg3MVBReEJ3cWdlTmdjV2Q3RTY2M0cyZ3g2SnRRczdDSmRDVVVZTzdySlNVMlQ0UlJhbm1hd2NDczQyamRIaXdZUnU2azg5ellqVlNZTmV2UG1iQXdhX3pGaW5KSGJsY3dMMTVONF9weFFGYXhlWUpKeGgzQjQtc1RrT0dUT2RZZE5OZ0Y3N0ktQ3ZpX1puRTBLaDVFMXRTazg0T0JOZ3VrT3lMRF9QOE5xdzgyTVREbXNsTURWUjFLLUxoY0pOLTdURm9GdG1lNDdwTGE1YTFza0VRLUpHYzgwQ1RV?oc=5,,"Deportesviernes, 24 de abril de 2026
¡Adiós a los rumores! La Jaiba Brava del Tampico-Madero se convierte oficialmente en socio de la Liga de Expansión
Se terminó la incertidumbre: la Jaiba Brava ocupa el lugar de Cimarrones y se integra formalmente a la Liga de Expansión MX
Gustavo Corona",GOOGLE_NEWS_RSS
Elotes fritos en Tampico: así reinventan un clásico en la colonia Tamaulipas - El Sol de México,2026-04-24 07:00,2026-04-24T07:00:00+00:00,El Sol de México,,https://oem.com.mx/elsoldetampico/tendencias/elotes-fritos-en-tampico-asi-reinventan-un-clasico-en-la-colonia-tamaulipas-29651899,https://news.google.com/rss/articles/CBMiyAFBVV95cUxPV0dsLURlWC1YM3cxR21nQjRMUHczTlNWU2wzNzhVN20yYXZ0ODRUUDdMT3pyeU1mNVNRMmpqWmdPdWpQejVuaDZ6MjVPODdHMTVlUkFTcDJ3d1A1Ylg2UFd5SDFmeGxWb2VlWV9IUC14bVlON3Nac2tVNVZ6cGppSGM2ZDIwa0wxTExnODlpdWZaWjlOMXNFV0ZxQUxKdlprQVBfWEFoYzZxWEJoeTN1aVZYVVFUV21NelJBYXNEc294a3FWRnJRSg?oc=5,,"Tendenciasviernes, 24 de abril de 2026
Elotes fritos en Tampico: así reinventan un clásico en la colonia Tamaulipas
Preparados con manteca, ofrecen una experiencia distinta que atrae a quienes buscan nuevos sabores
Roberto González / El Sol de Tampico",GOOGLE_NEWS_RSS
Hallan a menor tras búsqueda silenciosa en Tamaulipas; investigan posible violencia familiar - El Sol de México,2026-04-24 07:00,2026-04-24T07:00:00+00:00,El Sol de México,,https://oem.com.mx/elsoldetampico/policiaca/hallan-a-menor-tras-busqueda-silenciosa-en-tamaulipas-investigan-posible-violencia-familiar-29652538,https://news.google.com/rss/articles/CBMi3AFBVV95cUxNcWI1UnJQUzVzNDc0WTlkWHZiMHpkOUZuVkR1WmNZbEpJWWx4b1ZVd05GckxqZkt3T01RTkJQRmg0Nk0tSWJOSmJ2VFVoYmFYTnl6cmQ2NkR6Y0d0V0ozRFQyX2ZaQmlxYW05RkJ3WTNvdlFKUk1qc0VRd1VXQXR4eUlSb3pld2NzNlk1eEdadTdxMmE3RElXTk12OHhfcGszVjFFSEJNNlBwMy0tdGhUZHlsTlU5U3RXSXg3dzNoSFdKM1d1eUprTUVURXhrc2NsNm5MQXlra0lISnZk?oc=5,,"Policiacaviernes, 24 de abril de 2026
Hallan a menor tras búsqueda silenciosa en Tamaulipas; investigan posible violencia familiar
El pequeño, que se encuentra dentro del espectro autista, fue encontrado en Matamoros en buenas condiciones
Mariela Macay",GOOGLE_NEWS_RSS
"Néstor Corona, feliz de responder a la exigencia de la afición con goles - Milenio",2026-04-24 07:00,2026-04-24T07:00:00+00:00,Milenio,,https://www.milenio.com/deportes/futbol/nestor-corona-feliz-responder-exigencia-aficion-goles,https://news.google.com/rss/articles/CBMimAFBVV95cUxNSlN1RVpQSjNGU1FmdVpqOVhWaThDczhTamM2dk5KLVJEekNySEZjQmZGZ1pzblc1WFpWcVdLYWxrOVJiLVJ1MW9QbEVZN1FtWndBaDQ2aW85RTh4THNrSTRQRFpLSS05TnRYd3NLRWN3MXRHR3BiT1g2UW0tQXZnenpjd0J4OTRtekVBSUo5bWtoU0RaX0toYtIBmAFBVV95cUxQXzNxNzJpdk0wc0Fib2dVbWJtRl9wVkRtemtxZnhVa1UwMlRUdjBvNlFwbVRGZ1FwRTQxdjFMVXloRnF0Qnd3NF9xSUo2Mm9Sa1RhcmxPVURMUFZmakNET3ZQMGNYbzRBQkE3N1RnRDNYR2RPeUIyZHc0ZktaUnl1TXZ1UXR0WW1mMUNlRTM1UDRmVExxU2hPSA?oc=5,,"La Liguilla en el fútbol mexicano suele entregar momentos memorables para equipos y jugadores, estrellas que cumplen con las expectativas y héroes impensables que resultan un factor en los partidos en el momento clave. En la Jaiba Brava del Tampico-Madero, se presentó un caso similar.
El duelo de ida lo protagonizó el atacante Néstor Corona. Pasó de ser un actor secundario al hombre que acaparó las miradas con las anotaciones que le permiten al conjunto celeste ponerse en ventaja en los cuartos de final ante Atlético La Paz. De eso, aseguró, la crítica como el apoyo de la afición es un motivante para responder a la hora de la verdad.
Así fue como resolvió con dos anotaciones de alta manufactura el primer compromiso, mismos que marcan parte del destino de esta confrontación a definirse este sábado en Baja California Sur. Al reconocer los 90 minutos pendientes que definirán al semifinalista, quieren terminar la obra en el Estadio Guaycura.
“Estoy agradecido con la gente. Así como nos han cargado cuando las cosas no salen bien, esa crítica constructiva y las quejas se agradece y ahí está el resultado. Vamos para adelante, estamos unidos, como una familia, cuando estamos en las malas y hoy en las buenas y para ellos son estas actuaciones”, explicó.
Néstor arribó a la institución en el 2024. Fue rival de los porteños en aquella final de temporada en la Liga Premier cuando militaba en Los Cabos United. La llegada de Marco Antonio “Chima” Ruiz al cuerpo técnico le permitió mostrar sus condiciones. Habitualmente era un revulsivo en los segundos tiempos; ahora, las circunstancias le permiten ver acciones del arranque.
“La gente que me conoce se da cuenta que en los minutos sea de suplente, de titular o incluso si no me toca jugar, siempre mando las mejores vibras y estar atento para cuando se me necesite. Estoy feliz de responder a la afición y al equipo”, acotó,
Si bien celebró con entusiasmo sus anotaciones, aún faltan cosas por hacer en calidad de visitante, ante un rival herido que en estas instancias suele ser más peligroso por la agresividad que tratará de imprimir para darle vuelta al resultado.
“Nos llevamos una ventaja, pero nos hace falta 90 minutos allá en La Paz, estamos contentos por aportar, sabemos que la serie no se ha cerrado y vamos a ir por el marcador al Guaycura”, puntualizó.",GOOGLE_NEWS_RSS
¡De bien para arriba! / Rezago educativo en México - El Sol de México,2026-04-24 07:00,2026-04-24T07:00:00+00:00,El Sol de México,,https://oem.com.mx/elsoldetampico/analisis/de-bien-para-arriba-rezago-educativo-en-mexico-29640223,https://news.google.com/rss/articles/CBMinwFBVV95cUxNNXFYWm5Gdk91S2tzZ082QWxtNzB5S0NYSDF6bXp2WW5DYmlmLUhBQTcxZEphcEhXTlBtZzBXc2h0RUdERkItYUNmNy1PelFXVlNHdm4ybk9DV0ZyVGFUVE9tOVItRTRLVXBjRWQ5aE9LeVZwelQ3cGd1V294RU9hOVJDTDN0bjFwRlRCVVd3b3RJUDhwZncyaThPQ1ZJZ1E?oc=5,,"Análisisviernes, 24 de abril de 2026
¡De bien para arriba! / Rezago educativo en México
Las opiniones vertidas en este artículo son responsabilidad de quien las emite y no de esta casa editorial. Aquí se respeta la libertad de expresión
ÚLTIMAS COLUMNAS
Más Noticias
COLUMNAS
CARTONES
LOÚLTIMO
Newsletter
¿Te quedas fuera de la conversación? Mandamos a tu correo el mejor resumen informativo.",GOOGLE_NEWS_RSS
Más de 400 casos probables de dengue suma Tamaulipas - Milenio,2026-04-24 07:00,2026-04-24T07:00:00+00:00,Milenio,,https://www.milenio.com/ciencia-y-salud/dengue-tamaulipas-2026-casos-probables-focos-rojos,https://news.google.com/rss/articles/CBMilAFBVV95cUxNUXNBOWRiSlNES193OXdzWE1JNVdBQzNXNTFQRlBJbEFyOXJnN2xxUzNDVzVFbkZOSXZaRlRaN0U0bWVRSEpoamtFMnJiR1lmLW1aS2h2aHRoV2tLdXNGUExiU1RFZ09uTndNQ25FS191S0JId2g3YmtMWS1ubmNHaEkwcXhMR3NYVlVQeEVDTkNPRm1N0gGUAUFVX3lxTE9DZmQ0WXlfd3BTYnREVHdWYll5b0xsM3k4QWZYQy1nWHB6Y01haGtJa2UwbU85eFVmUkdWMUMzOTZ0NTZmNWdJcEhzTVBFVzNiTVdVb3dsaWFDRDk1TG1uTzVXQndTZERMYWlxUFpUN0dsb0JjYWVmODZKRkMzUkd6QmRUb09RemR5Z1FyR3BqWXNfMTE?oc=5,,"Tamaulipas tiene un registro de 404 casos probables de dengue, de los cuales ha confirmado hasta ahora 24, informó la Secretaría de Salud federal. La entidad se ubica en el top ten de la tabla nacional con esta cifra.
Municipios con más casos de dengue en Tamaulipas
Los municipios con foco rojo son Mante y Madero, mientras en naranja se ubican Tampico y Altamira, al concentrar el mayor número de casos al corte de la semana epidemiológica número 14 del 2026.
Casos confirmados de dengue y niveles de gravedad
De los casos confirmados en la entidad, 13 corresponden a dengue no grave, 10 con signos de alarma y solo uno corresponde al tipo grave. Sin embargo, el recuento de los casos sospechosos llega a 404 acumulados.
Estados con mayor incidencia de dengue en México
Los diez estados con mayor incidencia son Sonora, Tabasco, Sinaloa, Veracruz, Baja California Sur, Quintana Roo, Nayarit, Michoacán, Chiapas y Tamaulipas.
Defunciones por dengue en México 2026
En lo que va del 2026 se han notificado 98 defunciones por probable dengue, de las cuales, tres están confirmadas, 65 se encuentran en estudio y 30 se han descartado. Los decesos cuya causa está comprobada son de Oaxaca (1), Tabasco (1) y Veracruz (1).
Las defunciones en estudio corresponden a Sonora (17), Sinaloa (9), Tabasco (6), Jalisco (4), Coahuila (3), Hidalgo (3), Nuevo León (3), Yucatán (3), Guanajuato (2), Guerrero (2), Michoacán (2), Morelos (2), San Luis Potosí (2), Baja California Sur (1), Campeche (1), Chiapas (1), Oaxaca (1), Querétaro (1), Quintana Roo (1) y Veracruz (1).
¿Cómo se transmite el dengue?
La Secretaría de Salud en Tamaulipas, recordó que el dengue se transmite a través de la picadura de los mosquitos hembras pertenecientes a las especies Aedes, particularmente A. Aegypti y A. Albopictus infectados.
Síntomas del dengue y tratamiento
Los síntomas suelen durar de dos a siete días, y se caracterizan por fiebre, dolor característico en cabeza (detrás de los ojos), malestar generalizado, dolor en articulaciones y músculos, enrojecimiento en la piel, náusea, vómito, pérdida del apetito, y en casos graves sangrado por nariz o encías, o moretones en la piel.
El tratamiento se dirige al alivio de los síntomas: reposo, abundantes líquidos, paracetamol para el alivio de la fiebre y hospitalización para los casos graves.
En días pasados, la Secretaría de Salud informó que reforzó las acciones de prevención y combate al dengue, aplicando recursos por el orden de los 714 mil 657 pesos en el primer trimestre del año.
Como parte de las acciones contra el mosquito transmisor del dengue y con la colaboración de la población, se realiza la eliminación de criaderos y la descacharrización para evitar la reproducción del vector.
SJHN",GOOGLE_NEWS_RSS
Alfa y Omega / Aspirantes vemos - El Sol de México,2026-04-24 07:00,2026-04-24T07:00:00+00:00,El Sol de México,,https://oem.com.mx/elsoldetampico/analisis/alfa-y-omega-aspirantes-vemos-29639465,https://news.google.com/rss/articles/CBMiiAFBVV95cUxOWGMySzFPNHVTaDVjVlBqYkp4akxrR2o1ZEc3eTRRd2dkYmoyUDJVb0RkNGtrQzE5ckJuZWhfUG85YmdPT2Jua3dHa0NtdFJqLTkwei1pN01HSFQ2Qk53UXd0V2UzZzFsWUsyTkxXMjZuU2VuWllIZFhkbWpUenNFRVVvWW5sZDBf?oc=5,,"Análisisviernes, 24 de abril de 2026
Alfa y Omega / Aspirantes vemos
Las opiniones vertidas en este artículo son responsabilidad de quien las emite y no de esta casa editorial. Aquí se respeta la libertad de expresión
ÚLTIMAS COLUMNAS
Más Noticias
COLUMNAS
CARTONES
LOÚLTIMO
Newsletter
¿Te quedas fuera de la conversación? Mandamos a tu correo el mejor resumen informativo.",GOOGLE_NEWS_RSS
Celebran lanzamiento de estación Classic 93.9 FM en Torreón - Milenio,2026-04-24 07:00,2026-04-24T07:00:00+00:00,Milenio,,https://www.milenio.com/espectaculos/musica/celebran-lanzamiento-estacion-classic-93-9-fm-torreon,https://news.google.com/rss/articles/CBMingFBVV95cUxPdHF5cm1mVFhaNUk3S3FBWFAxNmlUYlNhSUhWNE1wMHVJSFlpeEFuZXZvVUhTdXhUNmpjdkU4amdKUmg1blZwYW9XeW9wdlBhc0ZxYkZHUk5DX2d4MVhmVVBYVU1HQ0RIcUJXYXRQMzM1b1Q5VTFqa1NRaUhBS2l3VlRfalJnZklFaWhyZjlUQUZCUE9fQ09LN2tNQW1ud9IBngFBVV95cUxQQVpodlM4Q0dVTGo4aDRoVnZMQlZBV05UZlc0NS11TURzZHphMkZVUkozU01CTl9WSkxIbzZJMFhSeHM5dkQyZFRHM183OTU0LUswTE1SRVd5WTNxSDFIVm8xYVlTeFpWUWVoSkpBenN6Mzh1akJsSDlEWV9WUVpublY5M2sxeUJ3NXd2VVpHLVE5QllXRzZQOUtjajFQQQ?oc=5,,"En medio de un divertido ambiente retro, la noche del jueves se llevó a cabo la celebración del lanzamiento de la estación Classic 93.9 FM de Multimedios Radio en Soho Laguna, espacio que llega con fuerza para saborear los clásicos que marcaron generaciones.
Al lugar arribó personal de grupo MILENIO y Multimedios Laguna, así como clientes de la empresa, entre otros invitados, a quienes se les dio la bienvenida para escuchar la estación con la que podrán conectar buenos momentos y recuerdos.
Con la presencia de Alberto Braña Leal, Director General de Multimedios Coahuila-Durango; Manuel Cisneros, Director General de Multimedios Radio; Gleen de la Rosa, Director de Programación y Contenidos de Multimedios Radio, así como de los locutores Rox Herrera, Ramiro Rivera, Ale Garza y Fer Núñez, se dio paso a la presentación de la estación a través de un video que apreciaron los invitados, recordando su fundación desde hace 50 años, y que ahora llega a La Laguna para conectar cada época con tu época.
Cada uno de los locutores se presentó ante los asistentes arriba del escenario, quienes hablaron de los programas de los que se hacen cargo y agradecieron a los laguneros el grato recibimiento, asegurando que harán pasar ratos agradables a los radioescuchas que los sintonicen.
Mientras los invitados degustaban unos deliciosos canapés y variedad de bebidas, el grupo Revolution Rock Band se apoderó del escenario para deleitarlos con algunos clásicos en inglés.
Por su parte Alberto Braña Leal, Director General de Multimedios Coahuila-Durango, dijo en entrevista que con Classic arrancaron desde enero, pero este jueves fue la presentación formal ante clientes y ante la sociedad lagunera.
""Este proyecto se emigra desde Monterrey, existe tanto en Monterrey como en Tampico, es innovar, es traer un concepto nuevo aquí, pero es un concepto distinto, música en inglés, de los 60´s, 70´s, 80´s, 90´s y dos miles, es algo que no se tenía dentro del grupo ni en La Laguna, estamos innovando con un producto más premium en radio, los locutores hacen el trabajo excelentemente bien, es gente que conoce muchísimo de música en inglés, pero no es solamente lo que programan, sino es cómo te presentan cada canción, con una historia, saben muchísimo de los artistas, de cómo se originaron las canciones, elevamos el nivel con una locución más profunda. Se espera un futuro promisorio, ha sido recibida muy bien, la verdad es que todos los comentarios son buenos"".
Mientras que Manuel Cisneros, Director General de Multimedios Radio, compartió:
""Venimos a la plaza de Torreón, con la novedad de que ya tenemos unos meses con el nuevo formato de Classic, tiene 50 años y aquí en la ciudad ya hacía falta un formato de esta índole, lo tenemos en Monterrey donde nació, también en Tampico y ahora en Torreón, ¿Por qué? Torreón, porque la gente lo estaba pidiendo, es un formato que no se escuchaba, no estaba en la radio, y ha tenido muy buen éxito en poco tiempo. Además de eso viene combinado con eventos"".
Finalmente Gleen de la Rosa, Director de Programación y Contenidos de Multimedios Radio, aseguró que Classic es un concepto musical que de verdad conectará con cada época:
""Hay que escucharla, es una estación para escucharla, sentirla, vivirla, vibrarla, los locutores siempre tienen una historia que contar, aquí no hay locutores que sacan llamadas así nomás, aquí todo tiene un por qué, historias de la música, todos los locutores son super melómanos, hacen un gran trabajo y saben mucho de música, contando historias de cada canción, que le da otro aire a la estación"".
cale",GOOGLE_NEWS_RSS
"“Costa Clara”, el nuevo complejo residencial cerca de Playa Miramar: un interesante proyecto que va más allá de construir casas - El Sol de México",2026-04-24 07:00,2026-04-24T07:00:00+00:00,El Sol de México,,https://oem.com.mx/elsoldetampico/local/costa-clara-el-nuevo-complejo-residencial-cerca-de-playa-miramar-un-interesante-proyecto-que-va-mas-alla-de-construir-casas-29609638,https://news.google.com/rss/articles/CBMiggJBVV95cUxOWnBMeUZVZ04tN3o2WVBRMTJleFRILUsxOU1DMVpJRmxrRFdkVXRIa3FMVHVKeDFpbUk4MHk3WVFLZmVUemZPdlFXSUpHSHhuVEt4UldUeHZMRC1DclBXTkU0R0x6RzlMcVdOVUFZWW1COGdmbTlVemFhTUhHUWZzOWhIVHB5cl9xNHFuU3huaUY0ZXZDSUlUcmdrSkh3czhGaEZzaDhCcTBIRE5qYkwtQkx0RGFuTmhWWjdpZHNnSXhianVhcHZ4SmhUZUlsVkNjR3JsS3MtWnUwMWN3cF81QW9SYVkyYm9TSmpYR2pieWZvTGRsaGxwN0tWRl9HRkVSdEE?oc=5,,"Localviernes, 24 de abril de 2026
“Costa Clara”, el nuevo complejo residencial cerca de Playa Miramar: un interesante proyecto que va más allá de construir casas
El proyecto residencial no solo construirá casas, sino que financiará cárcamos, vialidades y tanques elevados para mejorar la zona turística de Tamaulipas
María Macías",GOOGLE_NEWS_RSS
"Otra vez, Tampico y el sur de Tamaulipas registran “aire poco saludable”: expertos lanzan alerta ambiental - El Sol de México",2026-04-24 07:00,2026-04-24T07:00:00+00:00,El Sol de México,,https://oem.com.mx/elsoldetampico/ciencia-y-salud/otra-vez-tampico-y-el-sur-de-tamaulipas-registran-aire-poco-saludable-expertos-lanzan-alerta-ambiental-29658527,https://news.google.com/rss/articles/CBMi8wFBVV95cUxPNFdyb3NQYnh2emRtY3U2R2hmOEhUc0drTUtRYVV5M3pPcE1YaU1pbDN2R09qX3Q2bmMzTUo5Mm1Lc1B1N0tWRnBOTEp1VUQ5MGlJcVJjSXVzMlFzbUpBMkhZMThsUXdXQ1d1N3JIWlZZbmFtdlBnWGk1aVE4RGc1YXFvZGcyNWh0bFdXSFZlV1c2YWwxQk5Zb3g1a2pXMkpWcWpRT1Z3WjZBRXRoVTVfQ19mWVFjdkRpeW1OY1VocEVrMVh6QmRnNFVEc0xVYU5BN0x3Vkg4SmlzR3VsbTBQRkY1TUhOdW5iOENUUVpya21UYWc?oc=5,,"Ciencia y Saludviernes, 24 de abril de 2026
Otra vez, Tampico y el sur de Tamaulipas registran “aire poco saludable”: expertos lanzan alerta ambiental
Especialistas ambientales advierten riesgos para la salud y urgen acciones inmediatas para frenar las emisiones
Antonio Campos",GOOGLE_NEWS_RSS
Ruta de transporte público Tampico-Tancol cambia su recorrido a partir de este sábado: estos son los ajustes - El Sol de México,2026-04-24 07:00,2026-04-24T07:00:00+00:00,El Sol de México,,https://oem.com.mx/elsoldetampico/local/ruta-de-transporte-publico-tampico-tancol-cambia-su-recorrido-a-partir-de-este-sabado-estos-son-los-ajustes-29657332,https://news.google.com/rss/articles/CBMi7AFBVV95cUxPQUtFOEs1U1ZkV0diZFcxbG9kVzB6MWFEa0xKNnBjajNRMk50dndZV0hRSVByZHkzUWxKNHRiR0xVUHY4OFB3TEtfbkwxN2Y5clB6eTExMTZpekhTNXZ4SmVmX1lqMnlSS2tpZko2dk1Pazh0ckVSckNXeHYzOWxHVHg5RDJRUmw0c1Z6MjFJb2dTZWg0MDFKRGRjRUFvakZyOWk1eV9ocG5VbmhEaF9ZQlEweERwQjMtV1lEczVDN2ZKd1NkQm1uQ0pWYlpVcjlyMm9oXzJ2YndQcVJ2bjcwRkg1eS02WGkzS1dwYQ?oc=5,,"Localviernes, 24 de abril de 2026
Ruta de transporte público Tampico-Tancol cambia su recorrido a partir de este sábado: estos son los ajustes
La ruta dejará de pasar por la zona de la Octava Zona Militar para integrarse a una nueva vía que conectará con puntos clave de salud y servicios
María Macías",GOOGLE_NEWS_RSS
Modifican recorrido de la ruta Aviación por bulevar; conoce por dónde pasará a partir de este lunes - El Sol de México,2026-04-24 07:00,2026-04-24T07:00:00+00:00,El Sol de México,,https://oem.com.mx/elsoldetampico/local/ruta-aviacion-por-bulevar-modifica-su-recorrido-ahora-pasara-por-el-nuevo-hospital-del-issste-en-tampico-29656130,https://news.google.com/rss/articles/CBMi6AFBVV95cUxNenFXb1lhemVXM1piQXVIMDFjZ1BVZWp4akdlRXFzYnRUX2hkSm1XOGZ5U2FiZjZpVElqbTZBR2lYTi1Pc0ROLUhXS3g1TWJhTXZNNGxOT1lNZm9qOFpDQTdlZlloSUNMX2tjelhTUS1tSHNfaFBKOWRkMkFRaDU0U0VVbF9rTGZod3puS2lKbjZuOXB6UzFFWXpHcnNJUHhqeUkwQUpLc3RrekpLdDRKaGJNN09fcl9iaHB3c09lcENLbWc4ZlBhakRzMkdMWEEtZmRHVkRnYzY1elhqLVlCY1VYLUt0Y1dr?oc=5,,"Localviernes, 24 de abril de 2026
Modifican recorrido de la ruta Aviación por bulevar; conoce por dónde pasará a partir de este lunes
Dejará de circular por la Curva Texas, el desvío es para aportar medios de acceso al nuevo hospital del ISSSTE
Dejará de circular por la Curva Texas, el desvío es para aportar medios de acceso al nuevo hospital del ISSSTE",GOOGLE_NEWS_RSS
Asalto a transporte público en la México-Puebla deja una persona lesionada - Milenio,2026-04-24 07:00,2026-04-24T07:00:00+00:00,Milenio,,https://www.milenio.com/policia/asalto-a-transporte-en-mexico-puebla-deja-un-herido-de-bala,https://news.google.com/rss/articles/CBMilgFBVV95cUxOTUVDVHo4ZTE3UWpvQWJLc1FMTWZ1ZXdFQUV1UnVmUTdGTW81ZE5WY0l6WEo1QXVuTW5QcklESm9QeWtYTTFqMGxkb0tBa01wVkxEcFk0enE4YzRtMVo3MDJuNlU3cEJjR0UxZDdzaGU0RllrVTNXWV9zYmpLYnY5UWhEUzZVeG92a0NYZzBvazVOYldwcUHSAZYBQVVfeXFMTXhEeUloU0dlSWozbTc1WU5tOXV1RHl3SE5yLWRXRnN1aG5ieHBJRzJOazFtZWxsUmdYX3ZUTnAyc1llU0k5UDE4RkMwSFZ3SWk3YnpGcS1Rb2NmZHZRWUVvXzlFUnliNlEyY1BQWk1xTG10alhCdTZUNWU0UFpRU2pUSmtvcTh3VzV4MnltMVFmbG5oc0xR?oc=5,,"Una persona lesionada con arma de fuego es el saldo que dejó un asalto a transporte público en la autopista México-Puebla en los límites de la alcaldía Iztapalapa y el municipio de Los Reyes La Paz, en la zona oriente del Estado de México.
Los hechos ocurrieron alrededor del mediodía día, según reportes la unidad circulaba con rumbo hacia la Ciudad de México cuando dos hombres que se hicieron pasar por pasajeros tomaron el transporte a la altura del municipio de Valle de Chalco.
Una persona se habría resistido al asalto
Aparentemente los presuntos ladrones permanecieron unos minutos en la unidad y después, a la altura de la parada conocida como La Virgen comenzaron el robo.
Uno de los pasajeros aparentemente se resistió al asalto lo que ocasionó la molestia de los delincuentes quienes accionaron un arma y lo hirieron.
Después de robar celulares y carteras, los delincuentes descendieron de la unidad y escaparon con rumbo desconocido.
Mientras que, el resto de los pasajeros intentaron brindarle apoyo al lesionado quien y pidieron chofer que sugiera el camino hasta encontrar apoyo.
El lesionado fue llevado en la unidad hasta la Clínica 25 del Instituto Mexicano del Seguro Social (IMSS) para recibir atención médica especializada.
kr",GOOGLE_NEWS_RSS
"""Mi derecho, mi lugar"": el modelo que garantiza el acceso a la educación a todos los jóvenes de Tamaulipas - Milenio",2026-04-24 07:00,2026-04-24T07:00:00+00:00,Milenio,,https://www.milenio.com/estados/jovenes-tendran-lugar-asegurado-en-prepa-en-tamaulipas,https://news.google.com/rss/articles/CBMijwFBVV95cUxQbUhFZFBFLWxTZVNmaG5ZMzhaVkk2dlNYY1V1RWpjZUVEbmFaY1JESnZ2TjRFYnBIUzBFeFBkcmNhVEFSbGppcnJmV0JaZ0hOUDluaFNjVGFQYUNhbmFzUUtpZmJpV25tWnNsaDJwRHhWLUlNMFlsNHRnMmVJY3ZVUFNHWVVadC1FUllSMEN2SdIBjwFBVV95cUxPNHZDdkZnNFBGVEx6M0RFMzQ4NDJDN0hCN1dleHd6R3hZaUJ6Q2RCaHMyd3RreVJJOGstQWliZXR0SXRhWm1mLTVkeHpEWUVydEE0T25ZOGI3ajQ4UHVMZ09RY2xzRVc3dlctZGdhcjgwR3VvT3gwRDlmakdSbVBDMmppRjBWVGNoWnJzdHhUWQ?oc=5,,"A partir del próximo ciclo escolar, Tamaulipas implementará el modelo “Mi derecho, mi lugar”, el cual garantiza el acceso a la educación media superior para todas y todos los jóvenes en la entidad, informó la subsecretaria de Educación Media Superior de la Secretaría de Educación Pública (SEP), Tania Rodríguez Mora.
¿De que trata el modelo ""Mi derecho, mi lugar""?
En entrevista telefónica con el Sistema Radio Tamaulipas, explicó que este modelo fue implementado desde 2025 en el Valle de México y consiste en eliminar el examen de admisión para este nivel educativo, sustituyéndolo por una plataforma digital donde las y los estudiantes registran sus datos y son asignados a un plantel conforme a sus preferencias.
Destacó que los resultados han sido positivos, ya que el 97.4 por ciento de las y los estudiantes fue ubicado en alguna de sus primeras tres opciones, lo que favorece la permanencia escolar al permitirles estudiar en instituciones cercanas a su domicilio y de su interés.
¿En que partes de México aplicaran esta modalidad?
Asimismo, señaló que este esquema será implementado en diversas entidades del país, incluido Tamaulipas, donde las autoridades educativas estatales coordinarán el proceso, con excepción de los subsistemas dependientes de universidades autónomas.
¿Por qué eliminaran los exámenes de admisión en escuelas de Tamaulipas?
Precisó que, en el ámbito federal, la eliminación del examen permite establecer un mecanismo de asignación con criterios homogéneos, priorizando la equidad de género y una distribución equilibrada de los espacios educativos, evitando que las familias enfrenten dificultades para acceder a un lugar.
Subrayó que la presidenta Claudia Sheinbaum Pardo ha reiterado que la educación es un derecho y no un privilegio, por lo que debe garantizarse sin condicionamientos, mediante mecanismos accesibles y justos.
El Gobierno del Estado, encabezado por el gobernador Américo Villarreal, refrendó su compromiso de trabajar en coordinación con la Federación para asegurar el acceso universal a la educación media superior, así como para fortalecer un sistema educativo de calidad, inclusivo y con enfoque humanista.
AA",GOOGLE_NEWS_RSS
Hallan sin vida a fotógrafo del DIF en Río Bravo; Fiscalía inicia investigaciones - El Sol de México,2026-04-24 07:00,2026-04-24T07:00:00+00:00,El Sol de México,,https://oem.com.mx/elsoldetampico/policiaca/hallan-sin-vida-a-fotografo-del-dif-en-rio-bravo-fiscalia-inicia-investigaciones-29660014,https://news.google.com/rss/articles/CBMizgFBVV95cUxPd0FYTktNdndhLVptTWEwcmM2UHd3MUVZcGt6UTdibmdVUkpLTl9LZlBzUXpfeUJDa2NLMHlRMzFUeEswQ2d1REx2N0hMQ0NYaHpPeXdtOFk5eE95OXh3bTdoa3l3UXdtMTRWXzlWLWVVMk5NNDBhYmhaMVFCLXE4YmlCYVp3eWE1Yko0UTQzN2pWTm1iS3hmVVE4VFY0WDF0STFZSTdtT0hPU2tNYTNDeWFFbnhJeTV4RjRPOVBHand2Qk5iUzcxdFp6WWxIdw?oc=5,,"Policiacaviernes, 24 de abril de 2026
Hallan sin vida a fotógrafo del DIF en Río Bravo; Fiscalía inicia investigaciones
Tras el hallazgo del cuerpo en la calle Durango, la Fiscalía General de Justicia de Tamaulipas abrió una carpeta de investigación
Antonio Campos",GOOGLE_NEWS_RSS
Controlan incendio en fábrica de Ecatepec; no hay lesionados - Milenio,2026-04-24 07:00,2026-04-24T07:00:00+00:00,Milenio,,https://www.milenio.com/comunidad/bomberos-sofocan-incendio-en-abrica-de-ecatepec-no-hay-lesionados,https://news.google.com/rss/articles/CBMioAFBVV95cUxNMWlJQzBIV01fRkxOdDNKSWpXU2FwUlhadmhTdGRmb0JZOGhhT2R4SC1ydVlCbmd6U2JQWUhrTEs0VUJncjlhV2lubTJDN2tuNlJuQTFCQ1NPSlh6OFJVakdMdFFDeEd4WlFRdzJ5SThGUGJ2bl9WVkg1ME45a2E2R21ISnlpd3p1Q3JlQURmNUV1aW83Rk5TNWIyaXlONnMz0gGgAUFVX3lxTE95dW9hTXVGRTNlWjdsQWYxd2dsSFhpWXB6VFZBcWU4QjNOODVoX0Vfd016Q2tWOVE0WFVEaEo4MEh1YUFfdFl4ZV9aNDV2akp2a0RUbEs3eXY4MXppeE1SdHR3S0FaQjBwQlVKNEtXSG5WeE9PQ2k4TDk3RGF5T1F6SFFWcUhRM296aExBb1B5QlE4bWtKYUlacG1mSHo3aWs?oc=5,,"Un incendio al interior de una fábrica movilizó a cuerpos de emergencia la tarde de este viernes en el municipio de Ecatepec, sin que se reportaran personas lesionadas.
El siniestro ocurrió en un inmueble ubicado en el cruce de las calles Hierro y Calle 4, en la colonia Rústica Xalostoc, donde vecinos alertaron sobre la presencia de humo denso.
PC y Bomberos arribaron al lugar
Elementos de Protección Civil y Bomberos, así como personal prehospitalario y de rescate urbano, acudieron al sitio con unidades motobomba y equipo especializado para atender la emergencia.
De acuerdo con reportes oficiales, el incendio fue detectado a través de cámaras del sistema C7, donde se observó una columna de humo considerable, lo que permitió activar de inmediato a los cuerpos de auxilio.
Fuego consumió material de hule espuma
Al arribar, los bomberos confirmaron que el fuego consumía materia prima utilizada para la fabricación de hule espuma.
De manera preliminar, las afectaciones se concentraron en un área aproximada de 6 por 6 metros.
Tras las labores de sofocación, el incendio fue controlado y actualmente se realizan trabajos de enfriamiento y remoción de escombros para evitar su reactivación.
Autoridades confirmaron que no hubo personas lesionadas.
kr",GOOGLE_NEWS_RSS
Comapa Altamira anuncia corte masivo de agua este martes: consulta las 28 colonias afectadas - El Sol de México,2026-04-24 07:00,2026-04-24T07:00:00+00:00,El Sol de México,,https://oem.com.mx/elsoldetampico/local/comapa-altamira-anuncia-corte-masivo-de-agua-este-martes-consulta-las-28-colonias-afectadas-29661851,https://news.google.com/rss/articles/CBMi1wFBVV95cUxQenRxelJKYU9seF81ekxMY013TWZJTHBLRjNyZkt2WVBkNW9OZE4yQmdZeDkwelZQdzA5X2tXbXdDbVJhbFBpTjhiSVkzc3BmazNPZ0hjY3ZVd0pybHRKWnFNY2ZBczBQZVo3Z1cxUm9Pb1RwbDMxcWhhRUR5Q0FCMFBiS2oxR00zNGVYRzBSZkRYazlMS2dPU2NfaEtya21CQjY0XzFNN0k0UTc0amhhMkZ1Z3N1ejJOV2xlemZVTDA1NVJHeXYxVENBTGg2N2VMcWtLQkMzTQ?oc=5,,"Localviernes, 24 de abril de 2026
Comapa Altamira anuncia corte masivo de agua este martes: consulta las 28 colonias afectadas
La medida responde a trabajos de mantenimiento en el Libramiento Poniente y en el Fraccionamiento Real Campestre
Itzia Rangole / El Sol de Tampico",GOOGLE_NEWS_RSS
Economistas de Tamaulipas proponen subsidiar Diésel y Premium para estabilizar mercado - Milenio,2026-04-24 07:00,2026-04-24T07:00:00+00:00,Milenio,,https://www.milenio.com/negocios/economistas-tamaulipas-proponen-subsidio-diesel-premium,https://news.google.com/rss/articles/CBMikgFBVV95cUxNUDBfdV9DTTY5WU5iYmk3a19TdDBUS0l0WFBUS2xHUGJhZDZkbE1pcjh1aXp1NEpHQTlhS0VtU01GRm9Xam9hLXFhcmZ3TnFGbUVad0UzdFFwa1BOMDFTWGMtUDFUZl9WcnQ0Vlp3SzBtbWk4Q0phdzlmcEo0cF9iSXdvVlRnWkxJM0h5Z3A1c0dVZ9IBkgFBVV95cUxPcE1qbGNWN2s1UHd1MnFVeUk0dFdFYzZXeFZmVDdyMjN0ZXFXUzB1Zk5wOUdDcEtkN0QxNkdZYVpjc0tzQ0RwR2pOZUQtaHNYY21MejBURHRmcjk2azB3N2ZGNWlWMnl0TGdldlV3ZC14cWZUWW85TlBhZDNLbW9zYmdwQUVNLVd0NnlPcm1ub1k1Zw?oc=5,,"El impacto en México por el alza de los combustibles como Diésel y Premium se podrá aminorar mediante un subsidio de 4 pesos. Para economistas de Tamaulipas, el aplicar esta medida significa aminorar el impacto social que arrastra desde hace meses el costo por litro de ambos energéticos, reflejándose en el pago de productos y servicios.
Esta medida fue planteada al gobierno federal por el Colegio de Economistas y Especialistas de la entidad, integrado por académicos pertenecientes a la Universidad Autónoma de Tamaulipas (UAT) como a otras instituciones de nivel superior público y privadas. Jorge Pérez Cruz, integrante del mismo, expuso la medida como alternativa.
“Tanto el Diésel y el Premium están incrementando su precio hasta 4 pesos el litro. Si el gobierno subsidiada 4 pesos el valor del combustible, tuviéramos un costo por 6 meses de 60 mil millones de pesos, que no es mucho si eso lo comparas con el costo económico de dejar libre el mercado, pues en caso contrario, impacta en todos los sectores productivos y de la economía”, apuntó.
Si bien durante el martes la presidenta Claudia Sheinbaum Pardo y empresarios gasolineros nacionales formalizaron un nuevo acuerdo para estabilizar en 28 pesos el litro del Diésel, el catedrático resaltó que aplicar el referido subsidio logra mantener una estabilidad financiera sobre todo para las familias, siendo estas últimas quiénes resienten esta situación.
“Estamos en una etapa donde no se está generando ni la inversión, ni empleo y si combinas la falta de crecimiento con el incremento de los precios, el problema todavía es mayor. Tomar la medidas implica ahorrarse el costo social que en futuro, si no sucede, puede arrastramos a todos”, recalcó Pérez Cruz.
Cabe señalar que ambos combustibles han presentado aumentos que están cercanos a los 30 pesos en algunas regiones del país, caso diferente a la Magna o Regular que desde marzo del 2025 quedó establecido en un costo máximo de 24 pesos el litro.",GOOGLE_NEWS_RSS
Estas son las rutas de transporte público en Tampico que cambiaron su recorrido - Milenio,2026-04-24 07:00,2026-04-24T07:00:00+00:00,Milenio,,https://www.milenio.com/comunidad/rutas-transporte-publico-cambiaron-recorrido-tampico,https://news.google.com/rss/articles/CBMijwFBVV95cUxPdERITGliZ1dlS3g5NDdUTnpNYmJqREZtRXYwYXNMTE5FR1lYTmN1UHRXSEtYVmRyRFFEalJvTGE0ZmJSUFBrYjRsODd0bHV3aEVyZFZXUUJoalEyY2kyRXZwLVlZTndqa2FIOFY1Ukp5RUFMVThCbFgzRTRtdmU5MDk4aVFpbkhfZHBoUzczRdIBjwFBVV95cUxPZkZLYUowTDg2c1VsQ0x1eXpnVy1iLVVvbVJHSlZVR05FT19TMFNrVTJua3BnN1VGWUNFYXktVmtERFlibTVvNGUydFpaemNXWnR2ODB1MnVKUU9yV1dyaFl2eXVfX3I4M1BVZE1mQlVOWlFGRTh1NWsxWW5KeS1OZWhMRU5FYktQOEFPbkF5TQ?oc=5,,"Varias rutas del transporte público en Tampico comenzaron a modificar su recorrido a partir de finales de abril de 2026, con el objetivo de mejorar la conectividad hacia nuevas zonas, especialmente áreas de salud y colonias en crecimiento.
Entre las rutas que presentan cambios se encuentran Águila Madero, Aviación-Américas y Tampico–Tancol de acuerdo con avisos colocados en unidades e información de los concesionarios.
Ruta Águila Madero: estas son las nuevas vialidades
La ruta Águila Madero implementará modificaciones desde el lunes 27 de abril, incorporando puntos clave como el nuevo hospital del ISSSTE.
El nuevo recorrido será:
- Inicia en la carretera Tampico–Mante
- Continúa por avenida Rivera de Champayán
- Avanza por avenida Las Torres
- Pasa por la zona del cementerio
- Llega al nuevo Hospital ISSSTE
- Sale por calzada San Pedro
- Se integra a avenida Hidalgo
El recorrido se realiza en ambos sentidos con la misma ruta de regreso.
Este cambio busca mejorar el acceso a servicios médicos, como lo será al hospital ISSTE y reducir tiempos de traslado para usuarios del sur de Tamaulipas.
Nueva ruta Tampico–Tancol: Así cambia su recorrido
De acuerdo con avisos colocados en unidades de transporte público de la zona, la ruta Tampico–Tancol, o también conocida como Ruta 24 también modificará su recorrido a partir del sábado 25 de abril de 2026.
Uno de sus cambios principales es que deja de pasar por la Octava Zona Militar.
Nuevo recorrido:
- Vuelta en Arteli Tancol
- Avenida Las Torres
- Cementerio Jardín del Rosario
- COBAT 15
- Velatorio del IMSS
- Nuevo Hospital ISSSTE
- Salida por calzada San Pedro
- Incorporación a avenida Hidalgo
Mantiene el mismo trayecto de regreso, pero con estas nuevas paradas.
Nueva ruta Aviación–Américas:
Otra de las rutas con modificaciones es la Aviación–Américas por Boulevard, que ajustó su recorrido para cubrir nuevas zonas.
Estos son los lugares donde ya no pasará:
- Entrada Tancol
- Soriana y Walmart Aeropuerto
- La Mancha
- Su Bodega Curva Texas
- Benavides Norte
Estos son los nuevos puntos por donde pasará:
- Sams Club Tampico
- Subdelegación IMSS
- Bodega Aurrera San Pedro
- Pollos Chamigua
- Hospital General ISSSTE
- Velatorio DIF Tampico
- COBAT 15
- Cementerio Jardín del Rosario
- Purificadora Tancol
- Unidad Deportiva Puertas Coloradas
- Tortas Paquirri
- DIF Casa Maty
Estos cambios entrarán en vigor apartir del lunes 27 de abril, de acuerdo con avisos dirigidos a usuarios.
¿Por qué están cambiando las rutas de transporte público?
Con estos cambios se busca que la movilidad vial fluya de mejor manera, abarcado distintos puntos de la ciudad para que nuevos usuarios se incorporen a estas unidades.
JETL",GOOGLE_NEWS_RSS
Caen participaciones federales en Tamaulipas: pierde 231 mdp en marzo 2026 - Milenio,2026-04-24 07:00,2026-04-24T07:00:00+00:00,Milenio,,https://www.milenio.com/politica/caen-participaciones-federales-tamaulipas-pierde-marzo-2026,https://news.google.com/rss/articles/CBMilwFBVV95cUxPNUhVYUYzZVg3akgtMGVCUkhBdVY4WHMwNmNhUTVtb2V5eGVXSTNPQko4SVEtNGNLOU5ybnJndXczb19HaG8xdzdjb0I2NVQycWl6NEpnS3JYR0o4WjYtYmJjTTJKNmx6em9KRlYtYS1wdUE3b0poRURiSHJobWQ0bkVNdC1qaTNybzN2WUVjc2Q2VDFFTnFZ0gGXAUFVX3lxTE1XaWUwQnd4SE9FSWlveTBxbk00VHo5VnFrOHRZRWZnejhLc05rLXh5aTA2a1FLV1hQRm03RFhPMG5EcFQ3cVg1SEFIQkxpRERRN01CWWlESVNQQ1g1b0d2b0h6cHJFZnE0elk0anBwNDBoX090alpiMHRwc183Vkg4bFFyVm9DNVQ4RnlmSTBFVFJmcEhKck0?oc=5,,"Tamaulipas recibió en marzo de este año casi 231 millones de pesos menos por concepto de participaciones federales respecto al mismo mes de 2025, caída que se refleja en un informe de la Secretaría de Hacienda entregado a la Cámara de Diputados.
La Federación inyectó a las arcas estatales un monto de 3 mil 050.3 millones de pesos en el tercer mes de 2026, mientras en marzo del año pasado transfirió $3 mil 281.2, lo que representa un decremento de $230.9 millones, equivalente a un 7% en términos nominales, es decir, sin considerar la inflación.
¿Qué incluyen las participaciones federales?
Las participaciones federales comprenden ingresos provenientes de los Fondos General, de Fomento Municipal, Impuesto Especial sobre Producción y Servicios, Fiscalización y Recaudación, Extracción de Hidrocarburos, de Compensación, así como incentivos por el IEPS sobre ventas de diésel y gasolina.
Asimismo, incluyen participaciones para municipios que realizan comercio exterior, y exportadores de hidrocarburos, incentivos por el Impuesto sobre Automóviles Nuevos (ISAN), ISR, compensación de Repecos, entre otros.
La mayoría de estas bolsas registró una disminución en los montos captados en marzo del presente año. El Fondo General de Participaciones (FGP) es el que recibe la mayor asignación; sin embargo, pasó de $2 mil 133.2 a 2 mil 044.8 millones de pesos en el referido mes.
Ramo 28: recursos clave para estados y municipios
Es la principal fuente de recursos que el gobierno federal distribuye como parte del Ramo 28, dinero que recauda principalmente de impuestos, y luego reparte a los ayuntamientos sin etiquetarlo para un uso específico. Es decir, pueden ejercerlo con mayor libertad (gasto corriente, servicios, nómina), a diferencia de otros fondos más condicionados.
Después está el llamado “0.136% de la Recaudación Federal Participable”, donde se pasó de $363.8 a 337.2 millones de pesos de marzo de 2025 al mismo mes de 2026. Se trata del conjunto de ingresos tributarios (ISR, IVA, IEPS) que, según la Ley de Coordinación Fiscal, se toma como base para repartir recursos.
Por lo tanto, define cuánto le corresponde estructuralmente a un fondo, pero no garantiza estabilidad en los montos, ya que depende del ciclo económico y de la recaudación.
ISR también registra fuerte caída
Luego aparece el rubro del ISR, que pasó de $375.4 a 285.2 millones de pesos en el citado comparativo. Este no es un fondo autónomo con reglas propias como el General de Participaciones, sino un mecanismo de devolución o compensación ligado al Impuesto Sobre la Renta.
En la práctica, se refiere a los recursos que la Federación transfiere a estados y ayuntamientos por el ISR retenido a trabajadores del sector público (burócratas estatales y municipales).
Fondo Municipal también se reduce
Por su parte, el Fondo de Fomento Municipal pasó de $117 a 110.1 millones de pesos. Este dinero apoya el funcionamiento cotidiano de los gobiernos locales en México.
SJHN",GOOGLE_NEWS_RSS
Empleada de un restaurante en Tamaulipas es asesinada en su trabajo: el presunto responsable era su compañero - El Sol de México,2026-04-24 07:00,2026-04-24T07:00:00+00:00,El Sol de México,,https://oem.com.mx/elsoldetampico/policiaca/empleada-de-un-restaurante-en-tamaulipas-es-asesinada-en-su-trabajo-el-presunto-responsable-era-su-companero-29661854,https://news.google.com/rss/articles/CBMi8wFBVV95cUxPSVdVbTRmdXRObEVjaGkzRlkxVFRoT1JZb2ZoTnhJQ3ZiSGNhbDMxTnpEQW8xTTduY21OWUdHZExFaWk3aEhFMGg5OHdXUVR3Zm9yeDR2OFlmdXFCNko2TVhCMmRUekVyaHFpRVJ1WnIxZXo3R01RU2dJTEVsOHJSRXFfSWxQc3VUdk9IZUlDR0xzX1pjenVETmtVSkR3TE5xNV8tVFJkVGFxLVFsLVlkU2E2NnptcjRIa2t5cnBzS3VoaWdsSEFlYUV3aU1DakxoTGtTZ05oQ2wtN1lOMnRmb010RE5aZGlpOHBsVnk5VWFLSzA?oc=5,,"Policiacaviernes, 24 de abril de 2026
Empleada de un restaurante en Tamaulipas es asesinada en su trabajo: el presunto responsable era su compañero
El presunto agresor, identificado como compañero de trabajo de la víctima, permanece hospitalizado y bajo custodia
Antonio Campos",GOOGLE_NEWS_RSS
Letras sin fronteras: disfrutan de la Feria del Libro - Milenio,2026-04-24 07:00,2026-04-24T07:00:00+00:00,Milenio,,https://www.milenio.com/opinion/magda-barcenas-castro/entre-tangos-vino-tinto/letras-sin-fronteras-disfrutan-de-la-feria-del-libro,https://news.google.com/rss/articles/CBMiygFBVV95cUxOSXBhYU5fWWNxbVQ2TnI2bEYxNEpoRnZseXJBQ1ZyaEFsQm9wUmxQdng3M1Z3b2VrNFc1SUtIT0FldldLMjRsRzBOSFlpb3BFUzE3a2dnamJwaG1BaDFfV2Fodzl3RlB4ck8wcS00Y1pWLUdMYUE3SUdrZ251cjBHOG5peXZWX2t2bDd6VmdmNlg5bnowbzBSazdTVXlVYWwtYzZLdXJVX2VuaVdCWDQ4eWlOSnpDaWM1OGxJTUtFLXhLb2g1Rkw1d3dR0gHKAUFVX3lxTE13SUdmQlNabmQtVm9OQUM5VWlhXzhNeE5YaHIwSjhfMnFFdFBRQm0zS0d3Y2E2MVBRd2I3WWcyWUpJOU1tdklvMEh1LTdrR21tX21USzNPUjBWekp1UHF4NGVMa2tNWG9ZVnRjelJZdTdHM2tsOHdieVVfZGxWSktvUnQ3T2JvRi1tM1ZvSG42bndwcjJwV3F6TVFzaEZRNXJKMDVqUndQekQ3YS1sclJ2UjBuRFV1ZzlaZmUyOU1jTEhpOHdXWlJiMnc?oc=5,,"En el marco de las jornadas de la Feria del Libro para conmemorar el Día Mundial del Libro, el Grupo Educativo Tecnológico de Monterrey, Campus Tampico, vivió una experiencia profundamente significativa que confirmó, una vez más, que la literatura no solo se lee: se comparte, se dialoga y se transforma en comunidad.
La Biblioteca del Campus Tampico se convirtió en el epicentro de un conversatorio internacional que reunió voces literarias de Argentina y Uruguay, en una agenda enriquecida por la participación de Andrea Cuello, Franco Fernando Alberti, Carolina Selicki Acevedo, Gerardo Van Junker y Juan Guinot.
Escucharlos de manera interactiva fue un privilegio que trascendió la distancia geográfica y acercó a nuestros estudiantes a distintas miradas, estilos y procesos creativos que nutren el quehacer literario contemporáneo. Durante este encuentro, los estudiantes se mantuvieron atentos, participativos y se convirtieron en interlocutores curiosos que aprovecharon cada intervención para adentrarse en los procesos de escritura creativa.
En el evento se abordaron temas tan humanos como el bloqueo creativo, las experiencias personales que alimentan la narrativa, la construcción del universo ficcional y, de manera muy concreta, los caminos posibles para llevar una historia desde la idea inicial hasta su publicación.
Resultó especialmente significativo que, en este mismo espacio, se brindara un reconocimiento especial a la Mtra Magaly Monserrat y a una servidora ,celebrando nuestra vocación como escritoras.
Esto nos unió y nos ayudó a compartir con los alumnos nuestras propias obras literarias, a través de códigos QR que permitieron la descarga directa de nuestros libros publicados, esta fue una manera cercana y contemporánea de demostrar que la escritura es un camino posible, tangible y profundamente gratificante.
Más que una presentación, fue una invitación abierta a atreverse a escribir. El acceso a la lectura como una puerta abierta al pensamiento crítico, la imaginación y el crecimiento personal. Durante el día diversos grupos participaron activamente, reconociendo el valor de la literatura no solo como herramienta académica, sino como una forma de entender el mundo y de encontrarse a sí mismos.
Es importante señalar que este espacio dedicado a la cultura y las artes fue posible gracias a la organización de Hevenesier Ruiz Gutiérrez, Líder de Biblioteca, CEDDIE, Efectividad Institucional y Sentido Humano, con el valioso apoyo de Gerardo Rosales Meléndez, quienes cuidaron cada detalle para que este evento culminara con éxito. Su compromiso y visión hicieron posible una experiencia formativa que difícilmente se olvida.
Eventos como este reflejan el propósito de la institución: ofrecer experiencias educativas positivas, con alcance internacional, que amplían la perspectiva de los estudiantes y fortalecen su aprendizaje desde un enfoque humano. La literatura, en este contexto, se convierte en un puente que conecta ideas, emociones y culturas, recordándonos que aprender también puede ser un acto profundamente inspirador y en este caso ver como las letras nos hermanaron con Argentina y Uruguay.",GOOGLE_NEWS_RSS
"Lo detienen en Ciudad Victoria, lo acusan de hacerse pasar por trabajador de la CFE en Tamaulipas - El Sol de Tampico - El Sol de México",2026-04-23 12:47,2026-04-23T12:47:17+00:00,El Sol de México,,https://oem.com.mx/elsoldetampico/policiaca/lo-detienen-en-ciudad-victoria-lo-acusan-de-hacerse-pasar-por-trabajador-de-la-cfe-en-tamaulipas-id29625870,https://news.google.com/rss/articles/CBMi5gFBVV95cUxPQ2NvSUhDUy1NSndEMU4tNXlPdWktaU4zWllXbmVEODF0WlZpR3MyRGRKaTI1X19PQU9TSDdyUTVuclVHWEpOZkZjTXVSZloxSDlwelg1TVlFSlk2ZE9fQl9SZERPbE0zbDIybks4aUF1S1R4M0VmU1V0VXQzaDBMMDUwbjZfWGVZNVNJdGxLb0NfWVpnSnBzRmhhd3VWUF92bVVraFN3TXJLM1l6eTJ6Y3psaGY4WVRxbHVxLWlRcWRGVnB2NlVUNlRoZF96alVJOVVOZVJGajJVRTBSbTJDRnVmNktJZw?oc=5,,"LO+VISTO1LOCAL“El casco no es accesorio, es vital”: Tránsito y Ejército Mexicano montan operativo para motociclistas en el norte de Veracruz2DEPORTES¡Van por el bicampeonato! Jaiba Brava elimina a Cancún FC y jugará otra final en la Liga de Expansión3TURISMOVolaris presenta su nueva ruta aérea en Tamaulipas: arranca con tarifa de 149 pesosAdolfo Ruiz NuñezLOÚLTIMOLOCALLocales cerrados abundan en vialidades del sur de Tamaulipas; digitalización y falta de estacionamiento, las causasLOCALPuerto de Altamira crece y alcanza tercer sitio en carga automotrizLOCALPrimer lunes de mayo: calor y cielo nublado en el sur de TamaulipasMUNDOAccidente en exhibición de vehículos en Colombia deja al menos dos muertos y 37 heridos
1LOCAL“El casco no es accesorio, es vital”: Tránsito y Ejército Mexicano montan operativo para motociclistas en el norte de Veracruz
2DEPORTES¡Van por el bicampeonato! Jaiba Brava elimina a Cancún FC y jugará otra final en la Liga de Expansión
LOCALLocales cerrados abundan en vialidades del sur de Tamaulipas; digitalización y falta de estacionamiento, las causas",GOOGLE_NEWS_RSS
"Solo 13% de lo recaudado ha sido aplicado en mantenimiento - El Sol de Tampico | Noticias Locales, Policiacas, sobre México, Tamaulipas y el Mundo - El Sol de México",2026-04-23 12:23,2026-04-23T12:23:26+00:00,El Sol de México,,https://oem.com.mx/elsoldetampico/incoming/solo-13-de-lo-recaudado-ha-sido-aplicado-en-mantenimiento-id28867589,https://news.google.com/rss/articles/CBMisAFBVV95cUxQSmR1dlM0YUNOaUdrZXp3LVhMVU5fSzZDNm9URlFIZWtCeHIxbXRMTENQdktlMVhyUm1rc3RybEhxQVYwQXdZaVh0YXh2Q2dYelFLRDVBMV9tX2ZaRmxXcERONUlkVXdCY2RMZEV4bDVTMmRVLXdDaUJOUkozU0Jpbmd4MTVQWkFVaG5ETjNUeEJZMzJMcEVNRldhdkhDcFFjSUhEeTI2RjhqVTZYLUNJeg?oc=5,,"LO+VISTO1LOCAL“El casco no es accesorio, es vital”: Tránsito y Ejército Mexicano montan operativo para motociclistas en el norte de Veracruz2DEPORTES¡Van por el bicampeonato! Jaiba Brava elimina a Cancún FC y jugará otra final en la Liga de Expansión3TURISMOVolaris presenta su nueva ruta aérea en Tamaulipas: arranca con tarifa de 149 pesosAntonio SosaLOÚLTIMOLOCALLocales cerrados abundan en vialidades del sur de Tamaulipas; digitalización y falta de estacionamiento, las causasLOCALPuerto de Altamira crece y alcanza tercer sitio en carga automotrizLOCALPrimer lunes de mayo: calor y cielo nublado en el sur de TamaulipasMUNDOAccidente en exhibición de vehículos en Colombia deja al menos dos muertos y 37 heridos
1LOCAL“El casco no es accesorio, es vital”: Tránsito y Ejército Mexicano montan operativo para motociclistas en el norte de Veracruz
2DEPORTES¡Van por el bicampeonato! Jaiba Brava elimina a Cancún FC y jugará otra final en la Liga de Expansión
LOCALLocales cerrados abundan en vialidades del sur de Tamaulipas; digitalización y falta de estacionamiento, las causas",GOOGLE_NEWS_RSS
"Cinthia Acosta, delegada del Bienestar en Ciudad Madero - El Sol de Tampico | Noticias Locales, Policiacas, sobre México, Tamaulipas y el Mundo - El Sol de México",2026-04-23 11:58,2026-04-23T11:58:10+00:00,El Sol de México,,https://oem.com.mx/elsoldetampico/local/cinthia-acosta-delegada-del-bienestar-en-ciudad-madero-id29540141,https://news.google.com/rss/articles/CBMiqAFBVV95cUxNMWM2RHRwV2lJZDNTUHVVRk1hT1dtLTRqOHBReEo2MFp4S0dJMEF6WExuLWxwUkxwUDV3b0dpOTZ2Q1lSWWlzWVR4ekRDQmZFUVhDWmVXWHFFWHFoODN2QlhfWnNXbU4xUnFhVVE1QkE4LTlPenRVOUM5VnhtNERpalpIbHBKcXZtdXl3N1czV1dFNGNPYmxtbHBjRHc1OVZzeGFEOWlYTFI?oc=5,,"LO+VISTO1LOCAL“El casco no es accesorio, es vital”: Tránsito y Ejército Mexicano montan operativo para motociclistas en el norte de Veracruz2DEPORTES¡Van por el bicampeonato! Jaiba Brava elimina a Cancún FC y jugará otra final en la Liga de Expansión3TURISMOVolaris presenta su nueva ruta aérea en Tamaulipas: arranca con tarifa de 149 pesosJuan HernándezLOÚLTIMOLOCALLocales cerrados abundan en vialidades del sur de Tamaulipas; digitalización y falta de estacionamiento, las causasLOCALPuerto de Altamira crece y alcanza tercer sitio en carga automotrizLOCALPrimer lunes de mayo: calor y cielo nublado en el sur de TamaulipasMUNDOAccidente en exhibición de vehículos en Colombia deja al menos dos muertos y 37 heridos
1LOCAL“El casco no es accesorio, es vital”: Tránsito y Ejército Mexicano montan operativo para motociclistas en el norte de Veracruz
2DEPORTES¡Van por el bicampeonato! Jaiba Brava elimina a Cancún FC y jugará otra final en la Liga de Expansión
LOCALLocales cerrados abundan en vialidades del sur de Tamaulipas; digitalización y falta de estacionamiento, las causas",GOOGLE_NEWS_RSS
"oficina fiscal - El Sol de Tampico | Noticias Locales, Policiacas, sobre México, Tamaulipas y el Mundo - El Sol de México",2026-04-23 10:26,2026-04-23T10:26:12+00:00,El Sol de México,,https://oem.com.mx/elsoldetampico/local/oficina-fiscal-id29542022,https://news.google.com/rss/articles/CBMic0FVX3lxTE1Ub0JpblJHcWcyMmg4bUJlVTV4R0V3aVNyNlg3eHF3MkpwVGlLS25jbUtkRy1pMnlEbG9LUGhZQW5lT3MzU19TajE1NVRmdFVTTk9PZ19UbGg2WjVYZVc2TThBVGNmb0lxZmFDd1Q3OVhtczQ?oc=5,,"LO+VISTO1LOCAL“El casco no es accesorio, es vital”: Tránsito y Ejército Mexicano montan operativo para motociclistas en el norte de Veracruz2DEPORTES¡Van por el bicampeonato! Jaiba Brava elimina a Cancún FC y jugará otra final en la Liga de Expansión3TURISMOVolaris presenta su nueva ruta aérea en Tamaulipas: arranca con tarifa de 149 pesosMariela MacayLOÚLTIMOLOCALLocales cerrados abundan en vialidades del sur de Tamaulipas; digitalización y falta de estacionamiento, las causasLOCALPuerto de Altamira crece y alcanza tercer sitio en carga automotrizLOCALPrimer lunes de mayo: calor y cielo nublado en el sur de TamaulipasMUNDOAccidente en exhibición de vehículos en Colombia deja al menos dos muertos y 37 heridos
1LOCAL“El casco no es accesorio, es vital”: Tránsito y Ejército Mexicano montan operativo para motociclistas en el norte de Veracruz
2DEPORTES¡Van por el bicampeonato! Jaiba Brava elimina a Cancún FC y jugará otra final en la Liga de Expansión
LOCALLocales cerrados abundan en vialidades del sur de Tamaulipas; digitalización y falta de estacionamiento, las causas",GOOGLE_NEWS_RSS
"Para muchas asistentes, la marcha no solo es una protesta política, sino un espacio de catarsis y sororidad. - El Sol de Tampico | Noticias Locales, Policiacas, sobre México, Tamaulipas y el Mundo - El Sol de México",2026-04-23 10:11,2026-04-23T10:11:38+00:00,El Sol de México,,https://oem.com.mx/elsoldetampico/local/para-muchas-asistentes-la-marcha-no-solo-es-una-protesta-politica-sino-un-espacio-de-catarsis-y-sororidad-id28856464,https://news.google.com/rss/articles/CBMi7AFBVV95cUxObl9RdlRxS09KYkVaMTA5R29DUWVZZ05HVkQ4VlJiUmpFNGc2b2ZhMS1Ed3NHRG5iRTRCYnJIVHZEX0Y0WnpHQkdyWlFIaUUxbG5BVXp1ZUlhVUlqWW9oQ3BJbkMtcFl2NXZ6c1BjWUhTRDNVby05TGtGYV9MMG1mR1IyWXZXWk9oc090NVhNUG0tRGgtY0dHT2hXdjBzSVRhYkxOUE9OQWZUZ2xLdTE1cExoZ0ZocHIxMFh4QVNxVDZlUVlEbG5GV213NF9CeGpCOXZUSjNscVU5QV9vOVpfcGk4V1A1N1NUdldIUg?oc=5,,"LO+VISTO1LOCAL“El casco no es accesorio, es vital”: Tránsito y Ejército Mexicano montan operativo para motociclistas en el norte de Veracruz2DEPORTES¡Van por el bicampeonato! Jaiba Brava elimina a Cancún FC y jugará otra final en la Liga de Expansión3TURISMOVolaris presenta su nueva ruta aérea en Tamaulipas: arranca con tarifa de 149 pesosEugenia GómezLOÚLTIMOLOCALLocales cerrados abundan en vialidades del sur de Tamaulipas; digitalización y falta de estacionamiento, las causasLOCALPuerto de Altamira crece y alcanza tercer sitio en carga automotrizLOCALPrimer lunes de mayo: calor y cielo nublado en el sur de TamaulipasMUNDOAccidente en exhibición de vehículos en Colombia deja al menos dos muertos y 37 heridos
1LOCAL“El casco no es accesorio, es vital”: Tránsito y Ejército Mexicano montan operativo para motociclistas en el norte de Veracruz
2DEPORTES¡Van por el bicampeonato! Jaiba Brava elimina a Cancún FC y jugará otra final en la Liga de Expansión
LOCALLocales cerrados abundan en vialidades del sur de Tamaulipas; digitalización y falta de estacionamiento, las causas",GOOGLE_NEWS_RSS
"Motociclista sale proyectado tras choque a la altura de Benavides Norte - El Sol de Tampico | Noticias Locales, Policiacas, sobre México, Tamaulipas y el Mundo - El Sol de México",2026-04-23 09:28,2026-04-23T09:28:50+00:00,El Sol de México,,https://oem.com.mx/elsoldetampico/policiaca/motociclista-sale-proyectado-tras-choque-a-la-altura-de-benavides-norte-id29234474,https://news.google.com/rss/articles/CBMixAFBVV95cUxQYmRNc2VEblc1OU5nN1Znd3ktRDNVcWNPRzdlYmdpTC02czJCdklTbFZqdm53Z3VhemxZcWZEem1CM0dzbU02LUlzWWh6OXRFWmtSUHdXdm9WTDhzVTc2T1hYcDhPNFpJZjVsX1VFVFlUcnBtWVFXRXR1ZENqT2ZqMHo2RzBacFVZTkRQN0E0d0dsODVmSXREVGRBRjJuOVg5V1drMWNZR0M1dW5hMVFnWlpRcjZBYS1VbTFoMDAwM09IRWhF?oc=5,,"LO+VISTO1LOCAL“El casco no es accesorio, es vital”: Tránsito y Ejército Mexicano montan operativo para motociclistas en el norte de Veracruz2DEPORTES¡Van por el bicampeonato! Jaiba Brava elimina a Cancún FC y jugará otra final en la Liga de Expansión3TURISMOVolaris presenta su nueva ruta aérea en Tamaulipas: arranca con tarifa de 149 pesosEugenia GómezLOÚLTIMOLOCALLocales cerrados abundan en vialidades del sur de Tamaulipas; digitalización y falta de estacionamiento, las causasLOCALPuerto de Altamira crece y alcanza tercer sitio en carga automotrizLOCALPrimer lunes de mayo: calor y cielo nublado en el sur de TamaulipasMUNDOAccidente en exhibición de vehículos en Colombia deja al menos dos muertos y 37 heridos
1LOCAL“El casco no es accesorio, es vital”: Tránsito y Ejército Mexicano montan operativo para motociclistas en el norte de Veracruz
2DEPORTES¡Van por el bicampeonato! Jaiba Brava elimina a Cancún FC y jugará otra final en la Liga de Expansión
LOCALLocales cerrados abundan en vialidades del sur de Tamaulipas; digitalización y falta de estacionamiento, las causas",GOOGLE_NEWS_RSS
UAT impulsa la IA: abre nuevas licenciaturas en Tampico y Nuevo Laredo - El Sol de México,2026-04-23 07:00,2026-04-23T07:00:00+00:00,El Sol de México,,https://oem.com.mx/elsoldetampico/local/uat-impulsa-la-ia-abre-nuevas-licenciaturas-en-tampico-y-nuevo-laredo-29623196,https://news.google.com/rss/articles/CBMiugFBVV95cUxQS2ZHZ2NKOGhydVJKZlpQQjJWd25FWmNmYUNXYUNJek9UNUNwMS1LWGxXOTd1eHFmanpWTnRwNVYtMzlFc1hfV2ZVLXhGUENDaWloQnFqemVBQzhLeVhTa3EtVXlKaGVJd25xdFZMYUY4UEsyemduRG5SajVabG1mUjdVaTBpb3ZuMTJtekhsMFFaRXE2ZGpnVFEyVXdmRUR3UVljRHI3RHg2NjFrdjZGNkJSUzg2bFhfUmc?oc=5,,"Localjueves, 23 de abril de 2026
UAT impulsa la IA: abre nuevas licenciaturas en Tampico y Nuevo Laredo
Los programas buscan responder a la creciente demanda de especialistas en tecnología y fortalecer la competitividad regional
Paulo Monsiváis
Los programas buscan responder a la creciente demanda de especialistas en tecnología y fortalecer la competitividad regional
Paulo Monsiváis",GOOGLE_NEWS_RSS
Classic 93.9 FM llega a Torreón con lo mejor del rock clásico - Milenio,2026-04-23 07:00,2026-04-23T07:00:00+00:00,Milenio,,https://www.milenio.com/espectaculos/classic-93-9-fm-llega-torreon-rock-clasico,https://news.google.com/rss/articles/CBMihgFBVV95cUxPSkdZVUYxTGFnZ180b0g2b0JYSnl6WkZNUjBDck93SUh0QjcwNzd1TlF4ZmZfc19ZM1dvX2M3NlFXY3FFRmIzdXlVbEFkaDM0eEQ1VmRGSGZaVDVIQzY2X2tQME1ES09JRDdHb0VBS0ZMY1lJVFRnbkVCVHRCU0tuREtIRUlhQdIBhgFBVV95cUxOUmJ5VlowWV9nb3FWZnRXdHNWZVloOFFkWnhRSU1Yc19TbDl6bjF5UVVMeV90T3FsbC1oNDQtU0p2Xzc1Z0c1QVpWMWI3YWhLMm9ESWxwZ180elZYZUIzMW5iSlR6am9mcEpSN3p4NWdzYm4taXJkMXNoTVgtT2g3a25GU2FDdw?oc=5,,"La estación Classic de Multimedios Radio llega con fuerza y mucho entusiasmo a Torreón, para que puedas disfrutar de tu programación favorita, con la mejor selección de rock clásico y éxitos en inglés de todos los tiempos, a través de la frecuencia 93.9 FM, que también podrás escuchar desde su página web.
En su visita a Multimedios Laguna, los locutores Rox Herrera, de El Morning y SabaRox; Ramiro Rivera, de Radio and Records; Ale Garza, de AleXtremo y Escape, y Fer Núñez, de Radiografía, aseguraron estar felices de promocionar la nueva estación en la región, con la que esperan estar más cerca de los radioescuchas.
""Classic es un concepto que, bueno, nació hace 50 años, que tiene la idea de presentar lo mejor de los clásicos y, durante estos 50 años, precisamente, se han acuñado muchas canciones que son ya de la banda sonora de las personas. Entonces, hacemos un curado de lo mejor desde los 60´s, 70´s, 80´s, 90´s y algo de los últimos veintitantos años en diferentes programas, que es presentado por locutores que no solamente les gusta la música, sino la viven intensamente"", detalló Fer.
Respecto a los horarios de la programación, Ramiro compartió: ""Estamos desde temprano; a las 8:00 de la mañana, está El Ático con Carlos Garza, después viene Andrea Zavala a las 11:00 con Master Studio, después llega Ale a las 2:30 con AleXtremo, después estoy yo a las 4:00 de la tarde con Radio and Records, después Fernando a las 6:00 con Radiografía y ya cerramos con Ale Garza otra vez en Escape, mucha actividad"".
Por su parte, Rox agregó que también hay programación los fines de semana.
""Los sábados está primero Andrea Zavala con Beatles One, a las 11:00 de la mañana, y el mismo sábado yo de 12:00 del mediodía a 4:00 de la tarde, precisamente para acompañarlos en ese trayecto donde a lo mejor van a salir a comer, a lo mejor es un día de paseo y de pronto agarran hasta carretera, no sé, y vas escuchando la estación, entonces trato de acompañarlos, pues con buena vibra, buenos clásicos, obviamente, y lo que me pidan prácticamente"".
La dinámica de la estación ya cuenta con algo estipulado, pero aseguraron que para ellos es muy importante escuchar sugerencias del público y atender las complacencias.
""Específicamente el programa de Escape de Ale se trata de eso, de escapar de la rutina y de sus complacencias a través de WhatsApp. Tenemos diferentes secciones, diferentes programas; hay programas un poquito más enfocados en música pop, otro como el mío que es más rockero, pero todos siempre englobando lo más destacado, o sea, es un curado de los clásicos, tratar de siempre presentar la crema de la crema"", aseguró Fer.
Cada locutor cuenta con su estilo personal y le pone sabor a su participación. ""Todos coincidimos en que nos gusta la música; como lo dijo Fernando, nos apasiona el saber y el conocer más; casi todo el tiempo estamos envueltos en conocer más sobre esta música que tanto nos gusta y creo que eso lo transmitimos para la gente que también le gusta"", afirmó Ramiro.
Ale aseguró que buscan siempre brindar información del artista que presentan, para complementar toda esa programación, ""y las peticiones que nos hacen llegar con esa información que vamos a dar o noticias del artista actuales, es para mantener esa vigencia en los clásicos que vamos presentando, pero es información primordialmente de la música que vamos presentando"".
Las ciudades donde podrán saborear ampliamente a Classic 93.9 serán Monterrey, Torreón y Tampico. ""Estamos en las tres ciudades, en radio en el 93.9 y en todo el mundo en la aplicación de Classic; la pueden bajar completamente gratis para Android e IOS. Estamos en mmradio.com, ahí está la transmisión de las tres emisoras que realmente es la misma; el concepto es el mismo, solamente se engloba en frecuencias distintas, pero el concepto es el mismo para todas las ciudades"", explicó Fer.
Para finalizar, los locutores invitaron a los laguneros a que los escuchen, ya que estarán cerca de ellos para conectar más y pasar momentos divertidos.
""No duden en comunicarse con nosotros, para estar en contacto y poder saber qué les gusta, qué tipo, qué género, qué artista, qué clásico quieren escuchar. Que conecten con nosotros prácticamente, con todo esto que les queremos transmitir, de tantos conocimientos como el amor que tenemos por la música, que literal conectemos juntos. La línea directa es a través de WhatsApp 8123191069, porque son tres cabinas distintas, son tres teléfonos distintos, pero el WhatsApp es solamente uno y en ese nos llegan todos los mensajes, complacencias y peticiones"", finalizaron.
daed",GOOGLE_NEWS_RSS
Corte frena que ISSSTE pague megadeuda de impuestos en CdMx - Milenio,2026-04-23 07:00,2026-04-23T07:00:00+00:00,Milenio,,https://www.milenio.com/politica/issste-no-pagara-megadeuda-de-impuestos-en-cdmx,https://news.google.com/rss/articles/CBMihwFBVV95cUxON1d4M2dRbURZcEVFR1pkSDZ3T0k5V0tMcWRFWVVMUkRPcVdvZ0IxSzIxdGNmaE1aNGJBV3R1NDlwMDBaV0ItMTJWTldXME9jVnlFdmx2clVDWUhFRzljN2hReWxGWmpYVW04MUZWQU9aVHpWcE80RnU4aEp2dWhrLThmQkctOG_SAYcBQVVfeXFMUGhIQUxPN0d0NGlkb0FSSFNWXzI4cWxHeFFETFZIdEEyUkduRXl3bm5sNWZNaWRrRE9lQTl2Q3NvSUJBa3EyamdhUmdaeFZrNFByc1NYTU5uMzlpRGRLMlJnRUlsU3lmVFF0Tkd2elVDcDBxLTZ2cmg1RXhoV1FWNnNfOEJ1ejVV?oc=5,,"La Suprema Corte de Justicia de la Nación (SCJN) revocó la sentencia de un Tribunal Federal que rechazó amparar al Instituto de Seguridad y Servicios Sociales de los Trabajadores del Estado (ISSSTE) contra el pago de 5 mil 810 millones de pesos por adeudos de créditos fiscales al Gobierno de la Ciudad de México.
El presidente de la Corte, Hugo Aguilar Ortiz, propuso a la ministra Lenia Batres Guadarrama dejar para otra ocasión la discusión del tema, pero no aceptó.
María Estela Ríos se opone al proyecto
La togada presentó un proyecto a favor de la institución. La única persona que habló y se opuso a la propuesta fue la ministra María Estela Ríos González.
Ahora, el asunto volverá a un Tribunal Colegiado para que emita una nueva sentencia para que se recalcule el monto de la deuda de seis créditos fiscales correspondientes a los años 2009, 2010, 2011, 2012, 2013 y 2017, por conceptos de impuesto predial, impuesto sobre nóminas y derechos por suministro de agua.
La ministra ponente mencionó que los inmuebles destinados a servicios que se relacionan directamente con la prestación del servicio público de salud, como pueden ser entre otros los hospitales, clínicas, farmacias, oficinas de atención al público, deben estar excluidos de gravámenes locales.
Dijo que la exención constitucional no puede extenderse a toda clase de bienes inmuebles que pudieren no haberse destinado al servicio público, como pueden ser oficinas administrativas que no ofrecen atención al público o bienes inmuebles desocupados.
¿De qué trata el proyecto de Lenia Batres?
Lenia Batres puntualizó que el cobro que busca hacer el gobierno de la Ciudad de México supera incluso el presupuesto del ISSSTE.
“Cabe mencionar que el gobierno de la Ciudad de México pretende cobrar al ISSSTE una cantidad aproximada (...) Estamos hablando de una demanda interpuesta en 2017, una cantidad aproximada de 5 mil 810 millones de pesos, mientras que en el Presupuesto de Egresos de la Federación para el ejercicio 2026 se asignó como gasto neto total para la Cámara de Senadores 5 mil 103 millones 817 mil pesos y para la Suprema Corte 5 mil 208 millones 743 mil 404 pesos”.
“Es decir, pretende o pretendería realizarse, de consumarse la demanda original, un cobro mayor únicamente por lo que corresponde a los impuestos del ISSSTE que el presupuesto de tales dependencias para 2026”.
Además, añadió, se pretende cobrar al instituto alrededor del 20 por ciento del total de los 28 mil millones de pesos que el gobierno local pretende cobrar este año solo de impuesto predial.
RM",GOOGLE_NEWS_RSS
Economía en México está peor que en la pandemia: Coparmex - Milenio,2026-04-23 07:00,2026-04-23T07:00:00+00:00,Milenio,,https://www.milenio.com/negocios/economia-mexico-2026-pandemia-advierte-coparmex,https://news.google.com/rss/articles/CBMihwFBVV95cUxQczE2TFlWY28xWmpvVUVrMmZPc05jbVhKY0JIbWtaSEJzV2hxUkh1dWdGcnhxUkpfSC1pdjVuSm5wTnJwN0N4Vy1PTE14MFhXaW1DODJhY1J6R0RLQjQ4Sm5MMnVMLWJ0a0FvYlg4Y3pOX0RMUnczalEyTlRPOTlfS1FYSFdGdHPSAYcBQVVfeXFMT3J0TzFvQkpTeWF3NDVTdWhYQzRIeldoS1BIemk4OEhwSk9TTGpaZ3kzMm9OM3VtdlE5NUJfWVZiNU5fTWt5cnJnLTRVUUh6M2pCMEZyTnQ5RnRMbk8tZzZXQjJIb3AwNWlYUTh6U3M3U2JpWmRfMENqMmlhb2hSOG5uYXF4REZN?oc=5,,"La situación económica en México rumbo al primer semestre del 2026 es catalogada por los patrones como difícil, al grado de vivir un entorno peor a la pandemia del covid-19, una incertidumbre que se arrastra por la reforma judicial, la falta de inversión, el gasto en seguridad y el crecimiento de la informalidad, aseguró la Coparmex.
Todo esto impide que el país tenga el crecimiento esperado, indicó el titular nacional Juan José Sierra Álvarez. Al participar en la celebración del 90 aniversario del Centro Empresarial Tampico, recalcó que el sector privado no necesita más reformas que incluye también electoral, sino acciones que den solidez a los dueños de capital al materializar sus proyectos.
“Peor que en la pandemia”, advierten empresarios
“La situación económica que vive México en este momento se encuentra peor que en la pandemia, es una expresión de muchos empresarios que visitamos en varias regiones del país. Eso nos debe quitar el sueño y hacer reflexionar, para ejecutar acciones en favor de la inversión, de la confianza y vaya en la dirección del desarrollo económico del país”, mencionó.
Puso como principales factores la falta de certeza jurídica que provoca en los extranjeros resguardar inversiones, arrastrado tras la reforma aprobada a finales del 2024 y con la posterior elección de jueces y ministros del poder judicial el año pasado.
“Ese inversionista quiere reglas claras, que no cambien, pero se están modificando sin consenso y es la peor señal que podemos mandar, ahuyentamos esos capitales. Nuestra posición como empresarios es que ya no nos sigan moviendo la mesa, ya no queremos más reformas, ni las necesitamos”, recalcó.
Empleo formal, con bajo crecimiento
Esto impacta en la apertura de fuentes laborales. Anualmente en el mercado tiene 1.2 millones de jóvenes que se gradúan de universidades y buscan un espacio, sin embargo, solo el 6 por ciento logra la colocación.
“El crecimiento del empleo formal en el último año fue el 23 por ciento, sin embargo, al quitarle a los elementos que laboran en las plataformas digitales tenemos que la generación de nuevas fuentes es menor”, acotó Sierra Álvarez.
Al mismo tiempo, los patrones aplican 20 por ciento más de sus ganancias en resguardar su negocio de la inseguridad. Esto impacta pues, indicó, “en lugar de utilizarse para protección, debería ejercerse en mejorar las condiciones de sus instalaciones e incluso expandirse y aumentar el número de empleos formales”.
Hacia el futuro espera un panorama diferente con la revisión y las modificaciones al T-MEC y dio su voto de confianza por sacar provecho del Mundial 2026, al esperar miles de visitantes internacionales por el evento deportivo.
SJHN",GOOGLE_NEWS_RSS
¡Adiós a la salsa! Tomate se encarece 100% en Tampico y la región - Milenio,2026-04-23 07:00,2026-04-23T07:00:00+00:00,Milenio,,https://www.milenio.com/comunidad/precio-tomate-dispara-100-tampico-encarece-alimento,https://news.google.com/rss/articles/CBMijgFBVV95cUxNSkRvYjE1T1VGMG9qNnZtWjBGcFZZb19fOHhVajdWWTRlUDBTelR1SlNkNXVOMFBnR3djRHRpMFNGRmNkOENoS3BZMncwbS0ybnRGcWJuM0ZDQjR5MlVLTzgzMlZURWw3czNsMEhWYUtFN3FTX21nX2lpWTNSZUxrNlkxRllkZ1J1bjFsUER30gGOAUFVX3lxTE1sTElZM3d1ejZuMV9mT2Q0ZmFfYTVrNFBiWGJfN2hzcUF4enhwTnhxT3pSM0hmZlNuYTlWdGFBNThpU0xiWlE2NXlIcE9FWC1IVHFCVG9NamxVZjlBVW1GWFBrWmhWOXFBNzFYRnVac0c1ZHREekdBMmp4THNzMjE0aUVjbFpwWm5qVnpMbUE?oc=5,,"Se registró el aumento más marcado en el costo del tomate en el mercado municipal de Tampico en hasta 100%, una zona en la cual se había mantenido al margen y los costos no habían aumentado drásticamente.
Los comerciantes del área gastronómica fueron los que detectaron este incremento de un alimento considerado básico en la gastronomía local, al ser un ingrediente principal para la salsas, sopas, caldos y cualquier cantidad de alimentos populares.
Precio se dispara de un día a otro
“En la mañana fuimos a buscar tomate y nos encontramos de que está a $60 por kilo, pero apenas ayer estaba entre $30 y $35, así que es un aumento de más del 90% o 100%”, detalló el comerciante Abel López Pacheco, quien tiene su negocio en el centro de Tampico.
Estos aumentos incrementan costos en $2 mil y $3 mil, ya que hay comerciantes que deben de comprar constantemente este tipo de alimento para la preparación de platillos, además de que es usado por la población como parte de la canasta básica.
“Para el negocio tenemos que comprar entre 50 a 60 kilos de tomate en la semana, porque es alimento que se usa para todo y eso que se trata de un negocio pequeño”, manifestó el empresario del área gastronómica del mercado.
Lo que les ha llamado la atención a los comerciantes es que el costo sea de un día para otro sin que haya motivos específicos para los incrementos, ya que si bien hay datos de que puede ser por la transportación, ante el aumento de la gasolina, hay quien refiere que se debe a temas del clima.
Subirán precios de alimentos preparados
Va a aumentar el costo de los alimentos preparados hasta 20% en el sur del estado debido al incremento de los vegetales de uso básico como lo es el chile, tomate, cebolla y también el de la tortilla, que parece inminente.
“Lo que es la comida corrida yo he procurado mantenerla en $50, que es la sopa del día, el guisado con arroz y frijoles, pero vamos a aumentar 10% o hasta 20% por ciento el costo”, detalló el comerciante.
Explicaron los comerciantes que el tomate durante el mes de febrero y marzo estuvo entre los $12 y $18 pesos. “Ahorita en el mes de previa Semana Santa aumentó hasta $45 o $50 pesos kilo, pero en los supermercados supera los $60 o $70”, expuso.
Supermercados alcanzan precios más altos
Inclusive hay algunas tiendas departamentales que lo tienen hasta en $70 por kilo, lo que se atribuye a la ley de la oferta y la demanda. En el mercado, explicó, el costo por kilo de tomate llegó a costar $50 como más elevado.
Posible aumento en el precio de la tortilla
Uno de los aumentos que están esperando que se puedan presentar en los próximos días tiene que ver con el precio de la tortilla, el cual está en evaluación por los empresarios del ramo en Tamaulipas.
SJHN",GOOGLE_NEWS_RSS
"Cierra de maquiladoras pega a economía local en Matamoros, Tamaulipas - Milenio",2026-04-23 07:00,2026-04-23T07:00:00+00:00,Milenio,,https://www.milenio.com/negocios/crisis-maquiladora-matamoros-golpea-ventas-2026,https://news.google.com/rss/articles/CBMihwFBVV95cUxNV2pqZXdjTS1rQXJ5bXJacW8xX1pSZ2hwLUVaUEx2alNhcUQ5OF9fVG9acEt4T3p3ZEpvWl8xS0JYM3VhYVp2UXRFQlVUZi1CckNiYnFLZWdONklTSHU5UmVyZEc5RGU4RHRVYVRxbUwyZWJfckdYQ1dwT3dKWUQ1UlhVVS0zOEnSAYcBQVVfeXFMUE9VMk04dmkwM3ZkVk4xQ1JoamhTcHpNZy1RRW9Iak9KclhxT2pQVFVmSl8tQnlFTm80WHpuZDZGMDg0WFZ0bW9ySUV3VWtoUF94TlJ4bEVpVUw2cU9pYTh0blhjN3NyQm5VOXp1U0xPSGFsYnRYQ0U3cU1xSXhjU1plalRfZFlz?oc=5,,"Los restaurantes y negocios en Matamoros resienten el golpe causado a la industria maquiladora en el municipio fronterizo en Tamaulipas, a raíz de los cierres de plantas y el desempleo de sus trabajadores en el arranque de 2026. Dichos establecimientos reportan bajas ventas ante lo acontecido en Tridonex y Trico.
Caída en ventas afecta hasta 50% al sector restaurantero
Los propietarios expresaron a la Confederación Patronal de la República Mexicana (Copamex) en esta ciudad el saldo actual, mencionó la presidenta de esta oficina Dolores Ramírez Andrade, aunado a la poca oferta laboral que permita la colocación de más de 3 mil obreros involucrados.
“La economía ha tenido un fuerte golpe a raíz de los cierres de las maquiladoras. Un ejemplo se encuentra en el ramo restaurantero, perjudicados hasta en un 50 por ciento en la reducción del consumo a raíz de estos casos, mientras negocios que venden otro tipo de productos cayeron sus ventas 30 por ciento en el año”, mencionó.
Huelga e incertidumbre tras bancarrota de First Brands Group
Ambas instalaciones ligadas al corporativo First Brands Group, declarada en bancarrota a finales del 2025, están actualmente en huelga luego que los directivos decidieron suspender labores y no dar parte al personal de los motivos como suspender sus sueldos. Aunque en Trico hay una firma interesada en adquirir los bienes, se mantiene la incertidumbre.
Buscan reactivar empleo con bolsa de trabajo emergente
“La problemática actual en la ciudad nos trae preocupados y ocupados. Hemos sostenido reuniones con los líderes sindicales y la industria. Nos agrupamos todos los organismos privados a fin de generar una bolsa de trabajo y abrir espacios a toda esa gente que perdió su sitio”, añadió la titular del organismo privado.
Entre ellos junto con el Servicio Nacional de Empleo (SNE) y la Secretaría de Desarrollo Económica en el municipio matamorense, abrieron vacantes en otros oficios a fin de mantenerlos vigentes.
Más de 3 mil empleos perdidos agravan panorama laboral
“Son 3 mil los empleos que se perdieron ante el cierre de las plantas manufactureras. Hacemos el esfuerzo por colocarlos nuevamente en el mercado laboral. Las vacantes no son suficientes, pero tratamos de mejorar la situación”, concluyó Ramírez Andrade.
SJHN",GOOGLE_NEWS_RSS
Tampico y Madero contra plaga de mosquitos: refuerzan fumigaciones - Milenio,2026-04-23 07:00,2026-04-23T07:00:00+00:00,Milenio,,https://www.milenio.com/ciencia-y-salud/refuerzan-fumigacion-aumento-moscos-zona-sur-tamaulipas,https://news.google.com/rss/articles/CBMimwFBVV95cUxPT0JfSkhJV3cxQVFHSHNXeW8zdWg1OUVfM0kwUGdsNXRnLXBudE5Jc2xDTms0aWxpM1pFZlhTMXVLbi1KVEVyQVFZZ1BKVzhQNWlwSlhNMUx6RTEyMFpqTWtwZzhRSEgyQkhhVENuMjhxcmRJX3VRbm5OT3FsNEo0WUZvQ2VaOXpHbUQwaENWdXdxTjZTMHR4UEpNd9IBmwFBVV95cUxPbUlNQ1pLdjE0eGlGNVNaUUNEME96OUVoNnBDZ0FydU1sV3cwbVNNTGUwUjJsMTVRS0o4bFVaNFBTMWE3MDA2LTNWQXZuSGNtS1ZiRDJzOWJEQ0x1Wk8wVW9kOFdsUk5tMEpkejM1VUZRVFV1YXk1VmlrTnBSWFg3ekdfTTRJbFJNLUxNS0ZxVndjTFoweFdNQms2bw?oc=5,,"Los municipios de Tampico y Ciudad Madero han tenido que cerrar filas contra el exceso de mosquitos con insecticida, camionetas, equipos para, la fumigación y hasta la gasolina, para ayudar a las áreas de Salud.
Medidas preventivas para la plaga de moscos
Una reunión realizada en la sede del Distrito de la Salud para el Bienestar Número II a cargo de Marco Antonio Robles, determinó que ante las quejas de los ciudadanos por la gran cantidad de moscos que han salido a las calles, es posible cerrar filas entre estado y municipio.
Ofelia Cantú, directora de Salud de Tampico, que fue acompañada por la regidora Dorena Caballero, comisionada de Salud en el municipio, aseguró que el municipio está aportando insecticida para matar a un mosco cada vez más resistente.
¿Qué se necesita para matar moscos?
Explicó que mientras la secretaría de Salud de Tamaulipas utiliza el Malatión para matar los moscos y es aplicado por el personal de vectores, el municipio ha tenido que adquirir Bifentrina, con el fin de hacer un compuesto más fuerte para eliminar a un mosco más resistente.
Además de dicho apoyo, Tampico y Ciudad Madero han dispuesto de unidades de Servicios Públicos, Salud, gasolina y personal para atacar al mosquito que ha sacado de quicio a los ciudadanos en los últimos días en todas partes, lo que hace difícil las actividades al aire libre.
Rosalba Hernández, directora de Salud de Madero, indicó que además de las camionetas que ha prestado el municipio, también han proporcionado equipo, personal e insumos para que el área de Vectores del Distrito de la Salud para el Bienestar Número II lleven a cabo las acciones.
¿Qué tipo de moscos son los que hay en Tampico y Madero?
Sergio Uriegas, responsable de Vectores a nivel Tamaulipas, destacó que el mosco que está apareciendo es el culex, una especie que no propaga enfermedades como el dengue, pero sí genera molestias entre la población que busca hacer actividades al aire libre.
“Es un mosquito que no representa daños a la población, que puede generar molestias, pero la ciudadanía no debe generar alarma”, destacó el funcionario de la Secretaría de Salud de Tamaulipas.
Marco Antonio Robles, responsable del Distrito de la Salud para el Bienestar Número II, destacó la disminución en los casos de dengue, ya que en este momento en Tampico tienen 3 casos, lo que representó una disminución del 94% en comparación con el año pasado.
AA",GOOGLE_NEWS_RSS
Hombres resultan heridos con fuertes quemaduras tras incendio de auto en Tampico - Milenio,2026-04-23 07:00,2026-04-23T07:00:00+00:00,Milenio,,https://www.milenio.com/estados/hombres-resultan-quemaduras-incendio-auto-tampico,https://news.google.com/rss/articles/CBMiiAFBVV95cUxNSk44SWdYUnh6RGdQbDk4bFh2RlhLbDJEdG04bkNEcWpqVGo1TGU5QU1zNlR4ZVVIS21La0Z1V1RBUWFRWkd5aGhheHN2ZWJ0c0JBX1dmcGdfMlViZEdrWnlVNDlSbk03ZE0wOXdyczZLRzJjRnNQMVBNVE9ZbThIOHpKOUR1MmNV0gGIAUFVX3lxTE9SdGt0Ri1XRHdTdXp3WVhibzdOb3c0OHFtNHFSUV84LVlfZ2JaNU9VRkI0bHNGa2hYNzJKa0d2ZDNtV1pJQjBBd0ZwNHN2cUJwNHA2UEJlcnZoSFp0c25BU2VXd2trQ0tFbkdkYjBqVy1KaHYyTjh0Z3ZKMElTSTB1NDlhOFdDd0o?oc=5,,"Dos hombres resultaron con quemaduras de consideración luego del incendio de su vehículo en la colonia Cascajal de Tampico la tarde de este jueves.
El siniestro se registró sobre la calle Industria, antes de llegar a la Tancol, lugar a donde se movilizaron los cuerpos de emergencia.
Esto ocasionó el incendio del coche en la colonia Cascajal de Tampico
Bomberos municipales se encargaron de sofocar el fuego en la unidad, provocado por la presunta fuga de gas LP de un pequeño tanque que llevaban al interior.
Hombres presentaban quemaduras en los brazos
Por su parte, brigadistas voluntarios le brindaron los primeros auxilios a los masculinos, de aproximadamente 30 años, quienes presentaban heridas en sus brazos. Posteriormente fueron trasladados a un hospital en un vehículo particular.
¿Por qué se incendian los autos?
El incendio en los automóviles puede ocurrir en cualquier momento, y aunque no es común, es sumamente importante tener en cuenta cómo actuar ante esta situación e incluso como prevenirlos.
De acuerdo con Joan Corral, dueño de un taller eléctrico, una de las principales causas que desembocan a este siniestro es un cortocircuito, derivado de reparaciones deficientes o improvisadas en la cuestión eléctrica.
El sobrecalentamiento del motor o las fugas de combustible son otras razones por las cuales un automóvil puede incendiarse, por lo cual es necesario realizar a tiempo el mantenimiento mecánico del coche, y más si saldrá a carretera.
Asimismo, tener un extintor dentro de la unidad es una herramienta bastante útil que se encuentra al alcance por menos de 500 pesos, lo que puede hacer la diferencia entre un intento de incendio y una pérdida total.
JETL",GOOGLE_NEWS_RSS
Se disparan casos de gusano barrenador en Tamaulipas en 72 horas y avanza en 13 municipios - Milenio,2026-04-23 07:00,2026-04-23T07:00:00+00:00,Milenio,,https://www.milenio.com/estados/gusano-barrenador-dispara-tamaulipas-sube-72,https://news.google.com/rss/articles/CBMiggFBVV95cUxNS052R2dlNllRWjBySVpYV05Gdl9raVZVQ2hkNS13RFFmNGx6QVFVQnlNVk9zRDJsaTFpQ1FVX2RrdWJTMG9CdmtYaFFPdUk0UGVuWVo3R1lzVFNBdUQ5cG9kMWoyLXpzRUYzS1Y1MDgtUkFaM283NGtHaUhselhiRGhR0gGCAUFVX3lxTE5adE1RbVhNVUc4d3VfZDNXMDVUSEVKQXJncG9pN3F0aGlTbWRtNHpqQVZZOVpTbHQ3S2NMTTc3TU5aLVhCSWNET245SHozdXJGUXdjdGdnemhZemZWLS1LdUFxeUdyeGxsV01aMk5oUUVYWFJwNER1THRheEVIc3dJZXc?oc=5,,"Se disparan casos de gusano barrenador en Tamaulipas. La presencia de esta plaga ha tomado un ritmo de propagación acelerado durante la última semana.
Incremento del 34% en solo 72 horas
De acuerdo con el más reciente reporte de la Secretaría de Agricultura y Desarrollo Rural (Sader), la entidad registró un incremento crítico al pasar de 78 a 105 casos activos en un periodo de apenas 72 horas.
La plaga ya alcanza 13 municipios
Este repunte no solo representa un crecimiento del 34% en la incidencia, sino que también extiende la mancha de afectación a 13 de los 43 municipios que integran el estado.
La rapidez con la que se han detectado los nuevos brotes ha puesto en alerta máxima a las organizaciones ganaderas y a las autoridades fitosanitarias de la región.
Panorama nacional del gusano barrenador
A nivel país, la problemática se extiende por 22 entidades federativas. Sin embargo, la reciente actualización sitúa a Tamaulipas en la quinta posición nacional por volumen de casos.
Estados con mayor número de casos
Solo está por debajo de Veracruz, que encabeza la lista con 199 reportes; Oaxaca, con 166; Chiapas, con 142; y San Luis Potosí, con 138.
El informe federal destaca que, aunque la plaga es una amenaza constante en zonas tropicales y ganaderas, la concentración de casos en el noreste de México obliga a reforzar los cercos sanitarios para evitar una crisis mayor que impacte directamente en las exportaciones y en el consumo local de productos cárnicos.
Casos en municipios cercanos a Tamaulipas
En municipios veracruzanos cercanos a Tamaulipas como Pánuco registran 7 casos, Ozuluama tiene reporte de 11, mientras que El Higo apenas uno.
SJHN",GOOGLE_NEWS_RSS
En Pueblo Viejo se va a armar el mitote al ritmo de la wewa: así celebrarán los 472 años de su fundación - El Sol de México,2026-04-23 07:00,2026-04-23T07:00:00+00:00,El Sol de México,,https://oem.com.mx/elsoldetampico/turismo/en-pueblo-viejo-se-va-a-armar-el-mitote-al-ritmo-de-la-wewa-asi-celebraran-los-472-anos-de-su-fundacion-29634391,https://news.google.com/rss/articles/CBMi6gFBVV95cUxNdklPaFVmM1FwYUdNOVRwanZQSlRmZ1dJbGYyYzRaSXl1RDliQ195NnlaeHFhdTFvZHh4R2twcFllNzg0dWxDVHJWclVmbXRQblFDaUJ1enQtUVVCTU1oczZPWHNydUxrQUZjS01iLVRGZ185cDhhV1d5QU93ZUtiN2JUY3lkNmNKdmpJSUZyc3FSclRqNTNuMlFJVl9WM2Z5eEVOQmxMYTBoeUdpOW9vMUduR1VBMVB1LXczOVhraWVOeFlNVXM4MVVhSUpSOXRFNHBtTzRPTl9ZVHlYcjRabWN6WmhKRjJwd3c?oc=5,,"Turismojueves, 23 de abril de 2026
En Pueblo Viejo se va a armar el mitote al ritmo de la wewa: así celebrarán los 472 años de su fundación
Del 24 al 26 de abril, el municipio veracruzano se viste de fiesta con una cartelera que incluye artistas populares y hasta concurso de lanchas
Paulo Monsiváis",GOOGLE_NEWS_RSS
Escuelas de Tampico requieren hasta 36 millones para enfrentar calor extremo - Milenio,2026-04-23 07:00,2026-04-23T07:00:00+00:00,Milenio,,https://www.milenio.com/comunidad/escuelas-en-tampico-enfrentan-dificultades-por-el-calor,https://news.google.com/rss/articles/CBMikwFBVV95cUxNWERFV2hEZS0yNWR4X0ZqR19tY25XQkM5VFpIZEdDSVQ3bVJMRHNYbkROcEYtcFVKQWc1bFJPeDBLaVlpZFdneVdERU1fOVFGS2Ztd2ZjZERhejRGNjZmRUlCa0lJNVlXSzlqYVBKM09HbDZ3U043Z09WVU1RRHRmWXlLUi1iR0VSZzI4Zl9PU0Z3TTTSAZMBQVVfeXFMUFQtSHc0TG1VQXJ6S2JMVFhWODR2cmQ5aGtpTFZ6QU52QjlTSzJubGJqeENLd1lqX3VEX3hNVnZHS2xYRlJHVzkxT0hsQjlRdEoxX1A5RHE3cWVORUVFWVd4YVYxbG5PQ0diNHpBUmc3Tmduc1NmTVgyamRXQW5uVmFsemY1bDZZSEdJejN6X3pmeE1j?oc=5,,"Hay escuelas de Tampico que han solicitado el apoyo a las autoridades educativas y de CFE por la necesidad de obras que les ayudan a soportar el intenso calor de la zona sur, en donde hay días donde se registran temperaturas de hasta 40 grados centígrados, así que buscan hasta $36 millones ya que en algunos casos los padres se tienen que cooperar.
22 planteles reportan necesidades urgentes
Alejandra Sánchez Sánchez, directora de Educación en Tampico, precisó que hay 22 instituciones educativas que han evidenciado necesidades enfocadas a enfrentar las inclemencias del tiempo, desde las techumbres hasta las instalaciones eléctricas.
Detalló que son 12 escuelas de Tampico que solicitan techumbres, dos de ellas secundarias y diez jardines de niños. Asimismo, seis son las que requieren mantenimiento por el mal estado de las mismas y se han acercado al gobierno municipal.
Se requieren hasta 36 millones de pesos
Insistió que tan solo en las techumbres se requiere una inversión de $36 millones, pero en el caso de las instalaciones eléctricas deben de pedir ayuda económica a los padres de familia para hacer algunas mejoras.
Se suman cuatro gestiones de cambio de instalaciones que solamente puede regular la Comisión Federal de Electricidad (CFE), así como cambio de transformadores y el cableado que no es suficiente o es obsoleto para brindar el servicio.
Dichas gestiones se encuentran en la Dirección de Educación en Tampico, pero también se ha tocado la puerta de las autoridades de Educación en Tamaulipas con la finalidad de poder resolver dichas necesidades de infraestructura.
SJHN",GOOGLE_NEWS_RSS
La Grilla - Milenio,2026-04-23 07:00,2026-04-23T07:00:00+00:00,Milenio,,https://www.milenio.com/opinion/editoriales/se-dice-en-la-grilla-tamaulipas/la-grilla_1138,https://news.google.com/rss/articles/CBMilAFBVV95cUxPaFRNOW9laTh1UTExRGw0cUczV2tpUWljZEVGZmc2UHlibGZTWHlEdnY4VWpWZ0paQThfenRiN0RUUnJvc29wOUMxR191TlFhNzU5ejJ4NThKSm8tOUk0T3M0N1p0UDNBNUpVVW5ZUGNUVzE3bHZWaHN3cDJMNEFhVHc4NlRRTDdGYzhaejR3S0EyWkJI0gGUAUFVX3lxTFBBTmJOYWFVT1hueDdFVmNwUUZteEluZERyLVpYRGpuOEszNk9iVTdBZkxOcTVaY29RbWNtcXlsRktHVWU2c3BIVmdkTVNSQXYycXJZSmdYR2UwZjVNdW5iRG9PUDF0NXc3WVl3M2xfRm42d1FpTDBOWVlVTGNsOVJjWUljX1VmODBubzg4UkUzQkU0dzE?oc=5,,"Que hay empresarios comprometidos con el desarrollo de Tampico; uno de ellos es Arturo Elizondo, exalcalde por Partido Acción Nacional, quien refirió que existe interés en participar en proyectos ambiciosos como la Reconversión del Puerto, que ya presenta avances como el remozamiento de la ex Aduana.
Que a través de redes sociales se dio un encontronazo entre la diputada por Tampico, Charo González, y Juan Manuel Pizaña. El edil no se guardó señalamientos sobre la falta de compromiso para resolver los problemas de la Comapa durante el último sexenio y hasta le reprochó pobres iniciativas y poco trabajo en territorio.
Que Gregorio Pego, el morenista que viene del sindicalismo heredado por su padre, se está convirtiendo en un personaje que va y viene en la política porteña. Almuerza con los panistas y come con los morenistas, pero además busca niveles más altos, aprovechando que lo escuchan, al menos eso es lo que se comenta.
Que el panista Edmundo Marón Manzur, integrante del cabildo de Tampico, asegura que gana, como regidor, el sueldo que corresponde a todos sus compañeros y rechaza tener algún beneficio adicional fuera del marco legal, así como cualquier tipo de contrato con el gobierno municipal. Anotado.
Que la rendición de cuentas de los entes públicos es todo menos eso: un reporte accesible para cualquiera sobre cómo se invierte cada peso del erario. Es el caso de las “percepciones extraordinarias”, que para Tampico son del orden de 42 mil pesos mensuales por cada regidor y un monto anual de 19 mdp solo en ediles. Conocer bajo qué criterio se reparten es, justamente, lo contrario a la transparencia.
Que hay personajes que desde el Partido Revolucionario Institucional brincaron al cabecismo casi por inercia. Es el caso de Miguel Gómez Orta, exlegislador y exfuncionario estatal, que como los topos asomó la cabeza ante la cercanía de 2027. Anda buscando endulzar el oído a los líderes de Movimiento Ciudadano, porque luce desesperado por encontrar cobijo político.
Que se acerca la conmemoración del Día del Trabajo en la zona, así que existe expectativa sobre cuál será la consigna en este 2026, ya que hace un par de años Edmundo García Román, dirigente de la Confederación de Trabajadores de México, pidió a los trabajadores no votar por Morena. La duda es si el discurso será el mismo o si cambiarán de ideología.",GOOGLE_NEWS_RSS
Transporte público deja 2 muertes en menos de 4 meses - Milenio,2026-04-23 07:00,2026-04-23T07:00:00+00:00,Milenio,,https://www.milenio.com/estados/aumentan-accidentes-trasporte-publico-tampico-registran-muertes,https://news.google.com/rss/articles/CBMimwFBVV95cUxPYk0xUlY1djNBMlluUUpjS09VaUxRVnJUcVJzcWZKNmJ4Y0p5UWxtelhRTkZhY3dsYlN3cTVuR0hCVTRvYzYwd3lzTklnTjN3VVJjSm9ucWd2VkRVSU5FNnlReWR2bkxObmdReTNrMEozSW16V295cllGRkRyX0x2VVBiWnMzYV9oamJlMXVJMWxEQnRockJzVmlDY9IBmwFBVV95cUxNeFpoWnFwRG5aVTJCeW5XbVZsVGdIUjdTZThPZ2hwX0ZOSWs3Uk16XzBvRERKNElHX194bFBCVFVZaTItd3pSTldzdm04eVlISUdKMl8tLWtMbjg4YWdGZTJGQ25MQXRhb1NtMkRvV2tabzdmTFdXdmFjU1o1NlhMeDNlMEpVUkJlczhSOWZPZTlnajBKUlR3Ymc5UQ?oc=5,,"En los primeros cuatro meses del año ya se han registrado dos accidentes fuertes por mes que están relacionados con transporte público, es decir, es una constante en este 2026, de acuerdo a las estadísticas y dos de ellos fueron mortales por atropellamiento.
Atropellamientos dejan sin vida a civiles
En lo que va del año se han registrado en promedio dos accidentes en los cuales se involucran a los choferes del transporte público, entre ellos dos atropellamientos, uno la semana pasada en la avenida Hidalgo y otro en Madero, a inicios de año, que costó la vida de dos personas.
¿Cuántos accidentes de transporte público se registraron en marzo?
Hasta mediados de marzo en la zona sur de Tamaulipas, de acuerdo a los reportes de vialidad, se habían registrado seis incidentes fuertes en los que se involucra al transporte público, a más de la mitad de abril, ya suman 9 percances fuertes.
Las autoridades de Tránsito y Vialidad de la conurbación conocen en que son quienes menos chocan; sin embargo, la Comisión de Tránsito de Tampico refirió que hace falta trabajo de la Delegación de Transporte, por ende este miércoles se reunieron con el Delegado.
Ultimo atropellamiento registrado
El último atropellamiento que se registró en el bulevar Adolfo López Mateos, casi esquina con la colonia Río Verde, fue el de una mujer de aproximadamente 40 años. En este caso el conductor de la unidad huyó del sitio tras darse cuenta que había afectado a un peatón.
Atropellos en zona sur de Tamaulipas
Sobre la carretera Tampico Mante, en el norte del puerto, una unidad de transporte de la ruta Aviación Américas, chocó contra una unidad particular y generaron tráfico en los carriles que van de norte a sur de la transitada vialidad.
Entre Tampico y Ciudad Madero se han registrado seis accidentes fuertes en los que se involucra al transporte público en poco más de tres meses, uno de ellos ocasionó la muerte de una mujer adulto mayor y un niño a causa de atropellamiento.
Fue el 2 de enero de este año, que un conductor de la ruta Tampico-Playa arrolló a una mujer de la tercera edad sobre la avenida Tamaulipas que quería cruzar la calle junto a su nieto. La mujer falleció en el sitio y el menor de edad en el hospital.
El jueves Santo por la tarde, se registró el choque entre un particular y un autobús de la Ruta Enrique Cárdenas González, cuando viajaba por su ruta en la avenida Cuauhtémoc, lo que dejó un saldo de 25 personas con lesiones leves, entre ellos cinco menores de edad.
Detalló el director de Tránsito de Tampico que “en el accidente de este jueves, en la calle Cuauhtémoc y Lerdo de Tejada, de la colonia Tolteca, la unidad de transporte público circulaba por preferencia de paso y, en una calle lateral, un conductor no respetó el disco de alto, generando un impacto contra el microbús, así que el chofer perdió el control y se impactó en contra de un taller”.
AA",GOOGLE_NEWS_RSS
"Se apagan las cantinas históricas de Tampico entre deudas, operativos, abandono y las secuelas del covid - Milenio",2026-04-23 07:00,2026-04-23T07:00:00+00:00,Milenio,,https://www.milenio.com/estados/deudas-abandono-pandemia-cierran-cantinas-historicas-tampico,https://news.google.com/rss/articles/CBMilwFBVV95cUxNaE1jdFlodDFCN0tQRGowMXhUbW5oWWJBNjZYcUVWUXZnT2NoMUlHVmpsR2NCbUJkMGhrUUEzeUJZVHItRVoxY1JWaENjT3dRMDB5WHo3Nm5WSzQ3UENZSFVrTmYxUGNhSEI1ejhjY0ZJZ0hEVm52cmlseERRTHZpLUFsTEZlcGMtY09GRFU0SmpJMVJGaWpJ0gGXAUFVX3lxTE1kZS1MWGtVZzRnNWdBNExhUE54OElMU3A1amdiZU9ycllKemRxU2c3SGJNM3daRmJiMGVBYjRUcFlhQVZUb3hST0RhTThHQ1pmR1phOUxKMlBsZkxuMGJKUUVLMjdCLU5nTjMzU3hfWUUzVnVBbF9VRnZ2UGpSUXVjcjJxRXVrTHdDclE5bkpWc1Y2d091MTg?oc=5,,"M+.- En una ciudad histórica como Tampico, donde la gastronomía, la música y las anécdotas se entrelazan con la bohemia de cantina, varios establecimientos del sector no sobrevivieron a la crisis sanitaria de hace un lustro.
Hoy, solo quedan inmuebles vacíos, con botellas rotas en el suelo y barras en el olvido, espacios donde alguna vez se contaron cientos de historias.
Fue en marzo de 2020 cuando los negocios considerados de “giros no esenciales” bajaron sus cortinas a causa de la pandemia de covid-19. Entre los más afectados estuvieron bares, cantinas y restaurantes-bar.
Uno de los casos es el de Luis Enrique Lara Ruiz, expropietario del Bar Shanghai, ubicado en la esquina de Carranza e Isauro Alfaro, en la zona centro del puerto del sur de Tamaulipas.
El empresario recuerda que el cierre definitivo ocurrió en marzo de 2022: “Después de la apertura gradual duré un año trabajando, pero ya no fue lo mismo; el bar desapareció y ahora en ese espacio hay otro negocio, con distinto giro y nuevos dueños”.
Negocios históricos que no resistieron
Fue un establecimiento con más de 60 años de historia; sin embargo, no pudo sostener los costos acumulados: permisos, servicios como agua y energía eléctrica, además de deudas arrastradas desde años anteriores.
El bar cerró y en su lugar hoy opera un restaurante con otro propietario.
Inmuebles abandonados y huellas del pasado
En distintos puntos de la ciudad aún quedan rastros de lo que fueron cantinas tradicionales. Algunos inmuebles permanecen desocupados, con vidrios rotos y puertas de madera deterioradas, lo que genera nostalgia entre quienes los frecuentaban.
Uno de estos espacios conserva el nombre de “8 Puertas Mérida” en su fachada. En su interior, la escena es de abandono: botellas en el suelo, basura acumulada y una barra de madera que, aunque intacta, refleja el paso del tiempo. El lugar, ubicado en la esquina de Obregón y López de Lara, fue durante años un sitio popular entre los tampiqueños.
Riesgos estructurales y rumores de reapertura
En redes sociales circulan versiones sobre un posible rescate de algunos de estos bares por parte de empresarios locales. Sin embargo, otros inmuebles representan un riesgo por su deterioro estructural.
Tal es el caso del Bar Tampico, en la esquina de López de Lara y Altamira, cuya fachada presenta daños visibles.
En el primer cuadro de la ciudad también permanecen cerradas las antiguas cantinas “La Tapatía” y el Bar Madrid, este último en la esquina de Obregón y Aduana, uno de los más recientes en cerrar. A ellos se suma “El Polo Sur”, ubicado en la colonia Del Pueblo.
Caída del sector y presión económica
Jesús Carballo Martínez, director de la Cámara Nacional de Comercio en Pequeño (Canacope), señala que al menos una veintena de cantinas cerraron tras la pandemia, debido también a los altos costos operativos, revisiones constantes y dificultades económicas.
“Antes había alrededor de mil 200 licencias de alcoholes en Tampico; hoy no superamos las 650”, indicó.
La carga financiera ha sido determinante. Muchos inmuebles que albergaron negocios durante 50 o 60 años no han podido reactivarse, pese a la recuperación paulatina de la vida nocturna tras los problemas de inseguridad registrados hace más de una década.
Operativos, costos y desgaste empresarial
El exceso de regulaciones también ha influido en el cierre de establecimientos.
“Las autoridades tienen operativos de alcoholes; súmale los de Coepris y otras dependencias. Llega un punto en que el empresario se cansa. A eso hay que agregar la nómina; por eso incluso empresas cerveceras decidieron cerrar bares en el centro”, explicó.
Panorama actual del padrón de alcoholes
Pedro Valladares, director de Alcoholes en Tampico, informó que actualmente existen 598 negocios registrados en el padrón municipal, distribuidos en toda la ciudad y en cumplimiento con los permisos correspondientes.
Además de cantinas, el padrón incluye restaurantes, bares, cervecerías, coctelerías y tiendas de abarrotes con venta de alcohol.
Aunque no hay una cifra exacta de cierres, la autoridad considera que el entorno de seguridad podría incentivar nuevas inversiones.
Esperanza de reactivación e inversión
“Ya hay empresarios interesados en abrir nuevos espacios. La semana pasada atendimos a inversionistas que buscan instalar un restaurante-bar; se les brindó asesoría y esperamos que concreten sus proyectos”, señaló Valladares.
Incluso, un joven empresario analiza adquirir un inmueble abandonado en la colonia Lomas de Rosales para abrir un nuevo bar.
Tradición, identidad y vida nocturna
Las cantinas forman parte del alma de Tampico. Históricamente, marineros que llegaban al puerto encontraban en estos espacios un lugar para convivir y saciar la sed, convirtiéndolos en puntos clave de la identidad local.
Hoy, siguen siendo un atractivo turístico, especialmente en periodos vacacionales y fines de semana.
La Ruta de las Cantinas
Un proyecto impulsado por el gobierno municipal es la Ruta de las Cantinas de Tradición, que busca ofrecer a los visitantes un recorrido por los establecimientos más emblemáticos, algunos con más de un siglo de historia vinculada al auge petrolero.
Actualmente, la ruta incluye: “El Porvenir”, “Cheto’s”, “La Nueva Generación”, “El Guante Blanco”, “Cosmopolita”, “La Sevillana”, “Salón Madrid”, “El Puerto”, “La Copa de Oro” y “El Royal”, en su mayoría ubicados en la zona sur de la ciudad.
“La presidenta Mónica Villarreal ha impulsado proyectos importantes como la Ruta de las Cantinas. Está llegando turismo y hay empresarios que siguen apostando por Tampico”, concluyó Valladares.
JETL",GOOGLE_NEWS_RSS
"Tampico tiene una nueva estatua, es en honor a Sor Juana Inés de la Cruz: te damos los detalles - El Sol de México",2026-04-23 07:00,2026-04-23T07:00:00+00:00,El Sol de México,,https://oem.com.mx/elsoldetampico/cultura/tampico-tiene-una-nueva-estatua-es-en-honor-a-sor-juana-ines-de-la-cruz-te-damos-los-detalles-29644114,https://news.google.com/rss/articles/CBMi3AFBVV95cUxOdFhidUVZc2w5ZG03WFZibTFZdHpRQ1pxcnRDYVA3Y1FmbkJlZnJmMUlDRE85czk3Szk3ZUxCeVhoaUJ0bnJvYkdRTTY1OE1nMmgxeUtWZHBSVG8yWDdBTC1XWnZJWWpLb0lEVmRNaU9Oa1R0SXhxQURtbkZhdHVqaFlLZUFMSzFLSF9VeGNaX2dFTmVQWTJmYVBqQW5EdFFROXJhTWk0dmc4NTlVMzZNWklyclBaam1xOHVsWE16T3FDU2w1cGx0M1Zrb0pqRmFlMWw0WFhrRmYyVFRN?oc=5,,"Culturajueves, 23 de abril de 2026
Tampico tiene una nueva estatua, es en honor a Sor Juana Inés de la Cruz: te damos los detalles
En el Día Internacional del Libro, la Plaza de las Artes se transforma para reconocer a mujeres clave en la literatura
Víctor De Sampedro",GOOGLE_NEWS_RSS
"Néstor Corona, el hombre del gol en el Jaiba Brava vs Atlético La Paz: su trayectoria en el futbol mexicano - El Sol de México",2026-04-23 07:00,2026-04-23T07:00:00+00:00,El Sol de México,,https://oem.com.mx/elsoldetampico/deportes/nestor-corona-el-hombre-del-gol-en-el-jaiba-brava-vs-atletico-la-paz-su-trayectoria-en-el-futbol-mexicano-29636279,https://news.google.com/rss/articles/CBMi7gFBVV95cUxOc0lYU3ZOcFk0X0taZUh3VVlhV0dVbGxzMUtzWUp1cDZjLXRwdVdsTkNxRE9MV0ZEcXZEWWI0MElCa056QmVZazk4eFJtS0VuakxqcEl6cVJxLUx1eFhNWHpNc2FuZ2dVZnJ3cFZQU3FlVjhKNUpTQkVZX3NoVXNIRnA2dFItbzctUk1tcDRTall3UGhNTVZMTExJZmdhbTNiLTdIN0U0Q2EtMWtUQnA3WTdOZ0xKYUwwLWk4VGIyMU9ybGptWU5QTTI2Smo4UjNSaVFZSjVlb2NMbEVrOXJMSTd2SFR3UDRDYlM1ejRB?oc=5,,"Deportesjueves, 23 de abril de 2026
Néstor Corona, el hombre del gol en el Jaiba Brava vs Atlético La Paz: su trayectoria en el futbol mexicano
Desde sus inicios en Pachuca, pasando por su debut en Mineros y su paso por Oaxaca, Corona ha demostrado que la persistencia tiene su recompensa
Gustavo Corona",GOOGLE_NEWS_RSS
¡Sí habrá puente! Confirman suspensión de clases este lunes 4 de mayo en Tamaulipas - El Sol de México,2026-04-23 07:00,2026-04-23T07:00:00+00:00,El Sol de México,,https://oem.com.mx/elsoldetampico/local/si-habra-puente-confirman-suspension-de-clases-este-lunes-4-de-mayo-en-tamaulipas-29640041,https://news.google.com/rss/articles/CBMiygFBVV95cUxNSWJJdVVJMkoxV3B1ODhKSl9MNEFLczd6SzFQMG5ZdFY3NER0LWJXNWVLbjZBVWVyS0dqWmZ2WWxRYWl0RzgyOHJ4Y1FIRjZ6NjBfNllLSWJTR3FuRUxFMjNTTW10NjBnMEs3T1FkS1RISTJOZURMcWVKRjJSbkpsNXprRzM5eGJNaVdiekdvN1QyMWpnMkZQb0hsd1RFUkxxaUkwNFpGRzRzaVFjcWdTbXdxQUVWakFyd2Z3X1ZPZkRDUXktdXhUbFJn?oc=5,,"Localjueves, 23 de abril de 2026
¡Sí habrá puente! Confirman suspensión de clases este lunes 4 de mayo en Tamaulipas
Además, se informó que la comunidad universitaria de la Universidad Autónoma de Tamaulipas (UAT) tendrá un periodo de descanso extendido
Adolfo Ruiz Nuñez y Mariela Macay",GOOGLE_NEWS_RSS
"Anuncian cierre del Hotel Ramada Wyndham, ¡dirá adiós al Centro Histórico de Tampico! - El Sol de México",2026-04-23 07:00,2026-04-23T07:00:00+00:00,El Sol de México,,https://oem.com.mx/elsoldetampico/local/anuncian-cierre-del-hotel-ramada-wyndham-dira-adios-al-centro-historico-de-tampico-29639514,https://news.google.com/rss/articles/CBMiywFBVV95cUxNa2lQdGJPckpXNjlySWhFT0tZaXZmWFhERHN2R1FZMzctSGVjZ05yZXdCaWgzS2VMb3p0MFlJUjRkWmdoQ1FjRUc5Q3BkeHU0cjJXLXBjMVYyejM4bDdXWU84UENRTkxneTg5T2R2Y2wyU0s2NFhYRHE0M2VBY1VVYVB5LWNjTGUxLXM1SFhsZlY2dzBTUVNmRzFhSC1UUmI2bkkzUDJSbzdWTnpzSDRNeWpKS1BZOGI1QkloM3JkVEdET1kxZkRscVJ6OA?oc=5,,"Localjueves, 23 de abril de 2026
Anuncian cierre del Hotel Ramada Wyndham, ¡dirá adiós al Centro Histórico de Tampico!
Cuenta con 105 habitaciones y una gran ubicación en el Centro Histórico, tenía una vista directa a la Plaza de la Libertad
María Macías",GOOGLE_NEWS_RSS
Centro de Tampico sin luz: CFE reprograma corte de energía nocturno para el lunes 27 de abril - El Sol de México,2026-04-23 07:00,2026-04-23T07:00:00+00:00,El Sol de México,,https://oem.com.mx/elsoldetampico/local/centro-de-tampico-sin-luz-cfe-reprograma-corte-de-energia-nocturno-para-el-lunes-27-de-abril-29636893,https://news.google.com/rss/articles/CBMi2AFBVV95cUxPSGxTLTdTWjI1ZkNKcFNueDhDcXdGeWFzX285MGdhRmZwc2w0V3VqdG9LMVQ1ZFdCWGtNUS1kSzcxYVI4NFhUdDd3VmlZOE9DNzVVT1dzTVpDcW0tR3RhT3J5dHZuNzlsajBtZElhWjFfWHFmRXptODcybG1kZ3BKek5jRFBtQVhzWk1FajRCUFpxaHprYlF5YW9sa1Y0dm9hTTRBWllxdV9aa2N0cUZLTHctR0RoZ0tGaUc4LXF3V3ZkSTB3bEozaXNCV1AwcWJrQmM2NGVsR0k?oc=5,,"Localjueves, 23 de abril de 2026
Centro de Tampico sin luz: CFE reprograma corte de energía nocturno para el lunes 27 de abril
La interrupción del servicio será por trabajos de mantenimiento y podría volver a reprogramarse si se presentan condiciones climáticas adversas
María Macías",GOOGLE_NEWS_RSS
De Tancol a la cocina más famosa de México: tampiqueño busca conquistar MasterChef 2026 - El Sol de México,2026-04-23 07:00,2026-04-23T07:00:00+00:00,El Sol de México,,https://oem.com.mx/elsoldetampico/gossip/de-tancol-a-la-cocina-mas-famosa-de-mexico-tampiqueno-busca-conquistar-masterchef-2026-29637722,https://news.google.com/rss/articles/CBMi0gFBVV95cUxQUVdQVzh4QUh6R25kRWxDNXBxTnNNTy1fc2U1ZG04NmcwOVYtMGtsLWRUQmpKaEtvZUNSQ01KN0VlenpveDhwRVBpZ1JOU0VBYm5NRTZjMFo1Zkw3dFN6WFVwZGxGOG1LY2k0b1RRY2NuelB6bWRQZ1E2dS11TVNwT1BfN1Z1UXlnLXBlOG9xNDE5TGpkSDlOaGV3TV9QbEt6UnlGdjlIWDlvcmltU3F0b09BNE43VXVOZHJRWnY2V1NJTTVzZmJ5eXoxX0I4cHdHYmc?oc=5,,"Gossipjueves, 23 de abril de 2026
De Tancol a la cocina más famosa de México: tampiqueño busca conquistar MasterChef 2026
Conocido como el “Cocinero Loco”, busca llevar el sabor de Tampico al reality show gastronómico más importante del país
Carmen Jiménez",GOOGLE_NEWS_RSS
¡Imagínese! / El regreso de los ex - El Sol de México,2026-04-23 07:00,2026-04-23T07:00:00+00:00,El Sol de México,,https://oem.com.mx/elsoldetampico/analisis/imaginese-el-regreso-de-los-ex-29623381,https://news.google.com/rss/articles/CBMiigFBVV95cUxPYVRRaWZSR0lRVnBPMjRjb0tvT2JoRmtkM3QzWnhMR0pkVXI0WHYtZUpyTnVpQUsxREVCVTVsaWhDUFVKQ04zUU5qcWdQQ0xleFo4YVBOZ1dUd1laNFhFYmNsX2JSQVV3b1hVcG1vU3hLamFscFRkZEhrYW5TczFndFUweXd2SERZRFE?oc=5,,"Análisisjueves, 23 de abril de 2026
¡Imagínese! / El regreso de los ex
Las opiniones vertidas en este artículo son responsabilidad de quien las emite y no de esta casa editorial. Aquí se respeta la libertad de expresión
ÚLTIMAS COLUMNAS
Más Noticias
COLUMNAS
CARTONES
LOÚLTIMO
Newsletter
¿Te quedas fuera de la conversación? Mandamos a tu correo el mejor resumen informativo.",GOOGLE_NEWS_RSS
Jueves de salsa en Tampico: el ritmo que está revitalizando la zona peatonal en la zona centro - El Sol de México,2026-04-23 07:00,2026-04-23T07:00:00+00:00,El Sol de México,,https://oem.com.mx/elsoldetampico/tendencias/jueves-de-salsa-en-tampico-el-ritmo-que-esta-revitalizando-la-zona-peatonal-en-la-zona-centro-29633979,https://news.google.com/rss/articles/CBMi4AFBVV95cUxOeWNIdEd0bVpGb05Zbm1UMFdZSFJqeld5TXh4a2ZCekhHZE5XYWViZUhwcEl3QW1zaGZRbHk4bGtHckN3emlyTnBxUEk0aC1MSUtjdDhGaVBPeWVSNE1IZmh4UmYwbDVUemExaHZCYWJLcmk0MWFyQjFDRlhLbnByX2Z3VmlsSm5OOXNILVRJT2Nxd2llNXNhM2dpQkpxVXpFUjNOblRDRnVuTnQ3MTdCRzZ2b1B3bm9CR0xzNG5MZk93RDVTMDluMUhNWS1sdzhQSVZvZU1sWXRtYkFIUjdPcw?oc=5,,"Tendenciasjueves, 23 de abril de 2026
Jueves de salsa en Tampico: el ritmo que está revitalizando la zona peatonal en la zona centro
Frente al Hotel Inglaterra, el grupo “Salseando Tampico” y el maestro Marquitos Aguilar invitan a clases gratuitas
Miguel Díaz",GOOGLE_NEWS_RSS
Transporte público reestructura 5 rutas; ahora será más fácil llegar al nuevo Hospital del ISSSTE en Tampico - El Sol de México,2026-04-23 07:00,2026-04-23T07:00:00+00:00,El Sol de México,,https://oem.com.mx/elsoldetampico/local/transporte-publico-reestructura-5-rutas-ahora-sera-mas-facil-llegar-al-nuevo-hospital-del-issste-en-tampico-29635474,https://news.google.com/rss/articles/CBMi7AFBVV95cUxNS3B6V0o0aVFOdm1qa2V0eDRLdUNRQklMeUxoZDktRldzWU9PRnBHQUREOGZYT1VXMF9CMkFEbWdqaDJ6YTkwcm5pS1FKelEzUVNmcG5HX3J3dllnd2Z4MUxPdGtmeUpveXBDaEs1UllxOUFEX0Q4Y0JnMXMzRHRlVmZISTRwcWVteGQ2cXd1MzlNaGNwSUNlMGlCeXAwSklrNGJ2LUZqUDYwMTJJcVY3OEdYZEZzVUNkMGkwVWt3M2FDdGJTbDh4TzhuTWpkVXRCZG9NV0V1a0pNUUtkbzljRXdyYndjN3lkREl0RA?oc=5,,"Localjueves, 23 de abril de 2026
Transporte público reestructura 5 rutas; ahora será más fácil llegar al nuevo Hospital del ISSSTE en Tampico
Reconfiguración de rutas busca atender la demanda de movilidad en la zona norte. Este lunes comenzará a transitar una de ellas
Yadira Hernández",GOOGLE_NEWS_RSS
¡Con pie y medio en semifinales! Mineros y Tampico dan golpe de autoridad en Expansión - El Sol de México,2026-04-23 07:00,2026-04-23T07:00:00+00:00,El Sol de México,,https://oem.com.mx/esto/liga-expansion/liguilla-liga-de-expansion-clausura-2026-mineros-de-zacatecas-y-tampico-madero-ganan-en-los-cuartos-de-final-de-ida-29628106,https://news.google.com/rss/articles/CBMi9gFBVV95cUxNUzczVGFCQlJMUjdCRTh1NkZ2REpYU0ROaTZzYUtjN01YNFN1MnlqcVRDTUNDMUpFcW9uMEhGTjJiZmlFZGlTZnJ4eTFLTGRGcUdfSlRYY0kyck92dmh0aVVTbzlsSmRuT2JPRnprNUtkeFhmdEdNODJvdXFrN183TkxFdHQ3Ymk1RG5sbzA4dFpzOGZHakM2ZC04WG95SGljR1B6VGZESnl0NGdXVFB0MlZzRXkxd1hESzZhNUVXQXMzQzV0OHFOYjZpOHcwYks1Q0hGYnZyekJIdThJRjBxaG4wVVZWS25fOTI2ZmZldDNhTUlkcXc?oc=5,,"¡Con pie y medio en semifinales! Mineros y Tampico dan golpe de autoridad en Expansión
Mineros de Zacatecas y la Jaiba Brava vencieron de gran forma en los cuartos de final de ida
Rafael Santiago / ESTO
Mineros de Zacatecas y la Jaiba Brava vencieron de gran forma en los cuartos de final de ida
Rafael Santiago / ESTO",GOOGLE_NEWS_RSS
Con golazos de Néstor Corona: la Jaiba Brava triunfa en el partido de ida contra Atlético La Paz - El Sol de México,2026-04-23 07:00,2026-04-23T07:00:00+00:00,El Sol de México,,https://oem.com.mx/elsoldetampico/deportes/con-golazos-de-nestor-corona-la-jaiba-brava-triunfa-en-el-partido-de-ida-contra-atletico-la-paz-29627997,https://news.google.com/rss/articles/CBMi4AFBVV95cUxQVTV4NVlBZXdfdUVYMDctclBCLUctWFNEYW1WT1VEOHN0QXA1ZzZIOV9TTC0zRGV5WGVDNmZQeXRIYUQ0ZmNzSnE0YXJDVE9sZ1hLbzJtYTJvMDFmSkI4dkpOcHdBWkthTmxjZUhDUWlWUFpmS09PN2NaSzUxV0x3MlF4ODB2WVhQNzVmQTd6OGtKdmVfby1BOW5oY3NmNjg3WmZSQ0N1dXd4QkRka0RudXJvVmdhT1dqWEZZYXRLV2J4UmtLREhNWno3YjIyaFdlUzY3bDBvRDNHQi1OZDVGNA?oc=5,,"Deportesjueves, 23 de abril de 2026
Con golazos de Néstor Corona: la Jaiba Brava triunfa en el partido de ida contra Atlético La Paz
Un triunfo que permite a los celestes soñar con las semifinales, aunque primero tendrán que encarar la vuelta como visitantes el próximo sábado
Héctor Rivera",GOOGLE_NEWS_RSS
"Aprender idiomas, debatir filosofía y encontrar una familia: así funcionan los clubes de lectura en el sur de Tamaulipas - El Sol de México",2026-04-23 07:00,2026-04-23T07:00:00+00:00,El Sol de México,,https://oem.com.mx/elsoldetampico/cultura/aprender-idiomas-debatir-filosofia-y-encontrar-una-familia-asi-funcionan-los-clubes-de-lectura-en-el-sur-de-tamaulipas-29617187,https://news.google.com/rss/articles/CBMi_gFBVV95cUxQX2NYS1lTX00yTVYyN3N3NnMwVlIyZHhIS1NqeTF6V2M2WWNOcGlsalNyMDNhcTU5c0xLMXpPRXJJeXJDeXp5RkxuTTVCUWxTa3BCNXVHV2ZGcWo4cWlQa203NUFtMExUck04U2lGbTVtS2JwbUU0aUJOOG11Z18zWnY3V191V1BNZjdaOXNvYUNVV3JDQ1NyYlIxLTQwUXI1UmhQVGF5ZzJqSWtQeGFyR19lWjdVaXJwaGhoMm1TTmJiaWtESHE2MEdRcEYxYkJfSnBTdkZobUNTU3JwZjFwUEZGZHRncm1aVGVZbmZia0VtTnJPVmxON2NGeTEzdw?oc=5,,"Culturajueves, 23 de abril de 2026
Aprender idiomas, debatir filosofía y encontrar una familia: así funcionan los clubes de lectura en el sur de Tamaulipas
Estos proyectos culturales impulsan el diálogo, la reflexión y nuevas formas de convivencia más allá de la lectura individual
Víctor De Sampedro",GOOGLE_NEWS_RSS
"Joel Fabián convirtió el parque Méndez en una barbería - El Sol de Tampico | Noticias Locales, Policiacas, sobre México, Tamaulipas y el Mundo - El Sol de México",2026-04-23 06:17,2026-04-23T06:17:59+00:00,El Sol de México,,https://oem.com.mx/elsoldetampico/local/joel-fabian-convirtio-el-parque-mendez-en-una-barberia-id29527813,https://news.google.com/rss/articles/CBMiqAFBVV95cUxNeWpmaUlpLUtKQU9pMU5uSXpMTWlFMGZKemNaeTRFaGp4ZWlySV9vNmFpVGJ2Ml8zcVdoMnRYWlJ1dDYwXzFndkdDMGFTRFFPa2I3d0prUFBvZWl6d082dW1FVlhpSFNKV09rTWxnVnNxV19wbmhSaVZIUUhvNmxFUWVjQ2t5aFp2TGY2ZkZkRW5EdV8yLU04a2FxejFabEg4c2wtQTNqS20?oc=5,,"LO+VISTO1LOCAL“El casco no es accesorio, es vital”: Tránsito y Ejército Mexicano montan operativo para motociclistas en el norte de Veracruz2DEPORTES¡Van por el bicampeonato! Jaiba Brava elimina a Cancún FC y jugará otra final en la Liga de Expansión3TURISMOVolaris presenta su nueva ruta aérea en Tamaulipas: arranca con tarifa de 149 pesosVladimir MezaLOÚLTIMOLOCALLocales cerrados abundan en vialidades del sur de Tamaulipas; digitalización y falta de estacionamiento, las causasLOCALPuerto de Altamira crece y alcanza tercer sitio en carga automotrizLOCALPrimer lunes de mayo: calor y cielo nublado en el sur de TamaulipasMUNDOAccidente en exhibición de vehículos en Colombia deja al menos dos muertos y 37 heridos
1LOCAL“El casco no es accesorio, es vital”: Tránsito y Ejército Mexicano montan operativo para motociclistas en el norte de Veracruz
2DEPORTES¡Van por el bicampeonato! Jaiba Brava elimina a Cancún FC y jugará otra final en la Liga de Expansión
LOCALLocales cerrados abundan en vialidades del sur de Tamaulipas; digitalización y falta de estacionamiento, las causas",GOOGLE_NEWS_RSS
"Los Daniels regresan con música nueva y presentan a Kike Jiménez, su actual vocalista - Milenio",2026-04-22 07:00,2026-04-22T07:00:00+00:00,Milenio,,https://www.milenio.com/espectaculos/musica/los-daniels-presenta-su-nuevo-vocalista-kike-jimenez,https://news.google.com/rss/articles/CBMinAFBVV95cUxQRlFLbHo0N2Q3SW56NGNGbThJOFVxMGszc2U1amc5TjFoZ1N4TlNmRjY3MTNObnF3OEY5djYwZGtkUjNZRGVJQ3BkXzlvd29VLWxqSTJBQ1ZVRUNVU2RXeGVXbjhSUlRwSHZabmZxa0J4dEJ5U3owS1RUSzhVcDFpVHJzWDdmVGRQR1hZa2NrNW5Bb3RCMGpabjBBYm_SAZwBQVVfeXFMTzh2Nmh2S2ZENG5hZnBubFl2alA3Y1FDeW5kS2I0OXl4UjJsenlwemo5dXNFRV9GTzR0R3dHR2hnQTFMV3JnZG55eDFxTmZqSHR0bzlQWGhZbS1oRnlBVXg1Y0dWSG1oeHJuRTNWbmZnUjQ2alVwY0NoUUVxaS1uV2tpQ2Z4WUdOUkItNWpuenBFV3ExZGllOFlMZUVO?oc=5,,"La escena del rock mexicano vive un momento de constantes cambios, donde las bandas buscan reinventarse sin perder identidad. En ese contexto, Los Daniels, con nuevo vocalista y su reciente sencillo han comenzado a generar conversación entre seguidores y oyentes, marcando una etapa distinta en su trayectoria sin revelar aún todo lo que prepara el grupo.
Con nueva alineación y energía renovada, Los Daniels arrancan una fase que, aseguran, responde a un proceso natural más que a una estrategia planeada. El regreso de integrantes originales como René Lugo y Charly Palomares, sumado a la incorporación de Kike Jiménez como vocalista, ha permitido reconectar con la esencia del proyecto, pero desde una perspectiva más madura.
En entrevista con MILENIO, la agrupación nos platica más sobre su pasado, su presente y lo que viene para Los Daniels; Palomares, guitarrista y miembro fundador de la banda, quién nos platicó más detalles.
“Somos más Daniels que nunca, pero con un sonido fresco. Al final, cuando hay cambios en una banda, sea quien sea, siempre se transforma la manera de crear. En este caso hay nuevas influencias, nuevas formas de trabajar y eso nos está motivando muchísimo a hacer música distinta, pero sin perder lo que somos”, señaló Charly, en entrevista.
El cambio, explican, no debe entenderse como ruptura, sino como evolución dentro de una banda que ha sabido adaptarse al paso del tiempo.
“En cualquier banda, cualquier cambio de integrante transforma el sonido. Aquí hay frescura, disciplina distinta y muchas ganas de crear”, afirmaron.
Kike Jimenez, es el nuevo vocalista de Los Daniels
La llegada de Kike Jiménez se dio a partir de un acercamiento directo, impulsado por un contacto en común que le informó sobre la búsqueda de vocalista. Aunque ya contaba con una carrera como solista, el proyecto llamó su atención desde el inicio.
“Los Daniels fueron referencia para mí desde la prepa. Era una banda que yo escuchaba y que de alguna forma influyó en lo que quería hacer. Cuando llegó la invitación, la verdad es que me movió mucho y me hizo sentido en ese punto de mi carrera”, explicó.
Tras conversar con la banda sobre expectativas y rumbo, ambas partes coincidieron en la visión del proyecto, lo que facilitó su integración.
“Platicamos sobre lo que ellos buscaban y lo que yo esperaba. Estuvimos de acuerdo y ahora estamos trabajando bastante”, añadió.
El vocalista también destacó la dinámica interna del grupo, que se basa en un esquema colaborativo.
“No hay jerarquías, todos aportamos por igual. Eso mantiene la armonía y hace que todo fluya mejor”.
¿Qué pasará con la música de Los Daniels en esta nueva etapa?
El primer lanzamiento de esta fase, “Me Decidí”, ya comienza a posicionarse entre las canciones más escuchadas del grupo, lo que refleja una respuesta positiva del público.
Sobre el tema, la banda explicó que se trata de una canción con la que muchos pueden identificarse.
“Es un grito de victoria, de salir de donde ya no perteneces, ya sea en lo personal o profesional”, detallaron.
La composición del sencillo fue colectiva, con aportaciones de todos los integrantes, lo que refuerza la nueva dinámica del grupo.
En cuanto a lo que viene, Los Daniels confirmaron que trabajan en un disco completo que podría lanzarse hacia noviembre, acompañado de una estrategia escalonada de sencillos.
“Queremos que cada canción tenga su momento y que la gente se familiarice con este nuevo sonido”, comentaron.
“El comentario que más vemos en redes es que la banda suena fresca, que resurgió. Y creo que con eso nos quedamos, porque no estamos tratando de competir con lo anterior, sino de hacer canciones que conecten con este momento”.
Además, ya se encuentran en proceso de planeación de una gira nacional, así como de una presentación importante hacia finales de año.
Así surgió su colaboración con Natalia Lafourcade
En medio de la conversación, la banda también recordó una de sus colaboraciones más significativas con Natalia Lafourcade, la cual surgió a partir de una propuesta interna de su equipo.
“Fue una onda de la disquera, Betito era nuestro A&R en ese momento. Les gustó la canción para radio y él propuso a Natalia. A ella le encantó y de ahí todo se dio”, compartieron.
El encuentro se concretó en un ambiente íntimo, lejos de lo pretencioso: “Fuimos a su casa en Coyoacán, era un estudio muy bonito, nada pretencioso, pero súper profesional. Ella solita aportó sus melodías, fue muy natural todo”.
Así fue la grabación de 'Quisiera Saber' de Los Daniels y Natalia Lafourcade
Sobre el video, Los Daniels explicaron que también tuvo un concepto particular que conectó con el público, aunque no se logró completar como originalmente se planeó.
“La disquera estaba friegue y friegue de que ya le urgía sacarlo porque la rola ya estaba en radio.
Faltaban unas semanas más para terminarlo, había una parte de animación con rayos láser que salían de las manos, pero ya no se logró”, explicaron.
A pesar de ello, coinciden en que fue un momento clave en su carrera: “A raíz de esa canción se abrieron muchas puertas, fue una muy buena etapa para la banda”, recordaron.
Fans y futuro: la apuesta está en las canciones
A pesar de que algunos seguidores han mostrado dudas ante el cambio de vocalista, la banda asegura que la música será el principal vínculo con su audiencia.
“Lo único que le diríamos a la gente es que escuche la música. No estamos tratando de demostrarle nada a nadie ni de llenar los zapatos de nadie. Las canciones son las que van a hablar por nosotros”, señalaron.
Incluso, destacaron que fans de sus primeras etapas han vuelto a conectar con el proyecto en esta nueva fase.
De cara al futuro, el grupo no descarta escenarios importantes, aunque prefieren mantener el enfoque en el proceso creativo.
“Vamos paso a paso. Ahorita lo importante es reconstruir y hacer buena música”, concluyeron.
¿Quién es Kike Jiménez, el nuevo vocalista de Los Daniels?
Kike Jiménez es un cantante y compositor mexicano, originario de Guadalajara, que recientemente se convirtió en el nuevo vocalista de la banda de rock, Los Daniels.
Se dio a conocer a nivel nacional en 2014, durante la cuarta temporada del programa ""La Voz México"", donde obtuvo el segundo lugar. Formó parte del equipo de la cantante italiana Laura Pausini, quien también produjo su primer sencillo como solista, titulado ""Aquí y ahora"".
En marzo de 2026, fue presentado oficialmente como el nuevo vocalista de la banda, sucediendo a Ismael Salcedo. Su integración marcó el inicio de una nueva era para el grupo, lanzando el sencillo ""Me decidí"".
Antes de unirse a la banda, desarrolló una carrera sólida e independiente. Ha realizado giras como el ""Dos Lustros Tour"" para celebrar diez años de trayectoria y recientemente promocionó su ""Nueva Piel Tour"". Enrique 'Kike' Jiménez, es reconocido por su potencia vocal y su estilo enfocado en el rock alternativo y pop.
¿Cuál es la nueva y actual alineación de Los Daniels en 2026?
A partir del mes de marzo de 2026, Los Daniels renovaron su formación tras la salida de su vocalista original, Ismael Salcedo. La nueva alineación destaca por el regreso de integrantes fundadores y la integración de una nueva voz.
- Vocalista: Kike Jiménez.
- Guitarras: Carlos Alberto ""Charly"" Palomares y René Joel Lugo Tapia (ambos miembros fundadores que regresaron al proyecto).
- Bajo: Alfonso ""Poncho"" Díaz Chávez.
- Batería: Rasheed Durán Téllez.
Hablar de éxitos pasados es fácil, pero lo difícil es sostener la mirada hacia lo que sigue cuando el camino se pone cuesta arriba. Hoy, Los Daniels cierran una puerta para abrir un portón de posibilidades. Se van las etiquetas y se queda la música; queda la sensación de que, más que una banda renovada, estamos ante un grupo que recordó por qué empezó a tocar en primer lugar. La moneda está en el aire y, por lo visto, viene cargada de rock.",GOOGLE_NEWS_RSS
Oficial. Restablecen teléfono de emergencias 911 en Tamaulipas - Milenio,2026-04-22 07:00,2026-04-22T07:00:00+00:00,Milenio,,https://www.milenio.com/comunidad/por-que-no-funcionaba-el-911-numero-de-emergencias-en-tamaulipas,https://news.google.com/rss/articles/CBMinwFBVV95cUxPZ3JLUkY3RHEyRGc1cDlkN1M2SVJNQkZPQ1VlLUhnQkFyLURzeXVmSlhKbWphc0I4QTRVQ21LamhxNkI0RURDNEczbmE0UWt3OVVHa016UHJ3UHJrTks3NU92a0hhMXlOOWVrazhXcmZnT3BRbGI2c2lDTmo5R2pUNlZGbzQxNWg0NF94cVFCcXBnblNrS01UQzFzekMwR1XSAZ8BQVVfeXFMUENqRmFOLTc3ZGtXSzFYWFYtQ2s1SkNyTnlPZTk3UUF2R21ldE1PQlRuZl84UXlqeGZuZl93aFdnN2lmcGJIRUctbVJDZlAxYjRkWDNZdzdGdWNBQjNGUTlTT0VXU1FIb19NdXZjaTdKUXpCWG5fRHB2aDZ4d25HV2pxQUltU1pqenlsSUVxOVlhS2ozVzVfcW1ZU29SS2JJ?oc=5,,"Después de 34 días de estar fuera de servicio, por fin fue restablecido el teléfono de emergencias 911 en Tamaulipas. Fue el 17 de marzo cuando la Vocería de Seguridad del Estado dio a conocer a la comunidad que por fallas en el sistema de la compañía telefónica, no se estaría contando con el servicio y dio a conocer otros números donde se podrían hacer llamadas ante alguna emergencia.
La falla se dio, justo cuando la Cruz Roja Delegación Tamaulipas, también había dejado de prestar el servicio ante la situación económica por la que atraviesa.
¿Ya funciona el número de emergencia 911 en Tamaulipas?
Las líneas de atención ya operan con normalidad, por lo que la población puede hacer uso del 911 para reportar cualquier situación de emergencia, informó la noche de este martes la Vocería.
Una vez que se habilitó la marcación, se exhortó a la ciudadanía a hacer el uso responsable de los números alternos, no sin antes disculparse con los usuarios por las molestias generadas durante el proceso de rehabilitación de la línea.
¿Por qué no servía la línea de emergencias 911 en Tamaulipas?
Una falla en el sistema de telefonía de la empresa Telmex había dejado sin servicio la línea de emergencias 911 en la zona centro de la entidad, por lo que autoridades informaron sobre la habilitación de números alternos para atender reportes urgentes.
Ante la situación habían habilitado los números alternos para emergencias:
- Guardia Estatal en el número 8341443172
- Fiscalía General de Justicia en el 8343184705
- Guardia Nacional en el 8345851239
- Defensa al 8186536461
- Protección Civil en el 8341719297
- CRUM en el 8343114502",GOOGLE_NEWS_RSS
Tamaulipas sólo siembra la mitad de sus tierras - Milenio,2026-04-22 07:00,2026-04-22T07:00:00+00:00,Milenio,,https://www.milenio.com/comunidad/tamaulipas-solo-siembra-la-mitad-de-sus-tierras,https://news.google.com/rss/articles/CBMiiAFBVV95cUxONE9vMDl6V0t3Q2doMU0yZFkxVU56THZwXzNsTmU1SzViVktIT0MyX3doTTVyRGtJNjE3ZkhaMzVvd3M5YkJLVTJUVXdnc1drelNGSlVEUmo4VmthMGUzV2RuSU53T0pnNU9hclIxTlIxVUE2SlFxbkFod0JHWWowRjVRS3ZtMzZZ0gGIAUFVX3lxTFBINm1ZaVcwTjlNbjJWNXVxNkdiOHVZMDBhdS1TSG5DOExaNG1vc1RqbjJIalZYbXBNaUxJaFkwYWY2eXN4elBhay15WDB4TElDaENQVDNrbFpfTmdHOW5EUS1LZXFtLWJFdHdka1FwSlQ2SEpTWGFYbWw4Sk1GUTJNVElkUjB3ODc?oc=5,,"Tamaulipas, considerado históricamente uno de los principales estados graneros del país, se quedó sin sembrar en el presente ciclo agrícola la mitad de sus tierras destinadas principalmente a la producción de sorgo, reconoció el secretario de Desarrollo Rural, Pesca y Acuacultura, Antonio Varela Flores.
“Estimo que pudo haber andado en el 50%”, dijo, al ser cuestionado en el Congreso del Estado sobre el porcentaje de la superficie que se ha quedado sin sembrar ante la problemática que padece la comercialización de la agricultura en el campo de la entidad. Atribuyó a la falta de lluvias el factor principal para que el campo enfrentara este panorama nunca visto en 80 años, al grado que ahora se recomienda a los productores evitar la siembra de sorgo, porque dejó de ser rentable, y apostar por el trigo. Al comparecer como parte de la glosa del Cuarto Informe de Gobierno, el funcionario subrayó que se están buscando cultivos alternativos, acceso a financiamientos y adquisición de maquinaria para apoyar a pequeños productores. Lo que estamos haciendo para recuperar esa siembra es buscar cultivos alternativos debido a la problemática del sorgo, por ejemplo en la región de San Fernando, Méndez y Burgos, desde el año antepasado y el pasado, promovimos la siembra de trigo”.
Antonio Varela explicó que el trigo tiene más rentabilidad que el sorgo, “por lo mismo que también tiene un precio de garantía y es un cultivo igual de resiliente para esa zona, con costos de producción también más bajos”.
Agregó que están en proceso de construcción las plantas de harina nixtamalizada de sorgo blanco y la de etanol, esta última se ubicará en Matamoros y conlleva un gran beneficio porque demandará mayor producción del grano y contribuirá a resolver el problema de falta de rentabilidad.
Recuento de proyectos
Varela Flores destacó que en 2025 se ejecutaron 32 proyectos con una inversión de 224 millones de pesos, beneficiando a 112 mil 127 personas productoras, lo que representa una cobertura del 97.62% del estado.
En materia de producción agrícola, informó la distribución de 673.03 toneladas de semilla certificada de cultivos como maíz, sorgo, frijol, avena, cártamo y cacahuate. Además, se entregaron 674.37 toneladas de fertilizante a 2 mil 190 productores, con una inversión de 14 millones de pesos.
Para fortalecer el acceso a semilla de calidad, se destinaron 25 millones de pesos en beneficio de 2 mil 702 productores, cubriendo una superficie de 20 mil 860 hectáreas. También se distribuyeron 4 mil kilogramos de semilla de sorgo blanco en municipios como Aldama, Altamira y González.
En la lucha contra el gusano barrenador del ganado, se atendieron 4 mil 686 productores en 20 municipios; se inspeccionaron 2 mil 500 embarques y más de 115 mil animales. Como parte de la estrategia, se liberaron semanalmente 70 millones de moscas estériles en la entidad.",GOOGLE_NEWS_RSS
Anuncian cierre parcial en Avenida Hidalgo de Tampico; estos son días y horarios - Milenio,2026-04-22 07:00,2026-04-22T07:00:00+00:00,Milenio,,https://www.milenio.com/estados/cierre-parcial-avenida-hidalgo-tampico-abril,https://news.google.com/rss/articles/CBMiggFBVV95cUxQQzZDcUtGWWl6OFdqUEdHUnczckxqbHc4VzI0ejI0WG9LeXBXSEtoWndQWXRkSDU1M0FFZlJGR3BRY1pLNE9YbjExcklpS0tzZEU4alFjOWpKRmE4dXM3QVFGQUlUYUY4Y01SR0NtZE9RNXdZX1VpZ1A3TW5ZZ29WZDRn0gGCAUFVX3lxTE5RZzBySG5GSU9YU0NTeU8tcjBjbXZnck9fRWQ3VkJaek1VTmtHZkFBd0Q2bWlPSHBiajBmX2ZneHVqV3FHYkt3TGduRkJCMUluWnh2RmxLOXBJaklzcFVuNWdZS080LU42Y3drWko3Q1Zscnk4aEItLTYzdXhKOFNKQ1E?oc=5,,"El municipio de Tampico informó sobre el cierre temporal de un tramo de la Avenida Hidalgo, debido a trabajos de pavimentación que se realizarán durante varios días, por lo que se recomienda a la ciudadanía planificar sus traslados con anticipación.
De acuerdo con el aviso oficial, las labores forman parte de la etapa final de obras previamente realizadas en la zona de Lomas de Rosales, donde se colocará concreto hidráulico en los carriles de baja, en sentido de norte a sur.
¿Qué parte de la Avenida Hidalgo cerrarán?
El cierre se llevará a cabo en el tramo comprendido sobre Avenida Hidalgo, entre Lomas de Rosales y Privada Otates, en la colonia Lomas de Rosales.
¿Qué días y en qué horarios cerrarán la Avenida Hidalgo en Tampico?
Las restricciones a la circulación iniciarán el viernes 24 de abril a las 22:00 horas y se mantendrán hasta el martes 28 de abril a las 15:00 horas, periodo en el que varios carriles permanecerán cerrados.
Ante esta situación, autoridades exhortaron a los automovilistas a tomar rutas alternas, anticipar tiempos de traslado y respetar la señalización colocada en la zona, con el fin de evitar congestionamientos y garantizar la seguridad durante la ejecución de los trabajos.
Estas acciones buscan mejorar la infraestructura vial en una de las principales arterias de la ciudad, aunque implicarán afectaciones temporales en la movilidad.
ICGC",GOOGLE_NEWS_RSS
¿Olores extraños en el sur de Tamaulipas? Refinería Madero sería la causa - El Sol de México,2026-04-22 07:00,2026-04-22T07:00:00+00:00,El Sol de México,,https://oem.com.mx/elsoldetampico/local/olores-extranos-en-el-sur-de-tamaulipas-refineria-madero-seria-la-causa-29615725,https://news.google.com/rss/articles/CBMivAFBVV95cUxOZ0JMNGhQMl9SRWU4NjQ2NkFQZ2wwVjNrSklUdnUxOWhXX0FycWtlOHdZNi1wZy1yV1p0RmwtNC1WUjdTdUx6OEctSUNOSXprV0xRNnE1ZDFYN0VOTUJ5ei1sWnBNeTFzcXlzMm5Ma2lJemhpeHJxX0RURU9MaTQ5eGpCMnFSWnVnbnFyY0pVRHo4bGRxeXZTaE9nTkFyTkoyLUlSZ3VHRkdOZFJBZTJaVG9leUhBbkJNanpoYg?oc=5,,"Localmiércoles, 22 de abril de 2026
¿Olores extraños en el sur de Tamaulipas? Refinería Madero sería la causa
Vecinos reportaron aromas inusuales en distintos sectores; Protección Civil confirmó que son efectos esperados de mantenimiento industrial
Juan Hernández",GOOGLE_NEWS_RSS
Jaiba Brava lideró por segundo año la taquilla en la Liga de Expansión - Milenio,2026-04-22 07:00,2026-04-22T07:00:00+00:00,Milenio,,https://www.milenio.com/deportes/futbol/jaiba-brava-lidero-taquilla-liga-expansion-ano,https://news.google.com/rss/articles/CBMijwFBVV95cUxNdlkyUUdTUkltUUhaSEo5ZVZTQWdyMmVJRTRjOHdKSldrdkRaRGc5VURVbTY0cW44czdnOTFkNTFPU2RHd183aW9wZmhtdXB1WENjNkhxUlZXSlo5d3E0SjNXaldWOEZyN1I5eU5uNk9nZGtuSFNjcFFQYk9tb3loTjVpT01UR29KeGtwMzVSVdIBjwFBVV95cUxPUEVfTGNtMHdiVlAwbGFuY2VKcVo1VTNBMl90eEV0dVdhWWVQZ1dEWEtieE5GNnUzalU0WFE1akFxblJEcU5UWlQwT1VNb3BuR2pKYWlZdGlZQ2pBNHJFdWFQTFNWRXZnRjk2ZEVIbHdOUFExdHdoRVJLLWNMVGV0bE1sYkdZMTl4dWE1ZGlSMA?oc=5,,"La temporada 2025-2026 en la Liga de Expansión, particularmente en su fase regular, terminó el fin de semana y la taquilla volvió a dominarla la Jaiba Brava del Tampico-Madero, convirtiéndose por segundo año consecutivo como el club con la mayor asistencia, incluso sobreponiéndose a la novedad que representó el Irapuato tras su vuelta a la división.
A la espera de los números que arroje la fase final, la institución de la zona sur de Tamaulipas se quedó corto en superar los 100 mil asistentes totales en los torneos Apertura y Clausura, sin embargo, la cantidad fue suficiente y lideró el departamento de la asistencia a los inmuebles dentro de la división de plata.
En los datos finales que entregó la organización deportiva, se contabilizaron 97 mil 472 personas con boleto pagado en la grada del Estadio Tamaulipas. Atrás quedó la Trinca Fresera al acumular 93 mil 450 en el Sergio León Chávez, mientras la tercera posición le perteneció al Atlético Morelia, con un registro de 79 mil 518 en el Morelos.
En promedio, el equipo dirigido por Marco Antonio “Chima” Ruiz atrajo a arriba de 7 mil seguidores por encuentro, significando cerca del 45 por ciento de la capacidad total del inmueble, arriba de los 19 mil 600. Destaca esta convocatoria pues existen otras plazas con escenarios más amplios, caso el Jalisco (Leones Negros), el Agustín “Coruco” Diaz (Atlante) o el Caliente (Dorados de Sinaloa).
El Clásico Tamaulipeco ante los Correcaminos de la UAT, fue la mejor entrada del año en cualquier estadio de la división, con 9 mil 318 personas, pese a desarrollarse en otra fecha posterior a la programada, correspondiente a la jornada 7. Superó los 9 mil 100 del duelo entre los Canarios y la Trinca Fresera de la jornada 12
Los jaibomaderenses rompieron todos los pronósticos durante 2024 y 2025, es decir, en su retorno a la división tras una ausencia de dos años, al reportarse más de 108 mil simpatizantes.",GOOGLE_NEWS_RSS
Gasolineros de Tamaulipas cerrarán filas con Sheinbaum por el Diésel - Milenio,2026-04-22 07:00,2026-04-22T07:00:00+00:00,Milenio,,https://www.milenio.com/negocios/gasolineros-tamaulipas-cerraran-filas-sheinbaum-diesel,https://news.google.com/rss/articles/CBMikAFBVV95cUxNS0Z2REtPNXMyTzF2VVExU0RTcm14UzBSM1ktQjlkMXZzZm5iSkc3c0FHMW93dlg3dGx1eU02NUlsSHZ5N2dFdHg4WnRaRGZOQ0w3XzlCc2g5dnNhd2stYmJoaUMzeXJYVDlnZzEybU1yYll2WnVNbmRaLW9TTm9SQ2hUNlVQZlBYZGJybTJIUEXSAZABQVVfeXFMTW9BZ0c5S3NqeDZKcm5kOVhVNXppYW9JUzlwOFVUdDVhUHlZcXROc3NVbWVkMkstWVdfT0lTaE1lVFVibENVS0VXSENhNTZoWl9vel9wZmlkX3BCS1VJSktQaUtibzhIZEdTMFFUTzEtcUxQaUxfWmE3QTM2dTZ4ajl3TUpES25nYi1GZnJEQ0lk?oc=5,,"Los empresarios del sector gasolinero a nivel nacional establecerán con el gobierno federal un tope al precio del litro de Diésel en México. El compendio permitirá que los consumidores adquieran el combustible a un precio no mayor de 28 pesos, mismos que será temporal y quiere aminorar los incrementos provocados por el alza mundial del barril de crudo, tras el conflicto en Medio Oriente.
Integrantes de la Organización Nacional de Expendedores de Petróleo (Onexpo) se unirán a la iniciativa que este día será firmada junto con la presidenta Claudia Sheinbaum Pardo. En ellos se suman los inversionistas del ramo ubicados en Tamaulipas y replica la misma medida impuesta a la Magna o Regular desde hace 18 meses, adelantó José Ángel García Elizondo, presidente de la Comisión de Política Energética.
“Se tocará el tema del Diésel. A partir de esta semana se contará con el apoyo del gobierno federal y de Petróleos Mexicanos (Pemex) como el proveedor, a fin de establecer el precio del combustible en un rango que no supere los 28 pesos. El acuerdo será firmado este martes en Palacio Nacional”, indicó.
El energético ha encontrado alzas significativas de manera escalonada durante los últimos dos años, aunque llegó a superar la barrera de los 30 pesos en algunas regiones de la República Mexicana, a raíz del precio internacional del barril, arrastrado por la referida situación bélica.
“El acuerdo se hará de manera temporal. El sector gasolinero está absorbiendo esos costos a favor de prevenir más aumentos. Las autoridades nos invitan y en la medida de las posibilidades que el empresariado tenga para mantener sus costos, puede participar. en tamaulipas nos vamos a unir”, añadió García Elizondo.
El caso ha repercutido en el incremento de productos y servicios. El ramo transportista depende mucho de los costos y se pretende con el referido acuerdo evitar esa carrera alcista sobre todo en productos de la canasta básica. Esto ya se aplicó para el combustible Regular desde marzo del año pasado, quedando en 24 pesos, esto en más de 15 mil gasolineras.
“Algunas regiones lejanas a la mancha urbana y en las sierras, les impide establecer estos costos a una tarifa no mayor por la disponibilidad que puedan tener el producto. Para las demás estaciones de servicio, se fijará el monto”, puntualizó.",GOOGLE_NEWS_RSS
Habrá vigilancia especial para compuertas El Camalote - Milenio,2026-04-22 07:00,2026-04-22T07:00:00+00:00,Milenio,,https://www.milenio.com/comunidad/dique-el-camalote-en-tamaulipas-habra-vigilancia-especial,https://news.google.com/rss/articles/CBMilgFBVV95cUxNT05fa2NtcUtyaDZicUlMOWFqX2l5WlgyT1dMRDN1SlVQbm5kdDhRRFhFRGRoMWN5QThuSnV3VHJDbXdYOGhwcnExbUFKb3BMRFpIdnU5Z2k1dWpTVHFScWhkamUwbUtzWHJGZ3RyLWNuazNoWVR6b0ticU01Qlg3YURSdWUxUEJHRGdlbWI0VGktX0kzUWfSAZYBQVVfeXFMUEczRGk3RTdobEtobzg1bUtqeTk2Um1DWTFvcmdjakhpd3daVmF6VnNBQmhVdVh3ZmNQY0otUGVNMkhQTDBkYXZCbzN4WWViQmVXcWpFRC1XTXEtMlhCVTBwdkNlM2xtWU1wWmpBR1FDcHJvS3pNM3pqNFg5VVUtNXV6M3pVekQ1cTFMNHFRRkt4eVRKR2l3?oc=5,,"Para evitar que pescadores manipulen de manera indebida las compuertas del dique El Camalote, se reforzará la seguridad en esta infraestructura, al tiempo que se acelerará un megaproyecto estratégico que garantizará el abasto de agua dulce de forma indefinida.
Así lo anunció el titular de la Secretaría de Recursos Hidráulicos para el Desarrollo Social de Tamaulipas, Raúl Quiroga Álvarez. El funcionario señaló en rueda de prensa que, con el fortalecimiento de las compuertas y la puesta en marcha del dique El Moralillo, el sur de Tamaulipas se encamina hacia un futuro con suministro de agua garantizado y un equilibrio sostenible entre el medio ambiente, la actividad pesquera y el desarrollo urbano.
Explicó que la reciente mortandad de peces se debió a un cambio abrupto en la salinidad del agua, lo que provocó la muerte de cerca de tres toneladas de especies como tilapia, plateado y bobo, entre otras.
Asimismo, aseguró que este evento no afectó la calidad del agua destinada al consumo humano en una región que abastece a aproximadamente un millón de personas. También descartó contaminación de origen antropogénico, incluyendo posibles derrames de petróleo.
Quiroga Álvarez destacó la necesidad de modernizar la zona de El Camalote, particularmente en lo referente al traslado de embarcaciones, con el fin de evitar la apertura constante de esclusas, ya que esto genera pérdidas significativas de agua dulce. Explicó que, ante la falta de personal operativo, algunos pescadores han abierto las compuertas por su cuenta, lo que ha provocado daños en la infraestructura.
Por ello, indicó que se implementarán medidas para ordenar estas operaciones, siguiendo instrucciones del gobernador. En este sentido, se trabajará en mecanismos que permitan la movilidad de las lanchas y de los propios pescadores sin generar flujo de agua dulce hacia el mar ni el ingreso de agua salada al sistema. Señaló que el objetivo es mantener la infraestructura hermética, evitando la mezcla de aguas.
“Se trata de un dique, una barrera que permite conservar agua dulce en el río, de la cual dependen los tamaulipecos, así como algunas comunidades del norte de Veracruz que también reciben este servicio”.
Respecto al financiamiento del proyecto a largo plazo de El Moralillo, indicó que ya se mantienen conversaciones con el director general de la Comisión Nacional del Agua (Conagua), donde se definirán los acuerdos necesarios para construir un nuevo dique que sustituya los 22 kilómetros de estructuras actuales.
El proyecto contempla además la incorporación de la Laguna de La Costa, que actualmente contiene agua salada. Con este sistema, se podrían aprovechar más de 7 mil hectáreas de almacenamiento, desalinizando el cuerpo lagunar durante avenidas del río y cerrando posteriormente el dique El Moralillo para conservar un volumen adicional significativo de agua dulce.
yc",GOOGLE_NEWS_RSS
Operador petrolero contrata pymes tamaulipecas en extracción de pozos - Milenio,2026-04-22 07:00,2026-04-22T07:00:00+00:00,Milenio,,https://www.milenio.com/negocios/operador-petrolero-contrata-pymes-tamaulipecas-extraccion-pozos,https://news.google.com/rss/articles/CBMinAFBVV95cUxPcFlQcmVxYi1rdEw5QmlITEJkWmY4RnQyWUtMNWFnY3IzVGJqa3ZCemtFNXFTSGpfN25fTHAwNHJmb1BzbGJfM3FpWWhxU0NvTDlyWFpwSlVIOThZei1qbUVjWEZpYWFSMGR6Ry1CREJHNUhRalBQOTZMZmZpanBRckJwZjBEaUE4d3U0QWI1RlJMVUhkeDVTdEc5dk_SAZwBQVVfeXFMT0pvSnE2THJRWEhHODNvYmRoQWdVZzhna082WlA4MmF0VC1aYlc1bzc0UFNGOS1kbHRxQ05sSzI0ankwSEtKd3JucWpmU1Q2TUN3S1pnckRNNHczSmFFZ09jU1NqS0p1MlVFUGtyRFMySnZSWUhRQ1M4ZlRqc3djUmEzbUkxUnh1dHJyN0dmYXVzYVhJa0NQb0RwajRx?oc=5,,"La operadora 5M empezó con la contratación de empresas locales para las maniobras de producción en el campo petrolero Tamaulipas-Constituciones, ubicado al sur del estado, área que se reactivó tras la apertura de Petróleos Mexicanos (Pemex) a particulares bajo la modalidad de contratos mixtos.
Son micro, pequeños y medianos negocios que apoyan a la mencionada firma en el proceso de extracción de aceite y gas condensado, aunado a otras con los servicios complementarios. Esta modalidad, indicaron autoridades estatales, es otra oportunidad para la proveeduría al tener programados otros yacimientos cerrados o en abandono.
El secretario de Desarrollo Energético, Walter Ángel Jiménez, mencionó que este polígono cuya capacidad máxima será de 6 mil barriles al día y se ubica en la Cuenca Tampico-Misantla, es el ejemplo de las opciones de trabajo para el sector privado estatal ligado a esta industria, expuesto en la reunión con miembros del Consejo de Instituciones Empresariales (Ciest).
“Este operador ya realizó la contratación de empresas tamaulipecas para el proceso de producción del yacimiento, más los servicios asociados que van desde proveer insumos. Con 5M y otras petroleras, buscamos que todo lo que ellos busquen lo contraten en el estado”, mencionó el funcionario.
El consorcio fue adjudicado por Pemex para operar el referido campo terrestre con un contrato mixto de 20 años, enfocado en incrementar la producción mediante inversión privada. El área cubre cerca de 101.8 kilómetros cuadrados, extendiéndose desde Pánuco y abarca áreas en Tamaulipas, su producción estará arriba de los 6 mil barriles al día.
“El gobierno del estado está acompañando esta estrategia para fomentar las inversiones, sacarle provecho a los polígonos y se pueda aumentar el potencial petrolero. Hay más campos disponibles que pueden ser rentables. Sabemos que Pemex lanzará otra ronda, se abrirá en fechas próximas e incorporará a más empresas, ya que el piso de producción se ha quedado abajo por la fase de exploración”, puntualizó Ángel Jiménez.",GOOGLE_NEWS_RSS
"Proyectos energéticos cambian la imagen de Tamaulipas, afirma la IP - Milenio",2026-04-22 07:00,2026-04-22T07:00:00+00:00,Milenio,,https://www.milenio.com/negocios/proyectos-energeticos-cambian-imagen-tamaulipas-afirma-ip,https://news.google.com/rss/articles/CBMilAFBVV95cUxQOXhTSGduT1VyaXFCNVlQQ2JsN2xzeF9LWHBPWGM2QzhIbmxHZ0s2MV83dkNnSVFKT0JTTjJZS2tUVkNjdVhjNUd1eUtKNEg0eUhWWkJMZm0tYldNU2JpWU5NM0tISkVsSlREemtwaTBLOUlUSlRUZ0kwbFJYTHREMWNndUdiZkJFdmxTemRvLVVDX3RX0gGUAUFVX3lxTFBKTDcyVHRHNXNqR0ZQZFZ1Y3ZoMHU0TGNPLXFCVDFwR21iaWlpN2dLaEk2aEZhd3RBalNoM2dzYjYzdnYyemNnZV9tRV8xclpLU0diQ2pwWmw1T1U0V2pOTG85RENTWWYxbGZXQ0VkSXJQQ0JwT3hOc01JUDVCNlhFd0JaMlJHTkZ0MDhsR2dPOW9uNFA?oc=5,,"Las oportunidades económicas y de empleo que traen los proyectos en petróleo, gas natural, electricidad y fuentes limpias en Tamaulipas le cambian la imagen al estado, convertido ahora en una región productora y transformadora de energía, lejos de ver pasar las inversiones y encontrando el beneficio para la población, expuso el Ciest.
Al hacerse una revisión de todo el plan que integra la cartera de la Secretaría de Desarrollo Energético, el presidente del Consejo de Instituciones Empresariales, Marco Cortés Salazar, expresó que esta zona del país está proyectada a irle bien con dicha industria, desde la generación de nuevos empleos y la riqueza a repartirse en sus habitantes.
En la reunión de este martes tuve una oportunidad de conocer los avances expuestos por el titular de la dependencia Walter Ángel Jiménez, a partir del arranque de maniobras en Trión, los contratos mixtos de Pemex, la instalación de parques fotovoltaicos en Altamira, la próxima planta de biocombustibles como de pirólisis, así como el complejo de Ciclo Combinado de la CFE.
“Al analizar todo el potencial que tiene el Estado, Tamaulipas dejó de ser una región que solo ve pasar las inversiones, se convierte en una entidad transformadora y productora de energía. Se le presentaron a la iniciativa privada todas las oportunidades de participación, entre ellas los hidrocarburos a partir de Trión, los planes de Pemex y de fuentes limpias”, dijo.
Acotó como parte de los acuerdos establecidos en el encuentro sostenido en un hotel de la localidad, se creará una mesa de trabajo donde el Ciest tendrá una constante participación. Se reunirán en un lapso de 45 días para ver los avances y esas áreas de oportunidad que la iniciativa privada solicita.
“En algunos planes, expuso el secretario, su ejecución se retrasó o bien vamos tarde por alguna circunstancias, pero en otros estamos muy a tiempo de generar la cadena de valor, donde la probabilidad se puede crecer a través de las empresas locales”. recalcó.
Cabe señalar que Woodside Energy, New Fortress Energy, además de otras firmas dedicadas a la manufactura de insumos para la industria eólica, así como otros que instalarán paneles solares, tiene su base de operaciones en la zona sur.
“La zona sur de Tamaulipas está proyectada a irle bien por todas las inversiones energéticas en puerta, ya sean hidrocarburos, las energías limpias y la generación de electricidad. Por eso, tenemos que estar listos para recibir los proyectos y sacarle beneficio que se traduzca en economía para la localidad”, concluyó Cortés Salazar.",GOOGLE_NEWS_RSS
Aumentan 100 por ciento pleitos legales por los hijos en Tamaulipas - Milenio,2026-04-22 07:00,2026-04-22T07:00:00+00:00,Milenio,,https://www.milenio.com/estados/aumentan-pleitos-legales-por-hijos-en-tamaulipas,https://news.google.com/rss/articles/CBMihwFBVV95cUxQN3RxVktkWEJVMW1IUlk5MTI2VDdwNmhIZTk5bzlKNFdkZ1NOcFFjRzdPbmdnWWpyNFJLWEVybTIzTmR5eFV0djhYbi03SkstR1d3TU4yT3J1eFFpczNGRUZHaVVBdlJUNXFNdUpGRUFoVmZCVjVva3VSLW91amhXb0FpNEtYT0HSAYcBQVVfeXFMUDdTa2V1YjJVSUJlSWowLTU0UHNHVllzcUx0dkJxY2dhVDl3elZtbFNhQnhTRTViM1lYTUZIMl9OXzljTHcwZjVKeWZtaXB6eU5XRElEaGdhRGZzdEdpZWhBekNURVo4ellCUjJwVDU0Tl9YY3VBSUlVN2llUmlja1ROOUFsSF9r?oc=5,,"En la zona sur de Tamaulipas han aumentado 100% los casos de pleitos legales por los hijos, aseguran abogados, lo cual se ha notado en la última década, además de que a veces los matrimonios duran muy poco y solo tienen un hijo.
Aseguró el abogado Fausto Villarreal, quien es Delegado de la Federación de Asociaciones de Abogados, que se tiene un aumento en el número de estos procedimientos, ya que hace dos o tres años se atendían de 7 a 10 casos, algunos sencillos como los divorcios.
Sin embargo, recalcó, “sí ha aumentado muchísimo, en un mes podemos estar atendiendo de 15 a 20 asuntos en la materia, en un solo despacho. Hay carga de trabajo con los juzgados familiares, porque las personas no han optado por usar los medios de solución de controversias, para arreglar un problema sin necesidad de un juicio”.
Más expedientes por custodia, manutención y divorcios
El especialista en derecho Édgar Cruz Reyes aseguró que por lo menos en la última década se ha logrado notar un aumento en estos casos, que no son solamente divorcios, completo por quién se hará cargo por los hijos, la manutención, el alimento, entre otros aspectos que se define por la vía jurídica.
“Podemos decidir el incremento en el número de expedientes que se han aumentado año con año en los juzgados familiares. A lo mejor si hace 10 años había 500 expedientes, hoy ronda los 1300 expedientes por juzgado, eso nos da la idea”, recalcó el experto.
El abogado aseguró que el incremento de estos pleitos legales en los matrimonios, incluso en parejas en unión libre, han escalado y hay un detalle que ha llamado la atención, ya que hay factores como matrimonios jóvenes, con poco tiempo de unión y con pocos hijos.
“Los problemas son respecto a que no se ponen de acuerdo sobre quién se queda al menor, pero también para destacar que el número de hijos hace años era de 1.6 en promedio, hoy en día ese rango se redujo a 1.2 hijos, así que la mayoría de las familias deciden tener solamente un hijo”, expuso el especialista.
Redes sociales visibilizan conflictos familiares
A través de redes sociales se pueden conocer casos en los cuales una madre o un padre, publican que sus parejas no los dejan ver a sus hijos, que se los llevaron. Que no se quieren hacer cargo de los alimentos, de la escuela y otros problemas que terminan en los juzgados.
Pero en este tema existen malos consejos, mala asesoría, a veces de familiares y en otras ocasiones de los propios especialistas en derecho, que lo único que consiguen es que la problemática aumenta con el paso de los meses.
“A veces estos pleitos generan juicios que duran meses, ya que los malos consejos que se dan generan que se sustraigan a los menores, nada más por el hecho de no dar una pensión adecuada o dejar que convivan con la familia porque tienen otra pareja, que porque no se llevan bien”, recalcó.
SJHN",GOOGLE_NEWS_RSS
"Por robo en Tampico, hombre es vinculado a proceso - Milenio",2026-04-22 07:00,2026-04-22T07:00:00+00:00,Milenio,,https://www.milenio.com/policia/vinculan-a-hombre-por-robo-en-tienda-de-tampico,https://news.google.com/rss/articles/CBMihgFBVV95cUxQRjJrQThqUHJYMHRaN3hRc1hnZU80X2Y4UFJvcERHV1dvYmVycTh5RXRnRXhqX3R3amVCR1RqMGdfb3dLT0tock1TTHZ3OWlsc3ZXTlRoZXJxdThwZ042cjRYU0tfUXh3Tzg0bDd2MlJZRTh1ZjJZQjJwUmhEVWw2ZzBFaC04QdIBhgFBVV95cUxNYzhRVkxaSTd5bnotSWMtSHQ4TjM1V2dQTTEzUFZmeENWc1NKd0UyQms0RWRBNGVKY1FiZ0RucnpxY25kUFRyU0hHMEhYbEdidk9xUThPbFRtMS1IRUduZnRuc2FadWZYXzc0WEktR0oxdjhQdFU1MngzYTgtTUltQ2xVcUN3Zw?oc=5,,"Hombre es vinculado a proceso por su probable responsabilidad del delito de robo mediante amenazas con un arma punzocortante en una tienda de la colonia Petrolera en la ciudad de Tampico, Tamaulipas el pasado 17 de marzo.
Las autoridades pusieron bajo proceso legal a Pedro “H” por su probable responsabilidad en el delito de Robo a Comercio con Violencia de acuerdo a los datos de prueba conducentes presentados por la Fiscalía.
¿Cuándo se llevo a acabo el delito?
Los hechos que se le imputan ocurrieron el pasado 17 de marzo de 2026, en la Avenida Universidad, en la colonia Petrolera, de Tampico, donde el imputado ingresó al establecimiento y mediante amenazas con un arma punzocortante, sustrajo dinero en efectivo.
Posteriormente fue detenido por elementos de la policía; tras el análisis de pruebas, la autoridad judicial estableció un plazo de tres meses para la investigación completa.
Robo en Boutique de Tampico
Recientemente un asalto fue registrado el día jueves 16 de abril en una tienda boutique ubicada sobre la calle Olmos en la zona centro de Tampico, hecho que quedó captado por cámaras.
Un hombre ingresó al local aparentando ser cliente, se dirigió directamente al área de cajas y simuló portar un arma para obligar a entregar el dinero; la joven trabajadora decidió entregarlo para evitar ponerse en riesgo.
Comerciantes de Tampico blindan sus establecimientos ante robos
En las colonias de Tampico aumentó el número de misceláneas, tiendas o negocios pequeños que han decidido fortalecer su seguridad, incluso, colocar rejas para atender con el fin de estar más seguros, ante los robos.
Los comerciantes inviernen en un sistema de seguridad con cámaras, habilitando rejas y atendiendo a los clientes a través de un compartimiento sin dejarlos pasar.",GOOGLE_NEWS_RSS
"“Mi silla de ruedas es vida”: la historia que redefine la discapacidad en México, donde barreras arquitectónic - Milenio",2026-04-22 07:00,2026-04-22T07:00:00+00:00,Milenio,,https://www.milenio.com/comunidad/superacion-en-silla-de-ruedas-historias-de-vida-e-inclusion-tamaulipas,https://news.google.com/rss/articles/CBMipwFBVV95cUxPRG5lbUUwRUlXT1V3MHp4Rkc4NTlrRFJ3QUdGS3FLUnBzd2xLbU5mckFWd2xET0QtaU1RaENOMHNVYjZfR3Z4YjZHRW1ZaTFIeHhuenhHVWxGbUQzRGxITmYtNTV1ckJUUEZuOUJXZkxKVUY1RVBZTXBCdWZ6VndTUWxzSmh6cFpSaU5lV2VxcGZVMDdMdmJWQlVvYjlZNEI4Z3VCU09nSdIBpwFBVV95cUxQenI1UklZX1RBNGNMdnZ6MUFTYTgwYVlaN0RYc19nTmJKZkw1UlBGdG90RGhjLXNRdWRmTW9fb00wYW9JRU5nYVZfX1BPYnloSnoydno5OER1bTdhZVp6LUtqLWVCdFUwYVB5OW5pS3VEWFZBVFNyNGtUQTlkZUJSYVdkZnhaTGNsanoweHN4U2dGWEd1SE4xOXZxcFFnbHpaWmh5elAzcw?oc=5,,"El 19 de mayo de 1996, Silvestre Torres Olea sufrió un accidente que le fracturó tres vértebras. La lesión lo dejó parapléjico, pero no le arrebató la determinación de seguir adelante. Desde entonces, su principal aliada ha sido una silla de ruedas, que para él lo representa todo.
La silla de ruedas ha tenido un impacto positivo en la calidad de vida de las personas con discapacidad. Sus usuarios enfrentan y superan barreras para alcanzar inclusión y autonomía, como Silvestre, quien, además de contar con una trayectoria deportiva, hoy tiene un empleo.
Del accidente a la reconstrucción
A los 26 años, “Silver”, como lo llaman sus amigos, sufrió un accidente en Charleston, Carolina del Sur, Estados Unidos. Mientras se divertía en un río, se lanzó con un mal clavado que le provocó la fractura de tres vértebras cerca del cuello, dejándolo parapléjico.
Durante su rehabilitación, sorprendió a fisioterapeutas al nadar 20 vueltas continuas, pese a estar recién operado. Fue invitado a integrarse a la selección de Estados Unidos para los Juegos Paralímpicos de 1996, propuesta que rechazó. Seis meses después regresó a su natal Ciudad Madero para comenzar una nueva etapa.
“Empecé a nadar en la desaparecida alberca de la Unidad Nacional. Ahí, mi maestro Javier Hernández me invitó a un estatal y gané. Después vinieron competencias nacionales que me dieron pase a internacionales, pero por trámites no pude asistir, incluso a los Juegos Olímpicos de Sídney y a un evento en Nueva Zelanda. Al único que acudí fue al Parapanamericano en Mar del Plata, Argentina”, relató.
La silla como motor de vida
La determinación de Silvestre superó los prejuicios de quienes dudaban de su futuro. Hoy reconoce a la silla de ruedas como su soporte fundamental.
“Desde hace siete años trabajo en el ayuntamiento. Me traslado de mi casa a la Unidad Deportiva de Ciudad Madero: recorro kilómetro y medio de ida y otro de regreso. Sumando mis actividades diarias, avanzo hasta ocho kilómetros en silla”, explicó.
A casi 30 años de su accidente, mantiene una vida activa.
“Mi silla es vida. Empecé a usarla una semana después del accidente, durante mi terapia. Al principio fue muy difícil: tenía oxígeno, un aparato sujeto al cráneo y un corsé. Apenas podía moverme. Pensé en rendirme, pero entendí que ya no volvería a caminar”, recordó.
Adaptarse para seguir
Con el tiempo, su mentalidad cambió: sus piernas ahora son dos ruedas.
“Para mí, la silla de ruedas lo es todo: es mi movilidad, mi independencia. Sin ella no podría hacer nada”, afirmó.
En su rutina diaria, la silla le permite desplazarse dentro de su casa, realizar actividades personales y acudir a su trabajo.
“Si no fuera por mi silla, probablemente no estaría vivo. Hoy la cuido, la mantengo, porque es parte de mí”, dijo.
Del estigma al orgullo
Silvestre reconoce que al inicio enfrentó inseguridad.
“Antes me daba pena que me vieran en silla de ruedas. Hoy me da orgullo, porque representa lo que he logrado. Gracias a ella soy quien soy”, sostuvo.
La silla como sinónimo de libertad
Saúl Luna lleva 36 años como usuario de silla de ruedas, tras un accidente doméstico que lo dejó cuadripléjico.
“Al principio fue muy complicado. Tenía dolor constante, pero con el tiempo mejoró. Hoy la silla representa la movilidad que mis piernas no pueden darme. Es mi medio de transporte”, explicó.
Señaló que las barreras arquitectónicas siguen siendo un obstáculo importante, aunque reconoce avances impulsados por la iniciativa privada y organizaciones civiles.
“El uso de la silla me ha dado independencia, aunque nunca será total”, añadió.
Deporte y adaptación
Ricardo Castillo, conocido como “Richi”, ha hecho de la movilidad una forma de vida. Desde niño utilizó silla clínica, pero al integrarse al deporte adoptó modelos especializados para jugar baloncesto con los Halcones de Tampico, 12 veces campeones estatales.
Posteriormente, desarrolló su propia silla para paraciclismo y competencias de resistencia, como el Medio Maratón Tampico 2026, donde recorrió 14 kilómetros.
“Esta silla me permite recorrer largas distancias. He viajado de Altamira a playa Miramar. Incluso me ayuda a ahorrar en transporte. Es una herramienta clave para muchos que viven en zonas alejadas”, explicó.
Una necesidad social
De acuerdo con el Instituto Nacional de Estadística y Geografía (Inegi), en Tamaulipas hay aproximadamente 156 mil personas con discapacidad que dependen de una silla de ruedas, ya sea de forma temporal o permanente.
El desplazamiento autónomo sigue siendo uno de los principales retos para la inclusión. La silla de ruedas es una herramienta esencial que permite acceso a la educación, el empleo y la vida social, siempre que el entorno urbano sea accesible.
Tipos de sillas de ruedas
La elección depende de las necesidades de cada persona:
-Sillas de transporte: con ruedas pequeñas, requieren asistencia de un tercero y se utilizan en trayectos cortos.
-Sillas motorizadas: funcionan con batería y ofrecen independencia en recorridos largos.
-Sillas activas y ligeras: fabricadas con materiales livianos, facilitan una movilidad dinámica.
-Sillas neurológicas: Brindan soporte postural y estabilidad a personas con discapacidad severa.
JETL",GOOGLE_NEWS_RSS
"A punta de golazos, Jaiba Brava saca ventaja sobre Atlético La Paz - Milenio",2026-04-22 07:00,2026-04-22T07:00:00+00:00,Milenio,,https://www.milenio.com/deportes/futbol/resultado-jaiba-brava-vs-atletico-paz-cronica-liguilla-2026,https://news.google.com/rss/articles/CBMioAFBVV95cUxPclZBYlBoR3dfWkVDcTUzNFZWNFVyRkxCZzFxWUdGTGZDVHptRFYxb0Q3cERLMVB6S28zTzhEMTlkX0Q2akVOa191UHZyeHNoWTB0VmdaZFJ5UkR3TmpleHJHeXJPS1ZRaUwzVk1zenJFOHBPZXdZNU5hN0V5NUxReGwyVmR3YU1CZzJDRFdoLTdIenVaaGpJYjhyX0FLVlpw0gGgAUFVX3lxTE5Ma0ZKTzBKc3pRcXlZQlZmcEJQYllQNzZXemp5UnNBdUZPVDJNRWV6NXdTMGdhZEg1S1F6VDZfQzR5ZGE3Wm1oR3dlR01Fd1VGeGlTZzQzN29BY0lxbmtTczVvSnhpMzJkcDE4elQzRjhuR196N3FpR2IyOHpXbVBMNlgyWkg0N3JrU2otelVHZnNuNkVDZGNXSGxFV3U5S0U?oc=5,,"La genialidad hizo la diferencia a favor de la Jaiba Brava del Tampico-Madero. La mejor actuación de Néstor Corona vistiendo la casaca celeste se dio la noche de este miércoles, marcando un doblete que le permite al campeón de la Liga de Expansión soñar con las semifinales, tras imponerse al Atlético la paz en la ida de los cuartos de final del Clausura 2026.
Noche redonda para Corona en el Tamaulipas
Requerido como titular y tras ganarse el puesto, el jugador que cumple su cuarto torneo en la institución fue el guía en una noche memorable que el Estadio Tamaulipas volvió a registrar en la historia reciente de la franquicia. Ahora, con el 2-0 a su favor, el sábado en el Guaycura volverá a jugarse la corona en una plaza complicada.
""Chima"" Ruiz repite fórmula tras buen funcionamiento
Marco Antonio “Chima” Ruiz decidió irse con el librito desde el arranque. Valorando la buena actuación que tuvieron ante el Atlético Morelia, repitió el once inicial que planteó el pasado domingo para encarar el juego de ida, sin mover absolutamente una tuerca a la unidad.
La Paz avisó primero y exigió a la zaga
Las armas mostradas en los primeros instantes fueron claras. Los intentos de salir con balón controlado desde la parte defensiva de los sur bajacalifornianos, con secuencias que lograron salir avantes ante la constante presión de Luis Razo, Alonso Escoboza y Néstor Corona.
La mejor ocasión del partido la tuvo el cuadro paceño en el minuto 10. Edgar Alaffita decidió probar de media distancia desde el costado izquierdo y en el rebote, Óscar Millán se puso para abrir la pizarra. En ambas ocasiones se levantó la figura de Gerardo “Kampa"" Ruiz, interviniendo para evitar la caída.
Gil Alcalá, el portero más atajador del campeonato, apareció en un par de ocasiones a favor de su causa. Solamente esperó un cabezazo de Diego García en el 34, pero su mejor intervención se dio en el 40, cuando Edson Torres trató de buscar el rincón izquierdo con un tiro raso y con un manotazo evitó el tanto.
El local inclinó el campo a territorio enemigo, faltándole buenas elecciones para poner un pase exacto al compañero que le permitiera tirar a puerta.
La genialidad de Corona rompió el partido
La agresividad de los segundos tiempos era necesaria y en el 57, las individualidades aparecieron en el momento indicado. Néstor fue uno de los más incisivos por los costados y en ese momento, al recibir por la banda derecha, superó a Yahir del Águila, lo tendió en el terreno y eso le permitió soltar un zurdazo cruzado que venció a Alcalá. Un golazo que prendió la eliminatoria como a la grada.
Irónicamente, su gol cayó cuando se preparaba Michel Rodríguez para relevarlo un minuto después. El cuerpo técnico le dio el premio de otorgarle más minutos y alargó el cambio.
Doblete y sentencia rumbo a la vuelta
¿Cómo respondió el atacante? La moral estaba tan alta que en el 66, al cederle el balón Razo, Corona se abrió espacio en tres cuartos de cancha y desde más de 20 metros volvió a meterle la zurda, un cañonazo que conforme hizo la comba era imposible para Gil. Estirada que sirvió para la gráfica del recuerdo de uno de los mejores goles que se han visto en la época reciente en el Coloso de la Unidad Nacional; de paso, amplió la ventaja local.
Para terminar la trágica noche paceña, el relevo Ángel Robles se perderá la vuelta tras evitar el tercer tanto al taclear literalmente a Michel, cuando solo le quedaba el portero por encarar. Roja directa en el 90+1. Así quedó el escenario para este sábado.
JETL",GOOGLE_NEWS_RSS
"Desde despenalización en 2021, Tamaulipas admitió 229 denuncias por aborto - Milenio",2026-04-22 07:00,2026-04-22T07:00:00+00:00,Milenio,,https://www.milenio.com/estados/denuncias-aborto-tamaulipas-suman-229-2021-pese-fallos,https://news.google.com/rss/articles/CBMijwFBVV95cUxQd2lPRXU3d2ZGYTEzZHk3RUFrb3N2V3hjcWVFa1RVbEZha19xeVdPcTRtZUNDbUN2czkyenNhZkxTaUpDaVA4alJiZDMzU3hDN0V3Y0hEbGZ6N0I1cVBOMy1ubURKR014NE5tb1RmWERCckRUMTJYMUtjWVVNdG5BRURkWUhxUlFTWWhmTGVYVdIBjwFBVV95cUxNT3pWVlFSU2tNbktDcGtSNXJzZ1JSY05wYWVzaUpOeHM1YmtNeGhrbmFyS3RFbmFzTV9IQTNXalJ0V3NVT3ZBRlhNYkdoYWc4cUlOd2dibTNWQ0JjM1ZIUzhheTRZSlhJYWx2d0RPa0hZTDlpbUNnUlp4T1JQblA4RU1Ib3c4cFRTUWY1eWFVUQ?oc=5,,"Desde septiembre de 2021, cuando se declaró inconstitucional la criminalización del aborto, hasta marzo del presente año, 229 mujeres fueron denunciadas penalmente ante la Fiscalía de Justicia de Tamaulipas.
De acuerdo con el Secretariado Ejecutivo del Sistema Nacional de Seguridad Pública, en el primer trimestre de 2026 se abrieron 14 carpetas de investigación por esta causa; 47 en 2025; 69 en 2024; 48 en 2023; 40 en 2022 y 11 casos de septiembre a diciembre de 2021.
El 7 de septiembre de 2021 se sentó un precedente nacional tras resolverse la acción de inconstitucionalidad 148/2017 sobre el Código Penal de Coahuila, determinándose que criminalizar el aborto de forma absoluta es inconstitucional. Este fallo estableció un criterio jurisprudencial obligatorio.
En septiembre de 2023 se declaró inconstitucional penalizar el aborto en el Código Penal Federal, tras resolverse el amparo en revisión 267/2023, promovido por el Grupo de Información en Reproducción Elegida (GIRE). Se ordenó invalidar los artículos que criminalizaban la práctica voluntaria por considerar que atentaban contra los derechos humanos de las mujeres.
Con dicha resolución, todas las instituciones federales de salud ya no podían negar el servicio ni remitir a autoridades penales. También obligaba a jueces federales a aplicar este criterio en cualquier caso similar; sin embargo, en la práctica no eliminaba automáticamente el delito en los códigos penales estatales, dejando pendiente esa adecuación.
SCJN invalida normas sobre el aborto en Tamaulipas 2026
El pasado lunes 20 de abril de 2026, la Suprema Corte de Justicia de la Nación declaró inválidas las normas de la Constitución Política de Tamaulipas y del Código Penal local que criminalizaban el aborto y protegían la vida “desde la fecundación”, al considerar que vulneran la autonomía reproductiva, la igualdad, la no discriminación y el derecho a la salud.
Sobre el tema, la abogada Lilia Imelda Luna Cortez informó que el criterio confirmado por la SCJN en relación con el Código Penal de Tamaulipas no elimina la ley automáticamente; es tarea de los diputados adecuar la norma, por lo que se abre una etapa de transición.
“Tras la reciente sentencia de la Suprema Corte de Justicia de la Nación recaída en el amparo en revisión 426/2025, hay que aclarar que la sentencia no borra la ley automáticamente”, expresó la especialista.
Señaló que, aunque se declaró que criminalizar el aborto en Tamaulipas es inconstitucional, los artículos del Código Penal del estado siguen vigentes en el texto, ya que la Corte no tiene la facultad de “borrar” palabras de los códigos locales; esa es tarea del Congreso.
“El Congreso de Tamaulipas tiene la palabra. Para que el aborto sea plenamente legal y se elimine el delito para todos, el Congreso del Estado debe sesionar y reformar el Código Penal para acatar lo que dictó la Corte”.
Explicó que, hasta que eso ocurra, existe un “vacío” entre lo que establece la ley local y lo que ordena la Constitución federal. Pero añadió que, si alguna mujer fuera procesada en estos momentos, gracias a este precedente ninguna persona puede ser sancionada por esta práctica.
“Si existiera un caso, cualquier juez está obligado a seguir el criterio de la Suprema Corte y proteger la autonomía reproductiva de la persona, basándose en este amparo. En resumen, estamos en una etapa de transición; la justicia federal ya dio la pauta y ahora se espera que las leyes locales se actualicen”.
¿Qué dice la ley actual de Tamaulipas sobre el aborto?
En Tamaulipas, el artículo 356 del Código Penal establece que comete el delito de aborto quien prive de la vida al producto de la concepción en cualquier momento de la preñez.
A la mujer que voluntariamente lo procure o consienta que otro la haga abortar se le impondrá una sanción de uno a cinco años de prisión, quedando facultado el juez para sustituirla por tratamiento médico integral, para lo cual bastará con que la persona lo solicite y lo ratifique.
A quien provoque la muerte del producto de la concepción de una mujer embarazada se le impondrán de cuatro a nueve años de prisión, según la gravedad del caso.
La legislación estatal permite el aborto terapéutico por razones médicas, en casos de riesgo para la vida de la mujer o su salud física y mental. Asimismo, se permite cuando el embarazo es producto de una violación; en estos casos, el Estado tiene la obligación de brindar toda la atención necesaria.
SJHN",GOOGLE_NEWS_RSS
Bloquearán libramiento si no conectan la luz en secundaria de Tampico - Milenio,2026-04-22 07:00,2026-04-22T07:00:00+00:00,Milenio,,https://www.milenio.com/comunidad/escuela-tamaulipas-luz-2-anos-amenazan-bloquear,https://news.google.com/rss/articles/CBMiiAFBVV95cUxOeDVudVZObW9ad1FzOUJYTUFFNTFoZ1R2XzBuRHJ4MnlkcFZOckgyUnNOb0xPc0xZRURzZllUZnZ2TnRHdERkbklUdDBvSV8zVHFvcTBDTk5qQ19Bam5hVWp2NVJVMkNCcm90ak5NNk1keHRndEl5NWttM0RrR2lqQmpGcHo0aXVh0gGIAUFVX3lxTE5fX3k1N3k0a0Zjb1JlRjh2ZElIMHJqb0p2ckh4UUh2SUdjTHBWYzVpTnV5WEFNdUM2b2lzRWxnR3pvem4xa3RDLVBxWjdnOXVXeHVQS2ducm03eTMwbVlWcmRkQkxXZ1B2Skh4eDBYNnVyLUoweDhpMnpnbVJtTjVSZzZib25ZUzc?oc=5,,"La comunidad escolar de la secundaria Benito Juárez, de la colonia Jardines de Champayán, amenazan con bloquear el Libramiento Poniente si es que no les dan apoyo para cambiar el transformador, con el que tienen problemas desde hace dos años.
César Jaime Salinas, director de dicha Telesecundaria, aseguró que el transformador tiene fallando desde hace dos años aproximadamente, lo que afecta a 85 estudiantes de nivel básico de la zona norte de la ciudad.
Fallas eléctricas afectan a estudiantes y piden apoyo a autoridades
Es fundamental poder contar con el respaldo de las autoridades estatales, afirmó el director, ya que es un plantel en el que utilizan la televisión y la computadora con internet en los procesos de enseñanza y aprendizaje.
Se requieren $160 mil para poder cambiar el transformador, de lo contrario van a bloquear el Libramiento, una vía federal fundamental para el paso de transporte pesado.
“Es lo que quieren hacer los padres, bloquear el Libramiento Poniente, pero yo les digo que primero vamos a dialogar para evitar ese tipo de afectaciones a la ciudadanía”, detalló la autoridad educativa.
Apagones constantes afectan clases y uso de tecnología
En la institución tienen problemas de forma constante con los apagones, lo cual afecta las clases de los estudiantes ya que utilizan equipo electrónico, además que en este tipo de niveles el internet es fundamental.
Al acudir a la institución se pudo constatar que los estudiantes toman clases en salones que están a oscuras, además de que por el intenso calor, hay algunos profesores que han definido estar a la intemperie, bajo la techumbre que está en el patio principal.
Altas temperaturas en Tamaulipas agravan situación en la escuela
En la zona la necesidad de tener un aire acondicionado es fundamental debido a que se tienen temperaturas extremas, sobre todo en verano, alcanzando hasta más de 40 grados centígrados de sensación térmica.
La mejora o el cambio de las instalaciones eléctricas es una de las principales peticiones de los directivos de las escuelas. Los casos ocurren porque se sobrecargan las líneas por los aires acondicionados, así que truenan los transformadores.
SJHN",GOOGLE_NEWS_RSS
"Con su piano y esfuerzo, Aurelio convierte la banqueta en escenario musical para salir adelante - Milenio",2026-04-22 07:00,2026-04-22T07:00:00+00:00,Milenio,,https://www.milenio.com/comunidad/musico-callejero-en-tampico-lucha-por-salir-adelante,https://news.google.com/rss/articles/CBMijwFBVV95cUxNeUFoaDdBamh4ZWwwclowX01MeFJqYTZMckR3aXdHVFVpRThJdS1CQmF0eUtOZzhNaGFrS1dRbVBTc0VjZVJUWEFPLTUtU1ctTldDa1p0Z1VQNTVaQkxmc3N6eUhQUi0zS3dNcUtnRVBMSklQVjg5YnRXLU1jejdtbjVkcE1faTlQblZKcThQWdIBjwFBVV95cUxNMzJJS3F4d0IwUVZHbk00WEVvU1NWWDF4dnNGMFNtaGZ5Sk5sY0lwb2otM3NqOTRKS0t4SGU0SW02M1R6bEExa2pHTzQ3WUtsTHo1SjJieF92QzZra3hocERZaFFCa0RmZXJCLUctQnpwRTlvd2MxVjBMSk1SVVctc2ZhT1lMVjVnbjJiSnZibw?oc=5,,"Ante la falta de oportunidades de empleo, Carlos Aurelio le ha rebuscado a la vida, no se da por vencido. Compraba fruta en oferta para revender en un crucero de la colonia Del Pueblo. Juntó dinero para comprarse un pequeño piano, aunque no sabía tocar, se esmeró en aprender y hoy agradece a la gente que le colabora con unas monedas para seguir luchando en la vida.
Una rutina marcada por el esfuerzo diario
Sin importar si hace frío o calor, todos los días, Aurelio sale de su casa con ganas de trabajar. Después de comer, revisa que nada le falte; sale de su casa con paso apresurado. Jala un carrito metálico de esos que la gente utiliza para acarrear el mandado. Camina por la acera, cruza la avenida Hidalgo hasta llegar al centro comercial ubicado sobre la calle Plutarco Elías Calles, en Tampico.
A las 3:30 de la tarde empieza a armar el escenario; coloca una pequeña banca sobre la pared, después instala la base con su piano, así como un atril para partituras. Se le ve contento pues sabe que pronto empezará a tocar algunas melodías.
La gente que pasa por el lugar, observa con curiosidad la forma en que coloca cada una de sus herramientas, sin faltar su letrero que dice “Gracias por su Colaboración” y un sticker de happy face.
La necesidad de un ingreso extra
Ya sentado en su banca comenta que a pesar de tener familia que le apoya, las cosas están tan caras que tiene qué salir a buscar un extra. “Mi familia me ayuda, no tengo ningún problema; está todo tan caro que yo por eso he vendido: cacahuates, chocolates, fruta fresca, agua de sabor, plátanos también, y ahora he comprado un teclado yamaha con el que he aprendido muchas cosas”.
Antes de iniciar el concierto, Aurelio sonríe, revisa las conecciones de teclado y bocina, observa la hoja de un viejo cuaderno donde hay un listado de canciones las cuales irá tocando una a una.
Una lucha que no pasa desapercibida
La gente pasa por el lugar, algunos ni siquiera voltean a mirar al músico empírico, otros lo observan con admiración pues saben que su lucha no ha cesado, que va más allá de ser un diestro en la música o un comerciante exitoso, es ver las ganas de salir adelante y no quedarse en casa esperando a que la vida se le resuelva sola.
JETL",GOOGLE_NEWS_RSS
El cumpleaños del perro / Un documental ilustrativo - El Sol de México,2026-04-22 07:00,2026-04-22T07:00:00+00:00,El Sol de México,,https://oem.com.mx/elsoldetampico/analisis/el-cumpleanos-del-perro-un-documental-ilustrativo-29607218,https://news.google.com/rss/articles/CBMiowFBVV95cUxQQktEZFIxeGVSRmg5YXFsa2RGWTh0blN6UWd3eWVjSUhTRzktdHg3Nnd0aDdfZnA2ekMtUWdvaVpVQUtjMVVLUnQ0WDZPOUlVNjcwTzhsVF96THF2dktnSUxyMTY3MjBPTHFfOGNvWi1OLVEtLWtTZGFnNnVsa3RGYmRuOGh4eHUyVlQtOXhtUUUxbWhKYkpKeW14Y3ZqQzVzS0FR?oc=5,,"Análisismiércoles, 22 de abril de 2026
El cumpleaños del perro / Un documental ilustrativo
Las opiniones vertidas en este artículo son responsabilidad de quien las emite y no de esta casa editorial. Aquí se respeta la libertad de expresión
ÚLTIMAS COLUMNAS
Más Noticias
COLUMNAS
CARTONES
LOÚLTIMO
Newsletter
¿Te quedas fuera de la conversación? Mandamos a tu correo el mejor resumen informativo.",GOOGLE_NEWS_RSS
“Estamos peor que en la pandemia”: Coparmex hace un duro diagnóstico de la economía en México - El Sol de México,2026-04-22 07:00,2026-04-22T07:00:00+00:00,El Sol de México,,https://oem.com.mx/elsoldetampico/finanzas/estamos-peor-que-en-la-pandemia-coparmex-hace-un-duro-diagnostico-de-la-economia-en-mexico-29621141,https://news.google.com/rss/articles/CBMi2gFBVV95cUxOM3ZocnRiRDM3cHlFVW55aE01VmNHZlJsQlQwWkRFczNKWGE4cGxQcV85UUlEek1mM2o0QURkMEpEU0g3MXUtNjlPU0t5U3owTlYyaXdOQjAwSzRkRkNtS29IOWlOaTdxZnFralVlWmV1RW5yR1hYQ0VtbjEzRmpqOVVWT3hsX1FpcFEwQWpFX1JtOHJ5dG5ZNWRYRTAwaFN2ZG1IR1E2cE9ydHZUWDh3Y28yeE9uUThYRlhmcks3NHpwQmtXUXNBUmYyVlpqMzFGblpWX1FYMThndw?oc=5,,"Finanzasmiércoles, 22 de abril de 2026
“Estamos peor que en la pandemia”: Coparmex hace un duro diagnóstico de la economía en México
Iniciativa privada afirma que México requiere estabilidad económica y política y una plataforma sólida para invertir
María Macías",GOOGLE_NEWS_RSS
"¡Jóvenes destacan! Tamaulipas suma oro, plata y bronce en la Olimpiada Nacional 2026 - Milenio",2026-04-22 07:00,2026-04-22T07:00:00+00:00,Milenio,,https://www.milenio.com/deportes/tamaulipas-suma-oro-plata-bronce-olimpiada-nacional-2026,https://news.google.com/rss/articles/CBMikwFBVV95cUxOZDU0ZkJoXzgzQXR5OER0ODBzaW1yQzhrRWFDdS1uRGJ4LS1sS3B3cWhMeXhxLWxYallxdW94R2poNElwS3JDOHhkRWIyVkZRMXhDakxYUWRSNzk3UTUtRVpxV1NrbVNCUVRsVXBsaFVWdVU4b3ZSRVpmZWVWX25PT1JSdDZsOC1qa1VITjd3MmUtcW_SAZMBQVVfeXFMT1FoTXRnZEduMUlXSGVsUFlsaE5tcjdaaGtmWEo3S3ItYkE3ODBRQk13N1NiRFJZemtpRzNOZ1ZCd0dDNWJidkdVMTlOME51V0owNVFJeGdtVlU4bk5nSDIyX0RrcE9pcEhNd3FPMnM2djBTcmJfbjVoSmthU0FuTHRVZXEtakJjQmwyaUZYY004czBB?oc=5,,"El talento deportivo de Tamaulipas volvió a destacar a nivel nacional con la obtención de medallas en la Olimpiada Nacional 2026, donde jóvenes atletas colocaron al estado en el medallero en distintas disciplinas.
Ellos son los jóvenes que destacaron en la Olimpiada Nacional 2026
En una actuación sobresaliente, Johan Caleb Delgado Perales conquistó la medalla de oro en la categoría de 12-13 años en triatlón, logrando subir a lo más alto del podio en la competencia con sede en Nayarit.
A este resultado se suma la medalla de plata obtenida por Leonardo Zurita, atleta originario de Ciudad Victoria, quien compitió en la categoría de 16-17 años, bajo la dirección de su entrenador Daniel Chávez.
Asimismo, los tamaulipecos Arantza Treviño Ortiz y Carlos Osuna Bravo lograron la medalla de bronce en la disciplina de pentatlón, en la prueba de relevos mixtos categoría Juvenil A, dejando huella en la sede de Jalisco.
El Instituto del Deporte de Tamaulipas dio a conocer estos resultados y extendió una felicitación a las y los atletas por su desempeño, destacando el esfuerzo, la disciplina y el compromiso que han demostrado en la máxima justa deportiva del país.
Olimpiada Nacional celebra su 30 aniversario
La Olimpiada Nacional, organizada por la Comisión Nacional de Cultura Física y Deporte, celebra en 2026 su 30 aniversario como el principal semillero de talento deportivo en México, reuniendo a cerca de 50 mil participantes en su etapa final.
Desde su creación en 1996, esta competencia ha impulsado el desarrollo de niñas, niños y jóvenes, involucrando cada año a millones de participantes en sus distintas etapas, desde el nivel municipal hasta el nacional.
En esta edición se disputan 51 disciplinas, consolidando el compromiso de fortalecer el deporte como una herramienta clave para el desarrollo integral de las nuevas generaciones.
ICGC",GOOGLE_NEWS_RSS
Avenida Hidalgo tendrá cierre parcial por obras durante cinco días: así afectará el tráfico en Tampico - El Sol de México,2026-04-22 07:00,2026-04-22T07:00:00+00:00,El Sol de México,,https://oem.com.mx/elsoldetampico/local/avenida-hidalgo-tendra-cierre-parcial-por-obras-durante-cinco-dias-asi-afectara-el-trafico-en-tampico-29617777,https://news.google.com/rss/articles/CBMi5AFBVV95cUxNLWZUQ2VUUlp5ZTlXWkdNZFZ2cUtNUTFOcVZGVmJ6NmY2TkE3V3BrVi1ZSUtxX1hzZWJvbzRkZVhVU2V3eTRKTG9kYlVVRFAzRVJGMDB1aWJQUkd5czcwZkFQc1p0a3RrSV9kVTFqX0pENFJNcG9UVXE0TDFfenA0UVBaNmpXLWRVLURGekdNUVFHc3I5MU54R2JZckozNUg2OC00dkdtZExfMlpFbld0cWREYmlrdG9lb3QyRVJFR2I5VlpBRXpVVEtiaklKQ0RZM1ZKaDJnVnhhakZ4ZkR6NUxPWVE?oc=5,,"Localmiércoles, 22 de abril de 2026
Avenida Hidalgo tendrá cierre parcial por obras durante cinco días: así afectará el tráfico en Tampico
Autoridades piden usar vías alternas ante el cierre nocturno y diurno en uno de los tramos más transitados de la ciudad
Yadira Hernández",GOOGLE_NEWS_RSS
Se ‘colgaba’ de la CFE: lo acusan de fingir ser empleado de la Comisión en Tamaulipas - El Sol de México,2026-04-22 07:00,2026-04-22T07:00:00+00:00,El Sol de México,,https://oem.com.mx/elsoldetampico/policiaca/se-colgaba-de-la-cfe-lo-acusan-de-fingir-ser-empleado-de-la-comision-en-tamaulipas-29625776,https://news.google.com/rss/articles/CBMi0AFBVV95cUxNZ3NzVWpERVBXT2kxUkJnWUp2V0NrMFZTc1lMWnc4LUJLNFQxaHVwVmEzdVZ5MnJ6YnZRT3VidV9QQmlWTnBhQ0FydTcyLV9XcS11M3ZteHBpVnVnN3dlOV9uU0g4VDFWbEo4QkFBT19lMmpybGZsTXQ0Vi1xMXY1N0ZTYzNEX2NKODNTbk1FbjZtZHBmYm1VcmpGeno2ZlUzb0JuTzJwcDdFX0pfOG40TDAzWUV6X1ZQM1dBYnotdGZaeFdkZ1ZCemNRR1Zsam0x?oc=5,,"Policiacamiércoles, 22 de abril de 2026
Se ‘colgaba’ de la CFE: lo acusan de fingir ser empleado de la Comisión en Tamaulipas
Se presume que el hombre fingía ser trabajador de CFE y había realizado trabajos de atención en el servicio eléctrico
Adolfo Ruiz Nuñez",GOOGLE_NEWS_RSS
Ruta Águila Madero en Tampico cambia recorrido: Estas son las nuevas vialidades - Milenio,2026-04-22 07:00,2026-04-22T07:00:00+00:00,Milenio,,https://www.milenio.com/comunidad/ruta-aguila-madero-tampico-cambia-recorrido-vialidades,https://news.google.com/rss/articles/CBMikgFBVV95cUxNNjRYTVVhT09sZS1oZXJ1eEdUZ21Pemd3dkk4RG9JTTdlYl9ncElKUEQ0ZFd5amJGWG8wNTN0MkdqZjNVUnBKNlduUmRjaGdsdFc4aGtmaFRYcnZsc2doNVh4Zmc2ckoxXzFfUG1lcTN2ZkViblh2c0g0bmZ2dGtOVTFkd2QteXVGeTRaRkVrVmF1QdIBkgFBVV95cUxPeHRSb1lCeVB1ZEE1a0x1cG1mLThPbG5aMlJYeXRfUjdoN1AyRHZKOE92MENIaE1IOU8wQkhuOFJ5YUtDaDJ5cW8xekV0X3h1R1NFNnZaSUFLT2tXazNHRE8zSmhDeXo2ckNvdzFmeEYzQkpKaDNwY0dkdDMtV19kYkxTTzZjZFZLelRUS2NybzF0UQ?oc=5,,"La ruta del transporte público Águila Madero sufrirá cambios en su recorrido, incorporando como punto clave el nuevo Hospital del ISSSTE con el objetivo de mejorar la conectividad para usuarios de distintas colonias del sur de Tamaulipas.
¿Cuándo comenzará la nueva ruta Águila Madero-Golfo?
De acuerdo con la información difundida por operadores de la ruta Águila Madero-Golfo, el cambio entrará en vigor a partir del lunes 27 de abril beneficiando principalmente a quienes se trasladan hacia Ciudad Madero o la avenida Hidalgo de Tampico.
¿Por dónde pasará la nueva ruta del Águila Madero-Golfo?
De acuerdo con el anuncio colocado en las unidades, el recorrido iniciará sobre la carretera Tampico-Mante, para después incorporarse a la avenida Rivera de Champayán. Posteriormente avanzará por avenida Las Torres, pasando por la zona del cementerio, hasta llegar al nuevo Hospital ISSSTE.
Desde ese punto, las unidades continuarán por la calzada San Pedro para finalmente integrarse a la avenida Hidalgo una de las principales vialidades de la ciudad.
En el sentido de sur a norte, los conductores realizarán el mismo recorrido pero en reversa, garantizando así cobertura en ambos sentidos con las mismas paradas.
¿Qué colonias se verán beneficiadas con la nueva ruta Águila Madero?
El mapa difundido por concesionarios muestra que la ruta atravesará sectores como Campanario, Costa Rica y áreas cercanas a la avenida Rivera de Champayán, ampliando el acceso al transporte para habitantes de estas zonas, especialmente hacia el nuevo hospital regional del ISSSTE.
Usuarios reportan cambios en redes
Mediante redes sociales, usuarios de la ruta comenzaron a reportar la implementación del nuevo trayecto, señalado en carteles dentro de los camiones. Algunos destacan que el ajuste facilitará el acceso a servicios médicos, tiempos de traslado y frecuencia del servicio.
La modificación se aplicará a partir del lunes 27 de abril, por lo que se recomienda a los pasajeros tomar previsiones y ubicar las nuevas paradas.
JETL",GOOGLE_NEWS_RSS
"Tampico, una joya arquitectónica a la espera: el rescate de 180 inmuebles depende de “la burocracia” - El Sol de México",2026-04-22 07:00,2026-04-22T07:00:00+00:00,El Sol de México,,https://oem.com.mx/elsoldetampico/local/tampico-una-joya-arquitectonica-a-la-espera-el-rescate-de-180-inmuebles-depende-de-la-burocracia-29591893,https://news.google.com/rss/articles/CBMi3gFBVV95cUxPR29RN29XeGNwTmIwVGpFRmRoYXdqXzVCeEhtV0tyYmgwQmdFYWRLOXBnUkpvNUNaYVZHSk5PX01rc1NxaDJNNm9BRzF3MXFodW1uX3ozUURydjh6ZHFjRGkxS1VpTjlQZUVZb3lrTFRnQ3JZeEJ2YWtIUmo4Ty0yVmFuYlBMYklZSzROdERzOXhaZENsWGRNNlA4QjJiSkYwU2xPM0w1SWlhVjN2a3hrYlJqcVNEV3RvZzZxMlNFMGZ2dVppbldQb182c0VyX2pzOEpSUWR6aVRqNm5uUlE?oc=5,,"Localmiércoles, 22 de abril de 2026
Tampico, una joya arquitectónica a la espera: el rescate de 180 inmuebles depende de “la burocracia”
La ausencia de una representación del Instituto Nacional de Bellas Artes en Tamaulipas ralentiza la restauración de inmuebles
Yadira Hernández",GOOGLE_NEWS_RSS
¡Que no te sorprendan! Éstas son las 10 casetas más costosas de México tras el aumento de tarifa - Milenio,2026-04-22 07:00,2026-04-22T07:00:00+00:00,Milenio,,https://www.milenio.com/estados/suben-casetas-carreteras-autopistas-mexico-aumento,https://news.google.com/rss/articles/CBMiigFBVV95cUxPMC1FaTNTR0JYVTNFUFdMcE44V3lwMjlKVHRuVVZfdGhtSW9FWHU1SGEwcFFTU2hFWG1mb0l2WXIzVkwtVmRsQ2lHR3pxcmNzaW1qS0piRHNwV2VIMnN0ZlBLREtqM2h0dFB1VTVkWnd6dEVVVlpxalh4dmRYVkMyMG5idTBleTNqVmfSAYoBQVVfeXFMUE9sSGV1OGJVaGNKbERNd0VnRmJ2LV93UU5hMEF1ZkZlMGtZTjBfSTQ2LTlyWTNnQmNna0VCNW1LQ012RVRkY2lzaGhRSEJBVXVQdzQwOUthTUU2QVZ4RDg1Y3ZZUjhDX0pzd2xPbTJjYUxpMDQyT2tWY0FqVklrQ0JMWnNwSVhJTzBR?oc=5,,"Viajar por autopistas en México será más caro luego del ajuste aplicado desde el 13 de abril de 2026 a las tarifas de peaje de la Red Fonadin y Caminos y Puentes Federales (Capufe).
El incremento impactó rutas estratégicas para turismo, carga y movilidad entre estados, con alzas que en algunos casos superan los 20 pesos para automóviles .
De acuerdo con el listado oficial de tarifas vigentes de Capufe, las autopistas más costosas para automovilistas se concentran en trayectos largos del centro, sur y sureste del país, donde los usuarios deben desembolsar cientos de pesos por viaje sencillo.
Las 10 carreteras más caras para autos en México
- Chamapa-Lechería – 702 pesos.
- Durango-Mazatlán – 743 pesos.
- La Tinaja-Cosoleacaque – 560 pesos.
- México-Tuxpan – 429 pesos.
- Cuernavaca-Acapulco – 670 pesos.
- Monterrey-Nuevo Laredo – 366 pesos.
- México-Querétaro – 226 pesos.
- Córdoba-Veracruz – 282 pesos.
- México-Puebla – 216 pesos.
- México-Cuernavaca – 149 pesos.
Aumento pega a vacaciones y transporte
El ajuste llega en un momento clave para millas de automovilistas que utilizan carreteras de cuota durante fines de semana largos, vacaciones y traslados laborales. También representa mayores costos logísticos para transportistas, lo que podría reflejarse en cadenas de suministro y precios de productos .
¿Por qué subieron las tarifas?
Capufe actualiza periódicamente los costos de peaje con base en inflación, operación, mantenimiento y conservación de la infraestructura carretera. Las nuevas tarifas se aplican en autopistas y puentes administrados por el organismo federal .
DIRV",GOOGLE_NEWS_RSS
La Grilla - Milenio,2026-04-22 07:00,2026-04-22T07:00:00+00:00,Milenio,,https://www.milenio.com/opinion/editoriales/se-dice-en-la-grilla-tamaulipas/la-grilla_1137,https://news.google.com/rss/articles/CBMilAFBVV95cUxNNF95SzdfajA3dGgtODhFZUZuVzM4N2VSTVZEMU5uNlZNZlVwNGRRbW9wRDhlYWtFYWx3MkhDWjZhRjB6ZFRJeUR6US0zUzg3QmpQa3lRY1VwWWFqT3o2YTZiSXBLUGhBdVZib3h4VmdaMEpFZ1NORFFHU0ozdTJlVlEzYVNrZGhyNjE3cDQyb1dzU2x60gGUAUFVX3lxTE9XcUJDQXVGbEZsZURHazBXdjVVSnNsZy1RZTQwV1loMHdJZjItSms3RFI4U2lFWW9iVmR0TFg3ZDBLV1lESUhIbTN3MW0wc056aDRkY0Jzak9TZi1NandPRVV0MlBVQWJWLWFPOEFteW0yVE5aNkdTMXNDZFJfVkI3R1UyZ2NwV2NLLXc4UzhfbDZIYWI?oc=5,,"Que, luego de la mortandad de peces registrada en el sur del estado, autoridades de Tamaulipas, como Raúl Quiroga, secretario de Recursos Hidráulicos, reconocieron la necesidad de que instancias federales como la Conagua inviertan en el remozamiento del dique de El Camalote, además de reforzar la vigilancia, que es otro tema pendiente.
Que se esperan buenas noticias de la visita que el director de Asipona Tampico, Jaime Herrera Romo, realizó a Miami para participar en el Seatrade Cruise Global 2026, un evento internacional que busca ser una ventana para atraer cruceros al puerto y fortalecer el turismo en la zona sur de Tamaulipas. El vicealmirante en retiro sí se comprometió con el proyecto.
Que el mosco no enferma, pero sí molesta, aseguraron autoridades de Salud de Tamaulipas; sin embargo, la alcaldesa de Tampico, Mónica Villarreal Anaya, y Erasmo González, alcalde de Madero, cerraron filas. Ambos municipios respaldaron con máquinas para fumigar, químicos para combatir al mosquito y vehículos, ante una exigencia generalizada.
Que en Altamira hay aspirantes que han salido de debajo de las piedras porque buscan ocupar puestos de elección popular. Provienen de diversos partidos políticos, como PRI, PAN y hasta Morena, donde no tuvieron cabida. Ahora andan buscando ser adoptados por otros organismos políticos.
Que, con datos del Senado de la República, se realizó un ejercicio estadístico sobre los legisladores más productivos del país, tanto diputados como senadores. El primer lugar fue para la emecista Ivonne Ortega, mientras que la senadora morenista Olga Sosa, representante de Tamaulipas, aparece dentro del top ten.
Que en Tampico hay una figura de la 4T que se ha dado a la tarea de recorrer colonias y escuchar a la gente casa por casa. Se trata de la diputada Úrsula Salazar Mojica, quien ha decidido salirse del molde y acercarse más a la ciudadanía, en línea con la exigencia planteada por la presidenta Claudia Sheinbaum.
Que se comenta en los pasillos que el PAN activará a sus regidores; por ello, Mon Marón ha comenzado a realizar reuniones y a focalizar sus críticas. Busca involucrarse en temas de transparencia, como las ganancias de las Fiestas de Abril, lo que sugiere que la compensación y los contratos que recibe ya no son suficientes.",GOOGLE_NEWS_RSS
Autorretratos de hielo / Los proverbios de abril - El Sol de México,2026-04-22 07:00,2026-04-22T07:00:00+00:00,El Sol de México,,https://oem.com.mx/elsoldetampico/analisis/autorretratos-de-hielo-los-proverbios-de-abril-29606987,https://news.google.com/rss/articles/CBMinwFBVV95cUxQeU5GdUtSZUlXX0RlUnBEbXpaZXlHYnZqREVsRWNPZml0X1RaNUhiTG5ZY1BUdTE5QktPNzFSVWFGM3NwMkVEOTVsSlhTNmdURElzdnowZ2t4ZllaRWQ3OVh6R0FuOGs3amdManZyYVl4ckdEVm9zWktRaXdoOXVaeDBTYkdQTEExZGs3aEJkQnFhemJuY2pXNTNOZWFMa3c?oc=5,,"Análisismiércoles, 22 de abril de 2026
Autorretratos de hielo / Los proverbios de abril
Las opiniones vertidas en este artículo son responsabilidad de quien las emite y no de esta casa editorial. Aquí se respeta la libertad de expresión
ÚLTIMAS COLUMNAS
Más Noticias
COLUMNAS
CARTONES
LOÚLTIMO
Newsletter
¿Te quedas fuera de la conversación? Mandamos a tu correo el mejor resumen informativo.",GOOGLE_NEWS_RSS
Guardia Estatal de Tamaulipas acude a escuela de Altamira por amenaza de tiroteo - El Sol de México,2026-04-22 07:00,2026-04-22T07:00:00+00:00,El Sol de México,,https://oem.com.mx/elsoldetampico/policiaca/guardia-estatal-de-tamaulipas-acude-a-escuela-de-altamira-por-amenaza-de-tiroteo-29620806,https://news.google.com/rss/articles/CBMizgFBVV95cUxQVDVoMTVXM21FUmNKRV9GVkl2TXNrOV84dzlpRXgzYlhWbU1ERkw1blFkY3E4WWFLMG9aTXdCZi1LclFEem82bzd2aEtwM0FUU0ZBVFpjSTVOTGNaMWhYVjFRREZGbGdReEEtbXpBTGRHaTRFR3Rnc0RPZFJvdklyV2w5UFd4RFQ3YkZjcldTYlNIVzRCOTVyMDNjMGtnY2M4aDA5c3FGbmFLV1JmWHhEVWhfU2IzMHdEMGZUSFAwUWRBSGZDWnVfNmZyNVNRdw?oc=5,,"Policiacamiércoles, 22 de abril de 2026
Guardia Estatal de Tamaulipas acude a escuela de Altamira por amenaza de tiroteo
El mensaje fue escrito en los baños de la secundaria por lo que se pidió el apoyo de elementos de seguridad y padres de familia
Miguel Díaz",GOOGLE_NEWS_RSS
¿Olor extraño? Reportan emanaciones cerca de la Refinería Francisco I Madero; autoridades ACLARAN la razón - Milenio,2026-04-21 07:00,2026-04-21T07:00:00+00:00,Milenio,,https://www.milenio.com/comunidad/reportan-fuertes-emanaciones-refineria-ciudad-madero,https://news.google.com/rss/articles/CBMijwFBVV95cUxNWGxiVGFvOUtfRGVYZVctNDJ3dEs5YTY5eENYUUVEVFRjU2RwOVNxTWdXcFpOWGpwS3JORW5HcmFPOEFBclg1OGJvRTY4clRwTUVmU3JHaDg0bm4waHJ6RGtMSVpRN0pXSlNBb0QzS0lMaWdHMmdyNGg0Tjk0NFBwWThYOEhLMGF1R3FBSFBZWdIBjwFBVV95cUxQTXZ2a3NTS3llVUFsa1F0MkhsMkMzbUxBcWVKTjA4Wi14NE41TnE2VmhXS3ZlNmZ0NFNiWGpHM18tZ2VmWXhDdzNPWmJhYkRPdWFidHZoVnJieWNvUUItT3JBakFRbUN6dkhuVUJXOTlvRnlERVB1UExKLV9QUHgxQkY4SnhJVWlfVVAxbDM5QQ?oc=5,,"Olores inusuales registrados en colonias cercanas a la Refinería Francisco I. Madero en Ciudad Madero generaron alarma entre la población, lo que derivó en reportes a los números de emergencia, informó el subdirector regional de Protección Civil, Rafael Chirinos Aguilar.
De acuerdo con el funcionario, los reportes comenzaron a recibirse a través del 911, donde ciudadanos señalaban la presencia de un olor “no común en el ambiente”, principalmente en sectores aledaños al complejo petrolero, como la Barra. Ante ello, personal de Protección Civil realizó recorridos de verificación en la zona.
¿Por qué huele 'extraño' cerca de la Refinería en ciudad Madero?
Tras la revisión, se confirmó que el origen del olor estaría relacionado con trabajos de mantenimiento al interior de la refinería, según el reporte proporcionado por la paraestatal.
Chirinos Aguilar explicó que este tipo de situaciones suelen presentarse cuando se llevan a cabo procesos de mantenimiento y posterior reactivación de operaciones, lo que puede generar emisiones con olores característicos. Indicó que, si bien son perceptibles, estos no representan un riesgo para la población.
Avisos preventivos a la ciudadanía
Señaló que, en ocasiones, las empresas notifican a las autoridades cuando realizarán paros totales o reactivaciones que puedan generar humo u olores, con el fin de emitir avisos preventivos a la ciudadanía. Sin embargo, en este caso se trató de un procedimiento interno que no fue comunicado previamente.
Ante la reacción de la población, el funcionario señaló que se hará la sugerencia a la empresa para que, en futuras labores de mantenimiento, se informe con anticipación a Protección Civil, a fin de evitar alarma innecesaria entre los habitantes.
yc",GOOGLE_NEWS_RSS
"Aliens en Tampico: esta exposición fotográfica captura a artistas locales como seres de otro mundo, ¡no te la pierdas! - El Sol de México",2026-04-21 07:00,2026-04-21T07:00:00+00:00,El Sol de México,,https://oem.com.mx/elsoldetampico/cultura/aliens-en-tampico-esta-exposicion-fotografica-captura-a-artistas-locales-como-seres-de-otro-mundo-no-te-la-pierdas-29589847,https://news.google.com/rss/articles/CBMi-AFBVV95cUxNQzE3TmZSZG1FaEVBSUVWXzBqUUdBWkFxMFhfeEVSVGZHS2doM2hmcG1HMGQ0Mi1hcjZ5bzBEeHg5ZVBwckN6SHY4Vnh2U1I2Sy1XSUJqR2gwVHpCNkR2UUZBS1FZX3VabUlxY0lZeVZ4SzhEaEZ3R21Ib2xnX3ViRHJMdExQQkpHMlFlRDJLb0piQVU2T09Za2tnVTUzQmdNUUlPbXkwVUg3bUNtTHhyWGJYWkZtckktR2h3MDRESVFZOWJ1N0wzZjQ3SzFjdlRyOFV2YUY4T3hjV0toaUNmX1dRd2x2cEJDX2JFeXJXU1NVYm9VY2ZpbA?oc=5,,"Culturamartes, 21 de abril de 2026
Aliens en Tampico: esta exposición fotográfica captura a artistas locales como seres de otro mundo, ¡no te la pierdas!
La fotógrafa Handra Rocha (Fotolúcida) ha llevado nuestro mito urbano más conocido al siguiente nivel
Víctor De Sampedro",GOOGLE_NEWS_RSS
¿Dónde están los libros de los cronistas? El llamado para rescatar el patrimonio histórico de Tampico - El Sol de México,2026-04-21 07:00,2026-04-21T07:00:00+00:00,El Sol de México,,https://oem.com.mx/elsoldetampico/cultura/donde-estan-los-libros-de-los-cronistas-el-llamado-para-rescatar-el-patrimonio-historico-de-tampico-29602437,https://news.google.com/rss/articles/CBMi5AFBVV95cUxQYl82Zklscm9vMGpUay1SSmxiSlA4WkZCcHRDdGQxRF9qYmRMaFFkU2stX1I2aGd2bHJVLVg0elRjSzhvVS1TWFl3blpVUlVrUE1CcWh3ZFpyelNWS2lCQUR4LVZONnlwS044MjNYbXJXNk1fVkthOXhvWDhZamZVVWswbEtzSGFiMXExS0hxRzJxSDVsQ2RRTThYcEtiUkRvOEJ4VWxNUUs1NU9Ubjg0Z1ZmUnNoTU5zczJyWnB0NTdlTUVSWGd1SVEzS3pvbU5aQUtsZmRJSnYxODg0QkIzMFBFQzE?oc=5,,"Culturamartes, 21 de abril de 2026
¿Dónde están los libros de los cronistas? El llamado para rescatar el patrimonio histórico de Tampico
Conocimos a Tampico a través de sus cronistas, pero ¿qué pasó con su legado literario?
Ricardo Ramirez
Conocimos a Tampico a través de sus cronistas, pero ¿qué pasó con su legado literario?
Ricardo Ramirez",GOOGLE_NEWS_RSS
Canaco impulsa hotel en la laguna del Carpintero - Milenio,2026-04-21 07:00,2026-04-21T07:00:00+00:00,Milenio,,https://www.milenio.com/negocios/impulsan-hotel-de-cinco-estrellas-en-la-laguna-del-carpintero,https://news.google.com/rss/articles/CBMimgFBVV95cUxOMk5DSEdla0tDTjZVOENJX29uUXhuZm5iZldaNjJtMno0emFVT1FIVXVVX1VMZkp4ZUJxX3hUdFBOSjRTZGFkSjR4cnVJdjBMOEZEWGNPQ0JlQ0N4T1pRNTlHbmtUS1R4cE9PMTFDb3NsUGoyc2ZxQ3BjTWpnMW54S2RyRXNrcXFEcFg2bnJPby05TTBKanBMNm930gGaAUFVX3lxTFA5UExSbHJMZlkyWW1Db2VISFhJNmx5d0xnUG1PcDZKa1hpLW5hVkxndjR2b2tYbXNOQXp5Yzh1d0k5WlNBUExSX3RXaHFhSVJXSzVsZ2RES0s0T1RZNG1HdjM1REpyaTBERzVKeU5ySWlzeXVvZXpCYnh5SDQ3MGxDNWNwWXFsVzVOc1dYUmd0NFBBdjhYYzFrT3c?oc=5,,"Los empresarios de la zona sur de Tamaulipas aseguran que se deben mantener los esfuerzos para que haya un hotel de cinco estrellas en el perímetro de la laguna del Carpintero, siempre pensando en el medio ambiente, en una zona referencial para el turismo de convenciones.
Eduardo Manzur, presidente de la Cámara Nacional de Comercio (Canaco) en Tampico, aseguró que se deben concretar este tipo de proyectos en zonas que sí están permitidas en el perímetro de dicho paseo, es decir, sin afectar el medio ambiente.
“Habría que ver también el tema de rentabilidad para los negocios que están ahí, y que en un futuro cercano podría también ser un área propicia para generar algún tipo de hotelería que pueda apuntalar los eventos que se hacen en el centro de convenciones”, declaró el empresario.
Explicó el empresario tampiqueño que “hay que explorar bien la posibilidad de tener un desarrollo, un hotel dentro del terreno de la laguna Carpintero, en áreas permitidas, cumpliendo todos los requisitos legales como impacto ambiental, cuidado del medio ambiente”.
Asimismo, el representante de los comerciantes destacó que las autoridades deben poner la mira para que un desarrollo turístico pueda concretarse en uno de los paseos más importantes del puerto, además de ser epicentro cultural y de convenciones.
Buscan detonar inversión y empleo en Tampico
“Sí es importante atraer una inversión de primer nivel en el sector de hotelería en ese sector, porque eso va a permitir detonar la infraestructura hotelera en toda la zona alrededor de la laguna, y eso significa empleos, desarrollo económico y una mayor oferta hotelera para grandes eventos”, externó.
Identifican zonas disponibles para desarrollo
Hay una zona del bulevar Adolfo López Mateos, en el tramo comprendido entre la intercepción con Perimetral y antes de los cerros, que están recubiertos para evitar afectaciones, hay una serie de locales vacíos, en renta y en venta, además de algunas invasiones en el lado de la laguna.
“Habría que ver con los desarrolladores inmobiliarios cuáles son las opciones que se puedan tener, ese tipo de locales o terrenos todavía disponibles que básicamente están de un lado del boulevard, ya que el otro lado prácticamente son terrenos de la laguna y se están usando como vías verdes”, expuso.
SJHN",GOOGLE_NEWS_RSS
"¡Imagínese! / Inicia la batalla - El Sol de Tampico | Noticias Locales, Policiacas, sobre México, Tamaulipas y el Mundo - El Sol de México",2026-04-21 07:00,2026-04-21T07:00:00+00:00,El Sol de México,,https://oem.com.mx/elsoldetampico/analisis/imaginese-inicia-la-batalla-29591368,https://news.google.com/rss/articles/CBMihgFBVV95cUxQcDhoTlBuX3NnZHk2TFZrSVVOZEpBS2tVd1RGa3BDQlFtSlMxdDRBemVYS29oVm1aTGJkTDNMWWRSd0xOR3hXdFBKMDlHd1FhMW9Id3hEaGE0aWc4Qk1NV0pZUER6OG1tWXNqR1pqN0U0VFNBR1V2Qnk3STB5WDdnWFJ3NVNrQQ?oc=5,,"Análisismartes, 21 de abril de 2026
¡Imagínese! / Inicia la batalla
Tamaulipas, ejemplo nacional en salud
Gestiona Armando miles de escrituras
Impulsa Erasmo auge turístico en Miramar
ÚLTIMAS COLUMNAS
Más Noticias
COLUMNAS
CARTONES
LOÚLTIMO
Newsletter
¿Te quedas fuera de la conversación? Mandamos a tu correo el mejor resumen informativo.",GOOGLE_NEWS_RSS
Jaiba Brava recupera a parte de plantilla para arranque de la Liguilla - Milenio,2026-04-21 07:00,2026-04-21T07:00:00+00:00,Milenio,,https://www.milenio.com/deportes/futbol/jaiba-brava-recupera-plantilla-arranque-liguilla,https://news.google.com/rss/articles/CBMikgFBVV95cUxNSHlDcnM0c0p3SkU2VjFFYlp1OXVJS2QtWEdoWHg1VFl3Q3ZGa0RJUE90RU8yNXY1QVJET2lMOWF2Qi1qTlZDQVBjalJicHZpUmFVR2dEY2ZZN0lacE1kMzBHYXd2U0JkWHIyVGlVY21Ed1pEZTlQeDdPSnVWVFB0TFo3dzM4M3NYeG1TX3lBQUliUdIBkgFBVV95cUxOdTVOM1hITE9XRDZHWHU4ZjRZdXdtWjVZVzJEbE5aN0o3cHpyYllfMTBLM1RDTk1ocnpMd1h0UWJOeGItd1dGTkpsYXhrZ2V4UlByS3lLdlN0WmNnTGo0OVZrQXpDTU0xQ1hQSmxuM1J1TXZKaFpGdkdBUU9aMEk3dG5PSVdHbFlRTTF0Nkt2UVNIZw?oc=5,,"El corto tiempo que representa preparar un partido de cuartos de final en la Liguilla, le sirve a la Jaiba Brava del Tampico-Madero para rescatar parte de sus elementos importantes y contar con el máximo del personal posible, de cara al primer juego de la eliminatoria contra el Atlético La Paz, choque que se celebrará este miércoles en el Estadio Tamaulipas.
Para el cuerpo técnico encabezado por Marco Antonio “Chima” Ruiz, tener disponibles a jugadores que resintieron dolores durante la recta final del Clausura 2026, además de aquellos con suspensiones, le abre un panorama alentador hacia un choque importante con la intención de sacar una ventaja para la vuelta el próximo fin de semana en Baja California Sur.
“Ahora voy a tener otro tipo de problemas pues por fortuna ya está en actividad Deivoon (Magaña), he recuperado a Michel (Rodríguez), empezó a tener minutos (José) Clemente ya estarán disponible Sergio (Flores) también Pablo (Saldívar). Contar con esa variedad es una buena situación, porque a cualquiera que escoja lo hará muy bien en la cancha”, apuntó.
Existen otros elementos todavía en duda. El defensor Alberto Ríos se sigue recuperando aunque todavía no se considera alguna fecha definitiva para su retorno a las canchas, situación que el propio estratega trata de acelerar.
El lateral mexico-argentino Luciano Bocco sigue fuera de las convocatorias a raíz de un golpe en su pierna izquierda, mientras un percance automovilístico ha limitado la acción a Oliver Pérez, contemplado para esta recta final. Dependiendo su evolución y lo que logre alcanzar la escuadra, podrán sumarse a la causa.
“Reconozco el trabajo que ha hecho el cuerpo técnico y el staff por tener al equipo lo mejor posible. La gente médica y de fisioterapia se han aventado una enorme labor para poner a los muchachos a tono”, añadió Marco Antonio.
Aún así, el tiempo es corto y solamente este martes le quedará realizar una práctica al conjunto porteño hacia el primer enfrentamiento ante los paceños, dirigidos por el argentino Hugo Roberto Castillo.",GOOGLE_NEWS_RSS
Crearán la Junta Central Catastral en Tamaulipas - Milenio,2026-04-21 07:00,2026-04-21T07:00:00+00:00,Milenio,,https://www.milenio.com/politica/crearan-la-junta-central-catastral-en-tamaulipas,https://news.google.com/rss/articles/CBMiiAFBVV95cUxQQll4NzlwWGw5OHBzNjRXd0NPWjhvMTY5VWxoUzFPNUlYZWJONk5oQUdRMmxJN2piaUdIY3NFX25BVnBjelZ2aGhJa254cWt5Z09QY2lmR3Juamo3RDNzdE1KTWRsaUw3enF1M3JlR1hpd0kwNFRBN2toTlBGb2NvYlJ1RXdfTXFH0gGIAUFVX3lxTE9PTWJoNVgtWENucC02aTVHenBubFBnZWcwT2x5LXJWRm5kUjBXQUV5N2trNjJZUlNHcW1Bckx2NkkxRzZFV2hYVHpkbGQ2Uk1aU3E0Y2k4U3hMYnBxMkR0cXZXTXRmRTI1aXZGM2lvMHhkWjVVVWlYakZXdnBnbGdtb2FEbVJ5YjE?oc=5,,"En Comisiones del Congreso del Estado se aprobó la creación de la Junta Central Catastral, un nuevo organismo auxiliar que tendrá como función principal establecer criterios generales para la determinación de valores catastrales en Tamaulipas.
La iniciativa busca fortalecer el sistema catastral del estado mediante la homologación de criterios y la revisión de los acuerdos emitidos por las juntas municipales de catastro, con el objetivo de mejorar la actualización de valores de los inmuebles.
Durante la discusión, legisladores destacaron que la propuesta responde a problemáticas detectadas en la práctica municipal, donde la falta de criterios uniformes ha generado rezagos, inequidades y distorsiones en el cobro del impuesto predial y del impuesto sobre adquisición de inmuebles.
Asimismo, se subrayó que la creación de este organismo no invade la autonomía municipal, al tratarse de una instancia técnica y de coordinación fiscal, encargada únicamente de emitir criterios y opiniones especializadas.
La reforma también incorpora elementos de modernización administrativa, como el uso de tecnologías de la información, la digitalización de registros catastrales y la coordinación entre el catastro municipal y el Instituto Registral y Catastral del Estado, lo que, de acuerdo con lo expuesto, permitirá mayor transparencia, certeza jurídica y eficiencia en la gestión pública.
Durante la sesión, se destacó además que este tipo de juntas ya operan en otras entidades federativas, como Nuevo León, lo que sirvió como referencia para la propuesta aprobada.",GOOGLE_NEWS_RSS
¡Súmate a la reforestación! Sembrarán 250 árboles este sábado en el Recinto Ferial de Tampico - El Sol de México,2026-04-21 07:00,2026-04-21T07:00:00+00:00,El Sol de México,,https://oem.com.mx/elsoldetampico/local/sumate-a-la-reforestacion-sembraran-250-arboles-este-sabado-en-el-recinto-ferial-de-tampico-29609545,https://news.google.com/rss/articles/CBMi1wFBVV95cUxOQ2g2cm5PX1BZZS0xZ3NyaVV5LWIwcEZIdFlDMzRkdGFGcWpPSXF4eFMzZkZoSlFPdXdjY2F4Q2pzQW84Vl9tOWRLNVJNY3JDenR6NnpFRjl4cjVsbEcwLW5BU2didms0NDlTQ0ViN1FYMHFQY1FPNF9Ed3ZBNjByWlRnLVZyR29IVDJ0Zl82WlphRFRjQXZJLU1iNkZ3RUk4RWZEYlZKQlZFM1lXWDlMaU5aeVNYRlQtNVBiZWhkcUVsRERyeDV4WElnUk5lRjd0cUVZSzFzRQ?oc=5,,"Localmartes, 21 de abril de 2026
¡Súmate a la reforestación! Sembrarán 250 árboles este sábado en el Recinto Ferial de Tampico
La jornada “Niños sembrando vida, sembrando futuro” promoverá la reforestación y enseñará a niñas y niños la importancia de cuidar la naturaleza
Antonio Campos",GOOGLE_NEWS_RSS
Trabajadores eventuales de salud en Tamaulipas denuncian sueldos bajo el mínimo y exigen basificación - Milenio,2026-04-21 07:00,2026-04-21T07:00:00+00:00,Milenio,,https://www.milenio.com/estados/trabajadores-salud-tamaulipas-denuncian-sueldos-minimo,https://news.google.com/rss/articles/CBMijwFBVV95cUxOSTFSOG1Zd3k5VDdkMk14NlJ5ZkstVXhkSnY4M29vLWo3OHRBMzEzN2p1N2dUYlZqOXVHTUtDeFljR2E4THVuRnRFMlR4SnE5elAtdzA4T0JXdTlvZkdoQXVrQWVSRWVLSGt1X0tlVF9yVC1TVGQ5UC0xNGxnaHluUndGd2lHN1g5U3dhTktUd9IBjwFBVV95cUxQNURpVy1uRjFMOFVPdTkxRnhzcHRORWU5N1cxVExTQ0lQd3FoTUdOR1RBbmZ3TlF1OGVKdG5NaHpZV3JLTWpCNUstQ1ZLUUp2clR5aVdXYXhhaXlFbGdzak5NSjdiQU5UZkRxRXNibE1ET00wWXY3emVLQlpyVlR1bUVDSEZ5S3JRWVhHZk9Ddw?oc=5,,"Los trabajadores eventuales del sector salud en Tamaulipas denunciaron que continúan sin recibir su basificación, exigen un incremento salarial justo y alertaron que más de mil de ellos perciben sueldos por debajo del salario mínimo, una situación que viola sus derechos laborales y genera profunda preocupación.
Señalan incumplimientos desde 2023
Miguel Ángel Martínez, representante de los trabajadores eventuales, conocidos como “vectores"" y Alejandro Ceniceros Martínez, dirigente del Partido del Trabajo en Tamaulipas, dieron a conocer la problemática.
Martínez señaló que desde 2023 se repite la misma situación año con año. ""Es una clara violación a los derechos de los trabajadores del sector salud"".
Evidencian sueldos por debajo del mínimo
También presentó junto a sus acompañantes copias simples de recibos de pago que evidencian la irregularidad: en zona general, algunos perciben alrededor de 5 mil pesos mensuales, cuando el salario mínimo oficial para 2026 es de 9,582 pesos mensuales, esto es 315.04 pesos diarios.
Mientras que, en la zona fronteriza, hay casos en los que reciben 8,554 pesos, por debajo de los 13,410 pesos mensuales que marca la ley, esto es 440.87 pesos diarios.
Afectación mayor en la zona fronteriza
""Este problema se agrava en la frontera, donde compañeros hasta con 20 años de servicio que no han visto respetada su antiguedad ni han sido basificados, a pesar de que el proceso se prometió desde 2018"", denunció.
Además, lamentó que más de 2 mil compañeros siguen esperando su base, algo que parece que nunca llegará, pues años van y años vienen y nada.
Incertidumbre por transición a IMSS-Bienestar
Respecto al IMSS-Bienestar, indicó que la transferencia de personal en áreas administrativas y médicas no se ha concretado por completo, dejando a los eventuales en una situación de incertidumbre.
Descartan medidas radicales, pero piden ser escuchados
También rechazó que vayan a implementar cualquier medida extrema como el cierre de oficinas : ""Lo que buscamos es visibilidad ante las autoridades. El trabajador eventual es quien saca adelante el trabajo diario, mientras los de base gozan de mayores beneficios. Exigimos que se nos pague lo justo"".
Por su parte, Alejandro Ceniceros Martínez aseguró que el PT ha acompañado a los trabajadores y siempre ha privilegiado el diálogo.
""Presentamos por escrito la solicitud de audiencia con la nueva secretaria de Salud desde el 20 de marzo y hasta la fecha no hemos sido recibidos, este es un pendiente que debe atenderse con urgencia, antes de que siga escalando a otros niveles, concluyó.
Previo a la denuncia de los trabajadores, la secretaria de Salud en Tamaulipas, Adriana Marcela Hernández Campos declaró que se llegó a un acuerdo para liquidar los dos meses pendientes que,
desgraciadamente se presentaron debido a temas administrativos ""se venían arrastrando. Desde enero estamos trabajando para que esto no vuelva suceder"".
SJHN",GOOGLE_NEWS_RSS
"Avenida de Tampico es un laberinto: peatones esquivan autos, comercio y basura - El Sol de México",2026-04-21 07:00,2026-04-21T07:00:00+00:00,El Sol de México,,https://oem.com.mx/elsoldetampico/local/avenida-de-tampico-es-un-laberinto-peatones-esquivan-autos-comercio-y-basura-29586771,https://news.google.com/rss/articles/CBMiwwFBVV95cUxPa2FqR2p1RFNJWVcyT3BKNzVpaVA5MVBRODA2TFRxNEpaT01RQTFyWTRrdWVnSW9qZnlQem9KZUk3Z0N5WkFVV0EwRHlOUXRkeXN0bGVvb2luazRvU3MxSTJmNkNHanUxekVoRktQci1OYlJoTnNvV0QxQWxmZk1aRXotM1pia2RlMkJLdTRnelpyZDZ5cHR4U0hzT1hnYjRxa1JZLV9qVzhVMTZQa0Rrc2Z2NFdGSnZ3MWRjcGxOUlc1dDA?oc=5,,"Localmartes, 21 de abril de 2026
Avenida de Tampico es un laberinto: peatones esquivan autos, comercio y basura
Autoridades llaman a denunciar vehículos abandonados y obstrucciones para recuperar áreas peatonales en la avenida Portes Gil
Yadira Hernández",GOOGLE_NEWS_RSS
Registran hasta 60 abortos mensuales en Tamaulipas: colectiva feminista - Milenio,2026-04-21 07:00,2026-04-21T07:00:00+00:00,Milenio,,https://www.milenio.com/estados/aborto-en-tamaulipas-que-cambia-tras-fallo-de-la-scjn,https://news.google.com/rss/articles/CBMijgFBVV95cUxQdnhWMUNCUXkzX2dDNXA0NkxlT1RXM21LODhvV0I3RHJWQlNyWlVITGNhMGpoeUJSSDMxQWFqYWxVbFJyWTRyUVBzY2J0NGRyMDlBRjF5THQ1TTFGVG5KbDZNZ3dpekJNbS15Z3BETUl3YllPakdrY0JZZmdReUwyaHpuU1ZTY1p0NEZxeTN30gGOAUFVX3lxTE9haUhfaHZQLTRPVDFOYkNscnZLeF8zZU44T1p2Nm92Zm9ReW5UbVIyWjFSTHl3ZzNZNDZWSzV5OVF1ZVlxaWlldmUzWVZNd1F6RUFhMmVEU1BBa0ViemRpTGY4NldXZ1plV2Mwd1FrWTlZR3VvTVM1ZU4wMFk1WFFKVTJfSVk0R0lCYTRNUHc?oc=5,,"El debate sobre el aborto en Tamaulipas ha tomado un nuevo rumbo tras el reciente fallo de la Suprema Corte, generando dudas sobre su impacto real en la vida de las mujeres.
Aunque la resolución ha sido interpretada como un avance, especialistas y colectivas advierten que la situación en la entidad mantiene importantes limitaciones en el acceso a servicios de salud reproductiva.
Martha de la Cruz, integrante de la colectiva feminista Mujer Manglar, explicó que en la práctica el escenario no ha cambiado para la mayoría de las mujeres en el estado, pese a la resolución judicial.
¿Qué cambió tras el fallo de la Corte sobre aborto en Tamaulipas?
De acuerdo con la activista, el fallo de la Suprema Corte únicamente protege a las mujeres que promovieron el amparo desde 2023, sin modificar de fondo la legislación estatal.
“En realidad, todavía nada cambia. Seguimos estando en un estado que penaliza el aborto, salvo en las causales permitidas por la ley”, explicó.
Actualmente, en Tamaulipas el aborto solo es legal en casos específicos, como cuando el embarazo es producto de una violación o cuando existe riesgo para la vida de la mujer o persona gestante.
Esto significa que, fuera de estos supuestos, las mujeres aún pueden enfrentar procesos legales si deciden interrumpir su embarazo.
Rezago y barreras en sistema de Salud
Uno de los puntos más críticos señalados por las colectivas es la falta de preparación del sistema de salud para garantizar este derecho, incluso en los casos donde ya está permitido.
Según Martha de la Cruz, el nivel de atención podría calificarse apenas como un “2 de 10”, debido a prácticas como la objeción de conciencia por parte del personal médico, así como la falta de capacitación en protocolos adecuados.
Relató que incluso en situaciones legales, como embarazos por violación, existen obstáculos. Citó el caso reciente de una menor en Matamoros que no recibió atención médica oportuna hasta que intervinieron colectivas feministas.
Además, advirtió que algunos médicos particulares desconocen los lineamientos establecidos por organismos internacionales, lo que deriva en tratamientos incorrectos.
¿Dónde está el principal obstáculo?
La activista aseguró que el problema no se limita a una sola área, sino que responde a una combinación de factores.
“Es un tres de tres: sistema de salud, autoridades y cultura social”, señaló.
Explicó que la criminalización del aborto no solo está en la ley, sino también en la percepción social, lo que genera estigmas, desinformación y presión hacia quienes buscan interrumpir un embarazo.
Esta situación, añadió, también influye en la falta de avances legislativos, ya que existe resistencia política ante el tema.
Mujeres siguen abortando en Tamaulipas
A pesar de las restricciones legales, las colectivas aseguran que las mujeres en Tamaulipas continúan accediendo a abortos, principalmente a través de acompañamiento.
De acuerdo con datos compartidos por activistas, en el estado se brinda apoyo a entre 50 y 60 mujeres al mes, considerando distintas regiones.
Las edades varían, aunque la mayoría se concentra entre los 19 y 28 años, aunque también hay casos de menores de edad y mujeres adultas.
Riesgos y criminalización
Uno de los principales riesgos es la falta de información y acompañamiento adecuado, lo que puede llevar a complicaciones de salud o incluso intentos de criminalización.
La activista explicó que algunas mujeres, tras realizar el proceso por su cuenta, acuden a hospitales donde enfrentan cuestionamientos o intentos de denuncia.
Sin embargo, aclaró que, aunque el aborto sigue penalizado, existen herramientas legales como el amparo que pueden frenar procesos judiciales.
El papel de las colectivas feministas
Ante este panorama, las colectivas han asumido un papel clave en el acompañamiento de mujeres, brindando información, asesoría y apoyo emocional.
Martha de la Cruz hizo un llamado a quienes tengan dudas o temor a acercarse a estos grupos, asegurando que el proceso se maneja con confidencialidad y respeto.
“Es una decisión personal. Aquí van a encontrar información segura, acompañamiento sin juicio y apoyo en todo el proceso”, afirmó.
¿Se abre la puerta a la despenalización?
Aunque el fallo de la Corte es considerado un paso importante, las activistas coinciden en que aún falta un cambio estructural en la legislación estatal.
Señalan que el reconocimiento del derecho a decidir ya existe a nivel nacional e internacional, por lo que consideran necesario que Tamaulipas avance hacia la despenalización.
Mientras tanto, el acceso al aborto en la entidad seguirá dependiendo de factores legales, sociales y de acompañamiento, en un contexto donde el debate continúa abierto.",GOOGLE_NEWS_RSS
Bolsa mexicana retrocede en inicio de sesión errático; Wall Street sube - Milenio,2026-04-21 07:00,2026-04-21T07:00:00+00:00,Milenio,,https://www.milenio.com/negocios/bolsa-mexicana-de-valores-baja-hoy-21-de-abril-de-2026,https://news.google.com/rss/articles/CBMikAFBVV95cUxQLUZDdV9sUEdBTFExQmZRSHBIa3c2THR6SW5qTWpkX2JxRC1paGl5RFVORU5FbWI4U0NYRzdlM3hSczFsRXRSNWxkaVZZSmNnbjVBaFR2WTdZaGFGVFJZQWFJYm9UVnJEQ2NCRlNLS3pNM0Q0TERjWVE2by1lMjhVRE1GMl94ZlZzMFpnemdwVTLSAZABQVVfeXFMUFIyTmZtSTRmV0p3Skt4ZkFyZ0w2aHlYWk9FbXNRcXppMTdZd2Jrc3BOeUhaSFdQclpZeEV1aWpwZmFvb0c3RkotZ0wxSzNXZXV0X3g2UEFGS2tOSmJzaHJqQ2dBVThZVFY4Y01pdnpCaEhXQUVQdHdZdzhrYzZSWm14OWFBenRQM0ZyY0U5NGFl?oc=5,,"La Bolsa Mexicana de Valores (BMV) descendía en un errático inicio de sesión debido a la cautela de los inversionistas a la espera de noticias sobre la posible reanudación de las conversaciones de paz entre Estados Unidos e Irán.
El índice líder S&P/BMV, que agrupa a las acciones más negociadas de la plaza local, perdía 0.66 por ciento a 69,622.60 puntos, aunque poco antes llegó a avanzar 0.52 por ciento.
Los títulos de la minera Industrias Peñoles encabezaban el declive, con 3.50 por ciento menos a 972.85 pesos, seguidos por los de la firma de alimentos Sigma, que restaban 1.86 por ciento a 17.39 pesos.
Wall Street sube, ya que IA y resultados empresariales contrarrestan inquietud por Medio Oriente
Los principales índices de Wall Street subían levemente, ya que el renovado optimismo en torno a la inteligencia artificial y los sólidos resultados empresariales daban un respiro a unos mercados sacudidos por las constantes idas y venidas en torno a la resolución del conflicto de Medio Oriente.
El Promedio Industrial Dow Jones ganaba 309.83 puntos, o 0.63 por ciento, a 49,752.39 unidades; el índice S&P 500 mejoraba 12.3 puntos, o 0.17 por ciento, a 7,121.44 unidades; y el Nasdaq Composite avanzaba 34.1 puntos, o 0.14 por ciento, a 24.438,49 unidades.
J.P. Morgan elevó su objetivo de fin de año para el S&P, citando los beneficios impulsados por la IA y la tecnología, mientras que Amazon anunció que invertirá hasta 25 mil millones de dólares en Anthropic, lo que indica que las grandes tecnológicas siguen dispuestas a invertir en el sector.
Las acciones de Amazon mejoraban 2 por ciento, ayudando a que el sector de consumo discrecional del S&P subiera casi 1 por ciento, liderando las alzas del referencial. Un descenso del 0.5 por ciento en el sector sanitario limitaba las ganancias del S&P.
Los inversores también esperan la audiencia de confirmación en el Senado de Kevin Warsh, el candidato del presidente de Estados Unidos, Donald Trump, para dirigir la Reserva Federal.
A pesar de la incertidumbre, las esperanzas en la IA y los resultados empresariales positivos impedían que los inversores se mantuvieran al margen. De las 48 empresas del S&P que presentaron sus resultados hasta el viernes, 87.5 por ciento superó las estimaciones de los analistas, frente a una media a largo plazo del 67.4 por ciento, según datos de LSEG.
Los resultados han sido sólidos y están eclipsando el discurso general, afirmó Thomas Hayes, presidente de Great Hill Capital.
Índices en tiempo real
S&P 500
Dow Jones",GOOGLE_NEWS_RSS
“Toman clases con calor y a oscuras”: escuela de Tampico cumple dos años sin energía eléctrica - El Sol de México,2026-04-21 07:00,2026-04-21T07:00:00+00:00,El Sol de México,,https://oem.com.mx/elsoldetampico/local/toman-clases-con-calor-y-a-oscuras-escuela-de-tampico-cumple-dos-anos-sin-energia-electrica-29601568,https://news.google.com/rss/articles/CBMi1wFBVV95cUxQblNzOU9rUlo4QVY1MklZaHVOWGhmbTl3YXFCaUp6V0h6TTNwVUxQLU5LRFhKY1BYMkpuNUlzYUtDby03bVh4TWF0VXFPTDhJcFFoWVVGTVJ0d2FjYi1CeXRhaHpYZEY0RkxGZ0xzUFI0TGZDZ3FMM1pRZDM4azhLS2dzd3NrU2NyWF9fbmw3cE5LUjFYeDBfSVMzMm1PVU5kSHAxanVDZEl1RXdWdUlHOUtkNnc4Q0NQYWF1REdvVEo1TVlVMlZrV00ycnhTbU85UVhJTEVmcw?oc=5,,"Localmartes, 21 de abril de 2026
“Toman clases con calor y a oscuras”: escuela de Tampico cumple dos años sin energía eléctrica
Padres y docentes exigen apoyo urgente tras años de gestiones sin respuesta de autoridades educativas
Yadira Hernández
Padres y docentes exigen apoyo urgente tras años de gestiones sin respuesta de autoridades educativas
Yadira Hernández",GOOGLE_NEWS_RSS
"""Entró más agua salada de la necesaria"": Rocío Nahle sobre mortandad de peces en norte de Veracruz - Milenio",2026-04-21 07:00,2026-04-21T07:00:00+00:00,Milenio,,https://www.milenio.com/comunidad/rocio-nahle-habla-sobre-mortandad-de-peces-en-veracruz,https://news.google.com/rss/articles/CBMikgFBVV95cUxOUXBtZEMzNFFfS0hOV2k1LTJFNkRqUEVlOWRvWFJtanRvQTdtRUZIaG94cl9CZTVVanE1RUlKRFY3QUZnWHJ5MDFqdGtvYUh0anY2Sy1WWExNY1dzaEFWVGlUR2daa3hvb1V2N0dyWGtLN2N1QUk3M2Nwdk9MeURtVWVMeU9BY05FTDNqOWlkR2pMUdIBkgFBVV95cUxPRzBNLURKRk94THBldVYzelNTRU8zYk92SVRRbno0eFZwbEpoVFZ6bktqQ0t4VmQ4SzlwVUtFby1ZenNnejZ4V2hpOVRqZXpENVdPSjZMOFMzTFoxTnlDQ2I1OXdwMjhGdWJxYWZmS1c2cFotQTNYY2xQaWRVeXg4dndUREJ0dUtZcWVhR2pNZXlDUQ?oc=5,,"Sobre la muerte de miles de peces en municipios del norte de Veracruz y sur de Tamaulipas, la gobernadora de Veracruz, Rocío Nahle García, dijo que la causa fue que entró más agua salada de la necesaria al estero o laguna de agua dulce, lo que dejó sin oxígeno suficiente a los peces que terminaron muriendo.
Mencionó que la Comisión Nacional del Agua ya había informado al respecto y dijo que todo se debió al manejo de una compuerta.
“Es un manejo de una compuerta que se tiene entre Pánuco y Tamaulipas, lo maneja Conagua, es agua dulce con agua salada, ahí está en desnivel, la parte dulce está más abajo del nivel del mar y cuando aumenta el flujo del agua salada tienen ese choque de corrientes y cierran y abren esa compuerta, entonces parece ser que en un manejo de compuertas se salinizó mucho el agua, se quedó sin oxígeno el agua, y hubo esta mortandad de peces muy fuerte”. Apuntó que el gobierno de Veracruz está coadyuvando, levantando a los peces, dándoles el tratamiento por que se tiene que poner en fosas con cal los animales marinos muertos.
Ese mal manejo de las compuertas provocó mortandad en el estero El Camalote y en la laguna de La Costa. Conagua informó que tras realizar las primeras inspecciones en el estero El Camalote, el personal técnico identificó que una de las compuertas del sistema lagunar se encontraba abierta, lo que permitió el ingreso de agua salada proveniente de la laguna de La Costa hacia el cuerpo de agua dulce.
Conagua ya realizó análisis a los peces, al agua, y eso fue lo que encontró, que murieron por falta de oxígeno. Vigilan que no vendan peces muertos por salinidad Por su parte, Mario Rebolledo Urcádiz, titular de la Comisión Estatal para la Protección contra Riesgos Sanitarios (Coepris), confirmó que el fenómeno afecta principalmente al pez plata, una especie de agua dulce.
El funcionario advirtió que, aunque esta especie no es habitualmente de consumo humano, su comercialización bajo estas circunstancias representa un riesgo sanitario significativo para la población.
Ante este escenario, la COEPRIS ha iniciado un operativo de vigilancia en coordinación con los ayuntamientos de Altamira y Tampico, así como con la Secretaría de Salud estatal, para evitar que los peces muertos sean recolectados y distribuidos en mercados locales.
Las autoridades sanitarias hicieron un llamado a la ciudadanía para evitar la adquisición de productos pesqueros de dudosa procedencia en los próximos días.
Finalmente, la Conagua aseguró que este fenómeno natural no representa ninguna amenaza para el sistema de abastecimiento de agua potable que surte a la zona conurbada de Tampico, Ciudad Madero y Altamira, por lo que el suministro hacia los hogares se mantiene bajo estándares de seguridad normales. Las brigadas de limpieza y monitoreo continuarán en la zona afectada para retirar los restos orgánicos y supervisar la evolución de la calidad del agua.
Las causas
A través del Organismo de Cuenca Golfo Norte, la dependencia federal detalló que la situación se concentra en la Laguna de La Costa, un cuerpo de agua salada colindante con el estero “El Camalote”, de agua dulce.
Según los análisis técnicos, la fluctuación en la concentración de sal generó estrés extremo y desorientación, afectando particularmente a los ejemplares que no lograron desplazarse a tiempo hacia zonas con condiciones más estables.",GOOGLE_NEWS_RSS
Generosas reservas de aceite y gas bajo el suelo de Tamaulipas: reactivan Campo Tamaulipas-Constituciones - El Sol de México,2026-04-21 07:00,2026-04-21T07:00:00+00:00,El Sol de México,,https://oem.com.mx/elsoldetampico/local/generosas-reservas-de-aceite-y-gas-bajo-el-suelo-de-tamaulipas-reactivan-campo-tamaulipas-constituciones-29602632,https://news.google.com/rss/articles/CBMi6AFBVV95cUxPV0g1RTBTMWVTS1lhczg1cFE0UGpieDZmVkx4X3lsYXNYLUJKVG03U0pHTnM4eFpVTjcxYzZvemRNYXhnUzNRRTJlRV9Bb3hRVW5MZFBlYUVwUnBJTzJUUkxnNUFpMjI4cjJ2Q0o1LUdIR2ItaUJncWh0aUdVWkY1ODNBTVEwM3V6c3Q5Y0RJeG4zZlJoSDN5V1RVRHlOY3d6dWJLMVJpbzJKQ3phVVJ1dWVVYi1aamdMbjZzMzRVTzhRQkp4MU8tc2prajlLUXJwREF3Vld5TGdjUk5yX3pZck4tUVJmbmNS?oc=5,,"Localmartes, 21 de abril de 2026
Generosas reservas de aceite y gas bajo el suelo de Tamaulipas: reactivan Campo Tamaulipas-Constituciones
La extracción se calcula en 125 millones de barriles de aceite pesado y 144 millones de pies cúbicos de gas natural.
María Macías",GOOGLE_NEWS_RSS
CMIC Tamaulipas prevé crisis de pavimentaciones por alza en el asfalto - Milenio,2026-04-21 07:00,2026-04-21T07:00:00+00:00,Milenio,,https://www.milenio.com/negocios/cmic-tamaulipas-preve-crisis-pavimentaciones-alza-asfalto,https://news.google.com/rss/articles/CBMilAFBVV95cUxNbFk0TDBDSGh1TExuckE2a3kyTzQyeGYwVHFHUzhEMTRURjVMOFAzR21ZZ19mbnRvVHo5S1J0d2QxRlNfUHdMdmxoRFRWOGlsMWU3OFFHa0U5ZjFoMjMtcEZYdkJieW0xYVdXbWJqaFNOLUpKMFN6SlFOSlZ0WDlLMHdQNFEyT19iZm1mVFAzZnhKTThL0gGUAUFVX3lxTE94STJ2R016V0stQl90MkFzdll1d1ZUTExydG1zYTI3YlUwdlE5UEpqX2pvR2VpXzlrMUJRSGt1RmVCY0VOUUREemZiNXlfR2ozeDEyNUFpVkRkMld0RC0tVDg2aEU2QTJhUjZVbU5nSDRfSllsdko1MDgwZVNoYzY2QXVyQWZBVzE5ZDVYSWRwaEJrSXM?oc=5,,"El precio del asfalto se disparó hasta un 50 por ciento y trae consigo el encarecimiento de la obra pública, principalmente la pavimentación de calles y avenidas en Tamaulipas. El conflicto bélico en Medio Oriente y el cierre del Estrecho de Ormuz provocó un alza en la tonelada del material derivado del petróleo.
Para la Cámara Mexicana de la Industria de la Construcción (CMIC), la elevación también planea como consecuencia la reducción del programa anunciado por el gobierno estatal y los municipios referentes a modernizar la infraestructura de movilidad o bien emprender nuevas rutas, dijo el presidente Pablo Haro Panduro.
Los proveedores han reportado que la tonelada promedio en el país pasó de los 3 mil 500 pesos hasta los 7 mil pesos, esto en un lapso de tres semanas. La cadena de suministro y el impacto que trajo consigo el incremento del barril de crudo tras la guerra entre Estados Unidos e Irán, arrastrará a esta actividad.
“El comentario entre los constructores es que el asfalto se ha convertido en un lujo. Viene un problema en los proyectos de los gobiernos, pues si antes tenían programado 15 pavimentaciones, ahora solo podrán hacer ocho ante el elevado precio que representa el material”, indicó el también constructor.
Combinado con áridos como grava y arena, es manejado en vialidades con mayor tráfico debido a su resistencia, desde avenidas hasta carreteras, incluso aeropuertos y en recintos portuarios. En la zona sur se han efectuado varias acciones de reencarpetado.
Aunque se pronunció una tregua entre el gobierno iraní con la administración de Donald Trump, el petróleo, la principal materia prima que registró alzas afectando globalmente a los combustibles y otros derivados.
Otro insumo que se utiliza para modernizar las vialidades es la tubería PVC. Aunque en menor medida este producto también registró un aumento, mientras el concreto se incrementó mínimamente y el acero ha estabilizado su costo al público en general.",GOOGLE_NEWS_RSS
Obesidad en Tamaulipas: más de 199 mil casos detectados en un año - Milenio,2026-04-21 07:00,2026-04-21T07:00:00+00:00,Milenio,,https://www.milenio.com/ciencia-y-salud/obesidad-tamaulipas-supera-199-mil-casos-alerta-crisis,https://news.google.com/rss/articles/CBMimgFBVV95cUxNZWUtSnNXMEhUZ2JrT0hFeHcxR1RjSW5SWXY3LTZyLW52QnhvOVQzWjlTSDh2U3hMcFVUUGZ1bzJXMkdBdjRla2FhRUZwdjFXVGZ3MFppS211MzB1OGhZeDRjSzJFYk92V0hxT3c1NXVKSVAycF85MTFNRVEtRU1fZ1R5YkhzQUN1OWQyd1pjSmJPNHYtVC1NbkJ30gGaAUFVX3lxTE9NOHlnNTBXUXVUejNIaEt5c2w5VFQ1OEF2V1BwZ2lZM2ZZSlRyOFJobHduUWx2R1RyTUJWcDg1R29DRklzdVdBTVFZbXhqZXVLampTRE1QczZnT21Ra0g2bnRWMlFSaFJ4SW9idTM2a0NVazM5YTR0b0ZVYVFaOThlVFE5UU1NSmVrNkZBX3RIaXF1QXRyZ1V1cmc?oc=5,,"En Tamaulipas, 199 mil 604 personas fueron identificadas con algún grado de obesidad entre marzo de 2025 y febrero de 2026. De ese total, 194 mil 996 corresponden a adultos mayores de 25 años y 4 mil 608 a niños, adolescentes y jóvenes, de acuerdo con información de la Secretaría de Salud estatal.
El registro deriva de más de 325 mil mediciones de peso y talla realizadas en centros de salud de los 43 municipios. En paralelo, se llevaron a cabo 20 mil 362 tamizajes a estudiantes de entre 10 y 19 años, cuyos resultados revelan que casi la mitad presenta algún grado de malnutrición: 26.4% con sobrepeso y 22.6% con obesidad, mientras que el 46.9% se encuentra en un rango de peso normal.
Salud pública: obesidad como principal desafío en Tamaulipas
Especialistas del sector privado advierten que estas cifras no solo dimensionan la magnitud del problema, sino que confirman a la obesidad como uno de los principales desafíos de salud pública en la entidad. “No se ha logrado revertir la tendencia”, dijo el médico Adalberto Sustaita.
Tratamiento de la obesidad: orientación, activación física y resultados
La Secretaría de Salud informó que las personas detectadas recibieron orientación nutricional personalizada y participaron en sesiones de activación física. Además, 14 mil 394 pacientes accedieron a tratamiento, de los cuales el 15.78% logró reducir al menos el 5% de su peso corporal, un avance clínicamente relevante para disminuir el riesgo de complicaciones metabólicas.
Enfermedad crónica: causas multifactoriales de la obesidad
Adalberto Sustaita señaló que la obesidad debe entenderse como una enfermedad crónica y multifactorial. “No es únicamente el resultado de malos hábitos, sino una condición compleja en la que influyen factores genéticos, metabólicos, psicológicos y sociales”.
Considera que esta visión es necesaria para evitar simplificaciones que suelen llevar a la estigmatización del paciente. “Desde el punto de vista clínico, la obesidad está estrechamente relacionada con diversas enfermedades, como la diabetes tipo 2, la hipertensión arterial y los padecimientos cardiovasculares. Estas condiciones no solo afectan la calidad de vida del paciente, sino que también incrementan el riesgo de complicaciones graves y mortalidad prematura”.
Por ello, advierte que el tratamiento de la obesidad no debe posponerse ni minimizarse. Reconoce que no existe una solución única para todos los pacientes; el tratamiento debe ser integral y personalizado, incluyendo cambios en la alimentación, aumento de la actividad física, apoyo psicológico y, en algunos casos, el uso de medicamentos o intervenciones quirúrgicas.
Prevención y acompañamiento: clave para combatir la obesidad
“Más allá de la pérdida de peso, el objetivo principal es mejorar la salud general y lograr hábitos sostenibles a largo plazo”, explica. Subraya que el tema debe abordarse sin prejuicios, y que el respeto, la empatía y el acompañamiento profesional son fundamentales para que el paciente pueda enfrentar esta enfermedad de manera efectiva.
“En este sentido, el papel del médico no es juzgar, sino guiar y apoyar en un proceso que, en muchos casos, requiere tiempo, constancia y comprensión”, concluyó.
SJHN",GOOGLE_NEWS_RSS
"Candidato a presidir la Fed, Warsh, se compromete a mantener independencia de la política monetaria - Milenio",2026-04-21 07:00,2026-04-21T07:00:00+00:00,Milenio,,https://www.milenio.com/negocios/candidato-presidir-fed-warsh-compromete-politica-monetaria,https://news.google.com/rss/articles/CBMilgFBVV95cUxPZXFkT25GZVp5enVYSl9IR2dmb1BFZ0dzWmxXaXFxZkhnQVYxV19Ta3MyVWpxaENyRUZwMk82LU9DWUhkdmkyb1NLQ2pQd2JGdzhLWTdQSFR4dG9SWmdid2h5SEloQWtRUko1ckIwcUJoOHFaenZiS2RqRGNCU2lXd2Q1WUNPajl6Vl9sR3R4VFZjWnV5bGfSAZYBQVVfeXFMUEowSG9fbXVJNXVkeWFYVUZSRGpCaEZvOFJsRmlmMFhjMnRRUzZuY2xQSzJmUGlUNXJuWFFobDEtWWw5OHJJTHo0Zm9UV1B1ampfT1VGWFpoejM0NGJyeEFnRzJpbjhKQ3hzM2dPeHRyYXpHeGM4dWF2SEJlOHFNdHBzYnRLeWw4STRXeGNqb3R1NmctbFVR?oc=5,,"El candidato a presidente de la Reserva Federal (Fed por sus siglas en inglés), Kevin Warsh, declaró ante los senadores que tomará decisiones de política monetaria con independencia de cualquier consejo o presión por parte del presidente Donald Trump, y destacó el éxito en el mantenimiento de una inflación baja como el ""escudo argumental"" que protegería al banco central de las críticas.
""La independencia de la política monetaria es esencial"", afirmó Warsh en una declaración pública dirigida a los miembros del Comité Bancario del Senado, que recomendarán si se le confirma para un puesto en la Junta de Gobernadores de la Fed, así como para un mandato de cuatro años al frente del banco central.
Asimismo, añadió que depende ""en gran medida de la Fed"" mantener esa independencia logrando sus objetivos y sin salirse de su mandato del Congreso.
""No creo que la independencia operativa de la política monetaria se vea particularmente amenazada cuando los cargos electos —presidentes, senadores o miembros de la Cámara (de Representantes)— expresan sus opiniones sobre las tasas de interés"", afirmó este financiero de 56 años y exgobernador de la Fed.
""El Congreso encomendó a la Fed la misión de garantizar la estabilidad de los precios, sin excusas ni ambigüedades, discusiones ni angustias. La inflación es una elección, y la Fed debe asumir la responsabilidad de ello. La baja inflación es la armadura de la Fed"", agregó.
Incluso antes de que Warsh pronunciara sus palabras de apertura, Trump repitió en una entrevista con la CNBC que se sentiría decepcionado si su candidato -elegido personalmente para suceder al actual presidente de la Fed, Jerome Powell- no baja las tasas con rapidez.
Esa expectativa supone una pesada carga para un líder de un banco central que necesita ganarse los votos de colegas que siguen preocupados por el impacto de la actual crisis de los precios del petróleo sobre una inflación que ya se sitúa por encima del objetivo del 2 por ciento de la entidad.
Warsh ha afirmado que las bajadas de tasas están justificadas porque los cambios tecnológicos impulsados por la inteligencia artificial aumentarán la productividad, una opinión que, según otros banqueros centrales, puede ser cierta a largo plazo, pero no hace que un recorte sea necesariamente adecuado a corto.
La Fed lleva más de cinco años sin alcanzar su objetivo del 2 por ciento, primero debido al impacto de la pandemia de Covid-19 pero después por la influencia de los aranceles del gobierno y los elevados precios del crudo vinculados a la guerra en Medio Oriente, un asunto potencialmente problemático para los legisladores republicanos de cara a las elecciones de mitad de mandato de noviembre.
Calendario incierto
Trump se ha enfrentado repetidas veces con Powell en materia de política monetaria desde que lo nombró presidente de la Fed en su primer mandato en la Casa Blanca. Su mandato al frente de la entidad finaliza oficialmente el 15 de mayo, pero es posible que permanezca más tiempo en el cargo si se retrasa la confirmación de Warsh.
En este momento es incierto cuándo se producirá la recomendación de la comisión o la votación del pleno del Senado.
El senador republicano Thom Tillis, miembro de la comisión, dijo que bloqueará la nominación de Warsh hasta que el Departamento de Justicia retire una investigación sobre Powell que considera frívola y parte del esfuerzo de Trump por presionar a la Fed para que baje las tasas o obligar a Powell a dimitir.
Aunque la reunión sobre política monetaria de la próxima semana podría ser la última de Powell como presidente de la Fed, el enfrentamiento ha planteado la posibilidad de que permanezca en el cargo incluso después de que su mandato expire formalmente.
La fiscal federal del Distrito de Columbia, Jeanine Pirro, aliada de Trump, no parece dispuesta a abandonar la investigación sobre Powell, y el mandatario no parece estar presionándola para que lo haga, a pesar de que esa postura implica tener que convivir con el actual jefe de la entidad durante meses más o desencadenar otra batalla legal al intentar nombrar a un sustituto temporal de entre los otros seis gobernadores de la Fed.
A falta de un sucesor confirmado para el cargo más alto, el banco central ha nombrado en el pasado a su propio presidente ""provisional"". El mandato de Powell como gobernador se extiende hasta 2028, lo que significa que podría seguir siendo un responsable clave de la política monetaria incluso si se confirma a Warsh.
Trump también ha dicho que aún podría despedir a Powell si no deja su puesto de gobernador. Tal medida seguramente daría lugar a un recurso judicial, al igual que lo hizo el intento del presidente en el verano boreal de despedir a la gobernadora de la Fed Lisa Cook.
Se trata de una situación sin precedentes para la entidad, donde el traspaso de autoridad ha sido tradicionalmente colegiado, y algo sobre lo que probablemente se interrogará a Warsh durante la audiencia.
Warsh, que ha aumentado su ya enorme patrimonio familiar en los 15 años transcurridos desde que dejó la junta del banco central, tendrá la oportunidad de detallar cómo sus extensas críticas a la Fed y a su actual liderazgo se traducirán en un enfoque diferente de la política monetaria o en una nueva forma de dirigir una organización tan dispar.
La Fed cuenta con una junta directiva y personal con sede en Washington, pero también incluye una docena de bancos regionales, decenas de miles de empleados en todo el sistema y funciones que van desde fijar las tasas hasta gestionar el sistema de pagos, supervisar y regular los bancos, administrar líneas de swap con bancos centrales extranjeros y llevar a cabo investigaciones sobre cualquier asunto, desde las criptomonedas hasta la salud rural.
Warsh se ha mostrado muy crítico con el liderazgo de Powell, y la audiencia será una oportunidad para explicar con más detalle qué planea hacer de manera diferente.
""La Fed debe ceñirse a su ámbito de competencia"", afirmó Warsh en su declaración inicial ante la comisión, haciéndose eco de una crítica conservadora habitual según la cual el trabajo del banco central en cuestiones como el cambio climático o la equidad económica, o los comentarios sobre el gasto fiscal, estaban fuera de lugar.
MVDJ",GOOGLE_NEWS_RSS
"Tampico celebra el Día del Libro entre poesía, música y homenaje a creadoras locales - El Sol de México",2026-04-21 07:00,2026-04-21T07:00:00+00:00,El Sol de México,,https://oem.com.mx/elsoldetampico/cultura/tampico-celebra-el-dia-del-libro-entre-poesia-musica-y-homenaje-a-creadoras-locales-29588537,https://news.google.com/rss/articles/CBMizwFBVV95cUxOUkZXT192M1FqZndyR2RHZXdQVUFUZkJpYTY0Yk9xd2hXenhkMEg5c0duTEhMT1pObUdKT2txUmJNLVA5VjlwLWY5MlpHaXMyRVIzdldtaDh4VVNPdkNlWFJjb2QtWnhCZUwza0ludzVEYVNXRFlHRGR1d1hETGM0SGFNZmhiODNLQTF4WURBNlpFS24xV2otLTBodVpEWnJQRnRocDZJS2tRVk9HdVNwRHpTLUQzdXkwWFJyUXlNOUI2TVE5akZMbTBmUHNEYmc?oc=5,,"Culturamartes, 21 de abril de 2026
Tampico celebra el Día del Libro entre poesía, música y homenaje a creadoras locales
El evento busca fomentar la lectura así como reconocer el aporte artístico de mujeres en la vida cultural del puerto
Paulo Monsiváis",GOOGLE_NEWS_RSS
Esto es lo que hacen en Tamaulipas con todos los residuos biológicos e infecciosos que salen de los hospitales - El Sol de México,2026-04-21 07:00,2026-04-21T07:00:00+00:00,El Sol de México,,https://oem.com.mx/elsoldetampico/local/esto-es-lo-que-hacen-en-tamaulipas-con-todos-los-residuos-biologicos-e-infecciosos-que-salen-de-los-hospitales-29477547,https://news.google.com/rss/articles/CBMi8AFBVV95cUxNcjBsbUV0UW1MOTFHUEpydVFVaEhmSThEUHFrUnl6bDM2YXNvVFdoQzU1RnFCQlBhSUVSeDVKZHhOdzlzWWNzaVBQQXhsWmZSb0VpZmxhanpRYXdZc0x1WFNPcVBmMFktV1kwY0VuMWgybmVmU0l4SWxfRFI1MTQzMlpCc19xMmxzQ1BuaU1PM2NpcThRR1B0ZFAyMW9UT1czRjNsbmRMZndUVVFaWTVkeFZFc3l3aGg5YWZXa3pxbktGVlV5R3BjNHlPa3dVRlpOdG9wcU5HRHBqbk5UTkhEbkRBQUdWQ3VJN1ZwT2JLZTU?oc=5,,"Localmartes, 21 de abril de 2026
Esto es lo que hacen en Tamaulipas con todos los residuos biológicos e infecciosos que salen de los hospitales
En el 2024, Tamaulipas pagó ocho millones 382 mil 012 pesos por la recolección de un trimestre de RPBI
Antonio Campos",GOOGLE_NEWS_RSS
Pavimentar sale más caro en Tamaulipas: asfalto sube 50% por conflicto en Medio Oriente - El Sol de México,2026-04-21 07:00,2026-04-21T07:00:00+00:00,El Sol de México,,https://oem.com.mx/elsoldetampico/local/pavimentar-sale-mas-caro-en-tamaulipas-asfalto-sube-50-por-conflicto-en-medio-oriente-29588894,https://news.google.com/rss/articles/CBMizwFBVV95cUxPUkpDU0Y0QmFOMFFJYUd6YlF5bjJJZW1nWWE4UTREaGI1RENqMVFBbEZ6UUFlUG5Sd0lLQ3dBemZkdzg3X2o5WXVpaG1lM0FyZDYxdGZSSk5tWkkxQXRYS0FOWlhNV1NHempGQ0Q3MTNlbXloUFh1U1hyZnBGVEwxOXNlQ2NtX2thRFlwNUZmUlE1Zkd4SnUxQS11bklwSmJLTUwwODNuY0NsTEN1SE9RTmE3V0hwV1ZMaHVnVzF5SmZrcFl3RzZEUzFNZjFqREk?oc=5,,"Localmartes, 21 de abril de 2026
Pavimentar sale más caro en Tamaulipas: asfalto sube 50% por conflicto en Medio Oriente
Constructores en el estado advierten que el aumento obliga a recortar proyectos y ajustar presupuestos ya definidos
María Macías
Constructores en el estado advierten que el aumento obliga a recortar proyectos y ajustar presupuestos ya definidos
María Macías",GOOGLE_NEWS_RSS
Capturan a presunto líder criminal en Tamaulipas; lo ligan con una funcionaria de Tránsito de Reynosa - El Sol de México,2026-04-21 07:00,2026-04-21T07:00:00+00:00,El Sol de México,,https://oem.com.mx/elsoldetampico/policiaca/capturan-a-presunto-lider-criminal-en-tamaulipas-lo-ligan-con-una-funcionaria-de-transito-de-reynosa-29602188,https://news.google.com/rss/articles/CBMi6AFBVV95cUxOSmQyY3hwS1RnWFREZHBsMGNpZmVweW04T2lzSDNNZnlQVmJzWEhaMHlfX0x1V2VpY0NCYkZqbmpkNjBXTDhiWk5CT0Y5TlVlUUZleTl6c0ExelBiYnRsNFZBQmpiZGhpVHNvU055VG9VbWFnY2dxY1RXWkhkSkdsXy1QZFdtbUVDYVFITGlSZG5DY3MwakwyZi14Q195WjVLUjhUZjBtNy0wSTJQeTg3OXFvcWFFN3l0WnF5M2JIWU1MNE5BLVNWTV9BbDlWOFZvNVFuOGxHOW16M3M0WmVPT21kWWZ0LU5P?oc=5,,"Policiacamartes, 21 de abril de 2026
Capturan a presunto líder criminal en Tamaulipas; lo ligan con una funcionaria de Tránsito de Reynosa
El alcalde Carlos Peña Ortiz informó que solicitó oficialmente a la FGR aclarar si algún funcionario municipal estaba vinculado con una reciente detención
Redacción / El Sol De Tampico",GOOGLE_NEWS_RSS
Tlanchinol: Deslave bloquea carretera federal México-Tampico - El Sol de México,2026-04-21 07:00,2026-04-21T07:00:00+00:00,El Sol de México,,https://oem.com.mx/elsoldehidalgo/local/tlanchinol-deslave-bloquea-carretera-federal-mexico-tampico-29608452,https://news.google.com/rss/articles/CBMirAFBVV95cUxNSXZheE9EWG9zVDN6dHlIa2NqM19yM2RWMFg3TnhMaTA1TW1OQkxDdXVqMnR5dzZMd1RNcmVSZ3pacFJObGF4YkRRYW9tSEN4TlBpU3JDMEJoMHBEa0hGdmRtRkRBS1Q3NE81MHlRbm42OGVXSV9kcllKVk52aTBzcC1DVnBJWFFpUnZveElZN3FGdGhwTTU3QmQ2OUp0cGN5SzhLWkUzRHRjZFNh?oc=5,,"Localmartes, 21 de abril de 2026
Tlanchinol: Deslave bloquea carretera federal México-Tampico
Personal de PC solicitó el apoyo de maquinaria pesada para retirar los escombros
Rubén Juárez
Personal de PC solicitó el apoyo de maquinaria pesada para retirar los escombros
Rubén Juárez",GOOGLE_NEWS_RSS
Adeudan 3 meses de prestación a fumigadores de Tampico - Milenio,2026-04-21 07:00,2026-04-21T07:00:00+00:00,Milenio,,https://www.milenio.com/comunidad/adeudan-3-meses-prestacion-fumigadores-tampico,https://news.google.com/rss/articles/CBMihwFBVV95cUxNV2EwbE1OUkRjakUxTnZBekFRN0FMNEsxbDNQdndUcW9OSExybDVnX1BTb3NNb1pzZVVsMXRwSWJLVnRKenRUUEl3MFhrNUdOQjEta1hFb2w5TFRxVHE2eXhjdUVXVDllQnZlNnJYZzkxaFVrYlpRaVZQRTZwMFJUQml1MnFxMk3SAYcBQVVfeXFMTTM2TzFCWGg5TnFPaEhBaG5iNUhTN3lxMWN6dXpGQzVmTXRrdlNNMFZiNk9jbGNBRXZzeHNmRmNEa05nY1V3YWlhREx1c3Vua1Npa01uVWVOTU1ySW5rWE1sSm5IRmJwcXAxZF8yTXRobTVudTNfMGl4TkY5LW9CRFhlS1FqVkg0?oc=5,,"Las autoridades adeudan aproximadamente 65 mil pesos a 15 trabajadores del área de Vectores en Tampico, un área del Distrito de Salud para el Bienestar Número Dos, enfocadas al combate contra los mosquitos.
Durante este lunes hubo una amenaza de manifestación en el Centro de Salud de Tampico, ya que a los trabajadores sindicalizados del área de Vectores se les adeudan los “gastos de camino”.
Sagrario Fernández, líder del Sindicato, indicó que se trata de recursos para movilización, un beneficio que no se les ha podido entregar en lo que va de enero, febrero y marzo, así que por eso surgió la molestia.
Dicha exigencia de los trabajadores subió de nivel en un momento en el cual los ciudadanos manifestaron un incremento en la presencia de los mosquitos en las colonias de Tampico y Ciudad Madero, lo cual fue más evidente a través de redes sociales.
Refirió la autoridad sindical que los trabajadores exigen el pago de dicha prestación o de lo contrario van a frenar sus labores, lo cual harían en un momento en el cual hay exceso de mosquitos.
Los trabajadores planean llevar a cabo manifestaciones para que las autoridades sanitarias cumplan con el pago de dicha prestación, la cual es un logro sindical; sin embargo, su salario llega íntegro cada quincena.
Aún así los trabajadores de dicha dependencia están saliendo a realizar las acciones de prevención en contra de los mosquitos, ya que también una parte del equipo de Vectores, son de confianza.
En la zona sur de Tamaulipas se dispararon las solicitudes de fumigación por exceso de mosquitos en las colonias hasta 50%, lo que orilló definir un plan de emergente en Tampico ante un fenómeno que se relaciona con el exceso de humedad en los últimos días, afirman expertos.
A través de las redes sociales es como los ciudadanos han manifestado la proliferación de moscos por toda la ciudad, desde las colonias del norte y en el sur de Tampico, al asegurar que “es imposible estar en los patios ante el ingreso calor, porque los moscos se pegan”.
Gobierno de Tampico intensifica fumigación
Campaña. Jornadas se realizan con equipo motorizado y brigadistas en sectores prioritarios de la ciudad
La alcaldesa de Tampico, Mónica Villarreal Anaya, dio a conocer que se han intensificado las acciones de fumigación y abate en todo el municipio, a fin de disminuir y, en la medida de lo posible, eliminar la incidencia del mosco transmisor del dengue.
Recordó que, mediante el uso de equipo motorizado y brigadistas, se han ampliado en los últimos meses las jornadas de fumigación en sectores prioritarios, como las colonias Solidaridad, Voluntad y Trabajo, Pescadores, Sembradores de la Amistad, Sauce, Chairel y Fray Andrés de Olmos, Tamaulipas, Del Pueblo, entre muchas otras, donde además se desarrollan campañas de limpieza y retiro de basura especial, a fin de eliminar criaderos.
“Hace meses iniciamos una amplia campaña de fumigación, que hoy estamos intensificando en apoyo al Distrito de Bienestar de Salud número 2. Tenemos el compromiso de generar entornos saludables en beneficio de la población y, mediante el uso de brigadistas y unidades motorizadas, estamos ampliando la cobertura de atención que brinda el propio Distrito de Salud”, expresó.
Villarreal Anaya aseguró que continuarán trabajando conjuntamente con el sector Salud para atender todas las colonias y sectores de la ciudad, poniendo especial énfasis en aquellas zonas que presentan mayor incidencia por encontrarse cerca de vasos lacustres.
Añadió que, a través de la Secretaría de Servicios Públicos, se mantiene activo el programa integral de limpieza, retiro de escombro, neumáticos y basura especial, con el objeto de eliminar criaderos. En este sentido, destacó que en lo que va del presente año se han recolectado 620 toneladas de basura, fortaleciendo las acciones de limpieza en todo el municipio.
“Como parte de estas acciones, hoy llevamos a cabo la jornada número 205 en la colonia Natividad Garza Leal, en la que se realizaron acciones de abatización, descacharrización y fumigación, contribuyendo a reducir riesgos sanitarios y proteger la salud de la población”.",GOOGLE_NEWS_RSS
Operativos permanentes en Ciudad Madero: seguirán retirando con grúa los autos mal estacionados - El Sol de México,2026-04-21 07:00,2026-04-21T07:00:00+00:00,El Sol de México,,https://oem.com.mx/elsoldetampico/local/operativos-permanentes-en-ciudad-madero-seguiran-retirando-con-grua-los-autos-mal-estacionados-29600104,https://news.google.com/rss/articles/CBMi2wFBVV95cUxNUFRsWjRVcmlRLWhUaE8yRUtmZXRtakVoSnc1OE82MXFQbTFUdk1pSm9wTFVvSXg5Z0EtUkFoUUU3VnhNQ2hjcUQ0UFJvekx5eXZ6VWVSUktFbW14LUU0Y0hqRlhvZENwRzRqdUFaXzlJVHVQcUE5QmFZeGdMSnhaSkRXTU90QmxkcVV3ajJISWJxRWdHR1V4cVNWNVNJOGdkc3FyWUFaSTFwMFBOWVRGUTFnRGFHQjZ2alZkbm5QZVNIdnFBV18wSThEUHdnTEpueUFoZFBZWUlVekE?oc=5,,"Localmartes, 21 de abril de 2026
Operativos permanentes en Ciudad Madero: seguirán retirando con grúa los autos mal estacionados
Si tienes pruebas (fotos o videos) de una irregularidad en operativos de Tránsito, debes acudir a la Contraloría Municipal con tus evidencias
Juan Hernández",GOOGLE_NEWS_RSS
Gobierno federal alista ubicación del nuevo puente entre Tamaulipas y Veracruz - Milenio,2026-04-21 07:00,2026-04-21T07:00:00+00:00,Milenio,,https://www.milenio.com/negocios/alista-ubicacion-del-nuevo-puente-entre-tamaulipas-y-veracruz,https://news.google.com/rss/articles/CBMimgFBVV95cUxNZzd3eDUwbC1qTVQ2ckZkUUR0RlFHM19hbzZ6a08xNTMzZFZiTC1JdW8zRFZtS2ViTVBKVkx1bU1sMG1SaXktZXBXdk1PaEp6WG5oek5GRFg3ZVNLc0swTWNNbHBrSHJsWGd6a1Awck41Nlk4WGl1VHBuNW1uTEhSZEdOQ3FKSjhBQjF4NXZNUDdzV1IwRUpRS25B0gGaAUFVX3lxTFBPQ1kxTkpGUllQUFNYNGVUak9RSEY2QzBHbDFaSWowS3dEQUhudDVPbHN6MGRremJhLXVPMGp5Z1NRTGI4eUF5QUhkcy10WlotclJuX1ZVR3Awb1Frek9tcHZoczQ4V0NiTkV5aHJKS1VWd3J2WDlBOXR3RUVWcngtUXo1SktwMUNMMzVqWjdrczJKc3ByY3VyN1E?oc=5,,"El Corredor del Golfo tiene dos opciones para edificar el nuevo puente que unirá a Veracruz con Tamaulipas. La estructura contempla evitar su ruta por la mancha urbana, que comprende los municipios de Tampico, Ciudad Madero y Altamira, a fin de entroncar con carreteras rumbo al centro y norte de la entidad.
El gobierno federal se encarga de los estudios que serán entregados durante los próximos meses y así definir cuál es la opción viable de movilidad, principalmente para el transporte de carga, señaló el secretario de Obras Públicas en la entidad, Pedro Cepeda Anaya. Esto se integra a todo el plan cuyo costo supera los 30 mil millones de pesos.
“Una de las opciones que el gobierno federal contempla es instalarlo sobre el libramiento de cuota. La segunda opción es pasar el sistema lagunario por Altamira y levantar la obra que el troque con la carretera hacia González. De esta forma no tocará la mancha urbana de cualquiera de los municipios”, expresó.
Esta instalación no solo entra en la agenda de dicha estrategia que modernizará la red carretera federal, uniendo a Nuevo Laredo con el sur del estado y hacia la costa del Golfo de México como el centro del país, complementa otras obras en puerta autorizadas por la Secretaría de Infraestructura, Comunicaciones y Transporte (SICT).
Entre ellas está la ampliación de los tramos Victoria-Zaragoza, la construcción del libramiento El Mante cuya conexión se ligará con la Mante-Tula-Ocampo, aunado al Viaducto elevado en Tampico. De la misma forma, hay 2 mil 500 millones de pesos etiquetados para el mantenimiento.
“Se están terminando los proyectos para definir cuál de las dos vías es la mejor alternativa. El Gobierno Federal está a cargo y este año entregará los resultados para arrancar con la construcción. Durante el segundo semestre estaremos arrancando los trabajos iniciales del Viaducto elevado”, puntualizó Cepeda Anaya.
En tanto, en la reciente reunión con la Cámara Mexicana de la Industria de la Construcción (CMIC), se informó que se ejecutarán más de 4 mil millones de pesos, destinados a rutas estatales y ejidales, aunado a la terminación de la Ciudad Judicial en Ciudad Victoria.",GOOGLE_NEWS_RSS
Celebra el Día del Niño en grande: Ciudad Madero prepara festival masivo en el Bicentenario - El Sol de México,2026-04-21 07:00,2026-04-21T07:00:00+00:00,El Sol de México,,https://oem.com.mx/elsoldetampico/tendencias/celebra-el-dia-del-nino-en-grande-ciudad-madero-prepara-festival-masivo-en-el-bicentenario-29585626,https://news.google.com/rss/articles/CBMi3AFBVV95cUxPbDJQUmE1cmRmRFJFNFJIUzhzOEJwUHluN0h2NHZiZDgwVkVPeWdiVjVVYk5TOExwY2hnWEphQXBRNXFiU3NvZHhkSVBWUlpPdHc5N3BEX1R4dU5WYjJIQjEwRGZCbXI3a2RFdjhOLTliSEVJVGM3MHExTkloc1hUUUJqaHhNaXF1UlpmTmdhT3F4YzVLbko4dnN0MjBSZm51OC1MQzdHSU0yUmwyX0YxTkhKS3I2ODZnd3VmbzRXSl9pcVVTUnpRVHNrNjVhcHp6ekNnMF9nZXpaRGlJ?oc=5,,"Tendenciasmartes, 21 de abril de 2026
Celebra el Día del Niño en grande: Ciudad Madero prepara festival masivo en el Bicentenario
El Sistema DIF Ciudad Madero prepara un festival gratuito por el Día del Niño este 26 de abril, con shows, juegos y actividades
Juan Hernández",GOOGLE_NEWS_RSS
La Grilla - Milenio,2026-04-21 07:00,2026-04-21T07:00:00+00:00,Milenio,,https://www.milenio.com/opinion/editoriales/se-dice-en-la-grilla-tamaulipas/la-grilla_1136,https://news.google.com/rss/articles/CBMilAFBVV95cUxNNktUUjE2ZGtpOFZXYUd3TUtPaUhaazdxdzVGT1p1V3B6SXZCLUplZU5HOG9MY1JYWFVWZ2h1b3pleWx6TTBxSGlIellrUjVicVdmSXVudmhFeEhYVUhuRmlkSm1xSDlJZ2d5X1c3cVVHakxZVHc5V2pmeF9MVmpzQmRjbVN4aDl0M0h0N1Nub2NfTWQx0gGUAUFVX3lxTE5XMEpkOEFkUjNSVHdlMWxjZlVxU0Q3MFRha05pX19SNXRYdVVqUi1FTDlPV1JzTzhLdVlqQjd2dkxuZy1CSnRxN0pJcjhBUnlGYVNEWWNXbWNEQURjRW5US0plcEJyZDJKdWFJVXI4eTkxZUN3b3N1eTJ3NWhrLXE2SEZZUGhTWXY0ZkRvNXNMaVZFMGc?oc=5,,"Que ya pasaron las vacaciones de Semana Santa y los empresarios señalan la falta de obras de perfil turístico en la zona, la cual tiene una vocación innegable en la recreación. Se expone la falta de aprovechamiento de los espacios naturales que tienen Tampico, Madero y Altamira como una prioridad.
Que los constructores locales se quedaron más tranquilos con la apertura de Erasmo González por integrarlos a los proyectos de obra pública a ejecutar este año. Hasta esta fecha, el alcalde de Ciudad Madero es el único de los ediles en formalizar un acuerdo de palabra con la CMIC Tamaulipas.
Que a los trabajadores sindicalizados responsables de las fumigaciones se les olvidó que están trabajando en un gobierno humanista, ya que se están organizando para protestar por no recibir una conquista sindical: un bono. En la zona hay un incremento en la presencia de moscos y ese personal aprovechó para protestar, ni que anduvieran en transporte público.
Que el exalcalde de Madero, Andrés Zorrilla, conocido por comprar camiones de basura muy chafas, fue nombrado este lunes como secretario de Diálogos por el Desarrollo rumbo a la Plataforma Electoral, dentro de las filas del Partido Verde. Le debía su ascenso político a Cabeza de Vaca y hoy dice sentir la 4T. ¿A poco sí?
Que dicho nombramiento, hecho por el Partido Verde, levantó muchas quejas en la urbe petrolera, sobre todo entre los panistas, pues todavía lo consideraban un activo para contender en la próxima elección; sin embargo, la incertidumbre por el liderazgo dentro del bando azul estatal provoca que estas figuras busquen otros horizontes.
Que desde el Congreso de Tamaulipas surgió una iniciativa de reforma al Código Municipal con la finalidad de modernizar el alumbrado público, la cual estuvo a cargo del diputado Pepe Schekaibán. El plan es que haya tecnología sustentable en las ciudades del estado.
Que entran las ganas y el empuje de los regidores de Tampico que buscan algún cargo: algunos una diputación y otros la reelección. Por Morena está el edil Vladimir Castellanos, quien ha comprobado su trabajo a nivel estatal y hoy es un prospecto para encabezar proyectos en Tampico, así que no hay necesidad de ir a buscar perfiles a otros estados.",GOOGLE_NEWS_RSS
"Insumos médicos, uniformes y 14 demandas laborales más: esto piden los trabajadores de salud de Veracruz - El Sol de México",2026-04-21 07:00,2026-04-21T07:00:00+00:00,El Sol de México,,https://oem.com.mx/elsoldetampico/local/insumos-medicos-uniformes-y-14-demandas-laborales-mas-esto-piden-los-trabajadores-de-salud-de-veracruz-29585840,https://news.google.com/rss/articles/CBMi5gFBVV95cUxOUWtZOGp4YWFBTlFtWGFNZXp2czBxNXp2OTM5Rzd3SjlGNHZDMk5PeWxQZ2JtVlBrT0s5b25UdjZEMDhMV0huZVgxSEdVMkQzbEYxWnc4OXBLYTJMYjBvR2xhMVJwYk8yZjl6Y09aT085ZGJ1amwyM0tSSGFqTVBnZjRENy10cWQ3M3k1a182aW1TeThFQ21tM1FwOWoxV3VyMkhKb1lld3lHaWZvUnFHZGRzU09uYjRFcWhrRkxvNTd1TXFGNHJPem5ReThsWUxiSl91VXd5QUNMN242b3dRdzl2a3ZPZw?oc=5,,"Localmartes, 21 de abril de 2026
Insumos médicos, uniformes y 14 demandas laborales más: esto piden los trabajadores de salud de Veracruz
Secciones del SNTSA colocaron mantas en centros de salud de Pueblo Viejo y Tampico Alto; piden la intervención directa de la gobernadora para resolver rezagos de hasta tres años
Alfredo Márquez",GOOGLE_NEWS_RSS
¡Cuidado al vender tu vehículo! Detectan fraudes con transferencias falsas en el sur de Tamaulipas - El Sol de México,2026-04-21 07:00,2026-04-21T07:00:00+00:00,El Sol de México,,https://oem.com.mx/elsoldetampico/local/cuidado-al-vender-tu-vehiculo-detectan-fraudes-con-transferencias-falsas-en-el-sur-de-tamaulipas-29604364,https://news.google.com/rss/articles/CBMi3gFBVV95cUxQSWlGSnZHNWdrV3VrZnEwTkhBQVJrSEVVbGstVWU3cnN2OEcxVUI1NkZQVWpKd3RlMTBwLVVRWGtVVzkwcEhkbVpoSi1zTkFUNV9jemZGdkJJWHZnNldSa3FCRFgwRkFCY2VNckM0UmZmMVRzZ1JoaFFEdWxhU1V1RnlJMGxOOWJ1NFZvd2dYMktjMkJCRE5lc0lVRV8zZ2YybkQ3NGc4dUEzUlp5S2dUU203TkFFTmFSZmhxcWE4a0gzcWlYZlEwYUh0SzRJUFlNUTBULXE2M1BuM0JPRGc?oc=5,,"Localmartes, 21 de abril de 2026
¡Cuidado al vender tu vehículo! Detectan fraudes con transferencias falsas en el sur de Tamaulipas
Autoridades advirtieron sobre el aumento de fraudes en la compraventa de vehículos y robos de motocicletas en el sur de Tamaulipas
Juan Hernández",GOOGLE_NEWS_RSS
"¡Atención, conductores! Tránsitos de Ciudad Madero se actualizan ante nuevos cambios al reglamento - El Sol de México",2026-04-21 07:00,2026-04-21T07:00:00+00:00,El Sol de México,,https://oem.com.mx/elsoldetampico/local/atencion-conductores-transitos-de-ciudad-madero-se-actualizan-ante-nuevos-cambios-al-reglamento-29585293,https://news.google.com/rss/articles/CBMi3AFBVV95cUxQNzh5SlR5UlZVY1ZVblJ5SE5iQTROVTU5bThUWlh4T3FfUzhJWXBLMmZKNmtFR3FSVDJPY21OTmREaG0waC03Sl9TLTF2QVQ2ZXpycHpiNFp2RmxHY3FpV0RTQVRMbHF6Q0lxRFYtUHhQSDF6THhEZkthQ0JsQTQ4am52UENjbk1ZVWt2NEd4YW5QUnN5NEZNeEJYc0M0Rm5ya1FVc2c5ZGdHVFRHeUV0a19qdEQ2VXNuM2VnM2ZzM3JKczQxV25aYlZGNmhvS09vOFYxRy1uX1NEXzlB?oc=5,,"Localmartes, 21 de abril de 2026
¡Atención, conductores! Tránsitos de Ciudad Madero se actualizan ante nuevos cambios al reglamento
El objetivo es claro: que todos los oficiales apliquen correctamente el nuevo Reglamento de Tránsito del Estado de Tamaulipas
Juan Hernández",GOOGLE_NEWS_RSS
Isabel II: los 100 años de la reina - El Sol de México,2026-04-21 07:00,2026-04-21T07:00:00+00:00,El Sol de México,,https://oem.com.mx/elsoldetampico/analisis/isabel-ii-los-100-an-os-de-la-reina-29577099,https://news.google.com/rss/articles/CBMikAFBVV95cUxNeVRLbTYtMGo4SmVKQ2Fyd0llUFRmYlZ5aWtfWjJpOFVkaUZxMXVRN3hJNGZKXzh3YW1MVHY2QTh0UGVBUWh2MHZzOF9HNjF1SWRXMmd4bHd3MVBsSXd3MmlBcFo3T1U0ekNJNzFTb0hoUmFmQkxaM0lCbmMxUl9rdFJRbDM4dWNyVVZCVFRKRjU?oc=5,,"Análisismartes, 21 de abril de 2026
Isabel II: los 100 años de la reina
Las opiniones vertidas en este artículo son responsabilidad de quien las emite y no de esta casa editorial. Aquí se respeta la libertad de expresión
ÚLTIMAS COLUMNAS
Más Noticias
COLUMNAS
CARTONES
LOÚLTIMO
Newsletter
¿Te quedas fuera de la conversación? Mandamos a tu correo el mejor resumen informativo.",GOOGLE_NEWS_RSS
Choque entre camionetas desata caos vial en avenida Miguel Hidalgo de Tampico - Milenio,2026-04-21 07:00,2026-04-21T07:00:00+00:00,Milenio,,https://www.milenio.com/estados/choque-avenida-hidalgo-tampico-provoca-trafico-intenso-21-abril-2026,https://news.google.com/rss/articles/CBMiogFBVV95cUxPeTlZQTM4QkxFeTJ4V0NETVFETTBQSDhwT19mOEw2LTVtR1Q4aHA3Z1RqQlRsUnE2N2dXeU13YVoxVXJZb3BPN2hjQmhmSzZGZzFIQ1g3S1JTMF9EYTA4U3drR1R3dE1xWl81bU1iQU1zb1IxS3QyT1BBU1REUksyeUNrWEc0Vm5CR2dxd3NWNm92M1NQQXl3UHRhUklXOHhGT3fSAaIBQVVfeXFMUDJyVU1LUWc2bmR3b1lGUlM2aEtLYlY0WlpuMmlibzJWQ3NtR3FfSktydHpsMlJ5U2h4S1M1T2JJOU44NFlHNXdzQ0JDMDB5NnN1VExlejFhSE1mV0JMWlNsWUxKemhxaFRYRzJJVWEwcm4yaHlWQzZYTTdUbl85ek1VOHZ5bzVqaHBZOUg1b2hBNEZ3UDlzTnNCWnVfeTI0YU9B?oc=5,,"Un choque entre dos camionetas generó intenso tráfico y momentos de desesperación entre automovilistas que circulaban por la avenida Miguel Hidalgo, en Tampico, a la altura de la colonia Guadalupe Victoria.
El percance ocurrido esta mañana en el cruce con la calle Gardenia, se registró cuando uno de los conductores descendía por esta vialidad e impactó a otra unidad que transitaba sobre la arteria principal.
Largas filas y caos vial en dirección norte a sur
Ambas camionetas, de color blanco, resultaron con daños menores y no se reportaron personas lesionadas.
A pesar de ello, el incidente provocó largas filas de vehículos en los carriles con dirección de norte a sur. Durante varios minutos, únicamente el carril izquierdo permaneció libre, mientras que quienes quedaron varados en el carril derecho mostraron desesperación, realizando incluso maniobras de riesgo, como invadir estacionamientos de comercios para avanzar.
Unidades pesadas agravan la situación
La situación se complicó aún más con unidades de gran tamaño, como autobuses, que terminaron en el camellón central, generando preocupación entre los conductores.
Ante la lentitud del tránsito, que avanzaba a una velocidad aproximada de 10 kilómetros por hora, algunos usuarios del transporte público optaron por descender de las unidades y continuar su camino a pie.
Elementos de Tránsito y Vialidad de la ciudad porteña acudieron al sitio para tomar conocimiento del hecho y coordinar la circulación en la zona.
SJHN",GOOGLE_NEWS_RSS
Unidades de transporte público con Wi-Fi en Victoria y con asientos rotos en Tampico - El Sol de México,2026-04-21 07:00,2026-04-21T07:00:00+00:00,El Sol de México,,https://oem.com.mx/elsoldetampico/tendencias/unidades-de-transporte-publico-con-wi-fi-en-victoria-y-con-asientos-rotos-en-tampico-29610567,https://news.google.com/rss/articles/CBMi1AFBVV95cUxOX0ctNl9IWGIyd0o5RXRLdDhqVUpaUVlneUU1SWVOQ3B1T2poRGxYWjZKWnJNSmtCR052VnRiMlB1OTdqaWdfWTBtb0M4RHVRcG05TWRFVmhqUnBUYUctYlRRbmFCR2JHWnNwZm1RN3ZtLVBFVVQ2dzR2WW1fT3Vvb0dWVWh3ZWt6SDVsMFh1S1VSeFA1Rkk4WGhFRnRycUNRejFuMnowYzNvOVAxTWlCcllxbDcwdXI0Y1FNWjhuTUFPRFBka1hoM0pjVnM2SklCTmFVaw?oc=5,,"Tendenciasmartes, 21 de abril de 2026
Unidades de transporte público con Wi-Fi en Victoria y con asientos rotos en Tampico
A partir de mayo en la capital del estado seis unidades híbridas ofrecerán transporte gratuito con rampas y asientos preferentes
Itzia Rangole / El Sol de Tampico",GOOGLE_NEWS_RSS
Corte de agua afecta a colonias de Tampico y Ciudad Madero HOY; ¿a qué hora se restablecerá? - Milenio,2026-04-21 07:00,2026-04-21T07:00:00+00:00,Milenio,,https://www.milenio.com/estados/corte-agua-tampico-ciudad-madero-durara,https://news.google.com/rss/articles/CBMie0FVX3lxTE9xZ1BaTldEZVRWMGtyNHlfV2sxZW5xQkNEcDVNeHh6TFVxZlBkc1cxb3laMTZYalptV21FczJRaDMwbHlockUxak1uMnV4ajBnLVZfOGoyVFlXR0d3TUtWZEdQanlaODdaSlVuMFRfSWtNdUR5MzZIYjR1c9IBe0FVX3lxTE9DbHV1dnhuNTNzSG55bnJwS0hIaV9ZS0FqcDd1c3pTUGNtTlBmVWh1MmRuRzN0bUc5WkhsNjBHMlNoV1VTX1VPaVZZa3ItWEoyeW1pNV80RWdMdnRRWmtIQzM3REczaXNYbnFGdkFOUXFXSlpTMm9KdzNZSQ?oc=5,,"La suspensión del servicio de agua potable tomó por sorpresa a habitantes de Tampico y Ciudad Madero la mañana de este martes, luego de que se realizaran trabajos emergentes de reparación en una línea general del sistema de abastecimiento.
De acuerdo con la Comisión Municipal de Agua Potable y Alcantarillado, las labores se llevaron a cabo para atender una falla que requería intervención, lo que obligó a interrumpir el suministro sin previo aviso en diversos sectores de la zona conurbada.
¿Cuáles son las colonias sin agua hoy?
Las colonias con posibles afectaciones se concentran principalmente en Ciudad Madero, donde se enlistan:
- Lázaro Cárdenas
- Las Américas
- Hidalgo Poniente
- Sector Benito Juárez
- Vicente Guerrero
- Hipódromo
- El Llano
- Camichines
- Sector Francisco Villa
- Del Valle
- Héroes de Nacozari
- Sector Fidel Velázquez
Mientras tanto, en Tampico, la colonia Niños Héroes también se encuentra dentro de las zonas impactadas por esta suspensión temporal.
¿Cuánto durará el corte?
En cuanto a la reactivación del servicio, se informó que el corte durará al menos suministro comenzará a restablecerse de manera gradual:
- En Ciudad Madero a partir de las 15:30 horas
- En Tampico a partir de las 16:00 horas de este martes 21 de abril de 2026
No se descarta que en algunas zonas la presión del agua tarde un poco más en normalizarse, debido al proceso de llenado de las líneas.",GOOGLE_NEWS_RSS
Pago de impuestos - El Sol de México,2026-04-20 21:16,2026-04-20T21:16:40+00:00,El Sol de México,,https://oem.com.mx/elsoldetampico/tags/temas/pago-de-impuestos?page=1,https://news.google.com/rss/articles/CBMieEFVX3lxTE4tNmhzazVlZG9pYVJ6ZUVVOHBjMVFWc1hwOHFqcXdVS1JZd1hGZE9ZNzFEVjJhbUZYdGt4WEtuWDlPLUx1cWZ4bTFYS2t1WHl5RlNWRWtOOHY2VldHaWJIbVJlTEhxNGpqYVprR290bWNPOTUydHFwVA?oc=5,,"17 de octubre de 2025Empresarios de Tamaulipas desaprueban alza del IEPS para 2026: “no hay actividad ecónomica suficiente”
10 de febrero de 2025Capacitación fiscal gratuita para microempresarios en Tampico: fecha, horario y sede
7 de enero de 2025¡Descuentos en trámites vehiculares en Tampico! Que no se te pase en tu canje de placas
2 de enero de 2025Descuentos en predial y mercados: conoce los beneficios a contribuyentes en Ciudad Madero
4 de diciembre de 2024Congreso de Tamaulipas frena nuevos impuestos municipales hacia empresas en Reynosa
1LOCAL“El casco no es accesorio, es vital”: Tránsito y Ejército Mexicano montan operativo para motociclistas en el norte de Veracruz
2DEPORTES¡Van por el bicampeonato! Jaiba Brava elimina a Cancún FC y jugará otra final en la Liga de Expansión",GOOGLE_NEWS_RSS
Jaiba Brava vs Atlético La Paz: fechas y horarios para apoyar al Tampico-Madero en los cuartos de final - El Sol de México,2026-04-20 07:00,2026-04-20T07:00:00+00:00,El Sol de México,,https://oem.com.mx/elsoldetampico/deportes/jaiba-brava-vs-atletico-la-paz-fechas-y-horarios-para-apoyar-al-tampico-madero-en-los-cuartos-de-final-29586692,https://news.google.com/rss/articles/CBMi6gFBVV95cUxNLWFfWk1UbWI0NWo3NkxZbWJjUkRzWS1HX05XNXl3b0RaN0M3LUdNZkVzaTZZaWdlZlB1Y2ZxNE5JWlBNN3hrMWo0cHNHcGVQTURQdXdDX1IxUVB3YUZyU1EycjVTaThEaFlHdGdYNmdkZjk5YTNaT1hHcU1FZGlPdlB3UWVzN1FpTndfb0N4QTNEV1RrZlhQQWhRdWNoSk84SzhnbDF5T1hfN1ZkZGxhc25TN2t2Vjl1aUE0NEFzdjJmNXNNczhGWjVoQzhvbUlNMmRrenZlaEtqX21JVHV4TE9mUnZLLTdrN0E?oc=5,,"Deporteslunes, 20 de abril de 2026
Jaiba Brava vs Atlético La Paz: fechas y horarios para apoyar al Tampico-Madero en los cuartos de final
Conoce los precios por zona, los puntos de venta autorizados y las recomendaciones para disfrutar el duelo de ida en la Liguilla de Expansión
Gustavo Corona",GOOGLE_NEWS_RSS
Encuentran a niño desorientado en Fraccionamiento Los Canarios; queda bajo resguardo del DIF - El Sol de México,2026-04-20 07:00,2026-04-20T07:00:00+00:00,El Sol de México,,https://oem.com.mx/elsoldetampico/policiaca/encuentran-a-nino-desorientado-en-fraccionamiento-queda-bajo-resguardo-del-dif-altamira-29584253,https://news.google.com/rss/articles/CBMi1wFBVV95cUxPbDYtZV8zbjRNMWxxN3E5NHQ2X0tkdmhRVElGVlRDcE11NTNOYzFhQ1AtSlNNNUM5Zmw2UVhXdTFlNnE1ZmxwYnVzQTZtZ09tNWcyUXhwZWo1N0JrNlhzSUpXQjQ5NktYaWRnbndmR1FtTkxmdC1JZ1RLTzBQWkpKOGg4VG1wblhabFFwMUd4TWpDQXluMTdLcXNmM1ViYXQyaGFNNGdJZ2RWTGJXcXlFX25ZOWktTFJkQ2JHbWVfVmtxRnFRVGpZTC1ZODFRSEwzQktXbENkcw?oc=5,,"Policiacalunes, 20 de abril de 2026
Encuentran a niño desorientado en Fraccionamiento Los Canarios; queda bajo resguardo del DIF
Caminaba sin rumbo fijo el menor buscando a su mamá siendo rescatado por una vecina del populoso sector
Miguel Díaz
Caminaba sin rumbo fijo el menor buscando a su mamá siendo rescatado por una vecina del populoso sector
Miguel Díaz",GOOGLE_NEWS_RSS
"Claroscuro / Solo ocurrencias - El Sol de Tampico | Noticias Locales, Policiacas, sobre México, Tamaulipas y el Mundo - El Sol de México",2026-04-20 07:00,2026-04-20T07:00:00+00:00,El Sol de México,,https://oem.com.mx/elsoldetampico/analisis/claroscuro-solo-ocurrencias-29577652,https://news.google.com/rss/articles/CBMihgFBVV95cUxQXzVROWRhcFpaamdQYURER3RKRVl3VnR4Um9ELWdrUU00NWlvRG9tY19CNjdyUHF1STF3dVhOU0dGNGlYelhWZ25kaGJadTVSZ3p4cFJ2Z3h3VkVnZnd6UnhNOXpYZF9zdjdWV3lPTkdrRTBhSUROM0I0MlBEcEhYYVRIQWhDdw?oc=5,,"Análisislunes, 20 de abril de 2026
Claroscuro / Solo ocurrencias
Las opiniones vertidas en este artículo son responsabilidad de quien las emite y no de esta casa editorial. Aquí se respeta la libertad de expresión
ÚLTIMAS COLUMNAS
Más Noticias
COLUMNAS
CARTONES
LOÚLTIMO
Newsletter
¿Te quedas fuera de la conversación? Mandamos a tu correo el mejor resumen informativo.",GOOGLE_NEWS_RSS
El “factor” Nader y el 2027 - Milenio,2026-04-20 07:00,2026-04-20T07:00:00+00:00,Milenio,,https://www.milenio.com/opinion/juan-carlos-lopez-aceves/dato-duro/el-factor-nader-y-el-2027,https://news.google.com/rss/articles/CBMilwFBVV95cUxOTjUyUlc1NHRnRE1zWlZ1S0ZTLVlSNEVZYWpBX0xqbjN6NnpFVWhmQkJsWGdDMWRnWlpiZ2p4dUtnTTh6cXdDSnFQYU1HdWR6cGV3cUtSSWNuWHFhRURGb3VFMTZkVGEtQmJ1VzRyT0RNQ19zX3UySTJLV3ROWk92MjhKYi1HTjhZdmVtZlY5elZnZmxDbDEw0gGXAUFVX3lxTE9rUUJaVjdhRG55TXRYQ1Q5aHhSdzBlZlB0UDMzYnE2aDUxR21pS3VKXzAzZkNwMU1JcXhyQ2J3MFVPd3BKc3hUWVNjV3dqbHo1bUE5ZGJGMjJKeUUyUEJOeVduTTIxUEo4RTRDU3UtX1kzam5vR01hcWFaeVc5bGpNVVpVNkNheldhVENFZnVRaEVRbTI1dHM?oc=5,,"En política, los verdaderos liderazgos se construyen en las urnas. Y pocos en Tamaulipas pueden presumir una trayectoria electoral consistente y exitosa, como la de Jesús Nader Nasrallah.
Ganó la diputación federal en 2003, perdió con Fernando Azcárraga López la alcaldía de Tampico en 2004. Perseveró y volvió a competir para triunfar en 2018 y reelegirse en 2021, consolidando su liderazgo. Este dato no es menor, pues este municipio es un termómetro político del sur del estado.
Añadimos la diputación federal de 2024, ganada por una diferencia de apenas 0.83% a su némesis de Madero, Adrían Oseguera Kernion, Es decir, Nader ha ganado en diferentes escenarios para mantenerse vigente.
Ese capital político lo convierte hoy, en un activo relevante en dos procesos simultáneos: la elección de 2027 y la renovación de la dirigencia estatal del PAN, apoyando al grupo contrario al de Cabeza de Vaca.
Su peso político es clave tanto para reorganizar a un partido que se desplomó en 2024, así como para atraer a las y los votantes que dejaron al blanquiazul, el ser infectado por el cabecismo. En este contexto, su figura representa experiencia, estructura territorial y, sobre todo, votos constantes y sonantes.
No es casual que él mismo hable de unidad, como condición indispensable para recuperar en 2027 municipios como Tampico. La apuesta no es retórica: es estratégica. Sin cohesión interna, el PAN no podrá vencer a Morena.
Sin embargo, también hay riesgos. El principal: sobredimensionar el pasado de Chucho. Haber ganado antes no garantiza victorias futuras. El electorado cambia, las condiciones políticas se transforman y las inercias partidistas erosionan incluso a los liderazgos más sólidos.
Aun así, ignorar su peso sería un error. Su gestión municipal bien evaluada, le permitió construir una base social que se mantiene intacta. Esa memoria política contará en las urnas del próximo año.
De cara al 2027 y en un escenario de reconstrucción interna, los perfiles que han demostrado capacidad de ganar elecciones, tienen un valor estratégico.
Porque en política, no basta con tener historia: hay que saber convertirla en futuro. Y el de Mónica Villarreal Anaya, depende en gran medida de si Nader va por su reelección en la curul o regresa por la alcaldía.",GOOGLE_NEWS_RSS
Otorgará UAT el honoris causa al Dr. Kershenobich - Milenio,2026-04-20 07:00,2026-04-20T07:00:00+00:00,Milenio,,https://www.milenio.com/comunidad/uat-otorgara-doctorado-honoris-causa-david-kershenobich,https://news.google.com/rss/articles/CBMikwFBVV95cUxOR1gxc214enhwSFNlN3VOSThQaFNCRFlCNFFEd1BqaWI2Nm55TVFPVUs2dzl3bXZIUEExUDVEbzRjdUhMNzQ0dGdkSDhReXN2aC1ZVUZKQzJKblZpdlVMRDFwRVh5Y3VLRTFMTkxveXJqcDdkWDBtMU56VXdaaGFmY1JLSE56M3NkMF9BTlVqSnpiY3PSAZMBQVVfeXFMTm03dGVGSmFFLWFTSF9USTItamxVSGFVcWhHWkxkQlY3LVR2M1VvNng0WnFrVzA3aWI3Vm1WNG5Bb0Z0WTVRWG5wY0NDV1JSTi04M09wWUNzUzJ5VGxTZl9KX3A4eU40UnJSdjhvRlR4MFp5b25wMGIzeEoySXhrYjE5eGJ4OEpHT2wxemRTWkJHYkJr?oc=5,,"La Universidad Autónoma de Tamaulipas (UAT) otorgará el grado de Doctor Honoris Causa al secretario de Salud de México, David Kershenobich Stalnikowitz, en reconocimiento a su destacada contribución al desarrollo del conocimiento en el ámbito académico y de investigación.
La distinción fue aprobada por la Asamblea Universitaria, luego de que la propuesta fuera presentada por el rector Dámaso Anaya Alvarado durante una sesión extraordinaria de este máximo órgano colegiado de la casa de estudios.
El rector destacó que el Doctorado Honoris Causa es el más alto reconocimiento que concede la UAT, y se otorga a personas cuya trayectoria académica, profesional y humana ha contribuido de manera excepcional al avance del conocimiento y al progreso de la sociedad.
En ese sentido, subrayó que David Kershenobich reúne méritos sobresalientes para recibir esta distinción, gracias a su amplia trayectoria, su aportación al desarrollo del conocimiento médico y su compromiso con la salud pública.
David Kershenobich: Perfil académico y aportaciones médicas
Durante la sesión, realizada a distancia, se expuso que el funcionario es médico cirujano por la Universidad Nacional Autónoma de México (UNAM) y cuenta con un Doctorado en Medicina por la Universidad de Londres. A lo largo de su carrera se ha desempeñado como internista, gastroenterólogo y hepatólogo, además de ser pionero en la investigación clínica de la hepatitis C y la fibrosis hepática en México.
Asimismo, se resaltó su papel en la creación de la Fundación Mexicana para la Salud Hepática, así como su labor como investigador emérito del Sistema Nacional, con una producción académica que supera las quinientas publicaciones científicas, además de la autoría de diversos libros y capítulos especializados en medicina.
Aprueban nuevos proyectos académicos y sociales
En el marco de la misma sesión extraordinaria, la Asamblea Universitaria, integrada por directivos, docentes y estudiantes de las 27 dependencias académicas de la UAT, aprobó también la actualización del Protocolo para la Atención de Casos de Violencia en Razón de Género, así como la creación del Plan “Correcaminos para la Paz 2026”, impulsado por la Defensoría de los Derechos de los Universitarios.
De igual forma, se avaló la creación de la Licenciatura en Informática e Inteligencia Artificial en la Facultad de Comercio, Administración y Ciencias Sociales de Nuevo Laredo, y la Licenciatura en Gestión y Analítica de Datos en la Facultad de Comercio y Administración de Tampico, además del Plan Institucional para la Atención de la Salud Mental Universitaria.
SJHN",GOOGLE_NEWS_RSS
Reportan presencia de moscos en centro de Tampico y hasta en el transporte público - Milenio,2026-04-20 07:00,2026-04-20T07:00:00+00:00,Milenio,,https://www.milenio.com/comunidad/reportan-moscos-centro-tampico-transporte-publico,https://news.google.com/rss/articles/CBMiiwFBVV95cUxNTmdpOC1mSEx6UXJRWFFPQ3cza3VtN2IyZGdLVXFPNnRUNjV3ME5tVWJiR1o4SmdjbDNwLUVTbW8wX3FqR243UnM1bzN1dlhXT2d6UkdkVTBNWk5YTVJIdlNUTkpjaUFwZGNsWUVOSXpDck42RUl4cUVNWjFoN1FRdE1RajRxNVcwS2R30gGLAUFVX3lxTE1UaU0zeU5mRHNhNWlBc0xiLTFpY1ExSGFqeHg5NVVSNkI3V1ozeXphcjFiOUREd0pialpXeWRXN1FiUXNvWkFGYXROUkVPaUJhWjZ3WXJHYjNyMUI3bHJxRkFDUG9pYXlId2ZIWGxrNXBXSmhoVnFuNnRTUEJYR1VBR09sNFY1T1JLV28?oc=5,,"En la zona sur de Tamaulipas se dispararon las solicitudes de fumigación por exceso de mosquitos en las colonias hasta 50%, lo que orilló definir un plan de emergente en Tampico ante un fenómeno que se relaciona con el exceso de humedad en los últimos días, afirman expertos.
A través de las redes sociales es como los ciudadanos han manifestado la proliferación de moscos por toda la ciudad, desde las colonias del norte y en el sur de Tampico, al asegurar que “es imposible estar en los patios ante el ingreso calor, porque los moscos se pegan”.
Dorena Caballero Bonilla, comisionada de Salud en Tampico, aseguró que “las brigadas de fumigación no han cesado de atender las zonas indicadas por el Distrito de Salud para el Bienestar Número II, aún así se están atendiendo todas las solicitudes, que han aumentado en estos últimos días por la proliferación de los moscos aproximadamente 50% más que en otras ocasiones”.
Los expertos atribuyen un aumento en la presencia de dichos insectos, los cuales transmiten enfermedades como el dengue y el Chikungunya, debido al exceso de humedad ocasionada por las lloviznas de los últimos días, además de ser un indicador de estiaje.
“Primeramente la humedad provocada por esos días de llovizna, sobre la densidad de follaje, humedad de la zona y calor qué se ha sentido, aunado a la gran cantidad de materia orgánica qué hay en los cuerpos que rodean la zona conurbada y que la misma época de estiaje deja zonas de lodo húmedo”, detalló el biólogo Marcelo René García.
La exigencia de los ciudadanos generó un plan emergente que aumentó las brigadas de fumigación a partir de este sábado por la noche.
La alcaldesa Mónica Villarreal Anaya indicó que el gobierno municipal se va a encargar de la fumigación en el norte de Tampico, comenzando en la Borreguera, para que posteriormente el Distrito de Salud para el Bienestar Número II haga lo propio en el sector sur del puerto.
Los ciudadanos destacaron que había moscos hasta en el Centro de Tampico, lo que no es común, inclusive en el transporte público, un área en la cual tampoco es común que haya afectaciones por los moscos.
yc",GOOGLE_NEWS_RSS
Tamaulipas entregará una de sus plantas de biocombustibles en el 2028 - Milenio,2026-04-20 07:00,2026-04-20T07:00:00+00:00,Milenio,,https://www.milenio.com/negocios/tamaulipas-entregara-una-de-sus-plantas-de-biocombustibles-en-el-2028,https://news.google.com/rss/articles/CBMipAFBVV95cUxOOUtuUUdoVXZhR0pnYlZUY1kwbFhBWW5rLVdodHpYMDJSNHJiNzlDUHlCc0UyYm1GVG42SjJLOGFaX3AtM3NrYTgyeW5ZWFlIYzJLY0ZBcnVkMVlSZnRvUV9QN3JQaHBFbHV1U01mLU1jaGdtZ3JReUJNUmRNVzl6Z0JDRTRMLVVMVm9VcURtV0YzOVhvczFfV2FIaWxhemVrNmRIWtIBpAFBVV95cUxQUnZuZVkyTVFaRm56czM5RW9QU1llTi1mUW5UWGlvNEVnZ3dSSWRHajRLVDNsaUtMVlZyY18zdDc5NmFsVkFlNHU2bUEzbXNtZnJJN1ItNTRSQ081TEZHUjc5N24taWZSbGg1bTNlVzVJdk03Y1B6SmladDBnVlh3S0c3cDRoY3lWMm9EbWFaSXA1bndXODMtcy1zM0VQWkU2aFRlTw?oc=5,,"Dentro de los proyectos energéticos que contempla el Gobierno de Tamaulipas hacia el cierre del actual administración, se confirmó que la planta de biocombustibles en Matamoros será terminada antes de finalizar el sexenio, es decir, en el 2028, siendo uno de los dos complejos procesadores de etanol que procesarán sorgo para convertirlo en combustibles.
En tanto, a partir de diciembre comenzará el proyecto ubicado en Altamira, declaró el secretario de Desarrollo Energético en la entidad, Walter Ángel Jiménez. Aportará alrededor de 890 mil litros diarios, a la par de fijar el precio definitivo para colocarlo dentro del mercado nacional.
“De los proyectos de etanol, antes de que termine la administración deberá ser entregada la planta que se construye actualmente en Matamoros. En diciembre de este año pondremos en marcha la de Altamira y posiblemente el siguiente gobierno se encargará de su terminación. En cada uno la inversión supera los 250 millones de dólares”, declaró.
Inversión millonaria para impulsar la industria
De esta forma, la entidad pretende ser pionera dentro de dicha industria a través de las dos instalaciones cuya inversión en conjunto alcanza los 500 millones de dólares. Para esto, se contará con 1.2 millones de toneladas del grano significando la mitad del total anual de la producción generada principalmente en el norte.
Sorgo, la base del proyecto energético
Es la principal materia prima y se tomarán los excedentes para un mejor aprovechamiento.
“Aportación de 890 mil litros diarios en la proyección de la planta, a través del procesar 1.2 millones de toneladas de sorgo anuales, una cifra atractiva pues el año pasado la generación del grano en Tamaulipas superó los 2 millones. Implica poder ocupar la mitad de la producción total generada en el estado”, externó el funcionario.
Definición del precio y mercado del etanol
Uno de los aspectos se encuentra en el costo que tendrá para salir al mercado el referido energético. Aprovechando eventos nacionales e internacionales, países vecinos que han avanzado en la materia los van guiando en torno a los aspectos económicos y aprovechar las áreas de oportunidad.
“Esta estrategia se ha planteado con empresas referentes a la movilidad, con la Ampes, en foros en Estados Unidos y Guatemala conociendo cómo fue la integración y salir inmediatamente a espacios de oportunidad, en este caso, establecer el precio final y que llegue a la gente”, puntualizó.
SJHN",GOOGLE_NEWS_RSS
Mosquitos invaden Tampico: por qué cada vez cuesta más combatirlos - El Sol de México,2026-04-20 07:00,2026-04-20T07:00:00+00:00,El Sol de México,,https://oem.com.mx/elsoldetampico/tendencias/mosquitos-invaden-tampico-por-que-cada-vez-cuesta-mas-combatirlos-29585642,https://news.google.com/rss/articles/CBMiuwFBVV95cUxPTWNwSFoxOWJFc0FxQU5NcDlWZG1WeGo0T3gxR1U2c0FTeU5QVlgtQ0d0V3hYanBXRlB3S29yR3BoSVRiZW8zbHBOVnVfU2c4Zm95LXF6WEktYWh2LUR1OFdxQmczTG1ZZEdMeGFwaThkdlhCVlc5ZVhqVjBpYjZxcXo1M1VqZ2ZnVUhSNjFRdXBrR2JhbEJFbEt5dWFhV3ljdjFBTnRFWHJXSzNpa1BBZVBTX1djWnBrV2JN?oc=5,,"Tendenciaslunes, 20 de abril de 2026
Mosquitos invaden Tampico: por qué cada vez cuesta más combatirlos
Autoridades intensifican acciones contra el dengue, pero especialistas advierten que eliminar criaderos sigue siendo la medida más efectiva
Roberto González / El Sol de Tampico",GOOGLE_NEWS_RSS
La visión detrás de Lobos Tampico: ocho años de formar atletas - Milenio,2026-04-20 07:00,2026-04-20T07:00:00+00:00,Milenio,,https://www.milenio.com/deportes/running-tampico-lobos-forma-corredores-cumple-8-anos,https://news.google.com/rss/articles/CBMijgFBVV95cUxQeGdKdzVWQ1kzVjBnUVRsaUpKV0ljYWwxYjhZWXhDXzhrdUNOSXpFeFhoaXVHQzBnOVpCcnZGVHU3ejJzWXZTODhFTWE5QkJQSnZZQ0tqN2dKNm1GdU4tMlpnb3prYlp6aVZFUjdhcWxSQmtyYWRhU0x4WG9wUWp4cko5RDNyMTlibEhINkhB0gGOAUFVX3lxTFB0eEFqdmlxZzRGZUwtYjVSQVpCMUxnd3AyWDIxTDU2cTJLUFRRSkMwRUx3T2RaUUROSUVzUm0wZE1wOWpZU0tjQXBCaDdnSDNobHFQbU1xQ0dnM3g3WjhaRWhMMlh5b0p5ejI1elhtZ0V3OTZqeEtLVDV2TW9NZGdKU0QwSDB2MzUyUlRQWFE?oc=5,,"Lo que empezó como un pequeño grupo de ocho personas en 2018, hoy es una comunidad consolidada que mezcla salud, disciplina y transformación personal. El equipo Lobos Tampico, encabezado por su fundadora y entrenadora, Erika Gutiérrez, celebra su octavo aniversario con una evolución que va más allá del rendimiento físico: ahora también forman a nuevas generaciones.
“Este año es especial porque ya no solo es la familia que acompaña a los corredores; ahora también tenemos integrantes infantiles”, explica Gutiérrez. Desde marzo, el equipo abrió un nuevo segmento para niños, enfocado en crear bases físicas sólidas, disciplina y amor por el deporte, sin caer en la exigencia prematura.
Lejos de la idea de que correr es solo para expertos, Lobos ha construido un modelo accesible. No importa si nunca has corrido: aquí se empieza desde cero, pero con método. La entrenadora lo deja claro: el error más común es querer avanzar demasiado rápido.
“El proceso es progresivo. Primero trabajas por tiempo, no por distancia. En un mes puedes correr cinco kilómetros, pero bien hecho”, señala.
Un equipo para todos… pero no para cualquiera
Dentro del grupo hay niveles distintos: desde quienes buscan salud hasta atletas competitivos. Incluso existe un bloque exclusivo para mujeres, pensado para generar mayor confianza. Sin embargo, hay una condición que no es negociable: la disciplina.
“No entraría alguien que no esté dispuesto a comprometerse consigo mismo”, afirma Gutiérrez. Y no se refiere solo a entrenar, sino a cuidar la salud integral: desde el uso de calzado adecuado hasta chequeos médicos constantes.
Ese enfoque ha dado resultados. En ocho años, cerca de 150 personas han pasado por el equipo; actualmente, alrededor de 50 se mantienen activos.
Historias que pesan más que las medallas
Más allá de los tiempos y las marcas, el impacto del equipo se mide en historias personales. Casos como el de un integrante que logró bajar más de 60 kilos tras una crisis de salud, o atletas que pasaron de no correr un kilómetro a completar distancias largas, son el verdadero motor del proyecto.
“Lo más gratificante es ver cómo cambian su vida. No solo físicamente, también mentalmente”, comparte la entrenadora.
Correr en Tampico: ventaja y reto
Entrenar en la zona sur de Tamaulipas no es sencillo. La humedad —una de las más altas del mundo— obliga a adaptar estrategias, pero también fortalece a los atletas.
“Si sabes entrenar aquí, puedes competir en cualquier lugar”, asegura.
El equipo utiliza distintos puntos de la ciudad como la pista de la deportiva, rutas urbanas y hasta el puente Tampico para trabajar resistencia y fuerza en diferentes terrenos.
Más que correr: formar comunidad
El ambiente dentro de Lobos es, en una palabra, “unión”. No hay rivalidades internas, sino apoyo constante. Si alguien se queda atrás en una carrera, todos esperan.
Además, el grupo también participa en actividades sociales y apoyo a causas, aunque prefieren hacerlo sin protagonismo.
La evolución: de agradar a tener identidad
A ocho años de su creación, el cambio más importante no está en los números, sino en la estructura. Gutiérrez reconoce que al inicio el objetivo era simplemente sumar gente; hoy, la visión es mucho más clara.
“Ahora hay más dirección, más estructura y más seguridad. Antes quería tener a todos contentos, pero entendí que no todos buscan lo mismo en un equipo”, admite.
Ese aprendizaje ha sido clave para consolidar una identidad: quienes conectan con la filosofía del grupo son quienes permanecen.
El verdadero reto: mantenerse
Si empezar fue sencillo, sostener el proyecto durante ocho años ha sido lo más complicado. La rotación de integrantes, los desacuerdos internos y la necesidad constante de ajustar la dinámica han sido parte del proceso.
“Mantenerse es lo más difícil. Siempre hay diferencias, pero el reto es que exista cordialidad y que todos se sientan cómodos”, explica.
Aun así, Lobos ha logrado algo que pocos equipos en la región: longevidad. Y la meta ya está clara: llegar a los 10 años y organizar su propia carrera.
La clave para no desaparecer
Más allá de la logística o el entrenamiento, la permanencia del equipo tiene un factor central: la autenticidad.
“Creo que ha sido el cariño que le tengo a este deporte y que se los transmito. No es solo decirles qué hacer, es vivirlo también”, afirma.
Incluso en momentos personales complicados —como una lesión que la dejó sin poder caminar temporalmente—, la entrenadora convirtió la experiencia en aprendizaje para su equipo.
Lo que sigue para Lobos
Con maratonistas ya formados, nuevos proyectos en trail running y el crecimiento del grupo infantil, Lobos Tampico apunta a una siguiente etapa: explorar distancias más largas, incluso ultramaratones.
Pero más allá de las metas deportivas, el objetivo es otro: que las personas se mantengan.
“Que sigan aquí, que sigan cuidándose y dándose ese tiempo para ellos. Con eso, todo vale la pena”, concluye.
A ocho años de su creación, Lobos Tampico no solo forma corredores: construye hábitos, disciplina y una comunidad que, paso a paso, sigue avanzando junta.
JETL",GOOGLE_NEWS_RSS
"Por amor, los dejó ir: el ‘Pirata de Tampico’ se despide de sus perritos para salvarlos - El Sol de México",2026-04-20 07:00,2026-04-20T07:00:00+00:00,El Sol de México,,https://oem.com.mx/elsoldetampico/tendencias/por-amor-los-dejo-ir-el-pirata-de-tampico-se-despide-de-sus-perritos-para-salvarlos-29592046,https://news.google.com/rss/articles/CBMi0wFBVV95cUxPTzZlSjRuYjRSdnI5ZElubVdwdVl3QXJpMGxydlBrVkRySFpxeVV5QVk2ZThjOThyZnI4VVF3LUdBUE9FTHh2YjlyVl9ra0lCdm1hNHJoLU9tQkFvQklid3B5WGtCcU5XR29aRm9SQlpKQlpjNC1NWHRQMkhUREh3N2VGa292cTVXS05LZDdLWk96R29kVUpTblcwZ3kwYktNT2QzLXJzVHpCMHIyOVRseUtsRm1WVmJiN1Q2VVRmYWE3TU5pRTl1TGZyb29NYjNXeS1B?oc=5,,"Tendenciaslunes, 20 de abril de 2026
Por amor, los dejó ir: el ‘Pirata de Tampico’ se despide de sus perritos para salvarlos
Los dos lomitos son tratados por personal de Protección Animal del municipio; no se sabe sí se quedarán ahí o alguien podrá adoptarlos
Adolfo Ruiz Nuñez",GOOGLE_NEWS_RSS
¡Adiós al viejo transporte público! Nuevo modelo de movilidad llegará al sur de Tamaulipas - El Sol de México,2026-04-20 07:00,2026-04-20T07:00:00+00:00,El Sol de México,,https://oem.com.mx/elsoldetampico/local/adios-al-viejo-transporte-publico-nuevo-modelo-de-movilidad-llegara-al-sur-de-tamaulipas-29593875,https://news.google.com/rss/articles/CBMi0wFBVV95cUxQdGwyOWs5S2tmdGl1eFlWMTVmejFwMktWQTVOb29BUDhqVl9meFJuZkxZSDRzd2tHS2ltSEhUREE5alR2T2ZaMlVIVW0tSWhaNHFqUXd6cV8xb2ZOekFNWm1uVXlBU1pCbGl5bzBRcDZsaHFBU240QmxNNnRjX05sdDZhY1E2VFFQYnJXemlsdFI5djZTWTloVFhzb2lxODFfbnpVNTJ6OS1fdEItWGZvTW1pc0U4QjUyYUVsVklNY0ZsZVN6blNNMklydWlOQW9sMkZR?oc=5,,"Locallunes, 20 de abril de 2026
¡Adiós al viejo transporte público! Nuevo modelo de movilidad llegará al sur de Tamaulipas
El gobernador de Tamaulipas, Américo Villarreal anunció que el sistema “Conecta”, inicia en mayo en Ciudad Victoria
Antonio Campos",GOOGLE_NEWS_RSS
Intensifican fumigación en Tampico para contener el dengue; primeras colonias beneficiadas - El Sol de México,2026-04-20 07:00,2026-04-20T07:00:00+00:00,El Sol de México,,https://oem.com.mx/elsoldetampico/local/intensifican-fumigacion-en-tampico-para-contener-el-dengue-primeras-colonias-beneficiadas-29570933,https://news.google.com/rss/articles/CBMi1AFBVV95cUxOaTZUVVlHaVNCakFNeVZ3UnVqeUJ1VkhLOGVIaDdwR1VaOVpkOE5fSG42ZFF0Y09wTUFJTFMwR1FPeU1iSkNCTHVWZXh6bmVhOXZGYXg5UWc0Ulo0WFo2dkNwdURqMk01WXdNZGNyMWFzdEEtM0RVb2RfblZhbTVFZ3F3VEVEeV9oU05seDN2MGMxU3VSMHJxMkl4MXJRcnlrRVMzVElHUWVOZV9HaVBEZjRoeFh5QmxKVVlNdWF1Q0JhdEJYWEJmYUhUU29SY1BMMlJhdw?oc=5,,"Locallunes, 20 de abril de 2026
Intensifican fumigación en Tampico para contener el dengue; primeras colonias beneficiadas
Se realizan acciones de descacharrización, eliminación de criaderos y fumigación en norte y sur de la ciudad
Yadira Hernández
Se realizan acciones de descacharrización, eliminación de criaderos y fumigación en norte y sur de la ciudad
Yadira Hernández",GOOGLE_NEWS_RSS
¿Habrá nuevos bloqueos en Tampico? Viuda de Ezequiel advierte acciones por presunto responsable prófugo - Milenio,2026-04-20 07:00,2026-04-20T07:00:00+00:00,Milenio,,https://www.milenio.com/estados/caso-ezequiel-viuda-amenaza-bloqueos-tampico,https://news.google.com/rss/articles/CBMiggFBVV95cUxON2JnN1pFdFY0NmtKRXNBWFdyaUdud29YUm5ETWxjemNZMTdueGhJOWgtY012U2FHZy1ZQTFnYUM5UlllV3hwVnNUZ2kybXQwMlc1WkRjSnRxRURuZkN2RFZiclItd0RRbDNMQmFtQnFfYVNiNkFjRVN1VElBWnBGUzFB0gGCAUFVX3lxTE1JWG44cHh4MGFTUHlaWXVUVU1sdmxJT1ZCMHhRckdNRnFIQmhycXlwaEFZak9WN0ZmYk1Ud1FGZ3BQSDhUQnUwNzB6MDUyY1NXRUgweEU5U0RQMU54RkxRRG5samZsNE1qM3JmbXVGY3p2QXpLQUM2b2ZPNVVTR3JWY1E?oc=5,,"La exigencia de justicia en el caso Ezequiel en Tampico ha escalado en las últimas semanas, en medio de protestas, señalamientos y advertencias de nuevas movilizaciones. A casi un mes del hecho que conmocionó a la zona sur de Tamaulipas, la presión social crece mientras el presunto responsable continúa sin ser detenido.
En abril de 2026, Eneri Hernández Balleza, viuda de Ezequiel Antonio González, volvió a pronunciarse públicamente a través de redes sociales para reiterar que no desistirá en su lucha, luego de que el conductor señalado por el atropellamiento mortal permanece prófugo.
¿Qué pasó en el caso Ezequiel en Tampico?
El caso se remonta a un accidente ocurrido en la colonia Morelos de Tampico, donde Ezequiel Antonio González perdió la vida tras ser arrollado presuntamente por un conductor en estado de ebriedad que huyó del lugar.
De acuerdo con lo informado por familiares, el joven se encontraba comprando comida en un puesto de tacos cuando ocurrió el impacto. Desde entonces, el hecho ha generado indignación entre la comunidad, principalmente por la falta de detenciones.
A lo largo del mes, familiares y amigos han realizado diversas acciones para visibilizar el caso. Una de las más relevantes ocurrió el pasado 2 de abril, cuando bloquearon el acceso a la Feria de las Fiestas de Abril en Tampico, como medida de presión para exigir avances en la investigación.
Viuda advierte nuevos bloqueos en Tampico
En su más reciente pronunciamiento, Eneri Balleza advirtió que podría convocar a más bloqueos en la ciudad si no hay resultados concretos por parte de las autoridades.
“La paciencia se me agota… sé que ven las publicaciones”, expresó, dejando claro que continuará con acciones hasta obtener justicia.
Además, cuestionó el actuar de las autoridades, al considerar sospechoso que familiares del presunto responsable hayan llegado antes que un agente de tránsito al lugar de los hechos para ubicar el vehículo involucrado.
La viuda también ha solicitado la detención del señalado, identificado como Juan de Dios “N”, así como la baja de un elemento de la Marina que, según sus declaraciones, habría estado involucrado como presunto cómplice en la fuga.
Señalamientos y presión social en aumento
En su mensaje, Eneri Hernández mencionó directamente a varias personas a quienes responsabiliza de presuntamente proteger al implicado.
Estos señalamientos han incrementado la tensión en torno al caso, que ya se ha convertido en un tema de interés público en la región.
La viuda ha sido insistente en que no permitirá que el caso quede impune, reiterando que está dispuesta a “llegar hasta donde tenga que llegar” para obtener justicia.
Desmiente rumores y pide información oficial
A inicios de abril, Eneri Balleza también aclaró que cualquier convocatoria a bloqueos o comunicados que no provengan directamente de sus redes sociales personales o familiares carecen de veracidad.
Esta postura surge luego de la circulación de información no confirmada en redes sociales, lo que ha generado confusión entre la ciudadanía.",GOOGLE_NEWS_RSS
"Tamaulipas, segundo estado en el Norte con mayor caída de empleo formal - Milenio",2026-04-20 07:00,2026-04-20T07:00:00+00:00,Milenio,,https://www.milenio.com/negocios/formal-cae-tamaulipas-impacto-manufactura-frontera,https://news.google.com/rss/articles/CBMiiwFBVV95cUxOWktodUF0VzFxWHd5cTZ0TlZQT0ZOUkplM0drVG15ZkdMSGZhOVNlMGp0R1BheUlZX09CdDlLSndFd1dtb1h2VkctaVhxdmpzbWxHRTRUdHRpdXZQdnl5aDVicmV0SHpBRW5lOEVXTFdUTFRUSzhaQ21CeXRQVS11QWRBWnRGVmItajQ40gGLAUFVX3lxTE9tWmJEVGhxWTdGUXkybVRoSXV4VHJHUk9sU0JwWUpGaXd4ODlndmx3QXp5akw2WU50UXQxV2RvQ2tzVWdndklidllPcmNtQnhzeTk2c2pLT2planZqdGk0UlFKZTNzZUZNbGZ0b1FreDFmc3dwQTlfaE8yYTBVNjNZZ1Rqb3lIUWM3MW8?oc=5,,"El recorte de empleos formales durante el primer trimestre del año impacta en Tamaulipas, al ser el segundo estado en la frontera norte del país con mayor reducción de elementos afiliados al Instituto Mexicano del Seguro Social (IMSS), situación que de acuerdo con el sector comercial genera presión por la falta de vacantes cubiertas.
La Confederación de Cámaras Nacionales de Comercio (Concanaco) advirtió que la problemática se genera por la incertidumbre asociada con la revisión del T-MEC, las tensiones comerciales con Estados Unidos, inseguridad, mayores costos laborales y operativos, presión para sostener la formalidad y procesos administrativos que retrasan proyectos, ampliaciones y generación de empleo.
Llamado a no minimizar señales económicas
El titular Octavio de la Torre de Stéffano aseguró que el caso en el arranque del presente ejercicio debe leerse con responsabilidad, sin alarmismo, pero también sin minimizar señales ya visibles en empleo formal, manufactura, inversión y operación empresarial.
“Sí hay vacantes; lo que falta es certidumbre para crecer. La frontera norte puede detonar más inversión y más empleo, pero hoy ese potencial está contenido por una suma de fricciones que debemos corregir con seriedad”, expresó.
Tamaulipas, con retroceso en comparación anual
El IMSS indicó que el estado apenas ha logrado aperturar 161 fuentes laborales formales, esto a través de las empresas. El desempeño comparado con el año pasado registra un retroceso de 5.1 por ciento, sólo detrás de Coahuila que lidera en esta región del territorio nacional la reducción de su fuerza laboral en un 6.7 por ciento. La situación también se refleja en Chihuahua, al retroceder 0.8 por ciento.
Manufactura, el sector más afectado
En el caso de Tamaulipas, el golpe más severo se encuentra en el ramo de la manufactura, a raíz del cierre de fábricas ligadas a corporativos de autopartes estadounidenses, instaladas principalmente en Matamoros.
“El entorno actual combina varios factores que contienen decisiones de inversión y contratación: incertidumbre asociada con la revisión del T-MEC, tensiones comerciales con Estados Unidos, inseguridad, mayores costos laborales y operativos, presión para sostener la formalidad y procesos administrativos que retrasan proyectos, ampliaciones y generación de empleo”, explicó el titular.
Esto contrasta con los datos que el propio seguro social muestra al cierre de marzo del presente ejercicio pues a nivel nacional se generó un crecimiento de uno o dos por ciento. Los otros estados norteños, Baja California, Nuevo León y Sonora, reportaron un saldo positivo pero ninguno llegó siquiera al punto porcentual
SJHN",GOOGLE_NEWS_RSS
Puestos informales invaden áreas para turismo en Tampico - Milenio,2026-04-20 07:00,2026-04-20T07:00:00+00:00,Milenio,,https://www.milenio.com/comunidad/puestos-informales-invaden-areas-turismo-tampico,https://news.google.com/rss/articles/CBMiigFBVV95cUxPeGdaM01JVmVRcFJQZGt6VE12ZDlCTjJWTlRZbUFFRmJwSzV3VVVRdXFhdlliTzd0cVY1NERlTG1oYk5FTFNsXzBfYWR3NE9kRFdlNHlYT2ZDTEhMVnFsOUY5ZDJvZFN4aEpBMDBKbU1mcngwTUpBR2VjOWtFcERzakVlc3VfMGF5cUHSAYoBQVVfeXFMTVpXeGdzMlprN05oRk5UOFh1RkkydV9vT0RkbUktMGNsY2dVWGtFbHQyOVljTE1rRHBob1UyRHRIQmtRM0hOOVBJNjk1MURRSTVXOHdJSzFzTWllWXpQUUxWWW5zSWdZaktqemtMN003Wmd2ZTl4UnpUMU1aU2ZJSzFRQlJ4LTl3cll3?oc=5,,"En sitios turísticos de Tampico como el Canal de la Cortadura y hasta el entorno de la Laguna del Carpintero han aparecido puestos de alimentos, algunos muy rústicos hechos de lámina y en zonas donde se supone está prohibido.
Una especie de cuarto hecho de lámina está sobre la explanada de una plazoleta en el Canal de la Cortadura, una zona destinada a la recreación, en las cercanías de la calle César López de Lara, en la zona centro.
El regidor Martín Castellanos aseguró que también hay negocios de ese tipo en el perímetro de la laguna del Carpintero, lo cual se tiene que regular con el personal de vía pública, ya que puede contribuir a una mala imagen del paseo.
“Se tiene que regular que los locales puedan estar en zonas turísticas, desde el Canal de la Cortadura, hasta en la laguna del Carpintero”, aseguró el edil.
Dichos negocios a veces son de madera, de lámina y camiones, así que también tienen que intervenir autoridades de Turismo y Desarrollo Urbano, para darle paso a opciones de gastronomía más formales.
Ejemplifica que en el parque Chairel, a la orilla de dicha laguna, hay un restaurante que le da una opción de gastronomía a los paseantes, pero está bien instalado y ese tipo de inversiones son las que se deben de permitir en espacios turísticos.
En la laguna del Carpintero una serie de negocios alrededor han destacado, algunos son casi ambulantes, cuando los empresarios están buscando que sean más formales.
Edificios habitacionales se apoderan del Perimetral
Las construcciones verticales para vivienda se están desarrollando en el perímetro de la laguna del Carpintero, acaban de terminar de construir uno, ahora falta que sigan invitando empresarios foráneos y que haya un proyecto integral en la zona.
A una cuadra del puente que cruza la laguna del Carpintero hay recién se concluyó una torre de cuatro niveles que está enfocada a la vivienda, a lado, hay otra de tres pisos. A menos de 50 metros, hay oficinas y está en proceso otra construcción vertical.
Eduardo Manzur, presidente de la Canaco en Tampico, aseguró que se debe de seguir invitando a desarrolladores para que inviertan en el perímetro de la laguna del Carpintero, la joya de la corona si se habla de turismo en Tampico.
Ya hubo interés de empresarios de otros estados por invertir en la zona de la laguna del Carpintero y se debe de mantener ese acercamiento, para que puedan hacer desarrollos acordé al crecimiento que ha tenido dicho punto de la ciudad. Recordó que hubo interés de empresarios por construir un hotel en la zona del Expo Tampico y el Espacio Cultural Metropolitano.
yc",GOOGLE_NEWS_RSS
La madriguera del lobo / Las propuestas II - El Sol de México,2026-04-20 07:00,2026-04-20T07:00:00+00:00,El Sol de México,,https://oem.com.mx/elsoldetampico/analisis/la-madriguera-del-lobo-las-propuestas-ii-29583980,https://news.google.com/rss/articles/CBMilwFBVV95cUxQXzhYc2RqaWttVXZrRThyTjBld3BQZDJyMThDdU56TTY1SElpZHVHR2l1akFZbW5tUUQycjByMmFBbktLemlneXJCTXdET1NoZ3dxNHdQT2pPWHlIT3o0WEVXYkx0OE9aSFZXOUdMdlZJSV96ZXVJU3VvNWhIVGJfU0hkNHRqTW5fRlRlWkZpN2RRNXZObG84?oc=5,,"Análisislunes, 20 de abril de 2026
La madriguera del lobo / Las propuestas II
Las opiniones vertidas en este artículo son responsabilidad de quien las emite y no de esta casa editorial. Aquí se respeta la libertad de expresión
ÚLTIMAS COLUMNAS
Más Noticias
COLUMNAS
CARTONES
LOÚLTIMO
Newsletter
¿Te quedas fuera de la conversación? Mandamos a tu correo el mejor resumen informativo.",GOOGLE_NEWS_RSS
Jaiba Brava sigue con su racha de Liguillas en la última década - Milenio,2026-04-20 07:00,2026-04-20T07:00:00+00:00,Milenio,,https://www.milenio.com/deportes/futbol/jaiba-brava-sigue-con-su-racha-de-liguillas-en-la-ultima-decada,https://news.google.com/rss/articles/CBMipgFBVV95cUxQT05fOHpJYzFmdXRjWDBXWUFvcV9kMXBtdjJPenk1dzdMV3lhRzdBNXZzaHZRME5lSlU0X0FOVEhNbUZxRENKTEVsZ2oxdUphdkZvVWNBMGZBWWpmTXMwOXdvRlJfQmo0NFZxcnZWbnhSTVlnZW14aWd5T3gyOVpXaU01Q1NGc2QwaXJVYVF2cXdLam9PaWNNb1BmMjd4Skc2RjR0LVV30gGmAUFVX3lxTFBZQUFLUE5wOE5BbEc4ZU5CNlFqX3hGX2MtNWFIbWV3YUh3emM4S1AtWWFHcW1maXNzWVFITXQyZk5uQjBaOG81WWFUeXo2VTU2VFV3VjVHbW9DT293ZjM5eHZCTWk2VnZDMGd0YXIzN1ZCR0NBM1psY2RrUldTLUh2RHNVT0N5TkVXRlRINDhteHlHdFQ5dDBGVW1Ec0RmTUNZMEVfU3c?oc=5,,"El proyecto deportivo de la Jaiba Brava del Tampico-Madero dentro del fútbol mexicano en sus diversas categorías, amplió su hito para el balompié profesional en Tamaulipas. La franquicia alarga a 7 años su presencia en Liguillas, mientras que por primera ocasión en 35 años, se instala en la eliminatoria directa por tercer torneo consecutivo.
El boleto alcanzado en el último partido del calendario del Clausura 2026, este domingo ante el Atlético Morelia significó un sabor especial para el director técnico Marco Antonio “Chima” Ruiz, al superar diversos retos que encaró su cuerpo técnico y jugadores, desde las lesiones, un arranque de torneo flojo, además de la exigencia por una competencia fuerte que busca arrebatarles el título de liga.
Los porteños se enfrentarán en la ronda de cuartos de final al Atlético La Paz, escuadra con regularidad durante el semestre y cuya complicación no solo será medirse a un conjunto con un fútbol agradable, también el largo viaje pues se deberá de cruzar el territorio nacional.
“Para mi era sencillo irme a Monterrey con el título ganado, pero este torneo no ha sido fácil. Me tiene contento porque más que un aprendizaje, es darme cuenta del esfuerzo hecho por los muchachos, tienen un justo premio, nunca dudaron pese a las circunstancias y las críticas, sabemos quiénes somos y sabemos lo que queremos”, declaró.
Y como ejemplo, mostró los números en el cierre de la franquicia. De los últimos nueve partidos sufrió una derrota, muy cuestionada hacia el cuerpo arbitral pues en la caída con Mineros de Zacatecas (de la jornada 8) fue producto de un gol fantasma. De ahí en fuera, tomando en cuenta los recientes cinco partidos, los celestes llevan par de triunfos con tres empates, una tónica similar al Cancún FC, estos últimos, sublíderes de la tabla.
Marco Antonio ( tres clasificaciones en 2025 y 2026) es un baluarte en los éxitos de la institución y ha plasmado su huella, como lo hizo Gerardo Espinoza entre 2020 y 2021, al levantar la primera corona en Expansión y sumar un subcampeonato. Gastón Obledo también abono pues desde su mando logró que en la cancha recuperar el sitio en la categoría de plata. Fue finalista en 2022 y después vino el bicampeonato en la Liga Premier en 2023 y 2024.
“Chima” es el primer entrenador en comandar el escuadrón a tres fases finales. En las dos anteriores su proyecto terminó en la lucha por el título, cayendo en el Clausura 2025 ante los Leones Negros de la Universidad de Guadalajara, pero obtuvieron su revancha y en el Clausura del mismo año se impusieron a los Freseros de Irapuato.
Los jaibomaderenses se miden al equipo que entrena el argentino Hugo Norberto Castillo, en una eliminatoria cuyo primer capítulo será en el Estadio Tamaulipas y cerrará el fin de semana en el Guaycura de Baja California Sur. La misión es avanzar a las semifinales y mantener vivo el sueño de una proeza sin verse en esta modalidad: el doblete en el mismo año futbolístico.",GOOGLE_NEWS_RSS
¿Testigo convertida en acusada? Absuelven a Karla Illescas tras casi tres años en prisión en Tamaulipas - Milenio,2026-04-20 07:00,2026-04-20T07:00:00+00:00,Milenio,,https://www.milenio.com/comunidad/absuelven-karla-illescas-caso-jessica-gabriela,https://news.google.com/rss/articles/CBMihwFBVV95cUxQYzQ0bm4yTkJlZ3dseUJWT1dEQnBZME0tRVFZd3RXTTBsOEVtT3g3QTBQRE1MNGxHWG1DZ0hfRUVwWFVxcHNPTlBxR2JUanNfcG1DUTFJbGcwcjNEZFctWVFJSVMxWVpvTHZYLUVTY2x3YldLOUw4eTEya29raGprNFgxNGdnOGfSAYcBQVVfeXFMT2o3R3BONTlXdExLWkF3UWFMZmgxUF84LXNPcHIyRmR2Z19SeHlBQkduYTlRbXg5cm11NGJzWHVFWTZkNmJreVNDbkVLVnpYUzNPYnBXSTlJSzRSUC1zVUhkckhZa1RGZXJvYktXcDY3NGxyTmtaYlZteDh4Zl9MbUJwMHQ1LU9F?oc=5,,"El caso de Karla Illescas Mendoza vuelve a poner sobre la mesa el debate sobre los procesos judiciales en Tamaulipas, luego de que una mujer que inicialmente fue considerada testigo terminara imputada y privada de su libertad por casi tres años.
La resolución judicial reciente marca un giro en uno de los expedientes más mediáticos vinculados a violencia contra mujeres en la región sur del estado.
La tarde de este viernes, un juez de enjuiciamiento dictó sentencia absolutoria a favor de Karla Illescas, quien permaneció 2 años y 9 meses en prisión tras ser señalada en el caso de Jessica Gabriela, ocurrido en Tampico en 2018.
¿Quién es Karla Illescas y por qué fue detenida?
Karla Illescas se desempeñaba como taxista cuando fue vinculada al caso de Jessica Gabriela, una joven de 20 años con ocho meses de embarazo que fue asesinada en la colonia Laguna de la Puerta, en Tampico.
El crimen generó indignación a nivel nacional debido a la violencia ejercida contra la víctima, en un contexto donde el objetivo era sustraer a su bebé, un patrón que ha sido documentado en otros casos en el país.
De acuerdo con su testimonio, Karla inicialmente fue presentada como testigo de los hechos. Sin embargo, con el avance de la investigación, su situación cambió y terminó siendo imputada por la Fiscalía de Tamaulipas.
Su detención ocurrió el 10 de julio de 2023 en el municipio de Altamira, desde donde fue trasladada para enfrentar el proceso penal en su contra.
Sentencia absolutoria tras casi tres años en prisión
Luego de casi tres años privada de su libertad, el juez determinó absolverla, lo que permitió que recuperara su libertad la tarde de este viernes.
A su salida, Karla expresó el impacto que tuvo el proceso en su vida personal y familiar:
“Estoy muy triste porque por mucho tiempo fui privada de mi libertad y mi familia fue afectada, pero agradecida con Dios y con las personas que se quedaron conmigo”, señaló.
También aseguró que durante su proceso fue señalada injustamente, reiterando que su papel en los hechos era únicamente como testigo.
Un caso que marcó a Tamaulipas
El asesinato de Jessica Gabriela en marzo de 2018 es recordado como uno de los casos más impactantes de violencia contra mujeres embarazadas en México, no solo por la brutalidad del crimen, sino por el contexto en el que ocurrió.
Este tipo de delitos, donde el objetivo es el robo de un bebé, ha generado alertas en distintas entidades del país, debido a su gravedad y complejidad.
La absolución de Karla Illescas reabre cuestionamientos sobre la integración de las carpetas de investigación y el papel de las autoridades en la correcta imputación de responsabilidades.
Señalamientos contra la Fiscalía
Tras recuperar su libertad, Karla afirmó que durante todo el proceso fue objeto de acusaciones por parte de la Fiscalía estatal, pese a que, según su versión, no existían elementos suficientes para responsabilizarla.
“Era algo que yo no había hecho… yo era testigo de toda la situación”, reiteró.
Hasta el momento, las autoridades no han emitido una postura pública detallada sobre la sentencia absolutoria.
Mientras tanto, Karla Illescas intenta retomar su vida tras casi tres años de encierro, en un proceso que, según sus propias palabras, nadie podrá borrar.",GOOGLE_NEWS_RSS
Trágico accidente en carretera Rayón–Ciudad Valles deja una mujer sin vida y dos heridos - Milenio,2026-04-20 07:00,2026-04-20T07:00:00+00:00,Milenio,,https://www.milenio.com/estados/accidente-rayon-ciudad-valles-deja-muerto-heridos,https://news.google.com/rss/articles/CBMiiAFBVV95cUxQMG1BT0FsYnA5VWluejNYd0pNUlloWXNnMTZQYTBQUWV2TnltMWowXzdiZFRHRnZmamU4R2VHdmpyMUVVb0lKT0ZVa2t4OGpMWUZFQXItMFQ4OW82YlJmYXNkSjh4cmVlcVVhdFpieGpUX2xTTDJkTVd1RnpUdkdSWFFwQWg3dUVB0gGIAUFVX3lxTE5vZnJ5Yk83ZnVqNnZ6MnNGSVQxS3V1VDBuOVJUeWlTS05YV1dxNW55c0s5NUFvelAwRnBsalQzbDNHQ3J3V0REWGFIdFJqUFduUTdOa2UzbHQ4UENDNFpzWUNRUFhGQWxSLU5yNDhVSHZMUEs1UmMyNGhwdkt5d090bEdiNjZtb0c?oc=5,,"Un accidente registrado la noche de este domingo en la supercarretera de cuota Rayón – Ciudad Valles dejó un saldo preliminar de una mujer sin vida y dos personas lesionadas, una de ellas en estado grave.
De acuerdo con los primeros reportes, entre los heridos se encuentra un hombre y una mujer, esta última trasladada de urgencia por personal de la Cruz Roja Mexicana del municipio de Cárdenas a un hospital debido a la gravedad de sus lesiones.
Confirman fallecimiento en el lugar
En el lugar del accidente también fue localizada una mujer adulta que ya no contaba con signos vitales.
Las unidades involucradas son un automóvil Nissan Versa color negro con placas del estado de Tamaulipas, así como un camión Kenworth tipo caja seca, perteneciente a la empresa Abarrotera de Valles S.A. de C.V., con placas de San Luis Potosí.
Al sitio acudieron elementos del cuerpo de bomberos de Rioverde para brindar apoyo en las labores de auxilio, mientras que la Guardia Nacional, en su división Caminos, tomó conocimiento de los hechos y realizó las diligencias correspondientes.
El accidente ocurrió sobre la supercarretera de cuota que conecta los municipios de Rayón y Ciudad Valles. Hasta el momento no se han dado a conocer las causas oficiales del percance.
SJHN",GOOGLE_NEWS_RSS
"Coepris en alerta sanitaria por peces muertos en lagunas del sur de Tamaulipas, ¡no los consumas! - El Sol de México",2026-04-20 07:00,2026-04-20T07:00:00+00:00,El Sol de México,,https://oem.com.mx/elsoldetampico/local/coepris-en-alerta-sanitaria-por-peces-muertos-en-lagunas-del-sur-de-tamaulipas-no-los-consumas-29590067,https://news.google.com/rss/articles/CBMi2wFBVV95cUxObnQ4RTJpOXBDVkpUcGxoNUtoOW1zNHRyWEJvY2dVTm9Fam5DOTZQRjhTZ2NHQWhFRzZ5QmNvaUo3TXhZT3RfbEhGRW9QQ2NRbWtqQldyS3RaQ09kRkdPb29QSnU1VXV0MGRxLVZTdzdZekxaNEgwYmdMb0ZKOTZPdkdiZWtDRW93b09FTEhVNU5SNk1sbjZvVlBuOERndi1PTHZYUzh4SVJNQzk2NXdkNzFRSS0zbDZjOEZfbld0SFpCX3VUejVLcHBxWU5wc0pwM085MmN1SThSQW8?oc=5,,"Locallunes, 20 de abril de 2026
Coepris en alerta sanitaria por peces muertos en lagunas del sur de Tamaulipas, ¡no los consumas!
La Secretaría de Recursos Hidráulicos aseguró que pescadores abrieron, por momentos, las compuertas del dique “El Camalote”
Mariela Macay",GOOGLE_NEWS_RSS
Fumigadores en Tampico y Madero amenazan con movilización en plena invasión de mosquitos - El Sol de México,2026-04-20 07:00,2026-04-20T07:00:00+00:00,El Sol de México,,https://oem.com.mx/elsoldetampico/local/fumigadores-en-tampico-y-madero-amenazan-con-movilizacion-en-plena-invasion-de-mosquitos-29585487,https://news.google.com/rss/articles/CBMi0wFBVV95cUxPcF95dDQxbTVHWG5NekJQZUZmb08xdldzQ0FHc1d4SVAxVjd3NkU2WHBiREdOdVpqaG1ELS1CYmF1UUtvSmI2a1pONzluVUd0RVFfMGdLSjgyOFFOZGNLNHd2cTg5M21Xa1pNejBjWDVqQ3F3dzUwMW92WW5LbTloNzBib21qRnlaaDU0MjU3am9pbmNQUThuemkwLWVScngzbmZzSXA1Sk1MSnY4ODYyalVVRF9BZUY2bDlteTlXY0t3WWtsLS00bWVCNXdBeUZjbUJj?oc=5,,"Locallunes, 20 de abril de 2026
Fumigadores en Tampico y Madero amenazan con movilización en plena invasión de mosquitos
Trabajadores de vectores denuncian adeudos de viáticos y advierten que podrían suspender fumigaciones en colonias afectadas
Paulo Monsiváis",GOOGLE_NEWS_RSS
Tamaulipas enfrenta alto estrés hídrico: alertan por sequía prolongada y sobreexplotación del agua - Milenio,2026-04-20 07:00,2026-04-20T07:00:00+00:00,Milenio,,https://www.milenio.com/estados/tamaulipas-crisis-estres-hidrico-sequia-alta-demanda-agua,https://news.google.com/rss/articles/CBMikwFBVV95cUxPNlJHTDZfSzBCOFlfVG91eGRYLUh3b2VwWU5NaVF0WklEQVB5U1lxazN1WDlMSmd0dWZ5X0FnNXAza2tMX05IRm8tcFRZREVyRkdwRVl1cFpzRk1yaWE0emQxN0Qwc245UU9DZnVDRi1MNEp6WXNOd215ZzNVYkpIYUhudG5ieG5HUExYU0RSdFNsMknSAZMBQVVfeXFMTjZRT3ZJWlZ0Y2ZPVjlNcDQ0bVMxZGRqaDJBenhKdlJycVN3ZURqZDdXbEpGckM1dEJsTHpNZ3lXR01wWVNscTdaeEQ4Rzh2aHY3Zmx5QTFFUDlLZjZweXE0VFB1WXk0eVc1cHJsQjdnZjFOQTYtaXpoemhLQTZzQlcyakkxby1pWVUwQjNiT0dMZTJz?oc=5,,"Tamaulipas enfrenta un estrés hídrico alto, de acuerdo con la plataforma Aqueduct 4.0 del World Resources Institute (WRI), organismo internacional que analiza la disponibilidad, uso y riesgo del agua a nivel global, a partir de modelos y datos actualizados.
En abril de 2026, la entidad utiliza entre 40% y más del 80% de sus reservas de agua renovables en las diversas regiones, un rango que el WRI clasifica como estrés hídrico alto en promedio. Ambientalistas advierten que la situación se agrava durante el estiaje, cuando las lluvias son mínimas o inexistentes.
Sequía podría prolongarse más de lo habitual
“Aunque el calendario marca el fin del estiaje hacia junio, la sequía en Tamaulipas anticipa un escenario más prolongado y las primeras lluvias no implicarán una recuperación inmediata de presas y lagunas”, señaló Roque Montiel Lozano, activista de Ciudadanos Conscientes en Acción por México.
Norte de Tamaulipas, en niveles críticos
Nuevo Laredo presenta estrés hídrico extremadamente alto (más del 80%), mientras otras ciudades del norte del estado como Matamoros, Reynosa y Río Bravo se ubican en niveles altos (40% a 80%).
En el centro-sur, Ciudad Victoria, El Mante y Altamira comparten esa misma clasificación alta. En contraste, Tampico y Ciudad Madero registran niveles de medio a alto (20% a 40%).
¿Cómo se mide el estrés hídrico?
El WRI calcula el estrés hídrico a partir de la relación entre la demanda total de agua (doméstica, industrial, agrícola y ganadera) y las reservas disponibles. Cuando la demanda supera la existencia o se deteriora la calidad del recurso, el nivel de estrés aumenta.
“Esto se puede deber a la escasez, mala gestión y sobre explotación de los cuerpos de agua”, señala el organismo World Resources Institute en su información disponible al público.
Este indicador está alineado con el Objetivo 6.4.2 de la ONU, que mide el nivel de estrés hídrico y advierte sobre la urgencia de usar el agua de forma eficiente para evitar que más población enfrente escasez.
Problema estructural en el norte del país
Roque Montiel explicó que, aunque a nivel nacional la sequía se ha reducido respecto a años anteriores, el norte del país -particularmente Tamaulipas- muestra señales de deterioro.
“Las lluvias aisladas en aquella zona no han sido suficientes para revertir el déficit hídrico, y la presión sobre presas y sistemas lagunarios en todo el estado sigue en aumento. El problema ya no es solo climático, es estructural, porque incluso en años con mejor precipitación, la disponibilidad de agua no logra recuperarse al mismo ritmo que la demanda”, expuso.
El especialista advirtió que la sequía ya no se mide solo en falta de lluvia, sino en la incapacidad del sistema para sostenerse incluso cuando llueve.
SJHN",GOOGLE_NEWS_RSS
"Viene aumento en los alimentos en Tampico, Madero y Altamira ¡Hasta 20% más! - Milenio",2026-04-20 07:00,2026-04-20T07:00:00+00:00,Milenio,,https://www.milenio.com/comunidad/aumentara-precio-alimentos-preparados-sur-tamaulipas,https://news.google.com/rss/articles/CBMijwFBVV95cUxQQ0FiY1Bvc1VOdk4xSnUtYW1ITHdUVE1HWnlPVFpEU0NZM0t1My1hTEEtZldxYXZmS1BtOEtidlkxTi03c2RVaHc5Ym56bkpueGZucFNGeDl0dVRONC1ZRjVvS29LQVBBQVVXeDJUS0xDbkMwS2RFVjlBcmlVeVlISG1kVDhYRUwzNGxHdUNzMNIBjwFBVV95cUxOLU9UMW10YVRNZUdtSXk4ZlFjS3JMRlhJTXdmVi1ldUk0b2ZRQVJzUll5c0diNG1UNFR3cFRNMkh3Z3lPamJFTkotVFF6OURwWS1zRHI3NVNQRmZnSFhISU5Uc04wc1l6N3V6MUJJUENBdEF2YVZmYy02UVh6QmJJS08xS1FFMUlpa1BubFFmNA?oc=5,,"Va a aumentar el costo de los alimentos preparados hasta 20% en el sur de Tamaulipas debido al incremento de los vegetales de uso básico como lo es el chile, tomate, cebolla y también el de la tortilla, que parece inminente.
“Lo que es la comida corrida yo he procurado mantenerla en $50, que es la sopa del día, el guisado con arroz y frijoles, pero vamos a aumentar 10% o hasta 20% por ciento el costo”, detalló Abel López Pacheco, que es la modalidad de alimentos que más se vende en el mercado, en donde consumen los trabajadores y obreros.
Explicaron los comerciantes que el tomate durante el mes de febrero y marzo estuvo entre los $12 y $18 pesos. “Ahorita en el mes de previa Semana Santa aumentó hasta $45 o $50 pesos kilo, pero en los supermercados supera los $60 o $70”, expuso.
Inclusive hay algunas tiendas departamentales que lo tienen hasta en $70 por kilo, lo que se atribuye a la ley de la oferta y la demanda. En el mercado, explicó, el costo por kilo de tomate llegó a costar $50 como más elevado.
Otros de los alimentos que aumentaron fueron el chile poblano, el chile serrano y el chile jalapeño, este último, después de haber estado en $15 o $20 kilo, llegó a costar ahorita hasta $90 o $100 por cada kilo. Externó el comerciante que “la cebolla también subió considerablemente, subió creo que un 90% o 100% ya que estaba entre de $10 a $14 y subió hasta $28 a $26”.
Dichos incrementos en los platillos que más se consumen también tiene que ver con el posible aumento en el costo por kilo de tortilla, ya que los empresarios del ramo, aseguran que se trata de una necesidad.
“En la temporada decembrina se incrementan mucho algunos productos y se han mantenido desgraciadamente y ahorita lo que fue temporada vacacional de semana santa aumentaron un poco más”, dijo el comerciante.
Hay otros productos alimentarios que no pudieron bajar, como el caso de los cárnicos, que normalmente disminuyen sus costos conforme para el nuevo año; sin embargo, no ocurrió y eso está afectando. Los comerciantes destacaron que uno de los ejemplos más claros es el costo en el precio por kilo de barbacoa, que ya supera los $300 desde hace un par años.
yc",GOOGLE_NEWS_RSS
Coparmex Tampico celebrará 90 años - Milenio,2026-04-20 07:00,2026-04-20T07:00:00+00:00,Milenio,,https://www.milenio.com/opinion/victor-hugo-duran/sin-codigo/coparmex-tampico-celebrara-90-anos,https://news.google.com/rss/articles/CBMimwFBVV95cUxPZUU2YXJuN1FEcWR1SlBsWThKVkUzd2x5VkVMb19yS0JiNnAtZFZ2RFF5SkptbXBPcEo2VTNpc01LdFlDZGh2Um5FT2c4TmtoWmJCNzBIcDYwbGpoa3RrVHp1MThacGxQa0Jqc0pzTnBYX1RuQXhKbFhrbFJSWTNrR0hiaFFoSG9ua2swZkJGTG54ZmZ6enlXeUtOd9IBmwFBVV95cUxPdEtnOHpKb1JmcGdvVHJIZ3E2SkRuS0E4QU9GdHZrdU9JZzVGRXU1MHVhMFh0eV9NWV9wN0RVUjJ3N013YzdaSVh0RFB1OGkzdEh0RWhwcTRfMU5zaGJQYlZBNXRWX1FfM0xBNGFiY2I5c0lpTGhXRkRENzM1T1NNMVBTdGlxQTd6eDRXbkpVbHRHdnhOYUZoQXVpdw?oc=5,,"Esta semana, los socios de la Confederación Patronal de la República Mexicana (Coparmex) del Sur de Tamaulipas, que preside Ketzalli Rodríguez, estarán de manteles largos para celebrar el 90 aniversario de su fundación. Fue en 1936 cuando un grupo de conocidos empresarios de esa época y en esta localidad, encabezados por don Alberto Cabezut, abrieron esta oficina.
Para ello ha preparado un amplio programa de actividades que incluye un foro sobre el legado que significa esas primeras nuevas décadas para la agrupación, además de una cena de gala en el Casino Tampiqueño.
Se anuncia la presencia del presidente Nacional del organismo, Juan José Sierra, además de estar presentes dueños de capital y empresas de varias partes del país, autoridades estatales y municipales, ex presidentes del centro empresarial local y un nutrido grupo de inversionistas invitados.
Y también en esta semana, el Consejo de Instituciones Empresariales (Ciest) recibirá en su junta mensual al secretario de Desarrollo Energético en la entidad, Walter Ángel Jiménez. Dentro del encuentro se hablará acerca del Plan Estatal de Energía, aunado a varios proyectos que tiene en puerta esta área de la autoridad estatal.
A su vez, la instancia comenzó con la promoción de su Congreso Internacional de Energía, evento que se repetirá para el último trimestre del año y tiene como meta ir a fondo en los proyectos de generación. Las fechas son del 27 al 29 de octubre, nuevamente en la Expo Tampico.
Los últimos días han sido testigos de cambios en algunas áreas estratégicas en el ámbito público y privado. Por ejemplo, en la Secretaría de WEconomía que dirige Ninfa Cantú Deándar, el ex secretario técnico Luis Cantú fue designado subsecretario de Comercio Exterior y Competitividad, sustituyendo a Sergio Guajardo de quién, se habla, incursionará en el ámbito de la iniciativa privada.
En tanto en el Aeropuerto de Tampico que administra el Grupo Aeroportuario del Centro Norte (OMA), el director Eder Jiménez León dejó el lugar vacante al ser designado titular de la terminal “Abraham González” de Ciudad Juárez, Chihuahua y también administrado por el corporativo. Previamente, le tocó encabezar la ampliación y modernización del destino en el sur del Estado, retribuyéndose en el aumento de pasajeros de manera anual.",GOOGLE_NEWS_RSS
Apuestan por remodelar el Mercado Ávila Camacho en Tampico: integrarán recorridos turísticos en pontón - El Sol de México,2026-04-20 07:00,2026-04-20T07:00:00+00:00,El Sol de México,,https://oem.com.mx/elsoldetampico/local/apuestan-por-remodelar-el-mercado-avila-camacho-en-tampico-integraran-recorridos-turisticos-en-ponton-29559667,https://news.google.com/rss/articles/CBMi5AFBVV95cUxOdVFmWEZnZmJld2E1UnRrLWRhdjdSSHBUdEFHOXItU2xPdVlnM3JFUHJFay1sODZDbEN2RGJzZ0NuSTdScm4zay1QbjgwRWZJTDlnVXBrZjFTNjNkT190WFhsSXlpaHJoN2h4YkowUjB4VS1oaWpDUHBOcGRWcW9oNHVEdXlaM0FwbEM4dUNuaXZyNGpmcENJTE5DbFhqUmVPeU1XZ2V1WnFnOV9kSzRscUhoQ2M4dGhCWDNCTnp0TXFoTHVPLUlwTXNYMmNDVk9RbWRLTTlVakhRYmtDUS11dGxaR2s?oc=5,,"Locallunes, 20 de abril de 2026
Apuestan por remodelar el Mercado Ávila Camacho en Tampico: integrarán recorridos turísticos en pontón
Lo que viene: nueva techumbre, locales más amplios, eventos musicales y hasta conexión con los recorridos de pontones
Yadira Hernández",GOOGLE_NEWS_RSS
Centro de Salud en Tampico Alto operaba “colgado” de la luz; CFE les corta el servicio - El Sol de México,2026-04-20 07:00,2026-04-20T07:00:00+00:00,El Sol de México,,https://oem.com.mx/elsoldetampico/local/centro-de-salud-en-tampico-alto-operaba-colgado-de-la-luz-cfe-les-corta-el-servicio-29587499,https://news.google.com/rss/articles/CBMizAFBVV95cUxQU2hXR0J5bXZWWFJ0N1N5SExFSlBjX0ktMDN2a01MaXV4bFJRaTVxMGRKTzF1MG1PVk5UdjlObnFscENDeURJdDlVaTZldEk4Rkh0eDIyWmRQZXAtcllRdTdnLVpDdFV2VFZkX1d1LWhOdU1VSUdzOGlTSkV6eWNpbUFQZllNQ2NoQmYxdWhQOU96cDZWQXR3eU9BcnhFc3lVRE1lbXBFMDJWTzZWdU1jTUV5cndtakVxYUh0MEU3M0tKa2kwR180LVRKaXQ?oc=5,,"Locallunes, 20 de abril de 2026
Centro de Salud en Tampico Alto operaba “colgado” de la luz; CFE les corta el servicio
La CFE cortó el suministro y el personal médico está ‘haciendo milagros’, cargando vacunas en hieleras para evitar que se echen a perder
Alfredo Márquez",GOOGLE_NEWS_RSS
Atlético La Paz enfrenta al Tampico Madero en los cuartos de final de la Liga de Expansión - El Sol de México,2026-04-20 07:00,2026-04-20T07:00:00+00:00,El Sol de México,,https://oem.com.mx/elsudcaliforniano/deportes/atletico-la-paz-enfrenta-al-tampico-madero-en-los-cuartos-de-final-de-la-liga-de-expansion-29592709,https://news.google.com/rss/articles/CBMi3gFBVV95cUxNQVVaemJad1FHSGV2cmVPMFpwMHdLVC03SWtyc1FTMEhaS3J2azlxV3BHR0ZMWnhWaXpEaDBtekRIYTBoYnB6QjhCUUNpSWVoaExnYjZwN1pDNjlrMlBxM0FIQmV0VUVBLWVDUU9iWHRCX0NHdFZmRUtRVHJlLWo5SEFDLTFPWW5zUVNZZ3drQ2s0cWdXb2ZCa3M5bkZzN21RSGs1TF9VNzZpR1JGU2tnaEtla1M3VVB6bFNaTUM4V3Z5NXVSUnNDZDkwd0Jid2xtbnNMcGVDM0JsZlpVaUE?oc=5,,"Deporteslunes, 20 de abril de 2026
Atlético La Paz enfrenta al Tampico Madero en los cuartos de final de la Liga de Expansión
El equipo paceño cerrará la eliminatoria en el estadio Guaycura el sábado 25 de abril por la noche, ante el vigente campeón en la fase final",GOOGLE_NEWS_RSS
Camioneta vuelca y choca contra una casa en la curva de la calle Torreón en Tampico - Milenio,2026-04-20 07:00,2026-04-20T07:00:00+00:00,Milenio,,https://www.milenio.com/estados/auto-vuelca-choca-contra-casa-curva-calle-torreon-tampico,https://news.google.com/rss/articles/CBMikwFBVV95cUxQLWY3UXh3YkJESHVHTGE4Qkc0TmpDNlFsYldoVDIzcV9sVnhzX2ZEazRFcUcwYnJ0Ny13OXJpV1dDUlJzV1lzUHB3aFBlU1A2Ni1yb3NWQll5bFRHNDZZYWNSX2RFbTY5V2JHZTN1THZsYk5VREZTVkY1ZmFqczdrNkhZYUtyU0hwOWhsNGdFaC1KYmfSAZMBQVVfeXFMTW56NXVYdnZENmRnRnB0SDQyWWNfU29tLWhwT0lKb1JFZm9rUVZjUWtIdjB0UDAxNkxLUnQwN3BOdUNxYWxjSzdTRElCaXRJclIxR3pOdXp4RUFwMkNadEZXVFA1dGdjSUZWMVBEYmwyeE9fVEhkNWlNb1FIdm5yU0NmWjM0NEFKUDFHWlV4RnZwcEM0?oc=5,,"Una aparatosa volcadura de una camioneta se registró la mañana de este lunes en Tampico, luego de que la unidad terminara impactando contra la ventana de una vivienda, generando momentos de alarma entre vecinos de la colonia Nacional.
Los hechos ocurrieron sobre la calle Torreón, en la salida de la ciudad, donde presuntamente el conductor perdió el control al tomar una curva, de acuerdo con el primer reporte emitido por elementos de Tránsito que acudieron al sitio para tomar conocimiento del percance.
Daños materiales por accidente en ""La Torreón""
Pese a lo aparatoso del accidente, no se reportaron personas lesionadas, únicamente daños materiales de consideración tanto en la unidad como en el inmueble afectado.
Además se dio a conocer que este es el segundo incidente registrado en el mismo punto, por lo que autoridades de vialidad hicieron un llamado a los automovilistas a extremar precauciones, reducir la velocidad y manejar con responsabilidad al circular por esta zona.",GOOGLE_NEWS_RSS
"Por deterioro, rehabilitarán puente peatonal de la Laguna del Carpintero: “está prohibido el paso de motos” - El Sol de México",2026-04-20 07:00,2026-04-20T07:00:00+00:00,El Sol de México,,https://oem.com.mx/elsoldetampico/local/por-deterioro-rehabilitaran-puente-peatonal-de-la-laguna-del-carpintero-esta-prohibido-el-paso-de-motos-29589255,https://news.google.com/rss/articles/CBMi5wFBVV95cUxQZGVkU2Y0WUxwd1lpaXNacWJsSjZodUJDQW9HdkdwSkdDZnNQVHFoWVF6U1VNUkQzNzJHYnBpRFZZX29NSEdLcTZmeU5jRGg5VGVWX0RtQkdDN3RYZGlzemFjbGF3X0RUT2dmNVdIVEV3WWxBSFRSeW5WUHY2Zk1SUTNXcWdBVXB4Ym9FRVVLWVUyT2kyTWR4bEJhVFJaclpVN25DWDhNejNxcTJaZkpnNXRuWnJ6aDJMMkVOOEU4TkxKQkJ5blljYjRvekY1UmRWcDRQZGtyWFAyaVQ0aHZXWTBCSV9IaWc?oc=5,,"Locallunes, 20 de abril de 2026
Por deterioro, rehabilitarán puente peatonal de la Laguna del Carpintero: “está prohibido el paso de motos”
Aunque los tablones pueden resistir 300 kilogramos por centímetro cuadrado, el paso de vehículos está prohibido
Yadira Hernández",GOOGLE_NEWS_RSS
Investigan caso de menor que deambulaba por la madrugada en calles de Altamira - Milenio,2026-04-20 07:00,2026-04-20T07:00:00+00:00,Milenio,,https://www.milenio.com/comunidad/continua-investigacion-sobre-nino-que-deambulaba-en-altamira,https://news.google.com/rss/articles/CBMimgFBVV95cUxQRjVvU1M4S3djQ0o3T2ZULUp0YjdrdGZSUjF5aFNKVUdjMFBsLWdwYVdJY2daTHNHUl85ZG8yYmNfOTJSanBkdzFYT0U3djZJWlFiclhVcTFiWm9xQzAyV2t0SUU4aDB0UWc2QmZlYk9NTWxOa21IbzVjNHpJdjdWOWVkcEktU0g1aE05dTBhaDdsZDd2R0RmX1N30gGaAUFVX3lxTE03QmJ0SVpUSzVvbGpWbS1xV0o0N29hb2FhMmRlRnFrekpaLWRNaVh6d1BoQnk3dkJxMHlPWi0wQjVTckFIek9xR1dLbDdTNmpDc3F6YjF5VE9vcDBjWnJMLThoLWZkYlEyNTlNWFM1X2ExRFBBTGxJMDB2RzE2VndfT3dNakFnMzVsMFhGc3Vyb0VTODk2OG1mdGc?oc=5,,"La procuraduría del Sistema DIF en Altamira mantiene bajo resguardo a un menor de siete años que fue localizado deambulando durante la madrugada del sábado en el fraccionamiento Canarios, mientras se desarrolla una investigación para esclarecer las condiciones en las que salió de su domicilio.
La procuradora del DIF municipal, Francisca Arteaga Hernández, confirmó que el niño se encuentra en buen estado de salud y es atendido por un equipo multidisciplinario que trabaja en la elaboración de un plan de restitución de derechos. Indicó que fue alrededor de las 2:30 de la madrugada cuando se tuvo conocimiento del caso, tras reportes ciudadanos y la intervención de autoridades policiales, lo que permitió activar un protocolo de protección inmediata y establecer una red de apoyo para resguardar al menor hasta garantizar su seguridad.
Analizan futuro de menor de edad en Altamira
Explicó que actualmente se realizan labores de investigación de campo y valoraciones por parte de especialistas para determinar si el menor puede ser restituido a su entorno familiar sin riesgo, o si será necesario aplicar otras medidas de protección.
La funcionaria agregó que este es el primer caso de un menor localizado en estas condiciones en lo que va del año en Altamira; no obstante, se han atendido al menos cinco reportes relacionados con posibles omisiones de cuidado, derivados principalmente de llamados vecinales.
Piden robustecer medidas de seguridad para menores de edad
Ante este panorama, hizo un llamado a reforzar medidas de seguridad en los hogares, sobre todo durante horarios nocturnos, para evitar que menores puedan salir sin supervisión y se expongan a riesgos.
JETL",GOOGLE_NEWS_RSS
Retiran dos toneladas y media de peces en dique El Camalote por esta RAZÓN - Milenio,2026-04-20 07:00,2026-04-20T07:00:00+00:00,Milenio,,https://www.milenio.com/comunidad/mortandad-peces-dique-camalote-altamira-retiran-tonelada,https://news.google.com/rss/articles/CBMilAFBVV95cUxOR3pxWUIxeU9zd1lQTzIteU1mNUVFb1hSeGRnZnMyUVV5anEtSERnWDRyYjJ3SS1Cc3Y2dDdSdkZqMnFTQmp5VTNoSjZyaXVPTmgtVnJXZWRmekVYSmgxbEw3REFRcDdxaXBqZVhGM1dQcEd1dV9pSC1pZl9XX3lLaGM3Z3RGcWZSckpNOWFBWkZhVk950gGUAUFVX3lxTFAwZGhpd1QwelVvLTdUTVdxZnItdl80MTBKaXlmeTIxeUoyVkI2SjJhazBFRUJzLTFmT09TMmRxOWYxeVQ2ZGl3MGdxdGlKVnIyb05ERmtfZ3FIMEdNdUdKVjRoUmFHYWloZlBUV2tRN3Rja1ZOV1hwVmNEeDAybl9KTTFXR2pLdkZPY3BJdVNxdVU0YUw?oc=5,,"El alcalde de Altamira, Armando Martínez Manríquez informó que, tras la intervención en el dique El Camalote, fueron retiradas alrededor de dos toneladas y media de peces que murieron debido a la salinidad del agua en esta zona de transición.
Explicó que las labores se realizaron a solicitud de la Comisión Nacional del Agua (Conagua), con el apoyo de maquinaria pesada, personal del Ayuntamiento y de la Comapa, quienes trabajaron en la recolección y disposición final de los ejemplares. Detalló que los peces fueron enterrados en una fosa previamente excavada, donde además se aplicó cal para evitar riesgos sanitarios.
El edil señaló que posteriormente se realizó un recorrido con dron junto a autoridades de Conagua y Comapa para verificar las condiciones del sitio, confirmando que el fenómeno ya ha comenzado a disminuir.
¿Por qué hay mortandad de peces en Altamira?
Indicó que la causa principal de la mortandad no fue la contaminación, sino el incremento en la salinidad del agua, derivado de fallas en las esclusas que permiten el control entre agua dulce y salada en el sistema lagunario.
Ante ello, reconoció la necesidad de rehabilitar completamente estas estructuras, un trabajo que tiene que ser coordinado entre el Estado y la Federación.
Habitantes del ejido Mata de la Monteada han reportado la presencia de trabajadores provenientes del norte de Veracruz que también participan en las labores de limpieza en la zona.
yc",GOOGLE_NEWS_RSS
Trampas caseras contra mosquitos: ASÍ puedes reducir su presencia en casa - Milenio,2026-04-20 07:00,2026-04-20T07:00:00+00:00,Milenio,,https://www.milenio.com/comunidad/trampas-caseras-eliminar-mosquitos-evitar-propagacion,https://news.google.com/rss/articles/CBMikAFBVV95cUxPNVpCanNwcm1pMnZNNk9raThrX3FuNDJIXzN1ZE00WkJ1WXVkMGlzVUYxN0pPN1V5eDlDQkRFMGxFOXIybEtyYm93TEh0c3E5OGYwRWIyaTU2NmowMG5zSTRIdHZTQy1LMmFsMzlzRXZyVEtOMUpMUVJJMW5rMG0zZ3BQRUVGQVlwZmhybnVhMnbSAZABQVVfeXFMTUVHVDBHRm9YbklCWklRaE9YXzRBMjZPNVkxemN1Tk95WWRRUnBPSE5vNjI1bF9fUk1KdTZOYW1Na2ZBdmY0WkphQ3JfeWE2YmYyLVBSNjZiYnZrd3hwNWQ3RThwT1hRdlM5cHZLVFloMHRBbFR2eXIyNlNBQjFndi1JajJBS213VXllWlNNRzl6?oc=5,,"En días recientes, habitantes del centro de Tampico han reportado una presencia constante de mosquitos incluso en zonas de alta afluencia como calles y transporte público una situación que suele intensificarse en temporadas de calor y humedad.
El problema, además de ser bastante molesto, genera preocupación debido a que estos insectos pueden ser transmisores de enfermedades como dengue, zika y chikungunya.
¿Por qué han aumentado los mosquitos en Tampico?
La combinación de clima cálido, alta humedad y acumulación de agua en distintos puntos de la ciudad favorece la proliferación de mosquitos.
Estos son algunos de los principales factores:
- Agua estancada en patios, azoteas y calles
- Recipientes sin tapa como cubetas, botellas o llantas
- Falta de mantenimiento en áreas exteriores
- Lluvias recientes que dejan criaderos temporales
Este insecto deposita sus huevecillos en pequeñas cantidades de agua lo que acelera su reproducción en cuestión de días si no se controla.
Algunas trampas caseras para reducir mosquitos
Aunque no sustituyen las acciones de control sanitario, las trampas caseras pueden ayudar a disminuir la presencia de mosquitos dentro del hogar.
- Trampa con botella, azúcar y levadura
Consiste en cortar una botella de plástico a la mitad y colocar una mezcla de agua tibia con azúcar y levadura. La reacción genera dióxido de carbono, que atrae a los mosquitos hacia el interior, donde quedan atrapados.
- Trampa de vinagre de manzana
Un frasco con vinagre de manzana puede atraer a los mosquitos por su olor fermentado. Para mejorar su efectividad, se puede añadir una gota de jabón líquido, lo que impide que escapen al contacto con el líquido.
- Trampa con luz y agua jabonosa
Una lámpara tenue colocada cerca de un recipiente con agua jabonosa funciona como atrayente. Los mosquitos son atraídos por la luz y quedan atrapados en el líquido.
- Trampa con azúcar, agua y jabón
Esta trampa funciona por atracción olfativa y bloqueo de escape. Debes mezclar en un recipiente agua tibia, 2 cucharadas de azúcar y agregar unas gotas de jabón líquido. Después colocar el recipiente en zonas oscuras o cerca de ventanas. El azúcar atrae a los mosquitos y el jabón rompe la tensión superficial del agua, provocando que queden atrapados y no puedan salir.
- Trampa con cerveza o bebida fermentada
Debes colocar un vaso o frasco con un poco de cerveza. Puedes añadir una gota de jabón para aumentar la efectividad, déjalo en esquinas, patios o cerca de puertas.
El aroma fermentado los atrae, y al caer en el líquido jabonoso, quedan atrapados.
Una señal de alerta urbana
Más allá de las molestias que ya se perciben en calles y espacios de transporte público, la aparición de mosquitos en este tipo de zonas urbanas suele ser un indicador temprano de acumulación de agua en puntos específicos de la ciudad.
Las acciones de control desde casa pueden funcionar como un apoyo inmediato para reducir su presencia, pero el impacto real depende de una intervención constante en los focos donde se originan, especialmente en temporadas donde la humedad se mantiene elevada.
JETL",GOOGLE_NEWS_RSS
"Es lo de hoy / México, campeón mundial en agua embotellada - El Sol de México",2026-04-20 07:00,2026-04-20T07:00:00+00:00,El Sol de México,,https://oem.com.mx/elsoldetampico/analisis/es-lo-de-hoy-mexico-campeon-mundial-en-agua-embotellada-29577457,https://news.google.com/rss/articles/CBMiqwFBVV95cUxPSFVENmtIMjZNT3NfS3g5bG5kbHdIQ2V1ZUtVbzRGTTdhWGNRLXc4TXBIYzlYR0g0TUpiU05DYzBMblB5dkJGVEFoN1AzUWxubU1vaG5BOVBQUG01N1pmcWhOanhGMnUyWFV0YjhLanVCNVVDTy1lSzFCSS1rdXZqUFBWUWpsRFlDNGZpbUUtdFB2U0lIdVdxUkpoQnMtWTVZUV9tM3pnVFdLZWs?oc=5,,"Análisislunes, 20 de abril de 2026
Es lo de hoy / México, campeón mundial en agua embotellada
Hay Quórum
ÚLTIMAS COLUMNAS
Más Noticias
COLUMNAS
CARTONES
LOÚLTIMO
Newsletter
¿Te quedas fuera de la conversación? Mandamos a tu correo el mejor resumen informativo.",GOOGLE_NEWS_RSS
Se contrae la inversión extranjera directa en Tamaulipas: Economía - Milenio,2026-04-20 07:00,2026-04-20T07:00:00+00:00,Milenio,,https://www.milenio.com/negocios/inversion-extranjera-directa-tamaulipas-desploma-87-2025,https://news.google.com/rss/articles/CBMikwFBVV95cUxPR2JkVXcwYko3Q1FrREJTV2RfRnhDZjQ1VDFWS1Q2VU9mM0FxQ1N5aGlvOG5kbGxQV1E2VmdNQzV4MFo2U0RDTkhiMVBDZXY1ZS05VmpOLWRjOS1FLWZLTXNIZGI1c2ZnTy1PWk1aYWxndFFXUkxwT1gwa25SOEVPMk14bWJTUWNHb1dxYmdFRkw0aHfSAZMBQVVfeXFMUENjQkJ4M05xdHIxV202QXI2TzIyRGs4V1ZxcnFWVTcxdVRMN01uZUxRLXJtQzNQWGJlVWdXTmNYenJndVVhTUJ2dDFpcXdGNTlSd3RSR3VuUEdnMDYtSnRFcWtSLTRCWXhqWnFUSm5tSG8yOUlFLXRtcGlLaElNRTVHMHRoTTNHWmFtTUJvM3ZDLThN?oc=5,,"Al cierre de 2025, la inversión extranjera directa (IED) en Tamaulipas se contrajo 87.2% respecto a 2024, al pasar de 463 a 59.1 millones de dólares, el monto más bajo de un análisis de los últimos ocho años, en un informe de la Secretaría de Economía que refleja una tendencia marcada por vaivenes y una caída sostenida en los periodos más recientes.
El reporte estadístico muestra que en 2018 el estado registró 1,371.8 millones de dólares; en 2019 la suma fue de 1,607.1; en 2020 bajó a 688.1; en 2021 creció a 1,336.2; en 2022 descendió a 982.5; en 2023 disminuyó a 493.8; en 2024 quedó en 463 y en 2025 captó solo 59.1 millones de dólares.
México alcanza récord, pero con matices
Desde la perspectiva del economista Jesús Reséndiz Silva, a nivel nacional el informe, en apariencia, es muy positivo, porque México alcanzó un máximo histórico de inversión extranjera directa con 40 mil 871 millones de dólares y un crecimiento de 10.8%.
“Sin embargo, una lectura más cuidadosa revela matices importantes. Casi el 68% de la IED corresponde a reinversión de utilidades. Es decir, ganancias generadas en México por empresas extranjeras que se vuelven a invertir, esto indica confianza en el país, pero también implica que una parte relevante del excedente económico generado en territorio nacional pertenece a capital extranjero y eventualmente será repatriado”.
El doctor en economía precisó que, además, la llamada “nueva inversión”, que es la que realmente amplía la base productiva, representa apenas el 18% del total. Lo que, apuntó, sugiere que más que un proceso de industrialización nueva, “estamos viendo una expansión de operaciones ya existentes”.
Tamaulipas, rezagado pese a su ubicación
El especialista expresó que en el caso de Tamaulipas, el dato es particularmente ilustrativo, pues el estado captó apenas 59 millones de dólares en 2025, una caída muy significativa respecto a años anteriores. Esto contrasta con su ubicación estratégica como estado fronterizo e industrial.
Considera que el nearshoring seguirá representando una oportunidad relevante para México, particularmente, por su integración con Estados Unidos. “No obstante, esta oportunidad no está distribuida de manera homogénea. Las decisiones de inversión tienden a concentrarse en regiones con mayor infraestructura, certidumbre y capacidades productivas ya consolidadas como Nuevo León o el Bajío”.
Seguridad, un factor clave en la inversión
“En contraste, los problemas en la frontera norte, que incluyen las condiciones de seguridad, afectan negativamente la percepción de riesgo especialmente en estados como Tamaulipas”, agregó el también maestro en economía industrial y estudios del desarrollo.
Para la entidad, recomienda un replanteamiento más ambicioso del papel que juega en la estrategia nacional de desarrollo. “El estado requiere un respaldo mucho más decidido por parte del gobierno federal. No solo en términos de política industrial, sino también mediante una asignación significativamente mayor de recursos presupuestales para infraestructura y seguridad”.
Tamaulipas, clave en el desarrollo nacional
Hizo ver que por su ubicación estratégica como puerta de entrada a América del Norte, Tamaulipas debe ser concebido como un pilar del desarrollo económico del país y no como una región periférica.
“Esto supone equilibrar la atención que históricamente se ha concentrado en estados como Nuevo León y avanzar hacia una visión más integral del norte del país, donde Tamaulipas tenga un papel protagónico en la nueva configuración industrial”, expuso
SJHN",GOOGLE_NEWS_RSS
¿Te interesan las monedas antiguas? Tampico celebrará la Primera Convención Numismática: entrada libre - El Sol de México,2026-04-20 07:00,2026-04-20T07:00:00+00:00,El Sol de México,,https://oem.com.mx/elsoldetampico/gossip/te-interesan-las-monedas-antiguas-tampico-celebrara-la-primera-convencion-numismatica-entrada-libre-29586188,https://news.google.com/rss/articles/CBMi4wFBVV95cUxOYVVDS3B0V29HZm1JUHJoRWJnb1IwcVhNeGMzVDNLWElhUDBRS0JHQ2Z4OWgwMjRmV3pqdE0wTGxuODZwM2kya1hYVGZRM3JoM1ktVVIyemlIQ2laWWVzYlIwZF93V0J1MDN6ZTZMeEhSSDBVTkZPZTFBN1l5cmY2bmx4bTNfTnNEUDdjaUpkazdHdVcteThDbngzdmZiVWRPSVdvUGw3cnE5SHducHkxTVFieVlDQlRfWWNuc19MSTJmdW9ERU9vMWprNko4Y0x2blYxN00xUnRZRUFONkVaWTByWQ?oc=5,,"Gossiplunes, 20 de abril de 2026
¿Te interesan las monedas antiguas? Tampico celebrará la Primera Convención Numismática: entrada libre
El Club Numismático de Tamaulipas invita a “Numistam”, un evento único con expertos,exposiciones y compra-venta de piezas históricas
Carmen Jiménez",GOOGLE_NEWS_RSS
