titulo,fecha,iso_date,fuente,autor,url,url_google,thumbnail,texto,origen
Carmen Canturosas reconoce historia y espíritu de Tampico en su aniversario de fundación - oem.com.mx,2026-04-12 07:00,2026-04-12T07:00:00+00:00,oem.com.mx,,https://oem.com.mx/elsoldetampico/local/carmen-canturosas-reconoce-historia-y-espiritu-de-tampico-en-su-aniversario-de-fundacion-29459945,https://news.google.com/rss/articles/CBMi0wFBVV95cUxOUjdqMWVGM1FDOW4ybHktUnN4cU9uZDA5SUZkR3lDQTlLd0gtVzdkU05ENWhrT2pGdnRHUXpuMmNOVTZ5YTNJQUJVc0FSMzZHZ1d3ZnZKMHY3d0xBRnZDR003dGRudERyakJlbVEyWjdUZ21TaWFlU2dKYmN5RXdYRjJ4WmhxWUR0S1A5QU9GMUpPbkRJejVkNGdleTl6UjE2T1p0Z2EzYlo4ZGtaVGhrTjdobVFELV9pTldYNHRDV1o3dmNXNUdTQUJ6YUhvMmhBNDVn?oc=5,,"Carmen Canturosas reconoce historia y espíritu de Tampico en su aniversario de fundación
La alcaldesa de Nuevo Laredo resaltó el legado histórico y el papel de las familias fundadoras, además de la vigencia de identidad y desarrollo en Tamaulipas
Antonio Campos
Celebran el orgullo de ser tamaulipecos
Agregó que este episodio se enmarca en una etapa de transformación nacional, donde diversas comunidades buscaban nuevas oportunidades para desarrollarse en un país que comenzaba a consolidarse tras su independencia.
A bordo de carretas y llevando consigo sus pertenencias, estas familias dejaron atrás su hogar para iniciar, con determinación y esperanza, la construcción de una nueva comunidad en medio de un entorno aún por desarrollarse.
Reconoce liderazgo de la alcaldesa Mónica Villarreal
Puntualizó, que ese espíritu decidido y solidario que marcó el nacimiento del puerto sigue vigente en su gente, consolidando a la ciudad como un referente de identidad, esfuerzo y calidez en Tamaulipas.
Hay que señalar, que el 203 aniversario de la fundación de Tampico, no solo invita a recordar el pasado, sino también a reconocer el papel que la ciudadanía desempeña en la construcción del presente y del futuro.",GOOGLE_NEWS_RSS
"Tampico cumple 203 años y lo celebra con historia, tradición y fiesta este domingo - oem.com.mx",2026-04-12 07:00,2026-04-12T07:00:00+00:00,oem.com.mx,,https://oem.com.mx/elsoldetampico/local/tampico-cumple-203-anos-y-lo-celebra-con-historia-tradicion-y-fiesta-este-domingo-29459272,https://news.google.com/rss/articles/CBMiygFBVV95cUxQaF9aZkpGNzlXVHJ5ZkdmOHdkVFlpREpGUXRGNkItbFdhYld1bFE2Yl9CRzk1OGpIYjhZZGNNbE1vX1RkUkYtSVhsRjRzcG5vV1J2aXcyck1aY1F0S3ZFeE8yMGhuUXQ1VHdIVzYyblh1WlJ5ZTczdW1OYm4yME9CeU5ocFVzQnl1QTlYaGVBQWhTc3hhM21vUmpLVExfMmhoRWtrSW1GSVFVZ3NOeE5UVV9VV2lIMk51dlprdkNZZUxUQzl6QU1uZElR?oc=5,,"Tampico cumple 203 años y lo celebra con historia, tradición y fiesta este domingo
Al final del evento conmemorativo, se repartieron tortas de la barda y se presentó la exposición fotográfica “Tampico Revelado”
Recorrido por avenida Hidalgo, entrega de medallas y homenajes: así se vivió el festejo de Tampico
Entre los asistentes destacaron la senadora por Morena, Olga Sosa, diputados locales y el secretario de Turismo en Tamaulipas, Benjamín Rodríguez Hernández.
“Tampico no nació por casualidad”: Alcaldesa del puerto
Villarreal Anaya subrayó que conmemorar este aniversario no solo implica recordar el pasado, sino valorar el legado histórico que dio origen a la ciudad.
“Hoy rendimos homenaje a quienes, con valentía y visión, sentaron las bases de esta comunidad. Tampico no nació por casualidad, sino de la voluntad de construir un futuro próspero”, expresó.
En representación del gobernador del estado, el secretario de Turismo señaló que esta conmemoración fortalece la identidad y el desarrollo turístico de la región.
“Hoy celebramos a una ciudad que ha sido punto de encuentro comercial y cultural, y que continúa consolidándose como un referente en el Golfo de México”, indicó.
Tortas de la barda y exposición de fotografías en el cierre del festejo de Tampico
Así, entre orgullo, solemnidad, comida y homenajes, Tampico celebró su aniversario 203 de la fundación; ¡la ciudad de las jaibas, los juanchos y lagunas esta de fiesta!",GOOGLE_NEWS_RSS
Playa Miramar se llena: más de 1.3 millones de turistas en Semana Santa 2026 - oem.com.mx,2026-04-12 06:30,2026-04-12T06:30:48+00:00,oem.com.mx,,https://oem.com.mx/elsoldetampico/local/playa-miramar-se-llena-mas-de-1-3-millones-de-turistas-en-semana-santa-2026-29443116,https://news.google.com/rss/articles/CBMiwgFBVV95cUxPUWp5TWh5bVJHNzNqN3NtbUJkT1JjdXA0eVNPSVlSUTJtZ1hhdi1DZjFWUUQ4Wk9CNmFnLXpaRVFpa0o1TDFFTTZQblZWdjI4LTVCWVhKQjR1XzYyNGkwOHUyclRpdk15dklRSGtGd2JXc3FvbjlCTlNLcEdqR2tmclB1cXlfVU43ODJrZTV0SGI5NEdHVThVZ3k3dk10M25mQXktc3hYX21VcHZVRWJHMnhLNU91NWNWNDFuM0p0dWhQdw?oc=5,,"Playa Miramar se llena: más de 1.3 millones de turistas en Semana Santa 2026
Autoridades destacan coordinación en seguridad, servicios e infraestructura para atender la alta afluencia turística registrada
Juan Hernández
El presidente municipal, Erasmo González Robledo, informó que, a tan solo una jornada para concluir el operativo vacacional, los resultados han sido positivos tanto en materia de seguridad como en afluencia turística.
“Es muy alentador saber que estamos llegando al propósito de tener un saldo blanco, de tener más de un millón trescientas mil personas, que es el cálculo que tenemos previsto”, expresó el alcalde.
Coordinación operativa permitió garantizar seguridad en Miramar
“Tuvimos la fortuna también de contar estos últimos días de la semana con un pronóstico muy favorable”, añadió.
Carretera Ocampo–Tula impulsa llegada de turistas del Bajío a Miramar
En ese sentido, destacó la relevancia de la carretera Ocampo-Tula, una vía estratégica que ha comenzado a generar impactos positivos desde su primera semana de operación, y que facilitó el arribo de turistas provenientes del Bajío.",GOOGLE_NEWS_RSS
"Colonia Morelos cumple 103 años y lo celebra con orgullo, historia y tradición - oem.com.mx",2026-04-12 06:05,2026-04-12T06:05:41+00:00,oem.com.mx,,https://oem.com.mx/elsoldetampico/local/colonia-morelos-cumple-103-anos-y-lo-celebra-con-orgullo-historia-y-tradicion-29450323,https://news.google.com/rss/articles/CBMixAFBVV95cUxQdHFEN0RyR1JOMUJLZWlBeW5SSVU3b3dwTW1FdmNGMU5oc012ZjQwakNPSFJuYnZWTzM4X1NkX2lOSG9YM2Y3bk45cHYyYkxuZGxKMkEzd05PX2RpTlotSnNQamJ5RHhWQjRhQnZER2RWQTQ3Vnh3aU1OdEF4emcxS2ExbjlLRm01S3JlemRtSDBYYzJtSjAzeVhXV1NUOW5FeVp2c05pQ0xPS3R4Wno5TURjc2VXbThjbWNtVkpyVUM5YXR5?oc=5,,"Colonia Morelos cumple 103 años y lo celebra con orgullo, historia y tradición
Durante la celebración se coronó a la reina del sector y se entregaron premios a talentos locales y equipos juveniles
Antonio Campos
Un aniversario que une generaciones en Tampico
Asimismo, la edil porteña expresó su reconocimiento a las mujeres despicadoras por su entrega diaria y el compromiso con el desarrollo de la ciudad.
De igual manera, destacó el esfuerzo de generaciones de familias que han construido una comunidad fuerte, unida y con profundo sentido de pertenencia, lo que motiva a su administración a redoblar esfuerzos para atender sus demandas.
Reconocen a vecinos destacados del ámbito social y deportivo
En este importante evento se hizo entrega de reconocimientos a vecinos destacados en los ámbitos deportivo y social, entre ellos:
Asimismo, en compañía de sindicatos y regidores otorgó un reconocimiento póstumo a doña Paula Grande de Muñiz, quien se destacó como una importante luchadora social, y a su vez se entregaron trofeos a equipos de fútbol infantil y juvenil.
Concluyó la alcaldesa Mónica Zacil Villarreal Anaya que el compromiso de mantener un gobierno cercano, que escuche y dé resultados a la gente.",GOOGLE_NEWS_RSS
Tampico - oem.com.mx,2026-04-12 05:08,2026-04-12T05:08:06+00:00,oem.com.mx,,https://oem.com.mx/elsoldetampico/tags/temas/tampico?page=1069,https://news.google.com/rss/articles/CBMib0FVX3lxTFBEajF5VjJWY2ZJcEhZMUM4SnRjT0h3UXQ0SERNal9BTnItVXFaVDVRbEtrTlBha2paMUdUMldCTHQ3SGx1akVYY2VwbkdiX1BTTDVrYmVJMzJyWkVXMHVOSThxM0dPVUZwT1F0bkl6aw?oc=5,,MUNDODe premio de la paz a perseguir migrantes: los 12 momentos de Trump que han marcado su primer año,GOOGLE_NEWS_RSS
Del calor sofocante a tormentas eléctricas: clima domingo 12 de abril - Milenio,2026-04-12 04:45,2026-04-12T04:45:00+00:00,Milenio,,https://www.milenio.com/el-clima/clima-tamaulipas-pronostico-temperaturas-12-abril-2026,https://news.google.com/rss/articles/CBMikAFBVV95cUxQUEdQWVV4dHo5d3BkRjJBTEI2SHllck41ckl3ZXY3Q1RYYW1JRklFLW5abGZyZlJOZVkzT0RjdmtkN2RPMUU1UC0xTjZMdDVkR1pvM0lNeWV2UFMyaHNrZG5WaXNfR3AzUmVjS2pIRmFFTnRxR0RKdVlOejh2ZzZ3UjN4QUxFUW5BakRub0VuU1LSAZABQVVfeXFMTXVrVDhWeFphNklRMEowa0Z6aVdtS3d3aDZiTEg0QUFobmJoY28tdXc1c0VqaF9ISUozLVRGS3RvMS1nOHBXS0JtR08xWklYQzNtMzJDWTVWaDhKTFhXNzA3dFpHSWNIcTZOTFBfYm1NUTlZQ2ZtR3NzeEs5S1pRYU9hQ0cyaGk2REdDeVotM3dI?oc=5,,"El clima hoy en Tamaulipas estará marcado por condiciones contrastantes que combinan altas temperaturas con un incremento significativo en la inestabilidad atmosférica. Durante el día, el ambiente será caluroso en gran parte del estado; sin embargo, hacia la tarde, noche y madrugada se espera el desarrollo de tormentas y chubascos que podrían ser intensos.
Este cambio en el tiempo de hoy en Tamaulipas se debe a la presencia de una línea seca sobre el norte del país, en interacción con un canal de baja presión y condiciones de inestabilidad atmosférica. Estos sistemas favorecerán lluvias, actividad eléctrica y rachas de viento, principalmente en el oeste, centro y región fronteriza del estado.
¿Qué temperatura hoy en Tamaulipas?
El ambiente caluroso dominará durante el día en todo el estado, con temperaturas máximas entre 35 y 40 grados Celsius, según el pronóstico proporcionado.
Zona fronteriza (Reynosa, Nuevo Laredo y Frontera Chica):
- Temperaturas máximas: cercanas a 40 °C
- Temperaturas mínimas estimadas: alrededor de 24 °C
Zona centro (Ciudad Victoria, Sierra de Hidalgo y Sierra de San Carlos):
- Temperaturas máximas: entre 36 y 38 °C
- Temperaturas mínimas estimadas: entre 22 y 24 °C
Zona sur del estado:
- Temperaturas máximas: entre 35 y 37 °C
- Temperaturas mínimas estimadas: entre 23 y 25 °C
Estas condiciones mantendrán un ambiente muy caluroso durante el día, con sensación térmica elevada, lo que favorece el desarrollo de tormentas por la acumulación de calor.
Lluvias en Tamaulipas domingo 12 de abril
El pronóstico indica que el clima hoy en Tamaulipas incluirá tormentas y chubascos durante la tarde, noche y madrugada, con potencial de intensificarse.
Las zonas con mayor probabilidad de lluvias son:
- Región fronteriza: de Reynosa a Nuevo Laredo, especialmente la Frontera Chica
- Altiplano
- Zona centro: principalmente en áreas cercanas a la Sierra de Hidalgo, Ciudad Victoria y Sierra de San Carlos
Se esperan lluvias fuertes a puntuales muy fuertes, con acumulados de 50 a 75 mm, acompañadas de descargas eléctricas y posible caída de granizo de forma aislada.
Vientos que superan los 50km/h
El viento será otro factor importante dentro del tiempo de hoy en Tamaulipas. Se prevén:
- Vientos sostenidos de 40 a 50 km/h
- Rachas que podrían alcanzar entre 60 y 80 km/h",GOOGLE_NEWS_RSS
"Gastronomía de Tampico: mariscos, postres y tradición que definen su identidad - oem.com.mx",2026-04-12 04:36,2026-04-12T04:36:58+00:00,oem.com.mx,,https://oem.com.mx/elsoldetampico/gossip/gastronomia-de-tampico-mariscos-postres-y-tradicion-que-definen-su-identidad-29441386,https://news.google.com/rss/articles/CBMixAFBVV95cUxQTmJZRi1Xa1B5Z0JHZ3lLMktOMGlQbFNHMndUU1hFVDZZbkpsZ3dJS093eFF4ZjhzLVhLWEJVY0ltX2tTMDY5eFZuTVpyb0NUMDA2R1FGZ0ZGaDJiZnN0em9CeklzZ3dlbUR5b2hJTDBjLUNfbDFjUnd1Qzk0WGoxaVQ5RHQyY0JIUlRWTW1OVEkwTC1WUTIteHpOWVlIWDllYmtQRmd0WmdULWs3QzdYZjRfWUpkRkR6dVpXZTJvWlRLTEFh?oc=5,,"Gastronomía de Tampico: mariscos, postres y tradición que definen su identidad
A lo largo de su historia, el puerto jaibo ha inspirado a la carne asada a la tampiqueña, la jaiba a la Frank, entre otros platillos
Víctor De Sampedro
En un recorrido por la riqueza culinaria de la ciudad, el chef Ángel Isaac Comparán recordó cómo los mariscos han catapultado a este rincón de la Huasteca.
Jaiba a la Frank, un emblema gastronómico de Tampico
“Aquí es cuando comenzamos a hablar de la jaiba a la Frank, un platillo que representa la riqueza del Golfo de México y la creatividad de la cocina local”, explicó a ADEREZO.
La carne a la tampiqueña y su simbolismo regional
La región también se ha caracterizado por incorporar productos del campo a su cocina. Un ejemplo de ello es la carne a la tampiqueña, platillo que destaca por representar elementos emblemáticos de la zona.
“Lleva un filete de res; este representaría el río Pánuco. En el caso de los frijoles, simbolizan el auge petrolero”, mencionó Ángel.
Postres tradicionales que endulzan la historia de Tampico
“Es un postre muy sencillo: lleva una base de galleta crujiente y una mezcla de leche espesada con fécula de maíz; se termina con azúcar, canela y pasas”, declaró.",GOOGLE_NEWS_RSS
Tampico se prepara para lluvias y huracanes: refuerzan acciones preventivas - oem.com.mx,2026-04-12 03:57,2026-04-12T03:57:15+00:00,oem.com.mx,,https://oem.com.mx/elsoldetampico/local/tampico-se-prepara-para-lluvias-y-huracanes-refuerzan-acciones-preventivas-29444122,https://news.google.com/rss/articles/CBMiwAFBVV95cUxNMVBxaTZINUhCZWNQTXV1dC1PNFFwaXN1RUNiMm5aaDI3NHBRSEVEQnUtc2IwSG5hWFlXc3JvMVV2ZE5NaGVmMEpoWTlzeEFNdTdIa2hYbmg1VC1Ucm9RY25RQUQ1cXduaVp2aGpuSjI1R0VGVnVib2NJak5xNWFSemN5UW5BREtmOVBHZ3BhRkp3X1hRMDB5dTdERGRpVG13TklEMmdqX3IyTUc0TnVwcnpMbGhIbElNVWdjRDRuQWU?oc=5,,"Tampico se prepara para lluvias y huracanes: refuerzan acciones preventivas
Autoridades realizan recorridos, revisan cárcamos y notifican a familias en sectores vulnerables para reducir riesgos
Yadira Hernández
Colonias vulnerables reciben notificaciones y recorridos preventivos
“Se están realizando notificaciones en las zonas más vulnerables. Aunque la Comisión Municipal de Agua Potable mantiene un programa permanente, también se llevarán a cabo recorridos en cárcamos de bombeo”, explicó.
Marín Flores destacó que recientemente se llevó a cabo una reunión de coordinación convocada por la Comisión Nacional del Agua (Conagua), en la que participaron autoridades municipales, estatales y federales.
Este encuentro fue encabezado por el ingeniero Leonardo González Nery, proveniente de la Ciudad de México, con el fin de fortalecer la estrategia regional en el sur de Tamaulipas.
Actualizan padrón de viviendas en riesgo en Tampico
Asimismo, se contempla habilitar el Auditorio Municipal como refugio temporal para atender a las familias que requieran resguardo durante contingencias climatológicas.
Entre las colonias identificadas como vulnerables se encuentran:
Sectores donde se implementarán recorridos, perifoneo y entrega de información preventiva.",GOOGLE_NEWS_RSS
Fiesta runner en Tampico: todo listo para la carrera de aniversario de la Colonia Morelos - oem.com.mx,2026-04-12 02:03,2026-04-12T02:03:47+00:00,oem.com.mx,,https://oem.com.mx/elsoldetampico/deportes/fiesta-runner-en-tampico-todo-listo-para-la-carrera-de-aniversario-de-la-colonia-morelos-29448660,https://news.google.com/rss/articles/CBMi1wFBVV95cUxNY0E4OTMtbU5aTTNKa3FaVUJtZGtDZXRBa3hiaV9hTmc1dExWdktoVVN3NGl2Q3RaSUFWS014Z1dLdUNzMUxXZFJucUQ2Q2lWbEsxMG9hY1Rsa2JCdkhJODAzUFFKdC03TnlJMVc5UGdjeW9rRzdER3ZEQnhHMlRBbXVXUjdxT3paamJYMnM3U1l0SDBkQnRMb0licVU1ckhCR3ZoM1gzSlByR245SlpSeDNZNnpxLVEwMUZXVi1mZ05xY2JkdGdFUnNiMmh1UkFFaEdLc2pOVQ?oc=5,,"Fiesta runner en Tampico: todo listo para la carrera de aniversario de la Colonia Morelos
El evento forma parte de una serie de actividades deportivas que han marcado los festejos en este tradicional sector
Héctor Rivera
Punto de salida y calles que formarán parte del circuito
La justa se realizará en las categorías Juvenil, Libre, Submaster, Master, Veteranos A, Veteranos B, Veteranos C en las dos ramas, varonil y femenil, se correrá en las distancias de 5 kilómetros y un kilómetro.
Tendrá como punto de partida el cruce de las calles Heriberto Jara y Paso Real de la colonia Morelos y se recorrerán las principales arterias del populoso sector.",GOOGLE_NEWS_RSS
Camión a punto de caer en estacionamiento en Tampico - Milenio,2026-04-12 01:34,2026-04-12T01:34:00+00:00,Milenio,,https://www.milenio.com/estados/camion-de-carga-queda-colgado-en-estacionamiento,https://news.google.com/rss/articles/CBMihwFBVV95cUxPelpsUWdwcElfS2ZoTURxTTlDM0hXOUlVRkFtTzZZOUp3YXQxY2VPckRpZkg4LXFtcmVIZ0dKU3JmRTJ5S1JWdC1YSXVCUlJNaEZhTGZYYldzMGc2blM5M29wNTZFZ1Y0c2ZzU1F0cGxpbkM0WEc2bWlZRmNaVktKUWdjZ2xYOFHSAYcBQVVfeXFMTVA2QmJGODFabmxlcDI5dm1INlpham9jVnVwQnpqUl9BVmhKWTZPWE1FcGxVLUFBLTI0SmIzVEtjQ2Izdm82bWFrbnAwV3ppQzJ0b0xYd0hTaWNndnBiR012cHJualNYWWxJNTJ4dE1zaFY1cmxsblRleXVuN2tqQ3MzOFBiWWg4?oc=5,,"Tampico /
Durante la tarde del sábado se registró un incidente en una tienda minorista en la avenida Hidalgo de la ciudad de Tampico donde un camión de carga derribó la barda del estacionamiento quedando colgando.
Incidente dentro del estacionamiento
Por medio de redes sociales se viralizaron las imágenes y videos de un camión de carga sobresaliendo a la mitad colgando de un estacionamiento, de acuerdo a información preliminar el conductor habría sobrepasado los límites de velocidad provocando que quedara prácticamente colgado a una nivel elevado con riesgo de caer sobre el bulevar Loma Real.
¿Hubo lesionados?
Tras el incidente no se registró a ninguna persona lesionada, personal de la tienda se movilizó para apoyar y resolver resolver la situación, no se reporta afectación por parte del conductor.",GOOGLE_NEWS_RSS
Alerta meteorológica en Tamaulipas: fuertes lluvias y vientos este domingo - oem.com.mx,2026-04-12 01:08,2026-04-12T01:08:39+00:00,oem.com.mx,,https://oem.com.mx/elsoldetampico/local/alerta-meteorologica-en-tamaulipas-fuertes-lluvias-y-vientos-este-domingo-29447401,https://news.google.com/rss/articles/CBMivwFBVV95cUxOaXlCRFZoQ1RtU09KaWhiWVc2QWJPUnFNLWc1dkRsbDk0YUJDSXdXRkkxWG9UckRCVDZ1ZUZtUk5rMklzLW81TVd0WVZDdHkzbTIzbWkxc3RQbjI5Rk9LQnctenFROXRBbGx5SmpqM096TVBoTkJsQ3UyaUV1WkkxUXVnNVJNcS1aVi1jc05QdHA1TVpKekFobmNLb2dlLWk3ZGxMQThBYmZJbzR0SzdSSUJKanFIUXZQM19TMnZlYw?oc=5,,"Alerta meteorológica en Tamaulipas: fuertes lluvias y vientos este domingo
Una inestabilidad generará lluvias, viento y descargas eléctricas en varias regiones; autoridades llaman a extremar precauciones.
Antonio Campos
Posible formación de torbellinos y granizo en el norte de Tamaulipas
Las zonas con mayor probabilidad de ser afectadas son:
Además la dependencia federal dió a conocer que se tiene un 20% de probabilidad de presentarse precipitaciones, con humedad que alcanzarán el 77% y vientos superiores a los 21 kilómetros por hora.
Autoridades llaman a tomar precauciones ante lluvias fuertes
Asimismo, por la mañana ambiente templado en la región; fresco en territorio tamaulipeco, y con bancos de niebla en la zona montañosa del veracruzano.",GOOGLE_NEWS_RSS
Adiós a “La Chona”: Tucanes de Tijuana cancelan concierto en las Fiestas de Abril Tampico 2026 - oem.com.mx,2026-04-12 00:07,2026-04-12T00:07:59+00:00,oem.com.mx,,https://oem.com.mx/elsoldetampico/gossip/adios-a-la-chona-tucanes-de-tijuana-cancelan-concierto-en-las-fiestas-de-abril-tampico-2026-29446810,https://news.google.com/rss/articles/CBMi2AFBVV95cUxOVzRmUWN2QV9TMFpyT0Rxd1Q4amdsT2NjcmRlUlE0em55UlBHcmJHekdkX3NHNnhRa3JZVDI0VmxiQlJpRFJidHhYN0h2X3lXYnozNUhJX1djaUNhUk1tbDdIZmJsd2FfUmlFY2VPeEJzcFpmemI0Z2llUF9OaFVObDI3dkpWTDdMNVpTVklrVFlPdWZOaHp6UHQyYkttMHVsenhFcElXY1VSRHpCV2JVQkNTc3Zzb2s5TkxTUnVleTJXUTdISjRzOVAzWVJsM2lUTDhSRF9RdEk?oc=5,,"Adiós a “La Chona”: Tucanes de Tijuana cancelan concierto en las Fiestas de Abril Tampico 2026
La agrupación informó que la suspensión se debe a causas ajenas y anunció proceso de reembolso para boletos adquiridos
Roberto González / El Sol de Tampico
Fue a través de un comunicado difundido este sábado en sus redes sociales oficiales que la agrupación, liderada por Mario Quintero Lara, informó a su público de la zona sur de Tamaulipas sobre la cancelación del evento.
Banda señala causas ajenas y promete nueva fecha en Tampico
Respecto a los motivos, señalaron que la cancelación se debe a cuestiones ajenas a la banda y reiteraron su compromiso con sus seguidores del sur de Tamaulipas.
“No se alcanzó el mínimo de ventas”: Herca Producciones
La empresa responsable del evento, Herca Producciones, detalló que la decisión responde exclusivamente a temas de logística vinculados a la baja demanda.
Por lo que no será posible llevar a cabo la presentación prevista dentro de las Fiestas de Abril Tampico 2026. Los organizadores agradecieron la comprensión del público ante esta situación.
Así puedes solicitar el reembolso de boletos para los Tucanes de Tijuana
Para quienes realizaron su compra en línea o con tarjeta, el proceso se llevará a cabo mediante un formulario digital habilitado por la boletera, el cual estará disponible hasta el 18 de abril.",GOOGLE_NEWS_RSS
Cierre en Avenida Hidalgo por aniversario de Tampico: toma precauciones y evita tráfico - oem.com.mx,2026-04-11 22:26,2026-04-11T22:26:31+00:00,oem.com.mx,,https://oem.com.mx/elsoldetampico/local/cierre-en-avenida-hidalgo-por-aniversario-de-tampico-toma-precauciones-y-evita-trafico-29440681,https://news.google.com/rss/articles/CBMi0AFBVV95cUxQVllEc2V2eVBkdi1aQjhDcTdheTZHaWczS2tWOXc5Znk2blVaNTRtV3RCZldaNzZqZkkzaWFwS1JVZXZEVi1xMjdzblZKZXc3QTBDcEZkTzdTVGo0ZjlhdmtiUk1sQWRzbVM2NEVIQmtvRXV2QmRtc2tZWUhvY2lzdlY2RTByOUo0Q01XY1NGMGotZ3lrNHRZUnJRTmRPdkdiRTVFR3MtbEtpeDFybjlLRE5OOHpCcjJmQTc4ZW5IU0VBNXRuWUVtNGtwV1ZzWlF0?oc=5,,"Cierre en Avenida Hidalgo por aniversario de Tampico: toma precauciones y evita tráfico
El cierre de la vialidad comenzará a las 9:00 horas y se extenderá hasta las 12:00 horas por la ceremonia de aniversario de Tampico
Yadira Hernández
Cierre de avenida Hidalgo en Tampico iniciará a las 9:00 horas
De acuerdo con la dependencia, el cierre se realizará este domingo 12 de abril en un horario de 09:00 a 12:00 horas, lo que afectará específicamente el carril de norte a sur de la Avenida Hidalgo.
El tramo que permanecerá restringido iniciará a la altura de la calle Torreón y se extenderá hasta las calles Cristóbal Colón y Emilio Carranza, en la zona centro de la ciudad.
Exhortan anticipar su salida en la avenida Hidalgo o buscar vías alternativas
Asimismo, se reiteró el llamado a utilizar vías alternas para evitar congestionamientos y contribuir a una circulación más ágil durante el desarrollo del evento.
Destacó que este tipo de celebraciones forman parte de la identidad de Tampico, por lo que se busca que se realicen en un ambiente seguro y ordenado, sin poner en riesgo a la población.",GOOGLE_NEWS_RSS
Hablemos de tecnología / Mythos - oem.com.mx,2026-04-11 21:42,2026-04-11T21:42:44+00:00,oem.com.mx,,https://oem.com.mx/elsoldetampico/analisis/hablemos-de-tecnologia-mythos-29429817,https://news.google.com/rss/articles/CBMiiAFBVV95cUxOZElFT0hvY1Vma0JzX3RZVnJ5dlQyd0NLR3JTemh6V2ZKdWFoRzg1YkFRLTUtYU9hNUNPandwWHhUZ0Vqb1I1Q3BnS1BJMTR5WlJnQ1haM3FpdzNoZWxsdGVzN2RDekQtdGhPYXo4MXVIN1c4YXFtWnBhUXg0SWVXbGVlWDBsUEUz?oc=5,,"¿Te quedas fuera de la conversación? Mandamos a tu correo el mejor resumen informativo.
Hay noticias tecnológicas que entusiasman, otras que sorprenden, y unas cuantas que asustan. La aparición de Mythos pertenece a esa última categoría, estimado lector. No porque estemos ante una máquina salida de una película apocalíptica, sino porque por primera vez una gran firma de inteligencia artificial reconoció, en los hechos, que su modelo más avanzado no debía abrirse al público general por el riesgo que implica.
Lo que vuelve tan delicado este caso es que Mythos no fue descrito como un sistema especializado en hackeo, sino como un modelo generalista extraordinariamente bueno en programación, cuya capacidad ofensiva en ciberseguridad emergió como efecto secundario. Dicho de otro modo: se entrenó para entender mejor el código, y al hacerlo terminó entendiendo también cómo romperlo. Esa diferencia es clave, porque nos recuerda que la inteligencia artificial no siempre avanza en compartimentos ordenados; muchas veces, una capacidad poderosa trae consigo otra más inquietante.
Según se ha explicado, Mythos sería capaz de encontrar vulnerabilidades inéditas en sistemas operativos, navegadores y piezas críticas de software con una velocidad y profundidad que dejan atrás a la mayoría de los especialistas humanos. Eso no significa que mañana vaya a colapsar internet -espero-, pero sí plantea una pregunta incómoda: ¿cuántos sistemas en los que confiamos todos los días son más frágiles de lo que imaginábamos? Bancos, hospitales, redes eléctricas, servicios públicos, plataformas de comunicación y bases de datos gubernamentales dependen de software que quizá ha convivido durante años con fallas invisibles.
Ahí radica el verdadero vértigo de esta historia, amigo lector. No estamos ante un simple salto de rendimiento en un laboratorio ni frente a una carrera más por ver qué empresa presume el mejor benchmark de moda. Estamos viendo cómo una herramienta diseñada para resolver problemas también puede revelar, con brutal eficiencia, las grietas ocultas del mundo digital moderno. Y cuando esas grietas aparecen, uno descubre que el progreso tecnológico no siempre llega acompañado de prudencia institucional.
Hay algo más que me parece central. En la narrativa entusiasta de la inteligencia artificial se habla mucho de productividad, creatividad, automatización y asistencia. Son temas importantes, sin duda. Pero el caso Mythos nos recuerda que la IA también es una tecnología de poder. Poder para escribir mejor código, sí, pero también para desarmar sistemas enteros. Poder para blindar infraestructuras críticas o, en manos equivocadas, para comprometerlas. En este nuevo escenario, la diferencia entre defensa y ataque puede depender menos de la herramienta y más del actor que la controla.
Por eso resulta tan relevante que un modelo así no haya sido liberado abiertamente. Esa decisión puede leerse como prudencia, como contención y hasta como un acto de responsabilidad. Sin embargo, también abre otra discusión, una no menos dura: si solo unos cuantos actores privilegiados tienen acceso a las herramientas más poderosas para protegerse, entonces el resto del mundo queda mirando desde la orilla. Y cuando la seguridad de vanguardia se distribuye de manera desigual, la brecha tecnológica deja de ser un asunto comercial para convertirse en un asunto político. -No veíamos un escenario así desde la aparición de los “Shadow Breakers”-.
Desde México, este punto debería importarnos más de lo que suele aceptarse. A veces discutimos la inteligencia artificial como si solo afectara oficinas, escuelas, campañas publicitarias o tareas cotidianas. Pero lo que está en juego aquí es más profundo: infraestructura digital, resiliencia institucional, soberanía tecnológica y capacidad de respuesta ante amenazas que pueden escalar en cuestión de horas.
También conviene resistir dos tentaciones igual de peligrosas. La primera es el alarmismo fácil, esa costumbre de convertir cada avance tecnológico en la antesala del fin de la civilización. La segunda es la frivolidad optimista, ese discurso según el cual todo nuevo modelo será bueno por el simple hecho de ser más inteligente. La realidad, como casi siempre, es más incómoda. Mythos no anuncia el apocalipsis, pero sí marca una frontera. Una frontera en la que la inteligencia artificial deja de ser solo una promesa útil y se convierte también en un factor estructural de riesgo.
En lo personal, me parece que este episodio desnuda una contradicción que llevábamos años ignorando. Hemos corrido para hacer modelos más poderosos, más rápidos y más autónomos, pero no con la misma velocidad para construir reglas, auditorías, controles y capacidades de defensa acordes a ese nuevo poder. Se ha innovado mucho más en capacidad que en gobernanza. Lo que hoy parece excepcional, mañana puede convertirse en una carrera abierta entre corporaciones. Cuando eso suceda, la pregunta dejará de ser si estamos impresionados, y pasará a ser si realmente estamos listos.",GOOGLE_NEWS_RSS
Tampico Hermoso / La Repoblación - oem.com.mx,2026-04-11 21:42,2026-04-11T21:42:44+00:00,oem.com.mx,,https://oem.com.mx/elsoldetampico/analisis/tampico-hermoso-la-repoblacion-29431024,https://news.google.com/rss/articles/CBMiigFBVV95cUxNdVFfdFU1WVB4WVhXVDhtYlRnS21FR0NEak9qZkxjZ1B2NUNleWR4czdITm5KQjRubmdNR2U2aXZQYzJra1NEa2Z0Vl9XT3BFWXBJZTNlQVN2MWdwd1FuTjJzSE1LWGdldWE2aTRXV0hwVnhaRml4VkJHM29nQTRhT2huSFR6TXY0b0E?oc=5,,"Tampico Hermoso / La Repoblación
¡Sácalo!, me dijo- ¡Repítelo! - Me gusto tu artículo recordando los hechos de la repoblación.
Puntual a la cita con la historia los Altamirenses con su alcalde integran la marcha de la “REPOBLACIÓN” de nuestro Tampico Hermoso.
En el mes de Abril se conmemora la Repoblación o Fundación de Tampico (dejaremos esto para los expertos cronistas de la ciudad).
El día 12 doce de Abril de 1823 en Altamira todo es inquietud y nerviosismo, muchos de sus pobladores emprenderán camino hacía el Tampico Viejo.
Curiosamente el Alcalde de Altamira Don Juan De Villatoro se hace cargo de los asuntos públicos de la nueva ciudad.
No fue sino hasta el 23 de agosto de 1824, que se conforma el primer Ayuntamiento de Tampico, designándose alcalde al sr. Vicente De La Torre y como síndico a Don Antonio Orta.",GOOGLE_NEWS_RSS
"Gryta.com, Fylosofía en expresión / La madrina soledad - oem.com.mx",2026-04-11 21:42,2026-04-11T21:42:44+00:00,oem.com.mx,,https://oem.com.mx/elsoldetampico/analisis/gryta-com-fylosofia-en-expresion-la-madrina-soledad-29431091,https://news.google.com/rss/articles/CBMipgFBVV95cUxQQ0t3dHhGTFI3emEyTmpKV015U3RkZXFqRzR3Xy1iLTh6TkxDV2ItREhuMVMxWWMxejRlWEpENEJwcVEtS3czZ091cjZBbXdnQXU5YTlCekZyWllZMGdUSzZPMDRuNW5GNEZPMEp0Z0xHRkJQSjBJdzFUSTBuYVNBZlNrclFsVzREOGpDUGZGeXhOREFqd1dVRXpheDVRc2lYYS01em13?oc=5,,"Gryta.com, Fylosofía en expresión / La madrina soledad
Hay un miedo silencioso que muchas personas no reconocen abiertamente.
Pero que condiciona gran parte de sus decisiones: el miedo a estar solos.
No es el fracaso lo que más asusta.
No es equivocarse.
No es perder.
Es quedarse consigo mismos… sin distracciones.
Por eso muchas personas permanecen en relaciones que ya no les hacen bien.
Por eso sostienen vínculos que desgastan.
Por eso toleran lo que en el fondo saben que no deberían tolerar.
No porque no lo vean… sino porque no saben estar solos.
El filósofo Friedrich Nietzsche lo expresó con crudeza:
“El individuo siempre ha tenido que luchar para no ser aplastado por la tribu”.
Y es que la presión de pertenecer, de no quedarnos fuera, de no sentirnos aislados, puede ser más fuerte que el deseo de vivir en paz.
Pero hay una verdad que incomoda: cuando no sabes estar contigo, terminas aceptando cualquier compañía.
Y entonces la soledad que tanto temías, se transforma en algo peor, una soledad acompañada.
La Filosofía Práctica nos invita a cambiar la perspectiva.
Estar solo no es estar vacío.
Es estar contigo.
Y ese encuentro, aunque al inicio incomode, es profundamente necesario.
El filósofo Arthur Schopenhauer afirmaba: “La soledad es la suerte de todos los espíritus excelentes”.
No porque aislarse sea superior, sino porque aprender a estar contigo mismo requiere madurez, profundidad y conciencia.
En la soledad aparecen preguntas que evitabas.
Pensamientos que distraías.
Emociones que no querías mirar.
Pero también aparece algo más valioso, la claridad.
Cuando te quedas contigo, empiezas a distinguir qué es realmente tuyo y qué has adoptado por miedo, costumbre o necesidad de aprobación.
Dejas de actuar para encajar y empiezas a decidir con autenticidad.
El problema no es la soledad.
El problema es la relación que tienes contigo mismo.
Porque si tu mundo interior está en conflicto, la soledad se vuelve insoportable.
Pero si aprendes a reconciliarte contigo la soledad se transforma en libertad.
El filósofo Blaise Pascal escribió:
“Todos los problemas del hombre provienen de no saber quedarse solo en una habitación.”
Y aunque parezca una exageración, encierra una gran verdad.
Muchas decisiones impulsivas, muchas relaciones destructivas y muchos hábitos dañinos nacen de la incapacidad de estar en silencio con uno mismo.
De no querer sentir.
De no querer pensar.
De no querer enfrentar lo que hay dentro.
Por eso buscamos ruido.
Distracción.
Compañía constante.
Pero evitarte no te libera, te fragmenta.
La Filosofía Práctica propone algo radical en estos tiempos: aprender a habitarte.
Escucharte sin juicio.
Observarte sin huir.
Acompañarte sin necesidad de escapar.
Porque cuando logras eso dejas de necesitar a otros para completarte.
Y entonces tus relaciones cambian.
Ya no eliges desde la carencia.
No desde el miedo a quedarte solo.
No desde la urgencia de llenar un vacío. Eliges desde la libertad y eso transforma todo.
Porque dos personas que no saben estar solas se necesitan. Pero dos personas que saben estar consigo mismas se eligen.
Y hay una diferencia enorme entre necesitar y elegir.
Aprender a estar solo no significa aislarte del mundo. Significa dejar de abandonarte a ti mismo.
Significa construir una relación interna tan sólida que la compañía de otros sea un complemento, no una necesidad desesperada.
Porque cuando te tienes a ti ya no aceptas cualquier cosa.
Ya no te conformas con migajas emocionales.
Ya no negocias tu paz por compañía.
Y entonces ocurre algo poderoso:
la soledad deja de ser un castigo y se convierte en un espacio de crecimiento.
Un espacio donde te reconstruyes.
Donde te entiendes.
Donde te fortaleces.
Aprender a estar solo es aprender a ser libre.
Y en un mundo que constantemente te empuja a distraerte, a depender, a evitarte, eso es un acto de valentía.
Luz y paz.
Escríbeme: gryitafuerte@gmail.com
Facebook Gryita Fuerte-Navegante Podcast
RE-GENERACIÓN 19",GOOGLE_NEWS_RSS
Cantos del poder / Fortalecer la imagen nacional - oem.com.mx,2026-04-11 21:42,2026-04-11T21:42:44+00:00,oem.com.mx,,https://oem.com.mx/elsoldetampico/analisis/cantos-del-poder-fortalecer-la-imagen-nacional-29431147,https://news.google.com/rss/articles/CBMinwFBVV95cUxQdWdnSDNNLTUzX1FJekMxcVZadUlCclhaOFZtX0R4QTFNbHJCV0VMWEF0bmphX2hvU08yWjQwbmFVYjZnS3VYSy1xeGRvdU5GQUtuRmllT2FydEtIUm14Y2tUZ1VOT2poRlNNaVJ4VXhYNlF2Q2VFWU1YRmQwNF9uWlI3elVHRWNYbTNUM2RBWmFvWUhkcDFzT1V4a2pYdTQ?oc=5,,"Cantos del poder / Fortalecer la imagen nacional
Mas tarde, el cine bélico se abrió camino con la incursión de los primeros reporteros cinematográficos en batallas donde arriesgaban sus vidas para dar al mundo una imagen de lo que sucedía.
Hasta el momento ”nadie ha podido hacer una buena película antibelicista, simple y sencillamente porque aún existen las guerras”, parafraseando al famoso director de cine, René Clair.
Lo que se relaciona con los energéticos tiene que ver con la totalidad de las mexicanas y mexicanos.
La importancia de los hidrocarburos es tal, que prácticamente ahí está y asi será por muchos años, la clave del desarrollo del país.",GOOGLE_NEWS_RSS
Regios salvarán el récord de asistencia en playa Miramar - Milenio,2026-04-11 20:10,2026-04-11T20:10:54+00:00,Milenio,,https://www.milenio.com/comunidad/regios-salvaran-record-asistencia-playa-miramar-2026,https://news.google.com/rss/articles/CBMijwFBVV95cUxNNW5QdkN5cl9lSGRyUzcybnZNSDhLVjNjdzlZSFFUdUhIel8xWjVLRTZXMVc3YkZaNlFtMV9TckVUeWpzYndYZXhQNzNKblJLX0F3LTVJMUpTZEljQmtBSVA0NGRWLXVwNnR3bmc4Y1FNdjM1R3l1LXVBMUZPRjlWemVSLWZ3YVB5dkFOYjZhZ9IBjwFBVV95cUxQTjZCMVVEY0ViUGRfR2MySFV2SzFHbWRhb2k2Y1lUTjNRR2FPYWR0eXZxcjdMQU9ReFlzNUpROTZaQUpKZ09SbDNMc28wU0NFUVVhaXlhVl9VbWtoa2VBQU8tNFB2WnNuYWRFMzhzd3ZMNmNicmxXc0JNa1ZQODA3MWR2NlYzRzhNZGtzbU1hUQ?oc=5,,"Con la llegada de visitantes regiomontanos, se espera superar la cifra de un millón 300 mil personas en playa Miramar de Ciudad Madero, récord alcanzado el año pasado, informó el alcalde Erasmo González Robledo.
Dijo que actualmente tienen un acumulado en lo que va de la temporada de asueto, de poco más del millón 100 mil bañistas, pero que están a la espera de la llegada de más familias de Nuevo León durante este fin de semana para romper el récord de asistencia este 2026.
“Estamos a poco más de un millón 100 mil bañistas y todavía falta este fin de semana fuerte. Confiamos en que las familias regias nos ayuden a superar la cifra del año pasado de un millón 300 mil visitantes”.
González Robledo destacó que las estadísticas confirman el peso que tiene el mercado regiomontano: tres de cada 10 visitantes que llegan a playa Miramar provienen de Nuevo León.
“Es nuestro principal mercado y en este periodo de asueto se ha consolidado como el más importante para el sur de Tamaulipas”, añadió.
Uno de los elementos que ha favorecido el incremento en la afluencia turística es la carretera Tam-Bajío, que reduce significativamente los tiempos de traslado desde el sur y noreste del país. Gracias a esta vía, las familias pueden llegar a playa Miramar en aproximadamente cinco horas desde diversas ciudades de Nuevo León, Guanajuato, Querétaro y San Luis Potosí.
Esta infraestructura ha permitido que Miramar compita de mejor manera con otros destinos de playa del Golfo de México, atrayendo a turistas que antes optaban por trayectos más largos o destinos más lejanos.
Las autoridades municipales y estatales han reforzado la seguridad, la limpieza y los servicios en el paseo turístico más importante de la zona conurbada Tampico-Madero-Altamira.
Personal de Protección Civil, Policía Turística y Servicios Públicos se mantienen en alerta para garantizar una estancia segura a los miles de visitantes que se esperan en los próximos días. Con el acumulado actual y la llegada prevista de más grupos regiomontanos, playa Miramar se encamina a cerrar una de sus mejores temporadas vacacionales de los últimos años, lo que representa un importante impulso económico para hoteleros, restauranteros, prestadores de servicios turísticos y vendedores ambulantes de la región.
El alcalde de Madero hizo un llamado a los visitantes a disfrutar de manera responsable las instalaciones y a cuidar el entorno natural de la playa, uno de los principales atractivos del estado de Tamaulipas .
yc",GOOGLE_NEWS_RSS
"¿Cómo quedará? Por etapas, rehabilitan Casa de Cultura de Madero para convertirla en nuevo centro cultural - oem.com.mx",2026-04-11 19:45,2026-04-11T19:45:51+00:00,oem.com.mx,,https://oem.com.mx/elsoldetampico/cultura/como-quedara-por-etapas-rehabilitan-casa-de-cultura-de-madero-para-convertirla-en-nuevo-centro-cultural-29437118,https://news.google.com/rss/articles/CBMi6gFBVV95cUxPbmRzbXFSZ1haLW9jRUg0V0FMd3Qwd0psV19mR1lmUldWcnZ3c2dUbVViMlVMM25RR3JzLTZKOUJPY205cENIeUQ4SHgwNE5penZOclRsaGJOUUptVWtHOVlUVHNqeFNNS3RMX05sVHNxUXdiYWpWUTQ3QjFudW1LZW5aVnJsT0pONG4zQlhzdE1Hd2VpUnhSM2hJV3phbkwzSzBPZjRwQW1IdHI3bi1yUGY0V2IwRnE2STFzZmoxQmxadkhWcVpHczhzLXBFUGtaUmhTX0ZiT1g0X1NlMDEwLV9SVlNFWDBsWHc?oc=5,,"¿Cómo quedará? Por etapas, rehabilitan Casa de Cultura de Madero para convertirla en nuevo centro cultural
El proyecto avanza por etapas y contempla abrir espacios para talleres de múltiples disciplinas en los próximos meses
Juan Hernández
Proyecto cultural de Ciudad Madero se realiza en etapas para mayor impacto
“Esperamos que el primer semestre se presente el proyecto, para que antes de que cierre el año ya abrir las puertas de perdido para el tema de las áreas donde se van a dar los cursos y talleres”, expresó.
El regidor subrayó que el nuevo Centro Cultural Ciudad Madero contará con espacios adecuados para albergar disciplinas artísticas, con el beneficio a un mayor número de ciudadanos.
Detalló que las áreas destinadas a talleres serán lo suficientemente grandes para recibir a decenas de participantes.
“En el tema de los cursos y talleres también son áreas muy grandes y yo creo que vamos a tener espacio hasta para tener ahí por cubículo hasta 50, 60 personas”, puntualizó.
Teatro, una de las últimas etapas del proyecto cultural de Ciudad Madero
Asimismo, informó que el teatro será una de las últimas fases de la remodelación, ya que requiere una inversión y adecuaciones más específicas, como la instalación de butacas y mejoras estructurales.
“Se va a dejar para el último, se van a poner también butacas, no te puedo decir una cifra exacta”, comentó.",GOOGLE_NEWS_RSS
Tampico le dice alto a las motos sin papeles; 53 fueron retiradas en tres meses - oem.com.mx,2026-04-11 18:43,2026-04-11T18:43:03+00:00,oem.com.mx,,https://oem.com.mx/elsoldetampico/local/tampico-le-dice-alto-a-las-motos-sin-papeles-53-fueron-retiradas-en-tres-meses-29439752,https://news.google.com/rss/articles/CBMixgFBVV95cUxNOWRnWTZ2b19wQTdxd3FLRlliOGw1RnM2NkR2YjFSMVFLVldaUTQxUmJDR2t2RGE4dHMxaXFKZ2VoUHYtZGU1a3FCaFJYY0dfWXB6WTRvX1c5c0lhUTcxeGx6TzV4V1pvSWhWS1VXd2Q5Z1NrMG5OSDVpeldpTFNaMnN6TGlPMUNXWU4yS2pFeEtMNHdyUUl3Skh6OHNxYmxNNlVzU2VaNWx4REwxY2gyZG1wQVNGZzZONG1qa3gxWE50ajZCLVE?oc=5,,"Tampico le dice alto a las motos sin papeles; 53 fueron retiradas en tres meses
Con al menos 22 mil unidades, las motocicletas representan 15% del padrón vehícular del municipio
Adolfo Ruiz Nuñez
Indicó que en las actividades únicamente participa la Dirección de Tránsito y Vialidad del municipio.
Operativos contra motos sin papeles se aplican de forma permanente en Tampico
Resaltó que esta actividad se ha aplicado de forma permanente desde inicio de año y su finalidad es mantener a la zona conurbada como una de las más seguras a nivel nacional.
“Las motos que circulan en nuestro municipio deben estar debidamente verificadas y autenticadas en la documentación y estamos en ese camino de seguir abonando”, sostuvo.
Además de la revisión, confirmó que planean reintegrar acciones como ofrecer cascos gratis en caso de necesitarlos.
“Vamos a seguir con ese impulso. Retomaremos ofrecer los cascos de manera gratuita a quienes no lo porten para seguir abonando a la seguridad vial de nuestro municipio”, compartió.
Anteriormente y de forma esporádica, los operativos lograron retener al menos 13 unidades en puntos de la ciudad.
Motos representan 15% del padrón vehicular en Tampico
El jefe de la fiscal de Tampico, Fernando Manzur, señaló que este número representa 15% del total de unidades adscritas, donde se incluyen motonetas, cuatrimotos y variantes.",GOOGLE_NEWS_RSS
¡Llueve el dinero en Tampico! Cae otro premio mayor… y ya van cuatro en el año - oem.com.mx,2026-04-11 17:36,2026-04-11T17:36:13+00:00,oem.com.mx,,https://oem.com.mx/elsoldetampico/tendencias/llueve-el-dinero-en-tampico-cae-otro-premio-mayor-y-ya-van-cuatro-en-el-ano-29437614,https://news.google.com/rss/articles/CBMiyAFBVV95cUxNZ0p2TU81NXVCQWVySkdhQXpyanNOamtob2NGZk9vT2o4R0xiZkZVOUhfLW5lNmYxRWdtcHJPVW1iMmlLajl6Z1h2TkhVUnIwTlI4WEVYbHlJaTM2aGM2S2gzQ1NVVUpXS2RFRDdWYTlYMk9hYU1Bb05zUHZIcGJvcVRwNTQ5clp1VEwtdDJSaWZ3Zmh0WWl3ZWRvbzN2UnVvVHo0QUlsZkw3aUdJOVBxYkpWZklPSDFkOUp0N0lFb0pXMFBWSlUtTw?oc=5,,"¡Llueve el dinero en Tampico! Cae otro premio mayor… y ya van cuatro en el año
Más de ocho millones de pesos cayeron otra vez en territorio jaibo; es el municipio con más suerte en Tamaulipas
Adolfo Ruiz Nuñez
“Ocho millones quinientos mil pesos. Fue remitido para su venta en su Serie 1, a la Agencia Expendedora en Tampico, Tamaulipas, ¡Felicidades!”, compartió la Lotenal en la lista de ganadores del Sorteo Superior.
El número ganador fue el 47561, vendido en uno de los 157 expendios que dispone la ciudad de los juanchos y las jaibas, en el sorteo que se juega cada viernes y cuesta 40 pesos por unidad.
Así se repartió el premio en Tampico; esto se pudo llevar el ganador
La bolsa completa fue de 17 millones de pesos, divididos en dos series; la otra parte del premio fue entregada a través de canales electrónicos.
El boleto, que en esta ocasión contó con un diseño especial en conmemoración al Centenario de las Escuelas Rurales, confirma una buena racha de suerte en la zona sur de Tamaulipas.
Tampico, ¿la ciudad de la suerte en Tamaulipas?
La fiebre de los cachitos crece en Tampico; los cuatro premios han sido en un lapso de cuatro meses.
Desde el 31 de diciembre, han llegado al puerto jaibo recompensas desde 400 mil pesos hasta los ocho millones, con lo que es el municipio con más ganadores en Tamaulipas este año.
Apenas hace dos meses, el 4 de febrero, la Lotenal reveló que Tampico se llevó el premio mayor, con siete millones para la zona sur.",GOOGLE_NEWS_RSS
"Se disparan violencia familiar y robo a casas en Tampico, Madero y Altamira - Milenio",2026-04-11 17:35,2026-04-11T17:35:40+00:00,Milenio,,https://www.milenio.com/comunidad/aumenta-violencia-familiar-robo-casas-tampico-madero-altamira,https://news.google.com/rss/articles/CBMimwFBVV95cUxQQ0dSeFIzejl4ZUhncE5tOUEwTTNVd09mSzRwNVREVmd5VmFBWEttc2NDdXpWZDBieG5FN3J1U0FTMjZtWEZKdVNfNlc3UURwMTdhWGRjUEpJSG5KdFpOc0ZrNWJWNldWb1FkeUF6aEdlajB4V3dPQjZjR3R6MXFFMXlneFhSb1VxakJaSnFwNGFRcFpLWVlXVHRPQdIBmwFBVV95cUxPdnVKbVdSb19Qc1VQQmJNTXpzY19iVXdBd0JmTWs4dzNJYXIzd0NvUWZGVWQ1WEU4X0o3Wm8zRXhYOUFHVkJ3RkZic1VSR09kOVBabDd3NUJJZDNxRTF1VXJHTVJYNlJEVWRkd0ttcWJDeno3cnEycHY0VVNRbkZxWjg0M3JlbUgxS0JLVnEzZzVGWV9wcXYzX29IUQ?oc=5,,"En Tampico, Ciudad Madero y Altamira aumentó el robo a casa habitación durante el mes de marzo y se dispararon las carpetas de investigación por el delito de violencia familiar, además de que se mantienen los homicidios dolosos en comparación con un mes anterior.
Detalló el reporte del Observatorio Ciudadano de la Zona Sur que el robo de casa habitación pasó de 4 carpetas de investigación en febrero a 7 denuncias en marzo, que fue uno de los delitos que tuvo un aumento considerable.
Asimismo, uno de los delitos que tienen toda la atención de las autoridades municipales como lo es la violencia familiar, de 140 pasó a 170 carpetas de investigación de febrero a marzo 2026, que en la comparativa del primer trimestre, ya tiene un aumento en comparación con 2025.
Uno de los delitos que se ha mantenido en la conurbación es el homicidio doloso con 3 carpetas de investigación en febrero y marzo del año en curso, que es la privación intencionada de la vida a otra persona.
Otro de los delitos que preocupan a los empresarios es el robo a negocios, el cual tuvo una leve disminución. En febrero hubo 28 carpetas de investigación y 25 en marzo.
Una de las estrategias de las autoridades de la Guardia Estatal (GE) es poder aumentar los recorridos de vigilancia en las colonias de los tres municipios, con el objetivo de evitar que crezca la incidencia de este tipo de delitos.
En el mes de abril, al ser uno de los meses en los cuales se presentan las vacaciones de Semana Santa, hay un reforzamiento en la seguridad y eso representa un incremento en los recorridos de las autoridades de seguridad pública, ya que históricamente es un periodo en el cual aumentan esos delitos.
Las autoridades municipales, en el caso de Tampico, desde el año pasado iniciaron con visitas a las colonias con la finalidad de poder llevar pláticas enfocadas a disminuir el delito de violencia familiar.
Dicha estrategia tiene que ver con el fomento a la denuncia en este tipo de delitos, con el objetivo de que disminuya en las colonias donde existe una mayor incidencia, que son aproximadamente diez, de acuerdo a Prevención del Delito.
En los foros participan instancias como la Guardia Estatal, el personal de la Fiscalía Especializada en la Investigación de Delitos contra Niñas, Niños y Adolescentes y Delitos contra las Mujeres (Fennam), Instituto de la Mujer, Derechos Humanos, entre otras.
yc",GOOGLE_NEWS_RSS
El costo de vivir en Tampico se dispara y empuja a familias a nuevas colonias - Milenio,2026-04-11 16:28,2026-04-11T16:28:45+00:00,Milenio,,https://www.milenio.com/comunidad/rentas-tampico-2026-zonas-caras-baratas,https://news.google.com/rss/articles/CBMifkFVX3lxTE5OUmRxV1JqdHdMZTNmTGFCQk5CUVZrQVRGMWZ3eDdVd09jdVlUeWo2Y3p1ZTRhR1ZfQWRRa0gxVEVaMlpzRTczd0NuZ2ZramFuN2ZyVGFYUVZLdi1rSlhzcmZLSEtKQTFhT1ZVSlVfMUthbEdFamRzT3FfQ1ZtUdIBfkFVX3lxTE9Ybm5YZ2staFVoYm5QTFo4cWdXd3ZVT3dlbUc4cF85cERfWUNtZmtGNU1DYk1jU0tuZ0RwTGVtZGcxQ3lmOTIxN0E0VHh6NXRmczd5M0ZMVDdqakg2XzhmaDM2ajZhdkRiYUthbWRWNHZELUhxYzhJZXNUR2Fsdw?oc=5,,"El aumento constante en las rentas del sur de Tamaulipas está cambiando la forma en la que las familias eligen donde vivir. Lo que antes era aspiracional, como la mítica zona dorada de Tampico hoy resulta cada vez más inaccesible obligando a muchos a migrar hacia colonias nacientes en busca de precios más bajos.
De acuerdo con Pamela Ayala, directora de Aza Inmobiliaria, platicó a MILENIO que el alza ha sido constante y significativa en los últimos años.
“La realidad es que se ha disparado mucho los precios de renta en los últimos años hasta un 20 o 30% y esto ha hecho que se reajuste a todas las colonias”, explicó.
Vivir en la zona dorada de Tampico, cada vez más difícil
Colonias como Petrolera o Lomas de Rosales siguen siendo de las más buscadas, pero también de las más caras, incluso con viviendas que ya no son nuevas.
“La gente busca siempre en la zona dorada, Petrolera, Lomas, etc. Y los precios, la verdad están más altos y las casas son más antiguas”, señaló.
Actualmente encontrar una casa en renta por debajo de los 20 mil pesos en estas zonas es cada vez más complicado.
“Cuando uno busca una casa, la verdad es que está muy difícil conseguirlas abajo de 20 mil pesos y normalmente ya tienen algunos años”.
Nuevas colonias en el sur de Tamaulipas toman fuerza
Ante este panorama, colonias cercanas al centro y hacia el sur de Tampico comienzan a posicionarse como alternativas más viables para las familias.
“Para mí una muy buena opción son las colonias que están por ejemplo hacia el sur, hacia la zona centro, como la Campbell, la Altavista, la Smith, Lauro Aguirre. Yo creo que van a tener un gran potencial”, indicó.
Estas zonas, aunque más antiguas, están viviendo una especie de renacimiento urbano.
“Cada vez hay más comercio, hay más negocios y las rentas todavía no están tan altas”.
Rentas más caras, menos opciones “baratas”
El problema, advierte la especialista inmobiliaria, es que cada vez hay menos opciones realmente económicas.
“La verdad es que casi no hay zonas baratas. Todo ha subido mucho de precio, donde hay mucha gente buscando, hay poca oferta”, afirmó.
Aun así, el centro de Tampico sigue siendo una alternativa funcional para quienes buscan ahorrar.
“En la zona centro, la verdad está muy bien porque tienes todos los servicios ahí caminando... no necesitas ni siquiera de un vehículo”.
La diferencia sí pesa en el bolsillo
Aunque las viviendas pueden ser similares, el costo cambia considerablemente dependiendo de la zona.
“Yo creo que han de ser unos 8 mil y 10 mil pesos la diferencia. Una casa que te cuesta 15 mil en una zona versus 25 mil en la zona dorada y puede ser una casa muy similar”, detalló.
Esta tendencia no parece detenerse.
“Mientras el mercado pague, las rentas van a seguir subiendo”.
Vivir cerca del mar, un lujo para pocos
En contraste, las zonas cercanas a Playa Miramar se mantienen como un mercado aparte, con precios mucho más elevados.
“Los departamentos de Velamar andan alrededor de 45 mil pesos. Las casas en Velamar, por ejemplo, rondan los 60 y 65 mil pesos mensuales”.
Este tipo de propiedades está dirigido principalmente a un perfil específico.
“Uno, el que tiene su casa aquí en Tampico. Dos, los foráneos o tres, hay mucha gente, matrimonios solos que ya su casa es grande y se mudan a esta opción”.
Altamira crece y también sube de precio
Mientras tanto, Altamira se perfila como una ciudad en expansión, impulsada por nuevas inversiones y mayor actividad económica.
“Altamira también ha subido mucho de precio... Muchísima gente se está quedando en Altamira y mudando porque hay mucha cresta comercial ya”.
El crecimiento ha sido tal que cada vez más negocios replican su presencia en esta zona.
Un mercado que empuja a cambiar de zona
El encarecimiento de la vivienda en el sur de Tamaulipas está reconfigurando el mapa urbano, mientras la zona dorada se vuelve exclusiva para pocos, nuevas colonias comienzan a llenarse de familias que buscan mantener su calidad de vida sin salirse de su presupuesto.
Porque hoy más que elegir dónde vivir, la decisión pasa por donde todavía alcanza.
JETL",GOOGLE_NEWS_RSS
Tampico - oem.com.mx,2026-04-11 15:57,2026-04-11T15:57:49+00:00,oem.com.mx,,https://oem.com.mx/elsoldetampico/tags/temas/tampico?page=316,https://news.google.com/rss/articles/CBMibkFVX3lxTFBjS3MtWUdxUzZTeVJZUjJ3X1pHNGNfSlRkU2FhdmFLYzFNd1o4ZkxVb2I4cnNfVGVyejdMOVV4ZXhka3JJOUd1OGFhNXFFVGxLV1NfRkhZREd1em1YUml6UU1WcHFhSlJVaDJMclp3?oc=5,,"26 de diciembre de 2024Hombres en Tampico piden ayuda por violencia doméstica al Instituto de la Mujer
26 de diciembre de 2024¿Nuevo frente frío en camino? Así el pronóstico para los últimos días del año en Tampico
25 de diciembre de 2024Spider-Man y su equipo ‘salvan’ la Navidad de decenas de niños en Tampico [Fotos]
25 de diciembre de 2024Obtiene alumna del CETis 109 medalla de oro en certamen internacional de tecnología
24 de diciembre de 2024Navidad de paz, unidad y esperanza: los deseos de la alcaldesa Mónica Villarreal para Tampico",GOOGLE_NEWS_RSS
Tampico - oem.com.mx,2026-04-11 15:50,2026-04-11T15:50:35+00:00,oem.com.mx,,https://oem.com.mx/elsoldetampico/tags/temas/tampico?page=1085,https://news.google.com/rss/articles/CBMib0FVX3lxTE5IUXNDQ1BieFcyRjRJT2xUUkJWLUNDeDZPdHpMRXNHUktwbkNLbHlfNUl3dk1OOWt0eVZ3V1JqWVZ4RjRUb0VSajRSUHVfdk5ucXplSmMyR2FQeXVFMU83c08ycHpLeWtfZjQ3aEk3WQ?oc=5,,"6 de diciembre de 2020Llaman a la ‘paciencia’ en la aplicación de la vacuna contra la influenza en Tampico
MÉXICOTEPJF confirma reducción presupuestal del 35 por ciento a Tribunal de Morelos para ejercicio 2026",GOOGLE_NEWS_RSS
La Grilla - Milenio,2026-04-11 10:14,2026-04-11T10:14:00+00:00,Milenio,,https://www.milenio.com/opinion/editoriales/se-dice-en-la-grilla-tamaulipas/la-grilla_1126,https://news.google.com/rss/articles/CBMilAFBVV95cUxOSV9XdkVPUzh0QmFZaElWNG1hSmh5OUhIM1hZVDdXOE9TVFhCNEFaV0ZZUlA3TmJiYmxUODZWekxlQklZbTlGZXpmLWI1SnhHWlVnMWhTZmVJejZHSENxRGEzbi1rUFpCajUtR2RNUnFYcF9mQmFDejJDQ2xQQ1dNaS1LMWFOM1daekpTVnB3YUxEa1Ff0gGUAUFVX3lxTE90UEVaMW1VUjUyS1FicU9CSG55SjNzdmZSVURsMWpkV2tCMWs2V19EWkV5b2p1OXJpZXVGaWdSYTdmQXhoaFJDQVJtOEtfT3V6dllfOW9pOVV2LTdpZkN4dzAwVGRvZUw5Z3VBbWY5NFpVM29oaUlIckVWQjlWVE1hY2E2dTl6cWFKMlVYQzdHM0VGVGI?oc=5,,"Que este domingo será la celebración del 203 aniversario de la repoblación de Tampico, con la tradicional caminata desde el monumento a los Fundadores hasta la Presidencia, un evento en el cual los Cabildos de Tampico y Altamira se hermanan entre ciudades y en el cual esperan la presencia del gobernador Américo Villarreal Anaya para darle realce a la fiesta.
Que se viene la inauguración del Hospital del ISSSTE en Tampico, pero no será en abril sino a mitad de mayo, así que, a un mes de la entrega que estará a cargo de la presidenta Claudia Sheinbaum, será por etapas, ya que solo estarán disponibles algunas áreas de atención especial. Por lo pronto, comenzaron a realizar labores al exterior relacionadas con la vialidad.
Que el coordinador del IMSS Bienestar, Marggid Avendaño, realizó el pasado miércoles una visita sorpresa al Hospital Carlos Canseco de Tampico y al Psiquiátrico, donde dialogó con sus directores y el personal, y recorrió las instalaciones. Eso sí, en el Canseco, al ver al funcionario, no pocos se pusieron nerviosos.
Que este viernes, en la Expo Tampico, se reunió la alcaldesa Mónica Villarreal con los ediles morenistas, entre ellos la del Verde y el del PT, que cayó de sorpresa al encuentro. La petición a los ediles es que se pongan a trabajar y que cumplan el compromiso con la 4T, que acudan a las sesiones de Cabildo, porque hay quienes ni a los eventos de pavimentación de calles van.
Que la aprobación del financiamiento para el Ayuntamiento de Reynosa abre un debate político sobre la urgencia de atender rezagos urbanos frente a los riesgos de endeudamiento público. Si bien la administración de Carlos Peña planea infraestructura prioritaria, el hecho de que el crédito haya sido avalado de manera expedita deja sin espacio el análisis técnico.
Que llamó la atención que nadie en el Partido Acción Nacional hizo eco de las declaraciones de Vicente Verástegui, ni para bien ni para mal. ¿Tan entumidos están los panistas que nadie dice nada? En esas condiciones, difícilmente se van a motivar para ir a una elección interna en busca de un equilibrio de fuerzas.",GOOGLE_NEWS_RSS
Tampico es lo azul - Milenio,2026-04-11 08:18,2026-04-11T08:18:19+00:00,Milenio,,https://www.milenio.com/opinion/laura-olivia-hernandez/taller-sie7e/tampico-es-lo-azul,https://news.google.com/rss/articles/CBMijwFBVV95cUxNN1NEazlyVlQ0UEFKM2pFQ2ZrUTJGMHB0MFVMOTJaTEFwZlFFM2VsbHdtbFJUMUd2Y1YyQkxNaXBmWG82Rm9DTE16S2h3ZTE0NTFVa0E3TXhGUldmYmdONl80RVJGWGFnMV9GZWNvMUxSSzBfZVhnRzByQ3l4cy1vNmt1NjE1cFpMVkx0OVdKTdIBjwFBVV95cUxPY1dyZU4zTHdVSjZSZE9Ta3YyMDZTWVRPeXJjTGFXbUQ0aDF0eTZidHIybkpLUFhGU1VfSmVpNk5NUnNYM1JHMXAydDZwNkFxd1ZRVFlwc3BtOHZidFR1YjN4ZXpsLUN0djRVejdSLTNpdnpHNU11Wjk4bHMxTGpPM0ZLTVFmZV9TMl9UMkxXbw?oc=5,,"¿Hay que conocer la historia para amar la tierra? En las raíces de nuestro embarcadero van prendidas como esporas miles de anécdotas, cada corazón porteño, sabe cómo llegó su familia a este puerto.
Sin duda, muchos coinciden con en el momento del auge petrolero, cuando devastados por la revolución mexicana, de muchas regiones, vienen a establecerse en Tampico.
Las fuentes documentales nos hablan de vestigios prehispánicos en la zona, sabemos que eran aguerridos, los huastecos y chichimecas, porque había una región llamada “Banda de Guerra” donde se llevaron fuertes enfrentamientos entre nativos y españoles, defendieron su estirpe, algunos prefirieron morir que vivir esclavos, tampoco deseaban ni el vasallaje ni la sumisión.
¿Habrá alguien que lo desee?
Hubo un tiempo que la editorial de Miguel Ángel Porrúa, le editaba libros al Ayuntamiento, principalmente los premios de Literatura: Efraín Huerta y Rafael Ramírez Heredia. Hoy, vagan en el imaginario colectivo.
Por fortuna también editaron el Libro “Tampico es lo Azul”, del padre Carlos González Salas, cronista de la ciudad por años y maestro que sembró el espíritu aventurero, de rastrear la historia de la Patria chica.
Es un libro para consultar, se pueden leer sus capítulos aisladamente y encontrará vidas de personajes muy cercanos, el desarrollo del comercio, de los sindicatos. Va desde un tiempo inmemorial hasta los años ochenta.
En fotografías se ve cómo eran algunos edificios: La Iglesia Catedral lucía torres desiguales, no existía el mural estilo bizantino en su frontispicio. Al pasar las páginas, va a comparar un antes y después tanto en lo gráfico como en sus crónicas. Plantea preguntas aún sin resolver ¿Qué se hará con el ex Hospital Civil?
El 12 de abril es un encuentro festivo entre altamirenses y tampiqueños, celebramos a nuestra ciudad, a sus hijos notables como la Historiadora María Luisa Herrera que recibirá la medalla Fray Andrés de Olmos, tampiqueña que ha dedicado su vida al estudio de la Huasteca, de la Tercera Raíz.
Por sus aportaciones, ha recibido distinciones en Veracruz, Oaxaca, Monterrey. ¡Felicidades! Lectores festejemos como si fuéramos al mar, salpiquemos con el murmullo de la brisa y el agua a raudales, el origen de nuestro querido Tampico.
Carpe Diem.",GOOGLE_NEWS_RSS
La última de la jauría busca hogar: así rehabilitan en León a la única perrita que sobrevive tras el ataque qu - Milenio,2026-04-11 08:12,2026-04-11T08:12:00+00:00,Milenio,,https://www.milenio.com/estados/rehabilitan-perrita-de-jauria-que-ataco-a-borregos-del-zoo-de-leon,https://news.google.com/rss/articles/CBMinwFBVV95cUxQYl9GMGRwZlZYal9xNF81R0l1UHdMMmpuTzM3dUd0akRYNThSVUVaT0FJOW4zV01ON2YyR1ZoSmxnOTdhanlwWENsdWxiazI1M1JnTGNPTVBQWkpIU3lnR0lZSHpiZ3lRRkllUHZSSk1xLUtsV2ZTNjQtY3FTdWRtWnh1dGlqZ1hZQllFWEw1WkRodnlYdXUtUzdOVlIwN1HSAZ8BQVVfeXFMUDZKellraWNwVEhXN0lKTHFNM05lNFc3bWV0TGZiSmxBOHRNR2hEb096eDhqaEhpWUk3LTQwM2NRbHBBUTc1WU1PYjd1X25GMzVGSzktZlpoWTFDOWdocVVpNXM1QmJ2QjAtblFfMFJIb0hKUVVNZ2tJZDM5eXVTeUxaLWxxUDhSX2lPXzFBWlZ5R2oyQVoxVkpTVF9ZT1dZ?oc=5,,"La madrugada del 2 de diciembre de 2025, el silencio del área de muflones en el Zoológico de León se rompió con un ataque que marcó uno de los episodios que más impactó en este lugar.
Una jauría de 12 perros atacó y mató a 24 borregos muflones; solo cuatro canes fueron asegurados y quedaron en custodia en el Centro de Control y Bienestar Animal.
De los cuatro canes que fueron atrapados por el presunto “borreguicidio”, tres murieron y solo uno sigue con vida. Se trata de una hembra adulta que presenta un cuadro de nerviosismo y rasgos de agresividad, por lo que sigue en un proceso de observación y, si logra su rehabilitación, podría ser dada en adopción.
La médica veterinaria encargada del Centro de Control y Bienestar Animal, a la que MILENIO entrevistó, Silvia Soriano Treviño, comentó que esta hembra adulta llegó enferma, pero logró recuperarse tras un tratamiento prolongado.
“La perrita que tenemos es una perrita adulta, también llegó enferma. Se llevó al hospital, estuvo en tratamiento, duró como un mes. Y nos la regresaron, ya está vacunada y todo, pero aquí la tenemos todavía”.
A casi cinco meses de haber llegado al Centro de Control, la hembra criolla, la cual no tiene nombre, permanece aislada del resto de la población canina y sigue bajo observación conductual debido a su temperamento; la veterinaria dice que “posiblemente, es una perrita un poquito nerviosa”.
Al preguntarle por qué puede estar presentando este comportamiento, asegura que puede derivarse de que nunca tuvo contacto con humanos.
“A pesar de que hemos hecho muchos esfuerzos para que ella trate de confiar otra vez en el ser humano, al parecer es una perrita que nació en situación de calle, nunca tuvo contacto con el humano”.
Ante este escenario, el proceso de rehabilitación continúa con el objetivo de evaluar si puede ser adoptada.
“Vamos a tratar de rehabilitarla para poderla dar en adopción”.
Carpeta de investigación sigue abierta en Fiscalía
Incluso, luego del ataque de esta jauría, que dejó sin vida a 24 borregos muflones, la Fiscalía General del Estado (FGE) inició una investigación sobre lo ocurrido; un médico veterinario de la institución realizó un dictamen sobre la causa de muerte y concluyó que los canes sí atacaron y mataron a los borregos.
“Uno de ellos —perros— aún tenía sangre de los borregos en sus dientes”, se confirmó en aquel momento a MILENIO.
En la investigación que realizó la Fiscalía estatal, se descubrió que la jaula en la que se encontraban los borregos muflones era de una estructura metálica con malla que estaba en buen estado, por lo que también se investigaba cómo y por dónde lograron entrar los canes que atacaron a los borregos.
La Fiscalía General del Estado, al carecer de atribuciones sobre lo que iba a proceder con los cuatro canes, dejó como facultad del Centro de Control y Bienestar Animal, que forma parte de la Dirección de Salud municipal, determinar el futuro de los perros, por lo que aún siguen atendiendo a la hembra.
Los cuatro canes fueron asegurados y detenidos tras el “borreguicidio” en el estacionamiento del Zoológico de León; el resto se dio a la fuga. Tras este hecho, se informó que no era la primera vez que ingresaban y atacaban a las especies en sus hábitats.
Canes agresivos son aislados
El Centro de Control y Bienestar Animal mantiene protocolos específicos para perros con conductas agresivas o con antecedentes de ataque; los canes permanecen aislados para evitar riesgos con otros ejemplares y con el personal.
“Sí, los traemos aquí y los tenemos aparte, porque al ser potencialmente agresivos pueden causar un accidente entre otros perros”, explicó Silvia Soriano Treviño.
Y detalló: “Tenemos unas jaulas individuales donde los protegen del clima, lluvia, sol, frío; ahí los ponemos aislados”.
Posteriormente, se evalúa su estado físico y temperamento para determinar si son aptos para adopción.
“Los valora todo el equipo responsable, el encargado es el equipo veterinario. Primero que estén sanos, que tengan una buena actitud, que no sean agresivos, que no sean miedosos”.
Solo un can sobrevive tras ataque a borregos
De los cuatro perros presuntos “borreguicidas”, había un macho y tres hembras; luego de su captura se determinó que presentaban algunas enfermedades, pero en ese momento no eran consideradas graves, aunque sí mostraban conductas agresivas, por lo que fueron puestos bajo resguardo mientras se determinaba su destino. Sin embargo, con el paso del tiempo se redujo a un solo ejemplar.
El deceso de los canes se registró en enero; presentaban desorientación, presencia de ectoparásitos visibles, prurito generalizado y cuadros de diarrea asociados a parásitos gastrointestinales, por lo que se determinó su aislamiento y atención médica inmediata.
Soriano Treviño explicó que los tres canes que murieron estaban clasificados como cachorros, los cuales permanecieron hospitalizados durante varias semanas, pero su condición de perros callejeros influyó en su deterioro.
Llegaron con defensas bajas, sin vacunas ni cuidados básicos, lo que complicó su recuperación.
“Es que venían de ser perritos callejeros, nacieron en situación de calle. Muchas veces ya tienen enfermedades desde que están en la mamá y gestación. También, al nacer en la calle, pues son perritos que no están inmunizados, no están desparasitados, no sabemos qué coman. Entonces, pues todos esos son factores para que sus defensas estén bajas”. Esta situación, común en perros ferales, redujo sus probabilidades de sobrevivir pese a la atención veterinaria.
El ataque que marcó al Zoológico de León
Tras este hecho, MILENIO hizo un recorrido en las inmediaciones del Zoológico de León, donde detectó y publicó el 13 de diciembre que la malla perimetral de 1.50 metros de altura estaba parcialmente caída y sostenida apenas por troncos secos, oxidados y con huecos por donde podía pasar una persona; eso era lo que lo delimitaba en su colindancia con la presa Echeveste.
Una zona vulnerable, porque ahí se encuentran especies en semilibertad como jirafas, cebras, antílopes, avestruces y hienas, lo que incrementaba el riesgo. Vecinos incluso señalaron que los animales del safari se habían escapado en diversas ocasiones debido a la deficiente seguridad perimetral.
Luego, la Procuraduría Federal de Protección al Ambiente (PROFEPA) realizó una inspección, donde detectó irregularidades y ordenó la clausura temporal del zoológico, además de contar con 10 días para aplicar medidas correctivas urgentes.
Entre las acciones solicitadas se incluyeron reforzar el perímetro para evitar el ingreso de animales externos, adecuar el hábitat de los lobos canadienses y colocar vallas adicionales en el área del safari. Estas observaciones derivaron en un expediente administrativo y en trabajos de rehabilitación del parque, con el objetivo de garantizar la seguridad de las especies y de los visitantes.
Ataques de jaurías: un fenómeno recurrente
El caso del Zoológico de León no es aislado. En México se han documentado otros ataques de jaurías a animales resguardados en parques y reservas, generalmente durante la madrugada y aprovechando fallas en la seguridad perimetral.
Uno de los antecedentes ocurrió en febrero de 2019 en el Zoológico Miguel Álvarez del Toro, en Tuxtla Gutiérrez, Chiapas, donde perros callejeros ingresaron a la reserva El Zapotal y atacaron a ocho venados cola blanca, seis hembras, un macho y una cría. Los animales fueron encontrados con heridas de mordeduras en zonas vitales y la investigación determinó que los canes accedieron a través de un agujero en la malla perimetral del recinto.
Otro caso se registró en junio de 2022 en el Volcanic Park, en Chalchicomula de Sesma, Puebla, donde una jauría provocó la muerte de 32 venados.
En ese hecho, las autoridades determinaron que un exempleado del parque liberó intencionalmente a los perros como venganza tras ser despedido, lo que derivó en un caso de crueldad animal que terminó con una sentencia judicial. Los animales murieron por múltiples mordeduras, lo que evidenció la capacidad de las jaurías para actuar coordinadamente y causar daños masivos en poco tiempo.
Incluso, el propio Zoológico de León ya había registrado un incidente similar en febrero de 2017, cuando perros de gran tamaño ingresaron al área de aves y provocaron la muerte de dos avestruces y un emú debido a las heridas sufridas durante el ataque. Este antecedente evidenció desde entonces la necesidad de reforzar la seguridad perimetral del parque, aunque años después se repitió el ingreso de animales externos con consecuencias mayores.
Estos episodios comparten características similares: ataques nocturnos, ingreso por mallas dañadas o vulnerables, perros ferales que actúan en manada y víctimas herbívoras o de fácil acceso. Los canes suelen morder cuello, patas y abdomen, lo que provoca hemorragias y muerte en cuestión de minutos. Además, al tratarse de animales sin contacto humano, presentan comportamientos más agresivos y difíciles de controlar.
Mientras tanto, la última integrante de la jauría que atacó a los muflones permanece en observación. Nerviosa, temerosa y aún con conductas que requieren evaluación, la hembra continúa bajo resguardo mientras especialistas intentan rehabilitarla. Su futuro dependerá de si logra adaptarse al contacto humano y demostrar que puede convivir sin representar un riesgo. De lograrlo, podría tener una segunda oportunidad y pasar de formar parte de una jauría mortal a encontrar un hogar.
AH",GOOGLE_NEWS_RSS
"""De cada 10, tres tienen problemas de alcohol"": empresas buscan ayuda de expertos en psicología y adicciones p - Milenio",2026-04-11 08:10,2026-04-11T08:10:00+00:00,Milenio,,https://www.milenio.com/estados/estres-laboral-en-tamaulipas-eleva-consumo-de-alcohol-en-trabajadores,https://news.google.com/rss/articles/CBMiowFBVV95cUxPT0FILTgwLWg0bTBSNGRnNy1UZlVrTFlGdTNwU2VqZFNaUnRBc1kzdHNaa1ZEb0RQV1dYLW1ZdnNJMlBzMk5ZejJNbXRtTEVVZDFmM3lsZFRJZnh5T20ySWdCMVBWeENYVWhQc2wybzZNRmt4dVhNYmowT0RoOGZ3THc0SV9XVHpHaVY3dE4wTVZ4TzFMOE54VGZEcDZmOEJjVXJz0gGjAUFVX3lxTE1KeUhfZUNuQ3QySjA2bGpSclRPTm1aeHVoOXlJUkNRSHhOanc1VWU3ZzJkTDJZWGNrNGhHVEJOY2lNQWFqQUdvRVUzdFRlWUdXOWpmYlB0WG53WG1MaEdYZWdpNGF3dEg5SF9nVXNvQm4zY2szSVlYTE1GeG9WZ1lXcXVET3Z1ZVhTOWNjcFk0QkU4OGpwVEtSMjdJUV9tdWREVnM?oc=5,,"El estrés y la ansiedad son afecciones emocionales que son el pan de cada día para diversos rangos de edad y son más comunes en estudiantes, de acuerdo con los especialistas en psicología. Sin embargo, en los últimos años es una tendencia que ha impactado a la base trabajadora y eso ha ocasionado que empresas pidan ayuda al detectar el excesivo consumo de sustancias, principalmente el alcohol.
Cuando un trabajador llega a un estado de agotamiento físico, mental y emocional, se le conoce como “síndrome del trabajador quemado”, que en zonas como Tampico, Ciudad Madero y Altamira, en la zona sur de Tamaulipas, se está volviendo común, al menos desde 2025 y 2026, refirió a MILENIO Jorge Ávalos Castelán, director del Centro de Integración Juvenil (CIJ) de Tampico.
Consumo de alcohol ligado al fenómeno laboral
Una de las principales consecuencias de este fenómeno está relacionada con el aumento del consumo de algunas sustancias y ciertas conductas que disminuyen la productividad; es aquí como se pueden detectar “las referencias de las empresas respecto a los trabajadores, que están enfocadas en el consumo de alcohol, en donde se dispara el consumo y se lleva el apoyo en este sentido a través del CIJ”.
Las estadísticas del Centro de Integración refieren que, a nivel general, de acuerdo con la atención de la ciudadanía en general, el alcohol está en segundo lugar de consumo. “Así que podemos decir que de cada 10 trabajadores, 3 tendrían problemas de consumo de alcohol, así que el restante 70% tendría consumo social que le podría generar alguna consecuencia”, explicó.
El doctor en psicología y catedrático de la Universidad Autónoma de Tamaulipas (UAT) refiere que las afectaciones emocionales, al igual que en otros sectores de la población como los niños o los jóvenes, han tenido algunas problemáticas relacionadas con la ansiedad, el estrés y hasta la depresión, pero también han alcanzado a personas en edades 100 por ciento productivas, es decir, que ya tienen la responsabilidad de una familia.
Altos niveles de estrés laboral
“En lo que se refiere a la salud mental estamos teniendo demasiada respuesta de identificación, porque nosotros nos apoyamos en instrumentos de evaluación, así que nuestros rangos y niveles de estrés están altos en la población trabajadora; así que estamos hablando, por ejemplo, de que en la escala de 10, entre seis o siete tienen síntomas de estrés laboral”, explicó.
De alguna forma, las empresas han logrado detectar dichas situaciones en sus empleados, en rangos de 20 años a más de 40 años, tal vez relacionadas con el bajo rendimiento laboral, apatía, desgano o alguna otra manifestación. Esto ha orillado a los empleadores a instituciones como el Centro de Integración Juvenil, con la finalidad de canalizar al personal y también buscar acciones de prevención.
“Es importante tener visibilidad en este sector laboral para la búsqueda de un ambiente laboral favorable y lo que manejamos, al menos en el informe, hice un desglose de las diferentes áreas y conceptos en los cuales intervenimos a nivel preventivo, así que en el área laboral tuvimos varias intervenciones en cinco empresas, así como una jornada con la Nueva CROC a finales de 2025”, explicó Ávalos Castelán.
Sectores que solicitan apoyo psicológico
Entre las empresas que han buscado el acercamiento con el CIJ para llevar a cabo pláticas y asesoría psicológica han aparecido empresas del sector energético y relacionadas con el transporte. “Aquí nos enfocamos en esas cuestiones emocionales, relacionadas con el estrés laboral, y no dejamos de lado los riesgos que implica, porque un trabajador que está desgastado y estresado es fácil que consuma alcohol o tabaco”, detalló.
En este tenor, se ha hecho énfasis en la prevención, en que los responsables de las áreas de recursos humanos de las empresas puedan solicitar el respaldo de especialistas, con el fin de prevenir afectaciones en la mano de obra, en el personal y en las personas que todos los días acuden para sacar el trabajo adelante, sin dejar de lado la salud mental como una de sus prioridades.
Salud mental y desempeño laboral
“El aspecto preventivo laboralmente, porque toda la comunidad de una empresa, el grupo de colaboradores, no solo nos enfocamos en el consumo de alguna sustancia, también en las afectaciones en la salud mental como estados emocionales de decaimiento, depresión, ansiedad, factores que influyen para que los trabajadores no tengan un buen desempeño, enfocándonos en lo que es el estrés laboral, el trabajador quemado o desgastado”, acotó.
El especialista en psicología indicó que una de las empresas que se ha acercado se enfoca en el tema del transporte, lo cual en Tamaulipas, de acuerdo con lo que han realizado dependencias como la Subsecretaría de Transporte Público, es que tan solo en lo que va de este año se ha detectado el consumo de sustancias en choferes que son responsables de unidades utilizadas por los ciudadanos.
Casos positivos en exámenes toxicológicos
A inicios del mes de marzo del año en curso, Armando Núñez Montelongo, subsecretario de Transporte Público en Tamaulipas, detalló que, producto de los exámenes toxicológicos realizados a los choferes de la entidad, hubo dos casos positivos: uno por consumo de marihuana en Tampico y el segundo por alcoholemia, que es un chofer que laboraba en Ciudad Victoria, ya que ambos fueron dados de baja.
Debido a lo delicado que significa que los conductores de unidades que lleven 20, 30 o hasta 40 pasajeros de un lugar a otro en una zona urbana, en estos tiempos los exámenes toxicológicos se están volviendo una necesidad. Es un tema de seguridad que tienen en el radar las autoridades de Transporte Público en Tamaulipas, pero también en choferes de transporte más especializado.
Incidentes con unidades pesadas
Hace exactamente un año, en los municipios de Tampico, Ciudad Madero y Altamira, se volvieron recurrentes incidentes relacionados con los conductores de unidades pesadas, de los llamados tráileres, que generaron desde volcaduras, choques, daños y destrozos en viviendas, en acciones ocurridas en los últimos dos o tres años. En este tipo de casos hay un común denominador, que es el consumo de estupefacientes.
De acuerdo con los videos y las fotografías de dichos incidentes, las volcaduras más fuertes, en las que se meten a los fraccionamientos y que hacen destrozos en zonas urbanas, lo que se logró detectar es que los responsables de conducir se encuentran en un estado psicótico al frente de unidades pesadas, que en caso de un mal uso pueden dejar consecuencias fatales en calles, avenidas, colonias y, por supuesto, en carreteras.
Alta incidencia en pruebas antidoping
Arturo Puente, consejero nacional de la Confederación Nacional de Transportistas Mexicanos (Conatram) en Tamaulipas, reconoció que “de cada 10 personas que acuden a hacerse el examen antidoping para ser contratados, 10 salen positivos”, lo que puso a trabajar de alguna forma a dichas empresas.
La conclusión del doctor Jorge Ávalos Castelán, director del CIJ, es trabajar en la prevención ante los focos rojos que ya se vienen presentando, de acuerdo con las estadísticas y a la evidencia documentada, desde los últimos tres años en la zona sur de Tamaulipas.
JETL",GOOGLE_NEWS_RSS
Algunos astros en México - Milenio,2026-04-11 08:09,2026-04-11T08:09:01+00:00,Milenio,,https://www.milenio.com/opinion/jaime-munoz-vargas/ruta-norte/algunos-astros-en-mexico,https://news.google.com/rss/articles/CBMijwFBVV95cUxOazZRckNZRFNwLVZMVXRMS0R1UnozcG96WS1PUEM3NF91bzFBbDdQNWN0bVFwZnFXWURzUGcwVk1hV2k1Q1ZhVHpiQmxlbnl5djNBVExYck9odmxxeVhfWFpPOHpCejFTS0JKcDd1aGpuX0xPQ0g5N1hHSWN3b2pwaENzZkZXZkhabWhrTWJzb9IBjwFBVV95cUxQOW1QanFuT2ptei1PZFFtZ3JWYkt2bDZIUDdSejBGMzZPMXE0RDBBOWpPVEhrWTBJV1A1cTlvSWVRZHpvRjVYVU9xaHBOaV9WWkhWMVcyQWVBYzB0Ni1JSHZUSGFVUTBEazU1Q0ZEbVlaTGo3ZHVYSUR3VFBEd1hYNUFfOTVZQV9NNWlQODJwWQ?oc=5,,"Por razones que no viene al caso comentar (de hecho ahora casi nada viene al caso comentar) leí una biografía de Vasco de Gama, el navegante que inauguró la ruta marítima para que los portugueses llegaran a la India.
Al seguir el itinerario de la travesía lusitana me topé con lo que nadie desconoce:
De Gama y sus tres barcos bajaron por la costa atlántica africana, doblaron el desconocido cabo de Buena Esperanza (Sudáfrica) y ascendieron las aguas por el Índico para llegar a Calicut, su destino, esto entre 1497-1499.
Cuando los navegantes iban a la altura de Madagascar, frente la costa este de África, pararon un poco en la actual Mozambique (por ese rumbo también está la pequeña isla de Zanzíbar, donde nació Farrokh Bulsara, el cantante mejor conocido como Freddie Mercury), y allí detuve un poco la lectura y se dio uno de esos pensamientos que en mí son como hipervínculos: al leer Mozambique recordé a Eusebio, el goleador de la selección portuguesa en la década de los sesenta.
Eusebio fue un delantero letal, anotó casi 600 goles y en mi memoria más remota, la memoria de mis 11 años, su nombre permanecía gracias a un recuerdo preciso: aunque parezca increíble, la Pantera Negra, como le decían, jugó en los Rayados de Monterrey.
Un googleo veloz me confirmó que el mozambiqueño/portugués en efecto fichó para la Pandilla hacia 1975, ya viejo, sin éxito en su breve paso por el futbol mexicano, pues sólo anotó un tanto y se lesionó.
La asomada a YouTube exhibe claramente qué tipo de artillero fue: a mi juicio, una especie de Pelé africano, pues su repertorio de jugadas muestra a un delantero con habilidad en ambas piernas, potencia, gambeta, disparo fuerte, rapidez.
Como dije, un Pelé que jugó en la misma era que Pelé. Había nacido hacia 1942 en Lourenço Marques, hoy Maputo, la capital de Mozambique colonizada por portugueses.
Pasó por varios clubes y su momento de mayor gloria se dio en el Mundial de 1966 en Inglaterra, donde fue campeón goleador con 9 tantos. Murió en 2014, en Lisboa.
Llegar a Eusebio me hizo pensar en otros extranjeros de ese calibre llegados a nuestro futbol.
No han sido muchos, así que enumeré en la mente los nombres que caben en los dedos de ambas manos. Luego de Eusebio llegó el polaco Grzegorz Lato, otro campeón de goleo en un Mundial.
Lo fue en Alemania 74, con 7 tantos. Para la temporada 82, el delantero se incorporó a las filas del Atlante, donde coincidió con el portero Ricardo Lavolpe, exmundialista campeón con Argentina en el 78, aunque allí no jugó pues Ubaldo Matildo Fillol era el titular en el arco.
Varios años después, en el 98, los Potros de Hierro tendrían otro mundialista europeo, el defensor rumano Miodrag Belodedici.
En cuanto al mencionado Lato, nacido en 1950 y aún vivo, era un delantero oportunista, pelón, de esos que parecen poco técnicos pero que empujan cualquier pelota que les llega al área chica, como ocurrió en 5 de los 7 pepinos que clavó en el Mundial germano.
Luego del Mundial celebrado en Argentina, dos estrellas se incorporaron al futbol mexicano.
El seleccionado brasileño José Guimaraes Dirceu, fino mediocampista brasileño, llegó en sus meros moles al América, esto en 1978. Sólo jugó un año, pero eso bastó para que mostrara su talento.
Había nacido en Curitiba, en 1952, pasó por muchos equipos y se retiró cuando jugaba para ¡el Atlético Yucatán! En 1995 murió en un accidente de tránsito en Río de Janeiro.
De paso debo decir que par de campeones del mundo argentinos jugaron también en el América: Zelada y Ruggieri.
Por aquellos mismos años, en 1981, Leopoldo Jacinto Luque, campeón con Argentina en el 78, vino a jugar, asombrosamente, con el Tampico Madero.
Era un delantero agresivo, hábil y de potente disparo. En la Jaiba Brava marcó 10 goles en el único año que jugó para los tamaulipecos.
Se le recuerda sobre todo por su buen desempeño en el Mundial de su país, donde marcó un par de goles decisivos, tanto como los de Kempes. Santafesino, Luque nació en 1942 y murió en 2021.
Muchos años después, en las temporadas 2014 y 2015, y ya en el ocaso de su inmensa carrera, vino a jugar para los Gallos Blancos de Querétaro nada menos que Ronaldinho, acaso el mejor jugador extranjero que ha pisado la liga de México.
Lo digo porque casi no hay lista de once ideal que no lo incluya.
Y es merecido, pues el gran brasileño ha sido uno de los futbolistas más virtuosos del mundo. Nació en Porto Alegre, en 1980, y en Querétaro metió 8 goles que fueron lo de menos, pues lo que Dinho hizo en nuestro país fue más compartirnos el privilegio de solo verlo que anotar.
El último de los jugadores mundialistas que traigo a esta lista es James Rodríguez, quien el año pasado vistió los colores de León.
Nacido en Cúcuta, Colombia, en 1991, durante el año que estuvo con los verdes marcó 5 tantos, y no lució realmente mucho. Su mejor momento lo vivió en el Mundial 2014, en Brasil, donde fue el campeón goleador con 6 anotaciones.
Dejo a varios jugadores fuera de esta lista. Estos sólo fueron los que recordé de volea al ver la palabra Mozambique y remontar el recuerdo como Vasco de Gama remontó dos océanos para llegar a las costas de la India.",GOOGLE_NEWS_RSS
Clínica del ISSSTE bajo protesta: trabajadores exigen frenar abusos y “aviadores” en Tamaulipas - oem.com.mx,2026-04-11 06:19,2026-04-11T06:19:53+00:00,oem.com.mx,,https://oem.com.mx/elsoldetampico/local/clinica-del-issste-bajo-protesta-trabajadores-exigen-frenar-abusos-y-aviadores-en-tamaulipas-29421729,https://news.google.com/rss/articles/CBMi2AFBVV95cUxPbWVDY3FmSU1MUk5PQV9kLTRkRE1DOU5McEFsYkd1dm9tdWJ4QjUwTFR4QVVNWnZXQ0NGT250OHVEU0gycnpWTGFOT05uWEN1MngxTjlGR1hudHZQRzhORnZXTnZ3cGRDcUI5V2I0cmFxY0tEYXN3WG16NWdXMTZRTzlibGpIM19zZGVBdE40SHdrVnVUSlk1WHdSdERvYm9pTTZ0TzliZWJ3UFpaSm9nTDhEWFpvNlRWWWlvcXRRdjVGajMydjVDT3hHUy16X1NZZnRBeEFJQkM?oc=5,,"Clínica del ISSSTE bajo protesta: trabajadores exigen frenar abusos y “aviadores” en Tamaulipas
A pesar de que las puertas de la clínica en Ciudad Victoria están abiertas para los pacientes, la situación interna es crítica
María Macías
Continúan sin director en la clínica del ISSSTE de Ciudad Victoria
El personal se apostó con cartulinas y mantas colocadas en el acceso a la clínica, donde exigen el cese del abuso de poder y de conductas hostiles hacia el género femenino, entre otras irregularidades.
Una de las demandas es que siguen sin director, sin embargo, y aún así continúan las irregularidades, por lo que rechazan el regreso del anterior director, Carlos Mendoza.
“Queremos que los aviadores cumplan con su horario y se pongan a trabajar, y ya no se asignen nombramientos por compromisos o compadrazgos”, refieren.
Piden trabajar bajo un clima laboral estable
“Somos trabajadores de la salud como usted, pedimos su intervención, queremos un clima laboral, estable, exigimos, respeto a nuestros derechos laborales”.
Los trabajadores de la clínica del ISSSTE siguen dando atención normal a los derechohabientes, sin embargo, mantienen su postura de trabajar bajo protesta hasta que les solucionen sus demandas.
Con información de El Diario Mx",GOOGLE_NEWS_RSS
Ahorro de 60% de agua con nuevo modelo de fracking - Milenio,2026-04-11 06:18,2026-04-11T06:18:00+00:00,Milenio,,https://www.milenio.com/negocios/nuevas-tecnologias-de-fracking-reducen-impacto-ambiental,https://news.google.com/rss/articles/CBMikwFBVV95cUxPeVUxTHBNWTJjVENxZjN0WEVIZkdIN1VSWDEwVkdEYVozeHlwQkZLdV9hSkx0UjFFUDBnakpNSlUtZ0RUMU9rZFdILTlaNEh4S0JrUzFYbVIyUkZ5WnJLY2xEWU1HVnNvVldwUm1OcThvblR2Umd6YWJvYUJkNjcxOWk2SFdLVzVvM2dEYnY4bTNhajTSAZMBQVVfeXFMTVhnMHliWDJsc3F4dHJJeU1Gb3puRU9BaUs5aWxVZ1Q0QUY0Z0ZhUzd3MEctQzdPMVFhTVNCOWZMX2w2X0JkN3VWWTVfdzJlSkxEYjI0WHFBRFJHSWZiZXVfOEMtUGVkaWZxYkZDSHM4QUVxTUNldVEtX1lvOEs2d1ZzUWpUU1ROWUZsUDAwTkRGSHBj?oc=5,,"Las nuevas tecnologías para realizar la técnica del fracking, evolucionaron para reducir el impacto ambiental mediante la reutilización de hasta el 60 por ciento del agua y el uso de motores eléctricos o a gas en superficies; así lo indicó el especialista del sector energético, Ramsés Pech.
México se encuentra en la encrucijada energética de una demanda de gas natural que continúa creciendo y la dependencia de las importaciones provenientes de Estados Unidos, y se puso sobre la mesa una vez más el debate sobre el uso de la fractura hidráulica, comúnmente conocida como fracking, para aprovechar los vastos recursos prospectivos que yacen en el subsuelo nacional.
De acuerdo con datos de la Secretaría de Energía, México posee un potencial de recursos prospectivos de gas natural que asciende a 141 mil 494 millones de pies cúbicos (MMMpc) en campos no convencionales, una cifra que supera con creces los 83 mil 138 MMMpc estimados en campos convencionales.
¿Qué es el fracking y en qué diferencia tiene con la fractura hidráulica?
De acuerdo con Ramsés Pech, a menudo se utilizan como sinónimos, pero técnicamente presentan diferencias operativas clave.
La fractura hidráulica es una técnica de estimulación en formaciones de baja permeabilidad (como las areniscas). Su objetivo es crear canales artificiales para que el hidrocarburo pueda fluir hacia el pozo. Generalmente, se realiza en no más de dos zonas de un yacimiento convencional.
Mientras que el fracking es la evolución de la fractura hidráulica y se refiere a la aplicación de esta técnica en etapas múltiples y simultáneas dentro de pozos horizontales o multilaterales, específicamente en yacimientos no convencionales, denominados como de lutitas o ‘shale’.
Ramsés Pech comentó que esta evolución permite un mayor contacto con la roca madre, incrementando la producción y reduciendo la necesidad de perforar múltiples pozos verticales en la superficie, lo que irónicamente puede disminuir el impacto visual y logístico sobre el terreno.
Historia y evolución de la Técnica
Aunque el término fracking suena moderno, la estimulación de pozos tiene más de un siglo. En 1860 se utilizaba nitroglicerina en Estados Unidos; para 1930 se introdujeron ácidos, y fue en 1947 cuando se estudió por primera vez el uso de agua, arena y químicos, técnica que se industrializó en 1949.
En México, la fractura hidráulica no es nueva; se ha utilizado por más de 50 años en cuencas del norte del país, como Burgos y Tampico-Misantla, principalmente en pozos terrestres a profundidades menores a los 3 mil metros. No obstante, México nunca ha desarrollado un programa industrial de shale a gran escala; los pozos perforados hasta ahora han sido de carácter piloto o de evaluación, sin alcanzar una producción comercial sostenida.
El marco normativo en México
Durante la administración del expresidente Enrique Peña Nieto, ya se planeaba la explotación de campos no convencionales con la Ronda 3.3, que busca la licitación de estos plays.
Por lo tanto, México cuenta con una regulación robusta para la explotación de yacimientos no convencionales desde el 16 de marzo de 2017. La Agencia de Seguridad, Energía y Ambiente (ASEA) publicó en el Diario Oficial de la Federación las Disposiciones administrativas de carácter general que regulan esta actividad.
Este reglamento establece lineamientos estrictos bajo el principio ALARP (As Low As Reasonably Practicable) o tan bajo como sea razonablemente posible, priorizando la protección de personas y el medio ambiente.
Entre sus puntos destacados se encuentran el aislamiento de acuíferos, obligando al uso de al menos dos barreras independientes (acero y cemento) para evitar la migración de fluidos hacia mantos freáticos.
Regula el tratamiento de los fluidos de retorno, los cuales deben ser inyectados en pozos de disposición bajo protocolos de integridad mecánica, y restringe el venteo de gas natural, promoviendo su destrucción controlada para mitigar la liberación de metano.
Los actores y el Mercado
Ramsés Pech explicó que el mercado mundial de fracturación hidráulica es masivo, valorado en cerca de 20 mil millones de dólares en 2025 y con una proyección de crecimiento sostenido hacia la próxima década. En este ecosistema, tres empresas globales dominan la tecnología de bajo impacto y tienen presencia en México: Halliburton, SLB (antes Schlumberger) y Baker Hughes.
El especialista dijo que, sin embargo, la viabilidad en México enfrenta retos operativos, ya que empresas como Halliburton poseen la tecnología de punta, pero la disponibilidad de sets de fractura; el conjunto de unidades necesarias para la operación en territorio mexicano es limitada.
El Instituto Mexicano para la Competitividad (IMCO) señala que el debate actual se centra en si será rentable para estas empresas trasladar sus equipos desde Estados Unidos, considerando que México debe competir en costos con el gas de Texas, el más barato del mundo.
La soberanía
Para el IMCO, el giro del Gobierno Federal hacia la reconsideración del fracking responde a una necesidad crítica de frenar la caída en la producción de gas natural. No obstante, advirtieron que Pemex carece de la experiencia técnica necesaria para yacimientos no convencionales por sí solo.
El organismo enfatizó que México compite directamente con el gas de la Cuenca Permiana y Eagle Ford en Texas, cuya eficiencia operativa permite precios extremadamente bajos
Para que el aprovechamiento de los recursos mexicanos sea viable, el IMCO subrayó tres factores críticos: la experiencia técnica, ya que Pemex no cuenta actualmente con la curva de aprendizaje necesaria en yacimientos no convencionales, por lo que la apertura a la inversión privada con empresas especializadas será indispensable.
La falta de equipos de fractura disponibles en México obligaría a un traslado de equipos desde el extranjero, lo que incrementa los costos de capital inicial, y el cumplimiento de las normas de la ASEA es el único camino para mitigar las preocupaciones sociales sobre la contaminación de acuíferos y el uso de agua, factores que históricamente han frenado el desarrollo de estos proyectos.
La participación de operadores privados y el cumplimiento de la normatividad de la ASEA serán fundamentales si México decide activar sus reservas en regiones como Sabinas, Burgos, Tampico-Misantla y Veracruz.
El mapa de los no convencionales
Según datos de la Sener, la mayor concentración de gas no convencional se localiza en el noreste y la zona del Golfo, en provincias geológicas que comparten características con las formaciones más productivas de Estados Unidos.
La Cuenca de Burgos representa uno de los pilares más importantes, con un potencial de 53 mil 848 MMMpc en recursos no convencionales; Sabinas-Burro Picachos, ubicada en la zona fronteriza, esta provincia cuenta con 66 mil 963 MMMpc no convencionales, lo que la convierte en el área de mayor potencial para la técnica de fracking a gran escala.
Mientras que Tampico-Misantla, posee un potencial de 20 mil 683 MMMpc en formaciones de lutitas y Golfo Profundo, que aunque cuenta con una cifra masiva de 50 mil 497 MMMpc, estos se consideran recursos convencionales, lo que implica una técnica de extracción distinta al shale.
Si México logra alinear la regulación con la eficiencia de mercado, los más de 141 mil MMMpc no convencionales podrían dejar de ser un recurso prospectivo para convertirse en la base de la seguridad energética nacional.
AH",GOOGLE_NEWS_RSS
De Altamira para el mundo: salineras podrían unirse a la marca Hecho en Tamaulipas - oem.com.mx,2026-04-11 06:17,2026-04-11T06:17:55+00:00,oem.com.mx,,https://oem.com.mx/elsoldetampico/local/de-altamira-para-el-mundo-salineras-podrian-unirse-a-la-marca-hecho-en-tamaulipas-29419695,https://news.google.com/rss/articles/CBMiygFBVV95cUxQUU1iYVFfQjZQZFp4RTlnS2V6cXRVQjh4TEpWQUJYQjJSaHpDMExBbFlHX29yVWVYUU80QXdDcUFoU1VFb1lIeTBmUGdBd2VDU3puQUtPUkJfRnp3VUthVV9wbTAyTkhselhNTmRCTUtOSEN4YlJrY0Q0aWgyZnlfR2hiSk5aZlJDcVp5dWMzMl9BdWgzdGFGejBFblFUZ0F0Q0RIdjlaSEsyYVNUWE5lWFRZTW5GTjZxX1I2RVhld2RPbjBaUWpGdmJn?oc=5,,"Localviernes, 10 de abril de 2026
De Altamira para el mundo: salineras podrían unirse a la marca Hecho en Tamaulipas
En el sur de Tamaulipas, se construye la primera lavadora de sal para beneficio de Congregación Lomas del Real y ejido Aquilés Serdán
Miguel Díaz",GOOGLE_NEWS_RSS
Un legado sobre ruedas: ciclista del sur de Tamaulipas presume bicicleta de casi medio siglo - oem.com.mx,2026-04-11 05:47,2026-04-11T05:47:49+00:00,oem.com.mx,,https://oem.com.mx/elsoldetampico/deportes/un-legado-sobre-ruedas-ciclista-del-sur-de-tamaulipas-presume-bicicleta-de-casi-medio-siglo-29422389,https://news.google.com/rss/articles/CBMi2wFBVV95cUxQaG44d0JtOHdKY0tmRVNZRnExV1pLbGo5SElEbGM2Ql83TWRGcVZyclBHRXhlcDFXa1YwSTRGWVNqSExlRHVQZlNocmNGTm5VTDYxNmxQTTdpazd0c2hHbHB5QmdHbE5GMjVUMkQ4UFl6Yk1haWV2bkNhZmo2U3BvMExyam9UZjd4RHVGWkZfb2JuWk5ESi1NaGZOMUhuVmRpN0pCN1NmZ3NPQzF2Q1JzVUZYbWxEWUZNQzNEUjkzcy1jUFhTdG9PMHFKamZWS29RX3d6MkgxQko4MFU?oc=5,,"Un legado sobre ruedas: ciclista del sur de Tamaulipas presume bicicleta de casi medio siglo
Ileana Peña Delgado participó en una rodada con una bicicleta heredada de su madre, un símbolo de resistencia y amor al ciclismo
Antonio Campos
No es una bicicleta cualquiera: es un legado familiar que ha resistido el paso del tiempo y que hoy sigue rodando con la misma firmeza que cuando fue adquirida por su madre.
Bicicleta: herramienta para el transporte y el ejercicio
“Esta bicicleta, orgullosamente lo digo, es un legado de mi mamá… Ella la compró con la finalidad de hacer deporte y trasladarse a su trabajo”, relató.
“Nunca me ha dejado tirada”: calidad y cuidado
Peña comentó que más que un simple medio de transporte, la bicicleta se convirtió en parte de su historia familiar.
Desde pequeña, Ileana creció con el ejemplo de su madre, quien le inculcó el amor por el ciclismo, que con el paso del tiempo, ese objeto cotidiano se transformó en herencia emocional y compañera inseparable en cada recorrido.
A pesar de su antigüedad, la bicicleta ha demostrado una resistencia sorprendente. Ha participado en eventos exigentes como la Brecha Huasteca, recorridos en túneles y hasta un triatlón, donde Ileana debutó el año pasado.
“Nunca me ha dejado tirada, he visto bicicletas modernas quedarse varadas y la mía sigue avanzando”, afirmó con orgullo.
La ciclista explicó que, aunque realiza mantenimiento periódico, gran parte del mérito recae en la calidad del equipo y el cuidado constante que le ha brindado.
Incluso destaca su ligereza como una de sus principales características, lo que le permite transportarla con facilidad y adaptarse a distintos terrenos, desde calles urbanas hasta brechas.
Amor por el ciclismo: un legado familiar en el sur de Tamaulipas
Más allá de su historia personal, Ileana envió un mensaje a la población para fomentar el uso de la bicicleta, no solo como actividad recreativa, sino como parte de la vida diaria.
Además consideró que en México aún falta fortalecer la cultura ciclista y replicar modelos de otros países donde existe mayor infraestructura y respeto hacia quienes utilizan este medio de transporte.",GOOGLE_NEWS_RSS
Pronóstico para HOY sábado en Tamaulipas: viento intenso y lluvias en el oeste - Milenio,2026-04-11 05:40,2026-04-11T05:40:00+00:00,Milenio,,https://www.milenio.com/el-clima/clima-tamaulipas-pronostico-temperaturas-11-abril-2026,https://news.google.com/rss/articles/CBMikAFBVV95cUxNN29LSFYwdzRfVEFuSWVGbnVXX3ZaeGNmWTYtYndsMU56QThSYWhDbjViVmtBd1h0XzRCVU9KWVlUWDVnVFdNdE11aHJvWmI3cU9aYThWNmYxU2ZxdTgzLUdUZEFDZzlfZXlHZ3l0NjFMU3hONFluUDNuTURCaDh2YkpwNXEtUFlMZWszSXF2SVrSAZABQVVfeXFMTnRNMzV5cTd1RVlycmhUc1lHYVA3Q2hBdU1IWW9ZOTFfdVl1YnhnTGQtZUtRVEpjZHRUeFJuVG9TU1RkZ3BtWXl2YnJLR240Z3JxMWVmVEJTMTRrcTJpYmljSnJTN3dnVklrMmRZOWxEYjl4a1Y4VnBXSTNsU0VLWTNYa2R6NFNrQjhTOFVXYURS?oc=5,,"El clima en Tamaulipas llega con precipitaciones en algunas zonas, rachas de viento que se harán notar y temperaturas que subirán conforme avance el día. Un sábado con cambios en el ambiente que vale la pena tomar en cuenta antes de salir.
¿Cómo estará el clima hoy en Tamaulipas?
Durante la mañana, el ambiente será templado a fresco, con presencia de nubosidad en gran parte del estado. Conforme avance el día, el cielo se tornará más nublado, especialmente en el oeste, donde se desarrollarán las lluvias más intensas.
Por la tarde, el calor se hará presente, alcanzando temperaturas máximas de hasta 35 °C, mientras que el viento se intensificará con rachas fuertes.
¿Cuáles son las temperaturas pronosticadas para hoy en Tamaulipas?
En cuanto a la temperatura hoy 11 de abril del 2026 en Tamaulipas, el calor no será extremo, pero sí se mantendrá dentro de rangos cálidos en varias regiones del estado.
Zona fronteriza:
Temperatura mínima: 18 a 22 °C
Temperatura máxima: 28 a 32 °C
Zona centro:
Temperatura mínima: 17 a 20 °C
Temperatura máxima: 29 a 33 °C
Zona sur:
Temperatura mínima: 20 a 23 °C
Temperatura máxima: 27 a 31 °C
Zona oeste:
Temperatura mínima: 16 a 19 °C
Temperatura máxima: 30 a 35 °C
Estas condiciones reflejan un día con contrastes con mañanas frescas, tardes cálidas y lluvias en puntos específicos.
¿Habrá lluvia hoy en Tamaulipas?
Para hoy sábado, se prevén chubascos con lluvias puntuales fuertes de 25 a 50 mm principalmente en el oeste de Tamaulipas. Estas lluvias podrían estar acompañadas de descargas eléctricas, lo que incrementa el riesgo de encharcamientos, visibilidad reducida y posibles afectaciones en caminos rurales.
En el resto del estado, aunque la probabilidad de lluvia es menor, no se descartan precipitaciones aisladas debido a la nubosidad presente durante el día.
¿Qué tan fuertes serán los vientos hoy en Tamaulipas?
Otro factor importante del clima hoy en Tamaulipas es el viento. Se espera viento de dirección variable con velocidades de 30 a 40 km/h, así como rachas de 50 a 70 km/h, lo que podría generar tolvaneras en zonas abiertas y dificultades para la circulación, especialmente en carreteras.
Se espera alto oleaje en zonas costeras de Tamaulipas hoy
En la zona costera, el pronóstico indica oleaje elevado de 1.5 a 2.5 metros de altura, por lo que se recomienda precaución a embarcaciones menores y actividades turísticas en playas.
JETL",GOOGLE_NEWS_RSS
¡Prepárate para correr de Veracruz a Tamaulipas! Anuncian la 4° Carrera Interestatal entre Pueblo Viejo y Tampico - oem.com.mx,2026-04-11 04:58,2026-04-11T04:58:05+00:00,oem.com.mx,,https://oem.com.mx/elsoldetampico/deportes/preparate-para-correr-de-veracruz-a-tamaulipas-anuncian-la-4-carrera-interestatal-entre-pueblo-viejo-y-tampico-29410868,https://news.google.com/rss/articles/CBMi9AFBVV95cUxOM2ZaNjh4ZEYwb2pKMmZKeUc5cXdFZkJkNGxZN2QwT0dmSTM5WFFWTXJKVGJTQWxjTE9RZDU4T0gxa3hXUElHMzRHMUFuZEhfeFY4bEdCb3FXN0VoeU4tTjRMeHIxZkFwLVZEZEgxbm50Y2k1NVZoRUR0dHduX1d6OFE5MFlkSHE4OHh6Z21ydGpZZGJYanIxZjlSMFg4ZlNmUXU5UGlGcEVRa3NsdEhUOXE2cmw3a1ZQUGJlbUtzd2w2VEJnNmYta2RIUDRSZDhvTUN0MFlqQ1JxWnExYTdMWjFtY1BSSEk4NlFwYkRYTWNsQksw?oc=5,,"¡Prepárate para correr de Veracruz a Tamaulipas! Anuncian la 4° Carrera Interestatal entre Pueblo Viejo y Tampico
Alístate para cruzar fronteras en un recorrido único que inicia en Pueblo Viejo y termina en el bello Tampico
Gustavo Corona
Se desarrollará en las distancias de 13 y cinco kilómetros
Todas las categorías e inscripciones disponibles
5K Adaptado Femenil y Varonil
Única 13K
Femenil y Varonil/Ciclistas
Categoría Infantil
La distancia más larga tendrá su hora de salida en punto de las 7:00 horas, siendo 20 minutos después la salida marcada para la distancia de cinco kilómetros.
Las inscripciones ya están disponibles, teniendo una cuota de recuperación de 350 pesos.
Para más información acerca de los módulos de venta de inscripciones, recorridos y entrega de kits, puede consultar la página de Facebook de Sinergia Deportiva MX. También podrá contactarse al siguiente número; 833 159 7731.",GOOGLE_NEWS_RSS
¡Triunfo que sabe a Liguilla! La Jaiba Brava vence a Alebrijes y se mete a zona de clasificación - oem.com.mx,2026-04-11 03:51,2026-04-11T03:51:49+00:00,oem.com.mx,,https://oem.com.mx/elsoldetampico/deportes/triunfo-que-sabe-a-liguilla-la-jaiba-brava-vence-a-alebrijes-y-se-mete-a-zona-de-clasificacion-29432862,https://news.google.com/rss/articles/CBMi3wFBVV95cUxQeXczQzU0NVp1TkFvcG5EUEhBdHhIeUx0eVg2Z3k2dDhhSUsyaXdPc1FMRTlMUHo5UEhqS0N4R0xOYmtnRHdsM2phc3kyN3JyLTVNSEY2SUVtdjVCRUlkR0IzZnhpbVM5ZGNXaHFQd2owMHMzaWdsYk1RLWp2TWxTbTM4Mmc5UURZR0JTSjFWT1BsY2huRmh2VlJOX1hXRFFEaGNPYkttVHRjeFZzWnIta2tJT0RFR2oxZEwxbWtSYnJYa3ZnYW5ULUJ3NWE0aEktY3UzNFVnZTZ4QVlCZDdz?oc=5,,"¡Triunfo que sabe a Liguilla! La Jaiba Brava vence a Alebrijes y se mete a zona de clasificación
Sufrieron con una expulsión y aguantaron los ataques hasta el minuto 98, ¡pero los tres puntos se vienen al puerto!
Héctor Rivera
Acciones del partido en el Estadio Tecnológico de Oaxaca
El complemento: la figura del “Kampa”
El “Kampa” salvó su meta en varias ocasiones, destacando una atajada clave ante Israel García y desviando disparos peligrosos de Bubbakaby Favvica.
El técnico Ruiz intentó ajustar ingresando a Edson García, Rubén Domínguez y Joel García para contener el ataque oaxaqueño.
Sin embargo, en los minutos finales del tiempo añadido, Alebrijes logró acortar distancias. Juan Esqueda marcó el 2-1 al 98’, pero ya no hubo tiempo para más.
La Jaiba Brava del Tampico-Madero obtiene un triunfo fundamental que le permite mantener viva la esperanza de defender su título en la fase final.",GOOGLE_NEWS_RSS
Mujer es atropellada en la zona norte de Tampico: iba a tomar el transporte público - oem.com.mx,2026-04-11 03:43,2026-04-11T03:43:23+00:00,oem.com.mx,,https://oem.com.mx/elsoldetampico/local/mujer-es-atropellada-en-la-zona-norte-de-tampico-iba-a-tomar-el-transporte-publico-29432729,https://news.google.com/rss/articles/CBMiywFBVV95cUxOaVVQTi0tRDQ0c285YTkxS2VVWEZJZTdXdDFFS3lUcjY2R3E3cDIwVzBLekFDLUxhNWFPbnJCM1FHOTZmMFROX2x5SlRndkFIMW9VNkNRZDU1MnhDYXFYRWE1ZGdLMUJ3SmRKYmUxaU1fQzVUY1MwZHVBN3pQM0RyamFwZl8yQnZpeFhHbmFwMFJEb1p0aTB5dGN3STFOcmJzWXB6N2hidWJ1VHk0TEl0RldHVFh6TXA3OUljN0hGVzlCaTlXRzNtdDh1MA?oc=5,,"Mujer es atropellada en la zona norte de Tampico: iba a tomar el transporte público
Fue impactada por un automóvil particular a la altura del cruce con la avenida Las Torres, en la colonia Del Bosque
Mario Cruces
La víctima iba a tomar el transporte para regresar a su casa
Según versiones recabadas en el lugar, la mujer intentaba atravesar la carretera para tomar transporte público que la llevaría de regreso a su hogar.
Sin embargo, al encontrarse en el carril derecho con dirección de sur a norte, fue impactada por un automóvil.
Tras el impacto, la peatón fue proyectada varios metros hasta caer sobre el pavimento, donde quedó tendida con visibles lesiones, mientras que la unidad involucrada presentó daños significativos.
La mujer fue llevada a un hospital donde es reportada delicada
Testigos del hecho solicitaron de inmediato la intervención de los cuerpos de emergencia. Elementos de la Brigada Vial y de la Guardia Estatal arribaron al sitio para brindar los primeros auxilios y acordonar el área, a fin de evitar otro incidente.
Minutos después, paramédicos de Ambulancias San Luis (ASL) llegaron al lugar, estabilizaron a la lesionada y la trasladaron de urgencia a un hospital del Seguro Social, donde su estado de salud fue reportado como delicado.
Por su parte, agentes de Tránsito tomaron conocimiento de los hechos e iniciaron las diligencias correspondientes para deslindar responsabilidades. El conductor del vehículo permaneció en el sitio y colaboró con las autoridades.",GOOGLE_NEWS_RSS
Jaiba Brava vence a Alebrijes de Oaxaca y aún sueña con la Liguilla - Milenio,2026-04-11 03:23,2026-04-11T03:23:00+00:00,Milenio,,https://www.milenio.com/deportes/futbol/resultado-alebrijes-oaxaca-vs-jaiba-brava-cronica-clausura-2026,https://news.google.com/rss/articles/CBMipgFBVV95cUxPOG11ODk5RWNVT0Z1SmxVRndsSWh3dTNqZklVam44MndFM05LbFp3V3N6WFJaaXI2c1gxT3pRclR0SjE0R3k3MGJKQkV5TlVBRGFYUHlWcXdhV0NIQmRlZW9aTUhmdHhINnBHbkYzeW1xN0NSbU5LN2h2OEF4SlVIMHAtTGhaMW9heGpYcC1ISVdRWG9iUTlVSGt1NmFrZDZOdy1ub0R30gGmAUFVX3lxTE9nbzlkRDF1alkzczdKNERNOWFiZ2ZuRldEdHdRZ0dORFdmS25CcG02YXVJclpwb2hxUFVfNkVhelFoSHl2WWJTcXpPSGV3U3JuZ3lJNm1HdU12VW9yODZ0bUVuVTdlRURndXFtXzdLei1EOEl6bU1Yd3BiLWR1eDlCUDFRQmY1OUFoRm5vZDJpX1JTSGh1emtnSzkwMmhOX0U4UUNOdkE?oc=5,,"El campeón de la Liga de Expansión compró una semana más de vida. La Jaiba Brava del Tampico-Madero sacó el resultado deseado, un triunfo de visitante a la hora de la verdad con aplomo y momentos de sufrimiento. Venció a Alebrijes de Oaxaca en su casa por 2-1 y retuvo sus aspiraciones de entrar a la Liguilla del Clausura 2026.
La confrontación encargada de abrir la jornada 14, la noche de este viernes en el Estadio ITO, representó para el dueño de la corona su quinto triunfo del semestre, tercero como visitante y a la espera de las cuentas que arroje el resto del fin de semana para saber su destino hacia el último choque del calendario.
Por el momento, son 18 unidades, sube a la séptima plaza y al superarlos por muy poco margen, se mantendrá al pendiente del Irapuato (visita al Tapatío), Coyotes de Tlaxcala (se meta a casa del Atlético Morelia) y Mineros de Zacatecas (recibe a Correcaminos de la UAT).
Golpe tempranero
Un ajuste más en el once estelar debió realizar Marco Antonio “Chima” Ruiz, en este caso, la inclusión de Cristian González ante los golpes de José Clemente, sumándose a las ausencias en el cierre de torneo de otros compañeros.
Enfocados y determinados desde el arranque, los celeste dieron el primer golpe en muy corto tiempo. Nuevamente se pusieron arriba en la pizarra con el hombre más productivo en el ataque, el defensor Diego García, al marcar su cuarto tanto en el año, esto a dos minutos del silbatazo inicial.
Tiro de esquina desde la punta derecha muy pasado de la puerta, Pablo Saldívar recentró la pelota que en el aire peleó Alberto López. El puñetazo del arquero Luis Ramírez fue débil y la cedió a Diego, para un contrarremate de derecha imposible de detener. La pelota parada le dio dividendos, sin embargo, el reto era sostener la ventaja.
Por fin apareció Luis Razo
Uno de los elementos cuestionados por la afición fue Luis Razo. Sin convertir las oportunidades, pasaron 14 jornadas para estrenarse con la casaca porteña, en el momento de urgencia, cuando más se le necesitaba y en el 37 respondió a la confianza depositada por el cuerpo técnico.
Saldívar volvió a participar en la elaboración. En la salida por la izquierda, sorprendió al subir por la banda tras la habilitación de Alonso Escoboza; el “Wiwi” le marcó el pase y al desmarcarse de Juan Esqueda, de izquierda y cruzado, el atacante resolvió la secuencia con el toque al fondo de la cabaña. Todos los compañeros llegaron a felicitarlo y el ayuno por fin acabó.
Una expulsión que comprometió todo
Muy poco fue el gozo de los celestes por tener cierta calma en el complemento. Pablo Saldívar, amonestado antes del descanso, levantó su pierna derecha de más e impactó a Jair Cortés. El central Jesús Enriquez Herrera le sacó la segunda y provocó la inferioridad númerica. Otro hándicap en contra de los tamaulipecos desde el 48.
De ahí, los oaxaqueños se lanzaron con todo para ir acortando distancias. Desde la banca se enviaron a José Ochoa y al sierraleonés Bubakarry Fadika, así como Julio Cruz, revulsivos que por los extremos trataron de variar el ataque con disparos, centros y remates.
En esos instantes de apremio, de tener el rancho apedreado, la figura de Gerardo “Kampa” Ruiz, como ha sucedido en su etapa con los tamaulipecos, apareció al intervenir en al menos tres ocasiones. Los ajustes mediante la entrada de Edson García y Rubén Domínguez en la parte baja acomodó el esquema de resistencia.
Golpe de autoridad fuera de casa. ????
— Liga BBVA Expansión MX (@LigaMXExpansion) April 11, 2026
La @JaibaBrava_TM se hace fuerte: triunfo en Oaxaca, cinco partidos sin perder y lugar en zona de Liguilla. ????
???? Los detalles: https://t.co/ktuN91BDdp#J14 #CL26 #ExpansiónMX pic.twitter.com/hWPsAEiwq8
Descuentan, pero muy tarde
Solo alcanzó para los locales acortar las distancias en el 90+9. El esfuerzo por cambiar la pizarra en poco tiempo, luego de la anotación del defensor Juan Esqueda, resultó, sin embargo, el tanto puede ser factor en contra de los jaibomaderenses en las cuentas finales.
Aún con el tanto en contra, el monarca libró la aduana. El próximo domingo en el Tamaulipas, ante el Atlético Morelia, este proyecto se juega en definitiva su última carta.",GOOGLE_NEWS_RSS
Atropellan a mujer que intentaba cruzar la Tampico-Mante - Milenio,2026-04-11 03:14,2026-04-11T03:14:00+00:00,Milenio,,https://www.milenio.com/estados/mujer-atropellada-carretera-tampico-mante-10-abril-2026,https://news.google.com/rss/articles/CBMikAFBVV95cUxNNVE0MEk0NWhuUUgzVHFqWkJQZ0h5end1T09SVDdteE5LOGRKMHlkbjNuWlU5TFdabFNBeEN4dXZUdFdlX3cxdlc4NWV1OGhiNllXNUcwcU1PT2lzMWQ1QlRBc090MzgwVEtGd2lxaVhuTkRqcmNsRWRGRlp5TkFkZzhndWhkYWp5UFByYnZac2jSAZABQVVfeXFMTlRNYS1DMEQ1STVpYmRIWFJvMGpHemRWcTdIOV9xTFdXOWVTX1VaZU1NcU9JYjRpdmNyUzhzSWh0TjdKZ1J1UUQ3bzBoLXVoYXFUa0NfT1NKV0Z5Wlo1R0VCTXVYRk5vbU1FY251MTZITG5qR3ZtaDdxcUdJeUJRMk9rYmxUSTRtN3h0bDFNZl9i?oc=5,,"De nueva cuenta la carretera Tampico-Mante, fue escenario de un accidente, luego de que un auto atropelló a una mujer que intentaba cruzar dicha avenida.
Los hechos se registraron durante la noche de este viernes a la altura del crucero de la Avenida Las Torres, sitio que se ha convertido en escenario de accidentes con desenlaces trágicos.
La mujer intentaba cruzar la carretera Tampico-Mante
Testigos en el lugar, comentaron que la mujer intentaba cruzar la carretera cuando de manera intempestiva apareció un automóvil color guinda y no pudo evitar el impacto contra la mujer quien golpeó el parabrisas con la cabeza.
Derivado del golpe, la mujer cayó al suelo inconsciente. Minutos después fue auxiliada por paramédicos de Brigada Vial y trasladada a un hospital de la zona por una ambulancia San Luis.
Así lo reportó Vocería de Tamaulipas
""Autoridades atienden reporte de persona atropellada en carretera Tampico-Mante a la altura de la colonia Del Bosque en Tampico. Se exhorta a quienes transitan por la zona a tomar precauciones y atender las indicaciones de las autoridades.""
JETL",GOOGLE_NEWS_RSS
Sophie conquista TikTok con vestidos hechos a la medida: la perrita chihuahua que hace cosplay en México - oem.com.mx,2026-04-11 02:54,2026-04-11T02:54:57+00:00,oem.com.mx,,https://oem.com.mx/elsoldetampico/tendencias/sophie-conquista-tiktok-con-vestidos-hechos-a-la-medida-la-perrita-chihuahua-que-hace-cosplay-en-mexico-29430001,https://news.google.com/rss/articles/CBMi7gFBVV95cUxQT3BSTktub1Z4ZGF5ckkwOUhHOXZDTEpMeGcyMkp3MkFvbmFwellVbTJGVGlWTGNCcXVfMGJrZ052NDE1S0Y2aUhrNFBtX0xIWW1saWZuNzg0OVJvM1RRelFucHQ4Y0Zob1FSWGlraGozLTdhOEZxM0hNQUp6VUNOdHl4VElrODRlV2RheGdIZUJfQTJjMVVoU09qcEVjaW8xZFlVd2hmVjJXdWJhNU92VkZUeFl0QWNFNVItQThHaDhuR0hCRmZQaC1lcXJ0OERuZ1FHRmgwWnRuSVdHaExtNmloelpGSDlUYjh0cWRR?oc=5,,"Sophie conquista TikTok con vestidos hechos a la medida: la perrita chihuahua que hace cosplay en México
En redes sociales suma miles de vistas, la chihuahua tampiqueña tiene más de 80 disfraces y 54 vestidos confeccionados a la medida
Itzia Rangole / El Sol de Tampico
Detrás de esta historia está Samantha Barrón, quien comparte el día a día de su mascota a través de contenido creativo que mezcla disfraces, tendencias virales y momentos familiares.
La llegada de la chihuahueña Sophie al hogar de Samantha
La historia de Sophie comenzó de manera inesperada, en un momento marcado por pérdidas familiares y cambios emocionales, según indica su dueña Samantha Barrón.
“La perrita de mi tía tuvo perritos, pero sobrevivió solo ella, se la dio a mi mamá, pero mi mamá ya había perdido a su perrita hace muchos años y me la regaló a mí”, contó
La llegada de Sophie coincidió con la pandemia, un periodo en el que la convivencia en casa se volvió fundamental y que gracias a ella se hizo más amena.
Samantha narró que después de la pandemia su padre murió lo que fue un gran golpe emocional para su familia, e incluso la perrita se puso triste, pero lograron salir a adelante.
De Tampico y México para el mundo: los inicios de esta ‘influencer’ en TikTok
El salto a redes sociales ocurrió de manera orgánica, impulsado por la creatividad familiar, según cuenta Samantha.
Tras la salida de su sobrino por trabajo, Samantha continuó creando contenido, enfocado en tendencias y en cosplay con los más de 80 disfraces y 54 vestidos hechos a la medida de Sophie.
“Tomamos audios virales, usamos vestuario y tratamos de que sea algo tierno”, comentó.
Aunque hoy cuenta con videos que alcanzan miles de vistas, Samantha asegura que nunca se imaginó que tendría un gran impacto, ya que actualmente es seguida no solo por usuarios de Tampico, sino de todo México y de otros países.
Cuidados que debe tener Sophie, una perrita muy especial
Más allá de la fama que tiene Sophie, al ser la única que sobrevivió de su camada, requiere cuidados especiales debido a problemas de salud con los que llegó desde pequeña.
“La cuidamos mucho dicen que por eso actualmente ya subió de peso”, aseguró. Samantha y Sophie se convirtieron en compañeras emocionales
Perrijos: una compañía emocional invaluable
También responde a las críticas que usuarios comentan sobre el contenido y añade que el objetivo principal es compartir alegría a través de su cuenta.
“La verdad es la más feliz no la obligo, es solamente la felicidad de verla y que la gente ponga cosas bonitas”, indicó.
Con información de Josué García",GOOGLE_NEWS_RSS
¿Ley Mordaza en Tamaulipas? Proponen Colegio de Periodistas para exhibir públicamente a reporteros - oem.com.mx,2026-04-11 02:28,2026-04-11T02:28:31+00:00,oem.com.mx,,https://oem.com.mx/elsoldetampico/local/ley-mordaza-en-tamaulipas-proponen-colegio-de-periodistas-para-exhibir-publicamente-a-reporteros-29430807,https://news.google.com/rss/articles/CBMi3gFBVV95cUxQbnd1SGVsMnpUNDdVWV9lQlJuWHg1dnVMaTBxSzlsb2hRMi15M053UzBic3B6Zk9yYVVnQW9YalQ1MV85d0ZjOXR0ZWlSRHhQOUZiY0p2MVNqYkMwYWhxUGlGbGtNZzBENGwtWk1hanpEZ2VITVZkVWhUUFZJQXBoV1ZBZktGckdDbEdrei1HbUJrYUJ5Q0pPRTRqajM1LWRROWozalhwRUxrbHFOeU9NbWNRNEQ1OV8zckFBWjE0M3VyaXpNdlZUT0NXMzZNeWJJQVhTU1AyWjlWeWtBYnc?oc=5,,"¿Ley Mordaza en Tamaulipas? Proponen Colegio de Periodistas para exhibir públicamente a reporteros
La diputada local de Morena, Cynthia Lizabeth Jaime Castillo, presentó esta iniciativa ante la Cámara Local
Mariela Macay
Un sistema de vigilancia reputacional para medios de comunicación
Funcionarios podrían solicitar disculpas públicas a reporteros
Aunque la propuesta establece que estas medidas no constituyen sanciones legales ni censura, sí existiría una extrañamiento público.
“En ningún caso implicará prohibición, suspensión, restricción laboral o censura”. agregó.
Plantean un Código de Ética Periodística
Además, el organismo tendría atribuciones para elaborar el Código de Ética Periodística, recibir denuncias, analizarlas y publicar informes anuales sobre los estándares éticos del gremio.
“Consolida el sistema de protección al permitir una coordinación clara entre el Colegio y el Mecanismo estatal, distinguiendo entre las situaciones de riesgo que requieren medidas de protección”, afirmó.
Diputada niega que Colegio de Periodistas vulnere la libertad de expresión
En entrevista, la legisladora Jaime Castillo, argumentó que la propuesta surge tras reuniones con periodistas, quienes le expusieron inquietudes sobre la falta de reconocimiento a la profesión y los retos actuales.
“Se ha perdido el respeto por el periodismo. Hoy cualquiera con un teléfono se dice periodista pero es una profesión que debe ejercerse con ética”, señaló.",GOOGLE_NEWS_RSS
"¡Adiós, vacaciones! Así estará el clima en Tampico este fin de semana - oem.com.mx",2026-04-11 01:57,2026-04-11T01:57:37+00:00,oem.com.mx,,https://oem.com.mx/elsoldetampico/local/adios-vacaciones-asi-estara-el-clima-en-tampico-este-fin-de-semana-29431300,https://news.google.com/rss/articles/CBMitgFBVV95cUxOU2NfNmd2Q2g0THZMUkZpbFVtbWc5eEhkUUdSSU44RnFMSFYwci1DQmViS2RNR0Q2OGtxbGN2RTJKUHpyS3pCWGtBRmZDbkM0WFhLSnMwM1dhU0VWXzdPbFlnTmMydmp4R0FxdTF6Y2pJZzlZZlVVRjhLTnlPaVBQQ3VvcjE2ZEhhMndQR0hxOHNwSHAtYjVjdGRMdndidXdZalBFZ1Z0YlpaWGFMd1NhSVUwdkNDdw?oc=5,,"¡Adiós, vacaciones! Así estará el clima en Tampico este fin de semana
¿Ya tienes listo el traje de baño para este fin? Aquí te pasamos el dato del clima para que no te tome por sorpresa
Mario Cruces
Se prevé un sábado con cielo mayormente nublado, temperaturas cálidas y rachas de viento considerables.
Para este periodo, se estima una temperatura máxima de 28°C y una mínima de 24°C, generando un ambiente cálido y ligeramente húmedo.
Además, se pronostican vientos sostenidos de hasta 70 kilómetros por hora, por lo que se recomienda a la población tomar precauciones, especialmente en zonas aledañas a Playa Miramar.
Un clima relativamente estable para cerrar abril en Tampico
Municipios como Tampico, Ciudad Madero y Altamira se preparan para recibir a visitantes locales y foráneos. Las autoridades esperan una alta afluencia en playas, parques y plazas comerciales, aprovechando el cierre del periodo vacacional.
Este panorama representa una oportunidad importante para el sector turístico y comercial, anticipando una derrama económica significativa.
Las familias buscarán aprovechar al máximo el fin de semana
Aunque el clima será mayormente nublado, las condiciones generales serán favorables para disfrutar de un sábado agradable e ideal para la convivencia en el sur de Tamaulipas.",GOOGLE_NEWS_RSS
¡Entérate! Cerrarán tramo de avenida Hidalgo en Tampico este domingo; esta es la razón - Milenio,2026-04-11 00:35,2026-04-11T00:35:00+00:00,Milenio,,https://www.milenio.com/comunidad/cierre-avenida-hidalgo-tampico-12-abril-aniversario,https://news.google.com/rss/articles/CBMijgFBVV95cUxQOFFtd2hWcGMzdzdaN1BpT18tQmdMT1JTSHd0d2dLaGRXSmJSVXVGbGMtM3QtTlRrQS0zN19IdV8wTktyaWNhcjZQMEpOcmRfSzJjWl85dTIzSkd2WWZ5MGhNeXhXTlB5WnJ1RkZIWlBvbWdlVmY5N1RZU2F4QkJRMlVmM09zaURqLWxBQU930gGOAUFVX3lxTE4wcXdxUXdLbHE5N3I0bkdfY0owRE96cE16REV5TmhGYnFRVkMwQVVVbGJBZHBJWkZXekM0NjRGN0J2X2ZwSHVubjlVTUZ3OGQ3RkVpbUt6RVZqNmVpNW9aaEthWEYzYTlpbFl4M0dXZF9tMzhyU1VKbFBKSExQTUk3b1M3NFI1VFpmMlhrakE?oc=5,,"La Dirección de Tránsito y Vialidad de Tampico anunció el cierre de un tramo de la avenida Hidalgo, medida que impactará la circulación en una de las principales arterias de la ciudad, por lo que autoridades llaman a la ciudadanía a tomar previsiones.
¿Qué tramos de la avenida Hidalgo cerrarán el domingo 12 de abril?
El operativo vial contempla la suspensión del paso en el carril de sur a norte, desde la calle Torreón hasta la zona centro, específicamente en la intersección de Colón y Carranza, punto donde se concentrarán las actividades.
¿Por qué cerrarán la avenida Hidalgo el domingo 12 de abril?
De acuerdo con la dependencia, la restricción se aplicará este domingo 12 de abril en un horario de 9:00 de la mañana a 12:00 del mediodía, con motivo de la ceremonia conmemorativa por el 203 aniversario de la fundación de Tampico.
Ante esta situación, la corporación exhortó a los conductores a buscar rutas alternas para agilizar la circulación, además de mantenerse atentos a la señalización en la vía pública y a las indicaciones del personal operativo que estará desplegado en la zona.
Piden comprensión de la ciudadanía
Autoridades reiteraron que estas acciones forman parte de los esfuerzos para garantizar una movilidad ordenada y la seguridad de los asistentes durante el evento, por lo que pidieron comprensión y colaboración de la ciudadanía ante las afectaciones temporales al tránsito.
JETL",GOOGLE_NEWS_RSS
¿Sin plan para el domingo? Altamira abrirá su parque acuático gratis para todas las familias - oem.com.mx,2026-04-11 00:01,2026-04-11T00:01:41+00:00,oem.com.mx,,https://oem.com.mx/elsoldetampico/turismo/sin-plan-para-el-domingo-altamira-abrira-su-parque-acuatico-gratis-para-todas-las-familias-29424601,https://news.google.com/rss/articles/CBMi2AFBVV95cUxNbXROWlRNMTdMZlFkdEZMaWs1SmYtR0xadzA1NS1QaWMyZVd0YW9SYVhmd3hQeW5heUcxQ2p6c1hqWlhrSGYybUpIWHo1Z2NlRzBCQTEwTmRqQjBzbXlnblM1LXdiRDBMWlFLR05qZHJ2R3RvQXZxcVBTOWpSbHktSFhhbHpTMGFfWjdlRlJFQmtqc1ZqdUhFc0s0MkE5d09UZlZEYXgyeDFlcERYenVzd2pOQTVGVEo3cE9WaXczTjJPUzQ5bF9MTDktMmJTWFVhb1UxLWVKek4?oc=5,,"¿Sin plan para el domingo? Altamira abrirá su parque acuático gratis para todas las familias
Para ingresar al balneario es necesario que los niños vayan acompañados de un adulto
Miguel Díaz
El acceso al recinto será completamente gratuito para que todos los niños acompañado de sus papás pasen un día agradable y en familia.
¿A qué hora va a abrir el parque acuático el domingo 12 de abril?
La presidenta del organismo asistencial, Rossy Luque, informó lo anterior e indicó que el Parque Acuático del DIF Altamira abrirá sus puertas el domingo con acceso completamente gratuito a partir de las 10:00 horas.
“Cómo un regalo a todos los niños de Altamira para que pasen un domingo en el parque acuático, el acceso será completamente gratis”, informó Luque.
➡️ También puedes leer: De Altamira para el mundo: salineras podrían unirse a la marca Hecho en Tamaulipas
Parque acuático del DIF Altamira: un espacio muy popular
Además la presidenta del DIF informó que en base al reporte de actividades, este espacio recibió recientemente a más de dos mil visitantes, quienes disfrutaron de las instalaciones acuáticas en un ambiente familiar.
“El último fin de semana visitamos el Parque Acuático, donde se entregaron gorras para protección solar y se atendió a dos mil 139 personas”, indicó.
Un espacio seguro para disfrutar en familia en Altamira
Este centro recreativo se ha convertido en una alternativa para las familias que buscan espacios accesibles para refrescarse y convivir sin tener que salir del municipio, especialmente durante fines de semana.",GOOGLE_NEWS_RSS
Edomex continúa campaña “La mejor jugada es adoptar”; podría replicarse en Mundial 2026 - Milenio,2026-04-10 22:29,2026-04-10T22:29:47+00:00,Milenio,,https://www.milenio.com/comunidad/campana-jugada-adoptar-toluca-impulsa-adopcion,https://news.google.com/rss/articles/CBMihwFBVV95cUxPaVB4eHZZbVF4UkRRbm1lU1FYaG1rcWYtMWdCd1ZwZ1REa1FwRFd3RU81dTh1NFlLSjZzcGNkM0JoWTF2NVBMT01VX0c5U0VLUE9wNWpDRl9wN25JOHVuVHFBYzJDTEh4QkVIeFZNRnhDQVRBNDZSMnpobjJRTnhKbGtqS3F0QlXSAYcBQVVfeXFMTlhGSm9YZDJJemFCN1ZfaXB0aG1WMTMtYnJjT2lyLVZLdzc4TWdwSkV2LVpvUWhQZVFlMWROWkJlcEZlQ0RjczlFM1UtTXMwcUJ6czU0b0pXaGdEZUIzc0ZZM2tSVmgtUlZXa3ptTnhVcmRDakFtU3gtRTFkU3c1S19udGhNY2lv?oc=5,,"El gobierno del Estado de México, a través de la Comisión Estatal de Parques Naturales y de la Fauna (Cepanaf) y con el respaldo de la gobernadora Delfina Gómez Álvarez, implementó desde octubre de 2024 la campaña La mejor jugada es adoptar en el estadio Nemesio Diez, del Deportivo Toluca FC.
A través de esta iniciativa, más de 100 perros han sido adoptados desde su puesta en marcha.
La estrategia fue destacada el 4 de diciembre de 2025, durante la conferencia matutina de la presidenta Claudia Sheinbaum Pardo, como un modelo replicable a nivel nacional rumbo al Mundial de fútbol 2026.
Impulso nacional y reconocimiento de la iniciativa
La campaña se desarrolla durante los partidos como local del Toluca FC. Personal de Cepanaf instala módulos de adopción responsable en el acceso A-3 del estadio y, durante el medio tiempo, los animales son presentados en la cancha para promover su adopción.
El proceso es gratuito y requiere identificación oficial, comprobante de domicilio, llenado de ficha de datos, firma de carta compromiso de tutela responsable y aceptación de visitas de seguimiento.
La iniciativa forma parte del modelo CERA (Capturar, Esterilizar, Educar, Resguardar, Retomar y Adoptar)—, firmado por la gobernadora el 8 de octubre de 2025 como política integral de bienestar animal. En su primera etapa, el esquema incorporó a 11 municipios: Amecameca, Chiautla, Chicoloapan, Chimalhuacán, Naucalpan, Nezahualcóyotl, Tejupilco, Tlalnepantla, Texcoco, Villa de Allende y Valle de Chalco.
Modelo CERA y expansión en el Edomex
El objetivo es ampliar este modelo a los 125 municipios de la entidad, mediante brigadas de captura, atención y esterilización, así como campañas de educación y adopción responsable en cada demarcación.
La campaña surgió de la colaboración entre el gobierno estatal y el Club Deportivo Toluca FC, cuyos directivos facilitaron espacios en cada partido para la instalación de módulos de adopción. Cepanaf, adscrita a la Secretaría de Medio Ambiente y Desarrollo Sostenible, coordina la operación. Los lomitos disponibles para adopción provienen de situaciones de maltrato y abandono.
LGG",GOOGLE_NEWS_RSS
Cocodrilos bajo la lupa: estudian enfermedades para prevenir riesgos en Tamaulipas - oem.com.mx,2026-04-10 22:10,2026-04-10T22:10:57+00:00,oem.com.mx,,https://oem.com.mx/elsoldetampico/local/cocodrilos-bajo-la-lupa-estudian-enfermedades-para-prevenir-riesgos-en-tamaulipas-29420005,https://news.google.com/rss/articles/CBMiygFBVV95cUxOMk5YVFJnbUhSejh1WjJ1bTRENDBGeGthbnkwbnhNZmthcXRERy1QTVdQM0dRNmVwb3hEMkZ2NkN1VmtRY2JKVjI3TWZjTnN1UTgwWU81d3hxb1B6QXpiREU1N3FLZzhyM0Mxa3ZGRGx3U1ZXVFVBLW5teDlJd243TEZibDdmOEUtSWFZZkxlS0ZoYnE2YWhfNWJwUXdFem15bExTd295U0JDOWVuM1dGTzNqdTlScTJnYWtEY0hzMnctX2tyWnFEZnJ3?oc=5,,"Cocodrilos bajo la lupa: estudian enfermedades para prevenir riesgos en Tamaulipas
Estudios científicos analizan reproducción, alimentación y parásitos para mejorar protocolos de prevención y manejo en zonas urbanas
Antonio Campos
Estudian dieta de cocodrilos para entender riesgos en zonas habitadas
Además se desarrollan análisis científicos enfocados en aspectos sanitarios de los reptiles, lo que permite conocer posibles riesgos tanto para los ejemplares como para las personas en caso de interacción.
“Estudios de salud de los cocodrilos, bacterias presentes en el hocico, ectoparásitos, y estamos por empezar uno sobre dietas de cocodrilos urbanos con un estudiante brasileño. Estos los tenemos permanentes”, explicó.
Ciencia busca mejorar protocolos de convivencia con cocodrilos en Tampico
Cedillo Leal destacó que este tipo de investigaciones no solamente tienen un valor académico, sino que también contribuyen directamente a mejorar los protocolos de atención de emergencias y prevención de incidentes.
Asimismo, el análisis de la dieta podría aportar información sobre la disponibilidad de alimento en entornos urbanos y cómo esto modifica su comportamiento natural, un factor clave para diseñar políticas de manejo de fauna.
Puntualizó que la investigación científica constante permite tomar decisiones basadas en evidencia y no únicamente en la percepción social del riesgo, lo que fortalece las estrategias de conservación y protección ciudadana.
Temporada de apareamiento incrementa agresividad de los reptiles
“En este tiempo, son sumamente agresivas para defender sus nidos”, mencionó.
Ambos coincidieron sobre la importancia de mantener estos proyectos de forma permanente, ya que la dinámica entre humanos y cocodrilos continúa evolucionando conforme crecen las ciudades y se modifican los ecosistemas naturales.",GOOGLE_NEWS_RSS
Proponen “Ley Ezequiel” para endurecer sanciones a conductores ebrios en Tamaulipas - Milenio,2026-04-10 19:59,2026-04-10T19:59:00+00:00,Milenio,,https://www.milenio.com/politica/ley-ezequiel-endurecer-penas-conductores-ebrios-tamaulipas,https://news.google.com/rss/articles/CBMilgFBVV95cUxNMmMydFJMQ3NKOXJnblJWaS1SSVFIeDlNZ3hYZ2lNcUZJa0s1U2NHYllNeENqMDQ1XzJuUEMyZGdnUVpuLVNvbnlTUzE2SDFCZnpFdXRCdzNtNmVQZHdYT1FiWHpZYjFUT1B3X3Jlc0MyeldEa0loSzNMS01yNnlGcWVINWNEQjhaMTBJNGJBVFNRTU1rV3fSAZYBQVVfeXFMTkE4TkltVzhZZG1qem5fT1lsOHhMc2trREtHRF95OGY0eWRyckp3SXBncGx5TWZ2WmRzUW9FcWRDOE5ucFBRSlBHeTlacWszeW9kWlJJQ2hXcXZiT1ZaZmdHWlFlWTZnTWFWdWhNOEt6VzRvMk9vZHRFN2JjTWVMZ2VmM1dmSVpWUWVUQVRwNXR0N0pVaEln?oc=5,,"El Congreso de Tamaulipas recibió una iniciativa para endurecer las sanciones contra conductores en estado de ebriedad, tras el caso de Ezequiel González Antonio, cuya muerte en Tampico generó indignación social y reavivó el debate sobre la impunidad en este tipo de delitos.
La propuesta, presentada por la diputada Úrsula Salazar Mojica, contempla un Punto de Acuerdo y el anuncio de una futura reforma al Código Penal denominada “Ley Ezequiel”, con el objetivo de castigar con mayor severidad a quienes conduzcan bajo los efectos del alcohol, especialmente en casos donde haya fuga del responsable.
No deben considerarse accidentes
Durante su intervención, la legisladora subrayó que este tipo de conductas no deben considerarse accidentes, sino actos irresponsables y evitables que ponen en riesgo la vida de terceros, por lo que es necesario aplicar sanciones ejemplares.
El planteamiento también incluye exhortos para reforzar los operativos de alcoholímetro y las campañas de prevención, cuya aplicación ha sido irregular en diversas regiones del estado.
En el documento, se solicita además a la Fiscalía estatal informar sobre el avance de las investigaciones del caso, así como considerar agravantes como la conducción en estado de ebriedad y el abandono del lugar de los hechos, prácticas que, según se señala, se repiten de forma sistemática.
Al menos 60 accidentes mensuales relacionados con el consumo de alcohol
De acuerdo con datos expuestos en tribuna, en Tamaulipas se registran al menos 60 accidentes mensuales relacionados con el consumo de alcohol, superando los 400 siniestros al año, lo que posiciona estos hechos como una de las principales causas de muerte prevenible en la entidad.
La iniciativa busca no solo fortalecer el marco legal, sino también enviar un mensaje de mayor rigor ante conductas que continúan cobrando vidas en el estado.
ICGC",GOOGLE_NEWS_RSS
Arte desde el tianguis: crean prendas únicas con ropa usada en Tampico - oem.com.mx,2026-04-10 19:55,2026-04-10T19:55:17+00:00,oem.com.mx,,https://oem.com.mx/elsoldetampico/cultura/arte-desde-el-tianguis-crean-prendas-unicas-con-ropa-usada-en-tampico-29424068,https://news.google.com/rss/articles/CBMivAFBVV95cUxQT3hFNmItQWVncGdKdUlPc0E1cGZzcmVUZElZM3poVHExVGhCOFNrSjdxYlBmdUtaMVlCRnJOQXY2bldfaUs1d3BsRktXSVRtck8wUEZXZExWTkVKbHF1VFNWLWo3bTljb0h0d0E4Q1VPcUN0TDl6aVkyck5uTExFTGNPM0lqLTZWSkhLS0RnU0dpSzVzTS1vS1B0aXBZcUFmZ3dZSTkzdFNtUEQwVXFUQU9jLTI2bTVDMjlFNg?oc=5,,"Culturaviernes, 10 de abril de 2026
Arte desde el tianguis: crean prendas únicas con ropa usada en Tampico
El proyecto “Trans-mutando la identidad” rescata prendas para crear piezas con identidad y un enfoque de consumo responsable
Roberto González / El Sol de Tampico
Tres piezas que narran identidad y memoria
“Me di cuenta de que, aunque fuera ropa usada, seguía habiendo consumo sin medida. Entonces pensé: ¿qué hago con lo que no se vende?”, afirmó.
La tercera propuesta mezcla la cultura tamaulipeca con vivencias personales, como la música tradicional, reinterpretando prendas desde una mirada contemporánea.",GOOGLE_NEWS_RSS
¿Cómo elegir tu auto ideal? Esto dicen los expertos - Milenio,2026-04-10 19:25,2026-04-10T19:25:00+00:00,Milenio,,https://www.milenio.com/negocios/finanzas-personales/cosas-que-debes-saber-antes-de-comprar-un-carro,https://news.google.com/rss/articles/CBMiogFBVV95cUxNU3hUV1FmaVdXWlB3aHk2ekZuQXByaEh3aFVlaWxQS254LTNwTDE0UGx5RkE2WnNHZ0VFeDlrUTBSZGxqRU8wVWFFc1BZQTFoemlMMlJ0RmpLa0FMc0drQXNBQi0tdVdyemRxN3VwUGFqSFMwRE9kY2VTU0I0TmF3STlqUU1fclYwNkVpVUVyVHRYdWN5eHdheVE3d2Z2NDhJSnfSAaIBQVVfeXFMUHAxakZtZFE4dGFNMjg2TzAwUk4xdTM3QS1vMlJKQnlRRDFyUTF5RGViMk1MNUUtSzhvQXYtdmxoYm5DYnhRMGFmZlhxdFVsVmhWeTh5ZW41SHphU1BBTXphSWEza2dzbU1EdTJHVE5aQ3k5TDg1ejdMZ1NjR0l4RGJLcmkySEJlMDdGMFVjQ0FHdTE2d0NWZjd5Rnk4Q0NOS3FR?oc=5,,"Cuando eres joven y tienes la posibilidad de comprar un auto, es fundamental que consideres ciertos lineamientos antes de adquirirlo. ""Del la vista nace el amor"", pero la eficacia nace la seguridad, tomando en cuenta las recomendaciones de un especialista podrás elegir tu primer auto sin arrepentirte a los días de haberlo comprado, evitar gastos mayores y sobre todo poner como prioridad tu protección.
En una entrevista exclusiva con Álvaro Daniel, gerente de Megamotors pudimos recopilar los elementos clave junto a recomendaciones para facilitarte la elección del mejor carro según tus necesidades.
Características al elegir un auto
Previo a la selección de tu coche perfecto, hay ciertas características importantes que debes plantear para poder identificar las necesidades antes que los gustos, de acuerdo a nuestro guía, estos son las principales:
Uso del vehículo
La selección de un vehículo debe basarse en el uso que se le dará, es decir, considerar si es para ciudad, carretera, distancias cortas, carro de servicio, entre otros. Y para que entiendas mejor te damos 2 ejemplos.
En el caso de jóvenes de ciudad, lo más recomendable es un coche pequeño o eléctrico, ya que brindan practicidad, son económicos y fáciles de manejar.
De lo contrario, si hablamos de estudiantes foráneos quienes viajan con frecuencia lo idea es un auto de mayor tamaño, como un sedán o compacto, que brinda mejor estabilidad y confort.
Tipo de automóvil
Existen diferentes segmentos: subcompactos, compactos, sedanes o SUVs.
Aunque las camionetas están de moda entre la 'chaviza', los sedanes suelen ser más eficientes en consumo de gasolina y su desempeño en carreteras. La elección dependerá de las necesidades de movilidad y estilo de vida.
Características técnicas
Un aspecto fundamental es la distancia de eje que influye directamente en la comodidad del viaje, es decir entre más sea la distancia entre llantas, mayor estabilidad y menor percepción de vibraciones. Estas características mecánicas son importantes para definir qué tan confortable será el vehículo.
Costos y mantenimiento
Los autos más sencillos tienen menor costo de seguro y mantenimiento. En cambio, los vehículos más exclusivos, nuevos o deportivos implican mayores gastos y cuidados. Es importante considerar la disponibilidad de refacciones y el costo de reparaciones.
Proceso de elección
El mercado ofrece muchas opciones, de acuerdo al especialista investigar, comparar y reducir alternativas es primordial para la elección. Analizar factores de precio, funcionalidad, mantenimiento y garantía facilitaran el reconocimiento de tu carro ideal.
Equilibrio entre razón y gusto
La elección que hagas se debe equilibrar entre lo práctico y lo personal, elegir un auto que sea funcional y económico, pero que también te guste y genere satisfacción al conducirlo.
¿Qué no hacer al comprar un carro?
- Falta de investigación: evita comprar sin información; es mejor elegir marcas confiables que ya conoces o que tengas recomendaciones de familiares y amigos.
- Demasiada tecnología: los coches con sobrecarga de sistemas electrónicos pueden presentar más fallas de lo habitual y ser costosos de mantener o reparar.
- Autos usados: se debe tener cuidado con vehículos reparados o con historial dudoso, ya que pueden generar gastos mayores, el verdadero, 'lo barato sale caro'.
- Compras por impulso: elegir solo por gusto puede resultar más caro de lo normal.
- Mantenimiento costoso: los autos de lujo o poco comunes suelen tener refacciones caras y difíciles de conseguir.
- Falta de presupuesto extra: si no se considera dinero para el mantenimiento básico, el auto puede convertirse en una carga económica.
Un auto con las 3B: bueno, bonito y barato
La probabilidad de encontrar un auto con una buena relación calidad-precio no es fácil, pues al acudir a la agencias las marcas aseguran ofrecer las “3B”. Según nuestra fuente, destacan principalmente las marcas japonesas por su confiabilidad.
Se caracterizan por incorporar menos tecnología (reduce fallas y facilita el mantenimiento) y persiguen la idea de que el producto que tienen debe de mejorarse antes de sacar otro. Así mismo sobresalen por su calidad de ensamblaje.
Ejemplo:
- Suzuki, apariencia sencilla y excelente fabricación.
- Subaru: confiabilidad y desempeño (su presencia en México es limitada).
Estos autos representan una opción equilibrada entre costo, durabilidad y funcionalidad.
El índice de fallas y seguridad
Para conocer el índice de fallas de un automóvil, es recomendable consultar estudios especializados que analizan la confiabilidad y satisfacción de los usuarios.
Entre ellos se encuentran...
- Consumer Reports: Evalúa vehículos con base en reportes reales de fallas y desempeño.
- J.D. Power: Realiza estudios sobre calidad y confiabilidad.
Es importante considerar que no todos los modelos disponibles en el país aparecen en estos análisis, lo ideal es complementar esta información con los lineamientos que compartimos y tu investigación antes de tomar una decisión.",GOOGLE_NEWS_RSS
Frutinovelas: ¿Cómo hacer las novelas de TikTok con IA? Guía paso a paso para crear tu video - Milenio,2026-04-10 18:03,2026-04-10T18:03:00+00:00,Milenio,,https://www.milenio.com/virales/frutinovelas-tiktok-como-hacer-video-paso-a-paso,https://news.google.com/rss/articles/CBMihwFBVV95cUxPUWMyak9wandkS2NfWGI2UVkwQlRjVzZkZ19rLXo3V1ROX3o2MHRqXzh2MUM0dmw2Yi13bEt5S0I1amZTMllSNFNTeUJKWklfVFhBczBlUkF3dzBiUnRQRW8xa05BLXRjS040OUxBdXl5SFRoaFhUblF6WWRVQmJGN1dtZ3RoRWPSAYcBQVVfeXFMTmlXdFJNamhhMW94NmQtZ2tGM2JLeW1HNDJVeGV0bmdCWkNnN1dqa21GdDQ0M3I1QVFwLWZYa2NseXhvU3JxQjRVXzkxbDZiV1U4dm1BZGRxQjN5T1FUZVVtWnZMU3BlUkNvZmNmT1dIaDg4SkRxZXpsWTd3aVZ6M3dqX2RFX1VR?oc=5,,"TikTok es una de las plataformas más importantes dentro del mundo tecnológico, pues su contenido basado en videos cortos ha hipnotizado a millones de usuarios que día con día consumen los metrajes que encuentran en la app.
Aunque ahora la tendencia son las Frutinovelas, o las “frutas infieles”, por eso aquí te diremos cómo es que las hacen por si buscas crear tu propia historia.
¿Cómo hacer las Frutinovelas paso a paso?
La nueva tendencia en TikTok y en otras plataformas de video son las Frutinovelas y aquí te diremos cómo crear la tuya paso a paso
Paso uno: Tienes que definir la trama y la apariencia de cada uno de tus personajes, para esto puedes utilizar apps como Gemini o ChatGPT, así como otras opciones para generar imágenes a través de prompts.
• Cómo hacerlo: Pide un guion de ""telenovela intensa"" en formato vertical (9:16) y solicita los diálogos por separado para cada fruta.
Paso 2: El audio es lo que le da dramatismo a estos videos, por lo que una parte importante es convertir tu guion en audio; para esto pueden funcionarte opciones como: CapCut (función ""Texto a voz"") o el nivel gratuito de ElevenLabs.
• Cómo hacerlo: Selecciona una voz grave para el ""villano"" y una más aguda o dramática para la ""protagonista"".
Paso 3: Ya que tienes tus personajes definidos, es hora de crearlos.
Las imágenes de frutas con rasgos humanos pueden ser generadas con diversas inteligencias artificiales, algunas de paga y otras con opciones gratuitas como Midjourney, DALL-E, Leonardo.ai o Gemini.
• Cómo hacerlo: Para este paso usa los prompts creados anteriormente; un ejemplo podría ser: ""Estilo Disney Pixar, una fresa con vestido de gala en una mansión, 3D"".
Paso 4: Llegó la hora de la animación o el lipsync; este paso será el que una las imágenes y los videos con los audios, para esto hay varias opciones como Hixfield.ai (modelo Cdance 1.5 Pro) o HeyGen, aunque también puedes optar por Luma Dream Machine, Kling AI (ofrecen pruebas gratuitas) o Pika Labs (vía Discord).
Cómo hacerlo: Sube la imagen de la fruta y el audio del paso 2; la IA moverá los labios automáticamente al ritmo del habla.
Paso 5: Ya con todos los metrajes creados puedes utilizar alternativas como CapCut para así unir todo y agregar música, lo más dramática posible.
Cabe señalar que la mayoría de los generadores de imagen o videos de IA solicitan suscripciones con costo monetario; algunas permiten creaciones limitadas, para que tengas esto en cuenta al momento de crear tu historia.",GOOGLE_NEWS_RSS
"Sentencia de 15 años a Erick ""N"" y Sergio ""N"" tras portación de armar de las Fuerzas Armadas Permanentes - Milenio",2026-04-10 18:01,2026-04-10T18:01:00+00:00,Milenio,,https://www.milenio.com/policia/sentencia-a-dos-hombres-tras-enfrentamiento-en-matamoros,https://news.google.com/rss/articles/CBMikgFBVV95cUxNbUpVcmU4ckRVQ1c2M0RxRzdUdnlKUG9yWTlyM0lHVGZGOUExYVBFN1JfcG9iTWN2VGxlNk1id0w4MldnYUJFNW0tTXdZald0V2FKck5SMy1hM0ZRYU9Nenp5dWNDWTFnMlk2anV2S3ZNNzFhaUlNWnR4ZUZlWm5WanE0YVhfSnhqYnI3WnR0MHFZQdIBkgFBVV95cUxQdDBIRUxhLUEyNmxEa1Q5eV9Xam00czFFQzRLcEpQQW1OdXlXNmZjckpPYm5QQW1qOHBZc203bGFZR0tSakZXLXhvTTFtQk1pcng2UjR6M2tEVWxTcnUxd0huRWxNSm9CSEtlWTFxcXRMQ21BN0ZJNmFlcFA2TlY3SWY3M3g0MDZ3UjlBdEFZUTB2dw?oc=5,,"Dictan sentencia de más de 15 años a dos hombres al acreditarse su participación en el delito de portación de armas, luego de presuntamente agredir elementos de seguridad en el poblado Guadalupe Victoria en Matamoros, Tamaulipas.
Posesión de arsenal de las Fuerzas Armadas
La Fiscalía General de la República (FGR) a través de la Fiscalía Especializada de Control Regional (FECOR) en Tamaulipas, obtuvo la sentencia contra Erik “N” y Sergio “N”, tras su participación en el delito de portación de armas de fuego, posesión de cargadores y cartuchos, todos de uso reservado de las Fuerzas Armadas Permanentes.
¿Dónde ocurrió el ataque?
Elementos de la Defensa fueron agredidos por personas armadas en una brecha del poblado Guadalupe Victoria, en el municipio de Matamoros, Tamaulipas.
La detención de Erik y Sergio
La detención se llevo a cabo por parte de la autoridades militares donde aseguraron cuatro armas de fuego, 26 cargadores y más de 630 cartuchos del mismo calibre, los cuales fueron puestos en disposición de esta fiscalía junto a los imputados.
El Agente del Ministerio Público presentó las prueba ante el juez de Control quien calificó la detención y vinculó a proceso a los detenidos
La condena por el delito
El juez emitió una condena de 15 años cinco meses de prisión en contra de Erik ""N"" y Sergio ""N"" por los delitos mencionados.
#VoceríaInforma
— Vocería de Seguridad Tamaulipas (@VoceriaSegTamps) April 10, 2026
La Fiscalía General de la República (FGR) a través de la Fiscalía Especializada de Control Regional (FECOR) en Tamaulipas, obtuvo sentencia condenatoria contra Erick ""N"" y Sergio ""N"", al acreditar plenamente su participación en el delito de portación de armas de… pic.twitter.com/FpEZsvmfEE
AA",GOOGLE_NEWS_RSS
"Covid prolongado, el virus que afecta la economía - Milenio",2026-04-10 17:22,2026-04-10T17:22:31+00:00,Milenio,,https://www.milenio.com/negocios/financial-times/el-covid-prolongado-variante-del-coronavirus,https://news.google.com/rss/articles/CBMimAFBVV95cUxONlRETFBiMWtJVjZVcl9BVDNvVjVtVU5PTmZmQzlxYXdaaEE5b0hEeldxVk9CZExCdnRTVUVpYmpoN0hYWmFjTlZfNUx2T1RlQ0xHQmo2RUlNZ0RrVnlxMUtqWlBHbzk2TmFmOTZnaEdkRG1fS1QxMVg0NWRsNlpZaVV0V1lqekc1MmNselFEUjhpcjI0Ml9JTNIBmAFBVV95cUxOalNnN2IxekZnYWZKNm1ZcDdUVjZtQThsbTZHMkVDbDhRX2NhZ3pXSjJBRm5LSzJySTltUEtBbkpSR3dfUlFmVE16WW5XNjRBbm9kMEVjaWlMNlZ6WkJJWWVsbE9TU2RXZHEydjFoR1VEdDEtZmlsSjJvSm9za1IwYnZySnJsa0hLWHR2OW11cnoxQ0ZSM1JIdg?oc=5,,"El impacto de las enfermedades de larga duración tras contraer covid-19 podría costar a los países de la OCDE hasta 135 mil millones de dólares (mdd) anuales y afectar sus economías durante al menos una década, según una nueva investigación.
El golpe al PIB —derivado de la menor productividad, el aumento de las ausencias laborales y la salida de trabajadores del mercado— superará ampliamente los costos adicionales en gasto sanitario, señala el estudio publicado por la OCDE este miércoles.
El documento busca cuantificar los efectos económicos del llamado “covid prolongado”, una condición debilitante aún poco comprendida y con datos limitados.
“Este trabajo ofrece por primera vez una estimación integral de la carga económica del covid prolongado”, afirmó Guillaume Dedet, economista senior de salud de la OCDE. “Demuestra que los costos del covid-19 no terminaron con la fase aguda: el virus seguirá pesando sobre las economías durante años”.
el dato...Hasta 135 mil mdd anualespodría costar el covid
Prolongado a las economías de la OCDE
El informe prevé pérdidas de entre 0.1 por ciento y 0.2 por ciento del PIB, equivalentes a hasta 135 mil mdd anuales, incluso en escenarios de transmisión baja o moderada.
El impacto es “sustancial” y proviene principalmente de costos indirectos asociados a la reducción de la productividad y la participación laboral, aunque advierte que estas cifras podrían subestimar la carga real.
La OCDE subraya que estas repercusiones se suman a problemas estructurales como el bajo crecimiento y el envejecimiento poblacional. Medir el impacto ha sido difícil debido a la falta de seguimiento sistemático de los pacientes tras el pico de la pandemia.
el dato...Entre 0.1 por ciento y 0.2 por ciento del PIB
Es la pérdida anual proyectada en crecimiento económico
Para su análisis, el organismo utilizó encuestas de Estados Unidos que muestran un aumento sostenido en ausencias laborales por salud y salidas del mercado laboral, así como estudios de Reino Unido, Australia y otros países.
En conjunto, la evidencia apunta a que los síntomas persistentes no solo son un desafío sanitario, sino un freno estructural al crecimiento económico.
Aunque algunos países han avanzado en el reconocimiento y tratamiento del covid prolongado, persisten vacíos importantes, como la falta de rutas claras de atención y la escasa coordinación entre políticas de salud, empleo y protección social.
el dato...18 millones de adultos en Estados Unidos
Viven con Covid prolongado
El covid prolongado —definido como síntomas que persisten al menos tres meses— afecta a millones de personas y puede provocar fatiga, dificultad para respirar y deterioro cognitivo. Aunque sus causas no se comprenden del todo, investigaciones sugieren que una respuesta inmunológica excesiva y la inflamación crónica podrían ser factores clave.
AAL",GOOGLE_NEWS_RSS
Tampico busca atraer cruceros en evento internacional en Miami tras 17 años sin arribos - Milenio,2026-04-10 16:09,2026-04-10T16:09:04+00:00,Milenio,,https://www.milenio.com/comunidad/tampico-busca-atraer-cruceros-evento-internacional-miami,https://news.google.com/rss/articles/CBMilAFBVV95cUxNZkJtclhLMEtFSk5mdDNtYVRzNThNWWhPUllZdmh0UkhYRnJHNXRDbGpLbE5BVElZWXZzRWVQWTVJQjNvMkhmaUE1VWFHRDRkODZIUG4yc0ozZ3d4ZXd0a3RmSDFkemkwSnNCdTB1U29QSk4zTkZKV2hsUXRJNVQ2alRsNGpjOTIwLUczSmhMbkJ0WWxK0gGUAUFVX3lxTFBNZmY3TS11eEtvbnpVSDlER19LcEE5X0hiS0c1MGhmd0ppVjJLaWROVFU2MHZHQThURk4ybEEtcUsyVmFFaFp1RGFUSkxRaXJEeVZDNnhLUXZYLS14dlRqNkhMd0V0Vy1YcnJUWWtWdkEyTzVKem9udHRMSEhtOE1YbDJGVGp3TlFEd3JJTExlcmZqME8?oc=5,,"Las autoridades de la Asipona Tampico acudirán a un evento turístico en Miami, Florida, con la finalidad de promover el destino y atraer la llegada de cruceros a la zona sur de Tamaulipas, luego de 17 años sin recibir uno.
Participarán en Seatrade Cruise Global 2026
Jaime Herrera Romo, director de la Asipona Tampico, indicó que se trata del Seatrade Cruise Global 2026, que se celebrará del 13 al 16 de abril en el Miami Beach Convention Center, al cual asistirán autoridades portuarias de la región.
“Vamos llevar un grupo a Miami, Florida, con el grupo de comercialización, para promover el puerto de Tampico en lo turístico, en el evento que será a mediados de este mes de abril”, aseguró.
Buscan atraer cruceros al puerto de Tampico
Se trata de un evento internacional enfocado en la industria de cruceros, donde buscan que empresas de distintas partes del mundo consideren a Tampico como un destino viable.
“Sí, es un evento directamente turístico de cruceros y la intención es promover el destino desde ahora como un lugar al cual pueden arribar cruceros de mediana estampa por la cuestión del canal de navegación, la altura que tenemos con el puente, pero ya que lo vimos en 2009 el buque The World estuvo por aquí y sí será posible”, recalcó.
Indicó que en el evento participarán 15 de las 18 Asiponas del país, con el objetivo de impulsar el turismo en los puertos mexicanos.
“Hay mucho interés también de ellos, a ese evento, pues vamos 15 de las 18 Asiponas que existen en todo el país a promover la parte turística de México”, señaló.
Así fue la visita del último crucero en Tampico
Fue en 2009 cuando arribó el único crucero a Tampico: el buque The World, una embarcación enfocada a recorrer el mundo.
En aquella ocasión, el barco llegó con 245 tripulantes y 77 pasajeros, permaneciendo cerca de 10 horas en el puerto, donde fue recibido con mariachis y la banda municipal.
Actualmente, la Asipona realiza acciones para fortalecer la infraestructura portuaria, como el dragado del río Pánuco iniciado a principios de 2026.
El objetivo es aumentar la profundidad del canal de navegación hasta cerca de 20 metros, lo que permitirá la llegada de buques de mayor calado y potenciar el desarrollo turístico en la región.
Estas acciones se suman a la restauración de la ex Aduana de Tampico, proyecto clave para detonar el turismo y reactivar la llegada de visitantes al puerto.
SJHN",GOOGLE_NEWS_RSS
Monseñor Margarito toma posesión como Obispo de Tampico - Milenio,2026-04-10 15:24,2026-04-10T15:24:00+00:00,Milenio,,https://www.milenio.com/comunidad/ceremonia-de-inicio-al-nuevo-obispo-de-tampico,https://news.google.com/rss/articles/CBMihwFBVV95cUxQdDB3MUg2b0lSMWRPMEplcWFfbEtOT1pwOG5ESlQteDM3RzF2VV9POTZqSTRfSWUzZkVvcmhWaDJWT3NEYm5fSHkydEF4eFlSZTVfSXZ6NlVmRV9lWkxxZm16QmRtYWNpUkxrUFJDSE8zRkdEbUlqSlU0Ty0yRHY3R21YZTJYcm_SAYcBQVVfeXFMUGZDYnZTV2hlS1QtMnBTTk9MUXozQWE5Nmo0OUY5NDBCX0RmeENfazB3YUdYYmdFdHJwU0tCSWdKMnB5czhqMUJoSVhjbHVIekJqd1RqbFZQQWloSllSdWpvU1RMalR5NWZJTzQyQkZtV1N3UkZvMExzNDIySkRDMU14REJXQW04?oc=5,,"Desde las 9 de la mañana los ciudadanos, fieles y sacerdotes ya rondaban la Catedral Tampico, sentados en la plaza de Armas o parados junto a la puerta principal adornada con flores amarillas y blancas, todo listo para presenciar la Profesión y Juramento de Fidelidad de Monseñor Margarito Salazar Cárdenas.
Previa apertura en la Catedral
La ceremonia estaba programada a las 10 de la mañana, pero había mucho interés por ingresar a la histórica Catedral dedicada a la Inmaculada Concepción de la Santísima Vírgen María, así que para las 9:21, se abrieron las tres enormes puertas de madera del templo.
Con una puntualidad pulcra comenzó el evento programado a las 10 de la mañana, así lo anunció el sonido desde el interior de Catedral, así que el Colegio de Consultores, encabezado por el Nuncio Apostólico, Monseñor Joseph Spiteri, representante del Vaticano, así como el Arzobispo de Monterrey, Rogelio Cabrera López, que participa como nuncio metropolitano.
La ceremonia inicial para recibir el cargo como obispo de Tampico
Lo primero que hizo Monseñor Margarito al ser recibido por el Colegio de Consultores fue besar la cruz y, cuando todos pensaron que caminaría hacia el altar central por el pasillo, caminó a su izquierda para ingresar a la capilla del Santísimo Sacramento, que está en la parte lateral del templo.
Al interior del inmueble histórico más importante para la Diócesis, las bancas estaban perfectamente definidas. Las más cercanas al altar y en el pasillo central, fueron dedicadas a la familia de Monseñor Margarito, que hizo presencia desde Matamoros, además de los padres y amigos que llegaron desde Matehuala, San Luis Potosí.
El Arzobispo de Monterrey tomó la presidencia de los ritos iniciales, pidió una oración de todos los presentes, que respondieron al unísono. En ese momento, Monseñor observa con mucha atención al Arzobispo de Monterrey, cuidadosamente, con la concentración de un buen discípulo o estudiante a un buen maestro.
Profesión y Juramento de Fidelidad
Llegó el momento de que Monseñor Margarito Salazar realizara la profesión de fe y juramento de fidelidad, de acuerdo al canon 833 del Código de Derecho Canónico.
“Yo, Margarito Salazar Cárdenas, elegido obispo de esta Diócesis de Tampico. Creo con fe firme y profeso todas y cada una de las cosas contenidas en el Símbolo de la fe”.
Como parte del Juramento de Fidelidad que el Obispo tiene que presentar a la iglesia Católica y a la Santa Sede, aseguró que “en el desempeño del mandato que se me ha encomendado, con especial predilección atenderé a los sacerdotes y diáconos, prudentes colaboradores del Orden Episcopal, así como también a los religiosos y religiosas que participan en la misma acción pastoral. También tendré gran cuidado en la promoción de las vocaciones sacerdotales y religiosas para atender a las necesidades espirituales de toda la Iglesia, como se aconseja”.
Posteriormente, el diácono acerca el Evangeliario, que está sobre el altar, para que lo toque y posteriormente, los ministros acercan un reclinatorio que estaba en un espacio cercano al grupo de jóvenes que canta al interior de Catedral, para que se realicen las firmas bajo la dirección u presencia del secretario canciller de la curia.
Como parte del protocolo, ya se hacía sentir una emoción en el aire porque después de un año, habrá Obispo en Tampico. Llegó el momento de reconocer a la Virgen de la Inmaculada Concepción que está en el altar principal, observando todo desde la parte superior del templo, a quien se le reconoce con un ramo de flores blancas y amarillas.
AA",GOOGLE_NEWS_RSS
Alfa y Omega / No es de queso - oem.com.mx,2026-04-10 15:18,2026-04-10T15:18:03+00:00,oem.com.mx,,https://oem.com.mx/elsoldetampico/analisis/alfa-y-omega-no-es-de-queso-29412661,https://news.google.com/rss/articles/CBMihgFBVV95cUxQWXg1YThSWWR6SnFwZU14LTlXeUJ1a3VYOGpNNkp2N3RnelJDOGkzc2R5UWc2Tks2UUVUZWFtdmRrM3c1c3E3dm1FVHVMNkFPNlFEZUdFX2ZlUkt0Y0JFZVRSS05oOWZvMk9yZFNUaURRMGZIVjhiQTlVd21lLUc2RDgwYWJrQQ?oc=5,,"Alfa y Omega / No es de queso
En asuntos más realistas, Altamira sigue conquistando avances de gran valía en su transformación hacia el futuro, con obras de enorme trascendencia y de importante servicio a los habitantes de esa pujante ciudad del sur de Tamaulipas.
Con esta Estación del Heroico Cuerpo de Bomberos de Altamira, se beneficiará a 270 mil personas que la habitan, reforzando la seguridad y protección de vidas en casos de desastres ígneos.
P.D.- Pues no, la luna no es de queso, es real y está ahí para un propósito más importante que servir de inspiración a los poetas, ¿no cree usted?",GOOGLE_NEWS_RSS
"El pulso de la economía / Pulso del empleo, las tres realidades - oem.com.mx",2026-04-10 15:18,2026-04-10T15:18:03+00:00,oem.com.mx,,https://oem.com.mx/elsoldetampico/analisis/el-pulso-de-la-economia-pulso-del-empleo-las-tres-realidades-29412549,https://news.google.com/rss/articles/CBMisgFBVV95cUxOb3lRTnZGZkVaVkJpQXRsZGNEZFZmbkVVWHljRDhPNUk3a1pNeVhNbVFERkdkNGMybV91MDR0amxwTmhTZ1NuSHNRUHdJQ2FIUjVXYlJSNjRNOWdBUko3TklubjJ4cEZuMXpMeC1NT2lkWkhKbC1BZEFNbG1mMG16UUFLOGRDZnc2OVcwQ2FfbDR5Y2VlWHZFdjdISUMwUUZMRFhCdVNYRDVJZkVYQUZEZXVn?oc=5,,"¿Te quedas fuera de la conversación? Mandamos a tu correo el mejor resumen informativo.
Para entender hacia dónde se dirige nuestra región, no hay mejor manera que hacerlo a través del empleo formal. Los empleos nos muestran el comportamiento de lo que se demanda, cómo estamos evolucionando y cómo se gana la vida la población. Para lograr este objetivo, analizaremos el empleo formal entre el periodo de febrero de 2025 y febrero de 2026 para la zona conurbada de Tampico, Ciudad Madero y Altamira, empleando datos del Instituto Mexicano del Seguro Social.
Los resultados nos muestran una región que enfrenta un panorama de claroscuros. Mientras un municipio se mantiene creciendo dada su vocación industrial, los otros dos enfrentan contracciones relevantes que demandan replantear la estrategia económica en materia comercial y de servicios.
De los tres municipios, Altamira es el único con números positivos durante el periodo de análisis, pasando de 45,046 a 45,293 empleos formales, lo que representa un ligero incremento de 0.5% en la generación de empleo en el último año. La estructura productiva de Altamira radica fundamentalmente sobre las actividades industriales. La construcción de edificaciones y obras de ingeniería civil lidera el total de empleos formales con alrededor de 6,129 puestos de trabajo. En el último año, este sector ha tenido un crecimiento de un 9.2%. A esto se suma el crecimiento notable del transporte por agua, que en el último año creció un 17%, reflejando el dinamismo y la importancia de su puerto a nivel nacional e internacional. Sin embargo, no todo es positivo: sectores como el transporte terrestre disminuyeron 2.8% y los servicios profesionales disminuyeron 4%, lo que indica que hay sectores que requieren reactivación económica.
Por otro lado, Tampico sigue siendo el principal empleador formal del sur de Tamaulipas, contando con un total de 80,833 puestos de trabajo formal para febrero de 2026. No obstante, sufrió una contracción del 1.9%, lo que significó una pérdida de alrededor de 1,600 plazas de empleo formal. El ADN de Tampico es completamente comercial y de servicios; su principal actividad es la compra-venta en tiendas de autoservicio y departamentales. En total, este sector genera alrededor de 8,663 empleos; sin embargo, se mantuvo prácticamente estancado con un crecimiento de apenas 0.3% en el último año. Dada la situación económica de la región, en donde se observa una contracción agregada, esto ha contribuido a modificar el consumo de la población en el sur de Tamaulipas, ajustando su presupuesto. La población está gastando más en lo esencial, es decir, en alimentos, y recortando gasto en ropa, salidas a comer y servicios personales. Esto se visualiza al revisar que las actividades relacionadas con los restaurantes, la compra-venta de prendas de vestir y otros servicios similares han caído entre un 10% y 17% en el último año. Dada la naturaleza de las actividades del municipio de Tampico, cuando la economía se contrae o entra en un proceso recesivo, es la ciudad que más resiente la pérdida de poder adquisitivo.
El caso de Ciudad Madero requiere atención urgente y un plan de acción económico para detonar el crecimiento de la ciudad. El municipio experimentó en el último año una caída de 7.2% en su empleo formal, pasando de 17,725 puestos de trabajo en febrero de 2025 a 16,442 trabajadores en 2026. La radiografía de Ciudad Madero muestra una economía dependiente de los servicios profesionales, la construcción y el comercio minorista, en donde se observa una fuerte desaceleración económica en el último año. La caída más alarmante se dio en el transporte terrestre, que perdió casi una tercera parte de su fuerza laboral, es decir, un 31.9% de empleos formales. Los servicios profesionales y técnicos, su principal pilar de empleo, también se contrajeron en 10.9% y la construcción cayó un 8.8%. Las únicas actividades que han logrado desarrollarse en el último año son los servicios de enseñanza y la venta de maquinaria y equipo, que tuvieron un crecimiento alrededor del 6%; sin embargo, resultan insuficientes para amortiguar la pérdida generalizada de empleo formal.
Como podemos observar, la economía del sur de Tamaulipas es muy diversa, por ello se debe actuar de manera diferenciada en cada uno de los municipios. En el caso de Ciudad Madero, se deben fomentar políticas de innovación en los servicios. Para Tampico, se requieren políticas para una transición y modernización del comercio con una perspectiva más regional. Finalmente, en el caso de Altamira, es vital facilitar y generar las condiciones de infraestructura para el desarrollo de un mejor clima de negocios industriales y movilidad de mercancías. El propósito fundamental de fomentar y velar por mejores condiciones de empleos formales en nuestra zona es reducir vulnerabilidades y elevar la calidad de vida en nuestra población. Usted, ¿qué piensa",GOOGLE_NEWS_RSS
Violencia de pareja en Tampico: hasta 15 reportes diarios - oem.com.mx,2026-04-10 14:35,2026-04-10T14:35:17+00:00,oem.com.mx,,https://oem.com.mx/elsoldetampico/local/violencia-de-pareja-en-tampico-hasta-15-reportes-diarios-29270836,https://news.google.com/rss/articles/CBMiqAFBVV95cUxONm1nRUpqcTR5NktnMEEwLVRDMXVhVUVLOUlqWVBsX0U3OXJyMWliRVhoSEFPQ1ZlVGJpQkFMTmV1TF9SZjJGcC1FMk1MdGZwUzVtZk0ya2FPQy0xNEl5MUhtR0dtRzMzeXpBRzExYUFBVXNlam5mRWVhbmdoTmF1bnlzYmU2dkJFdmRmejBJbkV1YkNaUXliLXlJSUhnaEVnNDFXbmVpekQ?oc=5,,"Violencia de pareja en Tampico: hasta 15 reportes diarios
En Tampico se han detectado casos de violencia en noviazgos de secundaria, inician con gritos y jalones
Yadira Hernández
Tamaulipas: séptimo lugar nacional en casos de feminicidio
Las actividades incluyen pláticas y foros comunitarios donde las autoridades escuchan directamente las problemáticas de los vecinos.
Destacó que, aunque todos los casos son atendidos, la recurrencia evidencia la necesidad de fortalecer la cultura de la denuncia y la prevención en el ámbito familiar.
Detectan casos de violencia desde el noviazgo en nivel secundaria
“Es importante que procedan a la denuncia para ponerle fin a estos casos; en su mayoría se derivan desde jaloneos o gritos, básicamente”, explicó.
Explicó que estas situaciones han sido identificadas durante pláticas preventivas en planteles educativos, donde las estudiantes, al sensibilizarse, expresan situaciones de violencia que muchas veces no son denunciadas.
Destacó la importancia de involucrar a las familias en la atención de estos casos, con el fin de frenar conductas de violencia desde etapas tempranas y evitar que se normalicen en la vida adulta.
Municipios como Reynosa y Ciudad Victoria encabezan las estadísticas estatales en este delito.
Más de 11 mil llamadas al 911 por violencia de pareja en 2025
En cuanto a violencia familiar, la entidad ocupa el lugar 15 a nivel nacional, mientras que en el periodo de enero a febrero se contabilizaron más de 83 mil reportes relacionados con este tipo de agresiones en el país.",GOOGLE_NEWS_RSS
Inauguran nuevo cuartel de Bomberos en Altamira con inversión superior a 30 mdp - Milenio,2026-04-10 14:31,2026-04-10T14:31:00+00:00,Milenio,,https://www.milenio.com/comunidad/altamira-inaugura-nuevo-cuartel-de-bomberos,https://news.google.com/rss/articles/CBMigwFBVV95cUxQWDl5Uno0YnQxX1pqR3ZBRl9FQWRzUFAtbWxaZ3Q4M1pzV2VJMUs1a2JoYkZYY2pFSHJuTGwzUm9oTmRlNTZ1blRBR2dGd2dOaG9wNVU4cEc0N3RNYzBWcl9GeFB5Qy12V2hWUlgxZ3pUc002VXc5OHVqVjhhenRMa3k5Y9IBgwFBVV95cUxOQlBoMWNiaW1LZmJIQnhnWnlqQmhLOVp5M3pTVWxfam5FS1h1U1MxaVFWNTlOa2p1NEdYOVRKZHU3c1cwQU9fYXJpckthNmt5SlhWYnNzTFhTbXVWcUpTTDJZeGFKY2Jic1QzUW5jeXV5bzZyNkZHWEhrUnNNRldYZ2FlTQ?oc=5,,"En un hecho considerado histórico para el municipio, el alcalde Armando Martínez Manríquez, en compañía del secretario general de Gobierno de Tamaulipas, Héctor Joel Villegas González, inauguró el nuevo Cuartel del Heroico Cuerpo de Bomberos, obra que representó una inversión total de 30 millones 712 mil 126.39 pesos.
Tras el corte del listón inaugural, las autoridades realizaron la bendición de las instalaciones y un recorrido por el complejo, ubicado en el Libramiento de Tráfico Pesado, en la colonia Alameda, donde constataron la infraestructura de esta moderna estación.
La nueva base de Bomberos representa un avance importante en materia de seguridad y atención de emergencias, beneficiando de manera directa a una población estimada de 269 mil 790 habitantes.
La nueva base de Bomberos representa un avance importante en materia de seguridad y atención de emergencias, beneficiando de manera directa a una población estimada de 269 mil 790 habitantes.
El cuartel cuenta con subestación eléctrica, mobiliario, equipo especializado y un sistema de semáforo con cruce vial que permitirá una salida más ágil de las unidades de emergencia. Además, se incorporó un camión de bomberos donado por Petróleos Mexicanos (Pemex), fortaleciendo así la capacidad operativa de la corporación.
Destacan respaldo estatal
Durante su intervención, el alcalde Armando Martínez destacó el respaldo del Gobierno del Estado, agradeciendo al gobernador Américo Villarreal Anaya por el apoyo brindado.
“Gracias a nuestro amigo, el gobernador del Estado, Dr. Américo Villarreal Anaya, por apoyarnos y por respaldarnos”, expresó.
Por su parte, el secretario general de Gobierno subrayó la importancia de esta obra impulsada por la administración municipal, en beneficio de las familias altamirenses.
En tanto, el comandante de Bomberos de Altamira, José Torres, agradeció la entrega de las nuevas instalaciones y exhortó a los elementos a cuidarlas y honrarlas como su propia casa. Asimismo, pidió un minuto de aplausos en memoria de los bomberos caídos, rindiéndoles un homenaje.
Arranca nuevo proyecto de Protección Civil
Como parte del evento, también se llevó a cabo la colocación de la primera piedra de las nuevas instalaciones de Protección Civil Municipal, que se construirán en un área contigua al cuartel, con el objetivo de fortalecer las acciones de prevención y respuesta ante contingencias.
Con esta obra, los gobiernos municipal y estatal refrendan su compromiso con la seguridad y el bienestar de la ciudadanía, marcando un antes y un después en la infraestructura de atención a emergencias en Altamira.
Al evento asistieron autoridades estatales, alcaldes y representantes de municipios del sur de Tamaulipas y norte de Veracruz, así como la presidenta del Sistema DIF Altamira, Rossy Luque de Martínez, integrantes del Cabildo, funcionarios municipales, bomberos, representantes del sector empresarial y ciudadanía en general.
SJHN",GOOGLE_NEWS_RSS
"Entre tiros al estilo Messi, entregan espacio deportivo en Altamira - Milenio",2026-04-10 14:10,2026-04-10T14:10:00+00:00,Milenio,,https://www.milenio.com/estados/parque-recreativo-el-chocolate-en-altamira,https://news.google.com/rss/articles/CBMif0FVX3lxTE1HMm9HYjNpMlZMT3JNdUtjR0R1N2Z2azBab3hkWVRIdmxqQWo5VDNhdTF6QldHVHhiV2J2NEY5M3NnaGhHTnd4WE42VGR1cUdPZHFWQjVwSTZQM3ZqNGdldFRDSGl2OUJCSEh3bG1MbkVNNWFXOG1QbmpZZUxxZE3SAX9BVV95cUxOb2tTV05SYjJKWnVFTk9RdkNmRG1aNnNOZnZxSGdOYV95NGxyVnRiNU9IU2FsNlotOWEwZ2FXV3lfNFN1cF9PYS1jWUhXYklrZkdMZUJaVFpNdlBuY0U4clo5NkZHZ3E3RF82VVJYak5RZkgxRTl2UDNMcWM3Q1ZF?oc=5,,"La inauguración del Parque Recreativo “El Chocolate” atrajo a habitantes que desde temprano acudieron al acto la tarde de este jueves; Américo Villarreal Anaya encabezó la ceremonia entre muestras de cariño.
Un lugar para el desempeño deportivo
La llegada del gobernador está programada a las seis de la tarde. Es jueves, un día nublado, pero no para los habitantes de “El Chocolate”, quienes adornaron la entrada con banderines multicolores, pues se reinaugura el campo deportivo del lugar, así como el alumbrado en la colonia Alejandro Briones.
Mientras se acerca la hora, doña Juana y su esposo sacan una silla de su humilde casa; quieren ver la llegada de la primera autoridad de Tamaulipas lo más cerca posible. Del otro lado del terreno, un grupo de jóvenes practica tiros a gol en la nueva portería, cuyas mallas se mueven cada vez que la pelota cruza la línea.
“Le voy a pegar como Messi”, dice uno de ellos. La gente sigue llegando a la cancha; otros esperan sentados cerca del estrado.
“Ya está entrando el gobernador, coloquen bien las vallas, no dejen pasar más gente”, avisa la seguridad.
Américo Villarreal ha llegado. “Gobernador, gobernador, gobernador”, es el clamor de la gente del sector, mientras lo recibe el alcalde de Altamira junto a su esposa. Américo camina mientras las personas le piden la foto del recuerdo.
Ya en el estrado, Armando Martínez resalta lo que se ha vivido en el inicio del evento. “Se ha ganado usted el respeto, se ha ganado usted la simpatía y se ha ganado el corazón de todas y de todos los altamirenses”.
Reducción de violencia
La obra efectuada pretende disminuir los índices de la violencia intrafamiliar, promover la convivencia social y fomentar el deporte como un medio para que los niños, jóvenes y adultos tengan instalaciones dignas.
Con un nudo en la garganta, María del Socorro Ruiz, una de las fundadoras de la colonia, rememoriza lo que hace más de 40 años pasó en la localidad: “Señor gobernador, a esta colonia vino su papá y con él vino el progreso de esta colonia”.
La concurrencia aplaude y respalda lo dicho por Socorro, pues ahí se ha generado un entorno digno, seguro y lleno de oportunidades para crecer. Los aplausos vuelven a escucharse porque Américo Villarreal agradeció la emotiva bienvenida de los ciudadanos.
En “El Chocolate” hay alegría; hay sonrisas en habitantes que gritan con energía el gol que ha anotado el gobernador.
Gira de trabajo por la región
El gobernador de Tamaulipas, Américo Villarreal Anaya, realizó una gira de trabajo por el sur del estado, donde encabezó la Mesa de Seguridad en Ciudad Madero, visitó a productores de sal en Altamira e inauguró un espacio deportivo en ese municipio.
La jornada inició en las instalaciones de la Primera Zona Naval, en Ciudad Madero, donde el mandatario presidió la Mesa de Paz con la participación de autoridades de seguridad y representantes de la Mesa Ciudadana de Seguridad y Justicia de la zona sur.
Previamente, sostuvo un encuentro privado para dar la bienvenida al nuevo obispo de la diócesis de Tampico, Margarito Salazar Cárdenas. Posteriormente, el gobernador se trasladó a la Congregación Lomas del Real, en Altamira, donde visitó la salinera ubicada en el Puerto Industrial.
Ahí reconoció el trabajo de 25 cooperativistas que mantienen activa esta actividad tradicional y anunció acciones para fortalecer su desarrollo, entre ellas la entrega de maquinaria y la incorporación de su producto a la marca estatal Hecho en Tamaulipas. Durante el recorrido, instruyó al secretario de Desarrollo Energético, Walter Ángel Jiménez, a impulsar nuevos esquemas de comercialización, generar valor agregado y ampliar los mercados para este sector productivo.
Visita a la salinera en el puerto
En el lugar, el alcalde de Altamira, Armando Martínez, informó sobre el avance de la primera etapa de una lavadora de sal, proyecto donde se han invertido 2.8 millones de pesos y que permitirá incrementar la producción. Como parte de la gira, Villarreal Anaya inauguró el campo deportivo y recreativo “El Chocolate”, en la colonia Alejandro Briones, en el marco del denominado Mundialito Social.
El mandatario destacó que este tipo de obras contribuyen a la recuperación de espacios públicos y al fortalecimiento del tejido social.
Mayor número de instancias deportivas
Por su parte, el alcalde Armando Martínez agradeció la inversión estatal en infraestructura para Altamira, que asciende a 500 millones de pesos desde el inicio de la actual administración, de los cuales más de 229 millones se han destinado a instalaciones deportivas.
En el evento, habitantes del sector también expresaron su reconocimiento por la obra. La gira contó con la presencia del secretario general de Gobierno, Héctor Joel Villegas González; la alcaldesa de Tampico, Mónica Villarreal Anaya, y el presidente municipal de Ciudad Madero, Erasmo González Robledo.
AA",GOOGLE_NEWS_RSS
Jaiba Brava y una prueba de supervivencia ante los Alebrijes de Oaxaca - Milenio,2026-04-10 13:30,2026-04-10T13:30:01+00:00,Milenio,,https://www.milenio.com/deportes/futbol/jaiba-brava-prueba-supervivencia-alebrijes-oaxaca,https://news.google.com/rss/articles/CBMikwFBVV95cUxQZGxKT21DZlZrNDF5blU5Q2NpWjNXb3JLZ2xKWWtkWjN0VjFUVEVQNGpnYVB2amlRbFVBSGxLanNYaUZNOVBNallTa1hvdU9DUldJcEJIYXd2UFNEcEltRldvNENLUkRqVWxqallGeFo4cEJLM3YwVTZVdzgtTzlYYzhjVl9oNXkxVi1nYnZSRVpYM2fSAZMBQVVfeXFMTWZJWnZ2dTRycHlXeFRGZ2NOQzNVY0hTaXVWMGZjaTh5b2hqNlhGVkZubUViWTdmT203VHp3RFJTZ3JuWm5oVkJtOWFycWNNMlJmb0w5Q2JYRngwb2I3V29JTXdCdXN4dWZfM1pQVERDakwyWUZNbGlQb2RtWTFNOXdyVTNVOWhoSmtIRk5RbkxpaFJR?oc=5,,"La tarde de este viernes en Oaxaca representa para la Jaiba Brava del Tampico-Madero una auténtica prueba de supervivencia. El Clausura 2026 y su intención de refrendar en la Liguilla la corona obtenida en la Liga de Expansión está en juego en 90 minutos, enfrentando a otro equipo todavía con la mínima pero también esperanza latente de colarse a la fase final, los Alebrijes.
El cuadro comandado por Marco Antonio “Chima” Ruiz arriba al compromiso que pone en marcha la jornada 14, esto en el Estadio ITO, más obligado que nunca por su situación actual en la tabla general y la jerarquía ganada desde su regreso a esta división en el fútbol mexicano, ser un conjunto protagonista y que comúnmente da batalla en las instancias definitivas.
Esa opción de colarse a los cuartos de final se encuentra cerca y a la vez lejos. En el aspecto positivo, los porteños tienen el destino en sus manos y, de acuerdo a su capacidad y voluntad a mostrarse en el terreno de juego, acrecentarán esas posibilidades en esta recta final dentro de un certamen con muy pocas diferencias.
El equipo se encuentra hasta este día en la décima posición de la clasificación, producto de 15 unidades. Sueña con salir airoso y esperar la combinación de resultados que le permita estar entre los ocho mejores para la última jornada. Para esto, debe encarar un rival muy peligroso, invicto como local y quién todavía las matemáticas lo mantienen vivo.
Cualquier conclusión que signifique lo contrario, un empate o el descalabro, lo condena a tener que ver la fiesta grande desde lejos y esperar más de un mes para conocer a su rival en el partido de Campeón de Campeones, esto a finales de mayo próximo. Lo anterior no se encuentra en el pensamiento de la directiva, cuerpo técnico y jugadores.
De la misma forma, otros equipos como Venados de Mérida e incluso los Correcaminos de la UAT, pondrán mucha atención a las incidencias del compromiso cuyo silbatazo inicial está pactado a las 19:00 horas. El triunfo de los jaibomaderenses cierra por completo cualquier ventana o, los otros dos resultados que arroja este deporte, las avivan ligeramente.",GOOGLE_NEWS_RSS
Restauración de ex Aduana quedará en junio de este año - Milenio,2026-04-10 12:49,2026-04-10T12:49:10+00:00,Milenio,,https://www.milenio.com/estados/restauracion-aduana-tampico-concluira-junio-2026,https://news.google.com/rss/articles/CBMihwFBVV95cUxOa25ZYXN4NGVnTnVMQU1fQm9FRzJnUzU4cFJlWkd6dVdLZHhNT2U5ZEdrNDZyWENIaHZ6U2JVZWJoTFJvenRnVjFFblBVWlEycE9WcUlhYnRtOHQxSi1LYThiRkI1X3ZNdEhPeDBVcy1VRzREeTU2OEliRDBTVS1OdF83ci0wZUHSAYcBQVVfeXFMTTJJQWtDNS05TlZ4eUpmeFcyVmtHR29zNXdzTTV6MTRsUTRMR3p2cWZ3OGdqcDNTWnBXN25jdFpscm9xVGVBeGoyRlUwUTNpUzlvZlhLeHVXRHRqTGF1ZjhUcnFMS3hsUUlGVGQ2cU81X2FUVWpza3pUYWRkMkxoRWVpd2VmanVn?oc=5,,"La restauración de la ex Aduana de Tampico va a concluir el 9 de junio del año en curso, lo que representó una inversión de $25 millones de pesos del gobierno federal, pero se estima que se inviertan $5 millones de pesos más para poder independizar el inmueble histórico de la zona portuaria.
El director de la Asipona Tampico, Jaime Herrera Romo y Cynthia de la Paz, perito restaurador del Instituto Nacional de Antropología e Historia (Inah), encabezaron un recorrido durante la tarde de este jueves con el fin de conocer sobre los avances de la restauración.
“Esta fase de restauración que nos toca a nosotros, porque en ese edificio la federación nos puso a cargo de él para cuidarlo, mantenerlo y restaurarlo, así que le dimos para adelante ese primer paso, tardamos alrededor de seis meses, y gracias al INAH pudimos empezar a intervenir”, detalló el funcionario federal.
Se requieren más recursos para apertura de ex aduana de Tampico
Puntualizó que desde el gobierno federal se asignaron “primero $25 millones” para hacer los trabajos de restauración que se estiman poder concluir en junio de este año; sin embargo, explicó Herrera Romo, “con una apreciación de $5 millones más, terminemos por independizarlo del recinto portuario y hacerlo área pública”.
Es decir, en este momento no hay una fecha de apertura para el turismo y la ciudadanía, porque al término de la restauración de la ex Aduana, se tienen que hacer obras o trabajos enfocados en separar el edificio con el recinto portuario, el cual se mantiene 100% en servicio.
Proyecto contempla conexión con el malecón
Explicó el director de Asipona Tampico que “al independizar del sitio fiscal de lo que es el acceso al edificio de la ex Aduana, lo que considera el espacio que ocupa el edificio de la Aduana y las dos bodegas porfirianas al final del proyecto son las que van hacia el malecón” a la orilla del río Pánuco.
“Se habla de alrededor de unos 300 metros, pero que si esto va bien, tenemos propuesta una cuarta y quinta fase que abarcaría un área abierta, una concha acústica, prolongación del malecón y al final la posibilidad de un hotel, para que retomemos todo este área que enfrente de lo que son los mercados pueda tener mejor economía, porque va a atravesar el turismo”, recalcó.
Al respecto, la dirección de Asipona Tampico indicó que “prácticamente en junio concluyen con la obra de restauración de la ex Aduana a más tardar, estaríamos lanzando la licitación, dependiendo de la operación que se haga de la restauración, para que tengamos continuidad”.
Interés de inversionistas en la reconversión
La autoridad federal explicó que “son varios empresarios que están tratando de hacer un grupo para poder desarrollar, no solo inversionistas individuales, sino en grupo. Hay que recordar que todo será una licitación pública, así nos lo han dado ayer y pues ya ha habido acercamientos con el grupo, a veces en individual, a veces vienen grupos y se les presenta”.
Hasta este momento los empresarios tampiqueños, de Nuevo León y de la CdMx han demostrado el interés por participar en el proceso de Reconversión del Puerto de Tampico, luego de que se concluya la restauración de la ex Aduana porteña.
SJHN",GOOGLE_NEWS_RSS
La Grilla - Milenio,2026-04-10 11:15,2026-04-10T11:15:15+00:00,Milenio,,https://www.milenio.com/opinion/editoriales/se-dice-en-la-grilla-tamaulipas/la-grilla_1125,https://news.google.com/rss/articles/CBMilAFBVV95cUxQSVlQNGNMdnVhYmI5R0R6QzJoTEZyVTM5V0dJaXlmdVliT2NrdXc3NFJQTzdFaTc4TmRPaVp1RWpZLUVZUEdaSUZrNVVzd3BaU2kweWdRSi1JYUxmNTduenQxR25MWTVtT21iSkJUS1JQYmFxaS1KWlpVeWFSNGFoc0hpcmVxa0FSeldIODJjN3NZUXRy0gGUAUFVX3lxTFBFYUdHTlFEcUh6ZlJWRTh2SVA5TmFwX2lKVmNrcm9Oc0kzT1VhcFNqOVVxcUtzME4xUUdOZGxJSTlabGE2T0JIQVFZSmVzM1hJLU1oTS1iN2lHYURLT0c0TG5qa2Q1Zlppd1BWU3JMOWN6Ymk5eGVaaEJCa2l4ZEVPQnh2RnY1RkhfdHYtNE5qdnBzZWU?oc=5,,"Que en la gira del gobernador por el sólido sur de Tamaulipas, Américo Villarreal Anaya se reunió con el obispo de Tampico, Margarito Salazar Cárdenas, haciendo un espacio en su agenda para darle la bienvenida, pero además ponerse a disposición sobre las necesidades de la población y trabajar en equipo.
Que una reunión de Seguridad y Paz se realizó en la Primera Región Naval de Ciudad Madero, la cual fue encabezada por el jefe del Ejecutivo en Tamaulipas, en la que se tocaron algunos temas pendientes relacionados con los delitos del fuero común y la necesidad de mantener la seguridad, porque las quejas de los ciudadanos por robos se mantienen, aunque los empresarios digan que son los menos.
Que la votación del Plan B en el Congreso de la Unión puso al límite a algunos legisladores, pero en la representación de Tamaulipas, Carlos Canturosas se mantuvo al margen, aunque entre el ajetreo se tuvo que aflojar la corbata y continuar con sus responsabilidades, porque el tema legislativo está en auge.
Que luego de hacer un recorrido por la ex Aduana de Tampico, el director de Asipona, Jaime Herrera Romo, aseguró que en el camino para concretar la restauración de la ex Aduana tuvieron que hacer gestiones ante el secretario de Marina y que una de esas personas fue la actual senadora Olga Sosa, lo cual ha dejado buenos frutos en el avance de dicho desarrollo.
Que ni tardos ni perezosos, el Congreso de Tamaulipas dio luz verde a la minuta del llamado “Plan B” enviada por la Cámara de Diputados, alineándose con una narrativa de austeridad y reconfiguración institucional que no ha estado exenta de polémica. Se limita a 15 las regidurías, se acota el gasto de los congresos estatales y se pone freno a los altos salarios en órganos electorales.
Que la embestida del diputado Vicente Verástegui sacudió al panismo tamaulipeco al romper con la inercia interna y confrontar al cabecismo. Su posicionamiento no solo evidenció las fracturas en el PAN, sino que también introdujo un factor de presión inesperado en la disputa por la dirigencia estatal. La crítica frontal marca un punto de inflexión.",GOOGLE_NEWS_RSS
Aguas profundas / No hay que temerle al fracking - oem.com.mx,2026-04-10 11:06,2026-04-10T11:06:09+00:00,oem.com.mx,,https://oem.com.mx/elsoldemexico/analisis/aguas-profundas-no-hay-que-temerle-al-fracking-29413057,https://news.google.com/rss/articles/CBMingFBVV95cUxOZlIzNEhYZFhuV1RnZENmYU5wcUtCeDFrZlI3UkF6SndmYUt1elNiVU9iTUNQdFRIMWxMcFR3WFFSSWJNYk5pZ1FJa3RfNFotZG5PNUJVQkJzZUVURUtyenQ1T3hRdWlybmdIWlhOeGZlN2NEWUNjaEFrbGVWSzFSSjNUM21zRm5PTFFBcmxsR04yNDZkRnc2WFZaMjBEUQ?oc=5,,"Análisisviernes, 10 de abril de 2026
Aguas profundas / No hay que temerle al fracking
Otros ya hicieron la tarea, es momento de que la 4T avance rápidamente.
Buzos
ÚLTIMAS COLUMNAS
Más Noticias
COLUMNAS
CARTONES
LOÚLTIMO
Newsletter
¿Te quedas fuera de la conversación? Mandamos a tu correo el mejor resumen informativo.",GOOGLE_NEWS_RSS
"""Sin su intervención no existiría Tampico"": el movimiento que busca reivindicar a Santa Anna - Milenio",2026-04-10 07:06,2026-04-10T07:06:50+00:00,Milenio,,https://www.milenio.com/estados/tampico-santa-anna-proponen-estatua-papel-historico,https://news.google.com/rss/articles/CBMiiwFBVV95cUxQRjZ0TXhJSnFULUh6V21PczNyX1V3MC04MnJ2SjIwM2U1eGEzSW9JbHZGdms3aU9iUGRFQUc1bXg4ejQ2QzMtWGdKMzROc2hweXBtZGRsTzUycTB5UF9nZHNCenN3cWhPYm80LXVFaUFsY19RX2VkdWpfbmFLd1BkMndDeDBZWlp3LXBN0gGLAUFVX3lxTFB1a2lJa2xKaU5xQUx6Z3pBU3RGc1VwQXNOaVctRXZBRW1EcDVjYXp5b3pHaEkwUVFzVF83djFYZ1d5RnhZN1NKaUstZ29iUG1GZ3NoMmc5ZjZmdjJERmVPN2JtV3R2YURqN19oTEVCSFUxMG5yOEhxWTUzeTcxOXJ4OGVUMF96RGl1VTA?oc=5,,"Antes de ser una de las ciudades más importantes del Golfo de México, Tampico nació por una razón inesperada: evitar un impuesto. Pero para lograrlo, los comerciantes tuvieron que convencer a uno de los personajes más polémicos de que se tenga memoria: Antonio López de Santa Anna.
La historia suena casi anecdótica pero, en realidad, es el reflejo de un momento clave en la construcción del México independiente, donde el poder político era inestable, las reglas económicas cambiaban constantemente y, en muchos casos, las decisiones locales terminaban redefiniendo el mapa del país.
El costo de cruzar el río
En los años posteriores a 1821, el comercio en la región noreste vivía una tensión silenciosa. Altamira, Tamaulipas, era un punto importante para la distribución de mercancías hacia el interior del país, pero dependía de la aduana de Pueblo Viejo, ubicada en la margen opuesta del río Pánuco, en territorio veracruzano.
Ahí comenzaba el problema. Cada cargamento que llegaba por mar y era descargado en Pueblo Viejo debía pagar los impuestos correspondientes. Pero para los comerciantes de Altamira, además, al cruzar el río para llevar sus productos a su propio centro de operaciones, debían pagar un impuesto adicional de ocho por ciento.
El cronista de Altamira, Francisco Castellanos Saucedo, narra que los comerciantes asentados en Pueblo Viejo no enfrentaban ese sobrecosto. Podían vender más barato, mover mercancías con mayor rapidez y mantener una ventaja constante en el mercado regional. La desigualdad era evidente y creciente.
“A ese 8% se sumaban otros obstáculos: demoras en las garitas, abusos administrativos, caminos inseguros y, en muchos casos, la necesidad de recurrir a rutas alternas por el sistema lagunario del Tamesí. Esas rutas, aunque evitaban parcialmente el control fiscal, implicaban nuevos riesgos: embarcaciones pequeñas, trayectos más largos, pérdidas por naufragios o asaltos”, explica.
El comercio no solo se encarecía... se volvía incierto. Para 1822, la situación había llegado a un punto crítico. Los comerciantes de Altamira, que controlaban una parte considerable del flujo de mercancías de la región —incluso desde Pueblo Viejo— comenzaron a discutir medidas más drásticas.
“En reuniones formales, plantearon lo impensable: abandonar la ciudad. No como gesto simbólico, sino como una estrategia económica. Si el sistema los castigaba por operar desde Altamira, entonces dejarían de operar ahí. Se llevarían sus negocios, sus capitales y sus redes comerciales a otro punto”, cuenta el cronista.
Pero ¿a dónde? La respuesta estaba frente a ellos: la margen norte del río Pánuco, un territorio poco desarrollado, conocido como el “antiguo Tampico”. No era una ciudad ni un puerto formal. Era apenas un punto de transbordo, un espacio donde se cargaban y descargaban mercancías sin mayor infraestructura. Sin embargo, tenía algo fundamental: ubicación.
“Desde ahí se podía controlar el flujo comercial sin depender de Pueblo Viejo. Desde ahí, sobre todo, se podía aspirar a algo que lo cambiaría todo: una nueva aduana”, menciona el historiador.
Subraya que la idea tomó forma rápidamente; para tener una aduana, necesitaban una población. Y para tener una población, debían fundar una ciudad.
“El proyecto comenzó a gestionarse ante las autoridades. El ayuntamiento de Altamira, encabezado por Juan de Villatoro, asumió la representación de los comerciantes. Se presentaron solicitudes, argumentos económicos, planes de desarrollo”.
Pero la respuesta fue negativa. Los intereses económicos y políticos establecidos en Pueblo Viejo no estaban dispuestos a ceder. Autorizar una nueva población con aduana propia significaba, en la práctica, desplazar el centro del comercio regional. Era una amenaza directa.
Durante meses, la iniciativa quedó estancada. Hasta que la historia, como suele ocurrir, abrió una oportunidad inesperada, relata Castellanos Saucedo.
El paso de un general
En abril de 1823, el país atravesaba una nueva crisis. El Imperio de Agustín de Iturbide se desmoronaba tras el Plan de Casa Mata, impulsado por distintos jefes militares.
Entre ellos, destacaba Antonio López de Santa Anna, quien meses antes se había levantado en armas en Veracruz y se había sumado al movimiento que buscaba poner fin al imperio.
“En ese contexto, Santa Anna pasó por Altamira. Para los comerciantes, era una oportunidad irrepetible; no se trataba de un burócrata ni de un funcionario menor, era un actor clave en un momento de transición política; alguien con capacidad de decisión, aunque fuera de facto, en medio del vacío de poder”, relata Francisco Ramos Alcocer, cronista adjunto de Tampico.
Decidieron actuar. Se organizaron, redactaron su propuesta y lo interceptaron. Le plantearon la necesidad de fundar una nueva población en la margen norte del río. No como un capricho, sino como una solución urgente a un problema económico que afectaba a toda la región.
“La respuesta inicial fue negativa. No había autorización formal, el proyecto contradecía decisiones previas, y el contexto político no garantizaba estabilidad para una nueva fundación”. Pero los comerciantes insistieron, comenta el también escritor.
Apelaron a la lógica económica, a la conveniencia estratégica y, según la tradición, a un elemento más personal: si aceptaba, la nueva población llevaría su nombre. Ese detalle inclinó la balanza. Santa Anna otorgó un permiso provisional.
Existe también una leyenda que sostiene que, para convencer a Santa Anna, intervino una hermosa mujer altamirense conocida como “La Morena”. Aunque no hay registros que lo confirmen, por años dio nombre a una céntrica calle de Tampico, hoy llamada Simón Bolívar, cerca de la iglesia de Las Mercedes.
Monumento en honor a Santa Anna
El cronista adjunto de Tampico afirma que la figura de Santa Anna no puede separarse de la historia local, particularmente por su papel en la autorización de la fundación de la ciudad y por la Victoria de 1829, que impidió a los españoles reconquistar México.
Señala que, “aunque el personaje sea polémico en otras regiones del país, en Tampico debe valorarse su legado, ya que sin su intervención no existiría la ciudad”. Además, compara su ausencia en el espacio público con la presencia de estatuas de otros personajes, lo que refuerza la idea, dice, de que merece un reconocimiento similar.
Por su parte, el cronista de Altamira coincide en que Antonio López de Santa Anna debe ser reconocido en la zona y sostiene que ya es momento de erigir un monumento en su honor, ya sea en un museo o en un espacio público.
Subraya que la población tiene motivos para sentirse orgullosa, tanto por la fundación de Tampico como por la Victoria de 1829 —una batalla dirigida por él— que consolidó aquí la Independencia Nacional, y concluye que, pese a la mala fama del personaje en otros lugares, en esta región existe una deuda histórica que justifica enaltecer su figura.
Sale la caravana
El 12 de abril de 1823, antes del amanecer, comenzó el movimiento, menciona Ramos Alcocer, autor de un libro sobre la fundación de la ciudad. Sostiene que es fundación y no repoblación.
“Desde Altamira partió una caravana compuesta por autoridades municipales, comerciantes y familias enteras. No era una expedición simbólica, era un traslado real: personas, bienes, herramientas, animales... todo lo necesario para comenzar de nuevo”.
Avanzaron por caminos de tierra que hoy forman parte del entramado urbano de Tampico. Cruzaron zonas que en ese momento eran apenas senderos y parajes abiertos. Dejaban atrás una ciudad establecida para dirigirse a un territorio incierto.
“Llegaron a una zona elevada, cercana al río, lo que hoy se conoce como el Barranco de los Alemanes, desde donde se podía observar el entorno. Ahí, en lo que después sería el primer cuadro de la ciudad, comenzaron a trazar las calles”.
No había edificios. No había infraestructura. Solo un plano imaginado y la decisión de hacerlo realidad. Se delimitaron aproximadamente 20 cuadras. Se reservaron espacios para plazas, una iglesia y la casa de gobierno. En los días siguientes, se repartieron los solares: dos para quienes habían financiado el proyecto desde sus inicios, uno para los nuevos colonos.
“Las primeras 57 familias quedaron asentadas. Había nacido Santa Anna de Tampico”, subraya el historiador.
Pero el nacimiento no garantizaba la supervivencia. El permiso otorgado por Santa Anna era provisional. En algún momento, desde instancias superiores se ordenó desmantelar la nueva población. La instrucción era clara: destruir las construcciones incipientes y dispersar a los habitantes.
“La ciudad estuvo a punto de desaparecer apenas meses después de su fundación. Sin embargo, la orden no se ejecutó. Por decisión, omisión o conveniencia, el encargado de cumplirla no actuó. Ese gesto aparentemente menor resultó decisivo”, relata Francisco Ramos.
Tampico sobrevivió.
El giro económico
A partir de entonces, el desarrollo fue progresivo pero constante. En 1824, la nueva población obtuvo reconocimiento como puerto de altura y comenzó a operar con una aduana marítima abierta al comercio exterior. Era exactamente lo que los comerciantes habían buscado desde el inicio.
El proceso fue gradual, aunque sostenido. El flujo comercial se desplazó. Las rutas se reorganizaron. La aduana de Pueblo Viejo, que había sido el punto dominante, comenzó a perder relevancia hasta desaparecer con el tiempo. Tampico, en cambio, creció.
Su ubicación, frente al Golfo de México y conectada al interior por los ríos Pánuco y Tamesí, la convirtió en un nodo estratégico. Durante el siglo XIX, resistió crisis políticas, conflictos armados e intentos de reconquista, como el de 1829.
Pero su consolidación definitiva llegaría décadas después.
El siglo del petróleo
A finales del siglo XIX, la llegada del ferrocarril conectó a Tampico con San Luis Potosí y Monterrey, ampliando su alcance comercial y fortaleciendo su papel como puerto. Las comunicaciones mejoraron y la infraestructura comenzó a modernizarse. A principios del siglo XX, el descubrimiento de petróleo en la región transformó por completo la dinámica económica.
“Tampico se convirtió en uno de los principales centros petroleros a nivel mundial. Capital extranjero, tecnología y mano de obra llegaron de forma masiva, integrando a la ciudad a los circuitos internacionales de producción y exportación energética”, destaca el presidente de la Canaco local, Eduardo Manzur Manzur.
Comenta que su población creció de manera acelerada, su infraestructura se expandió y su influencia se consolidó. Lo que comenzó como una solución local a un problema fiscal terminó convirtiéndose en uno de los motores económicos del país.
La creación de Tampico no fue una fundación impulsada por la Corona, ni por una orden central, ni por una misión evangelizadora. Fue una decisión colectiva, nacida de la presión económica y ejecutada con pragmatismo.
Una ciudad creada no por expansión, sino por necesidad, una ciudad que surgió porque un grupo de comerciantes decidió que pagar un 8% más no era aceptable y que, en lugar de adaptarse al sistema, decidió cambiarlo.
JETL",GOOGLE_NEWS_RSS
Monseñor Margarito Salazar asume la Diócesis de Tampico en ceremonia litúrgica - oem.com.mx,2026-04-10 06:21,2026-04-10T06:21:00+00:00,oem.com.mx,,https://oem.com.mx/elsoldetampico/local/monsenor-margarito-salazar-asume-la-diocesis-de-tampico-en-ceremonia-liturgica-29405946,https://news.google.com/rss/articles/CBMixgFBVV95cUxNNkZ4Mndac2hmT3hMQjVsNTA4T0daMWpsaWI5eFI1c3BFYkhiYUFxNFVGaGFST3ZZSGlKRzNrRFdwVFFLcER6djNTajVWVUNMN0tiY0ZWZUVDNlNkMDROTHRXS3JxSk9SMUwyVktNTmRMXzlRckY3aDNrWHpQaDdFUFpGbjJDU2RrSmFsbFAwTlgzSkg2MmlHeUROSU9uWTM4WUhvTDhBaUZieW1rYjhPUDZQblprYU1LY2JQT2g5bzliZV9xbmc?oc=5,,"Monseñor Margarito Salazar asume la Diócesis de Tampico en ceremonia litúrgica
Con presencia del nuncio apostólico y clero nacional, la Iglesia local inicia una nueva etapa de acompañamiento espiritual
Yadira Hernández
La ceremonia canónica de toma de posesión dio inicio con la celebración eucarística, en la que participaron sacerdotes y obispos de diversas diócesis del país.
Nuncio apostólico y obispos acompañan la toma de posesión
El evento fue encabezado por el Nuncio Apostólico en México, Joseph Spiteri, representante del Vaticano en el país, quien acompañó este momento significativo para la Iglesia católica en la zona sur de Tamaulipas.
Durante la celebración, Monseñor Salazar Cárdenas realizó su profesión de fe y el juramento de fidelidad, formalizando así el inicio de su encomienda pastoral al frente de la diócesis.
La comunidad católica lo recibió con entusiasmo, en una ceremonia marcada por la solemnidad y la participación de decenas de fieles.
También acudieron el obispo de Ciudad Valles, Roberto Yenny García, el arzobispo de San Luis Potosí, Jorge Alberto Cavazos Arizpe, y el vicario general de la Diócesis de Tampico, Daniel Zapata Huesca.
Como parte del protocolo, se realizó la entrega de un arreglo floral a la patrona de la diócesis, la Virgen de la Inmaculada Concepción del Sagrario, en un gesto simbólico que reafirma la devoción mariana de la comunidad.",GOOGLE_NEWS_RSS
Sequía en el norte de Veracruz vacía presas; hay 20 mil ollas de agua en riesgo - oem.com.mx,2026-04-10 06:21,2026-04-10T06:21:00+00:00,oem.com.mx,,https://oem.com.mx/elsoldetampico/local/sequia-en-el-norte-de-veracruz-vacia-presas-hay-20-mil-ollas-de-agua-en-riesgo-29375193,https://news.google.com/rss/articles/CBMixgFBVV95cUxOQTd2NEVsZm5uS3J6YjlpUFZmcWdSR1p3UFNOU2FjZklEOVZUNjdXZzZacWpxWk5JZ3FncGotSzQxUmducVJ4RTdCeUxNRnJ0b1ZhbVk2TlVWUmZMcGl5c2I1NEZfRmw0bTNoMHk5M1NCam5mMWItdXhCWWFTVXVjN0Fwa2ZBbk8ycmpLWmhVVUZELTJLSmhGaEk1MGVWUE16ZzBKMXBiajZMTEQzRTJmT19ieDNfdzFTVURnaFVyTzFwaWthVWc?oc=5,,"Sequía en el norte de Veracruz vacía presas; hay 20 mil ollas de agua en riesgo
Filtraciones y bajo almacenamiento de agua anticipan un segundo semestre crítico para el campo
Alfredo Márquez
“La presa estaba llena, le hicimos una ampliación para que almacenara más agua y creo que se removió tierra que no debía. Por ahí se está yendo el agua; el nivel ahora es muy bajo. Ojalá no se quede vacía”, explicó.
Hubo lluvia, pero no es suficiente
Aunque en algunos puntos del norte veracruzano se han registrado lluvias esporádicas, estas apenas han permitido reverdecer los pastizales y no han sido suficientes para recargar los cuerpos de agua.
“De mantenerse esta tendencia, el segundo semestre del año será especialmente complicado para ganaderos y agricultores por la agudización de la sequía”, afirmó.
Más de 20 mil ollas ganaderas en riesgo en tres municipios
En Ozuluama existen más de 15 mil ollas de agua que abastecen cerca de 250 mil reses distribuidas en 4 mil 276 ranchos.
En Pueblo Viejo operan cerca de 2 mil vasos captadores que sostienen rebaños superiores a 8 mil animales en 70 ranchos y 200 parcelas.
En conjunto, estos tres municipios suman más de 20 mil ollas de agua, de las cuales alrededor del 70% se encuentra por debajo de su nivel óptimo y un 10% está prácticamente seco.
Falta de agua incrementa los costos para los productores
“La esperanza está en las lluvias mayeras; de no presentarse, el volumen no será suficiente para el campo del norte de Veracruz, que otra vez padecería la sequía”, afirmó el productor.",GOOGLE_NEWS_RSS
Vacaciones más apretadas: por qué las familias recortaron hasta 25% su gasto en Semana Santa - oem.com.mx,2026-04-10 06:21,2026-04-10T06:21:00+00:00,oem.com.mx,,https://oem.com.mx/elsoldetampico/local/vacaciones-mas-apretadas-por-que-las-familias-recortaron-hasta-25-su-gasto-en-semana-santa-29392345,https://news.google.com/rss/articles/CBMi1gFBVV95cUxQVXIyWDIzNG51dFZTMDZVbFIxaVNfUXJ3SjVmVDdaU3VvWHBkbGZJT1BqdXFhT1NhODNYS2FvaEloVU9Ka2hBYXItRUx6REtPb0c3VDNtdTFEUlhpQXdKT0ZGV2NHeU82azBWaVp1aW9UbTBVVG0xOC1pOWFtWVE5SlpLbDdQWG9ZMTB4MlNjMmszU0dHVUhPNFBwX0Yxb1UzYTVBQVY3UjlUWEhPLV8yYTNUVUhMUU1sTFVhZHlwWW5IcnkxSzBCVmxOVFpoT1M1VnprUDRB?oc=5,,"Vacaciones más apretadas: por qué las familias recortaron hasta 25% su gasto en Semana Santa
Menos uso de tarjetas, viajes más cortos y turismo local reflejan cambios en hábitos ante presiones económicas actuales
María Macías
Lo anterior se debe a la situación económica del país, lo que ha llevado a muchas familias a disminuir su presupuesto en vacaciones, advirtió el economista Jorge Alberto Pérez Cruz.
Turismo local y recorte de presupuestos marcan la tendencia
Pérez Cruz señaló que el gasto por persona en vacaciones se estima en seis mil pesos, pero en esta temporada se redujo a 4,500 pesos, una baja del 25%.
Debido a que las vacaciones son gastos que no son indispensables, algunas las familias decidieron no salir de viaje, porque pueden prescindir de esta actividad.
Familias evitan endeudarse durante Semana Santa
“Las ventas en restaurantes no fueron lo que se esperaba; la gente fue más cuidadosa; sí hubo turismo, pero no consumió como se esperaba”.
El especialista adjudica este comportamiento a que las personas están endeudadas, muy gastadas.
El menor gasto en vacaciones aplicado por las familias es un reflejo del comportamiento en la economía actual.",GOOGLE_NEWS_RSS
"Así será el Marriott de Altamira: medirá 134 metros, contará con 140 habitaciones y plaza comercial - oem.com.mx",2026-04-10 05:53,2026-04-10T05:53:21+00:00,oem.com.mx,,https://oem.com.mx/elsoldetampico/turismo/asi-sera-el-marriott-de-altamira-medira-134-metros-contara-con-140-habitaciones-y-plaza-comercial-29407360,https://news.google.com/rss/articles/CBMi4gFBVV95cUxPOEpWZmtGR1R2d0tmQVlnMnZWNEtUWXlkNWx0THk0VVRZWFc5R2d6UTlhai1HdW9lRmQ5S2x3MktNZEZxUXc4ZUY5aVQ2WTBUUzlocldWS2tUbzltbmRUc2pNMGNydWxIVlY5R3p5U3RVR3E5NjBrUC1aWWJ4UU1PTGYtMXlpVEIxZ090ZnR5RDh0MHZNb3h5eDRxdWZXZl8tbTVyV0pqMHhabGs5VU5GejNhckFyVHR6WTFyRXpnN2FxWVJTWVhZTVRBSm1oSWotTTFlR21ibmhKRmVuNGZOM0Zn?oc=5,,"Así será el Marriott de Altamira: medirá 134 metros, contará con 140 habitaciones y plaza comercial
Aún no se tiene fecha de inicio de construcción pues se continúan gestionando permisos estatales
Miguel Díaz
Será un hotel con 120 locales comerciales
Conforme avanza el proyecto de construcción del hotel Marriott este tendrá una plaza comercial que se denominará plaza Puerto que constata de 120 locales que incluirá diversos servicios.
¿En dónde estará ubicado el nuevo hotel?
Será el edificio más alto de la zona sur de Tamaulipas
En cuanto al número de habitaciones los inversionistas proyectan que este hotel constará de 140 habitaciones y cada una de ellas tendrá su propio cajón para estacionamiento.",GOOGLE_NEWS_RSS
La combi de “Café Chairel” recorre Tampico rumbo a su estreno en cines - oem.com.mx,2026-04-10 05:50,2026-04-10T05:50:53+00:00,oem.com.mx,,https://oem.com.mx/elsoldetampico/gossip/la-combi-de-cafe-chairel-recorre-tampico-rumbo-a-su-estreno-en-cines-29390417,https://news.google.com/rss/articles/CBMiugFBVV95cUxQangtdldZUXN4eDBEWlhIOXVyVW01b1o5SGlsRjNqQ0tNOEo1LUFBT2xSTl9kamp5Q2lZU204OERXd2hBM2paNTJiYlN2bmk3ZzVISGU1a19TS2hOTUMtenQwblU4c2pxSlZaWFdlVnRiWjNNYzFuNGRQZVlkaWFRaG04SUhOMlU1Ui1kUjB3eDFsRUtJTnFfMkRmYkgwWllYRmY3NEFUSDROUUZqLVFXVk9QTG1oWjhiUkE?oc=5,,"La combi de “Café Chairel” recorre Tampico rumbo a su estreno en cines
La producción independiente busca el respaldo el público porteño antes de su llegada a salas comerciales en mayo
Carmen Jiménez
En entrevista, para El Sol de Tampico la productora originaria de Tampico Jessica V. Lattuada expresó su entusiasmo por la respuesta que ha generado la cinta entre la comunidad.
Público interesado en ver el proyecto cinematográfico
En este sentido la productora relató: “También jóvenes que se acercaron por curiosidad al ver la combi y terminaron muy interesados en la historia”
Lattuada destacó que el respaldo de la ciudadanía será fundamental para impulsar el estreno de esta producción tampiqueña-maderense, programado para el mes de mayo, aunque la fecha exacta aún está por confirmarse.
Agradecidos con el apoyo del municipio de Tampico
Asimismo, agradeció el apoyo del municipio de Tampico, que ha facilitado espacios icónicos para la promoción, incluyendo la Plaza de Armas, que además forma parte de las locaciones del filme.
Como parte de esta estrategia, en marzo pasado se inauguró un mural inspirado en la película, el cual ha contribuido a generar expectativa entre los habitantes de la región.
Café Chairel ha recorrido festivales, se estrena en mayo
Café Chairel fue escrita y dirigida por el cineasta tampiqueño Fernando Barreda, quien recientemente presentó su película Psicópata: el asesino del conejo blanco”.
Y por su parte el realizador ha explicado que la cinta ha recorrido diversos festivales durante el último año, lo que retrasó su llegada a salas comerciales.
Cabe mencionar que se hace referencia a “Chairel” por la laguna ya que si se hace una búsqueda en la web solo en Tampico existe algo así, lo cual aseguran generará un foco de atención importante a la ciudad.",GOOGLE_NEWS_RSS
“Va a durar cientos de años”: avanza restauración de la ex Aduana de Tampico - oem.com.mx,2026-04-10 05:36,2026-04-10T05:36:15+00:00,oem.com.mx,,https://oem.com.mx/elsoldetampico/turismo/va-a-durar-cientos-de-anos-avanza-restauracion-de-la-ex-aduana-de-tampico-29410724,https://news.google.com/rss/articles/CBMiwgFBVV95cUxQNkxvZGxCTFRiT2xyV0ZkNDdkRHZJUlNFYWNwWnJadkI1cGY5Tmk2TVVMTktUYjZmN0F5TG9GRFZDMnhNT0lFVGhqbkZLSVJyQnE2VE9UZUxNY3J2Y0pJWUUtekdQRTdCa1F6OEh6SFc2Y2tueDI1dS01MFNqRGhpeVdKM3hiaDNUMk1iT3loOHE1dHRrMmpoQmtuNHRkQm1PX1NwOWdTd0xlUGI2NzNMaGhIVGF5Q21vT2FnWmhLZlk2Zw?oc=5,,"“Va a durar cientos de años”: avanza restauración de la ex Aduana de Tampico
La idea es que Tampico recupere su acceso al Río Pánuco y reconecte con su historia
María Macías
Injeto, resane y reposición: la importancia del mantenimiento
Advirtió que se le quitó el barniz a toda la carpinteria y a los metales, es un edificio histórico cuya restauración debe ser completa, y usando materiales de alta calidad para que duren el mayor tiempo posible.
“Tiene lógica, ya que está junto al río. Son edificios que van a sobrevivir cientos de años porque tienen una construcción impresionante; no detectamos ningún riesgo”.
¿Cuáles son los avances en la ex Aduana de Tampico?
El frente del edificio que da al río Pánuco ya está terminado; hay muchos elementos que se trabajaron, como:
“Todos los elementos son de diferente naturaleza y cada uno requirió un tratamiento en particular”, explicó la perito Cynthia de la Paz.
¿Cuál es el futuro de la ex Aduana de Tampico?
Advirtió la especialista en restauración de edificios que se requiere generar una conciencia de conservación para el próximo usuario, que tenga un negocio y actividad.
Resaltó que la ex Aduana de Tampico es un espacio maravilloso que se merece tener un buen uso.",GOOGLE_NEWS_RSS
Segundo piso en Tampico podría arrancar en abril: Américo Villarreal - oem.com.mx,2026-04-10 04:26,2026-04-10T04:26:34+00:00,oem.com.mx,,https://oem.com.mx/elsoldetampico/local/segundo-piso-en-tampico-podria-arrancar-en-abril-americo-villarreal-29415649,https://news.google.com/rss/articles/CBMitwFBVV95cUxPUmJMbDNEZHNwMTQ5WkpraXpVRjNnOF8zVUR4REJFYUsySE9OYnFCYnFmTS1XbEFUd0I0ZlMwdHdGdjd4bDBGY0x4LWRHeVBXMkpVckhycDNxUVhWdHctODZTQkNuX3EzTGYwNlgtQzBzMnZDSkFMd19IRFgwVjRrbzk4UjU0ZE8yaGU4d01oOGptZWxOOUQ4aVBHTlhwV3ZkaVZqTU5WOV94cEhIWktrR1dxRGlfd0E?oc=5,,"Segundo piso en Tampico podría arrancar en abril: Américo Villarreal
Especialistas en movilidad ya comenzaron los trabajos de medición en Avenida Hidalgo, se prevé una extensión de 4.3 km
Mariela Macay
“Probablemente para fines de este mes o mediados del próximo debemos estar iniciando”, señaló en entrevista realizada en Altamira, donde inauguró una cancha de fútbol como parte del Mundial Social.
Aseguró que el proyecto busca mejorar la movilidad en la zona conurbada del sur del estado.
“No sé si hayan visto personal que sobre el camellón estaban haciendo ya mediciones y próximamente harán la mecánica de suelos”, declaró.
Dijo que aún está pendiente establecer la participación de los concesionarios de este viaducto elevado cuya extensión podría ser de 4.3 kilómetros.
Proyecto va de la mano con la autopista Mante-Ocampo-Tula
“Es un proyecto que sale de hecho de tener ahora la carretera Tula-Ocampo-Mante, se está complementando esta carretera con una ampliación de libramiento de Mante y luego inclusive un segundo piso”, afirmó Villarreal Anaya.
Buscan acuerdo con concesionarios del transporte público
El mandatario estatal explicó que actualmente el gobierno trabaja con concesionarios del transporte público de la zona para definir cómo se integrarán al nuevo sistema.
“Que ellos conserven su trabajo en sus diferentes líneas secundarias y aliviemos el tráfico, la contaminación y los tiempos de transporte”, afirmó.
Con ello, los operadores podrían mantener sus fuentes de empleo, mientras se mejora la eficiencia del servicio.
“Estamos trabajando con los concesionarios del transporte público para que nos sumemos a este gran proyecto de mejorar la movilidad”, insistió.",GOOGLE_NEWS_RSS
"¿Circulas por la colonia Otomí? A partir de este lunes, la calle Nueva cambia de sentido - oem.com.mx",2026-04-10 04:16,2026-04-10T04:16:21+00:00,oem.com.mx,,https://oem.com.mx/elsoldetampico/local/circulas-por-la-colonia-otomi-a-partir-de-este-lunes-la-calle-nueva-cambia-de-sentido-29416121,https://news.google.com/rss/articles/CBMizwFBVV95cUxOTXJMR1dJM2RsWkNqamd2ZTlrVkl6OEk5bWNyc1R4ODJMVFRKcFpGR2QzYVBYdFlvNnlTV1pXNi12VTcwa0UwX0JQQS1zMHFxUHNLTmlIS2lGYUpLa0U0Q1R0enM0emZtV2NwTWRCQXNrQTdNQmhEbWlGY3hYNFpiV2hRYmxfVExuaW1ZQWV5OElaVnlmS2xvRGszVlhqS1hYWXE4RGhPclRBMkRjQzlaa2JzQzVKMGF3dEQ5YnNQbHNPNnlxOWxFVlhBYUtaMjA?oc=5,,"¿Circulas por la colonia Otomí? A partir de este lunes, la calle Nueva cambia de sentido
Tránsito de Tampico estará vigilando la zona, así que fíjate bien en los nuevos señalamientos para evitar accidentes o una multa
Mario Cruces
El titular de la Dirección de Tránsito y Vialidad de Tampico, Héctor Manuel Rodríguez Silva, informó que la medida responde a un análisis de movilidad en el sector.
Este ajuste forma parte de una estrategia más amplia para mejorar la seguridad vial en colonias con alta densidad vehicular.
Ajustes viales para una circulación más segura
Autoridades de tránsito hicieron énfasis en la importancia de que la ciudadanía se adapte de manera responsable a este nuevo esquema, atendiendo en todo momento la señalización que será colocada en puntos clave de la vialidad.
“Por lo cual se les recomienda permanecer atentos a los señalamientos verticales ubicados al inicio de las calles”, señala el aviso dirigido a conductores, quienes deberán familiarizarse con el nuevo sentido desde su implementación.
Además, se reiteró el llamado a la corresponsabilidad ciudadana, destacando que el respeto a las normas viales es fundamental para que estas acciones cumplan su propósito.",GOOGLE_NEWS_RSS
"Zumbatón, desfile y coronación: así será el “fiestón” por el 103 aniversario de la colonia Morelos - oem.com.mx",2026-04-10 03:16,2026-04-10T03:16:27+00:00,oem.com.mx,,https://oem.com.mx/elsoldetampico/turismo/zumbaton-desfile-y-coronacion-asi-sera-el-fieston-por-el-103-aniversario-de-la-colonia-morelos-29413753,https://news.google.com/rss/articles/CBMi3gFBVV95cUxPT2N6N3kxZ2lGdWhMS0JEU3hTN21IemlLYnJ3N2pyZ1R4VUFKNlNuWkJHS1RvSklvVnJFaUkyZ0VyUDY4VGNxbWNTeG9wRFBjLXA2TXVWbnZmQ3ZQeF8za0pSbG9uYk9rM1B0MHdvYWQ0M3RIZE1LeUNISDFYRkh6RDhKVW81cXJweHp6ZVBzdktVM0lsTHY0VlAzazdGQjNVY3hGbF9HMFdkNHVfbjFTUm5FZXdoal9OQXR0MWJhV01xRm5HTkF4WTRmZHBqTTVPMkZoRzVzaVpHcGtHS2c?oc=5,,"Zumbatón, desfile y coronación: así será el “fiestón” por el 103 aniversario de la colonia Morelos
La Morelos tira la casa por la ventana, serán cuatro días de fiesta deportiva y cultural en el corazón de Tampico
Mario Cruces
Integrantes del comité organizador dieron a conocer los detalles de esta magna fiesta, la cual busca fortalecer la convivencia entre vecinos y resaltar la identidad de esta emblemática comunidad.
Durante una rueda de prensa, los coordinadores de los festejos, Pedro Valladares, Rolando Santiago y Carlos Martínez, explicaron que el programa ha sido diseñado para todas las edades.
El arranque oficial será el miércoles 9 de abril con un torneo de futbol infantil y juvenil, el cual se desarrollará en las canchas ubicadas a un costado del Faro, sobre la carretera Tampico-Valles.
Fortalecen la convivencia entre vecinos y gente de otras zonas
El sábado 11 de abril será uno de los días más intensos:
La alcaldesa de Tampico estará en los festejos
Este evento contará con la presencia de la presidenta municipal de Tampico, Mónica Villarreal Anaya, quien acompañará a los habitantes en esta importante celebración.",GOOGLE_NEWS_RSS
¡Armen la reta en Altamira! Ya quedó el campo de El Chocolate y ahora sí tiene luces de primera - oem.com.mx,2026-04-10 02:41,2026-04-10T02:41:02+00:00,oem.com.mx,,https://oem.com.mx/elsoldetampico/deportes/armen-la-reta-en-altamira-ya-quedo-el-campo-de-el-chocolate-y-ahora-si-tiene-luces-de-primera-29415040,https://news.google.com/rss/articles/CBMi3gFBVV95cUxQS1IwRkMxOXJ1RkFrdHprVFE0QW95bWtUV3lqZ0JPUExVSFlKZGJ0TkRXMHdqMmRrZDJDYnNwU3preG9SR3RZeFo3enJwSk5yTkJfYXZIMTI0NUp2T3Q4ZmM4cm9rMWNPSHJGaVEtMm83cEEtWmUwenZYOUJvUFgtdEJMWUZ6ZmJtNVVpU3pIc1BTZ3pnc0ExUUVZWkU5QkRCZmxsbHZYNEd4T2RVbzZYM3Qwdi1qNk1feW5OdDRSVWFtMTVhSWlMa3hDcF8taVMzbU1FQkxQRHhXaTlibXc?oc=5,,"¡Armen la reta en Altamira! Ya quedó el campo de El Chocolate y ahora sí tiene luces de primera
Habrá futbol de noche, gracias a la nueva iluminación los chavos podrán hacer deporte de forma segura al terminar sus clases o trabajo
Mariela Macay
El evento estuvo encabezado por el gobernador morenista, Américo Villarreal Anaya, quien realizó una gira de trabajo en el sur de Tamaulipas.
Destacó que el proyecto contempla el desarrollo de 26 canchas: “Estamos haciendo el esfuerzo propio para que todos los municipios dignifiquemos estos espacios”, apuntó.
Estiman inversión estatal de mil 500 millones de pesos en Altamira
“El gobierno ha invertido aquí más de mil 500 millones de pesos en infraestructura en todos los niveles”, apuntó. Señaló que esta obra fomenta el deporte en todas las edades.
“Vamos a hacer deporte de noche”
En representación de las personas que residen en este sector, María del Socorro Ruiz Zamorano resaltó que la iluminación de este campo permitirá que el deporte se practique de noche.
“El deporte dignifica, fortalece valores, cuida la salud de nuestros hijos, los aleja de los riesgos y los acerca a un futuro comprometedor”, afirmó.
La mujer recordó que el papá del gobernador, Américo Villarreal Guerra, la atendió en su momento para que este sector contara con energía eléctrica.
En este evento se contó con la presencia de la alcaldesa de Tampico, Mónica Villarreal Anaya, y su homólogo en Ciudad Madero, Erasmo González, así como del secretario de Gobierno, Héctor Joel Villegas.
Para finalizar la inauguración de este campo de futbol, el mandatario de Tamaulipas dio la patada inicial en la búsqueda del gol.",GOOGLE_NEWS_RSS
Por delito de encubrimiento vinculan a proceso a presunto involucrado en caso de Ezequiel - oem.com.mx,2026-04-10 01:56,2026-04-10T01:56:08+00:00,oem.com.mx,,https://oem.com.mx/elsoldetampico/local/por-delito-de-encubrimiento-vinculan-a-proceso-a-presunto-involucrado-en-caso-de-ezequiel-29413384,https://news.google.com/rss/articles/CBMi1AFBVV95cUxPY3h1X1ZRMVo1NGhYc2IySDdEczBwLUhPRWVqcXB0bVlrZXNuc3dadjU2bFpmR2FwTk5yV3Zabmk2V1hwclI1LUVudWRwYmxTbHBKSFZYVWhfSEpvSGpJUDdUaVFOS3hacndtcXFaX3d3ck51TmxCMUI1ZjlnT3dUMTVjaVhhN0F0MnlwcVJLbnIwZUVMU1lMa0RTdUo5a3Rxc0RXMnFISE9DUFJUWmwzRnVhTnNLV2t4UmxkMWdmUHBjNjR5X1QzVzZ0NHNzem1SWE1GRA?oc=5,,"Por delito de encubrimiento vinculan a proceso a presunto involucrado en caso de Ezequiel
El percance vial que cobró la vida de Ezequiel Antonio se registró el domingo 29 de marzo en Tampico
Mario Cruces
Lo que inicialmente fue considerado un incidente vial, pronto derivó en una investigación más amplia, que hoy mantiene a una persona vinculada a proceso por su presunta participación posterior a los hechos.
De acuerdo con la información presentada por el Agente del Ministerio Público de la Fiscalía General de Justicia del Estado de Tamaulipas, Rogelio “T” fue señalado por el delito de encubrimiento.
Según las indagatorias, el imputado habría auxiliado al presunto responsable del atropellamiento a darse a la fuga, evitando que enfrentara las consecuencias legales tras el accidente.
Fiscalía dicto auto de vinculación a proceso
Testigos indicaron que tras el impacto, el ambiente se tornó caótico, mientras algunos intentaban ayudar a la víctima, otros observaron cómo el vehículo involucrado abandonaba el lugar con rapidez.
Las autoridades lograron recabar datos de prueba suficientes para presentar el caso ante un juez de control, quien determinó que existen elementos para iniciar un proceso penal contra Rogelio “T”.
Por ello, se dictó auto de vinculación a proceso, lo que marca el inicio formal de la investigación complementaria.
Establecen un plazo de tres meses para dictar sentencia
Durante la audiencia, el juez también estableció un plazo de tres meses para el cierre de la investigación complementaria, periodo en el que se continuarán integrando pruebas y testimonios que permitan esclarecer completamente lo ocurrido.
Además, a petición del Representante Social, se ratificó la medida cautelar de prisión preventiva justificada, por lo que el imputado permanecerá privado de su libertad mientras avanza el proceso.
Este caso ha generado indignación entre los habitantes de la colonia Morelos, quienes consideran que no solo se debe castigar al responsable directo del accidente, sino también a quienes contribuyen a obstaculizar la justicia.
Para muchos, el encubrimiento representa una falta grave que agrava aún más las consecuencias de un hecho ya de por sí calificado de lamentable.",GOOGLE_NEWS_RSS
Caso Ezequiel: procesan a implicado por encubrimiento tras atropellamiento en Tampico - Milenio,2026-04-10 01:03,2026-04-10T01:03:00+00:00,Milenio,,https://www.milenio.com/policia/caso-ezequiel-vinculan-proceso-rogelio-encubrimiento,https://news.google.com/rss/articles/CBMijAFBVV95cUxNMTBTUjdSSHdGanVzWl9WWi1LMllsOE9UYTVSTmNsampnV3lNdmNiRWtHRVBWN3NMZDNJc3JCZGtaZXZTcWw3aDczd19mdDRqclQ1WlM5ZHI2SHhldjNOQ3pRM09LeHpxTWZtZjlWblItRHI4bk9GN3M1dzlGZkc0THEtUHg4ZXZpVm9GZtIBjAFBVV95cUxNWUw2YjVpR0lVQjNIZTgydDhEZVV2eVhYZXZPb1hGeHJXd3dKUm53cXM0S0ZPTkUzd1AtZEhiNVdrbGpYOVlSVXVYMEFMTXlNYldyY2lweEk3ZE9VaXotNGpRWTR4TFlkUFZONkJQMHNIQjFqX3BxWEVxYzVhVEoxTUZORTVuVVl5SG1WNw?oc=5,,"Luego de que MILENIO reportó su detención el pasado 5 de abril por su presunta relación con el caso del atropellamiento de Ezequiel en Tampico, la Fiscalía General de Justicia del Estado de Tamaulipas confirmó que Rogelio “T” fue vinculado a proceso por el delito de encubrimiento.
De acuerdo con lo informado por la autoridad, un juez de control determinó que existen datos de prueba suficientes presentados por el agente del Ministerio Público para iniciar un proceso penal en su contra, derivado de hechos ocurridos el pasado 29 de marzo en la colonia Morelos.
Rogelio ""T"" habría ayudado en la huida del presunto responsable
Según la investigación, el imputado habría auxiliado a otra persona a darse a la fuga tras un accidente vehicular registrado en ese sector, lo que derivó en la acusación por encubrimiento.
Como parte de la resolución judicial, el juzgador estableció un plazo de tres meses para el cierre de la investigación complementaria, periodo en el que se continuarán recabando elementos para fortalecer el caso.
Rogelio ""T"" permanecerá en prisión
Asi mismo, y a petición de la representación social, se determinó mantener la medida cautelar de prisión preventiva justificada, por lo que Rogelio “T” permanecerá privado de la libertad mientras avanza el proceso.
Esta vinculación a proceso marca una nueva etapa en el caso, luego de su detención dada a conocer días atrás, y abre paso al desarrollo formal del procedimiento penal en su contra.
JETL",GOOGLE_NEWS_RSS
Transparencia revela el motivo: por qué cerraron 200 escuelas en Tamaulipas - oem.com.mx,2026-04-10 01:00,2026-04-10T01:00:53+00:00,oem.com.mx,,https://oem.com.mx/elsoldetampico/local/transparencia-revela-el-motivo-por-que-cerraron-200-escuelas-en-tamaulipas-29329451,https://news.google.com/rss/articles/CBMiwAFBVV95cUxQR2R1d3pkMEZ6b2pxSWV1Tlc4R0tfOVZFMmdkQXpNbWFDM2kwWk1KbTdCNkJXTGZBaTdvMVdvaE5NSjhxd1RiSi14QlNWYWdGbmFTYllnd2E2ZGRQZTVESExMMFBJUHZvYkZGLUNNbXFZNUZCbTlVa3Y1MUhOTDQ2SjI3UVVKZDBLTHozcks1bjgxdW9BajRLMjY0ZHVMZG93MHJTSTM0SGhWV0RQOHV0WW1XWU9JVHp0WXhvemI0MVI?oc=5,,"Transparencia revela el motivo: por qué cerraron 200 escuelas en Tamaulipas
A pesar de los dos mil 400 millones de pesos destinados a infraestructura, el sistema educativo enfrenta baches
Yadira Hernández
De acuerdo con información obtenida a través de la Plataforma Nacional de Transparencia, mediante solicitud, entre 2024 y 2025 han dejado de operar instituciones de nivel inicial, preescolar, primaria, secundaria y medio superior.
El documento detalla que entre las principales causas de cierre se encuentran:
“Cada caso debe contar con un motivo oficial, fecha de clausura y documentación que respalde la decisión, a fin de garantizar transparencia en el proceso”, detalló la Secretaría de Educación en el informe brindado.
Victoria, Reynosa, Matamoros y zona sur registran más cierres
Tamaulipas presume cifras en inversión educativa
“Son arriba de dos mil 400 millones de pesos los que se han ido directamente a reparar las escuelas de Tamaulipas; es un buen empujón.
El gobernador, Américo Villarreal, quiere que todas las escuelas tengan condiciones de dignidad”, aseveró el director del organismo, Sergio Castillo Sagástegui.
De este monto, mil 152 millones provienen del Fondo de Aportaciones Múltiples, mientras que el Gobierno federal ha aportado mil 300 millones mediante el programa “La Escuela es Nuestra”.
El titular de Educación concluyó que el objetivo es garantizar servicios básicos de calidad, como baños, techumbres y climatización, a pesar de los cierres registrados.",GOOGLE_NEWS_RSS
¿Quieres hacer jugo? Profeco presenta precios históricos del mango y la naranja - Milenio,2026-04-10 00:43,2026-04-10T00:43:04+00:00,Milenio,,https://www.milenio.com/negocios/jugo-de-naranja-y-mango-estos-son-los-precios-segun-profeco,https://news.google.com/rss/articles/CBMilwFBVV95cUxPWURJUXZlTU1sVjQwYTZnOEVjdzFiY0ktZm1aV0dhTW4xQ2NMcWJ4Ym1EaFdWdE90ZmxDZHJPZnpOVWkxRXNxTGFrMi1WNDlkM0Z2bU1BNWl1OXp2anVBeDQ1b2V3aUFwWXFTZVA0SjEtb0I1aHpxRUVndVdaWjZ4a202a3pQQkpiWl9iWUNNOWloTGVmM2g00gGXAUFVX3lxTE9DQzNtcHdmZjlYaE90aWVzazh3dllxYU5hZEdaa2VVejhkNXhlMWxvVnJnQ09iUVpHdG5adnl2a0p0ZjJhQkhNOU9iaGk4b1I5Mk8taExhaU9xdkhKM2htRDNGbmhtV09uamRPWFlVd241eHFKMlp2eDNiaFJsOXdGMGc2ZEVPSklObURNeEg0U3EwSEpoSXM?oc=5,,"La Procuraduría Federal del Consumidor (Profeco) presentó esta semana los precios mínimos, máximos y promedio del mango Ataulfo, Manila y Petacón, además de los costos de la naranja Valencia, así como para jugo.
A través de un comunicado, la Profeco explicó que la información corresponde a la semana del 30 de marzo al 1 de abril, para aquellos que quieran aprovechar la temporada de naranja y mango.
¿Cuánto cuesta el mango esta semana?
De acuerdo con la Profeco, los precios del mango son:
- Mango Ataulfo: Esta variedad registró un precio promedio de 44.89 pesos el kilo, mientras que el más bajo se localizó en Bodega Aurrera de Ciudad Juárez, Chihuahua, y en los mercados públicos Lucas de Gálvez y Emilio Sánchez Piedras, ubicados en Mérida, Yucatán, así como en Tlaxcala, Tlaxcala, respectivamente, a un precio de 30 pesos el kilo.
Por el contrario, el precio más alto se ubicó en el Mercado Público Miguel Hidalgo, en Tijuana, Baja California, a 70 pesos el kilo; además de H.E.B. sucursal San Nicolás, en Monterrey, Nuevo León, a un precio de 69.95 pesos el kilo.
- Mango Paraíso Petacón: El precio más accesible fue de 25 pesos el kilo y se encontró en la Central de Abasto de León, Guanajuato, asimismo, en el Mercado Público Emilio Sánchez Piedras de Tlaxcala, Tlaxcala; asimismo en Chedraui, Coacalco, Estado de México, en 27.50 pesos.
En lo referente a los precios más elevados, estos se ubicaron en tiendas Chedraui de Campeche, Campeche, y Puebla, Puebla, a un precio de 77.50 pesos seguido de Fresko La Comer, en Guadalajara, Jalisco, a 73.90 unidades el kilo. El precio promedio por kilo fue de 36.99 pesos.
- Mango Manila: Los precios más bajos para esta fruta se localizaron en el Mercado Carro Verde de León, Guanajuato, a 35.00 pesos el kilo, y en los mercados: Principal Pedro Sainz de Baranda, La Purísima y Martínez Domínguez, ubicados en Campeche, Campeche; Ciudad de México; y Monterrey, Nuevo León, respectivamente, a 40 pesos.
Por el contrario, los precios más altos se localizaron en tiendas City Market ubicadas en Huixquilucan, Estado de México, y Puebla, Puebla, a 69.90 pesos el kilo, mientras que el precio promedio por kilo fue de 54.05 pesos.
¿Cuál es el precio de la naranja?
Mientras que el precio de la naranja es:
- Naranja Valencia: El precio más bajo ofertado se encontró en Tamaulipas, en el Mercado Centralito de Reynosa, a 15 pesos el kilo, y en el Walmart de Tampico, a 16.90 pesos.
En Mega Soriana de León, Guanajuato, se ubicó el precio más caro, de 52.90 pesos el kilo, así como en Walmart de Culiacán, Sinaloa, a 49.90 pesos el kilo, mientras el precio promedio fue de 27.62 pesos el kilo.
- Naranja para jugo: El precio promedio fue de 25.39 pesos, y el mínimo se registró en la Central de Abasto de León, Guanajuato, y de la Ciudad de México, a 14 y 15 pesos el kilo, respectivamente.
Por el contrario, el más caro se encontró en Mega Soriana de Toluca, Estado de México, en 42.90 pesos, y en Soriana Súper de Guadalajara, Jalisco, en 41.50 pesos.
KL",GOOGLE_NEWS_RSS
¡ATENCIÓN! Ya cambiaron el sentido de circulación en esta calle de Tampico ¿Cuál es? - Milenio,2026-04-10 00:02,2026-04-10T00:02:00+00:00,Milenio,,https://www.milenio.com/estados/cambian-sentido-circulacion-calle-tampico-debes,https://news.google.com/rss/articles/CBMihgFBVV95cUxQTVVkMV9UYkJaN1haaGlqeHVyMUpxT25xa25qSEV1OVQ2cmhabXp6dVdPYWx6SmF2SFhuM0YyUmRoUF9pU3NsWnhOcklEbTBJdzAzRlhtcHhBSWxzeGFNSGJlS0J0aVd3VGNPZEJSNVcyQTBkZkpSaW0wQWxKTTU0SXpqcGt5QdIBhgFBVV95cUxOeGo2bjNuVHNUSlJycVFoaFlpaHduM3RPbmZtSFN1LXgweWk4QkRDUlVJTGNTT2dHN1hIaGc5VV9Qa1RiVVNzWWFidElYWlpYU1NlNzhpTGl2Uk1XSHJtb3NUNUttZUxMTFNTRlFmWFBCMGY4VXVueHh3WmtVQ2JlMXJxcFZDQQ?oc=5,,"La Dirección de Tránsito y Vialidad de Tampico dio a conocer un ajuste en la circulación vehicular en una de las calles de la colonia Otomí, como parte de las acciones encaminadas a optimizar el flujo vehicular y reforzar la seguridad vial en zonas habitacionales.
Este tipo de modificaciones forman parte de estrategias implementadas por las autoridades locales para responder a las necesidades de movilidad en sectores donde el crecimiento urbano y el aumento del parque vehicular han generado nuevas dinámicas de tránsito.
¿Qué cambio se realizó en la calle Nueva de la colonia Otomí?
De acuerdo con la información oficial, la modificación corresponde al sentido de circulación en la calle C. Nueva entre avenida Cuauhtemoc y Gómez Farías, ubicada en la colonia Otomí. La cual circulará de Este a Oeste. (de la avenida Cuauhtemoc a la Gómez Farías)
Las autoridades exhortaron a los conductores que transitan habitualmente por este sector a mantenerse atentos a los cambios, respetar los señalamientos viales y adaptar sus rutas si es necesario, con el objetivo de evitar contratiempos o incidentes.
Este tipo de medidas suelen implementarse tras análisis de flujo vehicular, buscando reducir conflictos entre unidades, mejorar tiempos de traslado y prevenir accidentes en puntos considerados críticos.
Llamado a respetar señalización y medidas viales
La Dirección de Tránsito reiteró la importancia de que la ciudadanía colabore respetando las nuevas disposiciones, ya que el éxito de estos ajustes depende en gran medida de la responsabilidad de los conductores.
Asimismo, se destacó que los cambios en sentidos de circulación no solo buscan agilizar el tránsito, sino también proteger a peatones y residentes de la zona, especialmente en colonias donde las calles suelen ser más estrechas o presentan alta actividad diaria.
Finalmente, las autoridades no descartaron que este tipo de modificaciones continúen en otros puntos de la ciudad, conforme se identifiquen áreas que requieran mejoras en la movilidad urbana.",GOOGLE_NEWS_RSS
Nuevo Laredo empodera a ciudadanos; vecinos decidirán obras y prioridades en sus colonias - oem.com.mx,2026-04-09 23:40,2026-04-09T23:40:48+00:00,oem.com.mx,,https://oem.com.mx/elsoldetampico/local/nuevo-laredo-empodera-a-ciudadanos-vecinos-decidiran-obras-y-prioridades-en-sus-colonias-29406474,https://news.google.com/rss/articles/CBMi0wFBVV95cUxPemhZYTBZOTd5bDJjT095bDNSdlY5U3MzcFFxcGc1RVFtcGxZNVJOVGhlYmd5cko5R05PT0t0QVBteVJaS3QzYWQyei1OZTNWRng4aENzaUdabVpHU0lCV2pDU21sOGxLRUd1LVJGYmtOaG1sYS0zNnhkOE1rY2pVSmhPYnJOUU5LRkFwZkZYTzRKWVhNTXU0aVg4YWNPWDFDX2FuTzlJdmJCQnJFeWNUbHJzamZrSVc0RWstRE9pWFJDNUs3b3hERXg1MGRNdl82STNZ?oc=5,,"Nuevo Laredo empodera a ciudadanos; vecinos decidirán obras y prioridades en sus colonias
El organismo integra a representantes de más de 20 sectores de la ciudad y que busca convertir las necesidades vecinales en acciones concretas
Antonio Sosa / El Sol de Tampico
Colonias se organizan para tener voz directa
Colonias como Morelos, Anáhuac, Electricistas, Villas del Lago, Los Encinos, Viveros y Zaragoza ya forman parte de este esquema, que plantea un cambio de fondo: pasar de decisiones centralizadas a un modelo donde la comunidad tenga voz directa.
“Este espacio les otorga la capacidad de señalar prioridades, proponer soluciones y exigir resultados”, afirmó la alcaldesa, al destacar que las propuestas ciudadanas serán tomadas en cuenta en la planeación municipal.
Inversión en infraestructura, bajo la lupa ciudadana
De promesas a decisiones compartidas: el nuevo esquema de participación
Este modelo también representa un reto: lograr que la participación ciudadana sea constante, organizada y realmente influyente en las decisiones públicas.
El reto: participación que sí genere resultados
La alcaldesa hizo un llamado a mantener la unidad y el trabajo en equipo para consolidar un Nuevo Laredo más moderno y con mejor calidad de vida, pero con un ingrediente distinto: la corresponsabilidad de sus habitantes.
Con esta estrategia, la ciudad apuesta por un cambio de dinámica: que las obras no solo se construyan para la gente, sino con la gente. Y ahí, en esa diferencia, podría estar la clave del impacto real en las colonias.",GOOGLE_NEWS_RSS
Alebrijes de Oaxaca vs Jaiba Brava del Tampico-Madero: ¿dónde ver y a qué hora se juega? - oem.com.mx,2026-04-09 23:10,2026-04-09T23:10:29+00:00,oem.com.mx,,https://oem.com.mx/elsoldetampico/deportes/alebrijes-de-oaxaca-vs-jaiba-brava-del-tampico-madero-donde-ver-y-a-que-hora-se-juega-29410717,https://news.google.com/rss/articles/CBMi0wFBVV95cUxQc0ota3hFMklJOFQyZXFPVTF3VzdBTnZ4b1VVbXN3SE9EUlVONmZPXzFFUnlmRnUxb2Z5cHhmXzVUQmZXZnozMnRHUkRBc1A5V1NRTFRkNUhTS1RQVHpXQU9fWEcwak9fNHUzbmFwaldSZEMtNGkzbWxLcTM3Zl9KdE1DX3pPWUZiblVia3NYN0k5Y0p5RGV3dlMyZ3U5Zk1uTXNPNmYxdmVqTkdFUjBFdVdvN0JQdXJKVC1IdnBYU19EUU1kcmRrdGI4d3dmUHkwWjhV?oc=5,,"Alebrijes de Oaxaca vs Jaiba Brava del Tampico-Madero: ¿dónde ver y a qué hora se juega?
Mañana viernes el campeón se juega el alma en Oaxaca. Los dirigidos por el “Chima” Ruiz tienen prohibido perder
Gustavo Corona
Alebrijes sin nada que perder: ya no puede entrar a la Liguilla
Los de Oaxaca se encuentran en la posición 11 de la tabla general, contando con 3 victorias (todas como local), 4 empates y 5 derrotas en sus 12 partidos, teniendo un acumulado de 13 puntos.
Por su parte, la Jaiba Brava se encuentra en la décima posición con 15 puntos, teniendo 2 puntos menos que los Mineros de Zacatecas, quienes se encuentran en octavo.
En la lucha por mantener la corona se encuentra el Tampico-Madero
Esta fecha 14 será determinante, no solo para la Jaiba Brava, también lo será para los equipos que terminen estando entre los 8 primeros puestos de cara a la Liguilla de este Clausura 2026.",GOOGLE_NEWS_RSS
Continúa bloqueo en Potrero del Llano: estas son las rutas alternas para evitar quedar varado - oem.com.mx,2026-04-09 22:43,2026-04-09T22:43:54+00:00,oem.com.mx,,https://oem.com.mx/elsoldetampico/local/continua-bloqueo-en-potrero-del-llano-estas-son-las-rutas-alternas-para-evitar-quedar-varado-29408435,https://news.google.com/rss/articles/CBMi2AFBVV95cUxNV3IzU2dYb1IzbE85Wm9VekZBTGtjS25nVTQ0LTZBamJnMnJUcHVsVzhvVnRwX1FscWdnZkF5RkoxejRDMzkwSW12bi1rSmtLemdBVENGalViQ0lTTUZiS2JvUzRSZFV1NXRrbU9Yam04dnNlbnNsV0VuWU9aejJsZlhEd0tqOFpkU0pFdE1ZUHdqd3p4VlQtWm5NeDFkTnlwQkhab3ZJbUNhMVNlNHFzMVJIMWcyamQzUkwzVEozZXBvX3RocW1JTHMxVktHMFQwVFl1RWE2dlU?oc=5,,"Continúa bloqueo en Potrero del Llano: estas son las rutas alternas para evitar quedar varado
El cierre mantiene incomunicadas zonas del norte de Veracruz y complica el traslado de pasajeros y carga
Antonio Campos
Autopista Ozuluama–Tuxpan, principal alternativa ante el bloqueo
“Se exhorta a la ciudadanía a tomar precauciones y hacer uso de rutas alternas ante la continuidad del bloqueo”, informaron.
Autoridades piden extremar precauciones y planear trayectos
Hasta las 13:00 horas de este jueves 9 de abril, el bloqueo continúa sin que exista una respuesta concreta por parte de las autoridades estatales, lo que mantiene la tensión en la zona y prolonga las afectaciones.",GOOGLE_NEWS_RSS
Bloqueo carretero en Potrero del Llano cumple casi 24 horas; afecta a miles en el norte de Veracruz - oem.com.mx,2026-04-09 22:21,2026-04-09T22:21:47+00:00,oem.com.mx,,https://oem.com.mx/elsoldetampico/local/bloqueo-carretero-en-potrero-del-llano-cumple-casi-24-horas-afecta-a-miles-en-el-norte-de-veracruz-29403256,https://news.google.com/rss/articles/CBMi4AFBVV95cUxOcGpjZ2NIcnNaZUNaWWJfdW00dTlLY0ZMel9BMGliSDBiR1Y3S2NVcFJKLWxIcEdxTWUwSGd1YklsQnlvbWxtcFRkV3piTm1xT0o1dmo4a213ZS1ZeWw0M0s0MzdFcUFkRW9GaWZtWGxFdGt4YnZ6cVV0cHluOHFibXZZMEthRFZHUk9pUE5JRDl5eHNmZTVmbms0cEVRbnRrWFJGZDdfVmgyclVmNW1YbGM3bHF3QmIzWTF3bkJWMlE0TTNfd3VrQjFNWC1Td0xlY1hRMV9rV3IyemdiNHphdg?oc=5,,"Bloqueo carretero en Potrero del Llano cumple casi 24 horas; afecta a miles en el norte de Veracruz
Tres puntos carreteros permanecen cerrados, lo que afecta el traslado de mercancías, estudiantes y servicios médicos
Antonio Campos
La protesta, que comenzó la mañana del miércoles 8 de abril, mantiene varados a automovilistas, transporte de carga y pasajeros, además de dejar prácticamente incomunicadas a varias comunidades.
Comunidades exigen caminos y puentes tras años de rezago
Asimismo, solicitan la construcción urgente de dos puentes, uno en Chote Santa Teresa y otro en San Fernando, debido a que durante la temporada de lluvias las crecientes de los arroyos provocan aislamiento y ponen en riesgo a las familias.
“El abandono de los caminos rurales limita el desarrollo económico y el acceso a servicios básicos”, señalaron representantes de las comunidades.
Bloqueos en tres puntos afectan el tránsito regional
El cierre ha impactado directamente a municipios como:
Donde transportistas han tenido que buscar rutas alternas, lo que ha generado mayores tiempos de traslado y costos adicionales.
Los manifestantes reiteraron que el bloqueo continuará hasta que exista un compromiso formal de las autoridades estatales, e incluso solicitaron la intervención del Gobierno Federal para dar seguimiento a sus peticiones.",GOOGLE_NEWS_RSS
"¿Quiénes NO PAGARÁN su RECIBO de AGUA durante SEIS MESES en Matamoros, Tamaulipas? Esto sabemos - Milenio",2026-04-09 21:34,2026-04-09T21:34:00+00:00,Milenio,,https://www.milenio.com/comunidad/condonacion-de-agua-en-matamoros-tamaulipas-a-extrabajadores,https://news.google.com/rss/articles/CBMimgFBVV95cUxOVDl5Nnh0UUxibFVxY1RKa0hrcUNSejhBVlMtVW9IS3FmQ1I4czdRMEVnc1hYZXFOV25UTWYzbjdjNU9qMUNKdG9tYXdNamEyTVVSWHRSRFN2QldPWkJ0elpyQ1YxZElhaEtDWVpvV1RfZzZrOHQwd2UwM1hKb2RhVUNGWFFvR1FkaFU2YlNBNllQeEJNaTktZ0x30gGaAUFVX3lxTFBwVXAwaTJQXzM0Y0dXMEEwVmdpRFpBektZUEw3dnpvdHlrQVVHYkxZYjBlRmtPb3RORENRQWtHdmdtX3d2RjRNNmkwcUxLeE8wUmFpT0tFMFgxQkhuMy15bExKal9SbnVjNEZ4Qmp0TEotZ3FfLUNNWlJJZHhJaHg3SURJdUtoMkRxVER5TURXSk12NG9EZlRhb1E?oc=5,,"La crisis laboral derivada del cierre de empresas en Matamoros ha llevado a las autoridades municipales a implementar medidas emergentes para apoyar a las familias afectadas. Ante la pérdida de empleos en compañías como Trico y Tridonex, el gobierno local anunció un paquete de apoyos directos enfocados en aliviar la carga económica de los extrabajadores.
Entre las acciones más destacadas se encuentra la condonación total del pago del servicio de agua potable por un periodo de hasta seis meses, medida que busca brindar un respiro inmediato a quienes enfrentan dificultades financieras.
¿Quiénes pueden acceder a la condonación del recibo de agua?
El alcalde de Matamoros, Beto Granados, informó que el beneficio del 100 por ciento en el recibo de agua se otorgará a través de la Junta de Aguas y Drenaje (JAD), bajo ciertos criterios específicos.
Además del apoyo en servicios básicos, el gobierno municipal anunció una estrategia para incentivar la contratación de extrabajadores en otras empresas, con el objetivo de acelerar su reincorporación al mercado laboral formal.
¿Cuáles son los requisitos para no pagar recibo de agua durante seis meses en Matamoros?
Para acceder al subsidio, el contrato del servicio deberá estar a nombre del trabajador afectado. En caso de existir adeudos previos, estos no serán eliminados, pero sí congelados durante el mismo periodo, evitando la generación de recargos mientras se estabiliza la situación económica de las familias.
- Recibo de agua a nombre de trabajador afectado
- Presentarse en las oficinas de Junta de Aguas y Drenaje
¿Qué beneficios tendrán empresas que contraten a ex empleados de Trico y Tridonex?
Como parte de una respuesta integral, las autoridades locales trabajan en conjunto con la Secretaría del Trabajo, el Instituto Mexicano del Seguro Social (IMSS) y el Instituto del Fondo Nacional de la Vivienda para los Trabajadores (Infonavit).
Estas instituciones implementarán programas especiales para garantizar que los derechos de los trabajadores no se vean vulnerados tras la pérdida de empleo, incluyendo la continuidad en servicios médicos y la protección de sus créditos de vivienda.
Asimismo, se brindará asesoría personalizada a los afectados, quienes podrán recibir orientación a través de sus representantes sindicales para resolver dudas y gestionar apoyos.
¿Qué medidas implementarán para enfrentar la crisis laboral en Matamoros?
El cierre de empresas como Trico y Tridonex ha generado un impacto significativo en la economía local, afectando a cientos de familias que dependían de estas fuentes de empleo.
Ante este panorama, el gobierno municipal busca ofrecer soluciones inmediatas que permitan mitigar los efectos de la crisis, al tiempo que se generan condiciones para la recuperación laboral.
Las autoridades destacaron que estas acciones forman parte de un esfuerzo coordinado entre los tres niveles de gobierno, con el propósito de brindar certidumbre y respaldo a la clase trabajadora de Matamoros.",GOOGLE_NEWS_RSS
La Paz lanza “C4 del agua” para frenar robo y fugas del recurso - Milenio,2026-04-09 20:54,2026-04-09T20:54:00+00:00,Milenio,,https://www.milenio.com/estados/implementan-monitoreo-de-agua-en-la-paz-para-evitar-fugas,https://news.google.com/rss/articles/CBMikwFBVV95cUxPdXktelUxcW5IaVFnbFBEY0JERUZISVlfdGpqTnRkS0hTUzhHZmRXWE5nQzN4LW1Qb3laZ3I1UUVEM0EwRGl4aWtRUzc0Q1NjNDFnOXNJNGdDMDNuUWJVODQyUzV4VERlSXM4Y0hpX3NnQU1SNXp1MXRNenBGcFdTRmxfRDdzQXFaY2sxVmd2NnRFWGvSAZMBQVVfeXFMTi1KeURMdzI3M0hRNWdIdVJfeFJydFRRX3FfanNNQVBJbVNFaGgwVjVVRERMWFRtbG5EdDcwY1dlMzljSGxpaW55b1BEX2FOeU5XYTV6c2MxaUdKV3k4cm55ZVRCNmZWNWEwT3BRWHR6UEZBUVp4Zl9XZEtIU3V0akw1ZG5LWXkyQWxoNm1feTJSdDdZ?oc=5,,"El Ayuntamiento de La Paz informó la creación del Centro de Monitoreo del Agua, denominado 'C4 del Agua', una plataforma tecnológica diseñada para supervisar en tiempo real pozos, acueductos y tanques elevados.
Este sistema permite la detección inmediata de fugas, fallas operativas y la extracción ilegal del recurso, alineándose con el Plan Nacional Hídrico y el Acuerdo Nacional por el Derecho Humano al Agua para optimizar la presión y el servicio en las colonias de la capital.
A través de esta infraestructura, se ha logrado identificar el ingreso irregular de pipas a fuentes de abastecimiento mediante la vigilancia de los volúmenes de agua y los niveles de almacenamiento.
Al respecto, la alcaldesa de La Paz, Milena Quiroga señaló que “esta tecnología ayuda a cerrar espacios al huachicol de agua y a proteger un recurso que por años fue vulnerable al desorden y al abuso”.
La atención a la crisis hídrica se ha consolidado como la principal agenda del gobierno municipal de la capital, ante el posicionamiento de Baja California Sur como la entidad con mayor estrés hídrico a nivel nacional.
Esta problemática cobra relevancia frente al dinamismo económico del estado, el cual, de acuerdo a los datos del sector empresarial, se ubica entre las regiones con mayor captación de inversión extranjera, lo que obliga a las autoridades a garantizar la sustentabilidad del recurso para mantener el desarrollo y la certidumbre en la entidad.
DIRV",GOOGLE_NEWS_RSS
Nuevo Obispo se presenta ante la Diócesis de Tampico - Milenio,2026-04-09 20:20,2026-04-09T20:20:00+00:00,Milenio,,https://www.milenio.com/comunidad/obispo-margarito-salazar-misa-diocesis-tampico,https://news.google.com/rss/articles/CBMihwFBVV95cUxOS2lWb3BmV3dQWVRJRjJMS3d5bHUzRzNRd2swNTViV3JtbGRzNE95aEk3S0ZjQVVrR2Nmdk9jTDlOQm0yTEVhSWctYW5aSGd1enZVd2VsQVcta1h3dTZhMXV0U0ZsS05uUVoxZ3ZyMGJQdXUyX241SG5URE1XaVU5Tm95dU1ET1HSAYcBQVVfeXFMTUVIUXRTdXBTOXpLbGw4Tzc0NDFmbzd4YjlMTVU3VUR2TldBQXFjQ0lKVlVJZHVfdGtYNFZhZXBMQzRxVUw1Z3lEQldINjFNWXNLa2s3NFo2TTBxTkRkSnZkaE13a09NcWZfdUI4M0dYcTJBMno4Zm80UlBKaHhIT0dmenFNX0Y0?oc=5,,"La fe se siente, se respira y se comparte. Desde temprana hora de este jueves, cientos de feligreses comenzaron a llenar el Domo Uno donde se celebra la misa de inicio episcopal de Margarito Salazar Cárdenas, como nuevo obispo de la Diócesis de Tampico en un ambiente cargado de emoción, expectativa y profundo sentido espiritual.
Creyentes de todas las edades
Familias enteras, adultos mayores, jóvenes y niños han acudido para ser testigos de este momento histórico para la Diócesis de la ciudad porteña. Entre la multitud también destacan presbíteros y sacerdotes provenientes de distintas regiones del país y de los mismos decanatos, quienes se han sumado a esta celebración que marca el inicio de un nuevo liderazgo pastoral.
Una misa llena de fe y una cálida bienvenida
Los cantos litúrgicos, las oraciones y los gestos de bienvenida reflejan el cariño y la esperanza con la que la comunidad recibe a su nuevo obispo. Uno de los momentos más emotivos, sucedió cuando el obispo mostró en papel, su nombramiento desde el Vaticano.
AA",GOOGLE_NEWS_RSS
Vinculan a proceso a Juan 'N' por portación de armas y drogas en Nuevo Laredo - Milenio,2026-04-09 20:04,2026-04-09T20:04:00+00:00,Milenio,,https://www.milenio.com/comunidad/vinculan-proceso-juan-armas-drogas-nuevo-laredo,https://news.google.com/rss/articles/CBMiiAFBVV95cUxOTkg2dXBKdXhCTFRpUTdkRFVSNnlvdFdib3c3TUd3NXBfWDBDQmJTcHJVUVRTcGMtbVFWb0tNcUtiZ0VkT1hhOGw3azFfNWViY18yWEViUXN1VjhwS1lsY3NKeFNhdjNMemdfZ0RaN0dnZWNJbzJ0dGNxNkcwRl93M3JKVWs4ZmJN0gGIAUFVX3lxTE9SN200NkpwZGxtZzVZSW1ZREhVY1N1cDJOdUN1bWZFcWZqcXJrVFBndVNnZmd5SmxqMTluNVVHSWN5Y1F3SU51T2MxWlRwa0s3OUtkbEo2M0otbHQ4TEZDZFdvUFVPWUg1QnFCdFVtQnN4NjhwWE94U3k2eTRYRGxzLXlWaXZYX1U?oc=5,,"La Fiscalía General de la República (FGR) obtuvo la vinculación a proceso de una persona detenida en el municipio de Nuevo Laredo, Tamaulipas, por su probable participación en delitos relacionados con portación de armas y posesión de drogas.
De acuerdo con el comunicado oficial, el imputado, identificado como Juan 'N', enfrentará cargos por portación de arma de fuego sin licencia, posesión de cartuchos de uso exclusivo de las Fuerzas Armadas y delitos contra la salud.
Las investigaciones señalan que la detención fue realizada por elementos de la Secretaría de la Defensa Nacional (Defensa) en un camino de tercer orden, ubicado en el ejido Miguel Alemán, en el municipio fronterizo.
Tras su aseguramiento, el detenido fue puesto a disposición de la Fiscalía Federal, donde se integró la carpeta de investigación correspondiente.
Aseguran armas, droga y equipo táctico
Durante la detención, las autoridades aseguraron diversos objetos, entre ellos:
- Un rifle
- Una pistola
- Cartuchos útiles
- Ocho envoltorios con marihuana
- Un envoltorio con polvo blanco
- Seis teléfonos celulares
- Un radio de frecuencia
- Dinero en efectivo en moneda extranjera
- Un uniforme táctico
Todo lo anterior fue integrado como parte de los datos de prueba presentados ante el juez de control. El Ministerio Público Federal presentó los elementos necesarios para que el juez calificara como legal la detención, dictando la vinculación a proceso y la medida cautelar de prisión preventiva oficiosa.
El imputado permanecerá recluido en el Centro Federal de Readaptación Social número 18, ubicado en Ramos Arizpe, Coahuila, mientras continúan las investigaciones.
yc",GOOGLE_NEWS_RSS
¿Haz visto alguna? Estas son las diferencias entre raya y mantarraya - Milenio,2026-04-09 19:00,2026-04-09T19:00:01+00:00,Milenio,,https://www.milenio.com/ciencia-y-salud/diferencias-entre-raya-y-mantarraya,https://news.google.com/rss/articles/CBMigAFBVV95cUxQcE8wTk1xdFlqY1BZNUhhaV8zS1ZXdktDOTVOWmptZ0ZMckE1bGpWQnRhVG5mb3RtbHFYdzFhXzF3QThpRVNoUzdNVnduemN5RUxYNElVN0d0cVFwRHF6aEtGSjFhTVZpaV9yd1c5c0xqcWdHdWI4OU52Ykl2UHd6Z9IBgAFBVV95cUxNSEF2V3hPTkdkQkFBUlZEdHVoOUYtUzVNRWlqUlFmVE1TXzZJNDZZNzg3eFo2NkhQUmFtaDhNbmY5X1hSLTRPbExWdDExUlNuckppWE4zMldab2FsVnpmai1tdlNORVBpU2E3bTFBLW1fTFZsaVhRVVRabWlTanh3TQ?oc=5,,"En la profundidades del Golfo de México hay un sin fin de animales marinos muy conocidos en todo el mundo, incluso animales que se parecen, tienen similitudes o se pueden llegar a confundir; entre esas especies están las rayas y mantarrayas que a simple visa son iguales pero que en realidad pertenecen a grupos distintos dentro del ecosistema marino.
Por eso AQUÍ te compartiremos las características de cada una junto a un dato curioso de estos hermosos animales.
Similares por su cuerpo aplanado y forma similar, en realidad pertenecen a grupos distintos con características, comportamientos y funciones ecológicas muy diferentes.
Características de la Raya
Las rayas son peces cartilaginosos que habitan principalmente en el fondo marino, ahí pasan gran parte del tiempo ocultas entre la arena. Su apariencia y comportamiento tranquilo las convierten en especies adaptadas al camuflaje.
- Cuerpo aplanado en forma de rombo.
- Tamaño generalmente pequeño a mediano.
- Boca ubicada en la parte inferior.
- Poseen aguijón venenoso en la cola para defensa.
- Suelen enterrarse en la arena para protegerse y cazar
Existen más de 200 especies de rayas en el mundo y entre sus principales depredadores se encuentran: tiburones grandes y en algunos casos, mamíferos marinos. Su alimentación se basa en crustáceos, moluscos y peces pequeños.
Dato curioso:
Algunas especies de rayas pueden enterrarse casi por completo en la arena en cuestión de segundos, dejando solo sus ojos visibles para detectar presas y evitar depredadores.
Características de la mantarraya
Las mantarrayas son peces cartilaginosos de gran tamaño, viven en mar abierto y destacan por su elegante forma de nadar, muy similar a un vuelo bajo el agua. Son especies pacíficas y cumplen un papel importante en el equilibrio del ecosistema marino.
- Cuerpo grande con “alas” largas y puntiagudas.
- Pueden alcanzar varios metros de envergadura.
- Boca frontal adaptada para filtrar alimento.
- No tienen aguijón venenoso.
- Son migratorias y nadan constantemente en mar abierto.
La alimentación principal de este animal es el plancton y pequeños organismos microscópicos. Similar a las rayas, sus depredadores son los tiburones grandes y orcas (principalmente crías o juveniles).
En comparación a las rayas, hay pocas especies de este ser marino, las cuales son principalmente del género Mobula (incluyendo mantas gigantes).
Dato curioso:
Las mantarrayas tienen el cerebro más grande entre los peces.",GOOGLE_NEWS_RSS
Mujer lesionada permanece desde hace más de una hora tendida en Tampico - Milenio,2026-04-09 17:00,2026-04-09T17:00:00+00:00,Milenio,,https://www.milenio.com/estados/mujer-lesionada-accidente-vehicular-borreguera-tampico,https://news.google.com/rss/articles/CBMijwFBVV95cUxQVmJZTWh3ay0yb1ZBSFdiSGdNUEFTOTlacktIUHRuZC0zTnZpa2FhTXVBUFhjX3dLUWhLcmwyZDhCcmVtNm8wZ29NaUFfZzhGd2tuUnktZjBoMk9kQzdiNVpEbmhOTVhyalBQbEx5WXUwdDlUUVpyeEZYU3RraDhJcWc2Vk9STHJVdWhncGFLONIBjwFBVV95cUxNckFyV2lDcXNVVnVRZzNEenVWYTU5R0FtS0ZBX2lScTF3QmxFX3dpZVUxSW9TVzRYU00zbi13aGgtcmtYT3dkTUZQS2V1ZENpeGExOVRVbHpJRlhzWWZoUHFqNFZfd05PUEdXamJRMW0ycVBVWDRsZm1iYVN5VkVzTDB6VU1OQXNfUFZnYVpxdw?oc=5,,"Una aparatosa volcadura se registró la mañana de este jueves en la colonia Solidaridad, Voluntad y Trabajo, conocida como la Borreguera, dejando como saldo a una mujer lesionada, quien permaneció por más de una hora tendida sobre el pavimento en espera de atención médica.
¿Dónde se registro el accidente?
El accidente ocurrió sobre la calle Ceilán, casi esquina con India, en el sector norte de la ciudad. Vecinos del lugar alertaron a las autoridades tras escuchar el fuerte impacto, lo que movilizó a elementos de Tránsito y Vialidad.
La causa de la volcadura
De acuerdo con el peritaje preliminar, la conductora, una mujer adulta, señaló que circulaba de norte a sur sobre la calle India, cuando presuntamente un autobús del transporte público se le atravesó, provocando que perdiera el control del volante.
En su intento por evitar chocar contra un poste, subió a la banqueta y terminó volcando su vehículo, un automóvil tipo Yaris color blanco, quedando con las llantas hacia arriba.
Más de una hora sin ayuda prehospitalaria
Tras el percance, la mujer, quien presentaba heridas visibles, fue auxiliada en primera instancia por vecinos de la zona y posteriormente por sus familiares. Sin embargo, la atención prehospitalaria tardó más de una hora en llegar, siendo finalmente personal de un servicio particular quien acudió para brindarle los primeros auxilios y trasladarla a un hospital.
AA",GOOGLE_NEWS_RSS
Autobús se sube a la banqueta y derriba anuncio en el centro de Tampico - oem.com.mx,2026-04-09 16:42,2026-04-09T16:42:35+00:00,oem.com.mx,,https://oem.com.mx/elsoldetampico/policiaca/autobus-se-sube-a-la-banqueta-y-derriba-anuncio-en-el-centro-de-tampico-29403482,https://news.google.com/rss/articles/CBMiwgFBVV95cUxQeXdENmpzS1huVE1VdW9uVkdwRmRuRlNBenB0a25mSkFSYkNqSTNZWTZEanFXdlZZVm5QcGozdWs4dGtfR1hDdG04SmloX002bzJRR1RiYUREcUtGdTNjbWVkNlFRcFR4ZHlzTmEtdVpQY2pDamRlLXdxZVR0QnpuY0tPNXdYbU5NZE1zVTFTcHpCeVZ0bUd6S0tXaUxMbzc2QkhseXBOeGlvR0xURkY5Y0ZaUlJJWDZ0UDlKQjBRcDd1dw?oc=5,,"Autobús se sube a la banqueta y derriba anuncio en el centro de Tampico
Autoridades revisan posibles daños estructurales en el inmueble tras el percance registrado en una zona transitada
Yadira Hernández
El director de Protección Civil en el municipio, José Antonio Marín, mencionó que la unidad involucrada circulaba sin pasajeros al momento del percance, lo que evitó consecuencias mayores.
Revisan daños en edificio tras impacto del autobús
La unidad terminó proyectándose contra la fachada del establecimiento, causando daños materiales significativos, principalmente en la estructura del anuncio que colapsó tras el impacto.
Tras el incidente, autoridades de Protección Civil acudieron al sitio para realizar una inspección del inmueble, ya que se trata de un edificio antiguo.
Elementos de la Dirección de Tránsito y Vialidad municipal también se presentaron en el sitio para acordonar el área y evitar riesgos adicionales.
Cierran vialidad en el centro para evitar riesgos
Como medida preventiva, la circulación vehicular fue cerrada de manera temporal mientras se realizaban las maniobras correspondientes y se iniciaban las investigaciones para deslindar responsabilidades.
El conductor del autobús resultó ileso, por lo que no fue necesario su traslado a un hospital. Paramédicos lo atendieron en el lugar, descartando lesiones de consideración.",GOOGLE_NEWS_RSS
Cierran parcialmente Carretera Estatal 116 tras volcadura de tractocamión en Xicoténcatl - Milenio,2026-04-09 15:06,2026-04-09T15:06:00+00:00,Milenio,,https://www.milenio.com/estados/volcadura-tractocamion-cierra-carril-xicotencatl-tamaulipas,https://news.google.com/rss/articles/CBMilgFBVV95cUxPa1hjTGd5SVRacG84YUdrYmxLWERrZno2TC0tam5DLWczbFkyZjRDT1BjZDJZcHV2MjJkaTVzMnJfbFlpTzBWUFhSNmVPX0EwV1pTVjBRa3ZrTEtrLW1sQjR3ZmkzaFdaTGNScjd1YlpPOEZINXVKeUVid0JyMEpvdy0yMWpCTEtBX0hsZXBKT08yMVFub2fSAZYBQVVfeXFMTUllbFhsVFItc0NFOUI2dUVhTWVLLUdtbnd6NkQ4b0ZGNWNDeE9HQWdQdE5lWnNsX3FUZlpEcG12NDhOT0FHdlNrTnFVRExOeks5UkJMMVktOTNuUFBHX0JyNTZmY2dMQ3pYYklqbGtJTURPaHBQUlI4VXgwR3kyWDFJV1BveXIyOGNsal9qUVlpSXFBeEVn?oc=5,,"La circulación en la Carretera Estatal 116 se encuentra parcialmente cerrada luego de la volcadura de un tractocamión registrada en el municipio de Xicoténcatl, Tamaulipas.
El accidente ocurrió a la altura del ejido Águilas de la Victoria, donde la pesada unidad terminó volcada, provocando la obstrucción de uno de los carriles y afectaciones al tránsito en la zona.
Sin personas lesionadas
De acuerdo con los primeros reportes, no se tiene registro de personas lesionadas, por lo que el incidente dejó únicamente daños materiales.
Autoridades exhortan a los automovilistas a circular con precaución por el área, ya que continúan las labores para retirar la unidad y restablecer por completo la circulación.
Se recomienda tomar vías alternas o considerar tiempos adicionales de traslado mientras se normaliza el flujo vehicular.
SJHN",GOOGLE_NEWS_RSS
Autobús de transporte pierde el control y se impacta contra dos negocios en Tampico - Milenio,2026-04-09 14:34,2026-04-09T14:34:00+00:00,Milenio,,https://www.milenio.com/comunidad/autobus-choca-contra-negocios-en-el-centro-de-tampico,https://news.google.com/rss/articles/CBMikAFBVV95cUxOb1pTUk9wVUo1QnF0OVgxcWlhUGpDbmlnQTREYVZJWkVBSkxjNVpzTXlpaVlNNFZrX01kOUpPWnlxT00taGd0c0hfMlg3ZExCSGctUDJEZmJqQy1QOTFyZW1FWE5pcXp3N0o2eVFhVG4xWmtBY0VzQmpCQ2dBSUJPNTN2S1pXdXhhMDBfQlhVT0jSAZABQVVfeXFMT0V3a01OWmxhdk1rZmk5WnRheW41OUU1a25XeW5XUlhzNVpPQVJRQzluckJGVDJWb3RiZ2JqaWN6em1VMDlZNnhrcW0wbEFhNWhxeXp2N0U3ck4xdU5ZYW02Z0w0eTNvNVEyUlcyeG41cEV2cWt0cmRyQV9lTjNwVmt4ZkRhVHpqRzVYd2dQU3di?oc=5,,"Un autobús de una empresa de transporte urbano terminó sobre la banqueta y se impactó contra dos establecimientos comerciales la mañana de este jueves, en pleno centro de Tampico, dejando elevados daños materiales.
El incidente ocurrió minutos antes de las seis de la mañana sobre la calle Aduana, en el tramo comprendido entre las calles Obregón y Altamira. De acuerdo con el reporte de la corporación de vialidad, el conductor de la unidad, presuntamente utilizada para transporte de personal, refirió que circulaba por dicha vía cuando, a causa del pavimento mojado por la llovizna, perdió el control.
La unidad se proyectó hacia la banqueta, impactando la fachada de un bar y un negocio de alitas, provocando daños en la infraestructura de ambos locales, además de un señalamiento de tránsito, un poste de alumbrado público, un depósito de concreto para basura y un medidor del servicio de agua.
Hasta el momento no se ha dado a conocer el monto de las afectaciones. No obstante, el propietario de los negocios afectados, presente en el lugar, señaló que será la empresa responsable del autobús la que se encargue de evaluar y responder por los daños ocasionados.
Elementos de vialidad acudieron al sitio para tomar conocimiento de los hechos y realizar las maniobras correspondientes, mientras que la circulación en la zona permanece cerrada.
La autoridad informó que el caso será turnado a la Fiscalía de Tamaulipas, que llevará a cabo las investigaciones necesarias para deslindar responsabilidades y determinar las causas exactas del accidente que por fortuna no dejó a personas lesionadas.
yc",GOOGLE_NEWS_RSS
Menos socavones en la zona sur de Tamaulipas al iniciar 2026 - Milenio,2026-04-09 14:18,2026-04-09T14:18:00+00:00,Milenio,,https://www.milenio.com/estados/disminuyen-socavones-tampico-ciudad-madero-2026,https://news.google.com/rss/articles/CBMihgFBVV95cUxPWThfYjQ5TGh3VVNjSVZBVExNRWVQYlVxcWtQU2I4emFLSTZxcGVqQmMzY1hKSDEwS3BQT1cyWGNYdkZNVkVBOHgtZUhpaEJVSDJPN0FVa3RZOGZac05TVHJHU2pvRDdlYkF6MDVqNFlHSE14SXdQd0NwUWFOdTdwdm5xRGFyUdIBhgFBVV95cUxPcjZDeE42dVlvbmFINUEyYkx1M2VxSnRvQ3FtNi1VdklBem84eG8yX3BHc3ZTVDJaMDlhSTlLU3A5M3F2VDRqdVpwWjUyN2RKbkhCa2dfbzltSEw2Sm9mb0RsTmVndWdjbmxrNG13WXZtSnRWSTdnbGY4Q0dhVVVOMUxhRXFfUQ?oc=5,,"La Secretaría de Recursos Hidráulicos de Tamaulipas informó que en el primer trimestre del año ha disminuido la generación de socavones en Tampico y Ciudad Madero, en comparación con el mismo periodo de 2025.
Disminuyen socavones en el sur de Tamaulipas
Raúl Quiroga Álvarez, titular de la dependencia, precisó que de enero a marzo de 2025 se registraron 30 socavones en Tampico y 35 en Ciudad Madero, de acuerdo con datos de Comapa Sur.
Sin embargo, durante el mismo periodo de 2026 se reporta una reducción en estos hundimientos, lo que genera expectativas de que la tendencia continúe en los próximos meses.
“En los primeros tres meses de 2026 van 24 socavones en Tampico y 20 en Ciudad Madero; es decir, en 2025 fueron 65 y ahora son 44, lo que representa una disminución cercana al 30%”, detalló el funcionario.
Inversión estatal para atender la problemática
Recordó que a inicios de febrero, la Secretaría de Recursos Hidráulicos y la Comapa Sur anunciaron una inversión de 105 millones de pesos por parte del gobierno estatal para atender los hundimientos en ambos municipios.
“Si bien ha decrecido el número de socavones, estos continúan presentándose, por lo que estamos ejerciendo el recurso asignado por el gobernador para su atención”, señaló.
Quiroga Álvarez adelantó que en los próximos días sostendrán reuniones con otras dependencias para agilizar la aplicación de los recursos y fortalecer las acciones correctivas.
El funcionario explicó que, además de los recursos estatales, se contempla la participación financiera de la Comapa Sur y de los gobiernos municipales de Tampico y Ciudad Madero para enfrentar esta problemática.
“Tenemos autorizados más de 100 millones de pesos y existe la posibilidad de que el gobierno estatal asigne recursos adicionales en coordinación con los municipios y el organismo operador”, indicó.
Socavones, un problema prioritario
Los socavones se han convertido en una de las principales problemáticas en el sur de Tamaulipas en los últimos dos años, con un incremento notable en Tampico y Ciudad Madero.
De acuerdo con autoridades, este fenómeno se intensificó tras la sequía extrema registrada en 2024, así como por factores como el reblandecimiento del subsuelo y la presencia de mantos freáticos.
SJHN",GOOGLE_NEWS_RSS
Proyecto Génesis: una visión integral en el sur de Tamaulipas - Milenio,2026-04-09 14:01,2026-04-09T14:01:08+00:00,Milenio,,https://www.milenio.com/comunidad/proyecto-genesis-vision-integral-sur-tamaulipas,https://news.google.com/rss/articles/CBMiiAFBVV95cUxQbFAxc2tLSlRHMFRIekhRZENha25ZYS1FYk95aTQ1M3BNZ2doV2VpanRoUXN5YVI1eGxGeVducnN5dFIyNnM5NzFSSUxqSFdZdEV2UE9lejhVakpyUVBHTV9Db1hmUlNqdUQyLWdiMWJpSkRjbzRYWXJMWUQ2X3BWTnIyMGcwbzZv0gGIAUFVX3lxTE5DY2hHeTlBbjFIZGJwdFoxTER0N2cxTGMtOEtUZkhHckhydHVwQ3YtMGVkbi1SYnpLODBxV2tXa3BKYVhFZU9aZktld0t0ZnpnUHlpY09PS0dRR0h4LTJod3JPbVhaeHRETU1zUWNpLW1LTGw5VDNWejNsZ2g0OWpmOXJOMENFc04?oc=5,,"El sur de Tamaulipas enfrentó en 2024 una situación hídrica que llamó la atención de autoridades y ciudadanía. Actualmente, parte de las aguas residuales se conduce hacia el Río Pánuco y las lagunas de la región, lo que plantea retos importantes en materia ambiental y de salud pública, así como la necesidad de fortalecer las acciones para su adecuado tratamiento y aprovechamiento.
En zonas de Ciudad Madero, el acceso al agua potable ha sido un factor que incluye en el ritmo de crecimiento de sectores, lo que subraya la importancia de continuar consolidando la infraestructura hidráulica y acompañar el desarrollo urbano e industrial.
Proyecto Génesis
Ante este panorama, el Proyecto Génesis surge como una respuesta integral impulsada por el Gobierno del Estado, en sinergia con la Aistac, los gobiernos municipales de Tampico y Ciudad Madero, así como Comapa Sur.
Este proyecto no solo contempla el saneamiento de las aguas, sino también asegurar el abasto necesario tanto para la población como para la actividad industrial.
A través de la reutilización de aguas tratadas, se busca mejorar las condiciones ambientales y abrir nuevas oportunidades para el desarrollo económico, posicionando a la región como un punto atractivo para la inversión. La experiencia vivida en 2024 dejó claro que el agua es un recurso finito que requiere una gestión responsable.
La coordinación entre autoridades, sector industrial y sociedad será clave para atender los desafíos actuales y anticiparse a futuras contingencias.
Más allá de su componente técnico, el Proyecto Génesis representa una oportunidad para fomentar una nueva cultura del cuidado del agua. La participación activa de la comunidad será fundamental para consolidar un modelo sostenible que garantice bienestar y desarrollo para las próximas generaciones.
yc",GOOGLE_NEWS_RSS
Rescatan el Canal de la Cortadura: van por corredor gastronómico en Tampico - oem.com.mx,2026-04-09 13:53,2026-04-09T13:53:35+00:00,oem.com.mx,,https://oem.com.mx/elsoldetampico/local/rescatan-el-canal-de-la-cortadura-van-por-corredor-gastronomico-en-tampico-29390478,https://news.google.com/rss/articles/CBMiwAFBVV95cUxNYVNPYjJza2ZGV3ZRelNrSjVXeWUwRmh3Y0NzNHZKWGFRMzBmdXZ6TXFEVk5nWHdJVU5LeUpab1JoVUE0WGp6TXVmYVZubFViNDJmaURPTXUzUVU5Q1l1WjBiVFJBQ0tGYVA0SmIteVBoZEdlYmJqODh1b0pld0tuTDc3YWFLckIzY255ekF6akk5TzdrVDBqckNWRDhhN2h3bDZKcDQwc2ZBUXhtcWZuNUxfQ0NrZDhzZndhZ1FnUlI?oc=5,,"Rescatan el Canal de la Cortadura: van por corredor gastronómico en Tampico
Tras casi una década en abandono, seis locales serán activados para atraer turismo y reactivar la economía en Tampico
Yadira Hernández
Existen seis espacios disponibles para ser ocupados por negocios
Montalvo explicó que, para concretar esta reactivación, fue necesaria una reconfiguración en el uso de suelo, lo que permitirá la instalación formal de negocios en un área que permaneció limitada durante años.
Añadió que ya se otorgó una concesión por cinco años para uno de los espacios, misma que fue aprobada en la sesión de Cabildo número 57.
Autorizan concesiones comerciales en canal de la Cortadura
“Lo que estamos buscando es incentivar otro de los grandes atractivos turísticos del municipio, como la Laguna del Carpintero y el Canal de la Cortadura”, señaló.",GOOGLE_NEWS_RSS
"¡Imagínese! / Fuego amigo, alianzas y ventajas - oem.com.mx",2026-04-09 13:42,2026-04-09T13:42:55+00:00,oem.com.mx,,https://oem.com.mx/elsoldetampico/analisis/imaginese-fuego-amigo-alianzas-y-ventajas-29394313,https://news.google.com/rss/articles/CBMimAFBVV95cUxORVdBVThRc3pKSGhuWG10UXNYS0JSV21Fa2pZdmxfM1d2M1lzU2dOUjdqVEhyb0o2R0xRZ0xaWE1tNDQ1OFoxamVHeHNrYnpScFRNeGVUUWJGQXdQN2Z2ZnVMN0J1cG91WjB5M1RKN3NmUG9TbGZzc01iTmozdTY0TU5nbFktMXM1dUNPZ0taYk5BVE1uVERNaA?oc=5,,"Análisisjueves, 9 de abril de 2026
¡Imagínese! / Fuego amigo, alianzas y ventajas
“No es tarea fácil dirigir a hombres; empujarlos, en cambio, es muy sencillo”
Rabindranath Tagore, filósofo y escritor indio
Turismo en ascenso, confianza en construcción
Hoy estará el gobernador en Altamira
Madero fortalece el bienestar social
ÚLTIMAS COLUMNAS
Más Noticias
COLUMNAS
CARTONES
LOÚLTIMO
Newsletter
¿Te quedas fuera de la conversación? Mandamos a tu correo el mejor resumen informativo.",GOOGLE_NEWS_RSS
"Subió turismo en Tamaulipas 14% y derrama económica, superior a 2 mmdp - Milenio",2026-04-09 12:59,2026-04-09T12:59:00+00:00,Milenio,,https://www.milenio.com/estados/tamaulipas-aumenta-turismo-14-1-semana-santa-2026,https://news.google.com/rss/articles/CBMiiAFBVV95cUxNWnp0dU93aUpLT3J2MjZ0YTRlMTRaT083OEF0Y1BtT3Z3bE5lMHg0NXpWTlhNYWxnQmtfN0VDMnY1eEtsZkFMd0JfSkZjOWp4X0JOZzhhTmt4X3hPRVdYYzlsSzZhblN0bDhuYjN4RzRIbm9EZnVhQ1FNM05iVmN3eTdfYzQ1MUc40gGIAUFVX3lxTE9PYTk0ZzlaQ2hUV1FUdE9kQlExcUJ0TWVaNzc3OFBNN3pWQmRmZllmMFhSQUZwVExydjdBd09SbVNHUlNLbmk3UmQySTd3b05uT2NaSHZucTZTNFpNcXpraEc1R1BWR3ZKX2lLaU5Qa1lZRkVIRkdlcko4Y2NNbUhiZl82am53emQ?oc=5,,"El estado de Tamaulipas reportó un incremento del 14.1% en la afluencia de visitantes a sus principales destinos turísticos durante el periodo vacacional de Semana Santa 2026, lo que representa más de 265 mil personas adicionales en comparación con el año anterior. Este crecimiento generó una derrama económica superior a los 2 mil 150 millones de pesos, además de alcanzar una ocupación hotelera del 100% en algunos puntos, informó el gobernador Américo Villarreal Anaya.
Durante una conferencia de prensa en el Salón Independencia, el mandatario estatal presentó el balance de la fase inicial de la Estrategia Interinstitucional de Semana Santa 2026, comprendida del 27 de marzo al 5 de abril. Precisó que el operativo continuará hasta el próximo 18 de abril, por lo que aún se prevén nuevos picos de movilidad y flujo carretero.
Acompañado por funcionarios de las áreas de Seguridad Pública, Turismo y del Secretariado Ejecutivo del Sistema Estatal de Seguridad Pública, el gobernador destacó que los resultados alcanzados son producto de la coordinación entre autoridades y la participación de la ciudadanía.
“Cuando sociedad y gobierno alinean objetivos, se fortalece la cohesión y se potencian los resultados en beneficio de todos”, expresó.
Villarreal Anaya subrayó que los indicadores positivos no son producto del azar, sino de una adecuada planeación, organización y capacidad institucional de los tres niveles de gobierno.
“No es una casualidad; hay trabajo previo, capacitación y respuesta institucional que permite hoy presentar resultados con rumbo y confianza”, señaló.
Más de 2.1 millones de visitantes en Tamaulipas
Por su parte, el secretario de Turismo, Benjamín Hernández, detalló que en los primeros 10 días del periodo vacacional se registraron 2 millones 141 mil 272 visitantes en sitios turísticos del estado, lo que representa un aumento de 265 mil 720 personas respecto al mismo periodo de 2025.
Destacó que la derrama económica ascendió a más de 2 mil 153 millones de pesos. Entre los destinos más visitados sobresalen playa Miramar, en Ciudad Madero, con 933 mil 876 visitantes, y playa Bagdad, en Matamoros, con 348 mil 187 turistas, este último con un crecimiento del 476% en comparación con el año pasado.
Asimismo, informó que destinos como Ciudad Madero, La Pesca, Tula y Gómez Farías alcanzaron una ocupación hotelera del 100%, mientras que Tampico registró un 96%.
El funcionario agregó que la corporación Ángeles Verdes brindó 258 servicios de asistencia, atendiendo a mil 21 turistas y recorriendo más de 29 mil kilómetros en carreteras.
En materia de seguridad, el titular del Secretariado Ejecutivo del Sistema Estatal de Seguridad Pública, Willy Zúñiga Castillo, indicó que Protección Civil atendió 28 accidentes viales en carretera y 64 servicios prehospitalarios, además de realizar cinco rescates acuáticos.
Por su parte, el Centro Regulador de Urgencias Médicas reportó 141 atenciones prehospitalarias y la atención de 35 accidentes carreteros, con un saldo de 63 personas lesionadas, de las cuales 30 requirieron traslado a hospitales.
También se recibieron más de 8 mil 600 llamadas al 911, principalmente para solicitud de información y reportes de tránsito sin lesionados, concentrándose el 35% en el C5 de Reynosa y el 25% en el C4 de Ciudad Victoria.
Al finalizar el evento, el gobernador dirigió un mensaje a la guía turística Diana de Jesús Martínez, a quien solicitó transmitir a los habitantes del ejido San José, en Gómez Farías, su compromiso de impulsar la electrificación de la comunidad mediante paneles solares, así como analizar la entrega de estufas ecológicas.
Miramar en el top 10 de playas a nivel nacional
Miramar se ubica entre las 10 playas más visitadas a nivel nacional, confirmaron en rueda de prensa autoridades del Gobierno de Tamaulipas, sin contar que también encabeza el top 5 a nivel estado, donde La Pesca, Bagdad, Tesoro y Barra del Tordo.
Aunque no existe un ranking nacional oficial reciente que la ubique de forma explícita en el top 10 nacional donde suelen predominar destinos del Caribe como Cancún, Playa del Carmen o Tulum, las cifras récord de visitantes en Miramar que superan el millón y medio anual en temporadas altas, la posicionan como una de las playas más visitadas en México.
El gobernador de Tamaulipas, Américo Villarreal Anaya, ofreció una rueda de prensa hace unos momentos desde la capital del estado en conjunto con el secretario de Turismo, Benjamin Rodríguez y otros funcionarios, donde destacaron la derrama económica total de casi tres mil millones de pesos en esta temporada vacacional.
El Gobierno del Estado de Tamaulipas, a través de la Secretaría de Turismo (Sectur), destacó que Playa Miramar se consolida como uno de los destinos playeros más atractivos del país, especialmente en el Golfo de México.
Benjamín Hernández Rodríguez, secretario de Turismo de Tamaulipas, señaló: “Playa Miramar se consagra como la joya de la corona y el destino estrella del Golfo de México”. El funcionario resaltó que el estado no solo apuesta por sus playas, sino por un turismo diversificado que incluye naturaleza, aventura, religioso y de negocios.
SJHN",GOOGLE_NEWS_RSS
"Tamaulipas, entre aspirantes y suspirantes - Milenio",2026-04-09 08:04,2026-04-09T08:04:34+00:00,Milenio,,https://www.milenio.com/opinion/victor-hugo-duran/sin-codigo/tamaulipas-entre-aspirantes-y-suspirantes,https://news.google.com/rss/articles/CBMipAFBVV95cUxPUGlLUWZhMXA1Tm13Wm56SkdOTEFkMnNBQ0lSTE5pYWE2SEhmZ1JHSWxVV1p5NUFPM0xadmxycXdHQVcxNTJXeVkxcUZiX0lZamNQTm9PdGdYTlZ0ZF9YdnNEX3lKWjVoRlRKeFk2WWtmcUkySTlIVGNwc24yMWU4ZFVkWjRMcTRoYzVBVjlJYk9tb2FOZlRramxYYXFlRllJdTItZdIBpAFBVV95cUxNR3NfRG1zeC13SW9aU3dKRnVseEJfQV80VVU5MkhPcUE3YXRnUE1YWjdhNENZZGE3cHV3WXY5dFB3M3hRSjY3ZmJjSzYzcEdjbUw0V19pM182QmgxTHZOQWc2M2poMURBZDgzVHRYcWVsN00tazN4V2tNRlZCcVhPaXhhOFpkVEFXZ3A3d2xXRnRtNWlYenVmYkxHZ3h2UU43UmFvLQ?oc=5,,"La adelantada de muchos políticos en Tamaulipas hacia el proceso electoral del 2027 empieza a entregarnos varias intenciones, algunas suposiciones y una que otra posibilidad de estar en la boleta particularmente para una presidencia municipal, la posición dentro del servicio público más codiciada en el estado.
La baraja en cuatro de los ayuntamientos obligados a renovarse por ley (los alcaldes vigentes deberán terminar su periodo tras ser reelectos una ocasión) suena con cierto ruido.
Si no existieran las redes sociales, desde las campanas hasta las cacerolas se utilizarían con tal de atraer la atención la población, el principal mercado que será factor en 2027.
Así como se gestó desde la reforma en la materia, todo pinta para que Mónica Villarreal en Tampico, Erasmo González Robledo en Ciudad Madero y Alberto Granados en Matamoros, tengan mano y vayan en la preferencia por conseguir ese referéndum.
En el resto de las ciudades, en Altamira se ha hecho mención de una amplia lista para la sucesión de Armando Martínez: Blanca Narro, Francisco Pérez, Ciro Hernández, Abelardo Garcés, Ricardo Vega y, muy a la zaga, Marcelo Abundis.
En Reynosa la cosa agarra cierto color con la destapada de la diputada federal Claudia Hernández, seguida de su homóloga en el Congreso del Estado, Magaly Deándar, hasta el presidente de la Junta de Gobierno en dicho Parlamento local, Humberto Prieto, así como Marcelo Olán Mendoza, el titular de las Oficinas Fiscales.
Para Nuevo Laredo, el empuje de la actual secretaria de Economía estatal, Ninfa Cantú Deándar, irrumpe entre los varones. Ahí se habla de Carlos de Anda y Ernesto Ferrara, ambos integrantes del equipo de trabajo de la munícipe Carmen Lilia Canturosas, en tanto del bando contrario y por enésima ocasión tratan de meter a Yaheel Abdala, sin descartar a Ramón Garza, uno de los dos priistas sobrevivientes en aquella parte de la frontera.
Y la capital es una lucha abierta con suspirantes de todos los modos y modelos disponibles. Dos diputadas locales (Blanca Anzaldúa y Katalyna Méndez), dos secretarios (Silvia Casas de Bienestar y Gerardo Illoldi de Trabajo), un empresario (Jorge “Tico” García) y el eterno suspirante Pepe Braña, están en la conversación.
Hoy, para todos, en Morena como partido-gobierno le toca trabajar en fortalecer su proyecto y reencontrarse con su principal base, los sectores populares.
En la oposición, caso el PAN, si dejan su pleito interno parecido a los tíos que en la cena de Navidad se pelean los terrenos de la abuelita, pueden competir.",GOOGLE_NEWS_RSS
La Grilla - Milenio,2026-04-09 07:48,2026-04-09T07:48:00+00:00,Milenio,,https://www.milenio.com/opinion/editoriales/se-dice-en-la-grilla-tamaulipas/la-grilla_1124,https://news.google.com/rss/articles/CBMilAFBVV95cUxNdUJORmo3LXE4WjdDTUJyYWlLaVhUT3E3Z0lhcTNzZHNHLUoxUDd4QWdOMG1kaVl6MjJPdzR1MlM5U3ZvczNsMEhzOUJaa0RaSHJDZTlSVXBmY3d2MnNWcTJubzRtTzRQYVNOdEF1QjVScGVwXzRMREgyX2tGVlFXbG5KcDg5N1VBZ0dvQW4xN0NsaGx50gGUAUFVX3lxTFAxenB3U1F1amI1OUx5RV9MUS12Q3Z6VW41b0lLNEZaWnRhR19qN25STnZvMUdaeGFZendEMEZxdUxya3RkQVhlYk9IdFF0SmJpNXNZQnZ3aFUxSGd3eUc0UThNNkhXdHF0aXFpQ1YzS21Fa3VtWUxMckZCR0xhOWZOOXk0LVB5WGl2NkgtSTlOWXVUeXA?oc=5,,"Que este jueves el gobernador de Tamaulipas, Américo Villarreal, sostendrá una serie de reuniones en el sur del estado. En primer lugar, encabezará la Mesa de Seguridad y Paz desde las instalaciones de la Primera Zona Naval al mediodía. Más tarde, tendrá un encuentro en la Asipona de Altamira y concluirá su agenda en un campo de futbol en el sector conocido como El Chocolate.
Que, ante la coincidencia entre la toma de posesión de monseñor Margarito Salazar como obispo —también programada para este jueves— y la visita del mandatario estatal, se prevé que ambos puedan sostener un encuentro durante la gira por la zona sur, aunque el gobernador tiene contempladas diversas reuniones privadas.
Que fue la alcaldesa Mónica Villarreal Anaya quien recibió al ex obispo de Matehuala a su llegada a Tampico, en un evento realizado en el Faro de la colonia Morelos. Fue la única edil de los 11 municipios que integran la Diócesis porteña que acudió al recibimiento, además de fieles y ciudadanía en general.
Que se ofreció una comida de bienvenida para el nuevo obispo de Tampico en la Casa Sacerdotal, a la que asistieron diputados locales como el panista Pepe Schekaibán; la morenista Cynthia Jaime, así como su compañera en el Congreso de Tamaulipas, Úrsula Salazar Mojica, quien acudió acompañada por Juan Dionisio Cruz, director del Tec de Madero.
Que llamó la atención de vecinos de la colonia Trueba, en Tampico, la pinta de una barda en el cruce de la calle Santo Domingo y avenida Ayuntamiento, en color azul, con el nombre del regidor Mon Marón y su número telefónico, con el fin de recibir peticiones ciudadanas.
Que en el Congreso del Estado, el diputado local Armando Zertuche presentó una iniciativa en favor de las trabajadoras del hogar, mientras que su homóloga Magaly Deándar adelantó que se preparan propuestas que incluyen la protección de hombres víctimas de violencia familiar, bajo el argumento de avanzar hacia una verdadera paridad.
Que desde la Sociedad Estatal de Maestros y Padres de Familia se impulsa la realización de debates entre los aspirantes a la dirigencia sindical de la Sección 30 del SNTE, a fin de discutir temas clave como el contrato colectivo de trabajo y el sistema de ahorro, asuntos sensibles para el magisterio y en los que, aseguran, ha habido fallas en la actual dirigencia encabezada por Arnulfo Rodríguez.",GOOGLE_NEWS_RSS
"¿Dónde venden 'Leyendas de la Lucha Libre', la enciclopedia en 60 tomos para revivir la época dorada del cuadr - Milenio",2026-04-09 07:46,2026-04-09T07:46:39+00:00,Milenio,,https://www.milenio.com/deportes/lucha-libre/venden-cdmx-coleccion-leyendas-lucha-libre,https://news.google.com/rss/articles/CBMikAFBVV95cUxPejJGU0l5QzJCTWJuaVRnZzdid0hoYmxuUVNoTl9sRnB0MnVlZU8wV3R2N3paaFg4RVFVZFZud0RsRnlPU3IwbkdNbDMxSFF3ajcxWmtEMk91QU1XX0JFYnJKMVlFSG54bFJSZTdqdnJrOVBCNlJIbjJrTS1Qa3RhSDJoc25ESDluY1BRZlcxS0zSAZABQVVfeXFMTW9sS0FNNlNNMW9YUl92Y0NBVkZmMEh2TUNZRXhPNnQ1Z1JITU5ZZE9JOGZXT21tVS16LTRKRHd4NFV5d0lpRm5lQksxSFY0NWgydzV4VHpEd1RJZTE0am9zNE9seUdvYi0zampQSVlCeTUyWmRod2Z1LXlhTnlmTjE4ak9LX3BkSnZJSmkxTkJF?oc=5,,"Con el objetivo de revivir el coleccionismo físico y homenajear la historia del pancracio nacional, la editorial RBA México presentó ""Leyendas de la Lucha Libre"", una enciclopedia de 60 tomos que documenta los combates y la trayectoria de las máximas figuras del cuadrilátero.
“Cuando RBA me comentó que tenían un proyecto de biografías de luchadores me involucré. Después de platicar llegamos a la conclusión de que debíamos recordar las grandes luchas de la historia”, mencionó Christian Cymet, coleccionista de lucha libre y curador del proyecto.
Volver al coleccionismo
Además, es un proyecto diseñado para reavivar el espíritu coleccionista.
""Lo que queríamos es que fuera para todos los públicos, es por ello que se diseñó de tal forma que se pueda coleccionar por años, por luchadores o que sea la serie completa"", expresó.
Otra cosa que Cymet mencionó es que, como hoy en día todo pasa en las redes sociales, es momento de apostarle a algo diferente y físico, aquello que se puede guardar en una repisa.
Los problemas de la compra de la AAA
Cymet reveló que la compra de AAA cambió los planes y esa es la razón por la que hay tantas luchas del CMLL seleccionadas dentro del proyecto.
“Tuvimos que cambiar el plan editorial por un tema de derechos, no podíamos arriesgarnos a una demanda”, dijo el coleccionista.
El acervo fotográfico
“Gran parte de los libros son de luchas históricas. Estoy haciendo uso del archivo de la revista Lucha Libre, de Ricardo Vega, del señor Carlos Domínguez y de todos los archivos que conservo. Se está conformando este acervo para documentar y graficar lo que son esos libros”, mencionó sobre las fotos usadas para ilustrar la obra.
Cymet resaltó que la historia gráfica de la lucha es muy bonita; el problema es que casi nadie conservó esos archivos.
Los luchadores presentes
Además, durante la presentación realizada en La Rambla de la Ciudad de México, se contó con la presencia de Felino, Atlantis y Marcela, quienes invitaron a todos los aficionados a ir a la Arena México para así compartir el amor por la lucha libre.
""La gente, aun siendo extranjera y sin conocer los nombres ni de los estelares, regresa; regresa por esa emoción"", mencionó Felino al compartir lo que siente cuando ve a turistas en las gradas.
¿De qué se conforma Leyendas?
La nueva colección editorial Leyendas de la Lucha Libre, de RBA México, destaca como la principal referencia actual, ofreciendo 60 tomos dedicados a combates históricos y duelos de apuestas. Incluye historias de ídolos como El Santo, Blue Demon y Mil Máscaras, además de fotografías inéditas de la época.
¿Dónde comprar los tomos?
Los tomos semanales, que salieron a la venta este 8 de abril de 2026, podrán encontrarse en puestos de revistas y tiendas de conveniencia seleccionadas.
Cada fascículo tiene diferentes costos: el primero de ellos tiene un valor de 69.90 pesos. Los siguientes tendrán precios de 129.90 y 199.90 pesos.",GOOGLE_NEWS_RSS
“Los ven como protectores cercanos”: militares consolidan la confianza social en el sur de Tamaulipas - Milenio,2026-04-09 07:44,2026-04-09T07:44:16+00:00,Milenio,,https://www.milenio.com/comunidad/presencia-militar-sur-tamaulipas-fortalece-confianza-ciudadana,https://news.google.com/rss/articles/CBMinAFBVV95cUxQaXczV2tEeTI2Tkc4SXNxVmpaZlk1djFTcmtUUHVhZ2JoNnVqaVRzTnRLWVd5bFIySVpNdllNcHA0ZmZ2ZzAzUmxtS2FUOUtUSDlpUm5jM3pzRmZuN28xLXZ4VzdQbWZtWDFvb2lOdXpnTjNPaURYV3hCZHFnUVc5aWtpSGF3SkVDMUFOQ0VOSmhPbXVMUF9vM2FrNWbSAZwBQVVfeXFMUDVwRHZCRVkzdmtrR1haNlJYWVh1MW9TTDQ2a1FqVTJqU2dpbWU3dnM3S01Ib2xZLXZ4UERWMGJ4amZTLXN1RE03bExYTnMtZGM4U2dtWGtza3FhUGJVS3A3d1Bqc3dWRy02bTRiZXdybmhZNG1Qa1RhUmN1S3dXN2l0R3poTkhWaHREUUhtbUw0aW51VE1JQUZueGcz?oc=5,,"En el sur de Tamaulipas, los niños crecen sin ver al policía de antes, pero con el militar cerca. La institución nacida para la guerra es la autoridad más visible y confiable que la Guardia Estatal, creada para proteger a la ciudadanía y cubrir el vacío de elementos locales. Para la población, el orden tiene rostro militar.
Los resultados de la más reciente Encuesta Nacional de Seguridad Pública Urbana (Ensu), del Inegi (diciembre de 2025), son contundentes: en el área de Tampico, 90.9% de los ciudadanos de 18 años y más identifica al personal de la Secretaría de la Defensa Nacional; 90.2% a la Marina; 85.5% a la Guardia Nacional y 84% a la Guardia Estatal (GE).
La brecha respecto a la Policía Estatal se amplía al medir el desempeño y la confianza: 80.7% considera efectivo al Ejército, frente a 62.9% de la GE; en términos de confianza, la proporción es de 81.1% contra 62.4%.
En la zona, los niños menores de 13 años no conocen a un policía municipal, pero han crecido bajo la mirada cercana del militar y, para ellos, la seguridad tiene rostro, uniforme y presencia constante, convirtiéndose en un referente cotidiano de protección y confianza en su entorno.
Durante la época más violenta del sur de Tamaulipas, el Ejército desempeñó un papel central al cubrir los vacíos dejados por corporaciones civiles ausentes. Su presencia no solo protegió a la población, sino que también contribuyó a restablecer la percepción de seguridad en los espacios urbanos críticos, actuando como fuerza de disuasión en conjunto con la Marina.
Aunque no sustituyó la función de la Policía Local, la disciplina militar y la visibilidad de sus operaciones se convirtieron en un referente de autoridad y estabilidad, en un momento en que la inseguridad cotidiana superaba las capacidades de las instituciones civiles.
En aquel momento, esta fuerza pasó de ser un apoyo a convertirse en referente de seguridad, de cumplir una misión temporal de contención a desplegar tareas cotidianas que dieron tranquilidad a la población.
Progresiva ampliación de funciones militares
En opinión del abogado constitucionalista José Miguel Cabrales Lucio, “esta realidad es consecuencia de una progresiva ampliación de funciones militares ante la avalancha de violencia en México y en Tamaulipas”, sin dejar de señalar que la percepción de inseguridad varía actualmente tanto respecto al ámbito nacional como al interior de la entidad. Mientras en la zona conurbada de Tampico, Madero y Altamira goza de más tranquilidad, la frontera enfrenta mayor riesgo.
El profesor investigador de la Facultad de Derecho y Ciencias Sociales, de la Universidad Autónoma de Tamaulipas en Tampico, y coordinador de la Clínica de Derechos Humanos señala que la Constitución ha sido reformada para permitir esa ampliación de funciones; sin embargo, advierte, la seguridad pública es un derecho humano y, en diseño democrático, corresponde a cuerpos civiles.
“Que el Ejército cubra ese vacío puede ser eficaz en el corto plazo; que se vuelva permanente, sin fortalecer policías locales, abre un debate de fondo sobre el modelo de seguridad que México está consolidando”, refiere.
MILENIO informó en abril de 2013 que los municipios del estado dejaron de contar con policías locales. La medida se tomó en un contexto de violencia y de infiltración de las corporaciones municipales por parte del crimen organizado, lo que provocó desconfianza ciudadana y redujo la capacidad operativa de estos cuerpos.
Las funciones de prevención quedaron bajo el mando único a través de la Policía Estatal, apoyada por fuerzas federales, lo que ha hecho que otras instancias —incluido el Ejército— sean percibidas por la población como las autoridades de seguridad predominantes.
Casi 13 años después, se aprobó una nueva Ley del Sistema de Seguridad Pública del Estado que incorpora la figura del “mando coordinado”, lo que en teoría abre la puerta al regreso de la fuerza local si los municipios lo promueven y cumplen los requisitos normativos y de profesionalización.
Sin embargo, los alcaldes del sur no buscan retomar la operación de su propia fuerza preventiva y apuestan por mantener la coordinación interinstitucional entre los tres órdenes de gobierno.
El especialista en derecho constitucional subraya que “el Ejército mexicano surge en un contexto interno convulsivo y, durante décadas, su función fue clara: defensa nacional en escenarios de guerra. Sin embargo, la Constitución, como norma viva, ha sido reformada progresivamente para redefinir las funciones del Estado, incluidas las de las fuerzas armadas”.
Explica que, desde 2010, comenzó una transformación más visible en la configuración constitucional de sus funciones, que se acentúa entre 2020 y 2024. Puntualiza que esta última reforma no modifica al Ejército como institución, sino que redefine el mando y las funciones de la Guardia Nacional, originalmente concebida como una fuerza de naturaleza civil. Con ello, se fortalece su vínculo con la estructura militar.
El constitucionalista recuerda que la seguridad es un servicio público y, desde 2011, también un derecho humano. Señala que el debate nacional se intensificó cuando el Ejército asumió tareas de seguridad pública ante el rebase de las corporaciones policiacas civiles, particularmente desde 2006, con la estrategia federal contra el narcotráfico.
Expone que el punto de inflexión jurídico llegó con las sentencias de la Corte Interamericana de Derechos Humanos, que condenaron al Estado mexicano por violaciones graves a derechos humanos cometidas por militares contra civiles. Esas resoluciones rompieron el monopolio del fuero militar en casos donde había víctimas civiles y obligaron a rediseñar el marco constitucional.
Para José Miguel Cabrales, esas sentencias impactaron la imagen institucional del Ejército, aunque también abrieron la puerta a una revisión más amplia del modelo de seguridad.
Del vacío policial a la expansión funcional
En estados como Tamaulipas, especialmente entre 2010 y 2013, la violencia alcanzó niveles que, sin declaratoria formal, generaron condiciones cercanas a un estado de excepción de facto. En ese contexto, la presencia militar fue masiva y visible, recuerda Cabrales Lucio.
Posteriormente, añade, la zona conurbada de Tampico, Ciudad Madero y Altamira registró una mejora progresiva en el clima de seguridad, lo que permitió revertir su problemática y consolidarla como una de las regiones más tranquilas del país.
El experto enfatiza que, en teoría, la seguridad pública corresponde a las corporaciones civiles. Sin embargo, en México, señala, las áreas de oportunidad para el fortalecimiento estructural de policías municipales y estatales deben enfocarse en términos de capacitación, salarios, integridad y disciplina, aspectos que han generado vacíos que el Ejército ha cubierto.
Desde su perspectiva, la disciplina militar ha sido un factor clave en el cumplimiento operativo. No obstante, sostiene que la policía debe existir y fortalecerse; por ello, concluye, diseñar, capacitar y consolidar cuerpos civiles eficaces sigue siendo uno de los grandes pendientes del país.
Disciplina y coordinación han sido esencial: comercio
La disciplina militar y la coordinación interinstitucional han sido esenciales para garantizar la seguridad, fortalecer la confianza social y generar un entorno propicio para la inversión y el turismo en la región, afirma el presidente de la Cámara Nacional de Comercio (Canaco) en Tampico, Eduardo Manzur Manzur.
“En el sur de Tamaulipas, el Ejército ha estado cerca de la gente, no solo en emergencias por desastres naturales, sino también en la seguridad cotidiana, junto con la Marina, la Guardia Nacional y la Guardia Estatal, lo que ha contribuido a consolidar la zona como una de las más seguras del país”.
El empresario subraya que la presencia militar visible, a través de patrullajes, vehículos y personal uniformado, ha generado confianza y sentido de orden en la población, al tiempo que protege a los turistas en coordinación con las demás instituciones.
Manzur Manzur destaca la interacción con la comunidad mediante exhibiciones, actividades con motivo del Día del Ejército y acercamiento con niños y jóvenes, acciones que fortalecen la percepción de autoridad y confianza. “Existe toda una generación que no conoce lo que es un policía municipal, pero reconoce a los soldados; los niños los ven como una autoridad cercana de protección, de seguridad, confiables, y les piden fotos”.
“La Sedena es parte importante de la coordinación interinstitucional a través de la Mesa Ciudadana de Seguridad y el Observatorio Ciudadano, que integran los esfuerzos de fuerzas federales y estatales con instituciones de procuración de justicia. El apoyo con cámaras de vigilancia y sistemas de detección de vehículos ha permitido optimizar la prevención y persecución del delito”.
Eduardo Manzur considera que la policía municipal debe reactivarse para enfocarse en delitos menores y de proximidad como robos hormiga, alteraciones del orden y violencia familiar, actuando como complemento de los cuerpos federales y estatales.
Huella indeleble en la historia de Tampico
El Ejército mexicano mantiene una huella indeleble en la historia y el presente de la ciudad. Ha protegido a Tampico en sus momentos más difíciles, afirma el cronista adjunto Francisco Ramos Alcocer.
“Estas tierras fueron testigo del último esfuerzo de la corona española por retomar el control, y allí la milicia mexicana logró una victoria decisiva en 1829. Este triunfo no solo marcó el verdadero fin de la Guerra de Independencia, sino que llenó de gloria a toda la nación y sentó las bases para que la ciudad fuera declarada heroica”.
Otro capítulo crucial se escribió cuando las tropas republicanas recuperaron la ciudad y expulsaron a las fuerzas francesas, reafirmando la soberanía nacional en la región. Este episodio se convirtió en un hito de la resistencia local, símbolo del valor y la determinación de los tampiqueños frente a la intervención extranjera.
“La milicia también ha protegido la vital industria petrolera de la región. Durante la Segunda Guerra Mundial, los soldados permanecían alerta ante la amenaza de un posible ataque a la Refinería Madero, un punto estratégico crucial; de allí se abastecían de petróleo los barcos que sostenían a las fuerzas en conflicto. Su vigilancia no solo defendió instalaciones, sino que contribuyó a resguardar un recurso clave para la seguridad y la economía nacional”.
En el ámbito de la salud, la contribución ha sido decisiva: el primer hospital de Tampico fue de carácter militar, un suceso documentado por la Facultad de Medicina de la UNAM y reseñado por Guillermo Fajardo. Esta infraestructura no solo significó atención médica inicial para la población, sino también un cimiento para el desarrollo de la salud pública en la ciudad, reflejando el papel activo de la milicia más allá del campo de batalla.
“La institución ha consolidado un papel clave en la atención de desastres naturales para proteger a la población civil. Un ejemplo emblemático fue el huracán Hilda, cuya devastación inspiró años más tarde la creación del Plan DN-III-E, un modelo de protección y auxilio que ha salvado innumerables vidas”.
Los soldados no solo han protegido, también han construido. A ellos se debe la avenida Ejército Mexicano, levantada tras los estragos que dejaron los ciclones en las rutas que conectaban al Tampico antiguo con las poblaciones vecinas.
“Su presencia nos da seguridad; cuando los ves en la calle sabes que estamos protegidos. La gente los reconoce, los niños los saludan; es una corporación querida y respetada”, subraya el cronista adjunto.
Relata que en Tampico existió una academia de policía y formación militar, aunque su función principal era capacitar a elementos locales en seguridad pública y procedimientos militares básicos. Con la centralización, este lugar cerró.
La presencia física de la Zona Militar ubicada en Tancol se trasladó hace años a otra región del estado debido a la reconfiguración territorial de las Fuerzas Armadas en Tamaulipas, pero su huella permanece en la ciudad a través del Batallón de Infantería, que mantiene viva la disciplina, la organización y la cercanía con la población que caracterizaban a la antigua guarnición.
Este batallón no solo conserva funciones de seguridad, sino que también continúa participando en labores de apoyo civil y social, como la coordinación en emergencias, exhibiciones públicas y programas de vinculación con la comunidad. De esta manera, aunque la estructura original se haya reubicado, el sello del Ejército sigue presente en la vida cotidiana de Tampico, proyectando autoridad y confianza en la población.
JETL",GOOGLE_NEWS_RSS
¿Las cocinas de los restaurantes pueden ser un refugio para las personas con autismo? - Milenio,2026-04-09 07:36,2026-04-09T07:36:00+00:00,Milenio,,https://www.milenio.com/internacional/personas-con-autismo-podrian-trabajar-en-restaurantes,https://news.google.com/rss/articles/CBMilgFBVV95cUxQVHBOMlpMQzBDN1c4RnBNQndDLUpkbDZzLTR1Qk5jcWpFNkswMTZobVU1VlpyXy1mUE4yR1dOZnY3dlo0MXk1SU1Rc2FMZ1dZbGdPbVhYZzJyRE9nUmhya2Y4WVVtak9hSkhHeHlCZksxYmtiZm5IZGdSTEh6Tm0tOHBZRHFkMlF4RWF6cTNKcFRlYTZxUlHSAZYBQVVfeXFMTkZJUnQ0T1puZk1WeW92UkgtVE0xdndhQW1lY3dKX0djaFhwaldkbzZIRy1yOFdWT0xIa1ZlWFA2U3FBZ1ZLX002VUcwUWZMRmV3aHFvSUs1cVhNTHh1dlVDOTlsSGkwLVNQZTJGejdxeFh6UG5KdHZoZER4Q21IdkpjanVaVk1BN0NkNFNpVGt2R3dmazNR?oc=5,,"Durante tres Halloween seguidos, Joseph Valentino se disfrazó de Emeril Lagasse.
No era el único niño de Nueva Jersey que idolatraba a los chefs y quería ser uno cuando fuera mayor. Sin embargo, para Valentino, el sueño parecía especialmente difícil de alcanzar.
Le diagnosticaron autismo cuando era pequeño y, a los 5 años, aún no había hablado cuando se disfrazó por primera vez de Emeril.
Hoy, a los 27 años, es cocinero en el restaurante Point Seven de Manhattan, y trabaja en los puestos de comida fría, pastelería y barra de mariscos, a veces todos a la vez.
Dice que el camino que siguió para llegar hasta allí estuvo regado de rechazos. Hubo entrevistas que no fueron a ninguna parte, trabajos en cocinas donde nunca se sintió bienvenido, profundos periodos de depresión.
“Me consideraba un lastre”, dijo.
Su carrera es una de las inspiraciones de un nuevo programa, Chefs on the Spectrum, destinado a formar y colocar a personas con autismo en puestos de alta cocina.
Valentino y el propietario de Point Seven, el chef Franklin Becker, presentaron la iniciativa el martes por la noche durante una cena benéfica a 2 mil 500 dólares por persona a favor de la organización sin fines de lucro Autism Speaks llevada a cabo en el Cipriani de Wall Street, en el Bajo Manhattan.
Becker, que forma parte de la junta directiva del grupo, presentó su idea Chefs on the Spectrum al resto de la junta como una forma de ayudar a abordar dos problemas al mismo tiempo: la escasez de mano de obra cualificada en los restaurantes y la elevada tasa de desempleo entre los adultos autistas.
Las cocinas profesionales son conocidas desde hace tiempo como refugios para personas con discapacidades neurológicas y del desarrollo.
Entre los cocineros que se describen a sí mismos como disléxicos se encuentran Marco Pierre White, Jamie Oliver y Marc Murphy. Los cocineros que dicen tener algún tipo de déficit de atención parecen superar en número a los que no lo tienen.
Pero las personas con espectro autista tienen un perfil extremadamente bajo en el negocio, ya sea porque no se les ha diagnosticado o porque deciden no revelarlo.
“Todavía no he conocido a nadie con autismo en la cocina”, dijo Valentino, quien cocinó en cafeterías y cocinas de catering antes de trabajar para Becker el año pasado.
“Creo que eso hay que arreglarlo, y creo que este programa lo arreglará”, comentó.
Hay otras iniciativas que colocan a personas en el espectro en puestos de hostelería. Varias cadenas de cafeterías, como Bitty & Beau’s, que tiene 13 locales en Estados Unidos, se dedican a emplear a personas con discapacidad intelectual y del desarrollo.
Pero el hecho de centrarse en la buena mesa hace que Chefs on the Spectrum sea poco habitual.
Becker, quien tiene un hijo adulto con autismo, ha reclutado a más de una decena de chefs de todo el país, entre ellos:
- Andrew Zimmern
- Daniel Boulud
- Chris Bianco
- Maneet Chauhan
- Michael
- Bryan Voltaggio
Sus restaurantes contratarán a trabajadores del programa tras recibir formación sobre cómo ayudar a esos nuevos empleados a prosperar.
“Existe la idea preconcebida de que contratar a personas autistas es un riesgo. El verdadero riesgo es pasar por alto un talento increíble”, dijo Becker.
""Ese talento puede adoptar varias formas. Algunos cocineros en el espectro autista se organizan meticulosamente en sus estaciones. Algunos recuerdan de forma excepcional las recetas, y otros son especialmente diligentes con los protocolos de seguridad"", dijo Mark Fierro.
Fierro ofrece apoyo para la inserción laboral y orientación profesional en TACT (Teaching the Autism Community Trades), una escuela para adultos autistas de Englewood, Colorado.
Algunos alumnos del programa culinario de TACT se desempeñan con una consistencia asombrosa.
""Si un restaurante quiere que la carne tenga un corte determinado, van a hacerla exactamente igual todas las veces”, dijo Fierro.
Una característica común del autismo es el cultivo de intereses especiales, devociones intensas y apasionadas por temas concretos.
Para los cocineros en el espectro, esto puede significar una afición a la espeleología intelectual sobre, por ejemplo, la estructura molecular de los hidrocoloides, o el comportamiento de los mohos que producen el queso azul y el miso.
“Investigar un ingrediente, desmenuzar de dónde viene, cómo utilizarlo, el contexto cultural… todo eso es un interés especial”, dijo una cocinera de Nueva York con espectro autista que pidió no ser identificada porque teme que la neurodivergencia pueda ser incomprendida.
“Mi cerebro nunca está satisfecho de información. Siempre quiere más”, comentó.
Además, dijo que su propensión a acumular y organizar datos la convirtió en un “pilar de carga” de cualquier cocina en la que trabajó. También la prepara para hacer asociaciones inesperadas que pueden dar lugar a saltos creativos.
“La aguja del ingenio la empujan hacia delante personas que no piensan igual que las personas neurotípicas”, dijo.
Los defensores de una mayor aceptación del autismo en la cocina afirman que trabajar codo con codo puede beneficiar a las personas dentro y fuera del espectro.
Según el chef Ken Oringer, uno de los fundadores de Chitarra Pastaria, una pequeña empresa de pasta de Cambridge, Massachusetts, cuyos ocho empleados tienen autismo, adaptar los trabajos a los talentos de cada trabajador ha sido una experiencia valiosa.
AG",GOOGLE_NEWS_RSS
"De Australia a Tamaulipas: nacen dos emús en Ciudad Victoria, una de las aves más rápidas del mundo - oem.com.mx",2026-04-09 04:34,2026-04-09T04:34:03+00:00,oem.com.mx,,https://oem.com.mx/elsoldetampico/ciencia-y-salud/de-australia-a-tamaulipas-nacen-dos-emus-en-ciudad-victoria-una-de-las-aves-mas-rapidas-del-mundo-29397937,https://news.google.com/rss/articles/CBMi7AFBVV95cUxOR2xmajRPZTF6dmRlSzk1eXhZczJFNmlFSjh0OWJJbU40aWZucGxMQWNRYTBuV3ptNmZOMmhWZmlWUEpSTDVGbEdJbEJqNDFYTlhidHVGeXVmRW9wUmFYdmdXUDhNLW5KVW1KZ0UyT2pucHo5QkF1dE5Xbm9JbFZZc3lzNjdCN2YzbXg1RVpVTXJOTC1YcXg3ZGRpcnFKVmE3TTE1cHNyWGI4eVMwNWRFVHBRX3JCU2NhOGJGTjVXc2xUS2NhQ2haOTFLS1lQOVZLSUpoN0FZb09kNVJRNnpXU0ZGZTNwNzg4LTk2Zg?oc=5,,"De Australia a Tamaulipas: nacen dos emús en Ciudad Victoria, una de las aves más rápidas del mundo
Nacen dos emús por incubación artificial en Tamaulipas, ya se pueden observar en el Zoológico de Tamatán
Itzia Rangole / El Sol de Tampico
La Comisión de Parques y Biodiversidad de Tamaulipas anunció que el nacimiento de dos emús en Ciudad Victoria fue posible gracias a un proceso de incubación artificial monitoreado por el equipo veterinario del recinto.
¿Cómo fue el proceso de incubación artificial de los emús?
Tras un proceso de desarrollo embrionario de 52 a 56 días, de los seis huevos, lograron eclosionar dos de manera natural. El primer ejemplar nació el sábado 7 de febrero y el segundo el miércoles 11 de febrero de 2026.
En estado silvestre los huevos suelen abrirse entre los 58 y los 61 días, siendo incubados por un emú macho, quien durante ese tiempo no come ni bebe nada, sobreviviendo únicamente de reservas de grasa.",GOOGLE_NEWS_RSS
Plaza Puerto y Hotel Marriott consolidan el nuevo circuito comercial de Altamira: la construcción está por iniciar - oem.com.mx,2026-04-09 04:33,2026-04-09T04:33:52+00:00,oem.com.mx,,https://oem.com.mx/elsoldetampico/local/plaza-puerto-y-hotel-marriott-consolidan-el-nuevo-circuito-comercial-de-altamira-la-construccion-esta-por-iniciar-29395177,https://news.google.com/rss/articles/CBMi9AFBVV95cUxPZ1VyZ1F6bGFYcC1SQjVlLW8tWG1qYmVOQl9XWVdSMjg4WUswRmVpZTIzeVhTVW5fMGtIb3I5Z0lYc184ZEJEb09wbzZES2EyWTZzSUdrbGRzMThGTExtcDFOVjJ5UHlXYWMyNHl3Mi1Ld0w2cVY1Ri16YnRsaUpPaGpMcHI5ZnNTeS13VnVwUEJPNUNLSG5tVTJ4RTVLb1JWUENWM1N4RlUyM185eHdCbjJ3M2xzNXZVYkcyS0FESGZMbXZJRmh5YjktVGNYbllTTFdaWmlkY0ptMFkwOFIzd1Eyc0VYUHd5bm5jT1BhcVdtMUJq?oc=5,,"Plaza Puerto y Hotel Marriott consolidan el nuevo circuito comercial de Altamira: la construcción está por iniciar
Altamira tendrá el hotel más alto de Tamaulipas, ya se cuenta con el manifiesto de impacto ambiental requerido
María Macías
Entregan impacto ambiental para el nuevo rascacielos de Altamira
“Es una inversión que sin duda impactará de forma positiva a nuestro municipio de Altamira, en el sur de Tamaulipas”, destacó.
Marriott y Plaza Puerto consolidan el “nuevo circuito comercial”
El hotel Marriott está proyectado para hacer el de mayor altura en el estado, con 10 niveles y una inversión millonaria que tendrá que actualizarse, ya que el anuncio inicial fue en 2024.
“Una excelente ubicación”: a un costado de Avenida de la Industria
Por lo que el anuncio del tener el manifiesto de impacto ambiental para este proyecto, es un gran paso que confirma la intención de desarrollar el hotel Marriot y la Plaza Puerto en Altamira.",GOOGLE_NEWS_RSS
Turistas dejan dos mil millones de pesos a Tamaulipas: Playa Bagdad fue ‘la sorpresa’ de Semana Santa - oem.com.mx,2026-04-09 04:09,2026-04-09T04:09:03+00:00,oem.com.mx,,https://oem.com.mx/elsoldetampico/turismo/turistas-dejan-dos-mil-millones-de-pesos-a-tamaulipas-playa-bagdad-fue-la-sorpresa-de-semana-santa-29394599,https://news.google.com/rss/articles/CBMi4wFBVV95cUxQcjFaQzRWa2pTeElGUnRlS1pDaVMxdXRqTDdmQVlXMFQ3dzl2WXBhZGNieFp6SkhxRl9TVm1ZTEZYTGZ3dlRXeU1GVmhfamZobENseHdVX0VtYmJISW1weFM2aG10N0c2anl4UnRBV21KMjFwRFJnTHZraXo5MGVEb0ljRnZWVjF1bDBOMlVQVGdPZjBiWEZJN01TVUc3XzdzcGZIR1NTZ3V1QkUzY29tYTlMcVRNRUFaZWpNVC02V2ZuMXFobHY0M1c4cExacHZzeG1TMEo0Tjk3TWtRT1dFREFwSQ?oc=5,,"Turistas dejan dos mil millones de pesos a Tamaulipas: Playa Bagdad fue ‘la sorpresa’ de Semana Santa
Ocurrió un “milagro” de Playa Bagdad, Matamoros: su afluencia turística crece un 476% en esta Semana Santa
Mario Cruces
Este crecimiento se tradujo en una derrama económica superior a los dos mil 150 millones de pesos, fortaleciendo la posición del estado como un destino atractivo y seguro para vacacionistas.
Playas de Tamaulipas concentran a más de 2.1 millones de visitantes
El secretario de Turismo, Benjamín Hernández, detalló que más de 2.1 millones de personas visitaron los principales destinos turísticos durante los primeros días del operativo.
Además, la corporación Ángeles Verdes brindó 258 servicios de asistencia, apoyando a más de mil turistas durante sus traslados por carretera.
Operativo de seguridad deja atención a accidentes y emergencias
En el rubro de seguridad, el titular del Secretariado Ejecutivo del Sistema Estatal de Seguridad Pública, Willy Zúñiga Castillo, informó que se atendieron diversos incidentes durante el periodo.
Se registraron 28 accidentes viales y 64 servicios prehospitalarios por parte de Protección Civil, además de cinco rescates acuáticos.
El Centro Regulador de Urgencias Médicas también intervino con 141 atenciones y la atención de 35 accidentes carreteros, con saldo de 63 personas lesionadas.",GOOGLE_NEWS_RSS
Un jueves eléctrico: pronóstico 9 de abril - Milenio,2026-04-09 03:26,2026-04-09T03:26:00+00:00,Milenio,,https://www.milenio.com/el-clima/clima-tamaulipas-pronostico-temperaturas-9-abril-2026,https://news.google.com/rss/articles/CBMijwFBVV95cUxOS2dOdHhWUmlvRmJYU2Y2NXFLQlViTHl3bHZ2aE9VbkpFRjktdFZZTHR1SUpLUDZHMFM5R0Z0TVdqbXJaeDF5RFp6UjZNRXVFS2stZWJjb3VMOGRkV3p0LTQ3cFdoTmJ4N2o0SmpWTVpxa09Tc0x1Y3owUHgzdTNXbElCR094TExLRWs0bnFnWdIBjwFBVV95cUxOTVFJZ0tyQ0pBbDFia29JWHBnSnkzME53ZEdfMWt0ZkhfQmNzemdiYVhUanVHVWNnRzlpQnhGRUtZdlZMS3hiY3loX3BkTXBfS3dhc3R3bnkwT1NWYWJ1Y0V5aU8zaXlkTnlpV0NHWVBNb3N0alVSdi1LNGJWcmptSWVvVmJnWUp4SXgyYW1Vbw?oc=5,,"El clima hoy en Tamaulipas estará marcado por condiciones variables a lo largo del día, con una combinación de calor intenso, lluvias fuertes y viento con rachas moderadas. Este escenario genera un ambiente cambiante que puede influir tanto en actividades cotidianas como en la movilidad en distintas regiones del estado.
Desde primeras horas del día, el cielo se mantendrá medio nublado, con un ambiente templado a cálido. Sin embargo, conforme avance la jornada, el calor se intensificará y dará paso a lluvias acompañadas de tormentas eléctricas, lo que define el tiempo de hoy en Tamaulipas como inestable.
¿Cómo amanece el tiempo hoy en Tamaulipas?
Durante la mañana, el ambiente será templado a cálido en la mayor parte del estado, mientras que en zonas montañosas se percibirá un clima fresco a templado con presencia de bancos de niebla. Estas condiciones pueden reducir la visibilidad, especialmente en carreteras cercanas a áreas elevadas.
El cielo permanecerá medio nublado en las primeras horas, lo que permitirá un inicio de día relativamente estable antes de los cambios más notorios por la tarde.
Temperatura hoy en Tamaulipas
En cuanto a la temperatura hoy en Tamaulipas, se pronostican valores elevados durante la tarde, con máximas que oscilarán entre los 35 y 40 grados Celsius en gran parte del estado.
Zona fronteriza (Reynosa, Nuevo Laredo, Matamoros)
- Temperatura máxima: 36 a 40 °C
- Temperatura mínima: 18 a 22 °C
Se espera calor intenso desde el mediodía, con mañanas ligeramente frescas.
Zona centro (Ciudad Victoria, El Mante)
- Temperatura máxima: 35 a 39 °C
- Temperatura mínima: 16 a 20 °C
Aquí se presentará un contraste más marcado entre la mañana y la tarde.
Zona sur (Tampico, Altamira, Madero)
- Temperatura máxima: 30 a 35 °C
- Temperatura mínima: 19 a 24 °C
En esta región, aunque el calor será menor en comparación con el norte, el ambiente seguirá siendo cálido a caluroso.
Estas condiciones consolidan un panorama de altas temperaturas en prácticamente todo el estado, especialmente durante la tarde.
¿Habrá lluvias hoy en Tamaulipas?
Sí. El pronóstico indica lluvias fuertes a puntuales muy fuertes, con acumulaciones estimadas entre los 50 y 75 milímetros.
Estas lluvias se presentarán principalmente por la tarde, cuando el cielo se torne nublado. Además, estarán acompañadas de descargas eléctricas, lo que incrementa el riesgo de tormentas intensas.
Este tipo de precipitaciones puede provocar encharcamientos, inundaciones en zonas bajas y afectaciones en la movilidad urbana, por lo que se recomienda precaución.
Viento hoy en Tamaulipas
El viento será moderado, con velocidades de 10 a 20 km/h, pero con rachas que podrían alcanzar entre 30 y 50 km/h.
- Estas condiciones pueden generar:
- Levantamiento de polvo en algunas zonas
- Reducción de visibilidad en carretera
- Caída de objetos ligeros
Aunque no se trata de vientos extremos, sí es importante considerar sus efectos en combinación con la lluvia.
¿Clima durante la tarde?
Durante la tarde, el ambiente pasará de cálido a caluroso, alcanzando los valores más altos del día. Al mismo tiempo, aumentará la nubosidad, lo que dará paso a lluvias fuertes y tormentas eléctricas.
Este cambio rápido es característico del tiempo de hoy en Tamaulipas, donde en pocas horas se puede pasar de condiciones relativamente estables a escenarios de lluvia intensa.
Clima mañana 10 de abril en Tamaulipas
Con base en las condiciones actuales, el clima mañana en Tamaulipas podría mantener un patrón similar, con temperaturas elevadas y posibilidad de lluvias, aunque esto dependerá de la evolución de los sistemas atmosféricos.",GOOGLE_NEWS_RSS
“No vengo a estar sentado”: Tampico ya tiene nuevo obispo y envía un enérgico mensaje al llegar - oem.com.mx,2026-04-09 03:19,2026-04-09T03:19:21+00:00,oem.com.mx,,https://oem.com.mx/elsoldetampico/local/no-vengo-a-estar-sentado-tampico-ya-tiene-nuevo-obispo-y-envia-un-energico-mensaje-al-llegar-29388985,https://news.google.com/rss/articles/CBMi2AFBVV95cUxNX2RPS1JMZXdrczV5dE15UkdlWllHX0UwQzU4eThrSXowel9HWUVlZWctaVE3Z0RsOEw1Tnk0bWtDWjBodS1WNDVqMU94TWNKeENMLThUWVctNGp6RVJ3SVRfWFhZampXMVc5WkRCSFVhYTR6ZWs0VnhyVG9tZzdMbDctQlRLRlpHX3AxeVlySm9hellLaHlfU1dhY1BoQ2d4anJ3cDJCMGRSeWM5VmF3bjk2VlRXV1ZEM0phVEQwSF9DbVRIZEdmWHJGSzBxV0p0djNBbm8xbjc?oc=5,,"“No vengo a estar sentado”: Tampico ya tiene nuevo obispo y envía un enérgico mensaje al llegar
“No vine para estar sentado atrás del escritorio”, aseguró monseñor, quien llega con el compromiso de trabajar por la paz y la dignidad
Yadira Hernández
El evento de bienvenida se llevó a cabo en el acceso principal a Tampico, en la colonia Morelos, donde fue recibido por autoridades eclesiásticas y la alcaldesa de Tampico, Mónica Villarreal Anaya, en compañía de regidores.
Fue recibido al ritmo de “Tampico hermoso”
A bordo de una lancha que fue remolcada hasta el Faro, la recepción oficial estuvo a cargo de la parroquia San Felipe de Jesús, en la colonia Morelos.
El exobispo de esta santa sede, José Armando Álvarez Cano, fue nombrado arzobispo de Morelia el pasado 19 de enero, quien fungió por más de cinco años al frente de esta diócesis.
Fue nombrado Obispo de la Diócesis de Tampico por el papa León XLV
La llegada de monseñor Margarito Salazar Cárdenas inicia una nueva etapa para la Iglesia católica en el sur de Tamaulipas, conformada por 124 sacerdotes y 74 parroquias distribuidas en 11 municipios.
“No vine para estar sentado en el escritorio”: Margarito Salazar
Alcaldesa de Tampico recibe al nuevo obispo “como un hombre de fe”
Por su parte, la alcaldesa de Tampico, Mónica Villarreal Anaya, mencionó que se trabaja de manera conjunta para tener una ciudad tranquila y en paz.
“Le recibimos no solo como autoridad eclesiástica, sino como un hombre de fe, cuya vocación se ha forjado con años de entrega y servicio.",GOOGLE_NEWS_RSS
"¡Ni frijoles, ni arroz! En Tamaulipas una alcaldesa salió a repartir ingredientes para preparar capirotada - oem.com.mx",2026-04-09 01:54,2026-04-09T01:54:06+00:00,oem.com.mx,,https://oem.com.mx/elsoldetampico/tendencias/ni-frijoles-ni-arroz-en-tamaulipas-una-alcaldesa-salio-a-repartir-ingredientes-para-preparar-capirotada-29394846,https://news.google.com/rss/articles/CBMi7gFBVV95cUxNZUNOa1IwemYtZkRrSHR3eFplVWNYdmdlR3FyMHpLZ1h0cTBidWczbGZ6UXozNHJDYVZ2NGd2LUxfLU9LcEpNbWlmd0pZUTJzU0VLdW5lV0tqQ3BNYWozMW1IWGgzb2R6WGxES19nSzg1dS1JX3c0S3pmTXZUS1BJa2xULXQzakJjQjZrRXhYT3RnZmJHRFg1UEJnaEY2c25DMzVaNkFkNXV2MElkRmZ6V2RmQXJMV0xvR2JnRHU5cW5GTlhBS0xtUzd0bU1HRHVYWVRQV2FDWU1naVQ4Nk9KVG93VElGcjE1aVZqV0ZB?oc=5,,"¡Ni frijoles, ni arroz! En Tamaulipas una alcaldesa salió a repartir ingredientes para preparar capirotada
Pan, piloncillo y canela llegaron a las manos de las familias de Miquihuana para que ninguna mesa se quede sin este postre tradicional
Mario Cruces
¿Qué llevaban los paquetes que fueron entregados casa por casa?
“Cada quien le da su toque”, comentaba una señora entre risas, recordando cómo en su infancia ayudaba a su abuela a acomodar las capas de pan con paciencia casi ritual.
La escena, sencilla pero significativa, reflejó algo más profundo: la importancia de preservar las tradiciones en medio de los cambios cotidianos.
Fortalecen un espacio de convivencia familiar con la repartición de ingredientes
La capirotada, más que un platillo, es símbolo de reunión, de fe y de memoria. Prepararla implica detener el ritmo acelerado del día a día para reunirse en torno a la cocina, donde cada ingrediente cuenta una historia.
Por eso, iniciativas como esta cobran especial relevancia: no solo facilitan la preparación del postre, sino que fomentan esos espacios de convivencia que tanto valor tienen.
Así, entre caminos rurales y cocinas encendidas, la capirotada volverá a prepararse, recordando que los pequeños gestos pueden tener un gran sabor a hogar.",GOOGLE_NEWS_RSS
¿Poncho de Nigris ahora le va al Correcaminos UAT? El gesto de la directiva que se volvió viral - oem.com.mx,2026-04-09 01:17,2026-04-09T01:17:28+00:00,oem.com.mx,,https://oem.com.mx/elsoldetampico/deportes/poncho-de-nigris-ahora-le-va-al-correcaminos-uat-el-gesto-de-la-directiva-que-se-volvio-viral-29395481,https://news.google.com/rss/articles/CBMi3gFBVV95cUxNWjEwdENENVppRzJ6Y0cyUGJjQklyS0dLaFR6UHVGTWczTHUwQVNrWHp3MUZlNUdUM3Vidm9ibW41UTJsV0tYQ2ZSMVRMR1R5THAzcm5ockRXMEJXXzhIMkdqMVpQbWZsMm15R3NQdExFajVORDNma3gtSXFZSllOMGlQc3hleFM2VUlOR3pIWmRsclEta2xwOVNlQkJ3dVN0bkdWeWRJTy1TTFBqbUx2ZWoxNWJJN0VPaDRJMGtiMnQ1SjFiTFYtR2tPRTdsZUVZZVNKaExfV1M4RGpCVVE?oc=5,,"¿Poncho de Nigris ahora le va al Correcaminos UAT? El gesto de la directiva que se volvió viral
Desde Big Brother hasta ser finalista en La Casa de los Famosos, ahora suma a su colección la playera de la UAT
Héctor Rivera
El exintegrante de la segunda temporada de “Big Brother” asegura que siempre le han gustado los colores del equipo universitario, agradeciendo a la directiva el detalle de haberle obsequiado la playera de Correcaminos.
Sus hermanos y por qué el futbol es relevante para Poncho
“Poncho” de Nigris es hermano de Antonio de Nigris, quien falleció el 15 de noviembre de 2009 a los 31 años de edad.",GOOGLE_NEWS_RSS
Más de mil mascotas son vacunadas contra la rabia en Tampico - Milenio,2026-04-09 00:41,2026-04-09T00:41:00+00:00,Milenio,,https://www.milenio.com/ciencia-y-salud/mas-de-mil-vacunas-contra-la-rabia-en-mascotas-de-tampico,https://news.google.com/rss/articles/CBMingFBVV95cUxPR0dtZ01VckZ5TE8yamtEWEVsTEJfbVdFemt5S2pVVzZTdmtMRW9tR2xSVGxoQ1pudE0wQ1dER2N2eWNBR3c0dFJsLUtybHZRejhQdGRUM0ZmczloUzVLTlZHWWhCNmtPVDFOTG1RSjhKRkhnODVqV3NXSW5ybldTS0NPalV6ZGIyTDh4NUlvZXhwRG5seC1BN2VKZWstZ9IBngFBVV95cUxPOGxfbU1xaC1SX3VUNkpjQzE2QnJBcmhYYm9QbTNwamZwYm1ZNmxuUU1Kd3BLWl9ZMEtNeXlOZEVDWXZIT0pzdnZJOWFXbTNLVmtfLXVUUnVyOHlsYVlyWEhyUEIwcDVSa3R1R2J0bHdFS3E2eWVXOGZMTDVGYWdEOURfOE9wX3N2R2xlUmhuMXl1a1BFejBYTDluNHQ1QQ?oc=5,,"El llamado a la comunidad de la Dirección Municipal de Ecología de Tampico para vacunar a las mascotas contra la rabia, ha dado buenos resultados en las diferentes colonias, sobre todo en las colonias del norte.
Total de mascotas vacunadas en Tampico 2026
En lo que va del año, se han vacunado a poco más de 700 perros y 300 gatos, lo que habla de la efectividad que se ha tenido gracias al interés de los dueños.
Durante la jornada realizada este miércoles en la colonia Esfuerzo Obrero, la campaña registró a 35 perros y 10 gatos.
¿Cuándo se realiza la campaña de vacunación?
La campaña se realiza miércoles tras miércoles y se da a conocer a través de la página oficial de Ecología, pero también por perifoneo en colonias en un horario de 9:00 a 13:00 horas.
“Vecinos de la colonia Esfuerzo Obrero y sus alrededores, los invitamos a que traigan a sus mascotas a vacuna contra la rabia; perritos y gatitos a esta jornada de vacunación. Los invitamos a que se acerquen para que sean vacunadas sus mascotas y evitar un problema posterior”, dice una de las empleadas a través del perifoneo colocado a un costado de la cancha de fútbol conocida como Maracaná.
Familias llevando a sus mascotas
La familia López, aprovechó para llevar a su perro de la raza Pastor Alemán Velga y también a dos gatos color negro, enfatizando que es importante vacunar a sus mascotas por el tema de la salud y protección a todos los integrantes de la familia.
Unos minutos más tarde, un hombre arribó al lugar con dos perros Husky Siberiano, los trasladó en su vehículo hasta el puesto de vacunación para que se les aplicara el biológico.
La campaña de vacunación contra la rabia es permanente y de prevención pero se realiza cada ocho días en colonias diferentes.
AA",GOOGLE_NEWS_RSS
Mujer cae de un autobús de transporte público en Altamira - Milenio,2026-04-09 00:26,2026-04-09T00:26:00+00:00,Milenio,,https://www.milenio.com/estados/mujer-cae-autobus-transporte-publico-altamira,https://news.google.com/rss/articles/CBMigwFBVV95cUxNa0RYVk5DVnFDek9ZemxTLVNGYnVCX0llQXpKd1phN0JObU9NZlVhMUV3QkNQdi1rSU5yNlNSaGVfOU9TdDFYUjBXRXFpbUVXOTVpNDUzZl9CZ3RvbUVTU2lYeFhmQnNPV2lheWRMa1FaaXh6Q3ZIeGk2WE5VX3JVTGQ0VdIBgwFBVV95cUxPT3gzLXgyZkZMUXRXN19PU2lNVGJTR3ptRl9ValRyOFl0Qkp4Qm1hem52TGZKb0NWajdCdzZ6dzdaQUxJQXJMWW5qLWl1cGR3VDhmRHRsRXBveEFUNXptY2dUV2YtVXRMYWZwbzdHZnZCcHhoY1R0QjkzME1HbndZdUtMYw?oc=5,,"Altamira /
Una mujer resultó lesionada luego de caer de un autobús de transporte público en la zona centro del municipio de Altamira la tarde de este miércoles.
¿Qué provocó que la mujer cayera del transporte público en Altamira?
El percance ocurrió sobre el bulevar Allende, antes de llegar a la calle Matamoros, cuando la fémina aparentemente tropezó al intentar descender de la unidad, lo que provocó la movilización de los cuerpos de emergencia.
Trasladan a mujer a hospital
Elementos de Protección Civil, junto con brigadistas voluntarios, acudieron para brindarle los primeros auxilios a la mujer previo a su traslalado en ambulancia a un hospital de la zona. De igual forma, agentes de tránsito arribaron para tomar conocimiento de los hechos.
JETL",GOOGLE_NEWS_RSS
"Correcaminos, al borde de la eliminación: se juega todo ante Mineros - oem.com.mx",2026-04-09 00:24,2026-04-09T00:24:46+00:00,oem.com.mx,,https://oem.com.mx/elsoldetampico/deportes/correcaminos-al-borde-de-la-eliminacion-se-juega-todo-ante-mineros-29393204,https://news.google.com/rss/articles/CBMiugFBVV95cUxNcUJ2cW1tQkp3SEJTaDNibXpRSG5qUE0zV0lsTU5LRTJGUk9VLS12LUZjY3o5VUV1V3hTWERmU01IbmhVd2xfMjBRUEJRQ0ZvOElud183ZEg4azh2ZEpreGV2U0kwT0hZMnU0Z1IwOEJYWVQ0SVBIa1dRVGl3d0hMX3AwSGZHR01hdUhlTjNWUlhmSkZ1dFpTeDc5cHhYekJyeGdwTTZ1eG5hSDUtbnV1b0x3NGZrNHVZb3c?oc=5,,"Correcaminos, al borde de la eliminación: se juega todo ante Mineros
El equipo de la UAT buscará cerrar con dignidad el torneo de la Liga de Expansión, aunque sus posibilidades de clasificar son mínimas
Héctor Rivera
Correcaminos llega con pocas posibilidades de liguilla
Buscan mejorar números en el cierre del torneo
Más allá de las posibilidades matemáticas, el equipo tamaulipeco se enfoca en cerrar con dignidad el campeonato y aprovechar los últimos encuentros para corregir aspectos de cara al siguiente torneo.
Correcaminos enfrentará no solo a Mineros de Zacatecas, sino también a Alebrijes de Oaxaca, ambos compromisos en calidad de visitante, lo que representa un reto adicional para el plantel.
Estos partidos serán clave para que los jugadores que buscan mantenerse en la institución puedan mostrar su mejor nivel, en un cierre que servirá como parámetro rumbo al Apertura 2026.",GOOGLE_NEWS_RSS
Carretera en Tamaulipas gana premio internacional por su tecnología sustentable - Milenio,2026-04-08 23:18,2026-04-08T23:18:00+00:00,Milenio,,https://www.milenio.com/estados/autopista-mante-tula-gana-premio-tecnologia-sustentable,https://news.google.com/rss/articles/CBMikAFBVV95cUxPNWd5U3VHUFRSa0xuLUxHcFdRS1hnN25vdlQtNzA1X29uRlVzbnZHVFRZaHl1VnhRNXRXdVJ6SGdJNWJzeHo4VDYwOW9ETUtFRXVLMFkzTUllY2VyejBFM0otakZVbV9YbU44aE1ub0o0WTA3RjhUZlJPa21naEVMT3lvUzJCOEcyR3NZOUticmzSAZABQVVfeXFMUDNxTGZDYnMyV0ZLdFFQc242S0Y3amI2ZkZzdlJXTEdaV19pNG5QbHhrMi1zdVpQUDVKVk00czd2TnExNEFRTloxSkFXeHo5aGhvcFdPZW1HREEzdG1wLThreW5rd0VmNHlCaGZ1eGtHTUhiS3dWUWZLVUQxY3VXQzlvRTE2WWNxRnVLcTh0NFJU?oc=5,,"La carretera Mante-Tula ha sido consagrada con un premio internacional que destaca la excelencia de la obra al cumplir con los más altos estándares globales en impacto social, económico y ambiental.
Se tratan de los GRI Awards Infrastructure México 2026 reconocido por el GRI Institute, con el premio ESG Proyecto de Desarrollo Sostenible en Infraestructura del Año, hacia esta autopista.
Autopista Mante-Tula conecta el sur de Tamaulipas con el altiplano
El proyecto de la carretera inició operación parcial el pasado lunes 30 de marzo. Cuenta con una extensión de 107 kilómetros y un túnel de 1.8 km, conectando la región sur del estado con el altiplano, reduciendo hasta en dos horas los tiempos de traslado hacia el centro del país y fortaleciendo la competitividad comercial y turística, así lo mencionó Pedro Cepeda Anaya, Secretario de Obras Públicas.
Esto hizo que la autopista Mante-Tula ganara premio internacional
Destacó que la base central para obtener este reconocimiento fue el uso de tecnologías de bajo impacto ambiental. En la construcción se emplearon más de 117 mil metros cúbicos de concreto sustentable, lo que permitió evitar la emisión de 18,765 toneladas de CO₂. Esta reducción de emisiones equivale al beneficio ambiental que aportarían 306 mil árboles creciendo durante diez años, consolidando el enfoque de descarbonización de la obra.
Asimismo, señaló que el proyecto contempla un ambicioso programa de conservación que incluye la reforestación de 271 hectáreas con cerca de 298 mil plantas, además de la reubicación de flora silvestre en una superficie de 203 hectáreas. Estas acciones, alineadas con los Objetivos de Desarrollo Sostenible de la ONU, garantizan la protección de la biodiversidad en los municipios de la región, asegurando la sostenibilidad del entorno a largo plazo.
Este proyecto cuenta con con una inversión de 9 mil 400 millones de pesos.
JETL",GOOGLE_NEWS_RSS
Vivienda en México se encarece 3.9% anual durante marzo: Indicador Banorte - Milenio,2026-04-08 23:01,2026-04-08T23:01:00+00:00,Milenio,,https://www.milenio.com/negocios/vivienda-en-mexico-se-encarece-en-marzo-2026-indicador-banorte,https://news.google.com/rss/articles/CBMimwFBVV95cUxPNm4tazBYaGNkS0tZeXE5S1RfTTUtVDBfZXJCcW9MRmdFc29DcVVTSExVcUh6a003YU4zNGxOcjNNcWRqanB3aW5INHJDSVNhbmMxLVJKbzUxTldrR1d6ZG5fTFg0TzFkOHZseWp1cEg5V0hERFBqN3B1c2hubE5oTUZZQ3hiSXhKeVJKeEdjMF9uZ3l0N1JYTVJ4c9IBmwFBVV95cUxQWjFNYVV1V3BYUklTZF91SHdvdlFnMV9lWWZKRFpXWG45MmhtSUQ0N2hZN1o4bTAxM1dEdThvVDdXUlVsaTN6cTNxbERmbm1BZGctcjBRZ1VaQlkyX3ZRSjZ6dXU5a3pzcjVEOHdHR0hwSWpidWRFRFZOa0F2ajlSZHVQVkdTSDlPbjhXUGVyX2wweTZqdEg0UG5BMA?oc=5,,"Banorte detalló en su Indicador Banorte de Precios de Vivienda (Inbaprevi) que durante el mes de marzo, el precio promedio de la vivienda alcanzó los 31 mil 631 pesos por metro cuadrado, una cifra 3.9 por ciento superior a la del mismo mes de 2025.
En comparación con febrero, el precio de la vivienda a nivel nacional registró un incremento mensual de 0.1 por ciento.
“Durante marzo, el precio de la vivienda a nivel nacional registró una variación anual de 3.9 por ciento; este aumento refleja la tendencia general al alza en el mercado inmobiliario del país, impulsado por la dinámica actual de los ingresos de los trabajadores mexicanos”.
El Inbaprevi es una herramienta diseñada para superar las limitaciones de los indicadores tradicionales en el análisis del mercado inmobiliario en México, utilizando técnicas de web scraping.
¿Qué estado tiene el precio más barato?
En marzo de 2026, el valor de la vivienda en Tamaulipas creció 9.8 por ciento anual, una variación significativamente superior al 3.9 por ciento observado a nivel nacional; sin embargo, a pesar del crecimiento, la entidad se colocó como la más accesible para vivir.
Durante el mes de referencia, la entidad mantuvo su posición como la más asequible del país con un costo de 18 mil 653 pesos por metro cuadrado. Con respecto al mes previo, el avance fue de 0.5 por ciento.
La oferta inmobiliaria en el estado se concentró principalmente en vivienda nueva, con una participación de mercado del 64.8 por ciento; el resto de los segmentos mantiene una proporción de mercado considerablemente menor.
¿En dónde es más cara la vivienda?
En marzo de 2026, el precio de la vivienda en la Ciudad de México registró un incremento anual de 2.6 por ciento, cifra inferior al crecimiento nacional.
El precio por metro cuadrado en la capital del país se estableció en 58 mil 55 pesos, lo que representó un avance mensual del 0.2 por ciento. Con esto, la Ciudad de México se mantiene como la entidad con el precio de vivienda más elevado a nivel nacional.
MA",GOOGLE_NEWS_RSS
"Temas - El Sol de Tampico | Noticias Locales, Policiacas, sobre México, Tamaulipas y el Mundo - oem.com.mx",2026-04-08 23:00,2026-04-08T23:00:39+00:00,oem.com.mx,,https://oem.com.mx/elsoldetampico/tags/temas/arranca/app.json,https://news.google.com/rss/articles/CBMibkFVX3lxTE9jSUdYSGlFSG5uNVN6NUx2STlTbG5nSFUyU2NaVWZHQTdYLUNkZGNocTB0QTlxZDFIdHN0ZWxmeWRqbHNhODQ3SUxCTzdOd2F0ZzhCUnh1LXM3MVlFSnlpWDcxdlNaWGt2WUx5R0V3?oc=5,,"GOSSIPJacob Elordi, de dormir en un automóvil a triunfar en “Euphoria”: así fue su historia para llegar a la fama
FINANZASInyección de 221 mdd en Tamaulipas: Altamira, Reynosa y Matamoros lideran la nueva ola de inversiones en 2026",GOOGLE_NEWS_RSS
"Tamaulipas, pieza clave en la soberanía energética - Milenio",2026-04-08 20:23,2026-04-08T20:23:27+00:00,Milenio,,https://www.milenio.com/estados/tamaulipas-pieza-clave-futuro-gas-mexico,https://news.google.com/rss/articles/CBMifEFVX3lxTE45TEs2VXFScUZzejRkMFRIdE1TbEJPWnRVdC1VZmVkOXVIV01pV3ZtM0VSbU1mbF9fcDNWRWRzamJjX0F0aldBbGlEdFZuUlAzOEc3VzR4UnlqeXZYS2EzcklLZXNnQl9RazZGR3ZjcENoak5QVTgyTW5fTlTSAXxBVV95cUxPeU44RjZETEctcEtVa2t1MWdrWm1FZXJpWTJSckhpdV9zeW9vMzhYTzlMSXhBUzU5Ui02MzBoU3NYSkdMLVUxQzJLbzNSRFlNWWMzREd4UXZ0cklXem1ULXlDQ3pOSjRpZXVmajlkbFpNOGVZUWIzVUpZc3E2?oc=5,,"La ruta hacia la soberanía energética del país pasa por el norte… y en ese mapa, Tamaulipas ocupa un lugar estratégico. Durante su participación en la conferencia matutina, el director general de Petróleos Mexicanos, Víctor Rodríguez Padilla, aseguró que México podría recuperar su soberanía en gas natural en un plazo de hasta 10 años, siempre que se desarrollen de forma sostenida los recursos disponibles.
Y es justamente en territorio tamaulipeco donde se concentra una parte importante de ese potencial. De acuerdo con datos de Pemex, México cuenta con un potencial de 141 billones de pies cúbicos de gas no convencional, del cual una proporción significativa se ubica en el norte del país.
Cuencas con alto potencial de gas
En ese contexto:
- La Cuenca de Burgos, que abarca municipios de Tamaulipas, concentra 53.8 billones de pies cúbicos de gas de lutitas.
- La región Tampico-Misantla suma 20.6 billones de pies cúbicos de gas no convencional y otros 4.7 billones de gas convencional.
Estas cifras colocan al estado como uno de los principales puntos de interés para futuros proyectos de extracción, principalmente mediante fracturación hidráulica, una técnica que ha generado debate por sus posibles impactos ambientales.
Alta dependencia del gas importado
Pese a este potencial, México aún depende en gran medida del gas importado. La secretaria de Energía, Luz Elena González, detalló que el país consume diariamente alrededor de 9,000 millones de pies cúbicos de gas natural.
De ese total:
- 2,300 millones se producen a nivel nacional
- 6,800 millones se importan, principalmente desde Texas
Esto significa que el 75% del gas que se utiliza en México proviene del extranjero, en su mayoría extraído mediante fracturación hidráulica en Estados Unidos.
Evaluarán explotación sustentable
Ante este panorama, la presidenta Claudia Sheinbaum Pardo anunció la creación de un comité científico que evaluará la viabilidad de explotar gas no convencional en el país.
Este grupo tendrá un plazo de dos meses para emitir recomendaciones técnicas antes de cualquier decisión.
“Si vamos a hacer explotación de gas no convencional, tiene que ser de una manera sustentable”, subrayó la mandataria.
SJHN",GOOGLE_NEWS_RSS
Cuidado con llamadas falsas del C5 en Tamaulipas; buscan hackear celulares - oem.com.mx,2026-04-08 20:00,2026-04-08T20:00:48+00:00,oem.com.mx,,https://oem.com.mx/elsoldetampico/local/cuidado-con-llamadas-falsas-del-c5-en-tamaulipas-buscan-hackear-celulares-29385255,https://news.google.com/rss/articles/CBMivwFBVV95cUxQLXd2QzlncXc3NTlHYWF5TS1KUy00NU1nMHdtakdtZm1ZT0FpTExQb2F5dnhyLW01cEZiUEJzRXptYWJqZFRFWHhWdllRUXhwMzlsUER4NUdaUEFocHdDVHZGT3pVTmRPbEFWVFZheEVDSkhXeGg0WWU2aWp0d0d3Mlo1RUg1WEhwLUJUWjBPVVFINkMyX3IzZnlGbWJKSGFGSUFieEpsdjliZ2c1aV9BUU52M3ZfQmxBdHdSNF96QQ?oc=5,,"Cuidado con llamadas falsas del C5 en Tamaulipas; buscan hackear celulares
Autoridades advierten que los estafadores usan tácticas cada vez más sofisticadas para engañar a la población
Yadira Hernández
Hackeo o robo de identidad, esto buscan con las llamadas falsas
Esto puede derivar en el hackeo de dispositivos móviles o el robo de datos personales, ante esto exhortan a la ciudadanía a rechazar este tipo de llamadas a números no reconocidos.
Estos son los números identificados como fraudulentos
Entre los números detectados en este esquema de fraude se encuentran el 373 104 06 49, desde el que se realizan las llamadas haciéndose pasar por personal de seguridad.
Estas son las recomendaciones que debes tomar en cuenta para evitar ser víctima de este delito
Como parte de las recomendaciones emitidas, se exhorta a la población a no atender ni seguir indicaciones provenientes de llamadas sospechosas, especialmente si solicitan información personal o acceso a plataformas digitales.
Asimismo, se pide evitar ingresar a enlaces desconocidos o aceptar invitaciones a chats de procedencia dudosa, ya que estos pueden ser utilizados para comprometer la seguridad de los dispositivos.",GOOGLE_NEWS_RSS
¡Adiós baches! Tampico recibirá más de 4 mdp de Pemex para rehabilitar calles - Milenio,2026-04-08 18:45,2026-04-08T18:45:00+00:00,Milenio,,https://www.milenio.com/estados/bacheo-tampico-pemex-dona-4-mdp-rehabilitar-calles,https://news.google.com/rss/articles/CBMiigFBVV95cUxQbkptSzdKUmljN2tLSFdCdHBSZE9XbmlXUUl5MjdnNFplZDhYVDczS2RJa3IwRmVQZ1IzcHFWSndDLXR1Vkl3bVhrbVYwY3F5aWtpUW9FVUVYd0pMbTBYM1RPSUlMYml6X3RCQVh6NGV2ODE1bDdraTJQa0hXZlB0SGNQUkxLQ1FxUHfSAYoBQVVfeXFMT2tlQmxSMWN0QmRPUkE3blQxb2tnTkZ2NkdBQVdwT19ETlFBU1BqbTlQLUJ0Z1ZXUWJ3c1FzXzNuYXNvRzkzOVVsWUdtRURtTWxsQk5rN1EtcU5SVm41VTZKTTJFOGgtX25ldXZGQlBzdVZHWTA4Q0ZVSTJtOXVCbVM2TTZwQi1od0xB?oc=5,,"El Gobierno Municipal de Tampico va a tapar los baches que se han generado en la ciudad con recursos donados por Petróleos Mexicanos (Pemex), que superan los 4 millones de pesos.
La alcaldesa Mónica Villarreal Anaya detalló que dichas acciones de bacheo se van a hacer en coordinación con la Comapa Sur, para poder tapar esas afectaciones que se presentan en el municipio.
Se va a aplicar un tonelaje de asfalto donado por Pemex, que es parte del recurso 2026 que llegó a la administración tras las gestiones realizadas por Obras Públicas.
200 toneladas de asfalto para mejorar la movilidad
“Este año ya tenemos esa donación que nos hace Pemex de 200 toneladas que vamos a seguir reencarpetando todas esas arterias que conectan a nuestras vías principales para mejorar la conectividad y la movilidad de nuestro municipio”, declaró la alcaldesa.
Aseguró la presidenta municipal que están buscando ocupar dicho asfalto en menos de seis meses, lo que les ayudará a poder gestionar más para el ejercicio 2027.
El objetivo, aseguró Villarreal Anaya, es poder lograr que Petróleos Mexicanos le done 600 toneladas de asfalto al gobierno municipal, lo cual es aplicable a obras en las colonias del puerto.
Insistió que en este trimestre del año, lo que se aplicará es por cuenta de Pemex “son 200 toneladas que son alrededor de $4 millones de pesos”. La finalidad es poder darle solución a los baches que están en el municipio y se va a ir a zonas prioritarias”, expuso la alcaldesa.
Programa 24/7 para atender baches en Tampico
Las obras que se van a llevar a cabo son con la coordinación de la Comapa Sur, que estará trabajando con el gobierno de Tampico.
“Se hizo en coordinación con la Comapa, pues hay un inventario de baches en nuestro municipio y determinamos la posición de cada uno de ellos, ya separamos cuáles son de Comapa, cuáles son del municipio y vamos a empezar con en este programa 24/7”, declaró la edil.
El objetivo es seguir trabajando para que todas las vialidades estén en óptimas condiciones y aprovechar el aporte de Pemex, ya que se va a destinar para el bacheo y la conexión de las vialidades.
La alcaldesa de Tampico destacó las acciones que la Comapa Sur realiza en conjunto con el municipio, porque van a echar a andar acciones pendientes.
“Se hizo un equipo de trabajo de Comapa y del municipio, en ese sentido ya sabemos perfectamente cuáles le corresponden a cada quien y vamos a empezar a trabajar. Hubo una acción inédita, nunca se había coordinado el gobierno del estado a través de la Comapa Sur y un municipio para atender una situación tan sentida entre los ciudadanos”, recalcó la alcaldesa de Tampico.
SJHN",GOOGLE_NEWS_RSS
Choco Garza: 90 años de fuerza y disciplina en el fisicoculturismo en Tampico - oem.com.mx,2026-04-08 18:25,2026-04-08T18:25:14+00:00,oem.com.mx,,https://oem.com.mx/elsoldetampico/deportes/choco-garza-90-anos-de-fuerza-y-disciplina-en-el-fisicoculturismo-en-tampico-29320335,https://news.google.com/rss/articles/CBMixwFBVV95cUxPb1FGaG44dnR0SmJIZVZHUGFxcDRUVWlvWHhMNjQ0dlliZFJZS2plRGhsZGFlWl9ZOWVRNEJZUEZKdEp4c09TQm1UVElMVzFGUDJCbjhzN3pqMjRudWpja3JVMzlOcmo5RHdmTnE5dXo2cGJ2dVRWazR1NEN5TVZJcWc3OHJqVlZTU3ktRk9JZ1BiakZfcmVQNUd4eXFYeVBVeDFDb0NmNlYyX1pUeUpLU192OG54SmFJczhIMXg2d1dxQmtIZGhj?oc=5,,"Choco Garza: 90 años de fuerza y disciplina en el fisicoculturismo en Tampico
El Hércules del Norte entrena varias veces por semana, comparte su filosofía de vida y continúa inspirando a generaciones desde su gimnasio
Roberto González / El Sol de Tampico
No se agita ni se altera. Parece como si levantara una hoja de papel. En enero, José Luis Garza Ortiz, El Choco, cumplió 90 años, pero carga lo que muchos veinteañeros no podrían.
De Mr. México a leyenda del fisicoculturismo en Tampico
“Junto con el ejercicio también va lo que comemos. El ejercicio debe de ser adecuado y luego la alimentación adecuada. Van de la mano”, añadió.
Entre sus retos más significativos recordó uno que nació al leer una revista, donde un fisicoculturista estadounidense levantaba su propio peso con una sola mano. Eso lo convirtió en un desafío personal.
“Había un atleta americano que levantaba con una mano, su propio peso y yo logré levantarlo también. No, cállate la boca. Hasta lloré de alegría, 75 kilos con una mano”, recordó.
“También está el récord nacional del levantamiento de pesas: eran de 115 y yo lo dejé 122 kilos y medio. Muchos años duró ese récord, ya tiempo después se rompió, pero muchos años duró mi marca”.
Un gimnasio que resiste el tiempo y forma generaciones
“A Choco lo vienen a visitar dos veces al año: en su cumpleaños y en el Día del Padre”, dice Luisa Garza Morales mientras acomoda con orgullo las medallas que porta.
Los reconocimientos son muchos, pero hay otro que también destaca: que generaciones continúen acudiendo a su gimnasio, ubicado en la calle 2 de Enero.
“Yo lo ayudaba a entrenar aquí mismo”, relató ella. “También empezamos a hacer mancuernas y a vender equipo para que la gente pudiera ejercitarse en casa”.
Fabricaron desde piezas ligeras hasta equipos completos: barras, discos y bancas. El gimnasio, aunque con menos usuarios, nunca se detuvo.
Reconocimientos, legado y una vida dedicada al deporte
Los reconocimientos no se han detenido. En 2024, la Federación Mexicana de Fisicoconstructivismo y Fitness le otorgó una medalla por 70 años dedicados a la promoción del deporte.
En 2025 recibió un reconocimiento como parte de las 100 personalidades del deporte en Tamaulipas otorgado por la Fundación Alfredo Harp Helú. Y en enero de este año, al cumplir 90 años, un grupo de alumnos llegó con tamales, pastel y aplausos.
“No puedo entender por qué me homenajean tanto, hasta lloro porque soy muy emotivo, y es que mis logros han sido muy grandes y no puedes creértelo, solo viviéndolo”, dijo.
Se tiene muy arraigada la idea de que los hombres no lloran. Pero Choco Garza es el primero en afirmar que, hasta para al segundo lugar del Mr. Hércules del Norte de 1956, en ocasiones la emoción es más fuerte.",GOOGLE_NEWS_RSS
"Comapa anuncia cortes de agua en Tampico, Madero y Altamira HOY | Casi 30 colonias afectadas - Milenio",2026-04-08 18:20,2026-04-08T18:20:00+00:00,Milenio,,https://www.milenio.com/comunidad/corte-agua-tampico-madero-altamira-8-abril-2026,https://news.google.com/rss/articles/CBMiiAFBVV95cUxPOXBfcTRGSnpfeEdBc21ld0w5V1hTOF9YNkxKV3p6WTVubUlyWm9HWUhKcGpuTDNKRndjZmdnYVVDNE1ZZVZlbC1YQVpXX3BteFpVVVpkU19yWVJmalkzWDEyWWtmWG8wV3JWSVo1aXhDaGlOYmktelNISEZubnBydmtJaFFuT2s20gGIAUFVX3lxTE1nQU50N3JSVGlGLWNmZ3I5QXQxUW5oN2s4Rmc0ZEV3cXhDSHVWYnRUZk1yTC15VnhmWG9wd3pFdFlvRnhaSng4QXFkSW5WZV9ydTVMdVFyNmZUQjdBaW9xdEFkMGhHR09rZ01lQkZ6UElPd3FKcVJ4WElnVzgydWVKNXAtZlB3NGM?oc=5,,"La Comapa Sur informó sobre la suspensión temporal del servicio de agua potable en diversos sectores de Ciudad Madero, Tampico y Altamira, debido a trabajos de reparación en líneas generales y fugas.
Las autoridades indicaron que el servicio se restablecerá de manera gradual durante la tarde de este miércoles 8 de abril; te contamos cuáles serán las colonias afectadas y en qué horario regresará el suministro del agua.
Corte de agua en Ciudad Madero: colonias afectadas
En Ciudad Madero, la suspensión se debe a trabajos de reparación en una línea general. El servicio se restablecerá a partir de las 16:00 horas.
Colonias afectadas:
- Héroes de Nacozari
- Sector Francisco Villa
- Sector Fidel Velázquez
- Sector Benito Juárez
- Delfino Reséndiz
- Ampliación Unidad Nacional
- Hipódromo
- Lucio Blanco
- Fovissste
- Camichines
- Sector Emiliano Zapata
¿Qué colonias de Tampico no tendrán agua hoy?
En el caso de Tampico, el corte impactará en distintos sectores, con horarios de restablecimientos diferentes; en los primeros sectores será a las 15:00 horas.
Colonias afectadas:
- Niños Héroes
- Jesús Elías Piña
- La Paz
- Tancol
Colonia con restablecimiento a las 16:30 horas:
- México
Corte de agua en Altamira hoy: sectores afectados
Para Altamira, el corte inició a partir de las 10:00 horas debido a la reparación de una fuga en una línea de 8 pulgadas ubicada en la colonia Tampico-Altamira.
El tiempo estimado de los trabajos es de seis horas.
Sectores afectados:
- Tampico Altamira
- Ganadera
- Valle Dorado
- Gema
- Jazmín
- Tamaulipas
- Albañiles
- Santa Elena
- Guadalupe Cervantes
- Contadero
¿Cuándo regresa el agua en la zona conurbada?
La Comapa Sur indicó que el servicio comenzará a normalizarse durante la tarde de este mismo día, una vez concluidos los trabajos de reparación. Piden a la ciudadanía tomar previsiones y hacer uso responsable del agua mientras se restablece el suministro.
yc",GOOGLE_NEWS_RSS
En Tampico con ritmos huastecos se recibirá a monseñor - Milenio,2026-04-08 17:31,2026-04-08T17:31:08+00:00,Milenio,,https://www.milenio.com/comunidad/en-tampico-con-ritmos-huastecos-se-recibira-a-monsenor,https://news.google.com/rss/articles/CBMikgFBVV95cUxORXVmeGN2djZ4VlNhMlh5SXByaHZ4eUxLRmd3UVR0WXNyQTFzMlg2OWFQN1JjV0RYTmpvbFRuT3dLMkZRQlBORnNpekEyby1HbmZtdktISFZJVllNclh4LS1DbkYxYUVWemliVVB6WlJwZjA0OTZCWlBVVnFETnZ2SjhQbTVwNHU1LVdBcTBuMFVaZ9IBkgFBVV95cUxPbUUtSzIyeGZabEttYmJXRUlHQU9jYWZSUU56LVlFR0pzYW9SQ056SkpYbWdWRG1TakJabG1wM3hLcjJJdGoyVzZLT3dhOHZobDJPOF9NQllzTWdadHNmMVpja2tzdDN6c0NsVGYtWF8yUU5xUVdjVG9tN3hoNHlGQV81dC1OR3poWWUyVU54R0t0Zw?oc=5,,"La Diócesis de Tampico prepara el recibimiento del nuevo obispo, monseñor Margarito Salazar Cárdenas, que llegará este miércoles y será recibido en la zona conocida como “El Faro”, por una comitiva grande y una marimba.
Su arribó a la ciudad, procedente de Matehuala, San Luis Potosí se ha programado a las 10:30 de la mañana, donde se hará un acto de bienvenida, en el que van a participar los sacerdotes que forman parte de la Diócesis y actores políticos del sur del estado.
Poco antes de mediodía se prevé que el nuevo obispo haga su primera visita al Seminario de Tampico, donde además de saludar al rector y a los jóvenes en formación, dará una rueda de prensa, como preámbulo al acto eleciastico formal para dar comienzo con su nueva administración.
El acto litúrgico que formaliza su nueva encomienda frente a la Diócesis de Tampico, tendrá lugar el jueves 9 de abril a las 10 de la mañana, que consiste en una celebración solemne en la catedral de Tampico, que inicia en la puerta de la iglesia donde monseñor deberá besar un crucifijo, luego se dará lectura a las cartas del Papa que nombran al nuevo obispo ante el colegio de consultores y las personas que estén presentes.
Luego un nuncio apostólico, que es el representante diplomático permanente de la Santa Sede (no del Estado Vaticano) ante un Estado o una organización internacional, lo lleva a la catedral donde se sienta, lo que simboliza la posesión oficial de la administración de la Diócesis de Tampico, para después recibir el bastón pastoral.
Además, este jueves monseñor deberá hacer un juramento donde promete fidelidad a la iglesia y al Papa, para después realizar una misa de inicio episcolpal en el Domo de Ciudad Madero a las 10:00 horas, donde se espera que asistan miles de católicos para además saludar y conocer al nuevo obispo de la ciudad, originario del municipio de Matamoros.",GOOGLE_NEWS_RSS
Reciben con fiesta y tradición a nuevo obispo en el sur de Tamaulipas - Milenio,2026-04-08 17:30,2026-04-08T17:30:00+00:00,Milenio,,https://www.milenio.com/comunidad/llega-obispo-diocesis-tampico-mons-margarito-salazar,https://news.google.com/rss/articles/CBMijwFBVV95cUxPZFZPLWdfckgzZDQ5dFpOWk5PS3VWd3AteTJpaHBfNEM0WXJJY3pGNWl5NW5Xb3p0UGtVaTU0ZGlpRTVad2JUNnFZZnIyMVh6TTZWeVZoSjlmUGp1ZzRnMVlNUTFHWUd3ejhJRlhKMjBJQ1dNLWRHQUhZbVZ4MVlfYTQwZFNrUXB5RVY3ZG1RY9IBjwFBVV95cUxPLTNVUFpPdlZST0tuVGcyYVdReTZCb0xGdU1LT2ZPZnJ1d2VwZDhXZUlkUFZ5eTQtYWVRTmVrUmo0THpucEdzSVpxUTRCU2V4QzE2NjJCTW05TW5ta1J1bnAxbTF3MDlqX1NvZkUxOFdtdXR5VzRkclJIS1BzWmI0YzF4ZkJ0a1ZkYnpjTkQ4OA?oc=5,,"La llegada de Mons. Margarito Salazar Cárdenas fue celebrada con una muestra de fe y tradición en el sur de Tamaulipas, donde fieles, danzantes y grupos parroquiales participaron en la denominada Fiesta del Nuevo Pastoral.
El recibimiento inició en la parroquia San Felipe de Jesús, ubicada en la colonia Morelos, en los límites entre Tamaulipas y Veracruz, donde se congregaron seminaristas, religiosas y fieles para dar la bienvenida al nuevo líder religioso.
Posteriormente, el monseñor abordó una embarcación que lo trasladó hacia El Faro, en un recorrido simbólico que marcó el inicio de su ministerio en la región, en medio de un ambiente de entusiasmo y comunión entre los asistentes.
Mons. Margarito Salazar Cárdenas llega para asumir su encargo como VI obispo de la Diócesis de Tampico, luego de que su nombramiento fuera confirmado por la Santa Sede como parte del proceso ordinario de sucesión episcopal en la Iglesia Católica. La designación fue realizada directamente por el Papa y anunciada desde inicios de febrero, dando paso al inicio formal de su ministerio al frente de la diócesis porteña.
Su llegada tras la vacante de medio año
Su llegada ocurre tras casi un año de que el cargo permaneciera vacante, luego de que José Armando Álvarez Cano fuera designado como arzobispo en Morelia, donde actualmente se desempeña como titular.
La recepción oficial se desarrolló con expresiones culturales y religiosas, reflejando la identidad y devoción de las comunidades que integran la Diócesis de Tampico.
Con este relevo, inicia una nueva etapa para la Iglesia católica en el sur de Tamaulipas, integrada por 124 sacerdotes y 74 parroquias distribuidas en 12 municipios, que ahora estarán bajo su guía pastoral.
ICGC",GOOGLE_NEWS_RSS
¿Qué pasa con los sacerdotes al retirarse? Así viven en la Casa Sacerdotal de Tampico - oem.com.mx,2026-04-08 16:51,2026-04-08T16:51:07+00:00,oem.com.mx,,https://oem.com.mx/elsoldetampico/local/que-pasa-con-los-sacerdotes-al-retirarse-asi-viven-en-la-casa-sacerdotal-de-tampico-29165549,https://news.google.com/rss/articles/CBMizAFBVV95cUxNS3dnZUdnak1UNjluRGVGdDdzU3Q4eTVXYlZhYklaYmtHN0hzdDFzNkhzZ2lXdnk5WklTcDR3SE5aQTE4emVFUW5UeFRrNGh3RDAwcmExdzZvY0hoRGd3bC1VUXNYcF9Dc3dqak9vSWJJc01FQk1tV3ppeHFRUzRIRkJONGxmSmFjTGsyaTJ2UjkwZUF0SWZDTDktczlaakwwTTNhaWx1M3c1MVV3Q0EtMG4tOTNHMnpLUndtSHFpOEtJZzc3WWZaczlaOTE?oc=5,,"Casa Sacerdotal brinda apoyo a seis parrocos; cuatro enfermos
Desde vivienda, atención médica y alimentos se les brinda a cada sacerdote retirado Tampico
“El trabajo es demandante, pero también muy gratificante. Con el tiempo uno se encariña con ellos, escuchas sus historias, sus experiencias como sacerdotes y aprendes mucho”, compartió.
La mayoría de los sacerdotes en retiro que viven en la Casa Sacerdotal son foráneos
El retiro es un reto: la historia del padre José Luis Cervantes
Hoy, aunque reconoce que la vida en la Casa Sacerdotal puede ser en ocasiones solitaria, también la describe como un espacio digno y tranquilo, donde recibe la atención necesaria para su bienestar.
En la colonia Jardines de Champayán, sobre la calle Jazmín, se encuentra un espacio poco conocido pero fundamental para la diócesis: la Casa Sacerdotal de Tampico, un lugar destinado al retiro y atención de sacerdotes que, tras años de servicio, enfrentan el desgaste propio de la edad o problemas de salud.
El encargado de este recinto, el padre Benjamín Alvizo Herrera, explicó que desde hace poco más de tres años asumió la responsabilidad por encomienda del entonces obispo de la diócesis, Monseñor José Armando Álvarez Cano. Su labor, señaló, se centra principalmente en garantizar condiciones dignas para sacerdotes mayores o enfermos que ya no pueden continuar al frente de una parroquia.
“El primer motivo por el que pueden llegar a la casa es por la edad. Cumpliendo 75 años por derecho canónico tienen que renunciar. Depende del párroco, depende del obispo, si siguen siendo encargados de una parroquia; algunos continúan, a otros se les toma la renuncia según sea el caso de su salud, dependiendo de su condición”, dijo.
De acuerdo con el derecho canónico, los sacerdotes deben presentar su renuncia al cumplir 75 años. Sin embargo, la decisión de continuar o no en funciones depende de su estado de salud y de la determinación del obispo. En otros casos, incluso sin alcanzar esa edad, algunos presbíteros deben retirarse debido a padecimientos que les impiden desempeñar sus actividades pastorales.
Actualmente, seis sacerdotes habitan la Casa Sacerdotal. Cuatro de ellos, José Luis Cervantes, Leopoldo Espinosa, Joel Ananís y Elías González,se encuentran en retiro por edad, mientras que José Francisco Elino y Guadalupe Niñoresiden en el lugar debido a problemas de salud, aun sin haber cumplido los 75 años.
El recinto cuenta con habitaciones, alimentación diaria, sala, comedor y cocina, así como una capilla para la oración personal. Las actividades litúrgicas comunitarias se limitan por el estado de salud.
Entre sus instalaciones se encuentran una alberca, utilizada ocasionalmente con fines terapéuticos, además de un amplio salón con capacidad para más de 100 sacerdotes, donde se realizan reuniones diocesanas.También existe un área de convivencia conocida como “La Palapa”, donde regularmente se reúnen sacerdotes para compartir momentos fraternos.
“La casa sacerdotal cuenta con todos los servicios necesarios para atender a cada uno de los padres que lo requieran, cuidándolos con las atenciones necesarias para su bienestar; la atención médica se brinda todo el día, ya que algunos requieren de más apoyo para sus cuidados”, explicó el encargado.
Uno de los aspectos más destacados es la atención médica, que se brinda las 24 horas del día. Aquellos sacerdotes que requieren cuidados especializados reciben asistencia de enfermería permanente. Tal es el caso de residentes con condiciones delicadas, quienes dependen de monitoreo constante y apoyo en sus actividades diarias.
El enfermero del lugar desde hace más de un año, Alan Gustavo Castillo Reyes, detalló que entre sus funciones se encuentran asistir en la higiene personal, alimentación, movilidad y administración de tratamientos. Algunos pacientes requieren cuidados intensivos, como terapias recurrentes y control estricto de signos vitales.
La mayoría de los sacerdotes no son originarios de Tampico, sino de estados como Jalisco o Guanajuato, sin embargo, al haber desarrollado su labor pastoral en la región, mantienen un fuerte vínculo con la comunidad, pues reciben visitas frecuentes de feligreses y grupos apostólicos que, además de compañía, aportan donaciones como alimentos y artículos de cuidado personal.
El sostenimiento de la casa corre a cargo de la diócesis, gracias a las aportaciones de la comunidad, principalmente a través del diezmo y otras actividades. Incluso, existe la posibilidad de que grupos organizados visiten el lugar, previa coordinación, para convivir con los sacerdotes y brindar apoyo.
En cuanto a su capacidad, actualmente cuenta con seis habitaciones ocupadas, aunque se encuentran en proceso de construcción tres más, con miras a ampliar el espacio a 12 habitaciones en el futuro. Esta casa es, hasta ahora, la única en su tipo en Tamaulipas.
Para quienes habitan este lugar, la transición no siempre es sencilla. Uno de los residentes, padre José Luis Cervantes, , relató que tras una vida activa en el ministerio, adaptarse a un ritmo más tranquilo y a una convivencia reducida representa un reto.
Recordó que ingresó al seminario en 1958, con una formación desde la secundaria, para posteriormente continuar con estudios de filosofía y teología en el extranjero, donde se incluye una etapa en Roma. Su trayectoria, como la de muchos otros, está marcada por décadas de servicio a la comunidad.
La Casa Sacerdotal de Tampicorepresenta así no solo un lugar de retiro, sino un acto de reconocimiento hacia quienes dedicaron su vida al servicio religioso, brindándoles cuidado, acompañamiento y dignidad en una etapa en la que más lo necesitan.",GOOGLE_NEWS_RSS
"Nuevo obispo de Tampico, con cercanía a los fieles desde las redes - Milenio",2026-04-08 16:37,2026-04-08T16:37:00+00:00,Milenio,,https://www.milenio.com/comunidad/tampico-recibe-obispo-margarito-salazar-cardenas,https://news.google.com/rss/articles/CBMiigFBVV95cUxNWGo4bGJ3ZGxJS0x6NXctd2t4dE9sUHpHcDliTTdzeDYySjE0SWRSOWtiQmY3blZZU0liczA3eEJNRS00c0ZmYVJTR09wUzFKTTlQdHBSanRxQ3VLSVVHNURnbXQ5RTNiTUpwZVBIWUcxODZxVEZpQktWaktQbE9pcW1adVJsNHVUaXfSAYoBQVVfeXFMTlJBb2J2S2FjLXRUQVpwa0F3UmR0d1FLZDNoUVU0M2M1N0taUzhKZnVSUXVvbWJ3RFFCRW9KMEtkQmVrNWppZDNJeWZQNkdtVHg3ZFlFanJVRm9FXzJmLWhaajdIM21NYlJQbnVJMjZvcWYzcjJKck5ndHY1VFRLM0ZZN1BJQjJKa2p3?oc=5,,"En las instalaciones de El Faro, en la colonia Morelos, están dando los últimos detalles para recibir a Monseñor Margarito Salazar Cárdenas, que será el próximo Obispo de Tampico, en lo que será una fiesta de la ciudadanía y el catolicismo.
A las 10 de la mañana está programada la llegada de quien será el nuevo Obispo del puerto jaibo, será en dicho acceso de Tampico que es la Tampico-Valles, ya que viene de ser Obispo de Matehuala, en San Luis Potosí.
La llegada de Monseñor Margarito será como poner la pieza faltante del rompecabezas que ha estado perdida desde hace casi un año, y la ilusión está más vigente porque “es diocesano, al surgir Diócesis de Matamoros”, aseguró el padre Javier López, responsable de la vocería de la Diócesis de Tampico.
“Como iglesia diocesana estamos muy contentos, con el corazón lleno de alegría, porque la oración que estuvimos haciendo todo este tiempo de sede vacante ha sido escuchada, el Papa León nos ha enviado a Monseñor Margarito como pastor propio”, refiere el sacerdote.
Monseñor Margarito viene desde Matamoros, así que conoce las necesidades de Tamaulipas en el tema religioso, tal y como lo comentó recientemente el Obispo de Victoria, Óscar Efraín Tamez, que ante la sede vacante en Tampico, se hizo cargo de los temas administrativos.
Una de las necesidades que tiene la Diócesis se centran en las vocaciones, por ende parte de las oraciones solicitadas por los padres en las parroquias de la región van enfocadas a eso, a que los jóvenes puedan seguir el camino de la iglesia, un mensaje enfocado a impactar a las familias.
Evangelización a través de redes sociales
En este punto, el Obispo nombrado por el Papa León XIV ha encontrado una forma de evangelización acorde con los tiempos actuales, enfocándose en las redes sociales.
Y es que, a partir de la crisis sanitaria, los sacerdotes encontraron una forma de llegar a los fieles, a las familias y a los ciudadanos, así que hubo quienes encontraron la forma de mantenerse en un mundo de digitalización.
“Sin lugar a dudas, cualquier cosa que le hemos pedido en el tema de videos, está dispuesto a utilizar estos canales que estamos obligados a tomar, porque llegan a todas las personas. Está dispuesto a hacer estas acciones, para posteriormente subirlo a las redes y llegar así a todas las personas”, aseguró.
La muestra más clara fue el mensaje que el nuevo Obispo de Tampico expuso en redes sociales, en el cual refiere que llega a partir de este miércoles como un amigo y como un pastor, ese fue el mensaje del pasado viernes en el marco de la Semana Santa 2026.
Un obispo tamaulipeco después de más de 40 años
Pero el hecho de que sea tamaulipeco motiva a los integrantes de la Diócesis de Tampico, porque de acuerdo a los datos históricos, del 13 de agosto de 1968 a 1987, Arturo Symanski, fue Obispo de la Diócesis de Tampico, quien fue originario de este puerto y de Tamaulipas.
Así que tuvieron que pasar 41 años para que un tamaulipeco pudiera llegar a ser Obispo de Tampico, ya que los antecesores eran de otros estados como Morelos, San Luis Potosí, entre otras entidades.
Al final la conclusión es “no le vamos a contar nada, conoce muy bien las necesidades de la Diócesis”, aseguró el padre Néstor Javier López.
Trayectoria de Monseñor Margarito Salazar Cárdenas
Nació el 22 de febrero de 1958 en Matamoros y fue ordenado sacerdote el 12 de junio de 1989, logrando incardinarse en la Diócesis de Matamoros. Es hijo de Ezequiel Salazar Domínguez (+) y Conrada Cárdenas Trujillo (+), siendo el sexto de once hermanos.
Se licenció en la Universidad Pontificia de México y a lo largo de su vida como religioso ha sido formador, docente, vicerrector y rector del Seminario diocesano, coordinador de la Comisión diocesana para la Pastoral Vocacional, párroco y vicario parroquial.
Fue nombrado III Obispo de la Diócesis de Matehuala el 3 de marzo de 2018 por Su Santidad el Papa Francisco y consagrado el 24 de mayo del mismo año.
El 6 de febrero de 2026 fue nombrado por el Papa León XIV como VI Obispo de la Diócesis de Tampico.
En 1978 ingresó al Seminario de Matamoros. Realizó sus estudios en la Universidad Pontificia de México de 1985 a 1988 y en 1990 obtuvo la Licenciatura en Teología Dogmática.
De 1990 a 1997 fue formador del Seminario Menor de Matamoros; de 1997 a 1998 párroco en Nuestra Señora de Guadalupe de Valle Hermoso; de 1998 a 2007 rector del Seminario Mayor de Matamoros.
Entre 2007 y 2015 fue párroco de Nuestra Señora del Refugio, Catedral de Matamoros; de 2015 a 2017 nuevamente rector del Seminario Mayor; y de 2017 a 2018 párroco de Nuestra Señora de Guadalupe de Matamoros.
El 3 de marzo de 2018 fue nombrado por el Papa Francisco como III Obispo de Matehuala, recibiendo la ordenación episcopal el 24 de mayo del mismo año.
Fue titular del Consejo Permanente de la Provincia de San Luis Potosí durante los trienios 2018-2021 y 2021-2024, además de Primer Vocal de la Conferencia del Episcopado Mexicano para el Diálogo Interreligioso y Comunión en los trienios 2021-2024 y 2024-2027.
SJHN",GOOGLE_NEWS_RSS
Alfa y Omega / El amigo verdadero - oem.com.mx,2026-04-08 16:28,2026-04-08T16:28:15+00:00,oem.com.mx,,https://oem.com.mx/elsoldetampico/analisis/alfa-y-omega-el-amigo-verdaderoel-amigo-verdadero-29375183,https://news.google.com/rss/articles/CBMiowFBVV95cUxQVmdUZmw0MTlLWkRyQldubzY3TjZjbmNTTEJJcWNSZFBBRnJlUHRCRE1KYWNRZGp4cnlSY2Rrdkh5MmtyWFJObUhSZzRuZk00LVEybEtVb2xoblJGdXVNb0R0LUtIcng0eGJfbXhqdzY0Z3JORU1WNXBmbl9xNVN0R1F4Q0YtRDFmVnJRRy1kOVBJZWhwWVh5aFRGMVczVG1FY2ow?oc=5,,"Alfa y Omega / El amigo verdadero
En la parte medular de la mañanera del lunes, el alcalde Armando Martínez habló de algunas de las actividades de su administración realizadas durante la semana pasada, destacando las concernientes a la atención de turistas en la Playa Tesoro.
De acuerdo a las estadísticas de conteo, este año durante la Semana Santa asistieron a Playa Tesoro cerca de 70 mil personas a disfrutar de las soleadas arenas y la tibieza de las aguas del mar del Golfo, en sana convivencia familiar.
Como dijiera alguna vez mi amigo Rogelio Rodríguez; las carretas de Altamira seguirán por ahí, en las dimensiones del tiempo y del espacio, fundando pueblos y escribiendo historia.",GOOGLE_NEWS_RSS
Autorretratos de hielo / Los abalorios chinos - oem.com.mx,2026-04-08 16:28,2026-04-08T16:28:15+00:00,oem.com.mx,,https://oem.com.mx/elsoldetampico/analisis/autorretratos-de-hielo-los-abalorios-chinos-29374980,https://news.google.com/rss/articles/CBMimwFBVV95cUxNazNqM1V5N2lhdDRPeHJydjFiX1Z4M3d0MjFvdHhrOFVkV1NxMmJvakZKYXE1Rk1iOE85bU5KY3lfamlMNTZLdzhHNzNoREdteHlCeTVwM3ZDWWlXczVhdndZNjlXWUY5VjFnQXdValljQzkwSklLcmFNZUhqZnB2TTJaOGRndE9oWEFHZ1N2V3ZLMk9BeTRFbnNMYw?oc=5,,"¿Te quedas fuera de la conversación? Mandamos a tu correo el mejor resumen informativo.
En el invierno boreal perduran las mangas largas, aunque en la isla de Montreal ya se intuye la nueva estación. La Semana Santa quedó atrás, con sus días de asueto y sus campanadas eclesiásticas. Y buscando buscando buscando, hace meses que el tema de Yeyé me trabaja en la curiosidad, porque nació en China y era traductora y se casó con Christian y ahora viven juntos al amparo de un amor extraordinario, extraordinario por transnacional e irrepetible por inesperado…
Christian era documentalista, y ella lo llevaba y lo traía por las ciudades chinas donde recopilaba material para sus reportajes. Por supuesto, ese no fue mi primer momento chino en el polo Norte. Para entonces ya había conocido a Anita, enfermera cantonesa del Hospital Judío a la que me bastaba regalar café y cuernitos (cachitos en Venezuela, medialunas en Argentina, cruasanes en España, cangrejitos en algunas panaderías centroamericanas) para sentir que el jeringazo quincenal me dolería menos. No se llamaba así, Anita, pero la gente de aquel país infinito nos facilita la tarea de pronunciar sus rostros al cambiarse de nombre. Por lo demás, sus pinchazos representaban un desparpajo amable en el cubículo clínico, y el día que me dieron el alta llevé flores, a ella y a las otras enfermeras de la unidad, Sheila de Jamaica y Elizabeth del Congo: con sus ojos, ahora sí, cerradísimos, Anita se sonrojó al decir que no quería verme nunca más por allí, y sonreímos.
Vuelvo a Yeyé, artista multimedia. Realiza collages de cartón piedra, inventa botargas festivas, se tutea con la fantasía de los carnavales. A menudo hemos tenido grandes conversaciones (grandes al menos para mí), cuando por fin accedo a los fundamentos del arte chino. En el dominio de la plástica, en general el creador oriental busca el mejoramiento del trazo, la perfección sobre lo ya dicho, la culminación de las armonías precedentes. Allá, el artista es un aprendiz perenne: al amparo de un maestro que lo guía durante décadas, solo hasta después de los sesenta años puede sentirse maduro para ensayar su propia obra. Y en el parque Méndez, por cierto, supe de los padres y abuelos de Samuel, dueños de La Famosa en Ciudad Madero; pequineses de pura cepa, quizás era verdad lo que él nos decía en tonos de guasa, que en su casa comían perro un día sí y mañana también, y la chacota era inmensa en aquellas tardes adolescentes, entre sazones con pedigrí y platillos que ladraban de gusto.
Prosigo con este rosario de cuentas orientales. En la escuela secundaria tuve grandes amigas, como Lorena y su hermana Yolanda, y también el menor de la familia, el buen Benito. Diríase que, para los hijos del parque Méndez, llegar a las aulas jesuitas significaba realizar viajes al mar de China. Fui casi un hermano de los ojos amables de Lorena y de las contagiosas carcajadas de Yolanda, y sus apellidos me parecían magias aglutinantes, Pangtay, ¿cómo decirlo?, Chang, una especie de bullicio monosilábico. Las tardes de tareas escolares yo entraba en esa casota como quien se acerca a un mundo extraño; su padre, don Benito, era un hombre bueno que gustaba del tiro con arco y de las bromas amables; a su madre, la señora Yolanda, falleció hace unas semanas, qué tristeza, la recuerdo mexicanísima de sonrisas (lo cual, si se piensa bien, habla de la ubicuidad de las felicidades humanas).
Prosigo en esta misma vena. Alguna vez les escuché a los Pangtay la historia de sus abuelos zarpando en el mismo navío, sin conocerse. Desde Shanghái o Hong Kong, buscaban mundos nuevos lejos de las hambrunas de Oriente, supuse. Al llegar a Tampico, cada uno hizo su vida, y, bella coincidencia, un hijo y una hija de aquellos decimonónicos pasajeros, entiéndase don Benito y doña Yolanda, se conocieron y se enamoraron en el Golfo de México. Pero, regreso a Yeyé, quien también me ha explicado que en un país de mil cuatrocientos millones de habitantes el artista es fundamental. Como es sabido, en dicha nación rigen profundísimos valores sociales: prima el interés común sobre ese porcentaje mínimo de individualidad que pervive en la persona. A pesar de todo, o acaso debido a dicha circunstancia, en una sociedad que casi triplica la población transhispánica, el creador debe correr el riesgo de proponer destinos insólitos, de imaginar obras donde lo colectivo reinvente las pulsiones más íntimas del ser humano, de transformar lo compartido en un exabrupto de intrinsiquezas (primera vez que uso esta palabra, y aún no me arrepiento).
Y porque debo seguir ensartando abalorios de momentos chinos, abro este párrafo con gesto sombrío. La semana pasada, en su chiringuito de la rue Berri, en mi viejo barrio, perdió la vida don Chong. Un acto de violencia, y hubo tristeza en la ciudad nórdica, y durante varias noches seguidas los vecinos se congregaron en esa esquina, armados de veladoras, portando caras largas, entrelazando sus bufandas. Me gustaba agradecerle en mandarín, shie-shie o algo así, y don Chong me corregía, y en los maceteros de la primavera inminente se han dejado cartas, mensajes, listones y ramilletes dirigidos a su viuda. Ironías aparte, la miscelánea de la tragedia se llama Flor Azul (Fleur bleu, en el francés del neón), y hay ya muchísimas flores frente a las vitrinas del nombre que las refleja.
De hecho, fue al pasar por allí cuando empecé a redactar en la mente algo de Anita y Samuel, de los Pangtay y don Chong, de Christian y Yeyé. El arte es el aliento que nos permite estar en mil pasaportes y en todas las lenguas de la tristeza. Es un idioma tan preciso como subjetivo, suele decir ella, y tiempos hubo en que hacer arte era hablar de ciencia, cuando descifrar las leyes del universo significaba también resolver las matemáticas del alma…, pero se acaba el miércoles en el teclado de la urbe cosmopolita, y hasta pronto allá en Tampico.",GOOGLE_NEWS_RSS
IMSS Tamaulipas refuerza plantilla médica con 300 nuevos médicos y especialistas - Milenio,2026-04-08 15:40,2026-04-08T15:40:00+00:00,Milenio,,https://www.milenio.com/estados/imss-tamaulipas-contrata-300-medicos-2026-refuerza-atencion,https://news.google.com/rss/articles/CBMilgFBVV95cUxNMXlRT1BjOEdJWnAyZEtGNTFveHZvM0drRTdWX001UHRBR0pDdFFtOHZQaHZiZ244Y2R1ekZwY3ZMU05LNnlhcVBFQlFJdDFYSnNuNzBkUmN2aE9xOXVhRERNRi0xcjd4Qmh5Rk9PQkhhQnR2bXNuaHZ2YldfVzJqVXAtS2h4YmctZWdTc01CcUtaeC1sSVHSAZYBQVVfeXFMUF8tbXlGUWNIdkZNV2VraTVzNlZ5OGtUS09MLTdDNkk2RUZtN1hQRHNLMVVXTmVlMlhReVFzbE80eHZ3NUtqbEtrMkR1clVNNVNsVmhOMWVIUFFHVXZXYUhTUDI4LUFfTlEyNlZmbGN4M09CNzVkLWd0N3dEdmlubGc4dkh3VTlUZWtFVUVFTHdBbDZqX1J3?oc=5,,"Durante el presente año el Instituto Mexicano del Seguro Social (IMSS) contrató casi 300 nuevos médicos repartidos en diferentes clínicas y hospitales pertenecientes a la Delegación Tamaulipas, entre medicina familiar y especialistas, enfocando su principal cobertura en Reynosa.
Dentro de la sesión ordinaria del Consejo Consultivo Delegacional encabezado por el titular José Luis Aranza Aguilar, participando representantes del sector privado y obrero de la entidad, el número supera las plazas cubiertas durante el pasado 2025, cuando la captura fue de 240 galenos. De esta forma, se ampliará la capacidad de atención en sus centros de salud.
Rodolfo Ramos Pérez, jefe de Servicios de Desarrollo de Personal, detalló algunos de los objetivos alcanzados durante el último mes, exponiendo las vacantes cubiertas tras el ejercicio de reclutamiento.
Reynosa concentra mayor número de especialistas
A Reynosa se destinó una sexta parte del total, es decir, 50 elementos que van desde cardiólogos, cirujanos, urólogos, traumatólogos, radiólogos y otras áreas.
En el caso de Nuevo Laredo se indicó que se contemplaron 29 puestos, teniendo como principal necesidad el área de medicina familiar. Para Matamoros y Tampico fueron designados a cada uno 15 doctores, destacando oftalmólogos, cirugía reconstructiva, además de incrementar el número en urgencias.
IMSS-Bienestar amplía cobertura en municipios
Dentro del programa IMSS-Bienestar e implementándose en municipios como Soto La Marina, Tula, San Carlos e Hidalgo, hay en funciones 19 lugares disponibles, mientras en un menor número la referida cobertura alcanzó a El Mante y la capital Ciudad Victoria.
Al respecto, Ismael García Almanza, representante de la Confederación de Cámaras Nacionales de Comercio (Concanaco), indicó tras la asamblea que se busca aminorar la carga de trabajo tanto en hospitales generales como en las unidades de medicina familiar, al exponerse que la mayoría están prácticamente al 100 por ciento.
También estuvo como representantes de la iniciativa privada Pablo Haro Panduro por parte de la Concamin, así como Luis Uber Terán Trujillo de la CROC.
SJHN",GOOGLE_NEWS_RSS
Catedral de Tampico necesita 40 mdp para lograr su restauración - Milenio,2026-04-08 14:19,2026-04-08T14:19:28+00:00,Milenio,,https://www.milenio.com/comunidad/catedral-tampico-necesita-40-mdp-lograr-restauracion,https://news.google.com/rss/articles/CBMijwFBVV95cUxPLVNzcWtVUGc4RmhhLXlXRkY0Qmk3UjZUeFE1b0lYdFZDSUJ6dTlZdnhtSVZFaEstYUdQRkRra0dwaldIWTFTaFpjeTNnMUgxYzNDRGs1T3ZvRWhGMnNfWUtSM1BnblJtSGFrVVExQU1ibmNBMl9WamlrNDZIellWQTBCX0l4SHV0X3Rid3M5Z9IBjwFBVV95cUxPbVNGb2p6Z2VnREpQelp3VE1uYk01S0g4UUt5UDVUX2xOTW5uTGFkRU04QV9QcHlwellGY01WRzFtV1dGVmF4bjl6clhINGY2TXY1dkJFaklyMFRBWDNfSW93WC04cUJST0hES0RXZE5LZGxMVkxvVTI2cWx3TmpWLVpkaUFBNmpValVXZWtNMA?oc=5,,"El obispo Margarito Salazar Cárdenas llegará a la Diócesis en un momento en el cual la Diócesis de Tampico y el Patronato Pro Restauración de la Catedral, están buscando recursos a través de una colecta que comenzó a finales del mes de enero.
Elvia Holguera Altamirano, presidenta del Patronato, indicó que será trascendental la llegada del obispo y líder de la iglesia católica en la zona sur, porque la Catedral, es el icono de la Diócesis porteña.
Pero además, es uno de los referentes turísticos porteños. “Es muy importante porque en primer lugar estuvo vacante el puesto de obispo y lo que se requiere es tener al pastor, al líder de la Diócesis. Estoy deseosa personalmente, así como los integrantes del Patronato, de que él sepa lo que hemos hecho hasta hoy, así que estoy segura de que nos acogerá como el obispo de la Diócesis”, declaró la presidenta del Patronato.
La llegada del nuevo pastor del catolicismo en Tampico, se genera en el momento en el cual se está buscando aumentar el apoyo de la ciudadanía, de los empresarios, porque la meta a largo plazo es que se puedan juntar más de $40 millones.
La Catedral de Tampico es un símbolo de la ciudad, es artístico, histórico y requiere un cuidado especial, así que primero se están llevando a cabo acciones enfocadas a mantener el patrimonio, para después llevar a cabo la restauración.
“El mantenimiento y conservación del inmueble es, primero que nada, los trabajos de limpieza de los muros exteriores de la Catedral sin incluir la fachada, la cual es de cantera y esos son trabajos más especializados”, indicó la presidenta del Patronato.
Explicó Holguera Altamirano que “se están construyendo las bases donde estarán los equipos de aire acondicionado porque se requieren 120 toneladas, que en una ciudad como Tampico donde hace calor, es importante que la ciudad tenga este beneficio, además de que se va a impermeabilizar”.
Pero hay obras que se van a llevar a cabo en las siguientes semanas en lo que tiene que ver con la Catedral, que son una respuesta inmediata del Patronato. Una de las acciones que están enfocadas a recaudar es un concierto que se espera llevarse a cabo en el Espacio Cultural Metropolitano, que se va a llevar a cabo el próximo jueves 9 de abril, a partir de las 8 de la noche.
Se tiene previsto el concierto en homenaje a José José que será en beneficio de la Catedral de Tampico, en el cual va a participar su hijo José Joel, además de una serie de artistas. Porque al final ha mencionado que José José tiene una relación muy cercana con Tampico.
yc",GOOGLE_NEWS_RSS
Prestadores de servicios turísticos en Tamaulipas trabajan sin seguro - Milenio,2026-04-08 13:51,2026-04-08T13:51:04+00:00,Milenio,,https://www.milenio.com/comunidad/prestadores-de-servicios-turisticos-en-tamaulipas-trabajan-sin-seguro,https://news.google.com/rss/articles/CBMipgFBVV95cUxQQ19WUGFCQ3Ziby02MXJSTGd0eVppMndHRl9uek5CNGxuSElmZ056eDZMY0doT1BkN0xEcHRkOGtqelUxUzNRdFk1V1Rxd1poYlZDSHo3SzZJbXFoVUVhSnpjX01OSllFbTBtNG90eUNnUlc1SlVxajdiYUl1UEdhM1BGT3U0cVhZTjhGOUNMTXZlU0h4WGE0Wm1VcWtxV29fQ1JoRlBn0gGmAUFVX3lxTE1hNC1GNzhlY3JFWU96WTVDdVQySXljNVNETHREU3VnWXNXMDI2NzA4WVBDc2VQYS1uRGVZMjg4a1VfUVUxemRWOUlQXzBtT3gyd2xEYjJyY2FjNk1VOTR3SzE1YWNIYnpWbXZ4a20tVW9tTGw1WEU2eU9KTE9zRXZnbWZMcnA5cWpYZE5DakkydzVzWEYzUkxsMVR1NXFCNVFqOE1RWlE?oc=5,,"En los principales centros turísticos de Tamaulipas, un buen número de prestadores de servicios recreativos, especialmente aquellos que ofrecen actividades en el mar, ríos, presas o lagunas, operan sin contar con un seguro de responsabilidad civil o cobertura médica para atender posibles accidentes de sus clientes. Así lo reconoció el secretario de Turismo del estado, Benjamín Hernández Rodríguez.
El funcionario detalló que actividades como paseos en lancha, recorridos en “banana”, paracaídas acuático (parasailing), moto acuática, renta de cuatrimotos y otros vehículos recreativos carecen, en muchos casos, de la regulación y supervisión necesaria, lo que deja a los turistas expuestos a riesgos sin respaldo económico en caso de un percance.
“Si uno de los turistas sufre un accidente durante sus vacaciones, existe el riesgo que tengan que cubrir ellos mismos los tratamientos médicos, pues no hay una regulación que los obligue a contar con un seguro de daños. Ellos deben de contar con seguro en caso de que alguna persona sufra algún accidente”.
Hernández Rodríguez deslindó a la Secretaría de Turismo estatal de la supervisión directa de estas actividades, ya que son los ayuntamientos principalmente los que tienen que ver esta situación, ya que la prestación de estos servicios corresponde al ordenamiento municipal. “Los municipios son los que se encargan del ordenamiento en estos temas”, afirmó.
Aunque existe un padrón estatal de prestadores certificados, aún operan muchos otros sin cumplir con estándares mínimos de seguridad, incluyendo la contratación de seguros.
A pesar de las limitaciones, la dependencia estatal impulsa activamente la profesionalización del sector mediante cursos y certificaciones dirigidas a prestadores de servicios turísticos. El objetivo es elevar la calidad, la seguridad y la competitividad de los destinos tamaulipecos.
“Nosotros tenemos cursos y certificaciones que hemos dado para los prestadores de servicios turísticos; nosotros tenemos identificados cuáles son los que cuentan con todas las herramientas para poder dar una experiencia segura y queremos abarcar más, entonces estamos trabajando en eso”, señaló el secretario.
Entre las capacitaciones destacan temas como manejo de alimentos, primeros auxilios, reanimación cardiopulmonar (RCP), atención al cliente y normativas de seguridad.
Riesgos para el turista Esta situación es especialmente relevante en temporada vacacional, como Semana Santa o verano, cuando aumenta considerablemente la demanda de actividades acuáticas y recreativas en playas como Miramar (Tampico-Madero), Bagdad (Matamoros), La Pesca (Soto la Marina) y Barra del Tordo (Aldama), entre otras.
Ante este panorama, las autoridades sugieren a los turistas preguntar explícitamente si el prestador cuenta con seguro de responsabilidad civil y cobertura médica, verificar que el operador tenga certificaciones visibles o credenciales, así como elegir prestadores registrados y recomendados por la Secretaría de Turismo.
Aunque Tamaulipas ha registrado cifras históricas de visitantes y derrama económica en los últimos años, este vacío en la regulación de servicios recreativos representa un riesgo latente que las autoridades estatales buscan mitigar a través de la capacitación, mientras urgen a los municipios a fortalecer la supervisión y el ordenamiento local.
yc",GOOGLE_NEWS_RSS
Ingresan 12 mdp a las arcas municipales por proyectos de vivienda en Tampico - Milenio,2026-04-08 12:48,2026-04-08T12:48:00+00:00,Milenio,,https://www.milenio.com/negocios/tampico-registra-aumento-18-permisos-construccion,https://news.google.com/rss/articles/CBMiigFBVV95cUxQeU9KMWI5RW1kSFN1YlpLLXBrR3Q5NmhNVWU5T0YxYWNUSUpSVUFRZEkzRjA0Sk90TkFPX0xnbGxELTFXbk9UR0duSV8yejdVZ3B2bG1vQU9WeFR4cW9BS3ljR2RLWUJIcnJBd1JKOUY2aEhUQ2huRHMtbU1tZVhwd3ROTTlXVTlfQ1HSAYoBQVVfeXFMTi1oUXJMbllTd3B0UU9jbVctd2MwZW5VVWtOWWZjcDlZb3czdDJ4V0lWRFFFRHNtdU5KX1B5U1I3Sjh4NUl5bW81eTF3M0w1OXRNclpqejY5T01NbF9PZ2N4UjRMRl80MElkMEEyUE92X1Y4eWpyWlQ4d3lya2FSRHFiWnVSajV1V2hn?oc=5,,"Por permisos de construcción en Tampico ingresaron $12 millones de pesos en un año, lo que representa un aumento del 18% en comparación del periodo anterior, confirmó la Secretaría de Obras Públicas y Desarrollo Urbano.
Rogelio Ontiveros Arredondo, secretario de Obras Públicas en la ciudad, detalló que es una inercia que se ha notado en este momento en toda la ciudad, pero hay cierto movimiento en las colonias que están cercanas al centro de Tampico.
“Tenemos un promedio de ingreso por ese tipo de permisos y de números oficiales, fusiones, etcétera, de aproximadamente, en promedio, entre $800 y $1 millón mensuales. Con eso te doy una idea de que al año recauda Desarrollo Urbano arriba de $12 millones de pesos, de puros permisos y licencias”, afirmó el funcionario.
Colonias cercanas al centro registran mayor actividad
MILENIO Tamaulipas realizó un recorrido por la colonia del Pueblo, una de las más antiguas de la ciudad, que comparte cercanía con la laguna del Carpintero y el Centro de Tampico. En dicha zona, en cada esquina hay nuevas casas, incluso con letreros de “En venta”.
Precisamente en este momento, hay construcciones en proceso sobre la calle Canseco y también son nuevas viviendas, una zona que han elegido los empresarios dedicados al ramo inmobiliario.
Crecimiento del 18% en 2025 impulsa desarrollo urbano
La información oficial de Desarrollo Urbano de Tampico, destacó Ontiveros Arredondo, fue que en 2025 el incremento en lo que se refiere a los permisos de construcción fue del 18%, lo cual tiene que ver con las opciones de desarrollo existentes.
El funcionario aseguró que la inercia se mantiene en propiedades que son perimetrales al centro de la ciudad, en las colonias, lo cual tiene que ver con la necesidad de vivienda existente en dicho punto de la ciudad.
Primer trimestre de 2026 mantiene tendencia positiva
Pero la inercia positiva la tienen en este primeros meses del 2026, explicó la autoridad, “ya que ahorita llevamos 12% arriba en estos primeros meses, en este primer trimestre con respecto al trimestre del año anterior”.
Ante el cuestionamiento de que en la cercanía de lo que es el centro de Tampico, colonias muy populares y antiguas de la ciudad, están teniendo como un interés especial, la autoridad recalcó que en verdad está ocurriendo.
Interés inmobiliario crece en zonas históricas
“En general toda la ciudad tiene un crecimiento constante, hemos tenido números positivos en lo que va del año con respecto al año anterior y en cuanto a licencias de construcción tramitadas, números oficiales, alineamientos, entre todo lo que llevamos en Desarrollo Urbano”, insistió.
En este momento en Tampico hay pocas reservas territoriales, así que en las colonias cercanas al centro, en las más antiguas, hay inmuebles que no tienen ese valor histórico que regula el INAH, así que deciden comprar para demoler y hacer nuevos edificios.
“Hay muchos desarrolladores que están interesados en el primer casco de la ciudad y el segundo casco histórico”, puntualizó la autoridad porteña, porque lo mismo ocurre en el segundo cuadro de la ciudad, que corresponde se la calle César López de Lara hacia la avenida Monterrey.
SJHN",GOOGLE_NEWS_RSS
La Grilla - Milenio,2026-04-08 10:39,2026-04-08T10:39:04+00:00,Milenio,,https://www.milenio.com/opinion/editoriales/se-dice-en-la-grilla-tamaulipas/la-grilla_1123,https://news.google.com/rss/articles/CBMilAFBVV95cUxOSXo5RGt2V2MzbnE1VGJPMXhyeTduWFZVSFR6MXM1d0ZUalExeDZ6cVZCRWFxZ1M1QnBxaFdPSlRkdURvd1JiZjR0aGFDU3dVZVZfQUtPd0pQaEhEcVFXN1V4TUtSN1kwekYtdHlqQzJhMHdvRlFLR2EtckZxaDFocEFUYmZDZF9jV2YxSXFJWVBkeHBD0gGUAUFVX3lxTE5jbVkzN2ZKc1NiN2ExMmlYRnMtMUwyR3NtbFNnZ1hzeV9jZmlWU2pndWVDbWd6SkhIcnR2NnZ5c01sZGNUV2cwWnFCM2FSTHN4WUpnV01fMUFDZTRTNnJjY3RKOXZhZWlYNGR3QU1iVnRJVFBaWmxMV2tnZ3VUWmhxNVZaUWlJMS1mVUdfQ1lFYjJBek8?oc=5,,"Que el secretario de Recursos Hidráulicos de Tamaulipas, Raúl Quiroga Álvarez, se reunió con Jaime Gudiño Zárate, responsable de la Conagua en la entidad, con el objetivo de buscar soluciones a las problemáticas del estado, desde el robo de agua hasta la necesidad de garantizar el recurso mediante obras.
Que el caso Yarrington volvió a exhibir las tensiones estructurales entre el combate al lavado de dinero y las garantías procesales en México; la orden de desbloquear sus cuentas evidenció una debilidad en la solidez jurídica de los aseguramientos financieros cuando no están suficientemente sustentados o coordinados con procesos penales firmes.
Que los alcaldes de Tampico, Mónica Villarreal; de Ciudad Madero, Erasmo González; y de Altamira, Armando González, recibirán este miércoles al obispo Margarito Salazar Cárdenas, a su llegada al sur de Tamaulipas procedente de San Luis Potosí.
Que el PAN de Tampico ya fue notificado sobre el inicio del proceso de renovación de la dirigencia estatal y, a su vez, está informando a su militancia.
El albiazul porteño anunció que en las próximas horas sesionará para emitir el posicionamiento institucional correspondiente; es decir, deberá definir si opta por una elección mediante voto abierto o por delegados.
Que, aun con lo anterior, Francisco Garza de Coss acudió al Tribunal Electoral Federal e impugnó la resolución firmada por la secretaria general, Karen González. Trascendió entre los militantes azules que la acción del secretario de Organización no fue por voluntad propia, sino por exigencia del grupo cabecista, como una señal de resistencia a soltar el control del partido.
Que Rogelio Ontiveros, secretario de Obras Públicas en Tampico, se mantiene al pendiente de las gestiones para atraer recursos federales desde diversas dependencias. En primera instancia, busca acceder a mayor apoyo de Pemex y, posteriormente, obtener financiamiento para poner en marcha obras y proyectos pendientes.
Que los productores tamaulipecos esperan que las reuniones de los días 9 y 10 de abril en la Ciudad de México, en las que se busca un resolutivo a las demandas del campo, cumplan sus expectativas; mientras tanto, detendrán sus protestas tras dos días de movilizaciones.",GOOGLE_NEWS_RSS
"Don José destaca en Tampico por su altruismo; da alimentos a personas en situación de calle: ""nos da café a lo - Milenio",2026-04-08 07:45,2026-04-08T07:45:00+00:00,Milenio,,https://www.milenio.com/comunidad/cafe-gratis-tampico-ayuda-personas-vulnerables,https://news.google.com/rss/articles/CBMihwFBVV95cUxOZmtlNDdsdndfeXk2eE5ON3Zqd0hvbXliOW9mcDdqZ1VlSG1NbVdJWE5wUHg0VVhQYmlwRW15dHNKQzhVSDk0eG4xcjZYdmtjTm9RRU5MQWotRzhqMGhwSzhSQ19JN0ZGQlVHd01sWjJGdUkwTm52Y3VodjRyc0VCcndXOVZxdWPSAYcBQVVfeXFMTmxTZmhPOUFCcGVpa0ltbjNNVjRFZXlUSTZDN09qVVBXQ2ZYRWJJMER1bE52dldwdDlfalVfeWtsSzZuYmlGb3NQV3kwZ01sYlBvdWtIUzlqTnlfd283Tl9IWmI0RUtodlNRN2FCeFl1WC0tRnl6OFdHbXRMcjlTeGNmU2U4T0NN?oc=5,,"Cada mañana, antes de iniciar las labores de empaquetado y venta, los empleados de una empresa cafetalera del sur de Tamaulipas se preparan para ofrecer una taza de café y galletas a personas en situación de calle; una labor en equipo que los ha hermanado como una familia.
La empresa, con más de cien años instalada en Tampico, realiza esta labor social desde hace tiempo. A diario, más de 70 personas acuden por su taza de café y un puño de galletas; para algunos, es el único alimento que reciben en todo el día.
José Lepe Casanova, quien está al frente del negocio establecido por su padre en 1921, afirma que esta actividad inició hace varios años debido a que hay gente muy necesitada en la ciudad y tanto a él como a su personal les nace hacerlo.
“Aquí vienen muchas personas, entre ellos indigentes y gente muy necesitada, muy pobre. Lo hacemos porque ellos tienen carencias y uno quiere actuar de buena fe”, dice José Lepe.
Rutina solidaria cada mañana
Antes de iniciar con sus labores, de lunes a sábado, los trabajadores de Café Imperio colocan el grano en la procesadora de tostado para después llevarlo al molino; de ahí pasa directo a las cafeteras, donde el exquisito aroma avisa que la popular bebida está por salir.
Mientras unos cuidan las cafeteras, otros empleados toman la bolsa de gran tamaño que contiene las tradicionales galletas de animalitos —esas que miles de mexicanos han consumido desde pequeños— y, sobre servilletas, reparten puñitos para la visita que está por llegar.
“Lo hacemos con mucho gusto. Aquí llegan más de 70 personas, entre ellos indigentes, para tomar su café. Hacemos una cantidad suficiente para que alcance para todos; es agradable saber que, por lo menos, empiezan su día tomando un cafecito y unas galletas. Ellos llegan desde las 7 de la mañana, se saca el café a las 7:30 y ahí platican sus cosas y sus planes; es media hora en la que interactúan”.
Tal y como lo describe “don Pepe”, como cariñosamente le llaman sus empleados, cerca de las 07:30 horas la acera de la calle Esperanza, de la zona centro de Tampico, cerca de la famosa laguna del Carpintero, muestra la presencia de las personas, en su mayoría adultos mayores, quienes hacen fila para tomar el primer alimento del día.
“Compramos un paquete de galletas de animalitos y, sobre una servilleta, servimos una ración para ellos. Se lo toman a gusto y ya se van. Esta es una buena acción que empezamos a hacer y seguiremos haciendo; no se nos quita nada”, afirma Lepe Casanova.
Son más de 30 personas las que llegan al lugar: algunos con sus vasos listos para recibir la donación y otros pidiendo su vaso de unicel. Algunos lo toman negro, sin azúcar; otros le ponen leche.
Al primer sorbo, se observan en el rostro de los beneficiados las expresiones que genera el tradicional sabor. Ahí es donde inicia la “carga de pila”, como se dice en el argot mexicano.
Una vez servido el cafecito, empieza la charla entre ellos, algunos de pie y otros sentados sobre la banqueta. Es media hora en la que, mientras consumen la bebida, se produce una reunión amena en la que olvidan los problemas e incluso proyectan planes para el día, como los trabajadores que limpian las áreas verdes del parque de la laguna del Carpintero, quienes coordinan su rol de trabajo.
Beneficios de tomar café
Consumir café con moderación aporta diversos beneficios. Mejora la alerta y la concentración, y posee antioxidantes. Incluso, los expertos afirman que ayuda al corazón al reducir el riesgo de enfermedades cardíacas y accidentes cerebrovasculares.
Además, algunos estudios sugieren que puede mejorar la función física y reducir el riesgo de ciertas enfermedades neurodegenerativas.
En el caso de las personas vulnerables, ofrecer un café es abrir una puerta hacia una vida mejor a través de dispositivos de atención integral. Es dar un trato digno, escuchar su historia de vida y fomentar la inclusión social, permitiéndoles experimentar los compromisos de vivir en sociedad. Todo esto puede ayudar a cambiar su destino.
La gratitud de Ernesto y Octavio
Hace frío en el puerto. Muchas personas disfrutan de la comodidad de su hogar para mitigarlo, pero otras están en la calle y buscan el sustento diario, como Ernesto. Él es uno de los muchos habitantes de calle en Tampico que, junto a su mascota Pirata, acude todos los días a tomar la bebida.
“Tengo años viniendo aquí. El señor José Lepe es muy buena persona, nos da café a todos los que estamos necesitados”.
Una taza de café le cae bien al hombre de 63 años, pero también las galletas, sobre todo cuando el frío se combina con la humedad de la zona y cala hasta los huesos.
Ataviado con sombrero de tela, chamarra afelpada y pantalón de vestir, Ernesto termina su bebida y, mientras fuma un cigarro, comenta: “Aquí no discriminan a nadie, hay café para todos”.
Don Octavio Ontiveros es otro de los personajes que acuden diariamente. Cerca de las 07:30 horas llega pedaleando su bicicleta al sitio de reunión; ahí conoció a muchos amigos que, al igual que él, saborean el café.
Tras bajar de su bicicleta y estacionarla en el patio del negocio, hace fila y espera su turno. El frío lo obligó a usar un gorro de estambre y la bebida caliente le dio la energía para iniciar el día.
“Yo también llevo viniendo muchos años; supe de este lugar gracias a mis amigos. Hoy llegué al cuarto para las ocho y ya estaban varios. Vengo en mi bicicleta porque me ayuda a hacer ejercicio; la uso todos los días, llueva, truene o relampaguee, porque el médico me lo recomendó. El cafecito lo tengo prohibido, pero me gusta mucho y no puedo dejarlo”.
A don Octavio le agradan las entrevistas; dice que son buenas para que la gente se entere de las necesidades de los demás. “Qué bueno que haya este tipo de entrevistas, es una ayuda para nosotros. Tengo dos años viniendo, pero también hay que comentar que hay más gente que nos ayuda; hay varios comedores particulares. Ya cambiaron los tiempos”.
Un legado que trasciende
Un café y un pan ayudan a iniciar la jornada de la mejor manera. Así como Octavio, que tras terminar su bebida sube a su bicicleta para seguir “pedaleando” por la vida, gracias a la generosidad de la familia Lepe, que ha construido un legado de servicio que trasciende.
Un siglo de café solidario donde la verdadera grandeza no solo está en el sabor, sino en la labor altruista que une a las personas y las hace sentir especiales.",GOOGLE_NEWS_RSS
¿Buscas chamba? Tamaulipas ofrece sueldos de 17 mil pesos mensuales para nuevos custodios - oem.com.mx,2026-04-08 02:36,2026-04-08T02:36:17+00:00,oem.com.mx,,https://oem.com.mx/elsoldetampico/local/buscas-chamba-tamaulipas-ofrece-sueldos-de-17-mil-pesos-mensuales-para-nuevos-custodios-29372296,https://news.google.com/rss/articles/CBMi0gFBVV95cUxNYXIzdUNwdDhaMGhzWHU5YkxCaVhCd0hGT1QyY0FkNEh1b0l1eEJMZFp4MEp3cDVOTDNaMnNGZ1lPc09PaUc1U0xqNFF1ZDFUcl9JTHlnMlFSSEhid0taVGZkdXFXQ09fOXdHOHpJcjlaLWtoWnB1LTdxNE0wSFA3bWRQSldGMDBqcXBSbGg0RGZjajJfNG1DcElDaXRGcW5ZUWlDMVF0a2pqRFExMWpld1ltbXgyejc2a2lSaldHRWlkMlNDYU5GYlc2WHZYYkNTQkE?oc=5,,"¿Buscas chamba? Tamaulipas ofrece sueldos de 17 mil pesos mensuales para nuevos custodios
La Secretaría de Seguridad Pública de Tamaulipas mantiene abierta la convocatoria para integrarse, con prestaciones y sueldo competitivo
Antonio Campos
“Se trata de que estamos en el reclutamiento para jóvenes de 18 a 40 años, somos seguridad penitenciaria por parte de la Secretaría de Seguridad Pública del Estado de Tamaulipas”, explicó.
Requisitos y beneficios económicos
Los aspirantes deben contar con estudios mínimos de preparatoria, cumplir con el rango de edad y no tener tatuajes visibles en zonas como cara, cuello o nuca.
Quienes logren ingresar como cadetes y posteriormente como elementos activos podrán acceder a:
Oportunidad laboral en el sector de seguridad
Explicó que, una vez concluida la capacitación inicial, los nuevos elementos pueden ser asignados a los centros penitenciarios ubicados en Nuevo Laredo, Reynosa, Matamoros, Ciudad Victoria y Altamira, dependiendo de las necesidades del sistema estatal.
La invitación permanece abierta para quienes busquen estabilidad laboral, ya que la meta actual de la corporación es cubrir cerca de 100 plazas para fortalecer los cuerpos de vigilancia y custodia en la entidad.",GOOGLE_NEWS_RSS
Gaby Spanic y Sabine Moussier en Tampico: “Brujas” confirma dos funciones para este 15 de abril - oem.com.mx,2026-04-08 02:05,2026-04-08T02:05:27+00:00,oem.com.mx,,https://oem.com.mx/elsoldetampico/gossip/gaby-spanic-y-sabine-moussier-en-tampico-brujas-confirma-dos-funciones-para-este-15-de-abril-29374704,https://news.google.com/rss/articles/CBMi2gFBVV95cUxNQnEtNUtpeGY0S2ViZzZtLUdUd2NTMVZ5dmVSRG1hV2NuYktIcTlCLTdha3YwWGlDXzVLOGo2RzAwcUJKRTFiYV9tQ0ozYkdfeXhqUndCRUV3WnFodWRmUGFhQVMtekl0RW5EdjFFclJXVlJqbEZYYmVUdkJHQ0ZnRlI3RkdNNjJ3bTY4YURwUzU2YlRZWm5ONmhHRHYybWlKNkdwaFRIRjhYVGNIX1FxRHhocV9DV2xEbnJ5ZW1hYlRFMzRFQUFnUXd6UGM4TDRUTDJsVHhpZFNCQQ?oc=5,,"Gaby Spanic y Sabine Moussier en Tampico: “Brujas” confirma dos funciones para este 15 de abril
La puesta en escena llegaría a la ciudad el pasado 25 de febrero; sin embargo hoy ya tiene nueva fecha y aún puedes comprar boletos
Carmen Jiménez
Nueva fecha de “Brujas” en Tampico
Elenco de primer nivel, ¿quiénes lo integran?
Boletos y localidades disponibles: checa dónde conseguirlos
Se han habilitado cinco tipos de localidades, que incluyen zonas como Diamante, Oro, Palcos y Plata, con opciones para todos los presupuestos.
La nueva fecha de “Brujas (Entre mujeres)” promete una noche llena de risas, emociones y sorpresas, ideal para quienes buscan disfrutar de una historia profunda sobre la amistad y los secretos del pasado.",GOOGLE_NEWS_RSS
Guerra de precios en Tampico: te decimos dónde comprar más baratas frutas como manzana y piña - oem.com.mx,2026-04-08 01:20,2026-04-08T01:20:35+00:00,oem.com.mx,,https://oem.com.mx/elsoldetampico/finanzas/guerra-de-precios-en-tampico-te-decimos-donde-comprar-mas-baratas-frutas-como-manzana-y-pina-29375159,https://news.google.com/rss/articles/CBMi3AFBVV95cUxOeVZPTGdzTDFhNmZyR1YybjVuYXc5R08tc01sS3p2TUxDX21Eel9ZVElISG5hMWs2LUkyLWtRTVQ4RzRrMEp2MDRTMk5YOUNYd3dtM1NQbTBsNWh2VW40RmZLQnBKUUt0UkppTTR6N2FuaTBGR2lZRzc5QlRDbGtVcUdFdU50NkR0N1pVbGNYNUlsRWk2X2tTdnJrNzdFV2x3UXFBWGd5bHVTN3QyUWVUVk5GeVJWRjZQM216NFFOVlItUHBqSzgzSUtxR0xFNFFYX0ZvcXFQWVpXT0RJ?oc=5,,"Guerra de precios en Tampico: te decimos dónde comprar más baratas frutas como manzana y piña
El plátano Tabasco se desplomó un 31% porque el clima lo puso “atípico” por fuera, ¡pero por dentro sigue perfecto para el licuado!
María Macías
También se puede usar para acompañar el yogur griego, la piña para una bebida refrescante y el mango con chamoy para los niños en estas vacaciones.
La compra de estas frutas en Tampico puede resultar en un ahorro si se sabe comparar precios. Nos dimos a la tarea de visitar los mercados de Tampico y también la tienda de autoservicio para saber dónde estará a mejor costo.
Sorprendentemente, hay una diferencia notable de precios: unas más baratas en tiendas y supermercados y otras directamente en el mercado.
Diferencias de precios en supermercados de la región
Piña: Se vende en el mercado en 34 pesos el kilo, pero en el autoservicio Arteli está en 19.90 pesos. Una diferencia de 14.1 pesos; es decir, en el mercado está un 41% más cara.
Mango: Se vende en 50 pesos en el mercado y en Arteli en 49.90 pesos. Se venden casi al mismo precio, con solo 10 centavos de diferencia.
¿Qué comprar? Frutas a la baja
También tuvo un fuerte descenso el plátano Tabasco (31%), toda vez que la recolección actual se ha consolidado en las diferentes entidades productoras.
Por otro lado, la calidad visual de la fruta ha sido menor debido a condiciones climáticas extremas -bajas temperaturas seguidas de alta radiación solar-, lo que provocó una coloración atípica e impactó en el precio.
Adicionalmente, la demanda se contrajo, hecho común durante los períodos vacacionales.
Otros productos del super que encontrarás más baratos:",GOOGLE_NEWS_RSS
Panteón Rococó regresa a Tampico: del homenaje a Rockdrigo a celebrar 30 años de ska - oem.com.mx,2026-04-07 23:49,2026-04-07T23:49:54+00:00,oem.com.mx,,https://oem.com.mx/elsoldetampico/gossip/panteon-rococo-regresa-a-tampico-del-homenaje-a-rockdrigo-a-celebrar-30-anos-de-ska-29373778,https://news.google.com/rss/articles/CBMizgFBVV95cUxNYVhhZGhxQ0hwWUhsMmlYdms1RWxFaXFwb3d2Z2lMWXhYZ1hSaXNNOGhkMzE0MHd0cG1hOVVkMW16VFVrWm1EQVBTVW81anRLcDZsZG00TW1lZENsdGVOcmVXRUZCRUVsZ2l5SHI3c19FSngwaUc2TXp0RU1pLV9lNzRtNVZkUTBueGxtTENSVHhQdW9YeFNad1JpcjdMcm1saTgyS2tkV2ZYREg0SFRFWGwtMVZDUHRDV3FwVVpTRC1VVXMzZDVhdktmbDlfUQ?oc=5,,"Panteón Rococó regresa a Tampico: del homenaje a Rockdrigo a celebrar 30 años de ska
Panteón Rococó regresa a Tampico para celebrar 30 años de ska y nosotros ya estamos listos para el slam
Carmen Jiménez
El esperado concierto se llevará a cabo el próximo viernes 10, donde miles de fans podrán disfrutar de una noche cargada de energía, baile y nostalgia.
Integrantes de Panteón confirman su presentación en Tampico
Lo anterior provocó un gran número de reacciones, superando las 85 mil visualizaciones y generando muchos comentarios que invitan a revivir el pasado.
Revivir a Rockdrigo: así fue el homenaje en junio de 2015
Un reencuentro esperado por los fans
Además, este concierto forma parte de una serie de presentaciones conmemorativas por su 30 aniversario, consolidando su legado dentro del ska mexicano.",GOOGLE_NEWS_RSS
Sentencian a presuntos integrantes de banda criminal 'La Barredora' - Milenio,2026-04-07 22:53,2026-04-07T22:53:00+00:00,Milenio,,https://www.milenio.com/policia/sentencian-a-tres-hombres-por-delincuencia-organizada-en-matamoros,https://news.google.com/rss/articles/CBMinwFBVV95cUxPQmlzdmgzTUswZ0Q2eHBzUXgzSnJweTkweDBOZzJ4NFVoUU9lS0ZPQktFR2wzX3dLbzIyWkpWMUlJZjdJUmdNdjg5d0ZZbmE5amRSOURqMTF2SktQN0dFdUp0WTc4UkJSQmVjOVhHNmJHZi1US1ZFV3U4aEdDMWJjWWhmaXFkRldfeW1SekZ0VUQ0azVrckRtYjdYMXJPQ0XSAZ8BQVVfeXFMTW5TcmVOZXFEZGNmaU5zdG9CQTBpWklOdWpIcl8zbUZPejk2cHlWX05QRmpGZkU1S212VGNBVU1Hc1lfRFBhTzV5aFBuZE10TlZSM3lzbzQyRlJRMmNqbGZxUkpZX1FZQ2RrUkQ4ckJEVHM4NUt0OFRxWXJmVHJUQzVwalBlaC1DVzBUVGhDMXJzYVVWSzZiTUhubVVodzdv?oc=5,,"Este martes 7 de abril se dictó la sentencia a tres hombres en Matamoros por diversos delitos, entre ellos delincuencia organizada, portación de armas, entre otros; condenas desde 17 a 24 años de prisión para los implicados quienes presuntamente estarían ligados a una banda criminal de Tabasco.
¿Por qué delitos se dictó una resolución condenatoria en contra de los responsables?
La Fiscalía General de la República (FGR) obtuvo sentencia condenatoria en contra de tres personas por su responsabilidad penal en los delitos de delincuencia organizada (hipótesis de contra la salud), portación de arma de fuego de uso exclusivo de las fuerzas armadas y contra la salud en su modalidad de posesión con fines de comercio de marihuana y clorhidrato de cocaína.
De acuerdo con información preliminar los implicados estarían presuntamente relacionados con el grupo delictivo 'La Barredora', en Tabasco.
La detención previa de los acusados
En el años 2012, elementos de la Policía Federal Ministerial (MPF), cumplimentaron orden de aprehensión en contra de Crispín N, Rodrigo N y Jonatan N, quedando internos en el Centro Federal de Readaptación Social número 3 Noreste, en Matamoros, Tamaulipas.
La autoridad judicial ordenó la reposición del procedimiento en 2022, por lo que el Ministerio Público de la Federación (MPF), adscrito a la Fiscalía Especializada en materia de Delincuencia Organizada (FEMDO) aportando nuevamente las pruebas suficientes para obtener las sentencias.
¿Qué condena se les dio a los hombres?
Para Jonatan N, 24 años tres días de prisión por los delitos de delincuencia organizada (hipótesis de contra la salud) y portación de arma de fuego de uso exclusivo.
Para Crispín N y Rodrigo N, pena de 17 años de prisión por los mismos delitos, más el de contra la salud en su modalidad de posesión con fines de comercio de clorhidrato de cocaína, en cuanto al primero, y con fines de comercio de marihuana para el segundo.
Grupo delictivo “La Barredora”
De acuerdo con información emitida por autoridades mexicanas como la Secretaría de Seguridad y Protección Ciudadana, la Fiscalía General de la República y la Fiscalía General del Estado de Tabasco, “La Barredora” es identificada como un grupo delictivo que opera principalmente en el estado de Tabasco.
En comunicados oficiales, este grupo es catalogado como generador de violencia y se le vincula con diversos delitos de alto impacto como narcomenudeo, extorsión, secuestro, homicidio y robo de hidrocarburos, delitos que forman parte de distintas carpetas de investigación.
AA",GOOGLE_NEWS_RSS
¡Olvídate de la playa! Advierten por lluvias en Tamaulipas esta semana - oem.com.mx,2026-04-07 22:49,2026-04-07T22:49:36+00:00,oem.com.mx,,https://oem.com.mx/elsoldetampico/local/olvidate-de-la-playa-advierten-por-lluvias-en-tamaulipas-esta-semana-29373383,https://news.google.com/rss/articles/CBMiuAFBVV95cUxNZjhjVXViVDlPNzRub1J3Q3lxT0hfUlVHUlFSRlQ4bmc0WGFLRktGX1VrNTI4bFBHN1kwLWx2WWl4eGxsdWVnZkJyTENEbVQ1X0NaRXE3WmRLUUVfSTV2TFo3Z3E0bHBUNTR1RVBCUGhkTFJydW5LMW5zX3ZJc2prdS1ZOVZ1ak1yU0ROaC1QTDZLTjZnM2R4aXhVLVA2UFdTMWNoYkRyXzJyY2NkZkE3T1FBbEhKby1q?oc=5,,"¡Olvídate de la playa! Advierten por lluvias en Tamaulipas esta semana
Hay posibilidad de que lleguen hasta 50 milímetros de precipitaciones y vientos de 50 kilómetros por hora
Adolfo Ruiz Nuñez
Se esperan lluvias y racha de hasta 50 kilómetros por hora en Tamaulipas
Entre las condiciones que se esperan, PC detalló que pueden llegar hasta 50 milímetros (mm) de lluvia.
“Acumulados puntuales superiores a los 50 mm”, precisó la dependencia estatal, pero sin determinar cuál será el municipio más afectado por dicho evento meteorológico.
No serán únicamente precipitaciones; advirtió que pueden venir acompañadas de una tormenta eléctrica y rachas de hasta 50 kilómetros por hora (km/h).
“Actividad de tormentas y chubascos dispersos capaces de generar lluvia moderada a fuerte, viento mayor a 50 km/h y descargas eléctricas”, apuntó.
¿Las lluvias son por el frente frío 43? Las últimas inundaron a la frontera de Tamaulipas
Protección Civil no confirmó si las condiciones son fruto del frente frío 43, que de acuerdo a EL SOL DE TAMPICO entró el pasado fin de semana al territorio tamaulipeco e inundó a un municipio fronterizo de la entidad.
Elementos de seguridad se desplegaron en puntos estratégicos para brindar asistencia a los ciudadanos y prevenir situaciones de riesgo.
El operativo tuvo como objetivo principal salvaguardar la integridad física y el patrimonio de la población ante las contingencias que se vivieron el fin de semana.",GOOGLE_NEWS_RSS
Tamaulipas recibe a 2.2 millones de turistas en Semana Santa 2026: Américo Villarreal explica la razón - oem.com.mx,2026-04-07 22:40,2026-04-07T22:40:57+00:00,oem.com.mx,,https://oem.com.mx/elsoldetampico/turismo/tamaulipas-recibe-a-2-2-millones-de-turistas-en-semana-santa-2026-americo-villarreal-explica-la-razon-29354739,https://news.google.com/rss/articles/CBMi5wFBVV95cUxQcTBicHo4U3JzRUkwbXZoNGNXN25uNERBLWVwUTFiLXJFeTlpcDlVNDUtUzgzX3owWnZ5MTNrLURZSHlDTUVraDJaakZEbWRsNXA4RUdtemZ4QldYMDAtcFJZVjN6S2tRT1MwaC1pLUhldkhoeFZwYXRzekFudjQ4TGZ1X1EyTEV0TTAwMDBiZDhjWDBqT2hSSFltdXNMel9qcWRNRlNIQXVsX2xHekJwTmJfQWxmR1EtRnFPT2JGaGJSQmpHLTZIUk9KVTVjUHNWLWNaVkVuUnA0Rk5qU1FFMm1WWnRkNVE?oc=5,,"Tamaulipas recibe a 2.2 millones de turistas en Semana Santa 2026: Américo Villarreal explica la razón
“Esto no es casualidad”, afirma el gobernador Américo Villarreal tras el éxito turistico durante la Semana Santa
Mariela Macay
El gobernador, el morenista Américo Villarreal Anaya, aseguró que para recibir a los visitantes existe un trabajo coordinado entre las diferentes dependencias.
Playa Miramar y Pueblos Mágicos, los más visitados
Villarreal Anaya sostuvo que el aumento en el flujo de turistas fue posible gracias a la planeación y al trabajo coordinado entre autoridades.
Operativo mayor se concentró en Playa Miramar y Tampico
Aunque la mayor cantidad de turistas llegó en Semana Santa, el operativo de seguridad debe mantenerse para la temporada de Pascua.",GOOGLE_NEWS_RSS
"Fiestas patronales del Señor de las Misericordias 2026 en Tampico Alto: fechas, programa y actividades religiosas - oem.com.mx",2026-04-07 21:39,2026-04-07T21:39:46+00:00,oem.com.mx,,https://oem.com.mx/elsoldetampico/turismo/fiestas-patronales-del-senor-de-las-misericordias-2026-en-tampico-alto-fechas-programa-y-actividades-religiosas-29370053,https://news.google.com/rss/articles/CBMi9AFBVV95cUxOOGpEbWRwMEJrbjlMVDBvMUdKcE03RXY0dDFCbEpZZW5BeFpHLVlsazBCVzZSb2ZoT0hYVE9CMjJKMm9YZUhiakF3Z2h5NTdyMkp1Q1ZHLVpCMENCUjRSR01nOTUtckg3ZmxfSzZCcHlOZ1hLaFBxSE5lV0d6NXhZMDNZbkNqUmIxNXVrOEx5d1c4VHY3eDdZYjFMYzQ1a0cyVVc5ZVRWWU9lT2NOTzhkNl92Z1BWbF9na09RdGtLUU9HU2kyaXQ4ZmxXUHZjSFdCVXN3OFI5MGhnRG4xZEtZb2pCMmpLa3RYbWhMU2RJREUtNFpa?oc=5,,"Fiestas patronales del Señor de las Misericordias 2026 en Tampico Alto: fechas, programa y actividades religiosas
Del 9 al 17 de mayo, la comunidad católica vivirá nueve días de fe, peregrinaciones, danzas y celebraciones litúrgicas en honor al Señor de las Misericordias
Alfredo Márquez
Programa general de las fiestas patronales Señor de las Misericordias 2026
Durante el domingo 10 de mayo se contemplan jornada de misas, durante este día se celebrarán misas a las 10:00, 12:00 y 18:00 horas.
El cumpleaños del Señor de las Misericordias en Tampico Alto es el 13 de mayo
El viernes 15 se contempla la jornada litúrgica junto a misas al mediodía y a las 18:00 horas.
Así será la clausura de las fiestas patronales Señor de las Misericordias 2026
A las 21:00 horas se realizará la procesión de clausura con pétalos, lo que marca el final de las fiestas patronales.",GOOGLE_NEWS_RSS
Economía para todos / Consumo y crédito - oem.com.mx,2026-04-07 20:39,2026-04-07T20:39:40+00:00,oem.com.mx,,https://oem.com.mx/elsoldetampico/analisis/economia-para-todos-consumo-y-credito-29359028,https://news.google.com/rss/articles/CBMikwFBVV95cUxNRG9HVDNJVXRHZGJPM21iT0pvQTNyWjRWRUVTdTJIZFV6bDl6Qk1ZaDdMOC0zMVpDTjN5VUplWUk3UGhtTmlnLW1UVVZZX25reU9yTlY2N0gwaWJCWVMyWklrVlMyXzNGTlh3MTVMRkhncVNuUkNBNFl6a3RoUVVuY3FWMGhmTmJpVnEzWlRneXZuVnc?oc=5,,"Análisismartes, 7 de abril de 2026
Economía para todos / Consumo y crédito
Asimismo, dentro de este concepto, el crédito al consumo —tarjetas, créditos de nómina, préstamos personales— se incrementó un 7.2% de forma anual, siendo el más dinámico entre los grandes componentes de la cartera privada.
Regeneración 19
ÚLTIMAS COLUMNAS
Más Noticias
COLUMNAS
CARTONES
LOÚLTIMO
Newsletter
¿Te quedas fuera de la conversación? Mandamos a tu correo el mejor resumen informativo.",GOOGLE_NEWS_RSS
¡Imagínese! / Tamaulipas con rumbo y confianza - oem.com.mx,2026-04-07 20:39,2026-04-07T20:39:40+00:00,oem.com.mx,,https://oem.com.mx/elsoldetampico/analisis/imaginese-tamaulipas-con-rumbo-y-confianza-29357955,https://news.google.com/rss/articles/CBMimgFBVV95cUxOS3F1MmVsUTlsQ1lXLWQxNnljMFB4MzZISjg3UHZfekVDU3BUdFNiYjNpdGY4OGVKdE9HNk15dEVsWFBDX1A1dnlfUmJzdWZubXp5RkRORkxnTmxhSGZaRkZwWENUZF9QTTBvSlpHNms1bW1nUVhhdnVNUEp6MGFyNUgtczJvT3NsV0kyLUMtQmRqZnp1a0c4dkFR?oc=5,,"Análisismartes, 7 de abril de 2026
¡Imagínese! / Tamaulipas con rumbo y confianza
“La constancia es el complemento indispensable de todas las demás virtudes humanas”
Giuseppe Mazzini
Político italiano
Miramar, epicentro turístico regional
Altamira consolida rumbo con cercanía social
Tampico se transforma con su rumbo propio
ÚLTIMAS COLUMNAS
Más Noticias
COLUMNAS
CARTONES
LOÚLTIMO
Newsletter
¿Te quedas fuera de la conversación? Mandamos a tu correo el mejor resumen informativo.",GOOGLE_NEWS_RSS
"Se acaba Semana Santa 2026 y se van los turistas; pero se quedan 2,250 toneladas extra de basura - oem.com.mx",2026-04-07 19:54,2026-04-07T19:54:46+00:00,oem.com.mx,,https://oem.com.mx/elsoldetampico/local/se-acaba-semana-santa-2026-y-se-van-los-turistas-pero-se-quedan-2-250-toneladas-de-basura-en-tampico-y-la-region-29353900,https://news.google.com/rss/articles/CBMi8wFBVV95cUxOdjJnMjdROVBTR0U5enF0bzlLanRna0h5cXV0cnV1a3ZZUHRoR01sUGJCajJFbUI1emxucl85MVJrMWJaSnpNWEVNYmRlUnZmcW1hdmRVR2hGZ3VMWGd6bEJmX21aNEx0Zkd4dHRBbzVUbGFMeTNiNm5nZDhUaS1YbThIUDhpeWpNSHlnWHZXSy15NG9VcDhDTFhjTUEzNFNSS1ZNM2ZBbVpDNEtRc2t2SkRFakhweFVQSHZHN1U0bWlEMkN3Wl9wdGU4bHpZUnJlWUVkNzdfT3Q5RnJheE9OM3pPckFjU2Z1WnBCbjNJTS1NcTQ?oc=5,,"Se acaba Semana Santa 2026 y se van los turistas; pero se quedan 2,250 toneladas extra de basura
Durante la Semana Santa en el sur de Tamaulipas se supera considerablemente la recolección al concentrar la mayor cantidad de paseantes del estado
Juan Hernández
Plástico, botellas de vidrio, latas, unicel y cubiertos desechables es lo que más se localiza en los destinos de paseo.
Casi 100 toneladas de basura adicionales por Semana Santa
“Es una temporada fuerte en cuestión de recolección de residuos sólidos, aumenta a veces hasta 100 toneladas más o supera las 300 toneladas al día”, señaló.
Ante este panorama, el personal de servicios públicos ha reforzado las estrategias operativas, manteniendo jornadas continuas de trabajo durante toda la semana.
“Se ha venido trabajando con turnos matutino, vespertino y una guardia nocturna, pero los fines de semana se refuerza como si no hubiera descanso”, explicó el líder sindical.
Actualmente, se encuentran en operación entre 18 y 20 unidades recolectoras, las cuales se ajustan conforme a las necesidades del servicio. No obstante, reconoció que el desgaste del equipo y del personal es constante debido a la carga de trabajo.
Playa Miramar, punto crítico en generación de basura
Uno de los principales focos de generación de residuos es Playa Miramar, donde la acumulación de basura tiene un aumento directamente proporcional a la cantidad de visitantes.
Portillo Alejo detalló que inicialmente se recolectaban entre 20 y 30 toneladas al día en esta zona turística, aunque la cifra creció considerablemente en los días santos.
En Tampico se eleva la basura doméstica
En el caso de Tampico, el incremento es considerable en la denominada basura doméstica, así como en centros de abasto y comerciales.
El titular de Servicios Públicos Municipales, Edmundo Malagón, indicó que en los últimos diez días se han recolectado 5 mil 582 toneladas, cuando el promedio en el mismo periodo es de cuatro mil, por lo que el aumento es de mil 582 toneladas.
Los puntos de mayor incremento son la zona centro, mercados e incluso en las diversas colonias donde hay personas que aprovechan este periodo de asueto para visitar a familiares.
En Altamira y Pueblo Viejo también se reporta aumento de basura
En el caso de Altamira, el incremento ha sido mínimo, de solo tres toneladas en los días de mayor afluencia a sitios como playa Tesoro.
Mientras que en el municipio de Pueblo Viejo se registró un incremento de hasta 75% en la generación de desechos sólidos.",GOOGLE_NEWS_RSS
Artesanos quieren mercado propio y frenar la competencia desleal en Tampico - Milenio,2026-04-07 18:22,2026-04-07T18:22:00+00:00,Milenio,,https://www.milenio.com/comunidad/artesanos-tampico-denuncian-bajas-ventas-competencia-desleal,https://news.google.com/rss/articles/CBMimgFBVV95cUxNX0lmdG9zZUV0V2VSQVFEVENQdTJ6VEtPMUFEQ3lzWUtxSkEzOThRdkZ1Y2stakFmUGI2X1NIdnZCM3Q2am4yY0ZBdFZYdkJzazh6WkQ2ZVRPMEtKckwzUkVnR1JENUhKbEpQekZzS3FUTUJFRGNtRnd1VWlLZzlvdHJ6cXdqYko5YU9tdnljSGVwMlNkN1NobDRn0gGaAUFVX3lxTE84VmpyVEZxRmFJZFR1WUp6SWN1Q0dHdlROLUdHc0Ytd0xUN0F4Z0RseWU1Rl9UdzFCVVZxNE1KU2hkaS1zMWNHMEV3Qjg0MnBjSFNRUjZkWE1JMEF0cGFKalB5Wi1HZnZoX1BZUVc4azNyYTdsTTJ4NGJHQUJYaVdpMy1kcHJHS3JXelIwaUE2a2ZqejdFV0ZucFE?oc=5,,"Los comerciantes de artesanías, luego de los días más fuertes de Semana Santa, exigen una regulación de los comerciantes de artesanías y recuerdos turísticos, lo que representa una competencia desleal a quienes están establecidos.
Carlos Hernández Pavón, líder de la Unión de Artesanos, aseguró que hubo mucho turismo en esta temporada en Tampico, pero también mucho comerciante, lo que apenas les generó un incremento del 10% o 20% a quienes están establecidos.
“La verdad es que sí vinieron bastantes turistas a Tampico, pero como hay muchos comerciantes del mismo giro, la venta fue poca”, recalcó el líder comerciante, donde antes era la bajada Juárez.
Aseveró que hay comerciantes que recorren la peatonal, en la plaza de Armas, en la zona del monumento al Águila y en la plaza Hijas de Tampico, lo cual genera que ya no lleguen hasta el pasillo de la calle Héroes del Cañonero.
“Hay muchos comerciantes que están vendiendo lo mismo en el mismo punto de la ciudad, en las plazas de Armas, de la Libertad, en la plaza Hijas de Tampico, así como otras zonas del centro”, recalcó el comerciante.
Algunos comerciantes detallaron que tenían que ir hasta el área en la cual se aborda el tranvía con el fin de poder vender sus productos, porque el turismo no llegaba hasta donde están ubicados.
“No vendimos mucho esta temporada, a lo mucho el 10% o el 20% de incremento de venta cuando había mucho turista, pero no todos llegaron para acá, se quedaron en los puestos que están en las calles”, detalló una mujer comerciante.
En general los comerciantes esperaban tener un aumento en ventas de “hasta 40%”, pero en esta ocasión no se pudo lograr cumplir con las expectativas, en una de las temporadas con mayor presencia de turistas.
Proponen mercado exclusivo de artesanías en Tampico
Una de las peticiones que han realizado los comerciantes de artesanías a las autoridades municipales, está enfocada a que puedan construir un mercado en el cual puedan vender exclusivamente sus productos.
“La solución para poder incrementar las ventas es poder instalar un mercado de artesanías”, aseguró Hernández Pavón, al considerar que en este momento sobre la calle Héroes del Cañonero, están muy escondidos y el visitante no llega debido a la competencia existente.
Una de las zonas en las cuales los comerciantes de artesanías se quieren instalar es en las inmediaciones de la plaza Hijas de Tampico, la que está frente a los mercados municipales y en la denominada zona portuaria.
Se trata de una petición que ya está en manos de las autoridades municipales con el fin de beneficiar a un sector de comerciantes que antes estaban en la llamada “bajada Juárez”, pero que tuvieron que ser reubicados porque en ese sitio se construyó uno de los accesos a los nuevos mercados.
Escasez de materia prima complica actividad
Recientemente los comerciantes manifestaron que aunado a las bajas ventas han encontrado otras problemáticas relacionadas con lo complejo para encontrar la materia prima para hacer sus artesanías, las cuales tienen que buscar en otras playas de la República Mexicana.
SJHN",GOOGLE_NEWS_RSS
Corredor del Golfo Norte fortalecerá competitividad de Tamaulipas como red logística - Milenio,2026-04-07 17:25,2026-04-07T17:25:00+00:00,Milenio,,https://www.milenio.com/estados/corredor-golfo-norte-fortalecera-competitividad-tamaulipas,https://news.google.com/rss/articles/CBMilAFBVV95cUxPTm1sMmh6WjE2S0ZtRHpsTmNRSW9xZ3BKQUY0bldqSHNwZzFuTU9lbnBRODdWWDk1SDFjQ24wWlNDMTEyakJtemRlWjZ6NjZlYllFU1BKVUFhdDlNdTRzOUpQblJMTDRTc1RQMGg0WDJaX0Fjal9DNzNqQjJPdlcyaEZuYThuaTlocENDdFoxek9fTE9I0gGUAUFVX3lxTFBPaWg4MWI1OGpnS0w5dlB2NnJuaTNYZUdOWkIxeUlfelNBbGc4YmRxaUREMEg5cVVOVXpiYXJBbUd6WlRoZG91Z0RZYmpuTlc2cElKZlpERUtKZU54TVNHUGE5YUhRYVNvU2NHeHhFUXp4cU9Eby0zZmkyZUFTZnJMM1p2LU5XQmhCZ3FnS0dkR29SbUk?oc=5,,"El proyecto del nuevo eje carretero denominado Corredor del Golfo Norte consolidará a Tamaulipas como la plataforma logística con mayor crecimiento para el comercio internacional de México.
El titular de la Secretaría de Obras Públicas (SOP), Pedro Cepeda Anaya, apuntó que, gracias al trabajo conjunto del Gobierno de Tamaulipas con la Federación, este proyecto está incluido en el Plan Nacional de Infraestructura Carretera 2025–2030, con una inversión superior a los 40 mil millones de pesos (MDP).
Tramo carretero abarcará más de 500 kilómetros
Destacó que este tramo carretero abarcará más de 500 kilómetros de longitud y conectará a las regiones sur, centro y norte del territorio tamaulipeco, incluyendo un nuevo puente sobre el río Pánuco.
“El Corredor del Golfo Norte permitirá mejorar la conectividad, reduciendo tiempos de traslado y costos logísticos, lo que fortalecerá la competitividad de Tamaulipas a nivel nacional e internacional”, subrayó el secretario.
Cepeda Anaya reiteró que la actual administración estatal continuará trabajando de manera coordinada con las autoridades federales para consolidar a Tamaulipas como un punto clave en la cadena logística del país, aprovechando su ubicación estratégica y su cercanía con los principales mercados internacionales.
Integrados bajo el esquema CMRO (Construcción, Mantenimiento, Rehabilitación y Operación) en el estado se consideran dentro del mencionado plan la conexión del Libramiento Reynosa y el nuevo Corredor del Golfo de México, mientras que el Puerto Internacional Nuevo Laredo 4/5 será parte de las inversiones mixtas, ya que los cruces actuales resultan insuficientes.
Corredor del Golfo de México, que busca mejorar la conectividad del centro y sur
Por su parte, el plan del Corredor del Golfo de México, que busca mejorar la conectividad del centro y sur del país hacia la frontera, incrementará de dos a cuatro carriles. Este comenzará en la parte sur de Tamaulipas, avanzará por Ciudad Victoria y llegará hasta Reynosa.
Tiene en puerta habilitar 8 tramos que van desde Tampico hasta la franja fronteriza, con un nuevo puente sobre el río Pánuco e integrar en el mismo la vía a Ciudad Valles. El mismo será impulsado a través de Banobras.
ICGC",GOOGLE_NEWS_RSS
Demanda IP un plan de desarrollo para detonar laguna del Carpintero - Milenio,2026-04-07 16:36,2026-04-07T16:36:00+00:00,Milenio,,https://www.milenio.com/negocios/ip-demanda-plan-desarrollo-detonar-laguna-carpintero,https://news.google.com/rss/articles/CBMijgFBVV95cUxPOGtsMDJMaVU4ZkU0UGhuZmFlUnhIeklEYTdTa1RiNXllSTlLb3lGR0sxSDdJSWE5V0lxaldBZFpXLTBmS1ZCcE5PLUxBLWgxTElVNnRDMEgwNkNESm5MbDVsZlBWMVFyb1ludHJhUm1BbHF6N2xURl9ZeFNHVWJMQU5rSlpTV1RRNWZFdzVB0gGOAUFVX3lxTE5scUVienZoY0FuZ0VJVWszSzJ1NGVlZU4yMnNNUkd1aWIyekNqMGNQdGptaVlzNFFyYk80RndIVHJhRnlOM2pveHdldXlXVUxjc3JMcnRLczNKVjdZRDR5VklhQzVDN0tBa1JLOHBSM2lQVTZXWTkzMDFDMnl1UE1xYTNXOS1pY2V4eG0tQXc?oc=5,,"Se han detectado un aumento en construcciones verticales frente a la laguna del Carpintero en la última década, así que piden un plan de desarrollo para detonar todo el perímetro del paseo y también en el canal de la Cortadura, enfocado a fortalecer el turismo y generar aún más llegada de nuevos desarrollos de negocio.
Por el bulevar Fildel Velazquez, llamado Perimetral, hay construcciones verticales enfocados a vivienda y oficinas, hay aproximadamente 7 que se levantaron en los últimos 10 años, indicó el presidente de la Cámara Nacional de Comercio (Canaco) de Tampico, Eduardo Manzur.
“El tema de construcciones verticales tiene aproximadamente diez años que empezaron a realizarse, son inversionistas locales que han ido construyendo y tenemos que buscar tener un plan integral de desarrollo a las afueras o alrededor de Perimetral, para buscar de una forma ordenada construcciones y proyectos que vayan enriqueciendo la oferta turística”, aseguró el empresario.
A la altura del puente peatonal que cruza la laguna del Carpintero, entre las colonias Barandillas y Tolteca, comienzan las construcciones verticales que se van extendiendo rumbo a la zona centro de Tampico, en donde se encuentran los puentes que cruzan el canal de la Cortadura.
Torres van enfocadas a viviendas
Se trata en su gran mayoría edificaciones que van enfocados a la vivienda, que tienen de cuatro hasta cinco niveles. Algunos acaban de ser concluídos en su construcción y ya pusieron los departamentos a la venta; sin embargo, un número menor de esos edificios son oficinas.
Explicó el representante del comercio establecido que se tiene que seguir fortaleciendo ese perímetro en la laguna, no solamente por el Perimetral, también por el bulevar Adolfo López Mateos, en donde hay áreas o propiedades totalmente vacías, que esperan desarrollos de vivienda, hoteles o comercio.
“Así como generar más atractivos alrededor de la laguna del Carpintero en la zona del Perimetral y buscar los espacios, así como el desarrollo, del lado del bulevar Adolfo López Mateos es muy importante, porque ahí se encuentra el Centro de Convenciones, el Espacio Cultural Metropolitano, el Recinto Ferial, el Recinto Ganadero y más sitios de recreación”, recalcó.
Sin embargo, al hacer un recorrido por el bulevar Adolfo López Mateos, en la zona de influencia con la laguna del Carpintero, se ha logrado observar algunos terrenos desocupados, algunas construcciones vacías y que de alguna forma se vuelven opción para nuevos desarrollos.
Asimismo, el empresario tampiqueño recalcó en la necesidad de poder hacer este tipo de construcciones en la zona del Canal de la Cortadura, con la finalidad de poder potencializar dicho recorrido, el cual llama la atención de Turismo.
“En el Canal de la Cortadura también se tiene que definir un desarrollo a lo largo de todo ese punto turístico, el cual está en un proceso de crecimiento, que requiere aún la llegada de nuevos negocios en la zona”, puntualizó el presidente de la Canaco.
ICGC",GOOGLE_NEWS_RSS
"Centro Histórico, el más visitado en Tampico en Semana Santa - Milenio",2026-04-07 14:45,2026-04-07T14:45:00+00:00,Milenio,,https://www.milenio.com/comunidad/tampico-centro-historico-laguna-lideran-turismo-semana-santa,https://news.google.com/rss/articles/CBMimgFBVV95cUxPaG9uM1ZyM2hXMFVhaHA0eUJBcnVPRjNyOHZKbEg4UWJNMmgyZWctbW5BVDVzTVFKMkxISnFIYm9qRHllSlhNVmF6cjdpOTluS2JhTEVhZTF2T1JUV2F1Ul9Ka0NIUnpTV2Z1NENVNVZhQVNUVnQzX29PeEFmMWNNbExBU1NVSjBvUU0yR3ZyQUl3WFBXbG1Kc3VB0gGaAUFVX3lxTFBJa3Jvd3FXbnZaSFpFV0dHQkpEbnFQYzlYWEhLLUtyZXhuTmZQdl9VUE5kb3NsVDZmZ3J4N0NUY0ZyMW5qbVVqeDRua3FhbnU0R3ViRDFyNFdzWFF2M0E0dG9WTnhIZmFzNFdMRWQyOEk1djVhcnBsU0lqckE0Qnl5TW5PSm9iZXNZMjJvYWRUbTJ6VTB0WWdNdmc?oc=5,,"El Centro Histórico de Tampico se consolidó, junto con la laguna del Carpintero, como los puntos más visitados en el puerto durante Semana Santa. Al estar cerrada la ex Aduana, aumentó hasta 20% la afluencia al mercado, esto habla de que la obra de remodelación consolidará el área más antigua de la ciudad.
Karime Cámara Chaín, directora de Turismo en la ciudad, detalló que el 80% de los visitantes a la ciudad en estos días de vacaciones se distribuyeron a destinos como la laguna del Carpintero y el Centro Histórico, muchos con la intención de visitar la zona portuaria.
Cierre de la ex Aduana incrementa interés
Hubo paseantes y turistas que intentaron ingresar al edificio de la ex Aduana, como ya es una tradición, pero debido a las obras de remodelación a cargo de la Asipona Tampico y el Instituto Nacional de Antropología e Historia (INAH), estuvo cerrado el acceso a la ciudadanía y al turismo, hasta nuevo aviso, eso habla del interés de los visitantes.
“El 80% de los visitantes estuvieron en el Centro Histórico”, recalcó la Directora de Turismo, quien insistió en que “el mercado aumentó su afluencia entre 15% y 20% en este año debido al cierre de la ex Aduana, así que la nueva remodelación y las obras siguientes en la zona portuaria, van a despertar aún más el interés de las personas que decidan visitar Tampico”.
Laguna del Carpintero, atractivo natural clave
En lo que se refiere al área natural que representa el paseo de la laguna del Carpintero, es uno de los puntos de mayor interés y mucho tiene que ver con su fauna, con los cocodrilos que la habitan y que se pueden apreciar en diversas zonas.
Al hacer recorridos por la laguna del Carpintero, se pudo observar durante los días de Semana Santa a familias que acudieron a diversas horas del día, desde la mañana, la tarde y la noche, a partir del flujo que tiene el paseo, el cual es uno de los más céntricos en la ciudad.
Turistas continúan recorridos pese al clima
Durante este lunes, en el cual hubo una leve llovizna y bajó la temperatura en Tampico y Ciudad Madero, se logró observar a los turistas realizar recorridos por la plaza de Armas, plaza de la Libertad y por el mercado de la ciudad.
El turismo que ha llegado en esta semana de Pascua mantiene sus recorridos, ya que de acuerdo al pronóstico del tiempo para los próximos días, habrá una mejora en las condiciones climatológicas.
Aumenta afluencia turística en 2026
De acuerdo con el Sistema de Afluencia Turística (SITAM), Tampico registró del 27 de marzo al 5 de abril del 2026, un incremento del 11.71% de visitantes a sitios turísticos en comparación con el año anterior, reflejando el crecimiento sostenido del sector.
Información proporcionada por la alcaldesa Mónica Villarreal Anaya destacó que la ciudad recibió más de 384 mil 671 visitantes en sus principales atractivos turísticos.
Respecto de la derrama económica, la cual se definió en ese lapso de tiempo, se informó que fue superior a los $353,897 mil millones.
La meta que existe en cuanto a la afluencia en Tampico es que los atractivos turísticos que tiene la ciudad puedan acumular una afluencia que supere el medio millón de turistas, los cuales aún pueden llegar durante la llamada semana de Pascua.
SJHN",GOOGLE_NEWS_RSS
Rebasó Tamaulipas los dos millones de paseantes: Américo Villarreal - Milenio,2026-04-07 12:48,2026-04-07T12:48:00+00:00,Milenio,,https://www.milenio.com/politica/tamaulipas-supera-2-2-millones-turistas-semana-santa,https://news.google.com/rss/articles/CBMijgFBVV95cUxOMGZiLWUtSGR1RFRkeldVR1NlTVB6d0tENE9nVmdoZGdUVnlTM0E0TUtKMFF6eXJkelZuLTZiLVUta0FaZVlBNVIxdy1qbDM1RmV4aFZIeXJRaHhIX2NZQlFyTmVNb19qQTZLN01ZNXotZGhZOHdIb2xISHBweW1fal93ZkNuRHJHVThyYWRB0gGOAUFVX3lxTE5oQWx6T2hQSHBfdk15c0pwcm5ObS1YbG9GOEdyODlQQVRKcVpYeHI2RzhCVzNWN1N0M3d1SlZBa210S1pOUVlnN3VOTDZPcXpfYWIzTjhKQTFtUXVma0FoV2gzcFI2YTVWTVhLQThpOUd6ajNvU3o5d1Qxd2t4SUtEQmxyZm1vQkVaSUR5UXc?oc=5,,"El gobernador del estado, Américo Villarreal Anaya, informó que Tamaulipas registró un incremento significativo en la afluencia turística durante este periodo vacacional, aunque se reconoció que el saldo no fue blanco debido a los accidentes carreteros y personas que perdieron la vida ahogadas.
Al hacer un balance sobre el periodo vacacional de Semana Santa, dijo que Tamaulipas superó las expectativas con una afluencia superior al 15 o 20 por ciento en comparación con el año pasado, rebasando la cifra de 2.2 millones de visitantes. Este éxito lo atribuyó a la planeación y promoción de los Pueblos Mágicos y centros ecoturísticos del estado.
El gobernador estimó que, de acuerdo con los resultados preliminares, las y los turistas no solo prefirieron los destinos de playa, sino también fueron a los Pueblos Mágicos y a los centros turísticos de naturaleza, como Gómez Farías y Ocampo, además reiteró que el éxito de este incremento en el número de visitantes requirió de mucha planeación, esfuerzo y trabajo.
“Eso no es una cosa de suerte o de casualidad. Es trabajo, planeación, organización y estar atento de las funciones de nuestra responsabilidad en cada área de nuestra competencia”, afirmó.
Mayor afluencia en el sur de Tamaulipas por playa Miramar
Por su parte, el secretario de Seguridad Pública, Carlos Arturo Pancardo Escudero, explicó que la mayor atención durante Semana Santa se concentró en la zona sur debido a la alta afluencia de visitantes en playa Miramar y su relevancia turística, por lo cual se fortalecieron las capacidades operativas con vigilancia aérea, binomios equinos y patrullaje especializado, garantizando prevención, seguridad y atención a la ciudadanía, sin descuidar el despliegue permanente en todo el estado.
Destacó que, desde el inicio de la presente administración, ha sido evidente el compromiso del gobernador Américo Villarreal con la tranquilidad de las y los tamaulipecos, fortaleciendo la capacidad operativa de la Guardia Estatal y del sistema penitenciario, mediante una inversión superior a los 567 mdp destinada al equipamiento vehicular, tecnológico y balístico, así como las labores de mantenimiento.
“Señor gobernador, Tamaulipas es más seguro, lo es bajo un liderazgo que, al mantener el humanismo como premisa de gobierno, al mismo tiempo vela por la eficacia en el cumplimiento de la ley”, mencionó.
4 muertos y 65 lesionados por vacaciones
Al cierre de la primera semana del Periodo Vacacional de Semana Santa 2026, las autoridades de Salud en Tamaulipas reportaron un saldo lamentable: cuatro personas fallecidas, 65 lesionados a causa de 35 accidentes carreteros y 211 reportes de emergencia atendidos en todo el estado.
La secretaria de Salud del Gobierno de Tamaulipas, Dra. Adriana Marcela Hernández Campos, detalló que de las cuatro defunciones, dos se registraron por accidentes automovilísticos y las otras dos por ahogamiento. Uno de estos últimos ocurrió en la zona de Velamar, en el municipio de Altamira, y el segundo en el río Guayalejo, en la zona de Llera.
“Tuvimos lamentablemente cuatro defunciones, dos por accidentes automovilísticos y otros dos por ahogamiento, uno en Velamar, en Altamira y otro en el río Guayalejo”, informó la funcionaria.
Además, se registraron 211 incidentes reportados a los números de emergencia del estado. De estos, el Centro de Respuesta de Urgencias Médicas (CRUM) atendió directamente 141 casos.
En cuanto a los percances viales, las autoridades contabilizaron 35 accidentes carreteros que dejaron un saldo de 65 personas lesionadas. De ellas, nueve requirieron atención prehospitalaria por parte de los equipos de emergencia.
La secretaria Hernández Campos señaló que pese al incremento en accidentes y servicios de emergencia durante estos días de asueto, se mantiene un despliegue intensivo de atención médica en los principales destinos turísticos de la entidad, con unidades móviles, personal reforzado y coordinación con Protección Civil para salvaguardar la integridad de residentes y visitantes.
Este balance preliminar rompe con el tradicional “saldo blanco” que las autoridades suelen buscar en operativos vacacionales y pone de manifiesto los riesgos asociados al incremento del flujo vehicular y las actividades recreativas en playas y ríos durante la temporada.
SJHN",GOOGLE_NEWS_RSS
La Grilla - Milenio,2026-04-07 08:25,2026-04-07T08:25:17+00:00,Milenio,,https://www.milenio.com/opinion/editoriales/se-dice-en-la-grilla-tamaulipas/la-grilla_1122,https://news.google.com/rss/articles/CBMilAFBVV95cUxOeWQtWmJZNnpYVk9XczdWTXpKenlyclJGYnNzZWdKY05rYWg1cUwwTnhXbGgzSFVIU0RaU04xTmdvZXQyekphbEZDQ1hQXzdmMTJybVhYaHFvOFhfa3ZTR0c2VEVjaWluV2duYTBXVDZlSnVZNXRobEtmQVBKUmhsUDd6bGc2UXlpcG5pTktyTUktWldO0gGUAUFVX3lxTE93U3hYeHlrNW55V0NpLXN6ZThuM3lFdGF4cUJtNUpEd2FOZUlaSTFDTWx5Z0JoMmxudXBuZWFtdTVzejN0c2FlSUh6NTFPVGl2dzBTMUpPV1FXMGVKM1dXVVdZZ2lTV0xPNHhlcGY1bmItVjRiWVFHb25Hb0RJelVpN2lBOTdvUEJ6eHY0SDYycjB2bm0?oc=5,,"Que este lunes se realizó una reunión entre la alcaldesa Mónica Villarreal Anaya y la joven Eneri Balleza, esposa de Ezequiel, quien fue atropellado en la colonia Morelos. Al salir de la audiencia, destacó el respaldo que le ha brindado el gobierno municipal, pero enfatizó que las autoridades encargadas de impartir justicia deben dar seguimiento al caso.
Que desde el Congreso del Estado surgió la denominada “Ley Ezequiel”, enfocada en imponer penas más severas a quienes conduzcan bajo los efectos del alcohol. Se trata de una iniciativa con proyecto de punto de acuerdo de la diputada por Tampico, Úrsula Salazar Mojica, luego de un caso que ha conmocionado a la opinión pública.
Que la mayoría de los secretarios del gabinete estatal tendrán que dar la cara ante el Pleno Legislativo: diez en total, mientras que los seis restantes comparecerán en comisiones; nadie se salva de acudir a la glosa. Incluso la recién llegada, Adriana Marcela Hernández, en Salud, y el recién ascendido Karl Henz, en Seduma, aunque seguramente serán arropados por la aplanadora guinda y sus aliados.
Que después del descanso por la Semana Santa, ayer se reanudó la actividad legislativa, aunque con la ausencia de tres diputados locales morenistas: Claudio de Leija, Byron Cavazos y Gabriela Regalado, todos con falta “justificada”. En contraste, por la bancada del PAN nadie inasistió, pues parece que surtió efecto la reforma contra faltistas.
Que Sergia Juárez recibió nombramiento como titular de la Dirección General de Políticas de Salud y Bienestar Poblacional, por lo que colaborará muy de cerca con la secretaria de Salud, Adriana Marcela Hernández, quien, al parecer, seguirá apoyándose en colaboradoras femeninas.
Que los trabajadores de la salud del Hospital Canseco se han preguntado cuándo se podrá concluir el Hospital Civil de Madero, ya que se dijo que sería en abril. El problema es que buscan desfogar la sobrecarga de trabajo o, en su defecto, que se contrate más personal.
Que el exdiputado priista Enrique Meléndez afirma ser víctima de ataques en redes sociales, lo que lo motivó a buscar asesoría legal, al asegurar que buscan afectar sus aspiraciones de volver a la Secretaría General de la Sección 30 del SNTE, la cual ya había coordinado hace algunos años.",GOOGLE_NEWS_RSS
Más de 312 mil visitantes viven la fiesta del Festival del Mar en Matamoros - Milenio,2026-04-07 07:00,2026-04-07T07:00:00+00:00,Milenio,,https://www.milenio.com/estados/asisten-miles-turistas-festival-mar-2026-matamoros,https://news.google.com/rss/articles/CBMiigFBVV95cUxNRlotUmNhc3piYlQzdXptY0ZabVJxVlQ3Y2xHcEZxZC1aSlQtTUxENThsOWxYd1FHNHo4Zmk4NU5zSnBHQWFtSDNkSXBoSnNxek9RRXNzcmZfWE5Md3lMa1NGMFhqQ3l4Q21wa1JhZlZDTEZDNC1zTkZlUWFGWEVScnJ1RGFXeDFhM1HSAYoBQVVfeXFMTWhfd1BVWWEzVE5ySWpsanAzdEIza0p1S3hlcmNWRWpJNUdPWmczUFVId2RxR09DeC16WWNjNThVRG5iZXRvRUs4VE56NVNxWGE4dEFWVmw1SDd3dlkyVXM5MERCX1F1M1JGaFlBXzg0T0Q3Tk1jeWJablY3LTZ5S3JIdlpPOU1VOFF3?oc=5,,"El Festival del Mar 2026 en Matamoros demostró una vez mas su impacto económico, con una derrama de 240 millones de pesos, un 15% más que el año anterior. Más de 312 mil visitantes disfrutaron de la fiesta, contribuyendo al crecimiento de la ciudad y al impulso de la economía local.
Eventos deportivos fueron clave para el Festival del Mar 2026
El evento ofreció una amplia variedad de actividades pensadas para toda la familia. Los días comenzaron con la Carrera Atleta Playero, una competencia de 5 kilómetros por el Boulevard Costero que reunió a corredores de todas las edades, después siguió el Playatón 2026, realizado en el Parque Costero de playa Bagdad.
Además de los eventos deportivos, el festival contó con conciertos, presentaciones culturales y actividades recreativas, llenando de música los días. Los asistentes pudieron disfrutar de shows en vivo, áreas de juegos y espacios de gastronomía.
Grupo Pesado puso ambiente en Festival del Mar 2026
El ambiente se llenó de ritmo con conciertos frente al mar. Entre los artistas más esperados estuvieron Grupo Pesado, que encendió el escenario principal, así como presentaciones de María León y Yahir, que llevaron música regional y pop al público.
Concurso de Ostioneros
El Concurso de Ostioneros fue uno de los momentos más originales en donde participantes demostraron rapidez y destreza para abrir ostiones, atrayendo tanto a visitantes interesados en la gastronomía local.
Las zonas gastronómicas ofrecieron platillos del mar y cocina tradicional, donde se destacó la riqueza culinaria de la región.
Espacios recreativos junto a la playa permitieron a familias disfrutar de juegos y actividades culturales.
En años recientes el Festival del Mar ha incluido exhibiciones de papalotes y esculturas de arena, actividades que convocan a la creatividad.
Transporte gratuito hacia playa Bagdad
Para facilitar la llegada y participación de las familias, se habilitó transporte gratuito hacia Playa Bagdad. Cabe mencionar que el DIF Matamoros reportó saldo blanco durante la actividad, con estrategias como la entrega de miles de pulseras de identificación para menores, módulos de primeros auxilios y asistencia.
JETL",GOOGLE_NEWS_RSS
¿Lluvia o solecito? Esto es lo que trae el clima HOY en Tamaulipas; Pronóstico - Milenio,2026-04-07 06:09,2026-04-07T06:09:00+00:00,Milenio,,https://www.milenio.com/el-clima/clima-tamaulipas-pronostico-temperaturas-7-abril-2026,https://news.google.com/rss/articles/CBMijwFBVV95cUxPY3hPMkZ3di1DVXdhTEY5UEtuWWJPSnR0TkMtYmljY21mSlppd0dtNWVyanllVk9UVDZNRGJXcXowSmRQMVg4bnFES2FscUtJYkhvenhqb0JYNmVCejV0S19iNy1FbWdVVWhjSUhZT3lDS3A3WTRoYWl1d0dzS1R5MEhPcGFINkdaYTVkUjJtNNIBjwFBVV95cUxNZWN0d0lIclRpV0JrOGQzekoxWV82Y25IQy12RXZJWlJhTDZJNG9ZRUNsMjZkc3l6TlRZdWFpeGM4WUR3UG44SW1oNm9tZFhlMjhhQThVVTZOTzl0S3VFSUtfN3FiN0kxUXVxMG11d0RUMXVEZ3JUM1RtV25MdHo0NV9TT3BDRXR0Z1NURFVKUQ?oc=5,,"Hoy martes el clima en Tamaulipas se siente un poco cambiante, por momentos el sol aparece, pero no faltarán chubascos aislados que podrían refrescar el día. El viento soplará con fuerza en algunas zonas y en la costa el oleaje se mantiene moderado, así que si planeas salir o ir a la playa, lo mejor es estar prevenido.
¿Cómo estará el clima hoy en Tamaulipas?
El clima en el estado hoy estará marcado por cielo medio nublado a nublado, con presencia de lluvias dispersas principalmente durante la tarde y noche. Estas precipitaciones, aunque no son intensas en todos los municipios, sí podrían generar encharcamientos en zonas urbanas.
El ambiente se mantendrá templado por la mañana y cálido durante la tarde, acompañado de viento moderado.
¿Cuáles son las temperaturas pronosticadas para hoy en Tamaulipas?
En los municipios fronterizos, el calor será predominante, aunque con presencia de nubosidad.
Temperatura mínima: entre 21°C y 23°C
Temperatura máxima: entre 31°C y 34°C
Durante el día se sentirá un ambiente bochornoso debido a la humedad. Las lluvias serán aisladas, pero no se descartan chubascos breves acompañados de viento.
Zona centro
En la región centro el clima será más variable.
Temperatura mínima: entre 20°C y 22°C
Temperatura máxima: entre 30°C y 32°C
Aquí se esperan intervalos de chubascos más notorios, especialmente por la tarde. Las rachas de viento podrían alcanzar los 40 a 50 km/h, lo que podría provocar caída de ramas o tolvaneras en zonas abiertas.
Zona sur
En la zona sur las condiciones estarán influenciadas por la cercanía al Golfo de México.
Temperatura mínima: entre 22°C y 24°C
Temperatura máxima: entre 28°C y 30°C
Además de lluvias intermitentes, el factor más relevante será el oleaje de 1.0 a 2.0 metros, lo que podría afectar actividades turísticas y marítimas. También se esperan vientos con rachas fuertes, especialmente en zonas costeras.
¿Habrá lluvia hoy en Tamaulipas?
El pronóstico indica intervalos de chubascos, es decir, lluvias de intensidad moderada que aparecen por periodos cortos. La acumulación estimada va de 5 a 25 milímetros, lo que significa que:
- No serán lluvias constantes durante todo el día.
- Pueden presentarse de forma repentina, sobre todo por la tarde o noche.
- En algunas zonas podrían sentirse como aguaceros breves pero intensos.
Este tipo de lluvia es común cuando hay suficiente humedad en el ambiente y condiciones de inestabilidad, como las que se registran actualmente en la región.
¿Qué tan fuertes serán los vientos hoy en Tamaulipas?
De acuerdo con el pronóstico, se espera viento sostenido de 10 a 20 km/h, acompañado de rachas que pueden alcanzar entre 30 y 50 km/h. Esto significa que, aunque por momentos el aire será ligero, habrá lapsos en los que se intensifique de forma repentina.
Las rachas más fuertes suelen presentarse cuando hay nubes de lluvia o cambios en la presión atmosférica, por lo que podrían coincidir con los chubascos.
¿Dónde se sentirá más el viento hoy en Tamaulipas?
El viento no se comportará igual en todo el estado:
Zona norte (frontera): ráfagas moderadas, especialmente en áreas abiertas, con sensación de calor seco mezclado con viento
Zona centro: mayor variabilidad, con rachas que podrían alcanzar los 40 a 50 km/h, sobre todo por la tarde
Zona sur (costa): aquí el viento será más constante debido a la influencia del Golfo de México, con mayor intensidad y acompañado de oleaje
En municipios costeros como Tampico y Ciudad Madero, el viento puede sentirse más fuerte por la cercanía al mar.
¿Qué altura alcanzará el oleaje hoy?
El pronóstico indica un oleaje de 1.0 a 2.0 metros de altura en la costa del estado. Esto significa que habrá olas moderadas, suficientes para que embarcaciones pequeñas y actividades recreativas en la playa se vean afectadas.
¿Dónde se sentirá más el oleaje?
El efecto del oleaje será más notable en las playas y puertos del sur de Tamaulipas, incluyendo:
Tampico y Ciudad Madero: olas constantes de 1 a 2 metros
Altamira: zonas portuarias con oleaje moderado, afectando maniobras de embarcaciones.
Playas abiertas: las olas podrían generar corrientes fuertes, especialmente en áreas sin vigilancia.
En general, el oleaje seguirá la dirección del viento, que soplará del noreste, y se intensificará durante la tarde cuando el viento tenga rachas más fuertes.
JETL",GOOGLE_NEWS_RSS
La naviera más grande del mundo llega a Altamira: MSC invierte 800 mdp para modernizar terminal IPM - oem.com.mx,2026-04-07 06:01,2026-04-07T06:01:41+00:00,oem.com.mx,,https://oem.com.mx/elsoldetampico/finanzas/la-naviera-mas-grande-del-mundo-llega-a-altamira-msc-invierte-800-mdp-para-modernizar-terminal-ipm-29357788,https://news.google.com/rss/articles/CBMi5AFBVV95cUxQVHVSazNFdFFxV042OEtvamUzajZyRTEyb2J1QmMzWno2cmNHMEthdzF6VlF0RndpUUZMbjJVd1FhSnJIb2Z3aHp3WHpjOExKNUxxSDVKTmNNRHZGZV9aVjlHUjhOZEVVUTk4bzU2YjFPV0xYU1dZLWUxOFpEaUtLeE9sYWhlOTlENnJlRzU3RVFiVTd2czZqTzRMeV81QTNOX3RaMVRXTER5aHRXdDRZRzZqOXRfQi1iR0kyOVJqbm0wWFFfR3h1Qm1nQjktTm9OOE1aWm5COXhwUGg0elBXQURQN1A?oc=5,,"La naviera más grande del mundo llega a Altamira: MSC invierte 800 mdp para modernizar terminal IPM
El director de Asipona Altamira confirma que la llegada de TIL traerá mejores tiempos para el comercio exterior
María Macías
La adquisición de terminales portuarias en este punto está generando la aplicación de inversiones adicionales en infraestructura, grúas y nuevos patios.
Inversión en infraestructura portuaria de Altamira
IPM será una terminal exclusiva, no perjudicará a la de ATP
Informó el directivo que en los próximos días se tendrá el arribo de la naviera, por lo que su carga será manejada de forma exclusiva.
Por lo tanto, ahora la naviera MSC manejará toda su carga a través de la terminal TIL.
Antecedentes de los inversionistas: TIL tiene su origen en Suiza
En cuanto a la terminal IPM, inició operaciones en el puerto de Altamira en 1994, cuando Pinfra obtuvo el permiso para operar y administrar la terminal número 2.
Fidel Maldonado destacó que la compañía, al adquirir la terminal, ahora está invirtiendo en el crecimiento de sus patios y en modernizar su infraestructura con los mencionados 800 millones de pesos.
“Se vienen tiempos mejores cuando llegan inversionistas como TIL al puerto de Altamira”, concluyó.",GOOGLE_NEWS_RSS
El “influencer” de los años 40: cómo Marte R. Gómez logró que 37 genios del arte le regalaran su obra - oem.com.mx,2026-04-07 05:40,2026-04-07T05:40:53+00:00,oem.com.mx,,https://oem.com.mx/elsoldetampico/local/el-influencer-de-los-anos-40-como-marte-r-gomez-logro-que-37-genios-del-arte-le-regalaran-su-obra-29363390,https://news.google.com/rss/articles/CBMi3wFBVV95cUxNeUFJTkRya2V1clpnLWtoYlM5NFdFUEJKZ210cHJJcGxJWWhIY055Um5PRW12V0ZXVDJUOWZ0b0FhdGRraFF1bkxqRjczRWM2X2Y2YzlNNm1HMUotQ3dpQThHbS1CSlduRWxBNVBQNHpiMXVoQUxNcGFfM01pVkU3SVgyb3ItbjZZLWZHUGlEN3QyV0VxdGM3UWhqNHo2YWFzelVkYmk4WDNvSnRWdDNKbHYySjZ1UVpqVDl1VU9RNmU0VFNPOUxWLWVpRE0zMHhMRTlpQWY2Snh6eGRveUt3?oc=5,,"El “influencer” de los años 40: cómo Marte R. Gómez logró que 37 genios del arte le regalaran su obra
Del campo a las librerías del Sena, la historia el político mexicano que impulsó el arte desde la Secretaría de Hacienda
Itzia Rangole / El Sol de Tampico
La pregunta es ¿por qué los representantes más famosos de la pintura mexicana entregaron sus trabajos a un político mexicano?
Mecenas y coleccionista de arte: uno de los rostros de Marte R. Gómez
Su gestión política daría pie a la fundación el último día de 1946 del Instituto Nacional de Bellas Artes y Literatura (Inbal).
Fue precisamente esa institución la que el jueves 23 de noviembre de 2023, con motivo del quincuagésimo aniversario luctuoso de Marte R. Gómez le rindió un homenaje en la Sala Manuel M. Ponce del Palacio Bellas Artes.
Marte Gómez Leal expuso, sin especificar lugar, fecha o artista, que el cuadro con el cual Marte R. Gómez inició su colección le costó 300 pesos mexicanos. En la actualidad, la obra está valorada en 10 millones de dólares.
Diplomático y bibliófilo: los otros rostros de Marte R. Gómez
El autor señala que durante su tiempo en Francia, era usual encontrar a Marte R. Gómez en librerías de segunda mano a orillas del río Sena y en las aulas de la Escuela Libre de Ciencias Políticas.
Sepultado en la Rotonda de los Hombres Ilustres de Tamaulipas
Falleció a los 77 años, el domingo 16 de diciembre de 1973, en la ciudad de México. Fue sepultado, junto a otras ocho personas, en la Rotonda de los Hombres Ilustres de Tamaulipas.
En el municipio de Camargo, la presa que abastece de agua al Distrito de Riego 026 San Juan lleva su nombre, aunque también es conocida como “El Azúcar”.
El recinto está integrado por una sala de consulta, sala general, sala de usos múltiples, ludoteca y videoteca, aunado a una sala infantil, donde sabemos, de buena fuente, que niñas y niños acuden a hacer sus tareas y a perderse entre los libros.",GOOGLE_NEWS_RSS
Vivencias / Recordar el autismo: Cuidar también es incluir - oem.com.mx,2026-04-07 02:51,2026-04-07T02:51:10+00:00,oem.com.mx,,https://oem.com.mx/elsoldetampico/analisis/vivencias-recordar-el-autismo-cuidar-tambien-es-incluir-29345501,https://news.google.com/rss/articles/CBMiqwFBVV95cUxPbV95eGdpVVVMSTJGMTRhckVmLUlpamx2aVZocGotTUtxWUY2Q3dDTmphSDVqOXF5WFBueE40Y21sNHVLV3owdk8wR0Y4akxRNmstU1JQdVJQYmoxUVJFNUk0cWhYRzBIY2prc3l1eEk3TWQzcmZlOGVwcDJjX0lMOXNfSkhINVpzMFYtekVRTjlnRmtRNE9jV2xIVEFmbmtmdFhHU3ExeG1ZMkk?oc=5,,"Vivencias / Recordar el autismo: Cuidar también es incluir
Hay causas que no necesitan un día para existir, pero sí necesitan un día para ser recordadas. El autismo es una de ellas.
Y ahí entendí algo: el autismo no solo se vive en quien lo tiene, se vive en todo el entorno que aprende —a veces a prueba y error— a acompañar.
Durante años, el autismo vivió en silencio. No porque no existiera, sino porque no sabíamos nombrarlo. Y lo que no se nombra, se esconde; y lo que se esconde, no se atiende.
Por eso, la inclusión no puede quedarse en discurso.
Eso también es política pública.
Eso también es cuidar.
Porque cuidar no es solo asistir. Cuidar es reconocer, respetar, adaptar. Es hacer espacio sin obligar a nadie a dejar de ser quien es.
Y es, también, reconocer a quienes cuidan.
Pero saber todo esto no es suficiente.
Es la realidad.
Porque aunque no siempre lo digamos, todos hemos visto, todos conocemos, todos hemos estado cerca.
Y ocultarlo nunca ha sido la manera.
Una sociedad que no nombra, no incluye.
Y una sociedad que no incluye, no cuida.
Porque al final, no es el autismo lo que excluye. Es la falta de comprensión... y eso sí es responsabilidad de todos.",GOOGLE_NEWS_RSS
Bolsas globales cierran con cautela ante tensión en Oriente Medio y advertencias del FMI - Milenio,2026-04-06 23:42,2026-04-06T23:42:52+00:00,Milenio,,https://www.milenio.com/negocios/bolsas-globales-cierran-mixtas-tension-oriente,https://news.google.com/rss/articles/CBMihgFBVV95cUxPX1lEbWNITER4bW5qcEVBdGRIN3lLNzB5MXBxMm9ZUjh6WXQ4UGFNMWNBY2V3LTBnZ1hkNi1ZNXdyeDkxZERja1ZueHl2MnUzUF81cll2Z0pxNVU0aFRFZVVsWHdXYzdmdWlEZTg4ZDRtblM2OXZFUlhGZEk5WWV5eVhQaXhjQdIBhgFBVV95cUxPTHJXU2dTZzgxWkRhZGJvd25XNEM3Uy1hZWxJRVZ3WFdiRC05cUszZ05vNnQ5YWJDbnZ0SktwUG5MY1dHMVFFXzRQTVBhLWxvUVN0NDNodVdRS0VQa212M0ZHS192RXNFN2VyeU13MHdmcEhST2t5NHFVT2JqWFR1MFJDbFJJQQ?oc=5,,"Los mercados bursátiles del mundo cerraron la jornada de este lunes con movimientos mixtos y un tono de cautela, en medio de crecientes tensiones geopolíticas en Oriente Medio y nuevas advertencias sobre el crecimiento económico mundial por parte del Fondo Monetario Internacional (FMI).
En Estados Unidos, los principales índices bursátiles lograron cerrar en terreno positivo pese a un entorno económico con señales mixtas. El Nasdaq lideró las ganancias con un avance de 0.89 por ciento, seguido por el S&P 500 con 0.66 por ciento y el Dow Jones con 0.43 por ciento, mostrando resiliencia en medio de la incertidumbre global.
De acuerdo con Laura Torres, directora de inversiones IMB Capital Quants, este comportamiento se dio a pesar de que el índice de servicios del Institute for Supply Management reflejó una contracción en el componente de empleo y un incremento relevante en los precios pagados, lo que evidencia que las presiones inflacionarias continúan presentes en la economía estadounidense.
En Europa, los mercados registraron un desempeño mayormente negativo, con caídas en índices como el Stoxx 600 y el Ibex 35, en un contexto de cautela ante los riesgos geopolíticos y económicos. En contraste, Asia mostró mayor fortaleza, donde el índice Nikkei destacó con un avance de 1.24 por ciento, incluso cuando los rendimientos de los bonos japoneses a 10 años alcanzaron niveles no vistos desde 1999.
Mientras que en el mercado cambiario, el índice dólar (DXY) retrocedió ligeramente, lo que favoreció una recuperación en activos de mayor riesgo como el Bitcoin, que se elevó hasta los 69 mil 800 dólares. Por su parte, los metales preciosos como el oro y la plata registraron ligeras caídas, presionados por el repunte en los rendimientos de los bonos del Tesoro estadounidense.
El peso cerró la sesión con una apreciación de 0.74 por ciento, equivalente a 13.3 centavos, cotizando alrededor de 17.77 pesos por dólar.
El peso mexicano se apreció a la par de un retroceso del dólar de 0.12 por ciento de acuerdo con el índice ponderado, ante la especulación de que podría lograrse un cese al fuego en el conflicto de Irán.
No obstante, persiste la cautela en los mercados pues no hay certeza de que la guerra terminará pronto y el gobierno de Estados Unidos mantiene sus amenazas.
En este contexto, los mercados energéticos reflejaron con claridad el riesgo de interrupciones en el suministro global. El crudo WTI cerró en 112 dólares por barril, aunque registró variaciones intradía hacia los 103 dólares, mientras que el gas natural se proyectó hacia los 2.81 dólares por MMBTU.
Torres indicó que la creciente tensión en el Estrecho de Ormuz, punto estratégico para el tránsito de hidrocarburos a nivel mundial, ha incrementado la preocupación de los inversionistas ante posibles bloqueos, especialmente tras reportes de detenciones de buques de gas natural licuado provenientes de Qatar.
A pesar de este entorno adverso, el sector tecnológico logró sostener parcialmente el ánimo del mercado, impulsado por noticias corporativas de alto impacto.
Mientras que empresas como Meta Platforms destacaron tras anunciar su intención de liberar versiones de código abierto de sus próximos modelos de inteligencia artificial, en un movimiento estratégico para consolidar su liderazgo en el sector.
“En paralelo, OpenAI reforzó el optimismo entre los inversionistas al confirmar una recaudación de 122 mil millones de dólares y proyectar una posible salida a bolsa hacia el cuarto trimestre del año, lo que fortaleció el apetito por activos de crecimiento pese al ruido geopolítico”, dijo Laura Torres.
BMV cae ante tensión en Oriente Medio
En cuanto al mercado local, el panorama para la Bolsa Mexicana de Valores (BMV) se tornó más complejo ante la convergencia de una retórica bélica cada vez más agresiva y datos macroeconómicos que apuntan a un posible estancamiento global.
El S&P/BMV IPC reflejó este nerviosismo con una caída de 1.27 por ciento, al cerrar en 68 mil 835 puntos después de haber alcanzado un máximo intradía de 70 mil 018.
El mercado local inició la sesión con un tono positivo, pero fue perdiendo impulso conforme avanzó la jornada, presionado por la narrativa de “Miedo Extremo” que domina los mercados globales.
Detalló que Las emisoras de mayor peso, como América Móvil y Grupo Financiero Banorte, registraron retrocesos de 1.58 y 1.26 por ciento, respectivamente, lo que evidencia una salida de flujos institucionales hacia activos considerados más seguros.
A nivel sectorial, las mayores pérdidas se concentraron en compañías vinculadas al consumo y la industria. Fue Fomento Económico Mexicano encabezó las caídas con un retroceso de 2.4 por ciento, seguida por Industrias Peñoles con una baja de 1.90% y Walmart de México con una disminución cercana a 1 por ciento.
En contraste, los activos defensivos y aquellos ligados al sector energético lograron desmarcarse del sentimiento negativo del mercado. Fibra Educa destacó con un avance de 4.2 por ciento, mientras que Organización Soriana subió 2 por ciento y Vista Energy repuntó 1.8 por ciento , beneficiada por el entorno de precios elevados del crudo. Esta divergencia confirma una rotación del capital hacia activos con flujos más predecibles y exposición a valor real en medio de la incertidumbre global.
Torres indicó que la advertencia del Fondo Monetario Internacional sobre una revisión a la baja en el crecimiento para 2026, sumada al incremento en los precios de los servicios en Estados Unidos, ha generado un efecto de transmisión de riesgo directo hacia los mercados emergentes, explicó Torres.
Por lo anterior, México enfrenta una posición particularmente vulnerable debido a la presión inflacionaria derivada de un crudo WTI en niveles de 112 dólares, así como del encarecimiento de los combustibles, mientras que el ultimátum del presidente Donald Trump mantiene a los inversionistas en máxima cautela ante la posibilidad de un choque de oferta energética en el Estrecho de Ormuz.
AG",GOOGLE_NEWS_RSS
Hombre muere en entrada del Hospital Canseco en Tampico; investigan causas del deceso - oem.com.mx,2026-04-06 22:01,2026-04-06T22:01:09+00:00,oem.com.mx,,https://oem.com.mx/elsoldetampico/policiaca/hombre-muere-en-entrada-del-hospital-canseco-en-tampico-investigan-causas-del-deceso-29351847,https://news.google.com/rss/articles/CBMi0wFBVV95cUxPOWlEQWhZSzFHMUtfVV9ZcXJUSGt5a2ZOUWxzVFNhdEpaOUp0QTFXSHhYNU8xNUlvbTB2NTRvR0szLW5NS0NYc2UxQjlGbGZYZVUwMHJmSVYwVVBxWEJCSGlNQWlOSzllMTVqT21hdFFWM2ZscDJKS2JwM3FaVTcxU0o1b0ZfY01YQW5tOEVzS1luNWt0bERUdmNjalRiUnRwYzVtSkNtc2FmMXd3T0tvLXUwWTBEZjJxdmVnZnByR1NuZ0VxenhzSGFST282ZHNobEdZ?oc=5,,"Hombre muere en entrada del Hospital Canseco en Tampico; investigan causas del deceso
El fallecimiento generó la movilización de corporaciones de seguridad y autoridades ministeriales, mientras se realizan los procedimientos para esclarecer el caso y ubicar a sus familiares
Yadira Hernández
Personal médico intentó auxiliarlo, pero ya no contaba con signos vitales
Fueron precisamente los guardias de seguridad del nosocomio quienes, al notar que el individuo no reaccionaba a estímulos, solicitaron de inmediato el apoyo del personal médico.
Minutos después, especialistas del propio hospital acudieron al sitio para brindarle atención de urgencia; sin embargo, tras una valoración inicial, confirmaron que ya no contaba con signos vitales.
De manera preliminar, las autoridades indicaron que la causa del fallecimiento podría estar relacionada con un paro cardiaco; no obstante, será mediante las investigaciones y los estudios periciales cómo se determine con certeza el motivo del deceso.",GOOGLE_NEWS_RSS
"A 16 años del “Martes Negro”, el día que el silencio venció a Tampico - Milenio",2026-04-06 18:04,2026-04-06T18:04:00+00:00,Milenio,,https://www.milenio.com/estados/martes-negro-2010-tampico-guerra-carteles,https://news.google.com/rss/articles/CBMifkFVX3lxTE5tX3A1cDROSE00dlBHSi1HcGlpZlpxdWVucDVxTTA2OVlIVFR4RnE1TGhLa3R6SUZia1k3by1YNF9HUTRDcHl5My1LVlI3QmRqMXZFRndIRk02djRnal9maklvejlDU19mTzV4aG0wNlI4YnVMeDRQMVc4TU5oZ9IBfkFVX3lxTFByMDdMT1phN3RzNmdZeGJ0SkQ1eTZRSUpLUldZSXNtLXgxMzFzdzNXMWhKdTVrWFgyY1MxYWo3MjV2R1FqTU9IdTh0UUJSOGhWVkpRUWJxOVlzLURQR3dvNWx0Q2cwMHphMnZ2YkhuTFd4Rm9IUmVPYnZFZVYzdw?oc=5,,"Hace más de una década, los residentes de la zona sur de Tamaulipas escribieron un capítulo inédito en su historia moderna. No fue una orden gubernamental ni un decreto militar; fue el instinto de supervivencia el que dictó, por primera vez, un toque de queda voluntario. Aquel ""Martes Negro"", la violencia que se gestaba en las sombras logró lo que ninguna crisis económica o desastre natural había conseguido: detener el pulso de una ciudad.
La cuenta regresiva hacia el colapso comenzó a finales de febrero de 2010. En el norte del estado, los ecos de una guerra civil entre el Cártel del Golfo y Los Zetas vaticinaban una tormenta que no tardaría en bajar hacia el sur. Mientras los enfrentamientos incendiaban la frontera, en Tampico, Madero y Altamira el aire se volvía pesado.
Tampico se aferraba a la normalidad
Pese a la violencia latente, la ciudad intentó aferrarse a la normalidad. El 25 de marzo arrancaron las Fiestas de Abril, que celebran la repoblación de Tampico, uno de los eventos más importantes del sur de Tamaulipas, pues por la noche recibe a los visitantes que llegan de otros estados atraídos por Playa Miramar en vacaciones de Semana Santa. En los primeros días grupos emblemáticos como El Tri subieron al escenario, pero el ambiente era distinto. Corrían rumores de camionetas con civiles armados merodeando el recinto ferial; se hablaba de que estaban molestos por una marca de cerveza que se estaba vendiendo al interior, porque sí, el crimen organizado en ese tiempo decidía qué alcohol se bebía y cuál no, lo que dependía de un arreglo en el pago de una cuota; sin embargo, el discurso oficial se mantuvo inamovible: ""no pasa nada"". La celebración continuó hasta el fatídico 2 de abril.
Antes de caer la noche hubo un enfrentamiento al interior del más popular table dance de lujo ubicado sobre avenida Ayuntamiento y Ejército Mexicano; el lugar se caracterizaba por tener mujeres extranjeras, de una belleza extraordinaria. El intercambio de balazos entre presuntos gatilleros del Cártel del Golfo y sus ex aliados Zetas dejó 7 muertos: cinco hombres y dos bailarinas, el único hecho violento de esos días que había sido confirmado de manera oficial por las autoridades de Tamaulipas.
Concierto de terror con Jenni Rivera en Tampico en 2010
Mientras las fuerzas federales custodiaban al personal que hacía las labores periciales en el sitio de la balacera, 20 mil personas abarrotaban el Teatro del Pueblo para ver a Jenni Rivera, “la Reina de la Banda”. A las 21:00 horas, justo cuando la ""Diva de la Banda"" se disponía a salir, el pánico estalló. Un estruendo interpretado como detonaciones provocó una estampida humana. Zapatos abandonados y carriolas volcadas fueron el saldo de una noche donde la música fue reemplazada por gritos.
La gente que estaba en Playa Miramar, en Ciudad Madero, comentó que vieron salir por lo menos 10 camionetas en fila, con presuntos hombres armados, mientras que el pánico colapsó todo; los que intentaban salir de la feria no podían comunicarse con sus familias, pues las redes de telefonía celular se saturaron. Cuando se corrió el rumor de que algo había pasado en la feria, el transporte dejó de laborar, así que la mayoría de los asistentes tuvo que alejarse del sitio caminando, con miedo y sin saber siquiera qué había pasado.
Las autoridades tampoco dijeron mucho; tal vez si hubieran dado información se pudo haber evitado lo que vino en los siguientes días, pero el entonces alcalde, Óscar Pérez Inguanzo, que estaba en su último año de gobierno, se limitó a seguir las indicaciones del gobierno del estado, dirigido por Eugenio Hernández Flores, que decidió desestimar los actos violentos de forma pública con la insistencia de que Tamaulipas era un lugar seguro.
Tras un lunes 5 de abril marcado por una balacera sin reporte oficial en la Curva Texas, el amanecer del martes 6 de abril trajo consigo una tensión insoportable. Al mediodía, Tampico era un hervidero de especulaciones. A las dos de la tarde, la chispa saltó en la zona de los mercados: la gente comenzó a correr hacia el centro histórico, huyendo de supuestos hombres armados y estruendos de combate.
Momentos de terror e incertidumbre
La histeria colectiva vació las calles en minutos. Los comercios bajaron sus cortinas de acero, convirtiéndose en búnkeres temporales para transeúntes aterrorizados. Una vez que el ambiente pareció ""calmarse"", los dueños liberaron a sus empleados con la urgencia de quien despide a alguien hacia una zona de guerra. De nuevo, el silencio de los alcaldes y del gobierno estatal fue absoluto.
Para las tres de la tarde, lo impensable ocurrió. En una metrópoli de vocación comercial y tráfico incesante, que no paralizan ni las lluvias ni el frío, el primer cuadro se convirtió en un páramo. Solo el paso errante de algún transporte público rompía el vacío. Sin una sola patrulla ordenándolo, los ciudadanos se encerraron.
Los días que siguieron confirmaron que la pesadilla apenas comenzaba. La violencia dejó de ser sorda para volverse cínica: policías colgados en el puente “Las Vías” de Altamira y cuerpos abandonados frente a la presidencia municipal. La zona sur no recuperaría un respiro de calma real sino hasta el 2016.
Tampico, entre los mejores en índice de percepción de seguridad
En los últimos años, Tampico ha dado un giro estadístico radical, pasando de ser un foco rojo de inseguridad a estar entre los 10 primeros lugares en el índice nacional de percepción de seguridad.
Este renacimiento no fue fortuito. Fue el resultado de una sociedad que decidió que el miedo no sería eterno. La reconversión fue impulsada por ciudadanos y empresarios que no solo exigieron cuentas, sino que se involucraron en los procesos de seguridad. El ejemplo más tangible fue la decisión del sector empresarial de aceptar un aumento en el impuesto sobre nómina, con la condición innegociable de que ese recurso se etiquetara directamente para fortalecer la seguridad pública.
Hoy, a 16 años de aquel inicio de década violento, el ""Martes Negro"" permanece en la memoria como un recordatorio de que la paz no es un regalo del gobierno, sino un patrimonio ciudadano que debe vigilarse y defenderse todos los días.
ICGC",GOOGLE_NEWS_RSS
"Semana Santa deja ingresos por 2,900 mdp a Tamaulipas - Milenio",2026-04-06 16:26,2026-04-06T16:26:33+00:00,Milenio,,https://www.milenio.com/comunidad/semana-santa-2026-deja-derrama-2-900-mdp-tamaulipas,https://news.google.com/rss/articles/CBMijgFBVV95cUxPZHZlZThRQ3ByNjZFN29kV1g1TWYwUklDcDFaWUNtQzVuM19qZDNSMnpWQ1YtbXJXa2lYM0ZtTlJob2g2U0lSOTlLVlJDZkllWHBTbWN5R3RWOURNeENhNDNNRTVicFA4ejJ0NXJSTjg5MFlMb3o1Q3NvYi1yNDhsMzVWZk9FMG8wRkg3NGhR0gGOAUFVX3lxTFBlZ2xtQU05Zm52Y0ZNcXo0U3E2QlRFa2dkV1lJNk5oaHF2WjFaMl91aWNDdk5QN3I3a2ZyWTRFTU1uTlVNRWtPam1BMFlkUHNicEV6MU1ySkNHbkZiOWVwcWpJUTJVQzJZeTZ4NTVQemlYaG5GMk55eW93Q20zVnhYNUZDei12WHROVUs1QWc?oc=5,,"Las vacaciones de Semana Santa 2026 generaron una derrama económica de 2 mil 900 millones de pesos y consolidó a uno de los destinos por excelencia que es playa Miramar de Ciudad Madero, que atrajo a más de 450 mil visitantes durante el fin de semana.
El gobernador de Tamaulipas, Américo Villarreal Anaya destacó la coordinación entre las autoridades que confirmaron el operativo enfocado a las vacaciones de Semana Santa, desde el Centro Regional de Urgencias Médicas, Protección Civil, Guardia Nacional, Seduma, entre otras.
Frente frío no detuvo a los turistas
Este domingo concluyeron las vacaciones de Semana Santa con la llegada del frente frío 43, que no desanimó a los turistas para disfrutar del atractivo natural más importante que tiene Tamaulipas, en el sur de Tamaulipas, quienes estuvieron en diversas zonas del paseo.
“Tenemos hoy una expectativa de más de 900 mil visitantes para el día de hoy de acumulados”, aseguró el alcalde de Ciudad Madero, Erasmo González Robledo, para sumar al acumulado que tienen desde el pasado 27 de marzo, que comenzaron las vacaciones con el tradicional “Playazo”.
Turismo y religión impulsan la economía
Abraham Rodríguez Padrón, presidente de la Federación de Cámaras de Comercio, Servicios y Turismo en la entidad, manifestó que la playa y asuntos religiosos han sido la fortaleza de Tamaulipas para obtener este avance en la movilidad económica por temporada vacacional.
“Tenemos todas esas empresas que se dedican al turismo y la prestación de servicio, entonces hemos visto a través de ellos, en los municipios turísticos, que la gente prefirió playa y asuntos religiosos.
No nos afecta la lluvia porque ya hubo derrama económica, las familias ya estuvieron en supermercados, restaurantes, hoteles y el retorno será igual, tienen que prepararse para salir, cargar gasolina. El recurso que falta para llegar a la meta será en la última semana de vacaciones”.
Explicó que quienes vinieron ya invirtieron en gasolina, en el traslado en autobuses, en cuartos de hotel, comida en negocios o restaurantes y compras diversas, por lo que solo resta su retiro, en el cual también deben de invertir.
Prevén más ingresos en Semana de Pascua
Se espera que para la próxima semana se puedan obtener otros 500 millones de pesos en derrama económica, considerando que muchas familias se quedan en la zona el resto de las vacaciones.
Con respecto a las carreteras refiere que no han tenido ningún inconveniente por la vigilancia que se mantiene por parte de las autoridades del Gobierno de Tamaulipas en este caso elementos de la Guardia Estatal, quienes además de evitar situaciones de inseguridad también apoyan mecánicamente a los turistas en sus traslados.
SJHN",GOOGLE_NEWS_RSS
Call of Duty “lleva” a Tampico al mapa gamer con referencia a Playa Miramar y desata polémica en redes - Milenio,2026-04-06 07:00,2026-04-06T07:00:00+00:00,Milenio,,https://www.milenio.com/virales/call-of-duty-tampico-playa-miramar-polemica,https://news.google.com/rss/articles/CBMigAFBVV95cUxOdHJXaWI1elFJMHNkdHRzV05VNVlpSmJNblk4azl1OE91Z3J1Mlo1c1pNdFFpOGd4c1ZHRi14bUpRVUllRjRXeWJiTlpUd3E3YjQzYWV2QnYxYV8yN2Z4VmdTcGNsSF9pWUtGLThhU1NycEMySXZoWktrWGU4MmhJb9IBgAFBVV95cUxQcDJYVklUaThUZmdVQjZVekV6YUhJU2RvMjBfLXdORUV2cm1SNU1DZGd1Q2tKRmdGdnVtNHNYSWVOMHVDMkotck5Ua2czUER4alBMbWVELXdsUVBlSGRNMEoxRTFhMTRoRHVrYy0wWHB3WktCbWxTQS04QnZEWnpNRg?oc=5,,"La presencia de Tampico en el universo de los videojuegos volvió a generar conversación en redes sociales luego de que Call of Duty: Mobile incluyera una referencia visual a la zona sur de Tamaulipas en una de sus recientes publicaciones promocionales.
La imagen, que muestra una playa con un letrero alusivo a “Playa Tampico”, despertó tanto entusiasmo como polémica entre usuarios, especialmente por la forma en que se representó uno de los destinos más emblemáticos de la región.
Este tipo de guiños no solo evidencian el alcance global de la cultura gamer, sino también cómo elementos locales pueden convertirse en tendencia digital en cuestión de horas.
¿Por qué Call of Duty hizo referencia a Tampico?
La ilustración compartida por la franquicia muestra un entorno costero que muchos identificaron de inmediato como Playa Miramar, uno de los principales atractivos turísticos del sur de Tamaulipas. Sin embargo, lo que llamó la atención fue el letrero incluido en la imagen, donde se le nombra como “Playa Tampico”.
La referencia no fue casual. Call of Duty: Mobile aprovechó uno de los elementos más conocidos de la identidad local: la creencia popular sobre avistamientos de ovnis y la supuesta presencia extraterrestre en la zona.
Durante años, Tampico ha sido asociado con historias y teorías que lo colocan como un punto protegido o visitado por seres de otro planeta, una narrativa que ha trascendido generaciones y que incluso forma parte del imaginario colectivo en México.
Este contexto sirvió como base para promocionar nuevas apariencias de personajes dentro del videojuego con temática alienígena, conectando así el contenido del juego con una historia que ya tiene eco entre la comunidad digital.
Polémica en redes por la ubicación de Playa Miramar
Aunque la publicación fue bien recibida en términos generales, no tardaron en surgir reacciones, principalmente de usuarios de Ciudad Madero, quienes señalaron que Playa Miramar no pertenece a Tampico, sino a su municipio.
Este detalle desató una ola de comentarios, memes y bromas en redes sociales, donde internautas debatieron —en tono humorístico— sobre la correcta ubicación del destino turístico.
La discusión, lejos de escalar a un conflicto serio, se mantuvo en un ambiente relajado, reflejando el sentido de identidad regional y el apego que los habitantes tienen por sus espacios.
Más allá de la polémica, la publicación logró posicionar nuevamente a la zona conurbada del sur de Tamaulipas en la conversación digital, demostrando el poder que tienen las marcas globales para amplificar elementos culturales locales.",GOOGLE_NEWS_RSS
"Hidalgo, sin bloqueo carretero ante amenaza de transportistas este lunes 6 de abril - Milenio",2026-04-06 07:00,2026-04-06T07:00:00+00:00,Milenio,,https://www.milenio.com/comunidad/hidalgo-bloqueo-carretero-transportistas-lunes-6-abril,https://news.google.com/rss/articles/CBMikgFBVV95cUxOVHdFd0VkaU1LbFp1ejRHTkc3MUFEMEUzYXRjUmdiWl8zZG53WjhZZGpNTXdBTnlLakVvYmpROVZxa2x4bVBTNFJSbnREbmxnMzRIRDVHRllyMWM2ZzhCS2xtZ3JlM01VMDk5QzlxbzRVWjZpbWFneFRrc0gzcElmNEdpSngzbFFaYVZOQVdDNktMd9IBkgFBVV95cUxOS0JjMG5KWE15RXBubExKY2gtZU9zNzhQRERSTGI1WFQ3TFpuWmVPamd1c29MeUZWN25saGl5ajhmYmRpZDBqckhyU19fZWt2YVlGYjY4SkVhd3U1cmZoVHcyRE1iTGFYNFhKX0R6eUhXbmlULU5jbFFLeUJ1OXVDdU1KMzQwdEZlcFNRdlJIUlZlUQ?oc=5,,"Ante el paro convocado por la Asociación Nacional de Transportistas (ANTAC) para este lunes 6 de abril en distintas carreteras federales del país, el estado de Hidalgo no registró bloqueos carreteros.
Entre las vías carreteras a cerrar por la Asociación Nacional de Transportistas, se encontraba la carretera México-Pachuca, la cual es uno de los principales accesos a la ciudad de Pachuca, capital estado, sin embargo, no se presentó ningún bloqueo por parte de los transportistas.
Sin bloqueos y con circulación libre
La Secretaría de Seguridad Pública estatal reportó “sin novedad” en cuanto a bloqueos anunciados por los transportistas, lo mismo que en la carretera de cuota del Arco Norte que pasa por Pachuca.
Informó que ninguna de las ocho regiones del estado presentó paros o bloqueos por parte de integrantes de la Asociación Nacional de Transportistas. La Secretaría de Seguridad Pública reportó solo un bloqueo en el municipio de San Felipe Orizatlán, pero sin que estuviera relacionado con la ANTAC, se trató de personas inconformes por la falta de pago de predios por la ampliación carretera.
¿Por qué se anunciaron los bloqueos?
Previo a este lunes 6 de abril la Asociación Nacional de Transportistas informó que ante la falta de respuestas del Gobierno de México, agricultores y transportistas, de manera pacífica iniciarían un paro nacional de manera indefinida en 20 estados del país.
Esto, argumentó la agrupación, ante lo que consideró una falta de respuestas reales por parte del Gobierno Federal por la crisis de violencia y precariedad económica que enfrentan los transportistas.
La Asociación Nacional de Transportistas denunció que el transporte de carga en México atraviesa una situación crítica marcada por el aumento de homicidios, robos, desapariciones y extorsiones.
El paro de carreteras federales en el país incluía la carretera México-Pachuca, la cual entronca tanto Hidalgo como el Estado de México, sin embargo, la Secretaría de Seguridad Pública estatal informó que no solo no hubo bloqueos en Hidalgo sino tampoco en el Estado de México.
En Hidalgo, de acuerdo con la Secretaría de Infraestructura, Comunicaciones y Transportes (SICT), se cuenta con las carreteras federales México-Pachuca, Pirámides-Tulancingo, Pachuca-Ciudad Valles, Pachuca-Querétaro y Pachuca-Tuxpan.
Así como la carretera federal Pachuca-Ciudad Sahagún, Pachuca-Tampico, Apizaco-Tejocotal, Jorobas-Tula así como la carretera Huejutla-Chicontepec-Álamo conocida como las tres Huastecas.
De los 755.90 kilómetros de carretera federal en Hidalgo, la Secretaría de Infraestructura Comunicaciones y Transportes precisó que 226.53 kilómetros son de cuatro carriles y 529.37 son de dos carriles.",GOOGLE_NEWS_RSS
¿Tu jefe te escribe fuera de horario? Esto podría cambiar en Tamaulipas - oem.com.mx,2026-04-06 07:00,2026-04-06T07:00:00+00:00,oem.com.mx,,https://oem.com.mx/elsoldetampico/local/tu-jefe-te-escribe-fuera-de-horario-esto-podria-cambiar-en-tamaulipas-29351949,https://news.google.com/rss/articles/CBMiugFBVV95cUxNRUdza2hIYmhLTHN6aGNQRHZXZkE3anJiVVZhdEQ5T3lVN3ZRd2xkanN0VEFjYmRraEd0a3dtZUZSVGkxOEk0RkxYUDV2LUxTd3o1Mmt2Q2NoS2wxR2FoeWZ3QXNXWkZvcndhMVlSREkxZkctWXpTX1NZcWRvNWFKMnlXazBnVVhFVXBFeGRKOFpVV01JNmpDbm9IZl9tZkVIUFpaRUllY1pFYTZQeHFBbmlCR01oalliQUE?oc=5,,"¿Tu jefe te escribe fuera de horario? Esto podría cambiar en Tamaulipas
Desde el Congreso del Estado solicitaron fijar horarios de contacto y respetar el tiempo de descanso
Adolfo Ruiz Nuñez
Durante la última sesión ordinaria, el grupo parlamentario de Movimiento Ciudadano (MC), conformado por los congresistas Juan Carlos Zertuche y Mayra Benavides Villafranca, presentó la propuesta.
“Hoy las y los empleados están en guardia permanente; es decir, a la disposición del empleador a cualquier hora y en cualquier lugar”, explicó la bancada.
De momento, el proyecto de ley se encuentra con el estatus de “En estudio”, por lo que aún será analizada por la cámara local.
Horarios de contacto, respeto al descanso y cero uso de tecnología laboral; lo que piden en Tamaulipas
Como parte de las medidas a tomar, MC indicó que se centran en establecer un horario de contacto, para así, no irrumpir en el tiempo libre del colaborador.
“Normas que regulen el ejercicio del derecho a la desconexión digital, incluyendo horarios de contacto, uso de tecnologías y respeto al tiempo de descanso”, solicitó.
Sostuvo que este cambio es en virtud de un ambiente laboral saludable, para evitar posibles conflictos o molestias entre compañeros.
No sería para todos; solo este sector no tendría que tomar la llamada del jefe si se aprueba la ley en Tamaulipas
El cambio, precisó, sería a ley del Trabajo de los Servidores Públicos del Estado de Tamaulipas, por lo que solo aplicaría para trabajos de organizaciones públicas.",GOOGLE_NEWS_RSS
Ofertan más de 20 vacantes por apertura de supermercado en Tampico - Milenio,2026-04-06 07:00,2026-04-06T07:00:00+00:00,Milenio,,https://www.milenio.com/negocios/ofertan-20-vacantes-apertura-chedraui-tampico,https://news.google.com/rss/articles/CBMihAFBVV95cUxPRnRHM09ydkprVU9ZbGY0QUw0TzZ5TDd5ajZJNzRSUHE1RFFsVzF0OE5tSS0ydE10LXlZRERCYjVtaDF6WUlFLWx3TGFYZ3MxVnhsS3Z4VXJaYXBXMUtEOEUxaDQtcFVQSjdTOFFUQjRfUDN2aFJSVGU3N2hxY1JySXMwOHPSAYQBQVVfeXFMTWVBMVlDYmMzbGlOeUlpaWJNUGFfRVlwN21JMl9TS1pWYnhmdWlQaVNhZ0UxTHJkcjhUd3AzaUVLZkpWVGFkSGhXUXp0T296NVZGU3Rhd3dvRkNIRjdkY2tnTkxGak9qZkJiZ1FoWGVnYnZzWlRyOUVHTnNyZHZLR2tOT1g0?oc=5,,"Próximamente se abrirán nuevas oportunidades laborales en Tampico, será para la cadena Chedraui que, mediante las más de 20 vacantes disponibles, buscará contar con el mejor talento de la zona sur de Tamaulipas.
El Servicio Nacional de Empleo Tamaulipas abrirá sus puertas en sus oficinas en Tampico para recibir a los interesados en ser parte de una nueva rama de esa gigante cadena comercial, bajo el nombre de tiendas de autoservicio, Chedraui Selecto, que mediante su oferta laboral podrá capturar a los mejores talentos quienes buscarán demostrar sus habilidades en distintas áreas de este negocio el cual se ubicará en los cimientos de la antigua tienda Chedraui en plaza Cristal en la avenida Hidalgo de Tampico.
Horarios y ubicación de reclutamiento para Chedraui en Tampico
Las oficinas del SNE están ubicadas en avenida Faja de Oro, número 101, en la colonia Minerva y los interesados podrán asistir este miércoles 8 de abril de 9:00 am a 2:00 pm.
AQUÍ la ubicación:
Vacantes de Chedraui en Tampico
Dentro de las más de 20 vacantes se podrán encontrar.
Jefaturas de departamentos:
- Imagen visual
- Bodega
- Prevención de pérdidas
- Ropa
- Mercancías generales
- Carnes
- Pescadería
- Frutas y verduras
- Alimentos
- Salchichonería
- Lácteos y congelados
- Farmacia
- Electrónica
- Enseres y muebles
- Panificadora
Así como: Jefe de productos de gran consumo, colaborador de pisos de venta, tablajeros y panaderos.
¿Qué es Chedraui Selecto?
Esta serie de tiendas son formato premium de la cadena mexicana de supermercados Chedraui, diseñado para clientes de nivel socioeconómico medio-alto y alto. Ofrece una experiencia de compra gourmet con productos de alta gama, importados, cava de vinos, alimentos preparados, áreas de restaurantes y mayor variedad de perecederos frescos, diferenciándose de una tienda Chedraui convencional.
JETL",GOOGLE_NEWS_RSS
Playa Miramar registró afluencia de casi un millón en Días Santos - Milenio,2026-04-06 07:00,2026-04-06T07:00:00+00:00,Milenio,,https://www.milenio.com/estados/playa-miramar-supera-933-mil-turistas-semana-santa-2026,https://news.google.com/rss/articles/CBMikAFBVV95cUxNZGRGV0UxVVd4SDcyTWdjdVBkdW81NGU1RzVLWXFQOHdORTJIbzctMk8zOTBIWjdzWXZ2LUNJR3NZbENDamtuTDNmSGlsekpTa2tPVHEtNkJjankwd0NRX1NEanBtSl9TSEdwRWtVMkxuR2RtVm5JRTFSUlVfZkQtN1FqMUJjVFJpbzdaVEhxTDPSAZABQVVfeXFMTkxZZTZ0M0VNdUxnWmdYckVJU0N2ZG1RUjV3eTBuNlpwTkRfWldOSy05aVd6NUU0SDJ1d3dWWDBpVXZhaXYzSVNDRzBVSXpjdnQ0TWxfNnpPMGsyWWpTZmNqbzRfV2NyUVlGNjcxbzNqX0dsNmR1MW9vZlZaOGoyV3cwQjU1NGxDRUFTSHZLa0Ry?oc=5,,"A la playa de Miramar ingresaron 933 mil 876 turistas durante las vacaciones de Semana Santa 2026, de acuerdo al acumulado hasta este domingo de Resurrección, detallaron los datos oficiales de Madero.
Durante el cierre de actividades se dieron a conocer los datos de acumulados desde el pasado viernes 27 de marzo, que comenzó “El Playazo” y con ello el periodo vacacional, hasta este domingo que culminaron los días más fuertes de la Semana Mayor. Las condiciones climatológicas afectaron la afluencia de turismo al máximo paseo, reconoció el alcalde de Ciudad Madero, Erasmo González Robledo, pero se espera que en los próximos días, en Semana de Pascua, que mejoren las condiciones climatológicas.
“En el transcurso de la semana esperamos rebasar el millón de visitantes y superar la meta, es el propósito, superar el millón 300 mil que tuvimos el año pasado y esto es lo que esperamos”, recalcó el alcalde.
Las cifras registradas, aseguró el alcalde de la urbe petrolera, tiene que ver “con la promoción que hemos hecho junto con el gobierno del estado, en Nuevo León y en todo Tamaulipas, que es otro de nuestros grandes mercados regionales”.
Detalló que aunado a los turistas de Nuevo León, San Luis Potosí, Coahuila, CdMx, Estado de México, han comenzado a detectar la presencia de más turismo proveniente de Guanajuato, además de municipios de Tamaulipas y el Norte de Veracruz.
Miramar se consolida como destino del Golfo de México
“Playa de Miramar se sigue consolidando como el principal punto turístico de playa del Golfo de México y uno de los más importantes en el país en esta temporada vacacional”, puntualizó González Robledo.
Derrama económica supera los 868 millones de pesos
Gracias al esfuerzo coordinado entre el Gobierno del Estado, y el municipal se lograron resultados altamente positivos durante el periodo de Semana Santa, reflejándose en una derrama económica estimada en 868 millones de pesos, reflejo del dinamismo turístico y la confianza de los visitantes en el destino.
Destaca también la realización de conciertos en la playa, que registraron una asistencia histórica de 40 mil personas el viernes 3 de abril, consolidando a Ciudad Madero como uno de los principales destinos turísticos de la región.
Saldo blanco durante operativo de seguridad
De igual manera, gracias al operativo “Miramar, la playa que te cuida”, en el que participaron de manera coordinada los tres órdenes de gobierno, se reporta saldo blanco hasta el domingo 5 de abril, garantizando la seguridad y tranquilidad de los visitantes durante el periodo vacacional.
Al entrevistar a los turistas que hicieron el recorrido por Las Escolleras, los visitantes de ciudades como Torreón, aseguran que desde hace años han elegido Miramar para vacacionar y lo mismo ocurre con los visitantes neoleoneses.
Hubo una familia de Nuevo León que regresó a casa este domingo, quienes rentaron una camioneta tipo van para viajar hasta Miramar, al considerar que es un lugar en el cual se puede disfrutar la arena, el mar y la gastronomía.
También se pudo detectar a visitantes procedentes desde el sur de Texas, que por primera vez han tenido la oportunidad de conocer uno de los puntos más importantes en Tamaulipas, en el rubro del turismo.
SJHN",GOOGLE_NEWS_RSS
"Caso Ezequiel en Tampico: familia exige justicia y desmiente rumores, presunto responsable continúa prófugo - oem.com.mx",2026-04-06 07:00,2026-04-06T07:00:00+00:00,oem.com.mx,,https://oem.com.mx/elsoldetampico/policiaca/caso-ezequiel-en-tampico-familia-exige-justicia-y-desmiente-rumores-presunto-responsable-continua-profugo-29361794,https://news.google.com/rss/articles/CBMi7wFBVV95cUxNd1VVSExIZXp3OTZIQVhjM3dySHdCUmFPODhKSk1ybXBHYzRPYVUzd0RBd1JwZW1abkVUdUZOZ0N5eEU5eW1QaTl1bXZqdnBhWFgzcWRfZFpkdXByelJRNC1yY2JKTVZjeVNhdVVQT09UNm5nTkxVeWpaV3NMQkdWM1RNUS13dEpXbXAwMHhuU2tWLTV4VUpoOWVmNFBOamswMHIwcWFvRnE2OWo0TkRaaEJmQjdVTnVXY1ljZFNldnR6Q0N6Sm01UXFXZFdac0twUUJhMXBpTnl5YkxtVHNfRjRwSlRBdHl5Y0VEN3dIcw?oc=5,,"Caso Ezequiel en Tampico: familia exige justicia y desmiente rumores, presunto responsable continúa prófugo
La familia pide a la ciudadanía no caer en convocatorias externas y aclara que solo ellos informarán sobre el caso
Antonio Campos
Que el caso de Ezequiel no quede en el olvido: pide su esposa
Agregó que uno de los principales respaldos legales ha sido el del abogado Hugo Aldair García Cruz, a quien reconoció como una pieza fundamental en el seguimiento del proceso judicial desde el inicio del caso.
Avanza proceso judicial, pero principal acusado sigue prófugo
Agregó que la continuación de la audiencia ya tiene fecha programada, mientras continúan a la espera de información oficial sobre la orden de aprehensión contra el presunto responsable.
“No vamos a descansar hasta que atrapen al asesino. Lo único que queremos es justicia, que no siga libre y que pague por lo que hizo”, indicó.
Piden no difundir información falsa sobre el caso de Ezequiel
Además pidió a la población de Tampico no dejarse llevar por convocatorias o información falsa que circula en redes sociales, especialmente aquellas que convocan a manifestaciones o bloqueos sin el consentimiento de la familia.
Aclaró que cualquier posicionamiento oficial será difundido únicamente a través de sus redes sociales personales o las de familiares cercanos.
En ese sentido, lamentó que existan personas o páginas que intenten aprovecharse de la situación para difundir información incorrecta o incluso politizar el caso.",GOOGLE_NEWS_RSS
La cansada lucha de Gabriel para recibir un riñón en Tamaulipas: de hemodiálisis a ver cómo otros enfermos mor - Milenio,2026-04-06 07:00,2026-04-06T07:00:00+00:00,Milenio,,https://www.milenio.com/estados/cansada-lucha-gabriel-recibir-rinon-tamaulipas,https://news.google.com/rss/articles/CBMihAFBVV95cUxPZWRxb3diVWhZcmhxVnY5a0Q1S3pzR3VWR3hqeTlmTG1UOFlXM2tJeUZiTkpycVQxMWlSeWFzQU5KR2s1anlyeDNMcFc0V0haazdHZEUxcW9CX3E3bVBhUTFKMktMbVFjcm1mc0IzSkFrdmJVMTdzZGtqNmwxQmw4SWpucXXSAYQBQVVfeXFMUFNWYWs4NXVONW5XajlpZDlaU1pPbjFoWF9Bd1dVRUhoc2s1MzVHVWo3aXBMN0UybGhFSVRaTnl2b0lsNmZhQnh1dlg1SVJwVlBObWJ0QWZtdTl5Q0dOdXZ5QzhsTWlKUElybzlzcXNOeTRCWGdCWUJKeldnZXZXNjd0NXlF?oc=5,,"En 2015, cuando sentía que su cuerpo ya no respondía más, Gabriel Gálvez Martínez supo que no había marcha atrás. La enfermedad —silenciosa, heredada, incubada desde el nacimiento— finalmente lo había alcanzado: su riñón derecho, invadido por quistes, dejó de funcionar.
A los 56 años, quedó incapacitado para trabajar y entró, de golpe, a una rutina que para muchos es la antesala de la muerte: la hemodiálisis.
Desde entonces, su sangre comenzó a salir de su cuerpo, a través de un catéter en el área de la clavícula, para ser filtrada por una máquina antes de regresar a su organismo. Tres veces por semana, durante sesiones de tres horas, permanecía conectado a ese equipo que hacía lo que su riñón ya no podía.
Una sala donde también se pierde la vida
En esa sala no solo corría la sangre: también el tiempo, la incertidumbre… y, a veces, la vida misma. Vio pacientes irse, literalmente, en la silla que minutos después él ocuparía.
Presenció ausencias que dejaban el aire más pesado, pero decidió no rendirse. Caminaba, se mantenía activo, seguía cada indicación médica como si en ello le fuera la vida, porque, en realidad, así era.
Al tampiqueño, de profesión piloto naval, le tocó ver todas las edades del dolor, desde adultos mayores hasta adolescentes y niños. Rostros cansados, cuerpos debilitados, historias que parecían llegar demasiado tarde.
Con el tiempo, llegó a una conclusión que le dolía tanto como la enfermedad: en México no existe una cultura sólida de prevención, y muchas veces la salud se atiende cuando ya es urgente, cuando ya casi no hay margen.
El costo de seguir con vida
“Me tocó sentarme en la silla de donde estaban levantando el cuerpo de una persona que había fallecido. La gente puede morir ahí mismo en el proceso; vi fallecer a dos señores”. Aun así, asegura que nunca sintió miedo. Se aferró a la fe, se puso en manos de Dios y siguió adelante.
Tuvo que vender su casa y echar mano de sus ahorros de toda la vida para atenderse en un hospital privado. El camino hacia el trasplante fue largo y exigente. Un filtro implacable: estudios, valoraciones con distintos especialistas para asegurarse de que sus demás órganos funcionaban bien. Le retiraron la vesícula; tuvo incluso que sanar una caries dental, pues cualquier posible foco de infección jugaba en su contra.
Todo tenía que estar en óptimas condiciones para una segunda oportunidad.
Dos años sostenido por una máquina
Pasó dos años en espera, sostenido por la máquina que lo mantenía vivo y por la esperanza. En ese tiempo, conoció historias estrujantes: personas que llevaban hasta nueve años esperando, otras que nunca podrían ser trasplantadas por complicaciones adicionales.
Hasta que en agosto de 2017 llegó la llamada que lo cambió todo. Una joven, de apenas 17 o 18 años, había sido declarada con muerte cerebral, y su familia, en medio del dolor, tomó una decisión profundamente generosa: donar sus órganos.
En cuestión de horas, el mundo se aceleró. Médicos, quirófanos, traslados. Él era compatible. Esa noche entró al hospital y, al amanecer, su vida ya era otra.
Una vida prestada
El trasplante fue exitoso. Después de 15 días hospitalizado, salió con un riñón que no era suyo, pero que latía como una nueva oportunidad de vida. Desde entonces, su historia ya no le pertenece solo a él; también es la historia de una vida que continuó en la suya.
El camino no estuvo libre de obstáculos, porque, debido a que en el IMSS dejaron de realizarse trasplantes, con grandes esfuerzos recurrió a la atención particular, con el producto de la venta de su casa y los ahorros de toda una vida. No había otra opción.
Un sistema que no alcanza
Hoy, al mirar atrás, no guarda rencor. Reconoce la vocación de los médicos, pero también habla de un sistema público rebasado, de decisiones administrativas erráticas y de una burocracia que muchas veces acelera la muerte. Sabe que sobrevivir fue también cuestión de oportunidad y que no todos corren con la misma suerte.
Por eso insiste en lo esencial: confiar en los médicos, atender la enfermedad a tiempo y, sobre todo, hablar de lo que muchos evitan: la donación de órganos. Porque, en su historia, la vida no regresó por azar, sino por el acto generoso de alguien más, su esfuerzo por ahorrar y tener que deshacerse de su propiedad.
Factores que agravan la enfermedad
Hoy lleva una vida normal. Cuida de cinco perros y 10 gatos, y carga con una certeza que comparte como advertencia a los demás: “El azúcar y la presión alta pueden echar a perder los riñones”. Estos factores agravaron su condición, porque él ya traía un padecimiento genético.
La principal causa de la insuficiencia renal es la diabetes. Y cuando el riñón falla, deja de filtrar la urea y la creatinina; esas toxinas son las que terminan dañando el cuerpo.
Trasplante es más rentable, pero no se hace
Un trasplante renal en un hospital privado puede llegar a costar cerca de 800 mil pesos, mientras que en el sector público ronda los 350 mil, afirma la especialista Esmirna Chuy Díaz.
Sin embargo, el tratamiento de diálisis y hemodiálisis representa para el gobierno un gasto anual de entre 350 mil y 400 mil pesos por paciente; por ello, advierte, se podrían salvar más vidas si se fortaleciera la procuración de órganos.
La presidenta de la Fundación Humanitaria de Trasplantes de Tamaulipas explica que mantener a un paciente en terapias sustitutivas de la función renal representa un mayor costo para el sistema de salud, especialmente ante la saturación de los servicios, lo que obliga, en muchos casos, a subrogar la atención.
“Es mucho más rentable apostar por el trasplante que seguir tirando el dinero en las diálisis y hemodiálisis. Una vez trasplantado, el paciente queda con una buena calidad de vida y su seguimiento ya solo requeriría de 10 mil a 20 mil pesos anuales”.
Menciona que la saturación en la demanda de las máquinas dializadoras y la falta de prevención en la salud hacen que cada vez más pacientes dependan de tratamientos renales, y muchos de ellos no cuentan con recursos ni para comprar un catéter.
En Tamaulipas más de 7 mil personas necesitan un riñón
Considerada por la Organización Mundial de la Salud como la epidemia del siglo XXI, la insuficiencia renal consume los presupuestos públicos. En Tamaulipas, se estima que más de 7 mil personas la padecen y se tratan con diálisis o hemodiálisis.
“Es una enfermedad catastrófica que consume cualquier presupuesto. Está asociada principalmente a la diabetes, la hipertensión arterial y otros padecimientos crónico-degenerativos que pueden detonarla o agravarla”, explica.
Como ejemplo, la profesional de la salud menciona que, tan solo en el hospital del IMSS en Ciudad Madero, se atiende a más de mil pacientes en diálisis, un volumen que es insostenible.
La especialista subraya que la clave está en la prevención y en la atención oportuna de las enfermedades que derivan en daño renal. No obstante, cuando el padecimiento ya está presente, es fundamental iniciar tratamiento temprano para frenar su avance y valorar la posibilidad de un trasplante.
“Las diálisis y hemodiálisis se utilizan de manera indiscriminada porque no hay acceso al trasplante, pero también porque muchos pacientes desconocen que pueden ser candidatos a un trasplante y que se tienen que registrar en una lista de espera”.
Explica que la diálisis peritoneal, a diferencia de la hemodiálisis, se realiza mediante un catéter en el abdomen que permite filtrar los desechos desde el interior del cuerpo. Sin embargo, advierte que este tratamiento suele estar asociado a una menor calidad de vida y a un mayor riesgo de mortalidad.
“Las terapias sustitutivas apenas suplen alrededor del 5% de la función renal, no rehabilitan, solo prolongan la vida. Con hemodiálisis, aproximadamente la mitad de los pacientes sobrevive tres años, y en la diálisis peritoneal la mortalidad es aún mayor: solo el 30% alcanza ese tiempo”, puntualiza.
Tamaulipas, el más atrasado
Tamaulipas fue, en 2025, el estado con menos trasplantes renales: solo uno en todo el año, lo que refleja la dificultad de acceder a este servicio médico especializado.
El registro del Centro Nacional de Trasplantes indica que actualmente hay 17 mil 602 personas en espera de un órgano o tejido en México; de ellas, 15 mil 484 requieren un riñón; mil 880, córnea; 194, hígado; 24, corazón; 12, hígado-riñón; seis, riñón-páncreas; y dos, páncreas.
En el caso de Tamaulipas, la situación es crítica, con apenas un trasplante renal, proveniente de donante fallecido. En 2024 no se registraron procedimientos; en 2023 se efectuaron ocho; en 2022, cinco; en 2021, siete; y en 2020, cuatro. En años anteriores, la cifra fue ligeramente mayor, con 11 trasplantes en 2019 y 16 en 2018, lo que evidencia una tendencia irregular y a la baja.
Este panorama impacta directamente en la disponibilidad de órganos. En México, el 80% de los trasplantes se realiza con donantes vivos —generalmente familiares— y solo el 20% proviene de personas fallecidas, debido a la falta de cultura de donación.
La entrevistada refiere que la tasa de donación en Tamaulipas es de cero a 1.5 por cada millón de habitantes; en México es de seis, mientras que en estados como Nuevo León, Jalisco y la Ciudad de México llega a 12. “Pero si nos vamos a países líderes como España, la cifra se va a 50 por millón de habitantes”.
Aunque oficialmente hay más de 15 mil personas en lista de espera por un riñón, la especialista advierte que existe un subregistro. “La cifra es incalculable. No se conoce el dato real porque solo los hospitales con licencia sanitaria para trasplantar pueden registrar a los pacientes; sin embargo, hay estimaciones en la literatura que hablan de más de 30 mil”.
La alta incidencia de diabetes, principal causa de enfermedad renal crónica, ha incrementado la demanda de riñones. A diferencia de otros órganos, los pacientes renales pueden prolongar su vida mediante diálisis y hemodiálisis, lo que aumenta la lista de espera con el paso del tiempo.
Urge un centro estatal de trasplantes
Esmirna Chuy destaca que en España, uno de cada dos pacientes en diálisis recibe un trasplante. Si ese mismo criterio se aplicara en Tamaulipas, hoy al menos 3 mil 500 personas ya habrían sido trasplantadas.
“No es altruismo solamente”, dice. “Es política pública: allá hay asignación de presupuesto, todos los hospitales de tercer nivel están equipados con unidades de trasplante y con personal especializado incentivado”.
El reto, advierte la nefróloga, es que Tamaulipas cuente con un centro de referencia. Pese al desarrollo del estado, no se ha destinado presupuesto suficiente para atender la demanda y, ante la ausencia de hospitales públicos con esta capacidad, los pacientes son enviados a Monterrey o a la Ciudad de México.
Aunque en el Hospital Regional del IMSS en el sur del estado se realizan cirugías de procuración, los trasplantes se llevan a cabo en la sultana del norte, donde también existen largas listas de espera.
“Si consideramos que en Monterrey se realizan entre 70 y 80 trasplantes al año y hay más de mil pacientes en su propia lista, los tiempos de espera son muy prolongados. Lo ideal sería contar con un centro de referencia en Tamaulipas”, reitera.
Enfatiza que el problema no es tecnológico, sino de organización presupuestal y voluntad institucional. Recuerda que en el hospital del IMSS en Ciudad Madero se realizó el primer trasplante renal en Tamaulipas de donante fallecido en 2009, considerado un hecho histórico, así como otro de donante vivo en 2008. En dicho nosocomio, ella efectuó 36 trasplantes, siendo el último en 2015.
Comenta que, desde inicios de los años 2000, se empezaron a regular los trasplantes y México adoptó la figura del coordinador hospitalario de donación, inspirada en el modelo español, con el objetivo de fortalecer esta cultura y detectar posibles donantes.
España apuesta por trasplantar para salvar vidas
España ha hecho del trasplante su principal apuesta frente a la insuficiencia renal. No por casualidad, sino porque ofrece mejores resultados y salva más vidas, explica Montserrat Picazo Sánchez, nefróloga con más de dos décadas de experiencia y originaria de aquel país.
Para empezar, allá la seguridad social es universal, y esto incluye a la población inmigrante, que tiene acceso a tratamientos de diálisis cuando ya llevan un tiempo viviendo allá y también son integrados en la lista de espera de un trasplante.
Hay equidad social, refiere. Tener o no dinero no hace la diferencia en el tema, pues la administración pública asume el costo de tratamientos y trasplantes renales, luego de una detección oportuna.
“La cultura de donación es distinta: la ley considera a toda persona como potencial donante en condiciones óptimas. Aun así, siempre se pide el consentimiento familiar y en las unidades de cuidados intensivos siempre hay un coordinador de trasplantes”.
Picazo Sánchez sostiene que incluso los adultos mayores son considerados para un trasplante y que, de manera constante, se amplían las fuentes de donación para responder a la alta demanda de pacientes en lista de espera.
“La mayor esperanza de vida ha venido acompañada de más enfermedades crónicas. Por ello, España ha optado por priorizar los trasplantes, al ofrecer mejores resultados que sostener a los pacientes en diálisis o hemodiálisis”, reitera.
La doctora destaca que estas políticas han marcado la diferencia, han salvado vidas y permitido que pacientes renales trasplantados vivan más de 30 años, no solo sobreviviendo, sino con una mejor calidad de vida.
“Yo vengo de Cataluña, al norte de España, donde los centros de trasplante están concentrados en Barcelona. Allá, en un par de horas se puede llegar; aquí, en cambio, los pacientes tienen que recorrer una mayor distancia hasta Monterrey”.
Cada día que pasa es una prueba silenciosa: la fragilidad frente a la enfermedad, la distancia entre la esperanza y la atención médica, y la certeza de que cada retraso puede costar demasiado. Para quienes dependen de un trasplante, cada hora cuenta, cada kilómetro es un riesgo y cada día, una batalla que no siempre se gana",GOOGLE_NEWS_RSS
Verba luminis... palabras de luz / Ley del Turismo… - oem.com.mx,2026-04-06 07:00,2026-04-06T07:00:00+00:00,oem.com.mx,,https://oem.com.mx/elsoldetampico/analisis/verba-luminis-palabras-de-luz-ley-del-turismo-29345765,https://news.google.com/rss/articles/CBMingFBVV95cUxQM1VPM2QwZ3dtRms5RG1fWDc5dGtkZXl3UnhxUkRybnRJNUZFaHJHSHdzYnVES2hVQUx5dWVUTUNMdmZId2N6dTU5MmFHdk5QekQwWHA5UFMxUFZKNUIwdjRhV3F3MjMzUld3RzlEVDFBcHp3VTFBaEhlb2x5SDBrWTRORnh2a05GdDVBak91MkduZVZoaUQyV1J1SDVjdw?oc=5,,"Análisislunes, 6 de abril de 2026
Verba luminis... palabras de luz / Ley del Turismo…
.cesar.fentanesbanda@gmail.com
ÚLTIMAS COLUMNAS
Más Noticias
COLUMNAS
CARTONES
LOÚLTIMO
Newsletter
¿Te quedas fuera de la conversación? Mandamos a tu correo el mejor resumen informativo.",GOOGLE_NEWS_RSS
El cumpleaños del perro / Ventanas y fotografías - oem.com.mx,2026-04-06 07:00,2026-04-06T07:00:00+00:00,oem.com.mx,,https://oem.com.mx/elsoldetampico/analisis/el-cumpleanos-del-perro-ventanas-y-fotografias-29345815,https://news.google.com/rss/articles/CBMinwFBVV95cUxOeEhmalV6YTNLeElHWFRwRTN3a0dDemo0cmk4QmVqMkxKdGpnV1V4ak4xNXlkYzVoTVZTQkhFV3Eyc1JiN3Ntd1RxU3BYQThtZXdDSlhYZ3VCOFlZUTQ4SzNXeVZHUE9JTlZHTW1pMWdkRkR2YzE2S0tOanp5cndPZ3o4encxcjE1SkxTLVYyN0wzRnZxUmlGdzNfSkwyaXc?oc=5,,"El cumpleaños del perro / Ventanas y fotografías
Las ventanas son los ojos de la casa. Sin ventanas, de hecho, la casa estaría ciega, sin luz ni voluntad de mundo.
A través de la ventana se nos presenta la vida: la naturaleza, el transeúnte, el tráfico irremediable de los autos.
Si nos asomamos por una ventana, veremos que el mundo sigue vivo allá afuera. El mundo es según el estado de ánimo que tengamos.
Al día siguiente, el paciente de la ventana murió. El otro paciente, al ver la cama vacía con gran esfuerzo se levantó y llegó hasta la ventana y lo que percibió fue solo una calle miserable que daba hacia un basurero.
Para otro, ese mismo panorama es motivo de hastío, de una rutina que hace pensar en echarle un telefonazo al municipio para que poden dichos árboles, que pueden provocar corto circuito con los cables de energía eléctrica.
El mundo es según quien lo vea. Las ventanas significan libertad o prisión. Por las ventanas entra la luz solar y la humedad del espacio exterior.
Si una ventana permanece cerrada es como si el mundo (allá afuera) lo estuviera viendo un cíclope.
Las ventanas son los aleph palpables, construidos por el hombre a lo largo de los siglos.
En su obra el Timeo, Platón plantea al demiurgo como el autor de las formas geométricas que dan sustancia a lo recibido para dilucidar un modelo que construya el mundo que propone la imagen (fotografía), llevándolo al espacio de la significación.
Así, entonces, una fotografía tiene su semiótica en razón de dicha recepción por el ojo, sí, pero con la hondura invariable de lo cognoscitivo, el conocimiento hilado a la imagen.
Ver las fotografías de personas que hace años no veía, es más, de quienes llegué a pensar que ya estaban muertas, es motivo de alegría y de una emoción solo entendible en razón directa al afecto que tenía por ellas.
El tiempo es el material del cual estamos hechos. Es maleable y es de acero, es suave y áspero; tiene el olor moral de nuestros actos.
El tiempo tiene los gestos de nuestros hijos, la angustia de la mirada por los años venideros. Cuando uno planea él --el tiempo-- te mira y mueve su cabeza negativamente.
Nada de lo que hagamos tiene importancia frente al tiempo. Tarde o temprano nos masacrará, nos irá acabando con sus martillos invisibles.
¿Qué hacer? ¿Quién nos salvará del tiempo? El amor, con su silencio y su estruendo. El amor es también un camino humano. Basta limpiar el corazón y darse al otro.
Amar es abarcar lo infinito en un abrazo. Quien ama no teme al tiempo porque el tiempo no está hecho de amor, sino de olvido. Y el amor siempre es recuerdo, memoria que, aunque muramos, nos dará eternidad…",GOOGLE_NEWS_RSS
La Grilla - Milenio,2026-04-06 07:00,2026-04-06T07:00:00+00:00,Milenio,,https://www.milenio.com/opinion/editoriales/se-dice-en-la-grilla-tamaulipas/la-grilla_1121,https://news.google.com/rss/articles/CBMilAFBVV95cUxQX0wwSjZ5ZWhSMGV1Wkd0U2RWSktwU0oxT2xCX1ZkQmJucVRFbGd1dzRjSWdyTFJ5LTh4aVB0blN1Um0zVk1meGkwU3RHcjQ0eXg4bkVOWnpyUE95VWxQcWhKVnl4aUVzZzUwbzQwbXFzVWVuMG9kaHpkaTZqcFBwcHdyWTdqQnc3NDNzOGFEVURraVY10gGUAUFVX3lxTE5zY2oxckJhQTN2N1FreXdWcVRLYnU4UXZpLUhFamVWTFBJYXhEcWdFSjZ1alZKNTB0OUUxenZtZmxSZjBDdHJsMVJ5dEx1MkVCLUZoQlVDVXlWV3BUTGUtUm9ORXdpRUs1bkdVZFJ3akVmODBtemlTMTJUR0ZROGo2am9kcVZpLWNXbHp0VVFsWFRxSE0?oc=5,,"Que el gobernador Américo Villarreal celebró la llegada de miles de turistas a las playas de Tamaulipas durante las vacaciones de Semana Santa; sin embargo, una mención aparte merece Miramar como destino turístico, ubicado en el municipio que gobierna Erasmo González Robledo, el cual atrajo a la mayoría de los vacacionistas.
Que, desde Tampico, la alcaldesa Mónica Villarreal celebró un incremento en la afluencia de visitantes en los diversos atractivos de la ciudad, aumento que la edil presumió en redes sociales porque coloca al puerto como uno de los favoritos a nivel nacional; si no, pregúntenle a los regios y chilangos.
Que no ha dado resultados el operativo desplegado desde el viernes en el centro de Tamaulipas tras el escape del ex Gope, condenado a 70 años por la matanza de migrantes en Camargo, durante el gobierno de Cabeza de Vaca. Las autoridades de seguridad tendrán que aplicarse ante la peligrosidad del ex policía.
Que la lupa de la Auditoría Superior del Estado hizo recordar la administración del exalcalde maderense Adrián Oseguera, hoy diputado federal, pero no para nada bueno. Resulta que, en la cuenta pública 2023, hubo irregularidades por 4.6 millones de pesos, que aún está en tiempo de solventar el legislador, quien en las colonias anda diciendo que quiere volver a ser alcalde.
Que otro alcalde al que la Auditoría le ha hecho señalamientos sobre el destino de recursos públicos es el de González, Miguel Ángel Zúñiga, quien fue grabado participando en la fiesta de “Los Diablos”, tradicional de Semana Santa. Se dejó lazar como becerro para ser colgado en lo más alto de un poste: muchos desfiguros para un funcionario público que, aseguran los gonzalenses, les ha quedado a deber.
Que la senadora Olga Sosa aprovechó las vacaciones para continuar con las indicaciones de la presidenta Claudia Sheinbaum, que son estar cerca del pueblo. La legisladora porteña estuvo de gira de trabajo e información en la región citrícola de Tamaulipas, con su característica chamarra ribeteada con las grecas del traje típico tamaulipeco.",GOOGLE_NEWS_RSS
Hoteleros llegan a 97% de ocupación y crece llegada de regios a la zona sur de Tamaulipas - Milenio,2026-04-06 07:00,2026-04-06T07:00:00+00:00,Milenio,,https://www.milenio.com/negocios/hoteles-tamaulipas-alcanzan-97-ocupacion-semana-santa,https://news.google.com/rss/articles/CBMijwFBVV95cUxOdUJxaTlzamVmcGtEaVItS2VFOXNWU2dYc0lOM0xzQktLa1dUczRvVWU5UkpCWkNOdlhhOGhEVzYzRWQxeTVGV212a1dkWk1wSEVKX3VTTzNUUi1paDRnaXdjRFIteDdBUlF0NlRFTWVpWTNXd2Y0SmlDMTV1RFd0eFdCMk9leFBTdkMzbDhfZ9IBjwFBVV95cUxNX1VyNEFOTy1td1JUZnJ4QUVqNzNyb2NnSTcwX1dsQmxfNW0yam1qSDB3WmFYVmo0cU1HLTFlcE11NTk5YTRlWUp5d0FXQk9CZHAzTmxCdjlnQUVmclZ6ZHFvajFfNTBBN1VjYlE2MzdDMGVoRTZJSWpxRHAwSzlKclEwN00yeEgxY0pFZjJ5aw?oc=5,,"Los empresarios hoteleros detallaron que en esta Semana Santa alcanzaron en un día hasta el 97% de ocupación, un punto más que el año pasado, y además creció hasta 10% el número de visitantes procedentes de Nuevo León.
“El jueves comenzó a levantar la ocupación con un 81% en Tampico y Ciudad Madero, el viernes con 97% y el sábado va a rondar entre el 85% y el 95%”, aseguró Jorge Marón Ceja, presidente de la Asociación Mexicana de Hoteles del Sur de Tamaulipas.
Insistió que son los números que corresponden al día más fuerte en lo que se refiere a la ocupación hotelera de todos los integrantes de la Asociación de Hoteles en Tampico, Ciudad Madero y Altamira, que se benefician con la llegada de visitantes durante el período vacacional.
Explicó el empresario tampiqueño que se superó la estadística del viernes Santo del año pasado, considerado el día más fuerte de la Semana Santa, aproximadamente un punto porcentual.
Nuevo León, principal mercado turístico
Asimismo, aseguró que los visitantes de los diversos municipios de Nuevo León aumentaron en estas vacaciones de Semana Santa y es una tendencia que se ha logrado notar desde los últimos dos años.
“El 60% o hasta más, son nuestros visitantes número uno, son nuestros visitantes número uno y hay que estar atentos en cuanto a promoción, si es un número muy importante y creo que nuestros visitantes son del estado de Nuevo León, de Tamaulipas, CdMx, San Luis Potosí, son como los más grandes”, recalcó.
Sobre el aumento, indicó, aumentó entre un 7% y 10% la presencia de los turistas que vienen desde los municipios de dicho estado.
“Son buenos números los del periodo vacacional, pero anteriormente había sido una afluencia floja, durante los días previos, que fue complicada en temas de la ocupación”.
Promoción turística impulsa resultados
Recalcó el empresario que se ha notado el trabajo de las autoridades en lo que se refiere a la promoción turística, un rubro en el cual tendrán que seguir trabajando para poder mantener aumentado la preferencia de los turistas.
Explicó que normalmente en este domingo de Resurrección se habla de una baja en la ocupación turística, ya que los visitantes aprovechan este día para retirarse a sus lugares de origen después de estar desde el jueves, viernes y sábado.
“Generalmente el día santo es cuando tenemos más ocupación en la plaza, generalmente tenemos un 94% o 93%, pero si hay que hacer mención que hemos venido a la baja en toda la semana”, refirió.
SJHN",GOOGLE_NEWS_RSS
¿Seguirá el frío en Tampico? Prevén temperaturas de 17°C y bancos de niebla para este martes - oem.com.mx,2026-04-06 07:00,2026-04-06T07:00:00+00:00,oem.com.mx,,https://oem.com.mx/elsoldetampico/local/seguira-el-frio-en-tampico-preven-temperaturas-de-17-c-y-bancos-de-niebla-para-este-martes-29362444,https://news.google.com/rss/articles/CBMi1gFBVV95cUxOaTFabHpDRW1wU0pOX1hxaVJGa3c1LVNrYW8zQlUwZlZ4N2VZdHR5dWxzRlRLaDRRWmFwa2tyWFpKRnZyS2ZFYVhCUTdVQlRkcFVWVzhQQVA3QldHYTgxRnJ6dGlLSmNPWTRhT0N3X09CMkR4bnlDRXpzblFMdTNaOGNqazVkeWNHRXp0SFhpSnhiRzdpUG1LNHUtRFFyUkk3MnlEUS1jc3UyNjN2b3FDMGFuTE8xbUQ5QlVEeHZaTkZCNDc0Wm95U1RLcGdaYThINGdOdWlB?oc=5,,"¿Seguirá el frío en Tampico? Prevén temperaturas de 17°C y bancos de niebla para este martes
En la zona conurbada de Tampico se prevé para el martes 7 de abril una máxima de 25°C y miníma de 17°C
Antonio Campos
El Servicio Meteorológico Nacional (SMN) de la Comisión Nacional del Agua (Conagua), dio a conocer que se prevé que la masa de aire polar asociada al frente mantendrá lluvias y bancos de niebla en zonas del oriente y sureste de México.
Pronóstico del tiempo para la zona conurbada de Tampico
Comentaron que en lo concerniente a la zona conurbada de Tampico se pronostica para este martes 7 de abril, un ambiente parcialmente soleado con temperaturas que van de los 25°C como máxima y 17°C como mínima.
Además la dependencia federal dió a conocer que hasta el momento se contemplan un 10% de probabilidad de precipitaciones, con humedad que alcanzará el 58% y vientos superiores a los 18 kilómetros por hora.
Pronóstico del tiempo para el centro y frontera de Tamaulipas
De acuerdo a Protección Civil Tamaulipas este es el pronóstico del tiempo para el martes 7 de abril:
Contemplan lluvias aisladas en algunas zonas tamaulipecas
Asimismo, por la mañana un ambiente fresco para el territorio tamaulipeco y veracruzano, con bancos de niebla en la región; frío en zonas serranas. Durante la tarde, ambiente templado.
Recordemos que el frente frío 43 en interacción con un canal de baja presión podría generar chubascos en algunas regiones de Tamaulipas; mientras que en los municipios de la zona conurbada de Tampico la temperatura llegará hasta los 24°C.",GOOGLE_NEWS_RSS
Claroscuro / Nos volvemos a encontrar - oem.com.mx,2026-04-06 07:00,2026-04-06T07:00:00+00:00,oem.com.mx,,https://oem.com.mx/elsoldetampico/analisis/claroscuro-nos-volvemos-a-encontrar-29345667,https://news.google.com/rss/articles/CBMikAFBVV95cUxOaGRNb0xUaTRDV2dLR29JN2NoeUZCUHRrYUhTZFBIU01qay1KemZpNlZOWHI4aXloaVM1dUJaZGlLS21DeS1LUWVxUS1WdnkyVWd4U1B0Y2psa2R0eldYdkFHZFhSaVZUdHF1VFhsTElza2h4NEY1U3JGOHN0WXFFRUd1RjN3MXk2Z3BtTkp5bDY?oc=5,,"Claroscuro / Nos volvemos a encontrar
Este avance impacta directamente en la formación de estudiantes de licenciatura y posgrado, quienes desarrollan habilidades científicas en entornos de alta exigencia, elevando su perfil profesional.
El golpe fuerte llegó entre 2016 y 2018. El escándalo de ‘Cambridge Analytica’ mostró que los datos de millones de usuarios de Facebook se usaban para influir en elecciones.
El problema es que el fondo siguió siendo el mismo… demasiado contenido.
Para 2022, se subían más de 500 horas de video por minuto a YouTube. En Twitter circulaban cientos de millones de publicaciones al día. Todo el tiempo, todo al mismo tiempo.
El resultado global, fue el cansancio. Entre 2021 y 2022 empezó a hablarse abiertamente de fatiga digital. La gente seguía conectada, aunque cada vez con menos paciencia.
Para 2024, más del 60 % de los usuarios ya dudaba de lo que veía en redes. La velocidad seguía ahí, aunque la confianza se debilitaba.
Las redes siguen como siempre, enormes, activas, influyentes. Aunque ya dejaron de sentirse como ese espacio limpio donde todos podían encontrarse.
Hoy se parecen más a un lugar donde cada quien escucha lo que quiere escuchar y refuerza lo que ya cree.
Al final, el ser humano termina regresando a lo esencial. A la conversación cara a cara, a la voz sin filtro, al momento que se puede comprobar sin pantalla de por medio.
COLOFÓN: Ni tan bellos como en las redes, ni tan flacos e inteligentes. Solo somos más humanos… empezamos a descubrir que existen personas que hasta nos caen bien.
E-mail: alejandrodeanda@hotmail.com
@deandaalejandro",GOOGLE_NEWS_RSS
La madriguera del lobo / Las piedras - oem.com.mx,2026-04-06 07:00,2026-04-06T07:00:00+00:00,oem.com.mx,,https://oem.com.mx/elsoldetampico/analisis/las-piedras-29360557,https://news.google.com/rss/articles/CBMicEFVX3lxTE9vdFNWSnBiVGRfWTJtV1ZHUXFuN3N0SnVNZzdONGl0SndqSVdZV0lvbVRWV1h0MW1wc0lrdXM3NVZaVjlKVS1BNmlxYmJLSjJIdWFDNU1MVXA5VWZhTzdFMkk5bnY4d0l2SzUwblNpR0U?oc=5,,"Análisislunes, 6 de abril de 2026
La madriguera del lobo / Las piedras
La de Semana Santa
Las de promesas de obra
Las de temporada electoral
LAS PIEDRAS, al final, siempre terminan hablando, de su historia, de su papel y hasta de la maravillosa presencia que tienen cómo imagen urbana.
Hasta pronto
ÚLTIMAS COLUMNAS
Más Noticias
COLUMNAS
CARTONES
LOÚLTIMO
Newsletter
¿Te quedas fuera de la conversación? Mandamos a tu correo el mejor resumen informativo.",GOOGLE_NEWS_RSS
Entre falta de jóvenes sacerdotes y la IA: así evoluciona el Seminario de Tampico - oem.com.mx,2026-04-06 07:00,2026-04-06T07:00:00+00:00,oem.com.mx,,https://oem.com.mx/elsoldetampico/local/entre-falta-de-jovenes-sacerdotes-y-la-ia-asi-evoluciona-el-seminario-de-tampico-29024477,https://news.google.com/rss/articles/CBMiyAFBVV95cUxNRTI5dzZSbllQTDJIMXcwWHBtb21RZThuY3JwaFkySHo0c0lqT3dEdDBtcUJkTXBKV1ptQkFKTHpqSjYzbktsTXlvRmUyY0l4SUU4eFhxdXE0YU9DSjZpQVFCQ2hiNTdJYnY4TWJaUEpnNlpZMHhPa2FQQWJxcElYTnRmWGcwNW41bU5rd3hOVXlycWUwNGpmMWI1WDc4NlVUa2dkT0pBZkk5RXhjWGtseV9DemZsRkNjdWppV0lXSkpDNTlDRUVTbQ?oc=5,,"Entre falta de jóvenes sacerdotes y la IA: así evoluciona el Seminario de Tampico
Con apenas 45 jóvenes en formación, mantienen la misión de preparar sacerdotes, mediante un proceso que dura más de una década
Yadira Hernández
El rector del seminario, José León Cárdenas Cuevas, reconoció que el contexto actual exige nuevas formas de acompañamiento hacia los jóvenes.
“Es fundamental escucharlos, entenderlos y acompañarlos. Los jóvenes de hoy son distintos, y eso implica también una manera diferente de guiarlos”, expresó.
Cambio de estructura en la familia: otro reto para el sacerdocio
Cárdenas Cuevas, quien regresó al seminario como rector hace tres años, admitió que asumir esta responsabilidad representó un desafío personal y pastoral.
“Para mí fue un reto volver, sobre todo por los cambios, pero el acompañamiento que he tenido con universitarios me ha ayudado a comprender mejor su realidad”, comentó.
Destacó que una de las principales herramientas en la formación sacerdotal es la escucha, elemento clave para quienes, en un futuro, estarán al servicio de la comunidad.
“Es una decisión que al principio no siempre se entiende en la familia, pero con el tiempo se va aceptando y fortaleciendo”, señaló el hombre que inició en el sacerdocio hace 37 años.
Uno de los factores que ha influido en la disminución de vocaciones es el cambio en la estructura familiar.
“Antes las familias eran de muchos hijos, hoy son más pequeñas, y eso impacta directamente en el número de jóvenes que consideran el sacerdocio”, explicó.
Hay 45 jóvenes en el Seminario de Tampico
Actualmente, el seminario cuenta con 45 jóvenes en formación: nueve en nivel preparatoria, seis en curso propedéutico, 25 en filosofía y cinco en teología.
De estos, solo 10 pertenecen a la Diócesis de Tampico, mientras que el resto proviene de otras regiones, como la Diócesis de Valles.
El proceso formativo es guiado por ocho sacerdotes:
¿Cuánto dura la formación de un sacerdote?
El proceso para convertirse en sacerdote es extenso y puede durar hasta 12 años. Inicia desde la preparatoria, continúa con un año propedéutico de discernimiento y sigue con estudios de filosofía y teología.
Previo al ingreso formal, los jóvenes atraviesan un proceso vocacional que incluye retiros, encuentros y acompañamiento espiritual.
“Hoy existe una estructura más definida en la promoción vocacional, donde los jóvenes son acompañados desde etapas tempranas, incluso antes de concluir la secundaria”, explicó Cárdenas.
El seminario también ha implementado esquemas como “seminaristas en familia”, en los que los aspirantes reciben orientación mientras permanecen en sus hogares.
La formación sacerdotal se sustenta en cuatro dimensiones fundamentales: humana, espiritual, intelectual y pastoral.
“Formamos pastores cercanos a la gente, que comprendan la realidad social y espiritual de quienes acompañan”, destacó el rector.
Durante su preparación, los seminaristas participan en actividades pastorales en parroquias, donde colaboran con catequistas, grupos juveniles y labores comunitarias.
Una formación que evoluciona e incluye IA; esto analizan en Tampico
Aunque la estructura básica del seminario se mantiene desde sus inicios, los programas han sido actualizados para responder a los nuevos tiempos.
Hoy, los estudios incluyen no solo materias tradicionales, también temas contemporáneos como tecnología e inteligencia artificial.
El objetivo es preparar sacerdotes capaces de enfrentar los retos actuales y emplear estas herramientas en su labor pastoral.
El uso de la IA y su impacto positivo en las labores pastorales no es ajeno a los formadores de sacerdotes.
“Estamos analizando cómo aprovecharlos adecuadamente, porque es parte de este tiempo”, refirió el entrevistado.
Leopoldo Espinoza, testimonio de vocación sacerdotal
Para el sacerdote Leopoldo Espinoza, con más de 50 años de vocación, la formación sacerdotal ha cambiado, pero conserva su esencia.
Recordó que en su época el proceso incluía años de estudio de latín y una disciplina más estricta, incluso en la vestimenta.
“Antes teníamos que usar sotana todo el tiempo, era una formación más rígida, pero eso nos dio fundamentos sólidos”, expresó.
Espinoza destacó que los cambios en la formación han permitido una mayor adaptación a la realidad social, sin perder el compromiso espiritual.
“Salimos bien preparados, motivados y firmes en nuestra vocación”, aseguró.",GOOGLE_NEWS_RSS
Éxito en turismo para la zona sur - Milenio,2026-04-06 07:00,2026-04-06T07:00:00+00:00,Milenio,,https://www.milenio.com/opinion/victor-hugo-duran/sin-codigo/exito-en-turismo-para-la-zona-sur,https://news.google.com/rss/articles/CBMimgFBVV95cUxOSGptUjdZczhYZUkzYW83RHhtUXRyVXl4UldQQjI4c0czWUJ0UWNZTmE3NFRncmVPRmxnQ1ctWkxkV3RaUWZTck1NOVo2OHdMaG5FVmNsUFpGV2pGVjBTRURURmFqTkFkWldEODBlYmFrbGVwNThsbE1MRHk3a0J6Zy1vcWJ3dDE5bnZvSWVHb0lDYkduS3NFNkd30gGaAUFVX3lxTE1YblJ2dDg2d2RpcjlNOHQ5d0tCZENudEpBOEkwY05KcUkxTlBMa0xjRHUzbENYUkp2dUxfdlk1bjI4SXQxWTR4OUF4QzNLYm1UWTR3dHAwb0pxclluMmtyYWVXbndKXzZlajJZdHlLMzJ2MDl6blU1SlZDUFZEUlBKclNnMXdlUkFvUy1JRC1mcl84emp1cHZIRXc?oc=5,,"El saldo turístico de Semana Santa fue un gran éxito por la presencia de visitantes y la derrama económica en la zona conurbada. Siendo casi 1.4 millones de personas, la joya de la corona volvió a ser Playa Miramar, teniendo comentarios muy positivos hacia las autoridades de Ciudad Madero, encabezado por el alcalde Erasmo González.
Si bien el edificio de la ex Aduana estuvo cerrado por su remozamiento, una renovada y amplia oferta presentó otras opciones con paseos por el río Pánuco, la laguna de Chairel, la vega escondida y el río Tamesí.
Se habla de un porcentaje menor al 10 por ciento arribaron por la carretera Mante-Tula-Ocampo, teniendo grandes expectativas hacia futuras temporadas.
Cuando se construyó hace años el gasoducto submarino por la empresa Transcanada, se dijo que el hidrocarburo importado de Estados Unidos sería administrado por la Comisión Federal de Electricidad (CFE), abastecer sus plantas y los excedentes se usarían para el desarrollo de la industria nacional.
Sorpresivamente, apareció New Fortress Energy del millonario Wes Edens, construyó frente a Altamira una planta de licuefacción, extrayendo producto del conducto y exportarlo a Europa y Asia. Ahora, con la guerra de Medio Oriente, el precio se disparó y las ganancias de la compañía se multiplicaron.
Voces del sector privado exigen transparencia, ver cuánto gana el país por esas operaciones y en qué se aplican los millones de dólares, pero sobre todo, cómo se invierte en las cadenas de distribución de la empresa pública.
La directora Emilia Calleja Alor trae consigo inversiones detenidas en regiones, incluidas Altamira y la frontera, en tanto se solucionan problemas de energía en otros países, teniendo apagones y cambios de voltaje en nuestro territorio.
Por último preocupa al campo tamaulipeco y la región huasteca la escasez y alza de precios de fertilizantes, arrastrado por el conflicto Rusia-Ucrania y la situación de Irán, siendo los dos últimos importantes productores del insumo.
Se revalúa la estrategia de una nueva planta en Poza Rica, en el complejo industrial “Escolín” ocupado por Pemex hace años. Se pide al gobierno destinar mil 553 millones de dólares, a fin de generar 2 mil 125 toneladas a base de urea y amoniaco, cubriendo la demanda nacional.
Ese contrato lo ganó la firma portuguesa Mota-Engil, la misma que construyó la carretera Tuxpan-Tampico",GOOGLE_NEWS_RSS
