{
  "clean_run_id": "E8_v3_clean",
  "comparacion_por_horizonte": [
    {
      "delta_direction_accuracy": -0.1923076923076923,
      "delta_loss_h": 0.09783468657716506,
      "delta_mae": 0.4318712341051918,
      "delta_risk_detection": -0.08333333333333337,
      "delta_rmse": 0.8824319616819056,
      "direction_accuracy_clean": 0.46153846153846156,
      "direction_accuracy_original": 0.6538461538461539,
      "horizonte_sem": 1,
      "loss_h_clean": 0.20695202341423216,
      "loss_h_original": 0.1091173368370671,
      "mae_clean": 0.5805199787877308,
      "mae_original": 0.148648744682539,
      "risk_detection_clean": 0.5,
      "risk_detection_original": 0.5833333333333334,
      "rmse_clean": 1.0520608833092815,
      "rmse_original": 0.1696289216273758
    },
    {
      "delta_direction_accuracy": -0.07999999999999996,
      "delta_loss_h": 0.04399395741137474,
      "delta_mae": 0.1722370485271352,
      "delta_risk_detection": -0.19999999999999996,
      "delta_rmse": 0.24547839962495918,
      "direction_accuracy_clean": 0.52,
      "direction_accuracy_original": 0.6,
      "horizonte_sem": 2,
      "loss_h_clean": 0.13539489012722844,
      "loss_h_original": 0.0914009327158537,
      "mae_clean": 0.3086608747603103,
      "mae_original": 0.1364238262331751,
      "risk_detection_clean": 0.4,
      "risk_detection_original": 0.6,
      "rmse_clean": 0.4101249543182546,
      "rmse_original": 0.1646465546932954
    },
    {
      "delta_direction_accuracy": -0.25,
      "delta_loss_h": 0.09551780077357577,
      "delta_mae": 0.4498476639596134,
      "delta_risk_detection": 0.0,
      "delta_rmse": 0.9333322810509438,
      "direction_accuracy_clean": 0.5,
      "direction_accuracy_original": 0.75,
      "horizonte_sem": 3,
      "loss_h_clean": 0.18272721930341346,
      "loss_h_original": 0.08720941852983768,
      "mae_clean": 0.5846527294730928,
      "mae_original": 0.1348050655134794,
      "risk_detection_clean": 0.7272727272727273,
      "risk_detection_original": 0.7272727272727273,
      "rmse_clean": 1.0974762720452895,
      "rmse_original": 0.1641439909943457
    },
    {
      "delta_direction_accuracy": -0.08695652173913049,
      "delta_loss_h": 0.05392728819016606,
      "delta_mae": 0.5158811843578011,
      "delta_risk_detection": -0.2222222222222222,
      "delta_rmse": 0.9251759220650564,
      "direction_accuracy_clean": 0.5652173913043478,
      "direction_accuracy_original": 0.6521739130434783,
      "horizonte_sem": 4,
      "loss_h_clean": 0.10268115942028985,
      "loss_h_original": 0.04875387123012379,
      "mae_clean": 0.6503209000146216,
      "mae_original": 0.1344397156568205,
      "risk_detection_clean": 0.4444444444444444,
      "risk_detection_original": 0.6666666666666666,
      "rmse_clean": 1.0904964835080597,
      "rmse_original": 0.1653205614430033
    }
  ],
  "l_total_radar_clean": 0.6277552922651639,
  "reference_run_id": "E8_v1_clean"
}