{
  "clean_run_id": "E8_v3_clean",
  "comparacion_por_horizonte": [
    {
      "delta_direction_accuracy": -0.26923076923076916,
      "delta_loss_h": 0.12582354508353555,
      "delta_mae": 0.4617813242922982,
      "delta_risk_detection": -0.25,
      "delta_rmse": 0.8976487079416448,
      "direction_accuracy_clean": 0.46153846153846156,
      "direction_accuracy_original": 0.7307692307692307,
      "horizonte_sem": 1,
      "loss_h_clean": 0.20695202341423216,
      "loss_h_original": 0.0811284783306966,
      "mae_clean": 0.5805199787877308,
      "mae_original": 0.1187386544954326,
      "risk_detection_clean": 0.5,
      "risk_detection_original": 0.75,
      "rmse_clean": 1.0520608833092815,
      "rmse_original": 0.1544121753676367
    },
    {
      "delta_direction_accuracy": -0.12,
      "delta_loss_h": 0.06692705107216398,
      "delta_mae": 0.1928620290765578,
      "delta_risk_detection": -0.4,
      "delta_rmse": 0.2597362963359828,
      "direction_accuracy_clean": 0.52,
      "direction_accuracy_original": 0.64,
      "horizonte_sem": 2,
      "loss_h_clean": 0.13539489012722844,
      "loss_h_original": 0.06846783905506446,
      "mae_clean": 0.3086608747603103,
      "mae_original": 0.1157988456837525,
      "risk_detection_clean": 0.4,
      "risk_detection_original": 0.8,
      "rmse_clean": 0.4101249543182546,
      "rmse_original": 0.1503886579822718
    },
    {
      "delta_direction_accuracy": -0.20833333333333337,
      "delta_loss_h": 0.09119828737648855,
      "delta_mae": 0.4501728070332698,
      "delta_risk_detection": 0.0,
      "delta_rmse": 0.938373076836147,
      "direction_accuracy_clean": 0.5,
      "direction_accuracy_original": 0.7083333333333334,
      "horizonte_sem": 3,
      "loss_h_clean": 0.18272721930341346,
      "loss_h_original": 0.0915289319269249,
      "mae_clean": 0.5846527294730928,
      "mae_original": 0.134479922439823,
      "risk_detection_clean": 0.7272727272727273,
      "risk_detection_original": 0.7272727272727273,
      "rmse_clean": 1.0974762720452895,
      "rmse_original": 0.1591031952091425
    },
    {
      "delta_direction_accuracy": -0.13043478260869568,
      "delta_loss_h": 0.058085518296027275,
      "delta_mae": 0.5225763373961725,
      "delta_risk_detection": -0.2222222222222222,
      "delta_rmse": 0.9204330514350008,
      "direction_accuracy_clean": 0.5652173913043478,
      "direction_accuracy_original": 0.6956521739130435,
      "horizonte_sem": 4,
      "loss_h_clean": 0.10268115942028985,
      "loss_h_original": 0.04459564112426258,
      "mae_clean": 0.6503209000146216,
      "mae_original": 0.1277445626184492,
      "risk_detection_clean": 0.4444444444444444,
      "risk_detection_original": 0.6666666666666666,
      "rmse_clean": 1.0904964835080597,
      "rmse_original": 0.1700634320730589
    }
  ],
  "l_total_radar_clean": 0.6277552922651639,
  "reference_run_id": "E8_v2_clean"
}