{
  "clean_run_id": "E8_v3_clean",
  "comparacion_por_horizonte": [
    {
      "delta_direction_accuracy": -0.39560439560439553,
      "delta_loss_h": 0.14294307396088873,
      "delta_mae": 0.4739599646374857,
      "delta_risk_detection": -0.34615384615384615,
      "delta_rmse": 0.9174657135789146,
      "direction_accuracy_clean": 0.46153846153846156,
      "direction_accuracy_original": 0.8571428571428571,
      "horizonte_sem": 1,
      "loss_h_clean": 0.20695202341423216,
      "loss_h_original": 0.06400894945334344,
      "mae_clean": 0.5805199787877308,
      "mae_original": 0.1065600141502451,
      "risk_detection_clean": 0.5,
      "risk_detection_original": 0.8461538461538461,
      "rmse_clean": 1.0520608833092815,
      "rmse_original": 0.1345951697303669
    },
    {
      "delta_direction_accuracy": -0.07259259259259254,
      "delta_loss_h": 0.05105531907118363,
      "delta_mae": 0.20799039568218108,
      "delta_risk_detection": -0.18333333333333335,
      "delta_rmse": 0.2806688159569143,
      "direction_accuracy_clean": 0.52,
      "direction_accuracy_original": 0.5925925925925926,
      "horizonte_sem": 2,
      "loss_h_clean": 0.13539489012722844,
      "loss_h_original": 0.08433957105604481,
      "mae_clean": 0.3086608747603103,
      "mae_original": 0.1006704790781292,
      "risk_detection_clean": 0.4,
      "risk_detection_original": 0.5833333333333334,
      "rmse_clean": 0.4101249543182546,
      "rmse_original": 0.1294561383613403
    },
    {
      "delta_direction_accuracy": -0.3076923076923077,
      "delta_loss_h": 0.11532932850604408,
      "delta_mae": 0.48270372931735306,
      "delta_risk_detection": -0.10606060606060608,
      "delta_rmse": 0.9657924705585522,
      "direction_accuracy_clean": 0.5,
      "direction_accuracy_original": 0.8076923076923077,
      "horizonte_sem": 3,
      "loss_h_clean": 0.18272721930341346,
      "loss_h_original": 0.06739789079736938,
      "mae_clean": 0.5846527294730928,
      "mae_original": 0.1019490001557397,
      "risk_detection_clean": 0.7272727272727273,
      "risk_detection_original": 0.8333333333333334,
      "rmse_clean": 1.0974762720452895,
      "rmse_original": 0.1316838014867373
    },
    {
      "delta_direction_accuracy": -0.1547826086956522,
      "delta_loss_h": 0.06515012647753565,
      "delta_mae": 0.5479958435801711,
      "delta_risk_detection": -0.3555555555555556,
      "delta_rmse": 0.954641264558169,
      "direction_accuracy_clean": 0.5652173913043478,
      "direction_accuracy_original": 0.72,
      "horizonte_sem": 4,
      "loss_h_clean": 0.10268115942028985,
      "loss_h_original": 0.03753103294275419,
      "mae_clean": 0.6503209000146216,
      "mae_original": 0.1023250564344506,
      "risk_detection_clean": 0.4444444444444444,
      "risk_detection_original": 0.8,
      "rmse_clean": 1.0904964835080597,
      "rmse_original": 0.1358552189498907
    }
  ],
  "l_total_radar_clean": 0.6277552922651639,
  "reference_run_id": "E1_v4_clean"
}