{
  "clean_run_id": "E8_v3_clean",
  "comparacion_por_horizonte": [
    {
      "delta_direction_accuracy": -0.34615384615384615,
      "delta_loss_h": 0.14209224352184324,
      "delta_mae": 0.47992119664889965,
      "delta_risk_detection": -0.33333333333333337,
      "delta_rmse": 0.9192089016886735,
      "direction_accuracy_clean": 0.46153846153846156,
      "direction_accuracy_original": 0.8076923076923077,
      "horizonte_sem": 1,
      "loss_h_clean": 0.20695202341423216,
      "loss_h_original": 0.0648597798923889,
      "mae_clean": 0.5805199787877308,
      "mae_original": 0.1005987821388311,
      "risk_detection_clean": 0.5,
      "risk_detection_original": 0.8333333333333334,
      "rmse_clean": 1.0520608833092815,
      "rmse_original": 0.132851981620608
    },
    {
      "delta_direction_accuracy": -0.16000000000000003,
      "delta_loss_h": 0.0638939871086738,
      "delta_mae": 0.20493521065647669,
      "delta_risk_detection": -0.29999999999999993,
      "delta_rmse": 0.27364098214803634,
      "direction_accuracy_clean": 0.52,
      "direction_accuracy_original": 0.68,
      "horizonte_sem": 2,
      "loss_h_clean": 0.13539489012722844,
      "loss_h_original": 0.07150090301855463,
      "mae_clean": 0.3086608747603103,
      "mae_original": 0.1037256641038336,
      "risk_detection_clean": 0.4,
      "risk_detection_original": 0.7,
      "rmse_clean": 0.4101249543182546,
      "rmse_original": 0.1364839721702182
    },
    {
      "delta_direction_accuracy": -0.29166666666666663,
      "delta_loss_h": 0.11454603805456316,
      "delta_mae": 0.48111027944232954,
      "delta_risk_detection": -0.09090909090909094,
      "delta_rmse": 0.9602855711984186,
      "direction_accuracy_clean": 0.5,
      "direction_accuracy_original": 0.7916666666666666,
      "horizonte_sem": 3,
      "loss_h_clean": 0.18272721930341346,
      "loss_h_original": 0.0681811812488503,
      "mae_clean": 0.5846527294730928,
      "mae_original": 0.1035424500307632,
      "risk_detection_clean": 0.7272727272727273,
      "risk_detection_original": 0.8181818181818182,
      "rmse_clean": 1.0974762720452895,
      "rmse_original": 0.1371907008468709
    },
    {
      "delta_direction_accuracy": -0.13043478260869568,
      "delta_loss_h": 0.06378126251346927,
      "delta_mae": 0.5481399425957401,
      "delta_risk_detection": -0.33333333333333337,
      "delta_rmse": 0.9509744293476035,
      "direction_accuracy_clean": 0.5652173913043478,
      "direction_accuracy_original": 0.6956521739130435,
      "horizonte_sem": 4,
      "loss_h_clean": 0.10268115942028985,
      "loss_h_original": 0.03889989690682059,
      "mae_clean": 0.6503209000146216,
      "mae_original": 0.1021809574188815,
      "risk_detection_clean": 0.4444444444444444,
      "risk_detection_original": 0.7777777777777778,
      "rmse_clean": 1.0904964835080597,
      "rmse_original": 0.1395220541604563
    }
  ],
  "l_total_radar_clean": 0.6277552922651639,
  "reference_run_id": "E1_v5_clean"
}