{
  "clean_run_id": "E6_v1_clean",
  "comparacion_por_horizonte": [
    {
      "delta_direction_accuracy": -0.1923076923076923,
      "delta_loss_h": 0.04892476029832586,
      "delta_mae": 0.06525702093586182,
      "delta_risk_detection": -0.25,
      "delta_rmse": 0.06160285285872566,
      "direction_accuracy_clean": 0.6153846153846154,
      "direction_accuracy_original": 0.8076923076923077,
      "horizonte_sem": 1,
      "loss_h_clean": 0.11378454019071477,
      "loss_h_original": 0.0648597798923889,
      "mae_clean": 0.16585580307469291,
      "mae_original": 0.1005987821388311,
      "risk_detection_clean": 0.5833333333333334,
      "risk_detection_original": 0.8333333333333334,
      "rmse_clean": 0.19445483447933365,
      "rmse_original": 0.132851981620608
    },
    {
      "delta_direction_accuracy": -0.16000000000000003,
      "delta_loss_h": 0.009812285457847,
      "delta_mae": 0.06548229570926278,
      "delta_risk_detection": 0.20000000000000007,
      "delta_rmse": 0.06288239362109593,
      "direction_accuracy_clean": 0.52,
      "direction_accuracy_original": 0.68,
      "horizonte_sem": 2,
      "loss_h_clean": 0.08131318847640163,
      "loss_h_original": 0.07150090301855463,
      "mae_clean": 0.1692079598130964,
      "mae_original": 0.1037256641038336,
      "risk_detection_clean": 0.9,
      "risk_detection_original": 0.7,
      "rmse_clean": 0.19936636579131414,
      "rmse_original": 0.1364839721702182
    },
    {
      "delta_direction_accuracy": -0.16666666666666663,
      "delta_loss_h": 0.0379941074319563,
      "delta_mae": 0.07281403861469529,
      "delta_risk_detection": -0.09090909090909094,
      "delta_rmse": 0.07567550838963472,
      "direction_accuracy_clean": 0.625,
      "direction_accuracy_original": 0.7916666666666666,
      "horizonte_sem": 3,
      "loss_h_clean": 0.1061752886808066,
      "loss_h_original": 0.0681811812488503,
      "mae_clean": 0.1763564886454585,
      "mae_original": 0.1035424500307632,
      "risk_detection_clean": 0.7272727272727273,
      "risk_detection_original": 0.8181818181818182,
      "rmse_clean": 0.21286620923650562,
      "rmse_original": 0.1371907008468709
    },
    {
      "delta_direction_accuracy": -0.2608695652173913,
      "delta_loss_h": 0.030145482999497868,
      "delta_mae": 0.15159823664514094,
      "delta_risk_detection": -0.11111111111111116,
      "delta_rmse": 0.15719532768705116,
      "direction_accuracy_clean": 0.43478260869565216,
      "direction_accuracy_original": 0.6956521739130435,
      "horizonte_sem": 4,
      "loss_h_clean": 0.06904537990631845,
      "loss_h_original": 0.03889989690682059,
      "mae_clean": 0.25377919406402244,
      "mae_original": 0.1021809574188815,
      "risk_detection_clean": 0.6666666666666666,
      "risk_detection_original": 0.7777777777777778,
      "rmse_clean": 0.29671738184750746,
      "rmse_original": 0.1395220541604563
    }
  ],
  "l_total_radar_clean": 0.3703183972542414,
  "reference_run_id": "E1_v5_clean"
}