{
  "clean_run_id": "E4_v3_clean",
  "comparacion_por_horizonte": [
    {
      "delta_direction_accuracy": -0.4230769230769231,
      "delta_loss_h": 0.0842783627209016,
      "delta_mae": 0.06789252442561182,
      "delta_risk_detection": -0.5,
      "delta_rmse": 0.07254127558738388,
      "direction_accuracy_clean": 0.38461538461538464,
      "direction_accuracy_original": 0.8076923076923077,
      "horizonte_sem": 1,
      "loss_h_clean": 0.1569702320538611,
      "loss_h_original": 0.0726918693329595,
      "mae_clean": 0.17100074724397432,
      "mae_original": 0.1031082228183625,
      "risk_detection_clean": 0.25,
      "risk_detection_original": 0.75,
      "rmse_clean": 0.2011160550490227,
      "rmse_original": 0.1285747794616388
    },
    {
      "delta_direction_accuracy": -0.07999999999999996,
      "delta_loss_h": -0.0035017470463093586,
      "delta_mae": 0.019325214353881473,
      "delta_risk_detection": 0.09999999999999998,
      "delta_rmse": 0.030097855272907703,
      "direction_accuracy_clean": 0.56,
      "direction_accuracy_original": 0.64,
      "horizonte_sem": 2,
      "loss_h_clean": 0.07899054893368228,
      "loss_h_original": 0.08249229597999164,
      "mae_clean": 0.12474830980842948,
      "mae_original": 0.105423095454548,
      "risk_detection_clean": 0.7,
      "risk_detection_original": 0.6,
      "rmse_clean": 0.1619462114626966,
      "rmse_original": 0.1318483561897889
    },
    {
      "delta_direction_accuracy": -0.37499999999999994,
      "delta_loss_h": 0.07304982372696832,
      "delta_mae": 0.07413936542117446,
      "delta_risk_detection": -0.3636363636363637,
      "delta_rmse": 0.0798274689644771,
      "direction_accuracy_clean": 0.4166666666666667,
      "direction_accuracy_original": 0.7916666666666666,
      "horizonte_sem": 3,
      "loss_h_clean": 0.14199872190009571,
      "loss_h_original": 0.0689488981731274,
      "mae_clean": 0.18218052013656086,
      "mae_original": 0.1080411547153864,
      "risk_detection_clean": 0.45454545454545453,
      "risk_detection_original": 0.8181818181818182,
      "rmse_clean": 0.2172841481170919,
      "rmse_original": 0.1374566791526148
    },
    {
      "delta_direction_accuracy": -0.08695652173913038,
      "delta_loss_h": 0.004561173022104355,
      "delta_mae": 0.0075958815624053155,
      "delta_risk_detection": 0.0,
      "delta_rmse": 0.004418381090534551,
      "direction_accuracy_clean": 0.6086956521739131,
      "direction_accuracy_original": 0.6956521739130435,
      "horizonte_sem": 4,
      "loss_h_clean": 0.046814807610433266,
      "loss_h_original": 0.04225363458832891,
      "mae_clean": 0.10789283832132722,
      "mae_original": 0.1002969567589219,
      "risk_detection_clean": 0.6666666666666666,
      "risk_detection_original": 0.6666666666666666,
      "rmse_clean": 0.14516861561533786,
      "rmse_original": 0.1407502345248033
    }
  ],
  "l_total_radar_clean": 0.42477431049807235,
  "reference_run_id": "E3_v2_clean"
}