{
  "clean_run_id": "E4_v3_clean",
  "comparacion_por_horizonte": [
    {
      "delta_direction_accuracy": -0.47252747252747246,
      "delta_loss_h": 0.09296128260051766,
      "delta_mae": 0.06444073309372922,
      "delta_risk_detection": -0.5961538461538461,
      "delta_rmse": 0.0665208853186558,
      "direction_accuracy_clean": 0.38461538461538464,
      "direction_accuracy_original": 0.8571428571428571,
      "horizonte_sem": 1,
      "loss_h_clean": 0.1569702320538611,
      "loss_h_original": 0.06400894945334344,
      "mae_clean": 0.17100074724397432,
      "mae_original": 0.1065600141502451,
      "risk_detection_clean": 0.25,
      "risk_detection_original": 0.8461538461538461,
      "rmse_clean": 0.2011160550490227,
      "rmse_original": 0.1345951697303669
    },
    {
      "delta_direction_accuracy": -0.032592592592592506,
      "delta_loss_h": -0.005349022122362532,
      "delta_mae": 0.024077830730300273,
      "delta_risk_detection": 0.11666666666666659,
      "delta_rmse": 0.03249007310135632,
      "direction_accuracy_clean": 0.56,
      "direction_accuracy_original": 0.5925925925925926,
      "horizonte_sem": 2,
      "loss_h_clean": 0.07899054893368228,
      "loss_h_original": 0.08433957105604481,
      "mae_clean": 0.12474830980842948,
      "mae_original": 0.1006704790781292,
      "risk_detection_clean": 0.7,
      "risk_detection_original": 0.5833333333333334,
      "rmse_clean": 0.1619462114626966,
      "rmse_original": 0.1294561383613403
    },
    {
      "delta_direction_accuracy": -0.391025641025641,
      "delta_loss_h": 0.07460083110272633,
      "delta_mae": 0.08023151998082116,
      "delta_risk_detection": -0.37878787878787884,
      "delta_rmse": 0.0856003466303546,
      "direction_accuracy_clean": 0.4166666666666667,
      "direction_accuracy_original": 0.8076923076923077,
      "horizonte_sem": 3,
      "loss_h_clean": 0.14199872190009571,
      "loss_h_original": 0.06739789079736938,
      "mae_clean": 0.18218052013656086,
      "mae_original": 0.1019490001557397,
      "risk_detection_clean": 0.45454545454545453,
      "risk_detection_original": 0.8333333333333334,
      "rmse_clean": 0.2172841481170919,
      "rmse_original": 0.1316838014867373
    },
    {
      "delta_direction_accuracy": -0.11130434782608689,
      "delta_loss_h": 0.009283774667679073,
      "delta_mae": 0.005567781886876622,
      "delta_risk_detection": -0.13333333333333341,
      "delta_rmse": 0.009313396665447171,
      "direction_accuracy_clean": 0.6086956521739131,
      "direction_accuracy_original": 0.72,
      "horizonte_sem": 4,
      "loss_h_clean": 0.046814807610433266,
      "loss_h_original": 0.03753103294275419,
      "mae_clean": 0.10789283832132722,
      "mae_original": 0.1023250564344506,
      "risk_detection_clean": 0.6666666666666666,
      "risk_detection_original": 0.8,
      "rmse_clean": 0.14516861561533786,
      "rmse_original": 0.1358552189498907
    }
  ],
  "l_total_radar_clean": 0.42477431049807235,
  "reference_run_id": "E1_v4_clean"
}