{
  "clean_run_id": "E5_v3_clean",
  "comparacion_por_horizonte": [
    {
      "delta_direction_accuracy": 0.038461538461538436,
      "delta_loss_h": -0.004262416364385374,
      "delta_mae": -0.008073704677028323,
      "delta_risk_detection": 0.0,
      "delta_rmse": -0.002186227377197897,
      "direction_accuracy_clean": 0.8461538461538461,
      "direction_accuracy_original": 0.8076923076923077,
      "horizonte_sem": 1,
      "loss_h_clean": 0.06036703597717398,
      "loss_h_original": 0.06462945234155935,
      "mae_clean": 0.09793675634284307,
      "mae_original": 0.1060104610198714,
      "risk_detection_clean": 0.8333333333333334,
      "risk_detection_original": 0.8333333333333334,
      "rmse_clean": 0.1283633523844304,
      "rmse_original": 0.1305495797616283
    },
    {
      "delta_direction_accuracy": 0.0,
      "delta_loss_h": -0.00013328634424286667,
      "delta_mae": -0.0009372453032314987,
      "delta_risk_detection": 0.0,
      "delta_rmse": -0.001834181601423901,
      "direction_accuracy_clean": 0.6,
      "direction_accuracy_original": 0.6,
      "horizonte_sem": 2,
      "loss_h_clean": 0.08192168286652517,
      "loss_h_original": 0.08205496921076803,
      "mae_clean": 0.1049265568982619,
      "mae_original": 0.1058638022014934,
      "risk_detection_clean": 0.6,
      "risk_detection_original": 0.6,
      "rmse_clean": 0.1330288465225333,
      "rmse_original": 0.1348630281239572
    },
    {
      "delta_direction_accuracy": 0.0,
      "delta_loss_h": -0.000112082466760699,
      "delta_mae": -0.0006567862480760939,
      "delta_risk_detection": 0.0,
      "delta_rmse": -0.0009517932374422111,
      "direction_accuracy_clean": 0.7916666666666666,
      "direction_accuracy_original": 0.7916666666666666,
      "horizonte_sem": 3,
      "loss_h_clean": 0.07047213892811353,
      "loss_h_original": 0.07058422139487423,
      "mae_clean": 0.1096423040786673,
      "mae_original": 0.1102990903267434,
      "risk_detection_clean": 0.8181818181818182,
      "risk_detection_original": 0.8181818181818182,
      "rmse_clean": 0.1375800202928384,
      "rmse_original": 0.1385318135302806
    },
    {
      "delta_direction_accuracy": 0.0,
      "delta_loss_h": 0.004007876600620748,
      "delta_mae": -0.0018609713851627518,
      "delta_risk_detection": -0.11111111111111105,
      "delta_rmse": -0.0017312682578934369,
      "direction_accuracy_clean": 0.6521739130434783,
      "direction_accuracy_original": 0.6521739130434783,
      "horizonte_sem": 4,
      "loss_h_clean": 0.04855776888161493,
      "loss_h_original": 0.04454989228099418,
      "mae_clean": 0.10623922781867855,
      "mae_original": 0.1081001992038413,
      "risk_detection_clean": 0.5555555555555556,
      "risk_detection_original": 0.6666666666666666,
      "rmse_clean": 0.14843272821063005,
      "rmse_original": 0.1501639964685235
    }
  ],
  "l_total_radar_clean": 0.26131862665342764,
  "reference_run_id": "E5_v2_clean"
}