{
  "clean_run_id": "E5_v3_clean",
  "comparacion_por_horizonte": [
    {
      "delta_direction_accuracy": 0.038461538461538436,
      "delta_loss_h": -0.004492743915214925,
      "delta_mae": -0.002662025795988024,
      "delta_risk_detection": 0.0,
      "delta_rmse": -0.004488629236177599,
      "direction_accuracy_clean": 0.8461538461538461,
      "direction_accuracy_original": 0.8076923076923077,
      "horizonte_sem": 1,
      "loss_h_clean": 0.06036703597717398,
      "loss_h_original": 0.0648597798923889,
      "mae_clean": 0.09793675634284307,
      "mae_original": 0.1005987821388311,
      "risk_detection_clean": 0.8333333333333334,
      "risk_detection_original": 0.8333333333333334,
      "rmse_clean": 0.1283633523844304,
      "rmse_original": 0.132851981620608
    },
    {
      "delta_direction_accuracy": -0.08000000000000007,
      "delta_loss_h": 0.010420779847970532,
      "delta_mae": 0.001200892794428296,
      "delta_risk_detection": -0.09999999999999998,
      "delta_rmse": -0.003455125647684909,
      "direction_accuracy_clean": 0.6,
      "direction_accuracy_original": 0.68,
      "horizonte_sem": 2,
      "loss_h_clean": 0.08192168286652517,
      "loss_h_original": 0.07150090301855463,
      "mae_clean": 0.1049265568982619,
      "mae_original": 0.1037256641038336,
      "risk_detection_clean": 0.6,
      "risk_detection_original": 0.7,
      "rmse_clean": 0.1330288465225333,
      "rmse_original": 0.1364839721702182
    },
    {
      "delta_direction_accuracy": 0.0,
      "delta_loss_h": 0.002290957679263239,
      "delta_mae": 0.006099854047904099,
      "delta_risk_detection": 0.0,
      "delta_rmse": 0.00038931944596748425,
      "direction_accuracy_clean": 0.7916666666666666,
      "direction_accuracy_original": 0.7916666666666666,
      "horizonte_sem": 3,
      "loss_h_clean": 0.07047213892811353,
      "loss_h_original": 0.0681811812488503,
      "mae_clean": 0.1096423040786673,
      "mae_original": 0.1035424500307632,
      "risk_detection_clean": 0.8181818181818182,
      "risk_detection_original": 0.8181818181818182,
      "rmse_clean": 0.1375800202928384,
      "rmse_original": 0.1371907008468709
    },
    {
      "delta_direction_accuracy": -0.04347826086956519,
      "delta_loss_h": 0.009657871974794341,
      "delta_mae": 0.004058270399797045,
      "delta_risk_detection": -0.2222222222222222,
      "delta_rmse": 0.008910674050173761,
      "direction_accuracy_clean": 0.6521739130434783,
      "direction_accuracy_original": 0.6956521739130435,
      "horizonte_sem": 4,
      "loss_h_clean": 0.04855776888161493,
      "loss_h_original": 0.03889989690682059,
      "mae_clean": 0.10623922781867855,
      "mae_original": 0.1021809574188815,
      "risk_detection_clean": 0.5555555555555556,
      "risk_detection_original": 0.7777777777777778,
      "rmse_clean": 0.14843272821063005,
      "rmse_original": 0.1395220541604563
    }
  ],
  "l_total_radar_clean": 0.26131862665342764,
  "reference_run_id": "E1_v5_clean"
}