{
  "clean_run_id": "E12_v2_clean",
  "comparacion_por_horizonte": [
    {
      "delta_direction_accuracy": -0.0714285714285714,
      "delta_loss_h": 0.009133307412071037,
      "delta_mae": 0.012075676097779334,
      "delta_risk_detection": 0.01098901098901095,
      "delta_rmse": 0.02676992851061985,
      "direction_accuracy_clean": 0.7857142857142857,
      "direction_accuracy_original": 0.8571428571428571,
      "horizonte_sem": 1,
      "loss_h_clean": 0.07314225686541448,
      "loss_h_original": 0.06400894945334344,
      "mae_clean": 0.11863569024802444,
      "mae_original": 0.1065600141502451,
      "risk_detection_clean": 0.8571428571428571,
      "risk_detection_original": 0.8461538461538461,
      "rmse_clean": 0.16136509824098674,
      "rmse_original": 0.1345951697303669
    },
    {
      "delta_direction_accuracy": 0.1766381766381767,
      "delta_loss_h": -0.02309424223129438,
      "delta_mae": 0.017778554755534484,
      "delta_risk_detection": 0.25,
      "delta_rmse": 0.0326610450460052,
      "direction_accuracy_clean": 0.7692307692307693,
      "direction_accuracy_original": 0.5925925925925926,
      "horizonte_sem": 2,
      "loss_h_clean": 0.06124532882475043,
      "loss_h_original": 0.08433957105604481,
      "mae_clean": 0.11844903383366369,
      "mae_original": 0.1006704790781292,
      "risk_detection_clean": 0.8333333333333334,
      "risk_detection_original": 0.5833333333333334,
      "rmse_clean": 0.1621171834073455,
      "rmse_original": 0.1294561383613403
    },
    {
      "delta_direction_accuracy": 0.02564102564102566,
      "delta_loss_h": -0.004653202556846439,
      "delta_mae": 0.043137897756500274,
      "delta_risk_detection": 0.16666666666666663,
      "delta_rmse": 0.0558651405005072,
      "direction_accuracy_clean": 0.8333333333333334,
      "direction_accuracy_original": 0.8076923076923077,
      "horizonte_sem": 3,
      "loss_h_clean": 0.06274468824052294,
      "loss_h_original": 0.06739789079736938,
      "mae_clean": 0.14508689791223997,
      "mae_original": 0.1019490001557397,
      "risk_detection_clean": 1.0,
      "risk_detection_original": 0.8333333333333334,
      "rmse_clean": 0.1875489419872445,
      "rmse_original": 0.1316838014867373
    },
    {
      "delta_direction_accuracy": -0.08363636363636362,
      "delta_loss_h": 0.01828432134892216,
      "delta_mae": 0.025910050376890634,
      "delta_risk_detection": -0.30000000000000004,
      "delta_rmse": 0.03396454453490941,
      "direction_accuracy_clean": 0.6363636363636364,
      "direction_accuracy_original": 0.72,
      "horizonte_sem": 4,
      "loss_h_clean": 0.055815354291676354,
      "loss_h_original": 0.03753103294275419,
      "mae_clean": 0.12823510681134123,
      "mae_original": 0.1023250564344506,
      "risk_detection_clean": 0.5,
      "risk_detection_original": 0.8,
      "rmse_clean": 0.1698197634848001,
      "rmse_original": 0.1358552189498907
    }
  ],
  "l_total_radar_clean": 0.25294762822236416,
  "reference_run_id": "E1_v4_clean"
}