titulo,fecha,iso_date,fuente,autor,url,url_google,thumbnail,texto,origen
"Aumenta demanda de repelente en Tampico, escasea en algunas farmacias - El Sol de México",2026-04-19 07:00,2026-04-19T07:00:00+00:00,El Sol de México,,https://oem.com.mx/elsoldetampico/local/aumenta-demanda-de-repelente-en-tampico-escasea-en-algunas-farmacias-29576917,https://news.google.com/rss/articles/CBMiuAFBVV95cUxNMG1qbFFGb1FPa3F0SXNWbXBma0l3WXdLcVpMR28wc0JfcHlDNlZ2cUF4VDJUMndUN0pnaGliVDlsU2JoM25nWXcxaXh0ZzBQNXAxT0xPM0U3a2FGd1VPc29IMTFoa2hjOElvUDV6QXB5cjVjb3pHQmp4VDN5TGpNVE93SnpiWnJaU19SaUJBRmhCZzBQZlRBSjJvM1ZyWkRRV1REeUI5a3o3V09CWUtKT2l5dzFjVzN2?oc=5,,"Localdomingo, 19 de abril de 2026
Aumenta demanda de repelente en Tampico, escasea en algunas farmacias
Se recomienda aplicar el producto sobre la piel expuesta y, si es necesario, sobre la ropa para mayor protección
María Macías
Se recomienda aplicar el producto sobre la piel expuesta y, si es necesario, sobre la ropa para mayor protección
María Macías",GOOGLE_NEWS_RSS
Café Cultura / Textos de otro tiempo - El Sol de México,2026-04-19 07:00,2026-04-19T07:00:00+00:00,El Sol de México,,https://oem.com.mx/elsoldetampico/analisis/textos-de-otro-tiempo-29561696,https://news.google.com/rss/articles/CBMifkFVX3lxTE0tWGdQZHNIbVAweE9DRmdydkl0MmRtZXM5R0ZxNWNIU2J5NDZSY3YtVURYYVVqUElQMjdTeTE0bmVta0lkN3NfUE5vajRmTDlMQzNIRmYzRER0bXJUeXpVdW9ObXVjZXZPb1Z3RXJISVJGaDZZSG1HQ1dXcWcwQQ?oc=5,,"Análisisdomingo, 19 de abril de 2026
Café Cultura / Textos de otro tiempo
Las opiniones vertidas en este artículo son responsabilidad de quien las emite y no de esta casa editorial. Aquí se respeta la libertad de expresión
ÚLTIMAS COLUMNAS
Más Noticias
COLUMNAS
CARTONES
LOÚLTIMO
Newsletter
¿Te quedas fuera de la conversación? Mandamos a tu correo el mejor resumen informativo.",GOOGLE_NEWS_RSS
Atlético Morelia cae ante Tampico pero avanza a Liguilla como tercer lugar - El Sol de México,2026-04-19 07:00,2026-04-19T07:00:00+00:00,El Sol de México,,https://oem.com.mx/elsoldezamora/deportes/atletico-morelia-cae-ante-tampico-pero-avanza-a-liguilla-como-tercer-lugar-29579975,https://news.google.com/rss/articles/CBMiwwFBVV95cUxNWW9wVkxYejhfT2ZHM1VjTGN4amFpZ3hUYWhjNjBuSnV3aFl5WXFYQkdCMDVrejA4aHI5TktHcXpyYktET1lHQ082QW52OFM3Rnl0Z1RfSFlGZG01X2JGQXlBSkhzanRpbnN0ZWpJUTlyeGlLaXBqbnUyMC01TkpGU2xuTTMxcG5Qc0p3RkVVdGRXM0tDZGVVZWgzdDlRRDVRdlVORFB1TTJCOVZNMUFiOWU5Wm41alZnRUZxZ2ZfMnQyM1E?oc=5,,"Deportesdomingo, 19 de abril de 2026
Atlético Morelia cae ante Tampico pero avanza a Liguilla como tercer lugar
El equipo ya conoce rival y cerró el torneo con tres juegos seguidos sin triunfo antes de la fase final
El equipo ya conoce rival y cerró el torneo con tres juegos seguidos sin triunfo antes de la fase final",GOOGLE_NEWS_RSS
Empresarios de Tamaulipas ponen bajo lupa a Pemex tras derrame de hidrocarburos - El Sol de México,2026-04-19 07:00,2026-04-19T07:00:00+00:00,El Sol de México,,https://oem.com.mx/elsoldetampico/local/empresarios-de-tamaulipas-ponen-bajo-lupa-a-pemex-tras-derrame-de-hidrocarburos-29544064,https://news.google.com/rss/articles/CBMixwFBVV95cUxNeWRwZTJLUG5ZNmdnYnRzZGx0SFlNMWtzLVRrZ2RoZUFzTFprX1VoYy1QOFVUMDhpTUhMdk5XY1p3ekFRTFFndzhCaUd6ckdPYWRWczVIc0ZVRWhWS29HRTU4Mjk2QUZpdGZYU0pCQlhlQTFGMzhIZW5VUmJoYXY1UzFucDB4ZVlEWm5aQVU5d3ZXWFN3d1JGcERZZ3FETFBTNUF0NTM5ZDVPRHJFRUxwOHNFd2JaTFR0NFFSN1U2dVZ3QmZ6OWNJ?oc=5,,"Localdomingo, 19 de abril de 2026
Empresarios de Tamaulipas ponen bajo lupa a Pemex tras derrame de hidrocarburos
La inversión privada refiere que hizo falta una atención inmediata a este problema, que ha sido una alerta en el tema ambiental
María Macías",GOOGLE_NEWS_RSS
El cumpleaños del perro / 22 años sin Leonor Mejía - El Sol de México,2026-04-19 07:00,2026-04-19T07:00:00+00:00,El Sol de México,,https://oem.com.mx/elsoldetampico/analisis/22-anos-sin-leonor-mejia-29561783,https://news.google.com/rss/articles/CBMiggFBVV95cUxONVVERmpCWEtKRjhXMzFxX0xMaWJBM25CSXFEcG0wcUlTTUJDSFZNTlBGbE05U09TR1E4SHBmNUN0SXlrT1I2Y25obEFDWm1RTC02MzBHM2ItbEpmei01ZU5lcEwyN2Jfb2x2ajBMZGE3ZmExS0RISHcwa1ViMGJJTm53?oc=5,,"Análisisdomingo, 19 de abril de 2026
El cumpleaños del perro / 22 años sin Leonor Mejía
Las opiniones vertidas en este artículo son responsabilidad de quien las emite y no de esta casa editorial. Aquí se respeta la libertad de expresión
ÚLTIMAS COLUMNAS
Más Noticias
COLUMNAS
CARTONES
LOÚLTIMO
Newsletter
¿Te quedas fuera de la conversación? Mandamos a tu correo el mejor resumen informativo.",GOOGLE_NEWS_RSS
Frente frío 45 ya está aquí: boteros del río Pánuco extreman precauciones por norte y oleaje elevado - El Sol de México,2026-04-19 07:00,2026-04-19T07:00:00+00:00,El Sol de México,,https://oem.com.mx/elsoldetampico/local/frente-frio-45-ya-esta-aqui-boteros-del-rio-panuco-extreman-precauciones-por-norte-y-oleaje-elevado-29569946,https://news.google.com/rss/articles/CBMi4gFBVV95cUxOcEptVjZGVUd5YW9vaXBPSEoxZmZScEN1dUI4QnpyZEpyd0c5UXFfSmxMRGtUb3dHOUtWZk04eHBPX0g3U0lXZjhBRTRhSV9FNkNoVkY3UGFfZDBITFEyZUFJV3JHWXd1N2p5eGNzTzMxUUhGRnlhMndXVlN3ZkNQNHIwaktmeHFjNTRNNVBiOGZiS0xmVTdVdVh2THJwV3dXNmJWUk15LWRfR1JCNjkwWVJTLW9RNm5oTWlmQVVXYVpGbVhpVDh5aG9xNUg1dHdtOWM1MnRhd1JISDA5YzlPZXlR?oc=5,,"Localdomingo, 19 de abril de 2026
Frente frío 45 ya está aquí: boteros del río Pánuco extreman precauciones por norte y oleaje elevado
Las olas de hasta tres metros y tormentas eléctricas obligan a reforzar medidas de seguridad en los pasos de lanchas
Alfredo Márquez",GOOGLE_NEWS_RSS
"Paradigmas / Más que una fecha, un compromiso con el planeta - El Sol de México",2026-04-19 07:00,2026-04-19T07:00:00+00:00,El Sol de México,,https://oem.com.mx/elsoldetampico/analisis/mas-que-una-fecha-un-compromiso-con-el-planeta-29562264,https://news.google.com/rss/articles/CBMinwFBVV95cUxNRjllRkRYOWtZRXMxeVA4THJ0dUNZOUtHZXhTT19iRDZrVkE0YXROVmpMTXAwRjVKb0FpbXg3cDV3blRlMDdKUWh6bVY2SlVDTzFRMUVmM0MwamZhTlh4bk4wMDF3UTJxSVJWZm1ubl9fb05qMy1JaFB3aUYzMmtoS0JES0Y3c2dJbkc3Vy02ZThnZklFZVlKeGJkdEZCZzQ?oc=5,,"Análisisdomingo, 19 de abril de 2026
Paradigmas / Más que una fecha, un compromiso con el planeta
¿Por qué se celebra el 22 de abril el Día de la Tierra?
Cambio climático y calentamiento global
Garantizar nuestra existencia
ÚLTIMAS COLUMNAS
Más Noticias
COLUMNAS
CARTONES
LOÚLTIMO
Newsletter
¿Te quedas fuera de la conversación? Mandamos a tu correo el mejor resumen informativo.",GOOGLE_NEWS_RSS
Razones tras la muerte de más de dos toneladas de peces en Tamaulipas: expertos lo aclaran - El Sol de México,2026-04-19 07:00,2026-04-19T07:00:00+00:00,El Sol de México,,https://oem.com.mx/elsoldetampico/local/razones-tras-la-muerte-de-mas-de-dos-toneladas-de-peces-en-tamaulipas-expertos-lo-aclaran-29558155,https://news.google.com/rss/articles/CBMi1AFBVV95cUxNZWl5cElaLVFYd29FREl1V0k5RXA5WmFlTHZHZUVrUlo5b200WTQ1Y3ZBUE9HbmtXVXdJTmxoMURyZXREZThZZ2tMX1Q0bzRtTy03T0VCWWhST0s0Sm52QVZBSjRkbjg2YS1zcm5PUEpkZUdyNnJEUVNJdzhrNFZ2V29nT3V3SnEzLVZqUkNpWmVMUGlCM2tTdmtNNlJJclpSUGxnMThPaXYzeUttRXZJQTNySXdTUjFsVWI2LTRLQUtyMXJEczlVeHljUlRnVkdoTUs2RA?oc=5,,"Localdomingo, 19 de abril de 2026
Razones tras la muerte de más de dos toneladas de peces en Tamaulipas: expertos lo aclaran
“La combinación de factores naturales y la intervención humana está acelerando el deterioro de estos ecosistemas”, detallan
Miguel Díaz",GOOGLE_NEWS_RSS
Desorientación y estrés por salinidad: recolectan peces muertos en Estero El Camalote - El Sol de México,2026-04-19 07:00,2026-04-19T07:00:00+00:00,El Sol de México,,https://oem.com.mx/elsoldetampico/ciencia-y-salud/desorientacion-y-estres-por-salinidad-recolectan-peces-muertos-en-estero-el-camalote-29574816,https://news.google.com/rss/articles/CBMi2wFBVV95cUxPaks3emlVUFlOMUV1Vl9EU09IdkV5bkhEU3pDd3pzQ0N0SlJJLVhYcDVhVmFRdzRpRXh0Z2RCRG4xc0p0dVVTQnRiTkYxX1dLTElVbU1UdS1LOFdBRC01Y3F0WWRPd2Z5M0lfenNPWnVsWWFxVE1xRUNnMGpUWEFMbGZTeW5qU3drTURhemxQbDlkam1lS0xpZ1llbDhCc0ZobnE0d2NHRE1aVWhvWmgwRGtnZmhJemFCMjlJeDVMalc4WW5ISkpTdFpzU3lDWFMxRUVyeERxUG50bUU?oc=5,,"Ciencia y Saluddomingo, 19 de abril de 2026
Desorientación y estrés por salinidad: recolectan peces muertos en Estero El Camalote
La salinidad provocó la desorientación, alteración y, como consecuencia, la muerte de especies que no lograron adaptarse
María Macías",GOOGLE_NEWS_RSS
Anuncian vacantes en empresa petrolera: el reclutamiento será este lunes en Altamira - El Sol de México,2026-04-19 07:00,2026-04-19T07:00:00+00:00,El Sol de México,,https://oem.com.mx/elsoldetampico/local/anuncian-vacantes-en-empresa-petrolera-el-reclutamiento-sera-este-lunes-en-altamira-29572524,https://news.google.com/rss/articles/CBMizAFBVV95cUxQRWhnZVFBcWhtNnctZ0E3VVNrYTNFMWg2VWpuaDhRU1oyZ3RNUlh2OTBwS0d6UUF6N3NRc1Q4d2RFLVVFVVBsTUhja2NCV214OFhlWkxxUnozYVZxaGJmdWxRSWQwY3FJYWQyaHpYZWluN3RZaVQ1Y2dXcXVzUDlYY2JGNE9UQmVFWDFuSDZ0MEZmWE4tRlQ0WWR3ZjVBcGVjRmNldnBWUXVfNzlBT0pkWDZLdWFjbmoxNGZIQ3Y2SEhpYl96QTFtd3ZYWms?oc=5,,"Localdomingo, 19 de abril de 2026
Anuncian vacantes en empresa petrolera: el reclutamiento será este lunes en Altamira
Las personas interesadas deberán presentarse con su currículum vitae actualizado o, en su caso, con una solicitud de empleo previamente elaborada
Miguel Díaz",GOOGLE_NEWS_RSS
Recuperan vehículo con reporte de robo en carretera Tampico–Mante - Milenio,2026-04-19 07:00,2026-04-19T07:00:00+00:00,Milenio,,https://www.milenio.com/comunidad/recuperan-camioneta-robada-carretera-tampico-mante-tamaulipas,https://news.google.com/rss/articles/CBMimwFBVV95cUxNRmtocEkzVWUzRXhsdXJIc3oyMTlueElDZ1NvdGEwRlp3VTlhYW5ad1RuNnE1UmRtVldabGxXTXc3U1U0YmZudkJyTU5Qb2VCYjJWWWRFNERMYVBWdWwwcGJqSXJQc2VvTlpTSFRBSW8za3paWVY2d2t5WDhsWHlBM3dXaU8xbGhvZWtUTXp0cDFRaWZSVGR2UWpzVdIBmwFBVV95cUxPbHVPLVJNRTZyZWNwcHE0M0E4b0pKTHlUUGZWVnp3aVVKcTVYaDczUlNKNTllazJrbXZtcFQyTnlRUzd6YktydUZBcDJFWEN0alU0aDg2ZmkzdVcwTk5qc29HN09sVERaaXRlNi1WNjNPREZCWG1IQzNETmYzRmtnQUp1ZEJEXzQ4aDJLbFlza1lWUzF2RDhMMXJldw?oc=5,,"Elementos de la Guardia Estatal recuperaron una camioneta con reporte de robo durante un operativo de seguridad en la carretera federal 80, en el tramo Tampico–Ciudad Mante. El aseguramiento ocurrió a la altura del kilómetro 110, en el municipio de González.
De acuerdo con el reporte oficial, los elementos visualizaron una camioneta tipo pick up, marca Toyota, modelo 1968, la cual se encontraba a un costado de la carretera y sin placas de circulación.
Tras la inspección correspondiente, se procedió a verificar la unidad en la base de datos nacional. Al consultar la información en Plataforma México, se confirmó que el vehículo contaba con reporte de robo vigente. Ante esta situación, los agentes procedieron al aseguramiento de la unidad.
La camioneta fue puesta a disposición de las autoridades correspondientes, quienes continuarán con las investigaciones para determinar su procedencia y dar seguimiento al caso.
yc",GOOGLE_NEWS_RSS
¿Por qué te pueden demandar aunque ya pagas tu deuda? Alertan por abusos de despachos en Tamaulipas - Milenio,2026-04-19 07:00,2026-04-19T07:00:00+00:00,Milenio,,https://www.milenio.com/comunidad/despachos-cobranza-demandan-pese-convenios-tamaulipas,https://news.google.com/rss/articles/CBMikAFBVV95cUxQVy1MdUIxYVpjZTRKMGpVcTNyX21ZUTgtenJzSW9jY1p4dGlQUmdJdDNKUGxPeGVOV3JWbHZSLWl3TFRnckF1UHM4eDNxOVhYbzV2M3RiU2FtdzlnR2VSazhVR2U5aVdCcm5sOTFDQXVqTzExVE8xSzZ1M3ZFYUdTNWhtdWxaeUJUVWlhc2lQVXjSAZABQVVfeXFMTmNIVlpNOTktcWx4d2QwRGNTTFFQM0NGNnM4S25HRnpGQTEyLVFUNFgzRUkwd2Q5UERnWUlSMFhyV1YtUFZhRGZFeFBlSElRSDlJT2VMRGg1SUw0a1RHMWJCdmdvd0Ffay1uSUp3SlNsbmhiQmhleC0tMk4xRWVxWWtDdDJMNFhiM0NRQjRqMGpD?oc=5,,"El abuso por parte de empresas prestadoras de créditos al momento de cobrar adeudos, pese a que los clientes tengan convenios acordados, genera que los Juzgados Civiles y Mercantiles se saturen de trabajo debido a que los despachos de cobranza ignoran tales acuerdos, promoviendo de todas formas procesos judiciales.
El caso de José es uno de ellos. Tuvo un atraso de varios meses en una tienda departamental en Tampico debido a cuestiones laborales, y aunque nunca se negó a pagar su pendiente y lograr un convenio de pago personal, aunque con una deuda mayor a la que tenía, José empezó a ponerse al corriente en sus obligaciones.
Sin embargo, el despacho de cobranza que la tienda departamental contrató para hacer las labores de recuperación del saldo, hizo menos el convenio de la empresa con el cliente y de todas maneras promovió un medio preparatorio mercantil.
Al respecto, especialistas en Derecho hicieron un llamado urgente a la ética corporativa y a la eficiencia procesal, pues consideran que es una tendencia preocupante el hecho que empresas que, a pesar de haber pactado convenios de pago con sus clientes, ignoran lo acordado y proceden con acciones legales injustificadas.
Esta práctica, dijo el abogado Fausto E. Villarreal, especialista en Derecho Civil y Familiar, Barrista y Académico, además de vulnerar los derechos de los consumidores y deudores que han cumplido cabalmente con sus compromisos, está generando una carga excesiva e innecesaria en los Juzgados Civiles y Mercantiles, entorpeciendo la impartición de justicia para casos que sí requieren intervención judicial.
¿Por qué demandan aunque exista un convenio de pago?
José estaba confiado en haber realizado un buen convenio de pagos con la tienda departamental, pero el problema comenzó un mes y medio después.
En la puerta de su domicilio estaba un actuario del Poder Judicial de Tamaulipas, quien llevaba una notificación de demanda por parte del despacho de cobranza, que exigía un pago mayor del que se acordó con la tienda, por intereses y gastos legales, pese a que José ya había hecho tres abonos por la cantidad que la tienda le había indicado.
De inmediato se comunicó al área de cobranza de la tienda, donde le dijeron que revisarían la situación. También marcó a ese despacho (que meses atrás estuvo hostigando con llamadas), para exigir una explicación sobre ese proceso judicial pese a tener un convenio activo que se estaba pagando en tiempo y forma.
“No le haga caso, no pasa nada, con el papel que le dieron en la tienda usted comprueba en caso de que quieran ir a embargar”, fue la respuesta de la “licenciada”.
La ignorancia casi pone en riesgo el convenio de José, por lo que buscó asesoría legal de un abogado quien le dijo que de inmediato tenía que contestar la notificación. El afectado presentó las pruebas y comprobantes de pago vigentes al Juzgado, mismas que el juez validó, y el despacho de cobranza insistió en cobrar otro monto, es decir, nunca desistió del proceso judicial pese a haberle dicho que no se preocupara.
“No es posible que el mismo despacho de cobranza me haya insistido en iniciar el convenio, con los montos que me indicaron y que accedí, luego fui a la tienda a firmar el convenio con las cantidades que ellos tenían en su sistema, para que después a mis espaldas el despacho exigiera otro monto mayor al que la misma tienda pedía, y que iniciaran un proceso judicial pese a ir al corriente, poniendo en riesgo mis pagos porque ahora tengo que pagar un abogado que me defienda de esta injusticia”
Hasta el momento, el trámite judicial continúa y José espera que el juez tome en cuenta su respuesta pues, con todas las pruebas en mano, el afectado sigue pagando como acordó directamente con la tienda.
Despachos de cobranza saturan a Juzgados
El abogado Fausto E. Villarreal, dejó en claro que el convenio debe ser “un pacto que debe ser sagrado”, sin embargo hay empresas, tiendas y despachos de cobranza que buscan afectar a las personas pese a que acordaron pagos.
“Jurídicamente, un convenio celebrado entre las partes tiene la fuerza de una sentencia ejecutoriada (cosa juzgada). Sin embargo, se ha detectado que algunas instituciones, principalmente del sector financiero y comercial, ejercen acciones ejecutivas o de cobro sobre saldos ya liquidados o reestructurados bajo convenios previos. La buena fe debe imperar en las transacciones comerciales. Si un cliente cumple con lo pactado, la empresa tiene la obligación legal y moral de dar por terminada cualquier intención de litigio"", señaló el experto en la materia.
Justicia lenta por exceso de litigios estratégicos
El problema va más allá y trasciende el conflicto entre particulares, sostuvo Fausto Villarreal, pues cuando una empresa demanda a un cliente que ya cumplió, satura el sistema y los jueces deben dedicar tiempo y recursos a expedientes que no deberían existir.
“También se afecta la carga económica del demandado, pues el cliente se ve obligado a contratar defensa legal para demostrar un cumplimiento que la empresa ya conoce. De igual forma retrasa la justicia real, ya que hay otros procesos de carácter familiar, civil o penal que se ven desplazados por esta ""inflación"" de expedientes derivados de cobros improcedentes”.
Llamado a la Responsabilidad Social
El exhorto es claro, sostuvo el litigante, y es que las empresas deben revisar sus procesos de cobranza y departamentos legales para asegurar que se respete la economía procesal.
“Un convenio respetado no solo habla de la salud reputacional de una marca, sino que contribuye a que el Poder Judicial pueda enfocarse en resolver los conflictos donde realmente existe una controversia legítima. Se recomienda a la ciudadanía conservar siempre sus comprobantes de pago y copias certificadas de los convenios, a fin de evitar ser víctimas de estas prácticas que hoy mantienen a los tribunales al borde de la saturación operativa”.
El respaldo legal: el convenio como ley entre las partes
Desde la perspectiva del Código de Comercio y el Código de Procedimientos Civiles de Tamaulipas, Fausto Villarreal explicó que un convenio debidamente ratificado no es una simple promesa, sino una obligación con fuerza de ley.
“Ignorar estos acuerdos para iniciar un nuevo litigio contraviene el principio de buena fe procesal”.
Al respecto, expuso que la legislación local es clara, pues el ejercicio de acciones legales cuando existe un cumplimiento previo puede derivar no solo en la improcedencia de la vía, sino en la condena en costas para la empresa que demanda injustamente.
“Esto significa que la empresa podría ser obligada a pagar los honorarios del abogado de la contraparte por actuar con temeridad o dolo. La justicia debe ser el último recurso, no una herramienta de presión para quien ya ha cumplido. Respetar los convenios es respetar el tiempo de los tribunales y la estabilidad económica de las familias"", recalcó el especialista.",GOOGLE_NEWS_RSS
Jaiba Brava consuma milagro: vence al Atlético Morelia y avanza a la Liguilla - Milenio,2026-04-19 07:00,2026-04-19T07:00:00+00:00,Milenio,,https://www.milenio.com/deportes/futbol/resultado-resultado-jaiba-brava-vs-atletico-mor-cronica-clausura-2026,https://news.google.com/rss/articles/CBMirgFBVV95cUxOVm1pY0NuR2hZaTVrY0F3aXBycTdFUjZHVmdOX3pZZDRPOTI3Z3FLVE9FLW4zVVJYX1VRN2FkTU1CVE5kb1k1TC1CTVhySnA0MHZKQS1pdkIxQTNBUEhMNUF0RG41YVVHTUVmWXBHM1BwMVRLbnNCSmxIanhuRXBkeHNldlA0ZGN2RGhJRy1KMzVqVnBDZGVVc1FYREhiSWFmWTFFb2hlb2FOY3VnZVHSAa4BQVVfeXFMTk54OWFFNjZ4VmVaTFZ4NDZSazduQTZHVS1vYjJKVmg2REYxcE14R09JekNBQlZXVkFPbS13aF9tZDFTXzRSVzhTSlJORS16aXlEQ1JJNHB6VTNRVW5YZ0VEa1BxQ1RBckZIWGd2c0RxVFoxYXE5Y2ZaNk12cnNyWUcxUk4tTUpvVmRyaDVNYVNNd19LZ3JjMDRGcU5qN2dJa3NtZjY5TURRY29yZ1Nn?oc=5,,"Los partidos de ganar o irse a casa le caen de maravilla a la Jaiba Brava del Tampico-Madero. Una noche más para cumplir con el único objetivo que necesitaba, el triunfo, se obtuvo de manera categórica ante el Atlético Morelia por la mínima diferencia y conseguir el pase a la Liguilla, tras un fin de semana milagroso por los resultados que arrojó la última jornada del Clausura 2026.
La victoria le valió para finalmente cerrar en la zona de cuartos de final luego de varios intentos infructuosos durante el semestre. Terminó en la quinta posición con 21 unidades y por primera ocasión en fase regular, derrotó a un incómodo equipo rojiamarillo ante cerca de 7 mil aficionados presentes en la cancha del Estadio Tamaulipas en un duelo de alto voltaje. Ahora, le toca oficialmente defender la corona.
Rubén Domínguez fue el elemento elegido por el cuerpo técnico para cubrir la zona de contención. El resto del once estelar fue el mismo que ha visto acción en los últimos encuentros y prácticamente respetó el modelo presentado en el último partido frente a Alebrijes de Oaxaca. La visita mandó a lo mejor de su disposición para asegurar, por lo menos, el segundo sitio en la tabla general.
El planteamiento entre uno y otro fue muy claro. Los porteños eran los obligados a buscar la meta rival y utilizar la verticalidad como principal herramienta, usando de extremos a Néstor Corona y Deivoon Magaña, intercambiándose carriles.
Entendiendo esa urgencia, los Canarios apostaron a replegarse y tratar de salir en contragolpes a ofender. Martín del Campo trató de desequilibrar con su velocidad al saltarle la última línea, con Josué Domínguez arrastrando la pelota y Brian Figueroa en el acompañamiento.
Así, el local lució peligroso a través de los desbordes por ambas bandas, pero sin lograr poner la pelota en la dirección de la meta rival. Lo hizo Deivoon, Néstor, Luis Razo, Alonso Escoboza y Edson Torres.
La ocasión más brillante se vio en el minuto 32 en un tiro centro que sacó Escoboza y Razo trató de ponerle un toque de genialidad, dando un taconazo que llevaba potencia pero quedó en las manos de Ramón Pasquel.
Hasta el 53 apareció el fútbol de los purépechas. Josué prendió la intención y la dejó en los pies de Jaziel Martínez. Este último entró al área y al hacer un recorte, su disparo de izquierda se fue muy desviado. Un aviso peligroso.
Y como respuesta, las agallas a pelear un balón que parecía tener muy poco fue clave en el rumbo del encuentro.
Era el minuto 60, Corona le roba la pelota a Sebastián Hernández por la derecha, recibió su jalón, pero Escoboza estaba cerca para tomar esférico, de inmediato la puso al corazón del área donde Razo estaba solo, sin embargo, cuando todo indicaba remataría a puerta, de pecho le puso una asistencia a Deivoon. Puntual a la cita, le metió toda su pierna derecha para romper el ayuno y conquistar el ansiado gol de la ventaja.
Con la aportación, Luis pudo consolidarse como el jugador del partido cuando en el 67, en medio de tres morelianos, hizo una jugada individual que remató de zurda y le sacó pintura al poste izquierdo.
Morelia, con lo suyo, se fue al frente tratando de buscar la igualada. En el 78, se combinaron en una acción colectiva donde el paraguayo Ángel Aguilera disparó desde media distancia y, tras un rebote, estuvo cerca de incrustarse en el lado derecho de Gerardo “Kampa” Ruiz.
Las emociones continuaron y los porteños quisieron ir por el tanto para asegurar el triunfo. En par de secuencias en el 84, primero un cabezazo de Rubén Domínguez desde el tiro de esquina que se fue por el larguero; después, el recién ingresado José Clemente que le puso un pase peligroso a Razo, pero Pasquel alcanzó a intervenir de buena manera.
Un momento dramático se vivió en el 88, cuando el guaraní Aguilera se fue sacando rivales, perfillándose cerca del área grande, sacó un tiro que a nada estuvo de meterse al lado izquierdo de la cabaña celeste.
Ya sobre la compensación, Clemente me pegó con toda su pierna izquierda llegando a las manos de Pasquel. Los Ates carecieron del desequilibrio para emparejar los cartones y sufrió otra tarde frustrante de los recientes compromisos en la recta final del calendario.
Y el sabor adicional que tendrán los cuartos de final es la confrontación ante el Atlético La Paz, la franquicia que anteriormente jugara en el sur de Tamaulipas bajo el cobijo de Orlegi. Este lunes se definirán los días y horarios de la confrontación",GOOGLE_NEWS_RSS
"Jack Propela, tres décadas de música, historias y evolución digital desde Tampico - Milenio",2026-04-19 07:00,2026-04-19T07:00:00+00:00,Milenio,,https://www.milenio.com/espectaculos/musica/jack-propela-y-su-trayectoria-musical-desde-tampico,https://news.google.com/rss/articles/CBMimwFBVV95cUxNbW9YcXFxUlo4SGhkZGl3Rjk3MDhkR2d3cUF6WmtyTG1PMGJ1eDN2a29BNElaSUxFODJzUmVKYzVmcUxXUmVNdFZYN2dRTzVhdXpRSWdUQnZ5NUZuS2F0bHZfbDBqNTMxTzFkWHg3bWlMekJUSHpXVHpyY0xMQ29HWGdpU3RpNzFBMXJQeFJGeFNsSE10bXo0bnlkTdIBmwFBVV95cUxQeW9pRmZTVERhTlN0eU9uZ2xDOGdNQ1lGTjRVODBwZnloMVJ1V3U1NlBEU2xNVzBlY0JJMjFkZjdkT1BzdlBibFFlNkUzNnlZZG5paXB6c2VFVnhHMF9sOEE1eEJrWDg4NGxwbnp6LXhTdjhyVFFJX1lvV2hQMlpHZTk1LVVoRkY0RG5YRXU0djA1Zlg4WEs5OGdCOA?oc=5,,"El nombre de Jack Propela forma parte de la historia musical del sur de Tamaulipas y de una generación de músicos que han construido su camino lejos de los reflectores masivos, pero con una profunda vocación artística. Detrás de este proyecto se encuentra Otto Saldaña, quien recientemente visitó la redacción de MILENIO Tamaulipas para compartir los orígenes, la evolución y el presente de una propuesta que suma más de tres décadas de trabajo constante.
Desde sus primeras influencias familiares hasta su adaptación a las plataformas digitales, Jack Propela representa un recorrido marcado por la pasión, la colaboración y la búsqueda de contar historias a través de la música, sin perseguir fórmulas comerciales ni reconocimiento inmediato.
Los inicios de Jack Propela y su paso por la escena del rock
Aunque creció rodeado de música —con padres que tocaban el teclado y la guitarra—, Otto Saldaña nunca imaginó que la música se convertiría en su camino de vida. Fue un primo, hoy productor en la Ciudad de México, quien despertó en él la inquietud creativa y se convirtió en una figura clave durante su adolescencia.
Hace aproximadamente 30 años, Jack Propela inició formalmente su trayectoria musical, inclinándose hacia el rock, un género que dominaba la escena alternativa de finales de los años ochenta. Junto a otros músicos de la zona sur de Tamaulipas, formó una agrupación con la que decidió probar suerte en la capital del país.
Ese esfuerzo los llevó a participar en el concurso Rock en tu Idioma, donde obtuvieron el octavo lugar, un resultado que marcó un punto de inflexión en su carrera.
“En ese concurso salieron un montón de grupos como La Cuca; los que ganaron fueron Los Amantes de Lola. El disco lo tengo como trofeo”, recordó Jack Propela.
Como premio, la banda tuvo la oportunidad de grabar un acetato, el formato disponible en aquella época, antes de la popularización de los discos compactos y los cassettes. Aquella grabación se convirtió en testimonio de una etapa formativa y de una escena musical en pleno crecimiento.
De Tampico a Chiapas y el nacimiento del proyecto solista
Tras algunos años, el proyecto se trasladó a Chiapas, donde Otto Saldaña continuó desarrollando su propuesta musical, ahora bajo el nombre de Jack Propela como proyecto individual. Aunque la agrupación nació en Tampico, fue en el sureste del país donde se grabaron videos y fragmentos de canciones que más tarde formarían parte de distintos álbumes.
Con el paso del tiempo, Jack Propela regresó a Tampico y comenzó una nueva etapa, participando en festivales y eventos de música en vivo, acompañado por una alineación renovada. A diferencia de etapas anteriores, esta formación no persigue la fama ni el posicionamiento comercial.
“Somos músicos, productores, nos reunimos, no buscamos resaltar, nos apasiona la música”, explicó, dejando claro que el proyecto se sostiene sobre la libertad creativa y el disfrute colectivo.
Plataformas digitales, nuevas audiencias y el uso de la IA
La llegada a plataformas como Spotify, TikTok y transmisiones en vivo marcó un nuevo reto para Jack Propela. Al inicio, el proceso fue complicado, pero con el tiempo logró adaptarse y encontrar una comunidad que conecta con su propuesta.
En TikTok, por ejemplo, ha observado que cuando interpreta instrumentos como la armónica, la audiencia crece de manera orgánica, atraída por el talento y la ejecución en tiempo real.
Sobre la inteligencia artificial, Jack Propela no se muestra en contra, pero sí cauteloso. Considera que puede ser una herramienta útil dentro del proceso creativo, siempre que no sustituya la esencia humana. “La IA tiene opciones que tú puedes manejar, no es para hacer una canción completa”, afirmó.
Historias, colaboraciones y nuevos proyectos
Una de las constantes en la música de Jack Propela es la narrativa. Aunque algunas canciones son personales, la mayoría surgen de historias que ha recopilado a lo largo de su vida y sus viajes por el país.
Ha colaborado con artistas como Kraneo La Oveja Negra y con agrupaciones como Polen, liderada por su amigo Patricio Cabezut, con quien compartió proyectos en sus inicios. Incluso incursionó en el rap, grabando dos álbumes dentro de ese género.
Actualmente, Jack Propela trabaja en nuevas canciones para un próximo álbum, al tiempo que fortalece su presencia en redes sociales y construye una comunidad digital que lo respalda día a día.
Lejos de la prisa por destacar, su proyecto se mantiene fiel a una idea central, es el hacer música con sentido, contar historias y conectar con quienes aún buscan escuchar algo que los haga sentir.",GOOGLE_NEWS_RSS
Asiste Américo a presentación del Plan de Procuración de Justicia - Milenio,2026-04-19 07:00,2026-04-19T07:00:00+00:00,Milenio,,https://www.milenio.com/comunidad/tamaulipas-asiste-presentacion-plan-procuracion-justicia,https://news.google.com/rss/articles/CBMilAFBVV95cUxQNlNqQmV1WG54WC1qS2F1cTV5UHcwMmdhR21NeGo4VTluZzdVQl9jS0I4eVJaZmo2d1hVMm5rNkV5Wk5YVXFSaEJHSUQ1R3RsVkdsY0NiUEo2VjRvVUMxVzZ3aVItT3lrclJVekNtbzF2eTJaYVpSd29SWm5UTHRTWkpnUWYyT2wwSDBPMXVQWkZXV3ZQ0gGUAUFVX3lxTE9ybE15SGdOY2ctam5DTDgwOHBkNUtNQzFEYUpPakpaUjAyQzFEVjNVTnFJTmdQdTBmWUNnUGI3TFd1SE52dGM5QjdLQUFzRlRkX3JKZV9nbzk0YVNhTTNYYzBYV0dyVlEyU2JSSGJCQXF2bDFKS19QTk5EeDV2dHgzRmlTYlJlSmpsUGpWVFp3RENCcGg?oc=5,,"El gobernador de Tamaulipas, Américo Villarreal Anaya, acompañó a la fiscal general de la República, Ernestina Godoy Ramos, durante la presentación del Plan Estratégico de Procuración de Justicia 2026-2029, un nuevo instrumento que deja atrás el trabajo aislado, fomenta la coordinación entre instituciones y plantea una transformación estructural de la institución, con énfasis en inteligencia, coordinación interinstitucional y la atención a víctimas.
Al término del evento, que se celebró en el Centro Cultural del Museo Contemporáneo, el gobernador Américo Villarreal destacó que el Plan Estratégico de Procuración de Justicia, es un documento que comprende las adecuaciones de la procuración, modernización e innovación en este campo y también de su estructura orgánica.
“Sirve para dar un agradecimiento porque también dentro de nuestra entidad y platicando con ella (Ernestina Godoy) en reuniones anteriores de trabajo, también hay una nueva estructura de la Fiscalía General de la República”, expresó.
La fiscal Ernestina Godoy explicó que este plan de reingeniería de la FGR tiene como misión garantizar un acceso efectivo a la justicia, proteger a las víctimas y erradicar la impunidad, y contempla la visión de consolidar a la Fiscalía General de la República como referente nacional e internacional de eficacia, inteligencia científica e integridad absoluta.
Agregó que esta iniciativa ya fue entregado a la presidenta, Claudia Sheinbaum, para su conocimiento y al Senado de la República para su dictaminación.
En el evento también se contó con la presencia del ministro presidente de la Suprema Corte de Justicia de la Nación, Hugo Aguilar Ortiz; la presidenta de la Mesa Directiva de la Cámara de Senadores, Laura Itzel Castillo Juárez; la secretaria de Gobernación, Rosa Icela Rodríguez Velázquez; el secretario de la Defensa Nacional, general Ricardo Trevilla Trejo; el secretario de Seguridad y Protección Ciudadana, Omar García Harfuch, y el secretario de Marina, almirante Raymundo Pedro Morales.
yc",GOOGLE_NEWS_RSS
Lluvias y calor marcarán el clima hoy Lunes en Tamaulipas - Milenio,2026-04-19 07:00,2026-04-19T07:00:00+00:00,Milenio,,https://www.milenio.com/el-clima/clima-tamaulipas-pronostico-temperaturas-20-abril-2026,https://news.google.com/rss/articles/CBMikAFBVV95cUxQN0FmMHliZzJsVVBLTDdQbVVNT19JREdwVjY1R1VFbDhkbXhsZUJpMDNMTmw5LU5QdGRWN0FVSE9hRXdQemtzenJNTm8zSGs4cm11YmdMaWM1cHpEOURJbkpWVXQyOHlLQ1VnRWZ3bGVvS09lV2V2aU9qZ2pkX0VoVDRaWW9iYmx4MXBiSVJaQkvSAZABQVVfeXFMTlNwZXoza2VPY1k0UU82a3Q2ZnRFQmx1TEJocXYwR2pYM2RpUUpKeU5xQlNEb1UyWDYyaTdhUEFsQi1qcXBvUE1IVGw1dlE3eVVQdmk4aGJwT1BDc2VsRHMwLWdQcnFiMVNPQWpUUGlPUnlCcHJlQnIxaFJ4WjNKci1XQmRuM1N3Ml90MGtvSzZs?oc=5,,"El clima hoy en Tamaulipas presenta condiciones variables que debes tomar en cuenta antes de salir de casa. De acuerdo con el Servicio Meteorológico Nacional, este lunes 20 de abril estará marcado por un cielo medio nublado a nublado, acompañado de chubascos que podrían presentarse en distintos puntos del estado, además de actividad eléctrica y posible caída de granizo.
Aunque las lluvias más intensas se concentrarán en entidades vecinas como Veracruz y Tabasco, en Tamaulipas no se descartan precipitaciones que podrían generar encharcamientos, especialmente en zonas urbanas.
¿Cuál es la temperatura hoy en Tamaulipas?
Durante la mañana, el ambiente será templado, lo que permite iniciar el día con relativa comodidad. Sin embargo, conforme avancen las horas, se espera un incremento en la temperatura, alcanzando un ambiente cálido por la tarde.
Aunque el pronóstico no detalla valores exactos por municipio, este tipo de condiciones suele ubicarse entre los 28°C y 34°C en gran parte del estado. Esto significa que, aunque no será un calor extremo, sí se sentirá lo suficiente como para requerir ropa fresca.
Por otro lado, en zonas más elevadas o serranas, el día podría comenzar con sensaciones más frescas, incluso con presencia de neblina en regiones cercanas.
¿Cómo estará el viento y qué debes tomar en cuenta?
El tiempo hoy en Tamaulipas también estará influenciado por viento de componente norte, con velocidades de 10 a 20 km/h y rachas que podrían alcanzar hasta 35 km/h.
Esto puede provocar:
- Sensación térmica ligeramente más fresca por momentos
- Movimiento de objetos ligeros
- Mayor riesgo al manejar en carretera, especialmente para vehículos altos
Si te encuentras cerca de la costa o zonas abiertas, es importante estar atento a estas rachas.
¿Va a llover hoy en Tamaulipas?
Sí. El pronóstico indica chubascos acompañados de tormentas eléctricas y posibilidad de granizo.
Aunque no serán lluvias constantes durante todo el día, sí pueden presentarse de forma intermitente e intensa en cortos periodos. Este tipo de clima puede sorprender si no estás preparado.
Además, en regiones cercanas a Veracruz y Tabasco, donde las lluvias serán más fuertes, existe el riesgo de:
- Crecida de ríos y arroyos
- Inundaciones
- Deslaves en zonas vulnerables
¿Cómo vestirme hoy en Tamaulipas?
Aquí es donde muchos fallan. No basta con ver si hará calor o frío; hoy necesitas vestirte con estrategia.
Recomendación clara:
- Usa ropa ligera y transpirable (algodón o telas frescas)
- Lleva una chamarra ligera o impermeable
- Opta por calzado cerrado y resistente al agua si estarás en la calle mucho tiempo
- Evita ropa demasiado pesada o telas que no permitan ventilación, porque el calor por la tarde te va a incomodar.",GOOGLE_NEWS_RSS
"Block & Crown, el DJ mexicano que conquista Tomorrowland - Milenio",2026-04-19 07:00,2026-04-19T07:00:00+00:00,Milenio,,https://www.milenio.com/espectaculos/musica/block-crown-gerardo-davila-dj-mexicano-tomorrowland,https://news.google.com/rss/articles/CBMimwFBVV95cUxQRll0S1ZiTGlCTGZUbjNuMVU0OEdYSGFOb3F5UW51X05TWXp6YnF1cXg0U2lDdGxPbVRlbHRQRDR6NFhkZGFnQzZTbjFQSmZWZUhtNWpabVVCcHpMQldEZDM3SFRrMzJhM3lGY0JQeXJLYnFoSTF5Y0xVMGdYdGVOQVFsYUZHaHZ3dDh2Qi1nbTNCR0N5RTQ2N1hfRdIBmwFBVV95cUxPZl9QaFRUdzZobm9BZ1lmdDJLOXVQMjRPRXhzcW4yS0Z0Q1ZDYVJfLUJxWW5iSThXc1QtVGU0QlpPRjBrVWJLZGU5MDNvVWpRc01odkZYaU54LUJ6WDVhbUNzM3ptelY2aFFTOVZYLUhJYUY5NExBTFBSV0hEMUNaZlZmR2dzYjY0bUZCZlQ4X1hfRHFBamxpZ05UUQ?oc=5,,"Antes de los grandes escenarios, los rankings globales y los festivales de talla mundial, Gerardo Dávila ya entendía que la música electrónica no solo se trataba de hacer bailar, sino de leer a la gente, adaptarse y construir una carrera con disciplina. Hoy, bajo el proyecto Block & Crown, el dj mexicano se ha convertido en uno de los pocos artistas nacionales con presencia constante en Tomorrowland, el festival más importante de música electrónica del mundo.
Con cinco participaciones consecutivas en Bélgica, números uno en plataformas especializadas y giras internacionales que abarcan Europa, Asia, Medio Oriente y América, Block & Crown es el resultado de más de dos décadas de trabajo silencioso, evolución musical y una visión clara del negocio de la música.
De Puebla al mundo: el origen de Block & Crown
Aunque Gerardo Dávila nació en Puebla, su historia familiar está ligada al norte del país. Hijo de padres originarios de Saltillo, Coahuila, su primer acercamiento real a la música electrónica ocurrió durante un viaje a Veracruz, cuando siendo adolescente observó a un DJ mezclar vinilos en un restaurante.
Aquella experiencia marcó el inicio de una inquietud que lo llevaría, años después, a comprar sus primeras tornamesas, coleccionar vinilos y comenzar a mezclar de manera autodidacta. Durante mucho tiempo trabajó bajo su nombre real, produciendo música original, un camino que define como creativo pero complejo.
“La ruta de la música original es muy dura, porque no todo el mundo acepta una canción nueva”, explica. Esa realidad lo llevó a replantear su estrategia y abrir un nuevo capítulo en su carrera.
El concepto de Block & Crown y la resignificación de los clásicos
El proyecto Block & Crown nació poco antes de la pandemia, en un momento donde la escena global exigía una energía distinta. Junto a un socio holandés, Dávila comenzó a trabajar en remixes bailables de canciones icónicas de los años ochenta y noventa, respetando siempre la esencia original.
Michael Jackson, Madonna, Donna Summer, Fleetwood Mac y Patrick Hernandez forman parte de un catálogo que hoy supera las 1,400 canciones, creadas con autorización de las disqueras originales. El objetivo: llevar clásicos reconocibles a la pista de baile sin perder identidad.
Este enfoque conectó rápidamente con DJs de todo el mundo, restaurantes, bares y clubes que buscaban versiones modernas de canciones universales. En pocos meses, el proyecto llamó la atención de Beatport, una de las disqueras más importantes del mundo para DJs.
Número uno del mundo y presencia internacional
Uno de los mayores logros recientes de Block & Crown es haber alcanzado el número uno global en Beatport con un remix que mezcla electrónica y jazz, posicionando nuevamente a México en la élite de la música electrónica internacional.
Además de Tomorrowland, Gerardo Dávila ha participado en festivales como Ultra Music Festival, el Mundial de Qatar 2022, y ha ofrecido presentaciones en países como Jordania, Singapur, Bali, Francia, Reino Unido, Bélgica, Holanda, Estados Unidos y Croacia.
Cada escenario representa un reto distinto. En regiones como Medio Oriente, donde las normas culturales son estrictas, el DJ debe adaptar su lectura de la audiencia, ajustar el set y entender que la respuesta del público no siempre se expresa de la misma manera.
¿Cómo se llega a Tomorrowland?
Para Dávila, llegar a Tomorrowland no es cuestión de suerte. Es el resultado de una carrera construida con disciplina, constancia y relaciones profesionales sólidas. Tener un catálogo amplio, créditos musicales, experiencia internacional y reputación dentro de la industria es indispensable.
“Tomorrowland filtra mucho a quien toca ahí. Es como para un futbolista llegar a un Mundial”, señala. Por eso, mantenerse cinco años consecutivos en el cartel representa no solo un logro personal, sino una validación constante.
El DJ como lector de audiencias y creador integral
Lejos de la idea del DJ que solo reproduce música, Block & Crown defiende una visión integral: producir, leer a la audiencia, manejar la energía del lugar y entender el negocio. En clubes, explica, el DJ también es responsable del consumo; en festivales, el reto es conectar en pocos minutos con miles de personas.
Además, reconoce el papel de la inteligencia artificial como herramienta de apoyo en la producción musical, siempre que no sustituya la creatividad humana.
El futuro de Block & Crown
Entre sus próximas metas se encuentran colaboraciones oficiales con disqueras históricas como las de Donna Summer, Michael Jackson, Depeche Mode y Fleetwood Mac, así como expandir su presencia en radio internacional y nuevos territorios.
Para Gerardo Dávila, el mensaje es claro: un mexicano puede competir al más alto nivel global. Block & Crown no solo representa música electrónica; representa disciplina, visión y la certeza de que los límites están, muchas veces, solo en la mente.",GOOGLE_NEWS_RSS
¡De Tamaulipas a Corea! Estudiantes brillan en nacional de robótica y logran pase a torneo mundial - Milenio,2026-04-19 07:00,2026-04-19T07:00:00+00:00,Milenio,,https://www.milenio.com/tecnologia/nix-lab-tamaulipas-clasifica-robocup-incheon-2026,https://news.google.com/rss/articles/CBMijAFBVV95cUxPMEZRb09JVVNOQk03alBTSU9yQTJxblowNTZCbXY1SWVUdmpHalkyUkRSZzBmOUlJWGpXUzNfNkNDUWZOZUtJWFppVjMwb292akNwc1NYdjdWWUhNS0ZUcld2NHVieHlvOWthU0hQdEdSU2RNYXJiRzVsV0hFZ0FOdW1NbVRObVBYRjlIQdIBjAFBVV95cUxNZUx4UjliczQ0ZGFKeDNLaWFOQmoyYVhCaFhXVWxIY19VUlJ2WTVQUUREYk9JQkFJWnU5bU9nZUtCclZOQUU1Y0ViWXRkZ3QzNFR6bHUyelludFdzRDMxM3E0UHMyWm4tSHpiRVVmZ0tWWVhmVExVbUZndldyOXBPdmVmTkh6LTNKWkRReg?oc=5,,"La participación de estudiantes de Tamaulipas en el Torneo Mexicano de Robótica vuelve a poner a la entidad en el mapa tecnológico nacional, luego de que una delegación lograra posicionarse entre los mejores equipos del país.
Con resultados destacados frente a más de mil competidores, el desempeño de estos jóvenes no solo refleja su preparación, sino también el crecimiento de la educación científica en el estado.
El evento se llevó a cabo del 16 al 18 de abril en Ciudad Modelo, en San José Chiapa, Puebla, donde más de 1,200 participantes de distintas instituciones pusieron a prueba sus habilidades en diversas categorías de robótica.
¿Qué resultados obtuvo Tamaulipas en el Torneo Mexicano de Robótica?
La delegación de NIX-LAB, integrada por 44 estudiantes de instituciones públicas, compitió en dos categorías principales, logrando posicionarse entre los primeros lugares con varios de sus equipos.
Los resultados fueron los siguientes:
- Sentinel – 1er lugar en Robo Rescue Major
- Nixito – 3er lugar
- Barba – 4to lugar
- Cuachic – 1er lugar en RMRC
Estos resultados colocan a Tamaulipas como una de las delegaciones más destacadas del torneo, al obtener dos primeros lugares y asegurar presencia en el podio en múltiples categorías.
El desempeño no solo fue competitivo, sino consistente, lo que permitió que tres de los cuatro equipos obtuvieran su pase a una competencia internacional.
¿A qué competencia internacional clasificaron?
Gracias a su participación en Puebla, tres equipos de NIX-LAB lograron clasificar a la RoboCup Incheon 2026, considerada una de las competencias más importantes a nivel mundial en el ámbito tecnológico.
Este evento se llevará a cabo en Corea del Sur durante los meses de junio y julio de 2026, reuniendo a los mejores talentos en robótica de distintos países.
La clasificación representa un paso importante no solo para los estudiantes, sino también para el desarrollo científico de Tamaulipas, al colocarlo en un escenario internacional donde competirán con equipos de alto nivel.
Reconocen talento tamaulipeco
Tras darse a conocer los resultados, la Secretaría de Educación de Tamaulipas (SET) felicitó públicamente a la delegación a través de sus redes sociales, destacando el talento, disciplina y compromiso de los estudiantes.
De igual forma, el secretario de Desarrollo Energético del estado, Walter Julián Ángel, reconoció el logro de la comunidad NIX-LAB, subrayando la importancia de este tipo de resultados para el impulso de la innovación en la entidad.
El funcionario extendió una felicitación a los equipos por haber conseguido su pase a la competencia internacional, resaltando que tres de los cuatro grupos participantes estarán representando a México en Corea del Sur.
Más que un logro académico
Más allá de las posiciones obtenidas, la participación de estos estudiantes refleja un avance en la formación tecnológica en Tamaulipas. La robótica, que hace algunos años era vista como un campo especializado, hoy se consolida como una herramienta clave en la educación.
El hecho de que estudiantes de instituciones públicas logren competir y destacar a nivel nacional e internacional también habla de una mayor democratización del acceso a la ciencia y la tecnología.
Con la mirada puesta en 2026, los equipos tamaulipecos ahora enfrentarán un nuevo reto: medirse ante los mejores del mundo. El camino ya está trazado, y los resultados obtenidos en Puebla son apenas el inicio de una meta mayor.",GOOGLE_NEWS_RSS
"Bajar precio de la carne no debe afectar al campo, sino a la intermediación: CNOG - Milenio",2026-04-19 07:00,2026-04-19T07:00:00+00:00,Milenio,,https://www.milenio.com/negocios/bajar-precio-carne-no-debe-afectar-al-campo-sino-intermediacion-cnog,https://news.google.com/rss/articles/CBMiowFBVV95cUxOTVhNNWdqOFZqMGhuRG0zRmd4S0prWU10ZUVYZjg5RHlMZGctM0xjdGw4OHEzVEFvOE9CVDZCMHZyWWtyNWYwMTdZODQ4TzlRX2RmS2FodHhpTm9EbHVyQnJmWDZSOFBGQl9lUE1ISnlCWEdJaEJNWS1RVU5jbkxad2pzQnpqWEprQy1Ea3dkbmJnR3NEM01QUU9ncFREVUVBZjFB0gGjAUFVX3lxTE1TVnNoSXlJandMUUcxdVk2V1BtUW1XWG1RV0MyMGxpZ2tGN3BBdkgxeDRpWHBWZmJCU2p1Y3VJaVlvVkJmWjFJVzA2WnQ1QW9SWWMydjhLcnNad29Db0F3eFBnR25wVVNGZFBQUzd3ZVhCRjk5X3JMX1BOQl9Zb1RNVzFFTkFZLVZsYTZ6TDZsUDlnenpVZUF0SlAwTzFqVVNzRnM?oc=5,,"La Confederación Nacional de Organizaciones Ganaderas (CNOG) reiteró su disposición para contribuir a limitar el alza en los precios de la canasta básica, aclarando que la reducción de precios no debe recaer en el eslabón del productor.
Distorsión en cadena de valor de la industria cárnica
En un comunicado, la CNOG subrayó que cualquier ajuste en los precios finales debe derivar de una reducción en los márgenes de comercialización y no de una mayor presión sobre el ingreso de quienes trabajan el campo.
Actualmente, mientras el precio al público se mantiene elevado, el productor recibe valores considerablemente menores por su ganado, lo que evidencia una distorsión en la cadena de valor al interior de la industria cárnica.
La organización agregó que la contingencia sanitaria derivada del gusano barrenador ha impedido la exportación de ganado a Estados Unidos desde mayo de 2025, generando la retención de más de 1.2 millones de cabezas en el país.
“Esta situación ha provocado caídas significativas en el precio al productor y generará una oferta adicional cercana a 400 mil toneladas de carne para el mercado interno en 2026, suficiente para cubrir la demanda nacional”, señaló la confederación.
Ante este escenario, la CNOG considera indispensable mantener sin ampliación el cupo de importación de carne bovina libre de arancel, el cual está establecido en 70 mil toneladas para el presente año.
Llaman a fortalecer vigilancia de intermediarios y comercializadores
La propuesta incluye mantener dicho cupo, agilizar la reapertura de la frontera para la exportación de ganado en pie e implementar un mecanismo público de monitoreo de márgenes en toda la cadena cárnica.
“Incrementar el cupo profundizaría la sobreoferta, afectaría aún más al productor nacional y no garantiza una reducción en los precios al consumidor, como lo demuestra la experiencia reciente”, advirtió la industria ganadera.
En este sentido, la confederación realizó un llamado a la Procuraduría Federal del Consumidor (Profeco) para fortalecer la vigilancia sobre los márgenes que aplican los intermediarios y comercializadores.
“En un contexto donde la inflación alcanzó 4.59 por ciento en marzo de 2026, la CNOG valora la disposición de la industria para ofrecer precios más accesibles sin sacrificar la viabilidad del sector ganadero”, concluyó el organismo.
LJ",GOOGLE_NEWS_RSS
¿Llegará Costco a Ciudad Madero? Evalúan cinco zonas estratégicas para proyectos comerciales de gran tamaño - El Sol de México,2026-04-19 07:00,2026-04-19T07:00:00+00:00,El Sol de México,,https://oem.com.mx/elsoldetampico/finanzas/llegara-costco-a-ciudad-madero-evaluan-cinco-zonas-estrategicas-para-proyectos-comerciales-de-gran-tamano-29556496,https://news.google.com/rss/articles/CBMi7gFBVV95cUxNSi1CSFBLWUhEa3h0VFhrMFptcUM5RjE3YTQ5QXBfZ2xwd1ZUMTBKczNCT1BoVXV1UHVfQ2ZxS0k3THZhb0lyNDdTZ3dqVnpRdVVzRFBRdGVtTktrdmtsQzlFRHV2OXJRNUViOEFobm1LWUNia2dCZ1Zlb1FPSG9RT0ZzeUFKN2swV2tXWW1qMzVrOFVuUEdZZEVOSmxtZ1VjeDZrQ1BkbDdsNEMxZEE0OU1GS1FnX04zYUdhRUdvNlYxblNlMW5yQTNyMXBMMmFqMEd0bExMTVJhQWo1c2xwU0gxWDFYNTFRazRDaVpn?oc=5,,"Finanzasdomingo, 19 de abril de 2026
¿Llegará Costco a Ciudad Madero? Evalúan cinco zonas estratégicas para proyectos comerciales de gran tamaño
Señalan que el Corredor Urbano tiene gran potencial por el espacio necesario para estacionamientos y logística pesada
Paulo Monsiváis",GOOGLE_NEWS_RSS
La Grilla - Milenio,2026-04-19 07:00,2026-04-19T07:00:00+00:00,Milenio,,https://www.milenio.com/opinion/editoriales/se-dice-en-la-grilla-tamaulipas/la-grilla_1134,https://news.google.com/rss/articles/CBMilAFBVV95cUxONzZEVVFrWlpJbW1mNHkwOEVuN1ZKY2hUOVNvVU9qSVljS19xdWEwb1JpeVFNYjBjNElxZjYtekxzWFRiWFYxLWNGMmp6cHRBM1A4eFA2OTFCZU00OTBGSXFVdVI4MWg4T3ZBaGppaHJYYkIxRmd2bG9Sck4tZ3ZsSlRpd0tGU2k0bmhfRi1YN1FYamFq0gGUAUFVX3lxTE9yTDFiWDFDcGVsb3FvVWlNM1hBa1JfZDZCRnNTZTR0SUxGRGluc3A3ZEdvbjlzaEFicndhUXZiV1F5aWVxSmtDZkhYeTlLQXZkV05Kb2prOGFtU3R5djBwbHBLbzJreE52eGpaMWdrMEhkZmxyRTdKZHphMEtoVzZrQU85SlEwd0Z0dGZZakQ2WVVPa2o?oc=5,,"Que en Tamaulipas, Citlalli Hernández no operará con estructura propia, sino con poder prestado desde el centro. Su margen no depende de lealtades locales, sino de su capacidad para ordenar o contener a los grupos que ya disputan posiciones políticas en el estado. Su papel no será construir, sino arbitrar. Y en ese terreno, más que aliados, tendrá aspirantes presionando decisiones.
Que más allá del equipo que armó en la Secretaría de las Mujeres, con la incorporación de la tamaulipeca Monserrat Arcos, llega sin red propia y dependerá de la estructura de Lupita Gómez, que ya empezó a acelerar la formación de consejos municipales. No es casual: cuando el control viene del centro, las dirigencias estatales se mueven para no quedar fuera de la foto.
Que Sabrina Morales se reactivó políticamente participando en un curso de Morena Tamaulipas denominado “Mujeres, política y trabajo: caminos de la igualdad sustantiva”, donde estuvieron la alcaldesa Mónica Villarreal, la diputada local Lucero Deosdady y operadoras del partido guinda.
Que a propósito del 2027, quien ha aumentado su activismo en el Partido Acción Nacional es la diputada local tampiqueña Charo González; criticó públicamente una fuga de agua limpia en la ciudad, justo a dos años de que el sur de Tamaulipas vivió una crisis hídrica apocalíptica. Al rato vamos a estar llorando, dijo.
Que con el famoso Plan B de la reforma electoral, los legisladores locales ya no podrán reelegirse. A esto se suma el recorte de regidores en los cabildos de ciudades grandes, así que la disputa por las candidaturas se perfila bastante reñida en el proceso electoral del próximo año. Y a quienes seguramente les tocará bailar con la más fea será a los eternos aliados como el PT y el Verde.
Que, por cierto, el dirigente estatal del Verde, Manuel Muñoz Cano, anduvo haciendo talacha por el sur de Tamaulipas, en una abierta labor de proselitismo que, al parecer, no está prohibida para los actores políticos, a juzgar porque el árbitro electoral del IETAM no dice ni pío frente al despliegue que ya se traen no pocos adelantados de todos los colores.",GOOGLE_NEWS_RSS
Hablando de medicina y salud / La generación que no vimos venir - El Sol de México,2026-04-19 07:00,2026-04-19T07:00:00+00:00,El Sol de México,,https://oem.com.mx/elsoldetampico/analisis/la-generacion-que-no-vimos-venir-29562198,https://news.google.com/rss/articles/CBMijAFBVV95cUxOdlRYNTItQ0ktZWRkNmNOTnJ2ZjN6NWY3YmFDOFlnZDhEblJIWjFwc2RaZ21YaDhlNktrQkdIN2dkT1YwLXpXa19Yd2dyZFkzUmZHUzJLekNvdEUtV2pGTV9kTmh2U1hLelEtbjRkTzhiNWlFVU9ramw0QnRRZFBmR0ZTSmhZQUZCLU5WRA?oc=5,,"Análisisdomingo, 19 de abril de 2026
Hablando de medicina y salud / La generación que no vimos venir
Las opiniones vertidas en este artículo son responsabilidad de quien las emite y no de esta casa editorial. Aquí se respeta la libertad de expresión
ÚLTIMAS COLUMNAS
Más Noticias
COLUMNAS
CARTONES
LOÚLTIMO
Newsletter
¿Te quedas fuera de la conversación? Mandamos a tu correo el mejor resumen informativo.",GOOGLE_NEWS_RSS
¡Tenemos liguilla! La Jaiba Brava derrota a Morelia en el Estadio Tamaulipas: uno por cero - El Sol de México,2026-04-19 07:00,2026-04-19T07:00:00+00:00,El Sol de México,,https://oem.com.mx/elsoldetampico/deportes/tenemos-liguilla-la-jaiba-brava-derrota-a-morelia-en-el-estadio-tamaulipas-uno-por-cero-29579577,https://news.google.com/rss/articles/CBMi1gFBVV95cUxNMnNfZG1RTDIxd2FvdnM5dFM3YUwzY0NTWEx2cWMybXJLMFVOa0pISFc4cWNIRTFKSjZmWTF4dk54clJUcE92Y3Z2ZnVnRzlOelRtTmlFeUZqY0w3cDFoeFZwTjUzbTBHQjhLWVV2ZzFubDhsX296bU53MWVXZ2dYWU80eExybEp4YWNwTXlkNXJNa0Q3ZmRteDUxMFZoTUlobl9TcjVWZTFvRFZXcGRZdFFQQWlzazgzNXJVNHY1RUItZ1BmcU5ZOE96dllmSjlQOGczeUJn?oc=5,,"Deportesdomingo, 19 de abril de 2026
¡Tenemos liguilla! La Jaiba Brava derrota a Morelia en el Estadio Tamaulipas: uno por cero
El gol de Deivoon le dio el triunfo a la Jaiba Brava qué ya está en las finales del Clausura 2026 y va por el Bicampeonato
Héctor Rivera",GOOGLE_NEWS_RSS
Repartidor de comida muere en choque con tráiler: sucedió en la Avenida de la Industria - El Sol de México,2026-04-19 07:00,2026-04-19T07:00:00+00:00,El Sol de México,,https://oem.com.mx/elsoldetampico/policiaca/repartidor-de-comida-muere-en-choque-con-trailer-sucedio-en-la-avenida-de-la-industria-29573844,https://news.google.com/rss/articles/CBMi1gFBVV95cUxOblBKV0pTRGd3eFBFckJ0VkU3MDduMWtUelNYSzlsM2ZoR2hpbXlJQ0JNcGZwUGlZVHJnbF82VndnYmZPQWpjMFNmMzI0Rk04NW5QaW1xVnd6eWxCcHNfQWdpZ01OU3BZNzljRC1UNkFDcmhfUG9NakJWb0hBSXNla19lTjhGZkxwNE45UXpJR3JUQ0dKUmpXaUVnR2cyODB1N0hJU0dqeF8wVkhRdDU2NFBuYXdvV1lHUDFKZlNHSTJsYldvSmdCU0hJNVMzVXlNOG5UVnd3?oc=5,,"Policiacadomingo, 19 de abril de 2026
Repartidor de comida muere en choque con tráiler: sucedió en la Avenida de la Industria
Las autoridades de Tránsito ya tienen bajo custodia al conductor del tráiler para las investigaciones correspondientes
Miguel Díaz",GOOGLE_NEWS_RSS
"Añoranzas / iCrea, taller de arte - El Sol de México",2026-04-19 07:00,2026-04-19T07:00:00+00:00,El Sol de México,,https://oem.com.mx/elsoldetampico/analisis/icrea-taller-de-arte-29561864,https://news.google.com/rss/articles/CBMifEFVX3lxTE16d3Z1WG41bHJnNDAybGZvelA0V2p5OVRGNnBXaEV4QWJYYXpoRVBCd0xFZko4N1d0X2Zfcm8zbURDMjU4OHFYd1FzdXY5OVNFTHlYd2hrVTdlV21KWkphbjRBZkVZdzg2UmpiSVZDNHVRNmdzbzZTSzhhR2Y?oc=5,,"Análisisdomingo, 19 de abril de 2026
Añoranzas / iCrea, taller de arte
Las opiniones vertidas en este artículo son responsabilidad de quien las emite y no de esta casa editorial. Aquí se respeta la libertad de expresión
ÚLTIMAS COLUMNAS
Más Noticias
COLUMNAS
CARTONES
LOÚLTIMO
Newsletter
¿Te quedas fuera de la conversación? Mandamos a tu correo el mejor resumen informativo.",GOOGLE_NEWS_RSS
Alga y Omega / La liebre volvió a perder - El Sol de México,2026-04-19 07:00,2026-04-19T07:00:00+00:00,El Sol de México,,https://oem.com.mx/elsoldetampico/analisis/la-liebre-volvio-a-perder-29562361,https://news.google.com/rss/articles/CBMigwFBVV95cUxPbU9UYWw2dTJ3RU5hNGE5VEg2Z01CcExiYk9nNUFTZ2JWbVJBM2lKOVRZMHhvX2dwMWcta2c1Um40dl92YUFPU3IwMkNEeUR1WE13ckQyd3dkbzdVSG5ad1lfQWZCaVhLc1lnc3lHTkd6Q01rUElLNXNPdVBVZnhvUEZxWQ?oc=5,,"Análisisdomingo, 19 de abril de 2026
Alga y Omega / La liebre volvió a perder
Las opiniones vertidas en este artículo son responsabilidad de quien las emite y no de esta casa editorial. Aquí se respeta la libertad de expresión
ÚLTIMAS COLUMNAS
Más Noticias
COLUMNAS
CARTONES
LOÚLTIMO
Newsletter
¿Te quedas fuera de la conversación? Mandamos a tu correo el mejor resumen informativo.",GOOGLE_NEWS_RSS
UAT promueve la Ingeniería en Negocios como nueva propuesta académica en Tampico - El Sol de México,2026-04-18 07:00,2026-04-18T07:00:00+00:00,El Sol de México,,https://oem.com.mx/elsoldetampico/local/uat-promueve-la-ingenieria-en-negocios-como-nueva-propuesta-academica-en-tampico-29508968,https://news.google.com/rss/articles/CBMiyAFBVV95cUxQeE9hZ0ZQRExJaHItNGRTWjd1ckFoNHY4bk9PWXByb1VWRFpEYUxiNmgzN2FndWRUay1kTlJ2SVBDR2VfSXBPcWZydDdzN3Z3VEoycXZqbGY0RnJmNlhOM3Vma29XU0lwaTRxTjJORmNFbzBhc0FnVTEtbXF1YWdZeHJRaGlZTkQxcVpYWHY5T2x6a253SXE1M2pTblMxdlA3cElURHdvZmdHdENTaV9ybjlSY3I0OWFGYndqQWhRNVVLcGpjNXMyMQ?oc=5,,"Localsábado, 18 de abril de 2026
UAT promueve la Ingeniería en Negocios como nueva propuesta académica en Tampico
La Facultad de Ingeniería impulsa esta carrera para formar profesionistas capaces de innovar y optimizar procesos
Antonio Campos
La Facultad de Ingeniería impulsa esta carrera para formar profesionistas capaces de innovar y optimizar procesos
Antonio Campos",GOOGLE_NEWS_RSS
Joel Fabián: el estudiante que transforma el Parque Méndez de Tampico en su barbería - El Sol de México,2026-04-18 07:00,2026-04-18T07:00:00+00:00,El Sol de México,,https://oem.com.mx/elsoldetampico/local/joel-fabian-el-estudiante-que-transforma-el-parque-mendez-de-tampico-en-su-barberia-29527786,https://news.google.com/rss/articles/CBMizAFBVV95cUxNMHZObTJuSGpabTF6M0dnYUV6dDR1MTFBZDljNUJXRS1nLXlsZ2NoaXd3R0xQMG01endQTW1qUUMwV09hVS1LY19ULUprWTVfTmgyVFh2MFpnZXJVb05DWXhva256MzAyeGhPaXg3cktOdXJnanprcVVRT2dCN1ZSMEZwdmFrb0dHMU1JZHppU3Y5MWJUWFVwanM1dFhfQWZ3UExyakJJZUk1c2FlT3RseXVBSkMzcHFJekVwaFZWZEQ4QWJQNi1FX21xN3Y?oc=5,,"Localsábado, 18 de abril de 2026
Joel Fabián: el estudiante que transforma el Parque Méndez de Tampico en su barbería
Trae consigo todo su equipo de barbero profesional para cortar el cabello al aire libre y romper esquemas
Vladimir Meza
Trae consigo todo su equipo de barbero profesional para cortar el cabello al aire libre y romper esquemas
Vladimir Meza",GOOGLE_NEWS_RSS
Frente frío 45 llega a Tamaulipas este domingo con lluvias fuertes y descenso de temperatura - El Sol de México,2026-04-18 07:00,2026-04-18T07:00:00+00:00,El Sol de México,,https://oem.com.mx/elsoldetampico/local/frente-frio-45-llega-a-tamaulipas-este-domingo-con-lluvias-fuertes-y-descenso-de-temperatura-29564237,https://news.google.com/rss/articles/CBMi2AFBVV95cUxOYkxGOUR5dVlFMUpVUjJEVFJIUHo3Y0FOZExIb3Y1ZTVRQ2cyeW5Fb05ZTVB3Tkh5aUxwU0UwVzNYaHI4RVlsTHF6dEk2ckpNbnpLQUFDZUpIMHcydnVsdzBqZjJ2WlhhS1NYR0dnc18xeFZOakc1RXpIS281Q0NjLS1qTEZ6dDd4dU1SSWF2U1N2ZzUzUy1QQ3ZiVnR2NHI2S0R0b1FvVWlGZVBaOERPZkEtSWRxSEN0d184UUxiY3pEcGE4aERCREFWMlNTdmwzMHA0ZnEyWlE?oc=5,,"Localsábado, 18 de abril de 2026
Frente frío 45 llega a Tamaulipas este domingo con lluvias fuertes y descenso de temperatura
Autoridades prevén ambiente más fresco en la zona conurbada, con cambios bruscos en las condiciones del clima
Antonio Campos",GOOGLE_NEWS_RSS
¿Cuánto durará el alza de combustibles en México? Esto dicen los especialistas - El Sol de México,2026-04-18 07:00,2026-04-18T07:00:00+00:00,El Sol de México,,https://oem.com.mx/elsoldetampico/local/cuanto-durara-el-alza-de-combustibles-en-mexico-esto-dicen-los-especialistas-29475795,https://news.google.com/rss/articles/CBMiwwFBVV95cUxNNXRmaERxalNoZ3BEdUhZUkV4dHVEYXNzNy0teGFGY3NiVzcyT054Tnh4WGxSbFlKbjJlakx5ZElpandBTG5hZ28xTE5IMTFFdXhia3NsN0dvRW9pTjNjQUVIMWxSaC1BVGdFVW83M1NyUnlldXdhbTlTMWtrY0tydXRQYlplSURrVE9MdGRXbEtXLWtldmhKRl9TVDVYaVZ0U1dLLXhFUjUzR3dyMVRIczZTZEpGbFRRTUlDaW9fNTA0RWs?oc=5,,"Localsábado, 18 de abril de 2026
¿Cuánto durará el alza de combustibles en México? Esto dicen los especialistas
Los estímulos fiscales ayudan a contener precios, pero el impacto internacional mantiene la presión en el mercado
María Macías
Los estímulos fiscales ayudan a contener precios, pero el impacto internacional mantiene la presión en el mercado
María Macías",GOOGLE_NEWS_RSS
Alerta ambiental en Tamaulipas: autoridades investigan muerte masiva de peces - El Sol de México,2026-04-18 07:00,2026-04-18T07:00:00+00:00,El Sol de México,,https://oem.com.mx/elsoldetampico/local/alerta-ambiental-en-tamaulipas-autoridades-investigan-muerte-masiva-de-peces-29555512,https://news.google.com/rss/articles/CBMiwwFBVV95cUxPQWt6a0dmcmE1NHNnUXN1b2hyQkZ4alZXTkVwNXdQNHJwUElDV2t6Rk0tZ21acmVhaWlnbTQ2NHk3Q0RQZHBiLV9hMHFMT2pEN3htbEQtVGk1WXFHVjAtM0RNZEROM0wzNFRyd252NFRjcDNSdnl3ai1yT09SZ3BjbXpxTmNwbHdrQVl4RHQ3UHBBY2JkaTlrMU5qb0N5WENSS1NZa3cweUpZZU5DOVM5aEtYY2ZxVnF4TXJBNFRnYXY5QXc?oc=5,,"Localsábado, 18 de abril de 2026
Alerta ambiental en Tamaulipas: autoridades investigan muerte masiva de peces
Aún no se han determinado las acciones para que esto no vuelva a suceder, todo depende del estudio final
Mariela Macay
Aún no se han determinado las acciones para que esto no vuelva a suceder, todo depende del estudio final
Mariela Macay",GOOGLE_NEWS_RSS
"Planta para residuos sólidos, detenida por falta de estudios de impacto ambiental en Tampico - Milenio",2026-04-18 07:00,2026-04-18T07:00:00+00:00,Milenio,,https://www.milenio.com/ciencia-y-salud/detienen-planta-procesadora-de-basura-en-tampico,https://news.google.com/rss/articles/CBMikgFBVV95cUxNOWQxYktteWNTWk1uSjNVMFBMejQzM1R1d3RwT3l4SThZRnRPdldCQmhwZ3JtaEdtUXFYblNaWThjaGt4bUV5ZkhZVVE4MVQzV0NFdUpPVjRUNFNtcEpUQjBra05CYnBoRU0zNWs5WldVWi1OMUR5el8tMDlxOC05RnlLMUZsTTRFbUZiWHBSbmVWUdIBkgFBVV95cUxNVnlqRFJGMFdTTUx3SnpzOVE2MWgxQTI2RWpKREVGb3h5ajM4cFdMVHlOcVp0UTdCUFhkVzNadFplT2hXX1ctYjE0Z2tvNmVzeEVvbmJDSDEyUVVEQU85czBIQlFqSU5rbmxWLTh6RjdIZElWVUE1WTRZbU56M3VjTklXQ09QZzNfcFprSEUwV3lwUQ?oc=5,,"La planta procesadora de basura que iba a construir la empresa Hova Green en Tampico está detenida después de un año de aprobarse en Cabildo, debido a que no ha cumplido con los estudios de impacto ambiental, por lo cual ya están buscando otras opciones enfocadas a concretar una obra de este tipo de manera conurbada.
Proyectos estratégicos
En una reunión de evaluación y avances de proyectos estratégicos en Tampico, Alfonso Celestino, responsable de darles seguimiento en el gobierno, aseguró que la empresa Hova Green no ha cumplido con los estudios de impacto ambiental para la construcción de la planta, así que todo está en stand by.
“El siguiente tema que tenemos es el de Hova Green, que lo tenemos suspendido en este momento porque la empresa no ha cumplido con los permisos de impacto ambiental y se está revisando el proyecto, así que si no hay información adicional se mantiene en ese estatus”, expuso durante la reunión realizada este jueves en Sala de Cabildo.
Una nueva procesadora
La alcaldesa Mónica Villarreal Anaya reconoció que aunque la citada empresa no ha cumplido no se van a quedar con los brazos cruzados, así que van a buscar otras opciones para poder construir una planta que ayude al procesamiento de la basura, aunque ya pensando en esfuerzos conurbados.
“Hemos tenido reunión con otras empresas, queremos trabajar de manera conjunto Tampico, Madero y Altamira, así que los tres presidentes municipales hemos ido a platicar con otro empresario que quiere poner la planta de resíduos urbanos en el espacio que tiene autorizado el municipio de Altamira, para tener todos estos desechos urbanos”, detalló.
Asimismo, explicó “estamos platicando para quitarle la concesión que ya se había otorgado a Hova Green y cambiarla por esta nueva concesión en donde tendremos esa misma participación de retribución económica como la teníamos, nada más que en vez de que sea en Tampico sería en Altamira. La empresa está por entregar la información, con el fin de presentarla al Cabildo”.
La aprobación de la planta
Fue en febrero de 2025 que el Cabildo de Tampico aprobó la concesión para que Hova Green pudiera construir la planta en un predio de 2.5 hectáreas en la llamada zona de transferencia de basura, que está sobre la carretera Tampico-Valles, en el sur de la ciudad.
La iniciativa viene desde el 2022, desde la pasada administración, porque se pretendía la mejora de los procesos de tratamiento de los residuos sólidos urbanos, con el fin de disminuir la cantidad de basura que se traslada al relleno sanitario y lograr ahorros al municipio hasta por $21 millones al año.
A dicha empresa le han cancelado concesiones en otros puntos del país como en Tehuacán, Puebla, debido a que no encontraron un predio para construir una infraestructura similar, así que el Cabildo de dicho municipio optó por echar atrás todo.
AA",GOOGLE_NEWS_RSS
“No podemos parar otra vez”: despicadoras alistan amparo por veda en Tamaulipas - El Sol de México,2026-04-18 07:00,2026-04-18T07:00:00+00:00,El Sol de México,,https://oem.com.mx/elsoldetampico/local/no-podemos-parar-otra-vez-despicadoras-alistan-amparo-por-veda-en-tamaulipas-29542126,https://news.google.com/rss/articles/CBMiwwFBVV95cUxQbElTcUN0eHRWbVVWU3ZvNV9XYnZqYkFrUnNiUGxIMzV2UXA0cmpycTVKRi1JYllWSXdXdHNBbnBpSWZlc3NhekM5dV9jQ3FSTlcxaGpwVVoyZHZ5Z19KRFJrdmlibUljSXhpeGdYZUhwWmJtYlJJdV91SDVyRnoxd1BlRU5zRHN5TlNGYjdDcVBoWG5ralpZNnQ3aWlVcm5KRGd5ZGphUHN0Z1hVVjNsYk5hMmdCZEx1WFh5QjFYdEhCRFE?oc=5,,"Localsábado, 18 de abril de 2026
“No podemos parar otra vez”: despicadoras alistan amparo por veda en Tamaulipas
A quince días del inicio de la veda de camarón, buscan evitar una extensión similar a la del año pasado que duró siete meses
Paulo Monsiváis",GOOGLE_NEWS_RSS
Hablemos de tecnología / Cibercrimen 4.0 - El Sol de México,2026-04-18 07:00,2026-04-18T07:00:00+00:00,El Sol de México,,https://oem.com.mx/elsoldetampico/analisis/hablemos-de-tecnologia-cibercrimen-4-0-29545834,https://news.google.com/rss/articles/CBMilAFBVV95cUxQY1k0NXlYbGtuRnF3anV0S0xYbTlyVU8yamNWMTh6a3NZam9KRHRTY19CUnYwd1RtamRzd0NjZHpFSVhyZlFmUzlRUFdTZzd3RG11bzljRHowN1QzYWNweFdEWGp0c1JZb3NrSDVaS3lGOVc5RzBOYlJSbENFdVh3WVhPMGpqNVdGczc1bVc0dFZ1eXR2?oc=5,,"Análisissábado, 18 de abril de 2026
Hablemos de tecnología / Cibercrimen 4.0
ÚLTIMAS COLUMNAS
Más Noticias
COLUMNAS
CARTONES
LOÚLTIMO
Newsletter
¿Te quedas fuera de la conversación? Mandamos a tu correo el mejor resumen informativo.
¿Te quedas fuera de la conversación? Mandamos a tu correo el mejor resumen informativo.",GOOGLE_NEWS_RSS
"Actriz Barbara Torres, “Excelsa” es hospitalizada en Matamoros; este es su estado de salud - Milenio",2026-04-18 07:00,2026-04-18T07:00:00+00:00,Milenio,,https://www.milenio.com/virales/actriz-barbara-torres-hospitalizada-matamoros-tamaulipas,https://news.google.com/rss/articles/CBMikgFBVV95cUxQMHd6NWdmSVh3RHpENDAwY2kzNXlNaEdFY1c0RzlqN2JyV1AtX1V5T0c2Z1h2M0xfRmdMWUJtWTREUzdqOVhtWlRUTy1VSU5NZHZZNW9DLVFTUTVqcnBManJBSVNQU3RoWVdfTGZ3eWhra0lwVGtVY2tLYTE1QVlOVWFpY0hnOUttdm8yMHBjR1AxUdIBkgFBVV95cUxOQl9KLUpDNG1kY3g0VG41S2taSng2dmxkYV9EeDZrWXlUQ2wxMGl3ODNCYkpmelAzR24ySTFDMVM3TFVpNVJGQWljUXRWSVhXa1V5YjQ3R1B4b2xmYlgwdDVTUW5tcWxIaFViSTJKRWhVRzFUcVNyeDhOcGhYWElNUUFkWWZ5RHZ3TnBJdVZfZ0x5Zw?oc=5,,"Una intensa movilización de cuerpos de emergencia se registró en un hotel de Matamoros tras el reporte de una persona inconsciente, lo que generó preocupación entre huéspedes y personal del lugar.
Paramédicos acudieron para brindar atención médica inmediata y trasladaron a la persona a un hospital para su valoración, en un hecho que rápidamente generó atención debido a la posible identidad de la afectada.
¿Se trata de Bárbara Torres, actriz de “Excelsa”?
De manera preliminar, se informó que la persona atendida sería Bárbara Torres, conocida por su personaje de “Excelsa” en La Familia P. Luche.
La actriz se encuentra en Tamaulipas como parte de la gira de la obra Brujas, lo que incrementó el interés en torno al incidente.
Reportan mejoría tras atención médica
Aunque en un inicio se habló de un presunto desmayo y un estado de salud delicado sin confirmación oficial, posteriormente se dio a conocer una actualización sobre su condición.
MILENIO entrevistó al empresario promotor encargado de la gira, quien informó que la actriz se encuentra mejor de salud tras recibir atención médica, descartando complicaciones mayores.
Continuará gira en Tamaulipas con última fecha en Ciudad Victoria
De acuerdo con el promotor, Bárbara Torres ya se dirige hacia Ciudad Victoria, donde se realizará la última presentación en la entidad.
La gira de la obra “Brujas” ha incluido funciones en Tampico, Matamoros y concluirá en la capital del estado.
Sin reporte oficial detallado
Hasta el momento, no se ha emitido un informe oficial por parte de autoridades de salud sobre el incidente; sin embargo, la información proporcionada por el equipo de la producción apunta a una evolución favorable.
yc",GOOGLE_NEWS_RSS
De qué está hecha la tortilla y por qué es uno de los alimentos más completos - Milenio,2026-04-18 07:00,2026-04-18T07:00:00+00:00,Milenio,,https://www.milenio.com/ciencia-y-salud/de-que-esta-hecha-la-tortilla-y-por-que-es-un-alimento-completo,https://news.google.com/rss/articles/CBMipgFBVV95cUxQclgwdG5DYktVVzA5VFV1akZvR1V5OHNCNV85NzliZHFSYlV2R3NkZkkwN3pNRDViYXdMTDItZ05mNzQxeklGeTFBRS1UR3pFM1BBUjl4bHRyZ0hfeHhxUWUyVE0zOVNkVWR0TzNDT2o4b2xmTDczakpXeXlJTGloakVVZ0t3S3lacFRTUjUtcUk3TWJOWHR5UWtqXzhKcE82ellOMEJn0gGmAUFVX3lxTE9yS1RKSGVWalg3bWpsbk1nVGZiMEZLNW16X0FjMjFiVmpONHk4alJvWHI5QVFLWkdPSlIyM0E0dVFkbEFlR2JIemRDZS1PaGdaUDEwYzBSUnBCcG1LYlE2YThIMEpkV25QNU0yZmNxUndSdHEtNWtXcDk2UjlZbVZ4VVJWZzZCV3JBNmt5bkZYOTRQUVZWbXRPZWFqOERtMzlkTUlib3c?oc=5,,"La tortilla de maíz es mucho más que un simple acompañamiento en la mesa mexicana. Presente en tacos, enchiladas, chilaquiles o incluso por sí sola, este alimento tiene una historia milenaria y un valor nutricional que pocas veces se dimensiona por completo.
Su origen se remonta a las antiguas civilizaciones mesoamericanas, donde el maíz no solo era la base de la alimentación, sino también un elemento central en la cultura. Desde entonces, la tortilla ha evolucionado en su forma de preparación, pero mantiene intacta su esencia.
¿De qué está hecha la tortilla?
Todo comienza con el maíz, pero no cualquier preparación. La base de la tortilla está en la nixtamalización, un proceso ancestral que consiste en cocer el grano con agua y cal, de acuerdo con un informe de la Profeco.
Este método no solo suaviza el maíz para convertirlo en masa, también transforma sus propiedades. Gracias a la nixtamalización, el grano mejora su sabor, aroma y textura, pero sobre todo, incrementa su valor nutricional.
Al pasar por este proceso, el maíz libera aminoácidos esenciales y permite que el cuerpo absorba mejor nutrientes clave, algo que no ocurre con el maíz sin tratar.
¿Qué contiene realmente la tortilla?
La tortilla de maíz elaborada de forma tradicional es un alimento sorprendentemente completo. Entre sus principales aportes destacan:
- Calcio, fundamental para huesos y dientes
- Vitaminas del grupo B, como la niacina
- Fibra, que favorece la digestión
- Minerales como hierro, fósforo y potasio
- Proteína vegetal de origen natural
Además, se caracteriza por tener un bajo contenido de grasa, lo que la convierte en una opción equilibrada dentro de la dieta diaria.
Un alimento pequeño, pero poderoso
Aunque a simple vista puede parecer sencilla, la tortilla concentra una gran cantidad de beneficios. Su capacidad para generar saciedad, aportar energía y complementar otros alimentos la convierte en una pieza clave de la alimentación en México.
Por eso, más allá de su sabor o versatilidad en la cocina, la tortilla sigue siendo un alimento fundamental que combina tradición, historia y nutrición en cada bocado.
¿Cómo conservarlas correctamente en casa?
Para mantener su frescura y evitar desperdicios, hay algunas recomendaciones básicas que la Profeco compartió para poder conservar de manera correcta este alimento:
- Sepáralas cuando aún estén calientes para evitar que se peguen
- Déjalas enfriar antes de guardarlas
- Envuélvelas en una servilleta de tela
- Guárdalas en un recipiente o bolsa bien cerrada
Si se endurecen, aún pueden aprovecharse en preparaciones como chilaquiles, tostadas o frituras. Sin embargo, si presentan mal olor, manchas o textura pegajosa, lo mejor es desecharlas.
JCM",GOOGLE_NEWS_RSS
Impunidad - Milenio,2026-04-18 07:00,2026-04-18T07:00:00+00:00,Milenio,,https://www.milenio.com/opinion/laura-olivia-hernandez/taller-sie7e/impunidad,https://news.google.com/rss/articles/CBMigwFBVV95cUxNLWZMdUd3cW5CZDlURUtsTXBNcjdZQzR0RWVaTkdUb3dCb2dpUXpYajdJZWZ1U1ZiRkM1V1gzeldjbW16cU50NkhlSWZ4RE96cUlXMENrTjVlNndVTmdPYUc1N2VJcWRnT0J5WnlCNDY3alFuaGdEbkNHdUNuc1o1YVAzd9IBgwFBVV95cUxNLTlsRU0wYlpzQW55TEpZMkJheXdfZTYyeXRBYVBEcWR5eGpkdFUyLTlVRkc1dGxiZ2RBelkxYmlfWUtJTTJudWFMYm9jM3VsS0lkMS1KSTAySkZKdkhjODU4ajFCdmZZY1lmelVhT2ZfTHQ2dGlMWTJfRW1jOUQzc2lNNA?oc=5,,"¿Llegará la justicia a sentarse con nosotras? Guardar silencio de los primeros jalones, justificar los celos, aceptar comentarios de la ropa que debes usar, como reír, a quién hablarle, indicios de violencia ignorada. Y en las puertas cerradas de un porcentaje muy alto, del santo hogar mexicano, una hiena asecha, con sus filosos colmillos a inocentes.
No hay que decir nada porque seremos juzgadas, el daño familiar, la ruptura, agregue lo que desee, póngale limón a la herida. Y si la chica aparece muerta, el calvario, la búsqueda, los miles de expedientes sin resolver, sin moverse. Sin embargo, siempre hay una voz que te acompaña, como la de Cristina Rivera Garza que, con valentía, cautelosa y firme expone ese territorio de abusos.
Lo dice en una conferencia magistral, en la catedra Nelson Mandela de la UNAM. Habla de la impunidad, que te roza la piel, y al mismo tiempo va explicando, las vivencias que enfrentó al escribir El invencible verano de Liliana.
Paralelamente diserta sobre, la venganza, la maldición. Regresa a su Alma máter gustosa, frente a 700 asistentes que gritan ¡Justicia, Vivas las queremos! Pasaron 30 años para escribir sobre el feminicidio de su hermana, nombra al perpetrador: Ángel González Ramos, que sigue prófugo.
La madre, hermanos, familiares, amigos lo encubrieron, cómplices, y surgieron más víctimas en su camino. ¿Cuántos casos conocemos con el mismo patrón de conducta? A Liliana la aviva la Literatura, el lenguaje restituye su memoria, sus ganas de vivir, su amoroso destino trunco.
La conferencia completa, esta en internet, es una oportunidad para escuchar al Premio Pulitzer, a la galardonada tamaulipeca Cristina Rivera, y reflexionar sobre la orfandad que causa el no investigar, la ausencia de castigo a los responsables, cómo se ha filtrado esa peste en las entrañas de la sociedad. Por fortuna el arte salva, en murales, obra de teatro, esculturas, en la literatura, Liliana, seguirá viva.
Recibirá su título de arquitecta por la UAM, la justicia literaria vence a la impunidad legal. En cada lector, en los miles de ejemplares que están en el mundo, su historia se multiplica, te haces amiga de Liliana. Empatía con las víctimas, restituir su nombre es un grito necesario.
Carpe diem.",GOOGLE_NEWS_RSS
"""Ya quiero que me lleven a un asilo""; a sus 82 años, Josefina lucha a diario por su hija discapacitada, pero s - Milenio",2026-04-18 07:00,2026-04-18T07:00:00+00:00,Milenio,,https://www.milenio.com/comunidad/adulta-mayor-pide-asilo-en-tampico-cuida-sola-a-su-hija-discapacitada,https://news.google.com/rss/articles/CBMipgFBVV95cUxOYmt5dWJ2LWFkWldDVHMtVDhrdDFkTlQxNHY4X3RGbHA0WC1DalQwT3FKemx0NUxoaEQtTE00SEpkOG9oOVJjdk5hNmxabFdZSldvNkxKLU5oXzRadG1BbS1ZUEVRRWxMQnNxTDQ3WWFNZTYxTU9XYV9lLU45d3FPcXFTMjNYenhid0paRWoxR2dzQmN0TEhUclZjRzRicVFlWGtaYVV30gGmAUFVX3lxTE9vdUlKMlgxcGcyLXpIdjNOTU85cWNzQm1Uc0x0a3pqU1VCSUZnUUNheFVkZlhTOVNBUDZ6V3NHcElPcDc5WWJ6ZzkyX2tTYTRoZmlPWU8tZ0MzajZBaXByaUdncjNmaHNlWlhwYWpGemJTaE1MVmxTSktvV1ZGby1Nc3FiX2lLRlRuYWRVbVpkNldrcGhyMkNsZTFoNVMyV2NUcThjd2c?oc=5,,"Sobre la cama se encuentra Alina, una mujer de 53 años con el cuerpo tan delgado que parece ser menor; por eso, doña Josefina Álvarez Acevedo le dice “mi niña”, porque es su hija y la luz de su vida, a quien atiende a pesar de que cada paso a veces representa un dolor tan insoportable en su columna que le hace rodar lágrimas por las mejillas.
Doña Josefina, quien habló con MILENIO, habita la vivienda que tiene marcado un 5 en la puerta, justo al lado de unas calcas que indican que fue visitada por el personal de Bienestar Federal para sumarlas al programa “Salud Casa por Casa”. Su amiga y vecina, Marina de León, le toca la puerta y desde adentro le gritan: “¡Ya voy, espérenme tantito!”.
El dolor que no la detiene
En abrir la puerta se demoró casi cinco minutos, pero su amiga ya la conoce: “A veces tarda porque no se puede mover muy rápido, el dolor que le da en la columna es muy fuerte”, asegura Marina, que tiene su casa en el mismo edificio marcado con el número 100, en el Andador D de la colonia Jesús Elías Piña, en el occidente de Tampico, Tamaulipas.
Josefina camina lento, usa una faja y se apoya con un bastón que parece de cristal, pero es de plástico transparente. Recuerda que su hija Alina Mireya nació normal, por cesárea, hace 53 años; sin embargo, cuando era apenas una bebé, pasó una situación de salud que cambiaría la vida de toda la familia.
El origen de la enfermedad
“Un día la estaba bañando, se estaba bañando solita en la bañera, la saqué para secarla y empezó a convulsionar, a dar temperatura, vómito y diarrea. Rápido me la llevé con mi mamá porque estaba sola y terminamos en el Canseco, donde me dijeron que se estaba deshidratando”, recordó.
La voz se le quebró a Josefina, que lidia con el recuerdo y con el dolor en su columna, que dice no le quitan las pastillas y mucho menos las inyecciones. “La llevé al IMSS; ahí los médicos me rodearon y me bombardearon de preguntas. Me dijeron: ‘Tiene que venir a verla cada 10 minutos porque su niña va a morir, le pegó la meningitis’”, recordó.
Una vida de cuidados constantes
Su hija tiene ya 53 años de vida; está acostada en la cama, no habla y no camina, pero Josefina no da tregua. Ella sola, a veces con la ayuda de Marina, va a la farmacia Simi más cercana a comprar gasas para hacerle curaciones a su hija, además de lo que necesiten para el día a día.
La mujer de 82 años dice que “ella no está vieja”, como le han dicho doctores particulares cuando la han atendido del dolor intenso en su columna vertebral, quienes tampoco han querido operar porque, asegura, tienen miedo de que “se quede en la plancha”, al considerar que ya no soportaría una intervención y la anestesia.
El cuerpo al límite
Sabe que la causa del dolor, el cual comenzó a hacerse insoportable hace cuatro meses, no es por la vejez, sino por el trabajo que ha tenido que hacer al cuidado de su hija, de Alina: cargarla, moverla, además de subir y bajar escaleras en una zona habitacional en la que hay subidas y bajadas, así que a veces solamente quiere descansar.
Asegura la mujer de la tercera edad que su cuerpo tiene 12 cirugías, está muy enfermo y en el Seguro Social le dicen: “Doña Jose, usted tiene mucho desgaste físico, mucho agotamiento y mucho cansancio porque tiene una niña discapacitada; en ese tiempo tenía 51 años, ahorita tiene 53, es toda una vida”.
El sueño de un asilo
Álvarez Acevedo cuenta que tiene un plan: poder estar en un asilo tranquila junto con su hija. Es lo que le dijo a una trabajadora social del DIF Tampico cuando la fueron a visitar: “Les dije que quiero ir al asilo y me preguntaron si tenía dinero. Les dije que sí, que tenía la pensión que me dejó mi esposo y la del gobierno, así que sí tengo para pagar”, refiere.
“Yo quiero ir a un asilo, pero me doy cuenta de que ahí no quieren batallar con enfermos. Hemos recorrido asilos, pero nadie me quiso aceptar por la niña, por mi hija. Fui al asilo de las Madres Adoratrices, un padre me llevó, pero la respuesta es negativa”, aseguró la ciudadana tampiqueña.
Puertas cerradas
La mayoría de los espacios que atienden a los adultos mayores en Tampico y Ciudad Madero no atienden a personas enfermas, y mucho menos con alguna discapacidad; es por eso que Josefina ha encontrado una serie de trabas para poder llegar a un asilo, un sitio en el que pueda tener una vida más tranquila, porque lo que es un hecho es que se quiere ir de su vivienda con el número 5, edificio 100, de la colonia Elías Piña.
“Fui al asilo de San Vicente de Paul, fue el primero que visité, y una religiosa me dijo, después de platicar con ella sentadas en una banca: ‘Nosotros no estamos capacitados para cuidar a los niños especiales’, porque atienden a puras personas de la tercera edad con Párkinson”, recordó.
El ángel en su camino
Hay quien dice que Dios te pone ángeles en el camino, y Josefina tiene uno: Marina, su vecina de abajo. Nunca la deja sola, porque sabe lo difícil que es vivir con sus dolencias y hacerse cargo de una persona con discapacidad; por eso, la ayuda y el apoyo son incondicionales.
Por ende, a pesar de sus dolencias, Josefina no para: camina de la mesa al cuarto de su hija para cambiarle pañales y darle de comer, aunque eso le genere un dolor que ninguna medicina calma, pero que a veces el amor de madre aplaca y motiva para no tirar la toalla, aunque la vida haya pegado duro, muy duro.
Promesas sin cumplir
Hace más de ocho meses que acudieron a sus domicilios para darlas de alta en el programa “Salud Casa por Casa” y el compromiso fue visitarlos mes tras mes, pero en todo ese tiempo nadie ha acudido a revisar su salud, refieren adultos mayores de Tampico.
En las puertas de las viviendas de las unidades habitacionales que se encuentran en la colonia Jesús Elías Piña tienen la estampa que informa que ya se hizo el censo de uno de los programas insignia del actual sexenio; destacan los colores guindas y aún conservan un tono colorido porque son relativamente nuevos.
Sin visitas médicas
Sin embargo, en el andador D, en el edificio 100, hay por lo menos cuatro adultos mayores que fueron visitados por las autoridades que echaron a andar el programa federal que forma parte del plan presidencial, pero ninguno ha tenido visitas.
“Ellos nos vinieron a levantar el censo hace como unos ocho meses y en ese tiempo nunca hemos recibido la ayuda que nos prometieron. La revisión es mensual y no, a ninguno de nuestros vecinos, a nadie han visitado”, aseguró la vecina Marina de León, de 71 años, que no tiene Seguro Social y estaba ilusionada por dicho programa del gobierno.
Necesidades y carencias
En el edificio, en el cual, por cierto, los adultos mayores ya tienen complicaciones por los accesos, “está doña Jose, don Francisco, está doña Socorro y yo; somos cuatro, pero a ninguno de nosotros nos han venido a visitar, ya pasó mucho tiempo. Por eso yo tengo que ir al Simi y comprar la medicina”, aseguró la vecina.
Lo que están buscando los ciudadanos que tienen diversidad de enfermedades, desde afectaciones (amputaciones) por la diabetes, problemas de presión y hasta afecciones crónicas en la columna, es que los médicos y enfermeras que conforman dicho programa los puedan visitar lo más pronto posible.
“Yo nomás sufro de presión alta y me duelen mucho mis rodillas, también. Lo que queremos es que nos apoyen y nos visiten, exactamente, porque entonces, ¿para qué prometen lo que no van a cumplir?”, externó la ciudadana.
Infraestructura inconclusa
En los edificios, a los cuales llegaron hace aproximadamente 40 años, hay una serie de necesidades que pudieran hacerle la vida más fácil a los adultos mayores, que es la gente que los habita en su gran mayoría.
Detallan que en el Andador D, en la colonia Jesús Elías Piña, el cual está de bajada, hace años les hicieron una rampa para que pudieran bajar con un poco más de facilidad y evitar accidentes, pero todo quedó inconcluso: faltaron los barandales.
“Ya estaba todo listo, se tenían los materiales, las varillas y los tubos, pero se los robaron. Fue la gente mala que hay por aquí, así que sí queremos que nos puedan colocar los barandales porque aquí está bien empinado y ya estamos viejitos”, recalcó.
JETL",GOOGLE_NEWS_RSS
Pemex provoca desconfianza por mal manejo en el derrame de crudo: IP - Milenio,2026-04-18 07:00,2026-04-18T07:00:00+00:00,Milenio,,https://www.milenio.com/estados/derrame-de-pemex-en-golfo-genera-desconfianza,https://news.google.com/rss/articles/CBMigwFBVV95cUxPTnU2VU9zcl83emxBd3k4cWJ2QnJIZGdicEtvakdMSFBPMnFheTY1VDFwYTVfckRKM3NkZFBIN3FLdEs3VTY4ejMyVzc0X2g4ejhaTm1EY015c2RDTlBiRXNUMG5LeFo4T05VRjh5cFVXZGFyQzFsWDFRbXdacTNsZ1A5SdIBgwFBVV95cUxQM01ZNEh1bVlrc0V1MnpNM0xNTzJDeGUwV2QtWFJjN0g1amJybFVHNDRTYy13cmtBYi1OZm9SSE5YRWNrd0QzRGNWT1JwalAxeExrRDY4dUg0ZkZINVZMUVdaQjZaVDJ4MnVoLVFNMnlUSEl4ZldZaTBPdjFIYmVmblBZNA?oc=5,,"La iniciativa privada relacionada con el sector energía en Tamaulipas, apuntó que el manejo dado por Petróleos Mexicanos (Pemex) al derrame de crudo que se registró hace semanas en el Golfo de México, primero al negar el hecho y posteriormente reconocerlo, genera una desconfianza que se transmite al inversionista extranjero.
La manera como el gobierno federal abordó la situación causa mucha incertidumbre, así lo expresó Benito Torres Ramírez, presidente del Clúster de Petróleo, Energía y Gas (Cepegas), organismo que agrupa a proveedores de esta industria ubicados principalmente en Tampico, Ciudad Madero y Altamira, al indicar qué faltó capacidad para solucionar la problemática.
“No solo es hacia la iniciativa privada, el mensaje que transmite Pemex a todos es de desconfianza. Muchos pensarán que en este caso que fue tan visible trataron de ocultarlo, qué otros asuntos tratan de encubrir, imagínense en lo que no se ve. El caso del derrame en el Golfo de México requería una solución inmediata, sin embargo, lo dejaron pasar”, expuso.
La empresa pública junto con la Secretaría de Energía anunciaron este jueves que la fuga de crudo que se vertió sobre las costas de
Veracruz, Tabasco y alcanzó el sur de Tamaulipas, alrededor de 900 kilómetros, se derivó en un oleoducto ubicado en la zona de Cantarell.
Tres funcionarios fueron cesados de su puesto al estar bajo investigación luego de negar la responsabilidad de lo acontecido. Sin embargo, el titular de la agrupación acotó que el permitir la extensión del hidrocarburo y la incapacidad de la remediación a tiempo, además de los informes emitidos, son vistos de manera negativa por las compañías internacionales en este rubro.
“Esa señal no solo es negativa para la iniciativa privada, impacta en los inversionistas extranjeros de quienes necesitamos vengan al país para que impulsen el desarrollo económico. El capital ha venido a menos producto de esa incertidumbre que se transmite desde la autoridad”.
AA",GOOGLE_NEWS_RSS
Un siglo a prueba de ciclones: cómo los mercados de Tampico se adelantaron a su época - El Sol de México,2026-04-18 07:00,2026-04-18T07:00:00+00:00,El Sol de México,,https://oem.com.mx/elsoldetampico/local/un-siglo-a-prueba-de-ciclones-como-los-mercados-de-tampico-se-adelantaron-a-su-epoca-29543181,https://news.google.com/rss/articles/CBMizgFBVV95cUxNa1llX2xfeEV2RnZfMWFXbnJfRXR2YnlVRGQ1WHFXNnFqSG9iU2U5MThPVmRsSEhrSDk1YkRfekM5Uko4b1dQSGJWd1lmYlJ5WTVRdHB3dUhuNXNfWUdpcjBVd0RGR29RYjVFNko1UC03MFNFbTN0VDdmbXB4dWNIaE5WQWlNclZELUpzRzZKLXNlWjRqcTNKV0RPT1JBSWpOaFlMdkJGWU8zUUlzTTgzOFJzeEJIZHZwOENIajJ1dVdySGVqMGlaX2puNFFsQQ?oc=5,,"Localsábado, 18 de abril de 2026
Un siglo a prueba de ciclones: cómo los mercados de Tampico se adelantaron a su época
Gracias a su construcción, el cemento local y el concreto armado, estos mercados se volvieron el estándar en el sur de Tamaulipas
Paulo Monsiváis",GOOGLE_NEWS_RSS
"La cal hidratada: fundamental en tortillas, desinfectantes y edificios - Milenio",2026-04-18 07:00,2026-04-18T07:00:00+00:00,Milenio,,https://www.milenio.com/ciencia-y-salud/cal-hidratada-compuesto-usado-alimentos-viviendas,https://news.google.com/rss/articles/CBMikwFBVV95cUxOVHBFcElEMDBsUUI3VGZSRk1mZUxiWkpWNklpbXl0ZnBRWnpSNl9IdFNrSGtjYzhYNkZnR3l5NzhaVERmazBLQkxZVF9NNHRTMTZETXlLRjZKWm83UHZoZWRteFJoSC1GMldhZ2FjUUUtV1JNQWdkVVlaX0k3S3VFZHNwdS16b0VXUkZfRy1PTlVyM0XSAZMBQVVfeXFMTjVhaUtQdXduZ2NuUEZCT2RMTFJIeF9TdGpHS3pnN1prS0JNUkxZc2ZWcklfRTJLVEJNdnZyZUlrVnZCazdQNTMyN01KSlRtbk1EX1hCbnRWV1RZNlR2Zk5oRFgyandPcDV5QmV4VDlCUzY2eHdCd1dkX1dXU0VueGZfYnEyU0ZTT05kZVpTeURvazBZ?oc=5,,"La cocina tradicional mexicana que utiliza el maíz como base para elaborar múltiples platillos como tortillas, tamales y hasta pozole, emplea desde su creación un elemento químico que no solo conserva los alimentos, sino que también potencia su sabor: la cal.
Este elemento es clave en el proceso de nixtamalización, en el cual el grano se cuece previamente para facilitar su preparación.
Usos múltiples de la cal
Sin embargo, este producto también se aprovecha en el tratamiento de agua potable, desinfección de alimentos; así como en el sector salud, para limpiar lugares y evitar la propagación de bacterias y virus. Incluso su uso se extiende hasta la industria de la construcción en la mezcla con el concreto para los cimientos de edificios, la unión de muros y recubrimientos.
Se trata de la cal hidratada, derivada del hidróxido de calcio, un compuesto con propiedades desinfectantes, capacidad para regular el pH y aportar resistencia a diversos materiales. México destaca como uno de los principales productores de este insumo en América Latina.
Aunque puede parecer sorprendente, la cal está presente en múltiples actividades productivas y cotidianas. Además de ser un legado prehispánico en la cocina mexicana, también contribuye a la durabilidad de las construcciones que forman parte del entorno diario.
Aliada en la salud pública
En el ámbito sanitario, la cal hidratada ayuda a prevenir enfermedades causadas por bacterias como el cólera y la salmonelosis, además de combatir hongos en plantas. Su uso es tan cotidiana que se encuentra en los troncos de árboles pintados de blanco al recubrirlos con cal para protegerlos de plagas.
Gracias a su capacidad desinfectante, también se utiliza para eliminar malos olores y controlar plagas en areneros o desechos de mascotas.
Cristina Seijas Correa, coordinadora y gerente de Marketing de Calidra, explicó que más del 70 por ciento de las plantas de tratamiento de agua en el país utilizan compuestos de cal para ajustar el pH y eliminar impurezas, lo que contribuye a garantizar agua segura para consumo humano.
“Organismos internacionales han señalado que a nivel global, el tratamiento adecuado del agua puede reducir hasta en 30 por ciento la incidencia de enfermedades gastrointestinales como el cólera y la salmonelosis. Es un insumo esencial para la protección de la salud pública y el bienestar cotidiano, gracias a sus propiedades desinfectantes, reguladoras de pH y su amplia disponibilidad”, expresó.
La especialista también destacó su uso como desinfectante en espacios públicos, instalaciones pecuarias y manejo de residuos orgánicos. Por ejemplo, durante la pandemia de Covid-19, se aplicó para reducir la propagación de patógenos, al funcionar como una barrera química efectiva y de bajo costo.
Un mercado en crecimiento
De acuerdo con The Insight Partners, el mercado se encuentra en crecimiento con el ritmo de la urbanización global, la expansión de la industria de la construcción y las regulaciones ambientales. Asimismo, este material se utiliza en sistemas de control de contaminación atmosférica para la eliminación de dióxido de azufre, dióxido de carbono y otros contaminantes.
Por su parte, Francisco Pohls Aguilera, gerente de Marketing de Grupo Calidra, señaló que en comunidades rurales la cal hidratada es fundamental para mantener espacios limpios. También se emplea en tareas domésticas para desinfectar superficies y eliminar olores, lo que la convierte en una alternativa accesible para la higiene básica.
A nivel nacional, se producen millones de toneladas anuales destinadas a sectores como la construcción, la agricultura, el tratamiento de agua y la industria alimentaria, lo que además genera miles de empleos.
“Ante estos beneficios, especialistas coinciden en la importancia de difundir el uso responsable y seguro de la cal hidratada, así como promover su papel como herramienta efectiva en la prevención de enfermedades y en la mejora de las condiciones sanitarias, tanto a nivel comunitario como doméstico”, concluyó.
LGG",GOOGLE_NEWS_RSS
"No es un avestruz, son los emú: la segunda ave más grande del mundo - Milenio",2026-04-18 07:00,2026-04-18T07:00:00+00:00,Milenio,,https://www.milenio.com/ciencia-y-salud/que-es-un-emu-principales-caracteristicas,https://news.google.com/rss/articles/CBMiiAFBVV95cUxQYzJtSmtjS1gtVTFxYUMyQVB3dzhXOTgyamdoNDB2YUp5Z1FJN1pBWkwxc3IxcDBGTURhNThyMnU3MlM2SUw3QnlibEU0QzctZGxnMzZuNUpBZ3NhNWJlbmNnVS1tdGZVM2l4OWZKRFdqZ1hCcVJuQ1BkdFFBQ05yeEpxckZlcmEy0gGIAUFVX3lxTE8xU0NGNUtNUDhGdEM0eGdxeUpLY1JqWGVCVmhzX1hlRmFPQUkyRV9sRlpTU19NdktCenk3UVoyOElsR3p4ek5NMUlxZUxCaU1NS1p6SjVXZUJDRVNMR3UtWXNnUmlVUm8taS1zNUxPQlREVzRiUzdWZ25ySF9RUlFHYWhQcDdxR1M?oc=5,,"Una de las aves más grandes del mundo que llegan a medir hasta 1.9 metro, los emú son animales silvestres originarios de Australia y aunque no lo creas en México existen ciertos lugares donde puedes encontrarlos, incluyendo el estado de Tamaulipas en el zoológico de Tamatán.
AQUÍ te compartimos las particularidades y características de esta ave.
¿De donde viene el nombre de los emú?
Su nombre científico es Dromaius novaehollandiae: “Dromaius” proviene del griego dromaios, que significa “corredor”, en referencia a la velocidad que caracteriza a esta ave. “Novaehollandiae” significa “de Nueva Holanda”, nombre con el que los europeos conocían a Australia en la época colonial. Así, el nombre completo puede interpretarse como “el corredor de Nueva Holanda”.
Características de los emú
Este animal puede llegar a medir de 1.5 a 1.9 metros siendo la segunda ave más grande del mundo seguida del avestruz, su peso alrededor de 30 a 45 kilogramos y poseen un pico que mide de 6 a 10 centímetros.
A pesar de tener alas, este amigo no vuela, pero es una especie adaptada para correr, logrando velocidades de hasta 50 km/h sus patas largas y fuertes.
Su plumaje es de un color marrón grisáceo de tonos claros y oscuros que le permiten camuflarse en llanuras, sabanas y zonas semiáridas.
Una característica que destaca a las hembras es que en las partes desnudas de cabeza y cuello azules, el color es más fuerte y tienden a ser más grandes.
¿Qué comen los emú?
Es un animal herbívoro por lo tanto sus hábitos alimenticios se basan principalmente en:
- Semillas
- Raíces
- Hojas
- Insectos
Esta especie puede llegar a sobre pastorear y de esta manera afectar a otros herbívoros.
Depredadores principales
En su entorno natural, sus principales depredadores incluyen:
- Perros salvajes australianos
- Águilas grandes
- Reptiles grandes
- Humanos (caza)
Los huevos y las crías son fuente de alimento para mamíferos depredadores.
La reproducción de los emú
En la época de reproducción suelen andar en parejas, pero el resto del tiempo forman grupos de distintas edades. Tiene un sistema de reproducción poco común; las hembras son poliándricas, es decir, pueden aparearse con varios machos a lo largo de la temporada reproductiva, pero lo hacen de forma secuencial.
El nido lo construyen en una depresión en el suelo para que después el macho lo cubra con ramas, hojas y pasto. La hembra pone entre 5, 15 e incluso hasta 24 huevos, estos se depositan cada 2 a 4 días, pero algo curioso es que todos eclosionan al mismo tiempo, pese a haberse puesto en diferentes días.
Luego de que la madre termina de poner todos los huevos, el padre se encarga completamente de la incubación la cual dura 56 días aproximadamente.
Son aves muy resistentes y pueden desplazarse grandes distancias en busca de alimento y agua. En estado silvestre, su esperanza de vida supera los 10 años.",GOOGLE_NEWS_RSS
La mosca estéril viaja de Panamá a Tamaulipas: es la esperanza contra los casos de gusano barrenador - El Sol de México,2026-04-18 07:00,2026-04-18T07:00:00+00:00,El Sol de México,,https://oem.com.mx/elsoldetampico/local/la-mosca-esteril-viaja-de-panama-a-tamaulipas-es-la-esperanza-contra-los-casos-de-gusano-barrenador-29554767,https://news.google.com/rss/articles/CBMi4gFBVV95cUxQeVRyaGc3Unc4Mnk4UHBLLWFCMER6UmtNcnpUc3B0U3Jndl9saTNsWUFVNjBuNkg2dk1DVW1UTkZPaXpZLXdPdGZvOFhJTjZhanhzT1hzMkh6enVTYkh6N2VlUm1uQVhXbkxKSmQ5QzBfVm1jMFI1VzJGSVlXX0hsYkx4eVdYd0tZVGY2YlZGWUxFRGlybmF4UmVRbmQweE1ocWlxY2ExZ1hwaXBuX3J6b1Zka0dlUUlfTFo0TVo2Q0J2QW1jc3hvTTBXZHdXdFVaU3Q1M1VNQWxQam9XSV9LWHZR?oc=5,,"La mosca estéril viaja de Panamá a Tamaulipas: es la esperanza contra los casos de gusano barrenador
De acuerdo con datos de la Secretaría de Agricultura, la entidad ha acumulado 195 casos, de los que 116 están inactivos
Mariela Macay
Mosca estéril impide la proliferación del gusano en Tamaulipas
Esperan reactivación de fábrica de moscas estériles en Estados Unidos
Casos activos de gusano barrenador aumentan en Tamaulipas; estos son los municipios con mayor incidencia
Desde Tamaulipas, señalan que San Luis Potosí falla en la contención del gusano barrenador",GOOGLE_NEWS_RSS
Un cambio brusco en el tiempo: frente frío 45 redefine el clima en Tamaulipas - Milenio,2026-04-18 07:00,2026-04-18T07:00:00+00:00,Milenio,,https://www.milenio.com/el-clima/clima-tamaulipas-pronostico-temperaturas-19-abril-2026,https://news.google.com/rss/articles/CBMikAFBVV95cUxPeE1ZX1d0dnRqWU1sUTVvNnk5UVNjUW1XRW1mRERXX0x2ZVAtMzFEUm1lei1yd2VNYVAtRTYxVFJxWG1BOGFITUcteXF4T3RybUFucmhfT2c3anJjQWtETzFqOWlqUUE4bHc4X1lUWEFnY25Zem1kT3ZQZmVwdlBPTkZiaXBJY0RfZmtDaTYycFHSAZABQVVfeXFMTXRSZUx6RENsTDQ2bDd5M3B1SXV0bXVLNEdXUkhBSXZMaG1pdG5QWEVjNkNpR2hET1RYX2tidC00SllTcGhLZFc3MXVURjUxOVkxcVkwcFdQNG90TXRvQV9SSGVESEtzODdUMFFEXy1LbTNMVU9XNm9KbVdtTG9McXVQUUZTWmJYUGZEM2VTZlkz?oc=5,,"El clima hoy en Tamaulipas presenta condiciones variables debido a la influencia del frente frío número 45, que se desplaza sobre el noreste de México y el Golfo de México. Este sistema está provocando lluvias, viento fuerte y un descenso de temperatura en distintas regiones del estado.
Si estás buscando información sobre la temperatura hoy en Tamaulipas, aquí te explicamos de manera clara qué está ocurriendo y qué se espera en las próximas horas.
¿Qué está provocando el cambio en el clima hoy en Tamaulipas?
El ingreso del frente frío 45 está generando un cambio importante en las condiciones del tiempo. Este sistema, al interactuar con un canal de baja presión, favorece la presencia de lluvias y viento del norte, además de un ambiente más fresco durante la mañana.
Temperaturas en Tamaulipas hoy 19 de abril
Como resultado, se presenta un descenso térmico en todo el estado, acompañado de condiciones inestables que pueden cambiar a lo largo del día.
Frontera
En la zona fronteriza, que incluye municipios como Reynosa, Nuevo Laredo y Matamoros, el clima se caracteriza por un ambiente fresco al amanecer.
- Temperaturas mínimas: entre 14 y 15 °C
- Temperaturas máximas estimadas: alrededor de 28 a 30 °C
El ingreso del frente frío se percibe con mayor intensidad en esta región, donde el viento del norte también contribuye a una sensación térmica más baja durante las primeras horas del día.
Centro
En el centro del estado, especialmente en Ciudad Victoria y sus alrededores, el clima muestra mayor contraste térmico:
- Temperatura mínima: alrededor de 16 °C
- Temperatura máxima: hasta 31 °C
Aquí el ambiente es templado con humedad. Aunque la mañana inicia fresca, al mediodía el calor puede intensificarse, generando una sensación más cálida.
Sur
En municipios del sur como Tampico, Ciudad Madero y Altamira, el clima se mantiene más húmedo debido a la cercanía con el Golfo de México.
- Temperatura mínima: cerca de 19 °C
- Temperatura máxima: entre 26 y 28 °C
Además, se presentan lluvias ligeras, viento del norte y un ambiente húmedo que puede generar sensación de bochorno durante el día.
¿Habrá lluvias fuertes hoy en Tamaulipas?
El pronóstico indica lluvias fuertes con puntuales muy fuertes en el noreste del estado, con acumulados de entre 50 y 75 milímetros.
Estas precipitaciones pueden provocar encharcamientos, por lo que se recomienda tomar precauciones, especialmente en zonas vulnerables.
Viento en Tamaulipas hoy
El evento de “norte” es otro factor importante en el tiempo de hoy en Tamaulipas.
- Viento sostenido: de 30 a 40 km/h
- Rachas: de 50 a 70 km/h
En zonas costeras, estas condiciones también generan oleaje de 2 a 3 metros de altura, lo que representa riesgo para actividades marítimas.",GOOGLE_NEWS_RSS
Ganar o ganar: Jaiba Brava se juega la liguilla ante Atlético Morelia - El Sol de México,2026-04-18 07:00,2026-04-18T07:00:00+00:00,El Sol de México,,https://oem.com.mx/elsoldetampico/deportes/ganar-o-ganar-jaiba-brava-se-juega-la-liguilla-ante-atletico-morelia-29564779,https://news.google.com/rss/articles/CBMivAFBVV95cUxNRFVBekVNbUJNSFlaNzdaU0s5dGw0a1hWUG45and3bkN0MDltakRlT2FJMTNHa05EQXQxM0JISHpadXNIbFA3UnNDbUw0Yy1fbFl4WElwT29kMUFUcXZmSlJOVmVJR1FiODE0cVhvd1d3dVdyRGRtZkFySE9oMy0tSmgycUp6Tnk3M050R3VjS01qNTlNWk5GdENnQ2U1VjdKdm04TUwyYzM2YnZHeUt3dnBVVkdkbVBzY2swVg?oc=5,,"Deportessábado, 18 de abril de 2026
Ganar o ganar: Jaiba Brava se juega la liguilla ante Atlético Morelia
La combinación de resultados permite a los celestes aspirar al pase, siempre y cuando se impongan al Atlético Morelia este domingo
Héctor Rivera",GOOGLE_NEWS_RSS
Domingos de barbacoa en Tampico: la tradición que une a familias desde hace generaciones - El Sol de México,2026-04-18 07:00,2026-04-18T07:00:00+00:00,El Sol de México,,https://oem.com.mx/elsoldetampico/local/domingos-de-barbacoa-en-tampico-la-tradicion-que-une-a-familias-desde-hace-generaciones-29559440,https://news.google.com/rss/articles/CBMi0gFBVV95cUxNY0lMU1F4Q1U1d3ZLei1CMkxuS2xmY1RjNkZ6dFRINFFSMTlyQUk3b01xWmZrZ1VHNkZBSkxiQi16Ul82Q3d3dmJLNlZqUE1pUUFhZXhReEpyQ3IxQnVwX3N1WmQ2Q1dmenA2THBjME83amZSX19OUGswQWh1QjRPeWFEVERNMlNGSm4tWGxUUERaSzlmc0NZV292THJhYVd2bF9XYnI2V0xtN3NRMW8tZWZNci05T1J2azlmSm93NU9QQ19MY1JoM0pnOWk0ekl6QWc?oc=5,,"Localsábado, 18 de abril de 2026
Domingos de barbacoa en Tampico: la tradición que une a familias desde hace generaciones
Desde temprano, familias acuden a puestos y negocios para compartir un platillo que combina historia, sabor y convivencia
Silvia Rangel",GOOGLE_NEWS_RSS
Operadores turísticos de NL promueven a Tampico y Miramar por el Mundial - Milenio,2026-04-18 07:00,2026-04-18T07:00:00+00:00,Milenio,,https://www.milenio.com/comunidad/operadores-turisticos-nl-promueven-tampico-miramar-mundial,https://news.google.com/rss/articles/CBMilwFBVV95cUxOWS16YnBFbF9wbWpwX3VqUjREY1IxY3k4NUlzanRLbldMdDBKeFNNbHJQR19rMFFYaTVwNzExR0hPYjVHblo5WTVtRW1makQ5dE1ZYWFHdXpxcTJ3cmJGYV92TzJseUViV210ckRYVGtDYXJpdENRUWFrRWZPWHhuNU5xWU5CV2JXaXJfUy1yc21zd1NDT3U40gGXAUFVX3lxTE9WUmFzRl9aWTczZjlZVW9pTElwVElVOC0xb1YwaVdhbExoamVsRmZYTzZFcDdsN2VnME9YYW1zNFdHM2ZjRUdBTWRkQmtLdUNKUFRySnpZdnM5Mnp4TGdfbG10N0hNMEJsNXE2OFBoeEtBR3dXa2hnbXZYa3RYWFpkejE3S3MySTh4c19jQmRmeGFYRXdleHM?oc=5,,"Playa Miramar y Tampico quedaron incluidos en la oferta de destinos turísticos que promocionarán operadores de Nuevo León a los visitantes y aficionados al fútbol, cuyos países tendrán partidos en Monterrey correspondientes a la Copa del Mundo de la FIFA en junio próximo, al formalizarse un acuerdo con autoridades tamaulipecas.
Esto se integra al esfuerzo adicional que realizará el gobierno del estado junto con los municipios, a fin de aprovechar el evento deportivo y la cercanía con esta sede, señaló el alcalde de Ciudad Madero Erasmo González Robledo, al reconocer que la atención se enfocará en los simpatizantes de las selecciones con encuentros ya confirmados en el Estadio BBVA.
“Estamos integrados a la política de promoción turística del gobierno del estado. Ellos ya tienen una vinculación para promocionar el destino junto con Tampico y tras Semana Santa como al concluir las Fiestas de Abril, nos concentramos en captar los visitantes que vendrán a estas sedes, principalmente Monterrey por ser la más cercana. Con los tour operadores de Nuevo León nos unimos para aprovechar el evento y tener en nuestro destino ese turismo extranjero; ellos nos apoyarán impulsando esta oferta existente en la región”, explicó.
Esta oportunidad de tener lapsos de hasta 72 horas entre un partido y otro de acuerdo con el programa establecido por la FIFA a desarrollarse en el Estadio BBVA que tendrá partidos de fase de grupos y uno correspondiente a los octavos de final, es un tiempo acorde para la presencia de extranjeros en la localidad, recalcó el munícipe tras participar en la asamblea del Consejo Empresarial de Ciudad Madero (CEM).
La FIFA designó para esta ciudad los partidos entre Suecia y Túnez el día 14 de junio. Los tunecinos se mantendrán en el escenario para el día 20 cuando se midan con Japón. El 24 del mismo mes jugarán Sudáfrica y Corea del Sur, cerrando la actividad el día 29 con un encuentro de dieciseisavos de final y la potencial presencia de Países Bajos. Cabe señalar que la distancia entre Monterrey y Tampico es menor a los 600 kilómetros, mismos que se pueden recorrer en un lapso de 5 a 6 horas.
El sitio natural está considerado como el tercer destino carretero más importante del país, captando en las últimas vacaciones 1.3 millones de visitas.
“Las distancias en las fechas entre un partido y el posterior permite crear paquetes con operadores turísticos de Nuevo León. Ya tenemos esa ruta y al concluir las pasadas vacaciones el esfuerzo se centrará en abril y mayo en la promoción con los países que tendrán partidos en dicha sede”, apuntó González Robledo.
Canadienses
Las vacaciones de Semana Santa 2026 representaron una derrama económica de mil millones de pesos durante 17 días tan solo en Miramar, aseguró el alcalde de Ciudad Madero Erasmo González Robledo, además de que ya están planeando el regreso de los canadienses a partir de verano este año.
“Hay que mandar un mensaje de que la playa Miramar está lista para cualquier temporada del año que esperemos nos puedan seguir visitando. La derrama económica fue de mil millones de pesos en 17 días que dura el periodo vacacional para nosotros”, aseguró el edil.
Dicha cifra de derrama económica, puntualizó el alcalde de Ciudad Madero, representa un aumento de 3 por ciento en comparación con el año pasado y eso significa que existe la preferencia de los habitantes de otras entidades.
yc",GOOGLE_NEWS_RSS
Confirmado. Éstas son TODAS las casetas y autopistas que aumentaron COSTOS en México este 2026 | PRECIOS - Milenio,2026-04-18 07:00,2026-04-18T07:00:00+00:00,Milenio,,https://www.milenio.com/estados/que-casetas-y-autopistas-aumentaron-costos-en-mexico-este-2026-costos,https://news.google.com/rss/articles/CBMiowFBVV95cUxQQl9IOUxQZGtxQzVha0FJd3pNSTZLeHVBT29UblRHYkY1dWx3SUVVVFpHRlMxMDdJSG0zN3FfMnNIWXJudmZxMWdwSl84QXAyei1NQVp2V0cyRmlib2ZTamJ1WmlXLUZIOFhFWllYWnZRQXM1Qk5GRHRZZUcydXVmTU9LOGx4TjByOHd2V291V3A5VkhJalB1MTVkXzNmZzlIRVZv0gGjAUFVX3lxTFB1aVR2SnlIeDhjS3RGTURiM0Y4LUcwV000Vko1WWYwSDVkb0JmbzFQdDh1Wkx0cTlNU2tBT2lzeDc5RWpOOXUzTjVsMUprNGtmdzdaNUlIdFFnY0VDYjctNGV0ZXd1Z3RiQmlRUGxOeWlNY0l0QktUbkduR0F3VXJmLXdfV2R4Z1A4VUFaUThPLXJoellMSF80Z21INm9oYVZseTA?oc=5,,"En México, se ha actualizado el costo total de uso de algunas casetas y autopistas en el país para este 2026. Estos ajustes en los precios impactarán sobre todo a las vialidades federales. Aquí te decimos cuánto costarán ahora.
De acuerdo con lo compartido por Caminos y Puentes Federales (Capufe), estos costos entrarán en vigor luego de que el periodo vacacional de Semana Santa terminará en México.
¿Por qué Capufe aumento el costo?
Al concluir el periodo vacacional de Semana Santa, Capufe aplicó, a partir del 13 de abril, un ajuste en las tarifas de peaje de diversas autopistas del país.
La medida busca dar continuidad a las actualizaciones periódicas del organismo y avanzar en la modernización tecnológica de las plazas de cobro, pues como se anunció desde junio de 2025, se busca actualizar el pago de peaje con el uso de TAG.
En este sentido, Capufe se encarga de aplicar los ajustes tarifarios en las casetas de cobro de las autopistas que administra, con el fin de mantener la calidad y eficiencia de las vías.
¿Qué casetas y autopistas aumentaron costo de casetas?
Capufe es un organismo del gobierno que se encarga de administrar y mantener los miles de kilómetros de autopistas y puentes de cuota en todo México.
Entre sus funciones, además del cobro por uso, están la modernización de la infraestructura, auxilio vial, así como la seguridad en estas vialidades que conectan las principales regiones del territorio.
En este sentido, los caminos, así como los puentes nacionales, internacionales y casetas que administra, ajustaron sus cuotas:
- Cuernava-Acapulco
- Cordoba-Veracruz
- La Tinaja-Cosoleacaque
- Libramiento noreste Querétaro
- Libramiento Oriente de Saltillo
- La Carbonera-Puerto México
- Libramiento Poniente de Tampico
- Champotón-Campeche
- Chamapa-Lechería
- Estación Don-Nogales
- Gómez Palacio-Corralitos-Autopista Unión
- Torreón-Saltillo
- Agua Dulce-Cárdenas
- México-Cuernavaca
- Puente de Ixtla-Iguala
- La Pera A - Cuautla A (circuito cerrado)
- Cuautla B - La Pera B - Zacapalco - Rancho Viejo
- Tihuatlán - Gutiérrez Zamora
- Las Choapas - Ocozocoautla
- México - Querétaro
- Querétaro - Irapuato
- México - Puebla
- Puebla-Azatzingo
- Acatzingo-Cd. Mendoza
- Ciudad Mendoza-Cordoba
- Tehuacán-Oaxaca
- Tijuana-Ensenada
- Rancho Viejo-Taxco
- La Rumorosa-Tecate
- Aeropuerto Los Cabos-San José del Cabo-Cabo San Lucas
- Salina Cruz-La Ventosa
- Durango-Mazatlán
- Lagos de Moreno-San Luis Potosí
- Libramiento Amecameca-Nepantla
- Libramiento Poniente de Acapulco
- Libramiento de Villahermosa
- Libramiento Oriente de Chihuahua
- Barranca Larga-Ventanilla
- Ciudad Valles-Tamuín
Puentes Nacionales
- Culiacán
- Sinaloa
- Pánuco
- Alvarado
- Papaloapan
- El Caracol
- Nautla
- Grijalva
- Usumacinta
- Cadereyta
- La Piedad
- Tecolutla
- San Juan
- Tampico
- Tlacotalpan
- Dovalí
- Dovalí Bis
- Acceso a Refinería Lázaro Cárdenas
Puentes Internacionales
- Matamoros
- Camargo
- Miguel Alemán
- Reynosa
- Las Flores
- Ojinaga
- Rodolfo Robles
- Piedras Negras
- Acuña
- Juárez-Lincoln
- Suchiate II (Ing. Luis Cabrera)
Precio de las casetas y puentes en México en 2026
Son varias las casetas y puentes que ajustaron sus costos este 2026. También debes tomar en cuenta que el precio total depende del tipo de transporte que utilices o manejes, pues no es igual el de una moto, un auto, autobús o camión.
Estos últimos también se dividen en varios tipos según el tamaño o ejes que tenga cada unidad.
Para consultar cuál es el costo actual de las tarifas de todas las que te acabamos de enlistar con ajuste este 2026, solo debes acceder al siguiente enlace oficial de Capufe:
¿Dónde están más caras las casetas?
Aunque el ajuste general se describe como moderado, la región de Guanajuato y el corredor industrial del Bajío registran alzas significativas en tramos específicos.
Mientras que el trayecto completo de Querétaro a Irapuato subió de 204 a 213 pesos (un aumento de 9 pesos para autos), otros tramos cortos sufrieron saltos mayores:
- Villagrán – Salamanca: de 40 a 100 pesos
- Celaya – Salamanca: de 70 a 106 pesos
- Querétaro – Apaseo: de 47 a 73 pesos
YRH",GOOGLE_NEWS_RSS
Mortandad de peces en Tamaulipas: expertos alertan daño ambiental grave - El Sol de México,2026-04-18 07:00,2026-04-18T07:00:00+00:00,El Sol de México,,https://oem.com.mx/elsoldetampico/local/mortandad-de-peces-en-tamaulipas-expertos-alertan-dano-ambiental-grave-29560864,https://news.google.com/rss/articles/CBMiuwFBVV95cUxPWTZpbTY1eExpemdjSExSNmJCZ3kzZi1vNUl2d1BOOFhCdTRzckFVU1hIdDZfV0s5VkVlRW8tSWVKQUx1WE9mOUJvenRCaUx6QkhTRGFNYUY2V1JQNGFObkZ5VERvdDA2c2FkZDBjMEtUVGxUM1dGRkg0QjRJZFdvQ1M0MzVlaHdtZ0VhVWk5R0x1eWdTMHFxekZVRGxITlNhbThWU0FVcjN0VkZMcnd0Mmlmdkw0Qk92WERJ?oc=5,,"Localsábado, 18 de abril de 2026
Mortandad de peces en Tamaulipas: expertos alertan daño ambiental grave
Afirman que la sequía, el calor e ingreso de agua salada agravan el desequilibrio en el sistema lagunario de Altamira
Antonio Campos
Afirman que la sequía, el calor e ingreso de agua salada agravan el desequilibrio en el sistema lagunario de Altamira
Antonio Campos",GOOGLE_NEWS_RSS
"Cantos del poder / Promesa de grandeza, ¿Dónde? - El Sol de México",2026-04-18 07:00,2026-04-18T07:00:00+00:00,El Sol de México,,https://oem.com.mx/elsoldetampico/analisis/cantos-del-poder-promesa-de-grandeza-donde-29546762,https://news.google.com/rss/articles/CBMimgFBVV95cUxPQ3dIc3ZuMXJnbVNvODh2b0tKZGd2MnI0Q2lIUWFPS3czOGRkaXRFYWNqYy1NWXc4UWkzSmpkT1F2c256a3JiVHlFMmlYeExRYzVrOXFRZVo5QXdVQm9tVEs2VWVIbTFaOGUxbGRsSFRxSmg1WDdPVllraFVqMS05UUVJR1BxSXEzZ2o0VUlWY0dUSHNNVzlRS3B3?oc=5,,"Análisissábado, 18 de abril de 2026
Cantos del poder / Promesa de grandeza, ¿Dónde?
¿Que hacer?
ÚLTIMAS COLUMNAS
Más Noticias
COLUMNAS
CARTONES
LOÚLTIMO
Newsletter
¿Te quedas fuera de la conversación? Mandamos a tu correo el mejor resumen informativo.",GOOGLE_NEWS_RSS
"Temas - El Sol de Tampico | Noticias Locales, Policiacas, sobre México, Tamaulipas y el Mundo - El Sol de México",2026-04-17 20:45,2026-04-17T20:45:50+00:00,El Sol de México,,https://oem.com.mx/elsoldetampico/tags/temas/infraestructura?page=20,https://news.google.com/rss/articles/CBMid0FVX3lxTE9kRTFYVkVTcHF3cVNjOU9iLTJ4SUZ2WlNmMi11LWlSOHNlV1ZoZkFWYVZ5aVoxS184dFBaX3Vuel84aUxXcGEzdGdvZW9qblZBZTk4ajAyX1dnbGNVY2xuMGJZd2FPOUoxZDFyN2hHMEx6dnZYMXlF?oc=5,,"1LOCAL“El casco no es accesorio, es vital”: Tránsito y Ejército Mexicano montan operativo para motociclistas en el norte de Veracruz
2DEPORTES¡Van por el bicampeonato! Jaiba Brava elimina a Cancún FC y jugará otra final en la Liga de Expansión
DEPORTES¿Huele a revancha? Jaiba Brava y Tepatitlán, a un paso de repetir la final del Campeón de Campeones",GOOGLE_NEWS_RSS
Tamaulipas busca el rescate de gas natural de su suelo sin el fracking - Milenio,2026-04-17 07:00,2026-04-17T07:00:00+00:00,Milenio,,https://www.milenio.com/negocios/tamaulipas-busca-rescate-gas-natural-suelo-sin-fracking,https://news.google.com/rss/articles/CBMikgFBVV95cUxOSjhIZTU0UVczVkVQZ19OR3V0cXU5MVcxVkVnNG5QRWJXQ21xT1E5RjRtd1NXRzNNQ0NtWjFTTGxudGVxWGlrZTUzRkk1b18zeFY0ZFh6UlVLQWFORm9ZSXBIYVZDbXhiQ3QxZ2JoSlV0dkVlUjNCN3pXS0drS2dCNHF3M0lXeGlYeFlXOEJRZ01lZ9IBkgFBVV95cUxNR01lOXg4NHhVTlBjRUVoY19STmFYYzUwVkF5R0dkMlFmSkN3endpTnk0S0xGSmVRcXljNDAyTHBIT0tjTm5lem1UWmxMVk9LNFpTWXc1dHBjemV4czZFWklPTFRPcGo3d3phYndZM1l0enBiTlBua0RFX2tRcEhNT0xkdzZpWHNiQWkwQjJRUzRMZw?oc=5,,"Las autoridades de Tamaulipas en materia energética exponen el aprovechamiento de los recursos de gas natural en sus cuencas sin el uso del fracking y extraer más de 50 mil millones de pies cúbicos, garantizado con ello soltar la dependencia de Estados Unidos y dejar de importar el hidrocarburo.
Al asegurar que la práctica no se realiza en el estado, el secretario de Desarrollo Energético Walter Ángel Jiménez mencionó que en el debate técnico abierto por el gobierno federal y establecer el mecanismo sin afectar el medio ambiente, la opinión de los expertos elegirá la alternativa viable a ejercer particularmente en la Cuenca de Burgos, al norte de la entidad y dónde reside dicho potencial.
Los recursos prospectivos mencionados por Petróleos Mexicanos (Pemex) forman parte de la estrategia implementada por la administración de la presidenta Claudia Sheinbaum, anunciada hace un par de semanas. Ya se presentó el consejo encargado de analizar los procedimientos adecuados sin afectar el entorno ambiental y a las comunidades.
“Por eso se ha convocado a esta discusión, los expertos participen y lograr la viabilidad de la tecnología en los campos terrestres a fin de extraer el gas natural no convencional. Puedo asegurarles que en Tamaulipas no se practica el fracking y de nuestra parte, nos sumaremos al debate y propondremos con nuestra opinión las alternativas idóneas”, dijo.
Una de las cartas fuertes es la propuesta del Instituto Mexicano del Petróleo (IMP) es la inyección de CO2 para estimular los yacimientos sin comprometer el agua de la región, un elemento carente ante la crisis hídrica que se registra en las ciudades fronterizas con los Estados Unidos.
Enfatizó que previamente se cancelaron seis contratos en zonas terrestres, incluida la Tampico-Misantla, durante la administración del expresidente Enrique Peña Nieto. Aunado a esto, en el 2018 se canceló la Ronda 3, contemplada por la Secretaría de Energía para repartir entre empresas particulares áreas en las dos regiones de hidrocarburos que abarcan el territorio tamaulipeco.
“La fractura hidráulica es un modelo que se aplica desde hace 25 años. Actualmente, la tecnología ha cambiado y en una reunión con ingenieros geólogos, sumaremos a Tamaulipas en esta discusión a fin de que la gente esté bien informada porque se ha dado mucho manoseo y mala intención”, apuntó el funcionario.",GOOGLE_NEWS_RSS
"Para 'fracking' sí, maíz transgénico no - Milenio",2026-04-17 07:00,2026-04-17T07:00:00+00:00,Milenio,,https://www.milenio.com/opinion/carlos-marin/el-asalto-la-razon/para-fracking-si-maiz-transgenico-no,https://news.google.com/rss/articles/CBMiogFBVV95cUxPaTU5OVhYbzRXV2tKaUdqc2ZlUGNPMW1lQlQ5Z1RQN0dtNUtwM1RDMkI0cE5oNU5HVUk2VUVCcVFSSEdOM3lMWjZtX0dBaF9SdHRJUVlqV0VwS1JPRkxCdzMzN1VaTkRzdnhGYkRnQTkzNWExSEpzLXRvbGd3bnFvSzlJWjhqVXVJa2RSaE1sd2U0d1ZyeGV2eXBCMlRlLTdiaGfSAaIBQVVfeXFMTlNjYnVqaVU2MnpkREc5WHVIdEV0cE9BWmI1a1YtcldaNjVGbk5oMnk4QV85dVEwQXV4Z1lGZnJ1eUx3cDFwSDFJbnpwb3JVYWt0X0MxdHBuaGFpOEhmeUVGZTgxR2xfWFdCVnZYa2p1cFQwalUzNDFsNEV4UEplUHd6LXd2UXdPcUpGMExEQVp6OHFSU0VPNG8xNnBVS2JmSFln?oc=5,,"No como solución, sino como pecado, el fracking en México venía siendo tratado como un dogma al revés. Andrés Manuel López Obrador lo convirtió en anatema y seguimos dependiendo cada vez más del gas estadunidense, obtenido con la misma técnica que aquí se había condenado.
Por eso es relevante —sobre todo sensato— el giro de la presidenta Claudia Sheinbaum: no ha decidido explotar el subsuelo mediante esa técnica, pero sí que se estudie la posibilidad.
Recurrió a la ciencia y a los expertos de instituciones como la UNAM y el Poli para que investiguen si es conveniente extraer hidrocarburos —sobre todo gas— con los menores daños ambientales.
La decisión es irreprochable. En tiempos donde la política suele sustituir al conocimiento y poner a la ciencia en la mesa del obradorato es casi subversivo.
El fracking consiste en perforar el subsuelo e inyectar agua, arena y químicos a alta presión para fracturar la roca y liberar el gas y el petróleo atrapados a gran profundidad (esto permitió a Estados Unidos convertirse en potencia energética), pero también ha despertado temores: uso intensivo de agua, posible contaminación de acuíferos, emisiones contaminantes e inclusive microsismos.
México consume alrededor de nueve mil millones de pies cúbicos diarios de gas natural, de los cuales casi siete mil millones provienen de Texas, pero cruzando la frontera posee importantes reservas de gas “no convencional” en Burgos, Coahuila; Tampico, Tamaulipas; Misantla, Veracruz, y Sabinas-Burro-Picachos en Nuevo León y Coahuila.
Negarse a evaluar su aprovechamiento no es política ambiental, sino renuncia estratégica.
Con Felipe Calderón hubo exploración técnica; con Enrique Peña Nieto marco legal; con López Obrador rechazo tajante, privando la oportunidad de desarrollo de la industria energética mexicana.
Ahora, con la oposición de organizaciones ambientalistas como Greenpeace, el debate resurge y qué bueno.
Hay asuntos en los que la política debe dejar que hable la evidencia científica.
Si los expertos concluyen que los riesgos son inaceptables, se descarta, pero si pueden mitigarse con nuevas tecnologías —agua reciclada, reducción de químicos, controles estrictos—, se decide con base en datos precisos y no por consigna.
Lo llamativo es la inconsistencia: mientras en el fracking se abre la puerta al análisis científico, con el maíz transgénico el gobierno se aferra a un rechazo sin sustento. En el contexto del T-MEC, Estados Unidos ha exigido pruebas de los imaginarios “daños a la salud” que México arguye, pero nunca ha presentado.
¿Por qué en un tema se convoca a los especialistas y en otro se privilegia la sospecha?
Si el criterio es la ciencia, que lo sea en todos los frentes.
Gobernar no es administrar prejuicios, sino resolver problemas.
Y en materia energética, como en la alimentaria, las decisiones no deben tomarse con base en la superchería, sino en el conocimiento.
Que el fracking se someta al escrutinio científico no es claudicar: es madurar.
Lo contrario no es ambientalismo, es simple y llano oscurantismo…",GOOGLE_NEWS_RSS
Camioneta queda reducida a cenizas en la carretera Mante-Tula; investigan posible corto circuito - Milenio,2026-04-17 07:00,2026-04-17T07:00:00+00:00,Milenio,,https://www.milenio.com/estados/incendio-consume-camioneta-carretera-mante-tula-17-abril-2026,https://news.google.com/rss/articles/CBMimAFBVV95cUxNLU9GR3Vwb2p6bkZMN0FuVElIWm9CcmNNOEEzWEU0aFBnSV9CSThpbWI1NVFuRjhnZ0Z5b21HTkgtV1pBcy03UWljWWFrcGJ6aVR5NkhzUURFREJoYnktMlVOOXA4blhhNkdUai02R1RCaDcxUnhqa2ZvRkU2czJNZVU5V1BWS0U1dHBydjZaX01yempNdlNZTNIBmAFBVV95cUxOU19oVDZoQ29VdEgwX1RTUlRkRWpQajdUamh0bGtHandzdmZtUWExOE9Xd2hpTl9CNGphZUt0ZWd6cHhzZzB5V1FJYXNLenlGeDBodGM4eDFnODllU3Zac1h5bk5kNkN2MnE5WVZVOGZ6SkZqazdiemZ2MjBpa250cUlsN2ZiTld1d3U5SlJHLUpqV0dTUWhYcA?oc=5,,"Un vehículo tipo van terminó reducido a cenizas tras incendiarse la mañana de este día sobre la carretera Mante–Tula, antes de llegar al túnel, a la altura del kilómetro 3 en el municipio de El Mante.
De acuerdo con los primeros reportes, el siniestro habría sido provocado presuntamente por un corto circuito, lo que ocasionó que la unidad se incendiara de manera repentina hasta quedar en pérdida total.
Bomberos controlan incendio de camioneta en la Mante-Tula
Elementos del Heroico Cuerpo de Bomberos acudieron al sitio para sofocar las llamas y evitar que el fuego se propagara a la zona. A pesar de la rápida respuesta, el vehículo ya había sido consumido casi en su totalidad.
Autoridades piden extremar precauciones
La Vocería de Seguridad del Estado informó sobre la atención del incidente y exhortó a los automovilistas a conducir con precaución en la zona.
“Autoridades atienden incendio de vehículo en carretera Mante-Tula a la altura del kilómetro 3 de El Mante. Se recomienda precaución al transitar por la zona y atender las indicaciones de las autoridades”, señaló la dependencia.
El incidente generó atención entre automovilistas que circulaban por la zona, sin que hasta el momento se reporten personas lesionadas.
El punto donde ocurrió el siniestro corresponde a la Carretera Mante–Tula, una vía de tránsito frecuente en la región.
JETL",GOOGLE_NEWS_RSS
¡Atención! Más de 100 colonias sin agua en Tampico y Madero: horarios y cuándo regresa el servicio - Milenio,2026-04-17 07:00,2026-04-17T07:00:00+00:00,Milenio,,https://www.milenio.com/comunidad/corte-agua-tampico-ciudad-madero-fechas-horarios-colonias,https://news.google.com/rss/articles/CBMilgFBVV95cUxOX2NneExfUXY3Q01zdVFKQ0lITE5YRmlkOVU1RktGMTZaaVFGZk10LVREMXZmVmVuLU42SnNNWVU3TFlPZjYxRGtWRXZBUEQ1dzhqTWN5TUdQTHRrWmFuZHZuaG05YWxfb1ZzcnhEVUFYNzViNkRheF9PbmpHRGNRZmtkQ2dXYnZOMlpSdXBGM09qeEFuU3fSAZYBQVVfeXFMTWpLNVRleWVfSU92UGhSTE1GcUd2SWtFVWs4b1psMngteDJrRk83X29fQW9NOGZ6TlJRLTdSOC1hMjByTlNxNDVHRDBpQUY4bzdmRkZNV3pFZDNES3h6bjhFVWNDUFJlei1Kb2tiU2ZhZ2V5VzBHT2JOclpWbm9Zckd3YjJXVzVBeHBDdS1PNkVyTzlCcWdn?oc=5,,"La Comisión Municipal de Agua Potable y Alcantarillado, Comapa Sur, anunció un corte temporal en el suministro de agua potable que afectará a decenas de colonias en Tampico y Ciudad Madero debido a trabajos de mantenimiento en la planta Altavista.
De acuerdo con la autoridad, la suspensión comenzará la noche del sábado 18 de abril de 2026 y se extenderá por varias horas, impactando principalmente a sectores del sur de ambas ciudades
¿Cuándo inicia y cuándo termina el corte de agua en Tampico y Ciudad Madero?
El corte iniciará a partir de las 20:00 horas del sábado 18 de abril de 2026, con una duración estimada de 12 horas.
Sin embargo, el restablecimiento del servicio será gradual durante la mañana del domingo, y podría normalizarse por completo hasta la tarde del domingo 19 de abril, debido al proceso de presurización de las líneas.
¿Qué colonias de Tampico y Madero estarán sin agua?
Más de 100 colonias resultarán afectadas por esta suspensión.Aquí te dejamos el listado completo de colonias:
Tampico
- Isleta Pérez
- Guadalupe Victoria
- Tamaulipas
- Cascajal
- Mainero
- Zona Centro
- Melchor Ocampo
- Del Pueblo
- Aragón
- Volantín
- Nacional
- Campbell
- Matamoros
- Ramos
- Sembradores de la Amistad
- Pescadores
- Jardín
- Rosario
- Moctezuma
- Americana
- Azteca
- Morelos
- Vicente Guerrero, Sec.
- Moscú
- Barandillas
- Infonavit
- Martock
- Bellavista
- Aurora
- Juárez
- Tolteca
- Otomí
- Chairel
- Reforma
- Águila
- Smith
- Fracc. Laguna del Carpintero
- Vergel
- Primavera
- Hidalgo
- Fte. Democrático
- Allende
- Arcim
- Lauro Aguirre
- Minerva
- Petrolera
- Guadalupetrueba
- Rodríguez
- Sauce
- Altavista
- Jesús Elías Piña
Ciudad Madero
- Arboledas
- Telegrafistas
- Árbol Grande
- Obrera
- Santo Niño
- Fco. I. Madero
- Las Conchitas
- Frac. Arboledas
- Los Mangos
- Lázaro Cárdenas
- Jardín 20 de Noviembre
- Fracc. Colinas de Universidad
- Fracc. San Felipe
- Los Pinos
- Monteverde
- Zc. Cd. Madero
- Primero de Mayo
- Esfuerzo Nacional
- Flores Magón
- Carrillo Puerto
- Quetzalcóatl
- Loma del Gallo
- Las Américas
- Asunción Ávalos
- Nueva Cecilia
- Sector E. Zapata
- Sector L. Portillo
- Polvorín
- Las Brisas
- Fovissste Lucio Blanco
- Sect. El Llano
- Magisterio
- Lienzo Charro
- Fracc. 17 de Enero
- Ampliación 17 de Enero
- Sector B Juárez
- Delfino Reséndiz
- Sector Fidel Velázquez
- Sector Fco. Villa
- Sector H. Nacozari
- Sector López Mateos
- Sahop
- Fracc. Independencia
- Candelario Garza
- Hipódromo
- H. Galeana
- La Barra
- Estadio
- Estadio 33
- Los Cedros
- Las Chacas
- Unidad Nacional
- Tinaco
- Ferrocarrilera
- B. Juárez
- Talleres
- V. Guerrero
- Hidalgo Ote.
- Hidalgo Pte.
- Camichines
- Col. del Valle
- Fracc. Miramápolis
- Fracc. 18 de Marzo
- El Palmar
- E. Carranza
- Miramar I
- Miramar II
- Del Bosque Pemex
- Fracc. Las Dunas
- Fracc. Fundadores
- Sector la Loma
- Ampliación Unidad Nacional
- Amp. Candelario Garza
- 16 de Septiembre
- Las Flores
- Manuel R Díaz
- Luna Luna
- Magisterio
- Fracc. Los Robles
- Boulevard Costero
¿Por qué habrá corte de agua en Tampico y Ciudad Madero?
El organismo explicó que el corte se debe al cambio de un transformador en la subestación de la planta potabilizadora Altavista, un trabajo necesario para garantizar el funcionamiento eficiente y seguro del sistema hidráulico.
Este tipo de trabajos preventivos buscan evitar fallas mayores y mejorar la continuidad del servicio en el futuro.
Recomendaciones hacia la ciudadanía
Debido a la magnitud del corte se prevé afectación en miles de hogares, por lo que se recomienda a la población:
- Almacenar agua con anticipación
- Hacer uso responsable del recurso
- Priorizar actividades esenciales
- Hasta el momento no se ha informado sobre la habilitación de pipas o puntos de distribución.
La Comapa Sur pidió comprensión a la ciudadanía y reiteró que estas acciones forman parte de las estrategias para fortalecer la infraestructura hidráulica en la zona conurbada.
JETL",GOOGLE_NEWS_RSS
IP busca cerrar déficit de gasolineras en México; van por 12 mil nuevas estaciones - Milenio,2026-04-17 07:00,2026-04-17T07:00:00+00:00,Milenio,,https://www.milenio.com/negocios/ip-busca-cerrar-deficit-gasolineras-mexico-ampes,https://news.google.com/rss/articles/CBMiiAFBVV95cUxOeFROaG9DNU1nRFNWUTd6UW9FN3VkOTBFdzlsSDFKZEY1M3c1b2hJNl9qNDRYYkNQQXR3aXhfbG5XVVA0ZHc3Y1VkNnE4THdkeExmcThSc1hOX0JQdnhHM2Y3UVY2ejJJaHNVdEtNSlRZUWxkSWY5cGdiU1pfOHpGRXdmNXlfbFhM0gGIAUFVX3lxTFB4blpLU1VqYlpyOTVXLXZiVzJwTTlHNVlHVGFNRGFEUFJsOGkxM2dxYm52U0hadXI0QkhSdHVSRUtMSHUzdTJKSEFfcGRENFVRM3FDcXp3R3dBQkg4MTN2aEdpWnFraUo2cEVINXNjMHNzNHFjdlBNdHAzWk5Lcm9wekVMbnlnSDY?oc=5,,"El sector gasolinero en México persiste en cerrar el déficit de estaciones de servicio que el país requiere para atender el mercado nacional. Pese a la situación económica y los factores geopolíticos, los empresarios dueños de puntos de despacho mantienen el ánimo por invertir y eso se refleja en los proveedores.
Al necesitar más de 12 mil sitios de despacho de los petrolíferos, la Asociación Mexicana de Proveedores de Estaciones de Servicio (Ampes) apuntó que hay modelos alternativos junto a los convencionales para acercar el producto a los consumidores, particularmente en regiones marginadas, declaró su presidente Ricardo Quiroz.
Dicho organismo estuvo presente en Tampico para la realización de su Expogas, evento que reúne a las firmas encargadas de dotar del equipamiento necesario para la operación. Se plantean las opciones como la transformación de los establecimientos, a la nueva tecnología para ser eficiente la entrega de los referidos combustibles.
“Los empresarios gasolineros siguen con el ánimo de invertir para tener nuevas estaciones de servicio en el país. Aún hay un déficit en cuanto a puntos de despacho en el país que se necesita cubrir. Hay ánimo en el sector lo cual debe partir desde la certidumbre y la certeza jurídica. Ya son muchos años donde arrastramos esta carencia de más puntos de venta de petrolíferos”, explicó.
De acuerdo con los datos de la Organización Nacional de Expendedores de Petróleo (Onexpo), el territorio mexicano está en condiciones de contar con más de 12 mil gasolineras, adicionales a las 15 mil en operación y autorizadas por la Comisión Nacional de Energía, entre la franquicia Pemex y marcas distintas nacionales e internacionales. Con la cifra cercana a las 30 mil, se atenderá por completo la demanda.
Este jueves se puso en marcha la convención, participando franquicias mexicanas y extranjeras que dotan del equipo y la infraestructura para el funcionamiento de este modelo de negocio. Durante la jornada se plantean la actualidad de la industria y las nuevas maneras de hacer eficiente la operatividad
“Existen diversas formas de venta de combustibles como van las estaciones multimodales, así como las estaciones modulares que no requieren tanta inversión y funciona sobre todo para sectores del país alejados del acceso a los combustibles”, acotó.",GOOGLE_NEWS_RSS
Son 40 años en el olvido: el campo del norte de Veracruz agoniza por falta de tecnología y sequía - El Sol de México,2026-04-17 07:00,2026-04-17T07:00:00+00:00,El Sol de México,,https://oem.com.mx/elsoldetampico/local/son-40-anos-en-el-olvido-el-campo-del-norte-de-veracruz-agoniza-por-falta-de-tecnologia-y-sequia-29538541,https://news.google.com/rss/articles/CBMi3gFBVV95cUxPNDZxYXBvWTdLS0JDZjZDNTNoeW1YU05VYm1PUGl1MGFhbTNYTXBqLW9vaHFhMFhBVGRoY1BtQjRXTDZsOXpPYjliTXlsb1JVMTRkVnFOX08xSHdpVnltYkxkbXJlZTV0Vk5YOE5rcnZvekhVaEZxUWtETlRnRFFvYWkydjkyeUhGZ09EaUhGUUZCNlRwQUdlTmp0VG5HOXJWdHlaR2FIa2dkOXJpc3NpdVA3NnVjV05iR2MyMkJ0X2lVcG1EdE5ESXljQVVDSk5JS1Q4MWpWdGJseHVpaXc?oc=5,,"Localviernes, 17 de abril de 2026
Son 40 años en el olvido: el campo del norte de Veracruz agoniza por falta de tecnología y sequía
Los productores del norte de Veracruz coinciden en que la crisis actual no es casualidad, sino el resultado de tres factores acumulados
Alfredo Márquez",GOOGLE_NEWS_RSS
¡De bien para arriba! / Frases depredadoras en línea - El Sol de México,2026-04-17 07:00,2026-04-17T07:00:00+00:00,El Sol de México,,https://oem.com.mx/elsoldetampico/analisis/de-bien-para-arriba-frases-depredadoras-en-linea-29530923,https://news.google.com/rss/articles/CBMiogFBVV95cUxOcGh4emE2X1dFcW5zanpDUlpobmJJZkVGbHZYX21TTjZST1N5Qm5sMmVJeEZXaWwyTXNIejYyLXFBWkl1SmhlY1RicVZNMHYyUjNvMzJoTk1vT0tMTV8wZ1F0NXFCTVV0MUNZUHItcmxYa1pObEdwbzlNM1NmbVZNNEthOEtMWjV2X05hXzBoY1YyUXlKVWY4S25kenlJV1d4QXc?oc=5,,"Análisisviernes, 17 de abril de 2026
¡De bien para arriba! / Frases depredadoras en línea
Las opiniones vertidas en este artículo son responsabilidad de quien las emite y no de esta casa editorial. Aquí se respeta la libertad de expresión
ÚLTIMAS COLUMNAS
Más Noticias
COLUMNAS
CARTONES
LOÚLTIMO
Newsletter
¿Te quedas fuera de la conversación? Mandamos a tu correo el mejor resumen informativo.",GOOGLE_NEWS_RSS
Deuda por habitante en Tamaulipas va de 189 a 717 pesos - Milenio,2026-04-17 07:00,2026-04-17T07:00:00+00:00,Milenio,,https://www.milenio.com/estados/deuda-per-capita-tamaulipas-contraste-tampico-nuevo-laredo,https://news.google.com/rss/articles/CBMilAFBVV95cUxPOEVyTXFBdnBMc0lzdnRLR2hfS3MwVkNfdHBCU2FlUlZ2dEZ2andYTmpCRkhTVXBMSkVaaUhCSDBjaWw1bjNRc1l6WldKUVc0aERzeEo0Z2FoTW5qS1ZJSVNoTDJ2TE94Tlp6Nmx4WUxVUmdLNDFuQU9lQVQyYVNtRVdpMFNmOHltaURLUURNTVdzX05M0gGUAUFVX3lxTE1WWG10YXJIci1PQWhCOUJiNm41Rk5WNlROVHB5cG9hTkRkVDFpWWdlNnZub1pPOFczMTg0RFBYQzhfMXpfQzZXZjBSNUlZN1ZCVURKZ0VuQnV3VXcwdTNUUkFzWHRtX3RnNHMtb3pDY1JJTExUb3V0ZXpSb1piOU1fQmxKcER3UjlDOW9NelFaNVlST2c?oc=5,,"La deuda pública per cápita en municipios de Tamaulipas presenta variaciones, mientras en Tampico es de 189 pesos, en Nuevo Laredo alcanza los 717 pesos, de acuerdo con información del Centro de Estudios de las Finanzas Públicas (CEFP) al cierre de 2025.
El organismo detalló que Nuevo Laredo registra una deuda total de 329.4 millones de pesos, con una población de 459 mil 021 habitantes. En contraste, Tampico reporta un adeudo de 57.6 millones de pesos entre 304 mil 253 personas.
Por lo tanto, la deuda por habitante es de 189.2 pesos en Tampico y 717.5 en la ciudad fronteriza.
Deuda per cápita no define salud financiera
Sin embargo, los especialistas del organismo señalan que el nivel de adeudo per cápita, por sí solo, no determina la salud financiera de un municipio, ya que también debe analizarse en función de su capacidad de ingresos, nivel de inversión pública y destino de los recursos contratados. En ese sentido, una deuda moderada puede ser sostenible si está orientada a infraestructura o servicios públicos.
No obstante, advierten que el monitoreo constante de estos indicadores es clave para evitar presiones financieras a futuro, particularmente en municipios con crecimiento poblacional o alta demanda de servicios, donde el endeudamiento puede incrementarse si no se acompaña de una adecuada planeación presupuestaria.
Origen del financiamiento y posición a nivel nacional
En términos de financiamiento, el 29.7% de la deuda de Nuevo Laredo corresponde a banca múltiple, mientras que en el caso de Tampico el 100% proviene de la banca de desarrollo, según el reporte estadístico.
A nivel nacional, ambos municipios se ubican en posiciones distintas. Por monto de deuda, Nuevo Laredo ocupa el lugar 28 y Tampico el sitio 81 entre 522 ayuntamientos con mayores obligaciones financieras registradas ante la Secretaría de Hacienda y Crédito Público.
Comparativa con otros municipios del país
En comparación, municipios como Cozumel (Quintana Roo) encabezan la lista con una deuda per cápita de 4 mil 414.8 pesos, seguido de localidades como Puerto Peñasco (Sonora) e Ixtlahuacán (Colima). En el extremo opuesto, Nuevo Ideal (Durango) presenta el nivel más bajo con apenas 3.7 pesos por habitante.
Pese a estas diferencias, el mayor peso de la deuda municipal en el país se concentra en grandes ciudades. Municipios como Hermosillo, Monterrey, León, Guadalajara y Mexicali concentran en conjunto el 19.8% del total nacional.
En cuanto a la estructura de financiamiento, el CEFP indicó que 70 municipios dependen completamente de la banca múltiple, mientras que otros presentan una menor participación de este tipo de crédito, como San Miguel de Allende, Guadalupe y Pueblo Viejo.
SJHN",GOOGLE_NEWS_RSS
"Después de 100 años, Tampico blindará cerros de alto riesgo contra deslaves: ya ubicaron el más peligroso - El Sol de México",2026-04-17 07:00,2026-04-17T07:00:00+00:00,El Sol de México,,https://oem.com.mx/elsoldetampico/local/despues-de-100-anos-tampico-blindara-cerros-de-alto-riesgo-contra-deslaves-ya-ubicaron-el-mas-peligroso-29526962,https://news.google.com/rss/articles/CBMi5wFBVV95cUxNMlJXU2VXT1NsQnA5RzB0WkZwYUpqT2MtOXlxUm0xWnJQS1ZWdkc3Ym0wV3pzM3ZCd0EwdXd3dTIzMjV1MXlCU0FRVkxKUi1kbTZvSVRpaF9CVFFMMDc5eE9uVVg3cXFoRHVVQ3N0ZjRDdTJVT3J1VmEtRExleWx4ck9YM1FENXdLd2p6NDBYbnI4NmJFcXpkMU9od2V4NWloQmdMNGpKNWp6aGtXTjlpWk9vZm4xNm9VUW14eWp5WVBZRnRHM0JZbU1EZjVUblo3SlZJWnhaWHFpLVdIUzhXWkJxZVpaOWs?oc=5,,"Localviernes, 17 de abril de 2026
Después de 100 años, Tampico blindará cerros de alto riesgo contra deslaves: ya ubicaron el más peligroso
Desde que se fundó la colonia Obrera hace más de 100 años, los trabajos en estos cerros de Tampico quedaron a medias
Yadira Hernández",GOOGLE_NEWS_RSS
Brasil regula la custodia compartida de mascotas tras separaciones - Milenio,2026-04-17 07:00,2026-04-17T07:00:00+00:00,Milenio,,https://www.milenio.com/estilo/tu-mascota/custodia-compartida-en-mascotas-es-real-en-la-ley-de-brasil,https://news.google.com/rss/articles/CBMiowFBVV95cUxOdXRrRFBpblJhdzFENW1fa3ZYdll4Qm9aUVZpOWRDSTVHRUJROEF1N1NIUFpESEpTTjgwX0Z6TC1iT2FfSFRwZFpEX0NvOW4xRE40WmNzcElkZjh5Z0x2RGZLa1VoT1BPYlYydElwRmRQMFNkS2oxXy1PeGVxNG92b0ZzRW0ydWM1ZFlTODl1UGJiMUE1X0hBZFIyWDRjWXRRSmNN0gGjAUFVX3lxTE1LSDluZ0ZxV1Flb2NMMlNFcWkyOVMyQnU4cFFwd1M2TWRmOVQ0dlpVRzh3cERYS01Ca0ZJbGZyNXNTX2JnTGhkMm02Q1NJNFBXQzJ3alFIejN5TzJDdUczbXBldFdOS3NtNnl5d1VKUjl3SWlHaFlwMHRHQmVYc3V6YzFhRnpxcmcwQnVCWWJzWE8xWU1WZGZPN0VtWHRCRHV0ZW8?oc=5,,"'¿Y con quién se queda el perro?' dejó de ser solo el eco de ruptura de la canción de Jess & Joy para convertirse en una pregunta con respuesta legal en Brasil publicada esta mañana en el Diario Oficial.
Desde este viernes, el país cuenta con una ley que regula la custodia compartida de mascotas en casos de divorcio o disolución de uniones estables, con el objetivo de proteger a los animales y dar claridad a las exparejas sobre sus responsabilidades.
Cuando exista un desacuerdo sobre quien debe quedarse a la mascota en común, será un juez quien definirá de forma equitativa la custodia y el reparto de gastos.
¿A quiénes se les podrá aplicar esta norma?
La norma transforma ese dilema emocional en reglas concretas, que se podrá aplicar en casos específicos; es decir, solo las mascotas adquiridas o adoptadas durante la convivencia serán consideradas bienes compartidos y no como un bien material que se pueda reclamar, sino desde una perspectiva que contempla sus derechos como seres sintientes.
¿En qué casos se negará la custodia compartida?
Por ello, el marco legal también traza límites claros al establecer que la custodia compartida será negada en todos aquellos casos en los que el juez detecte antecedentes de violencia doméstica o familiar, o indicios de maltrato hacia el animal.
En estas situaciones, la prioridad absoluta es la protección de la mascota, por lo que no se permite que el agresor mantenga ningún tipo de convivencia o responsabilidad compartida sobre el animal.
Además, la norma es tajante al señalar que quien sea señalado por estos hechos perderá de forma definitiva la posesión de la mascota, sin derecho a indemnización, y deberá además responder por cualquier deuda o compromiso económico pendiente relacionado con su cuidado.
De esta manera, la ley busca evitar que situaciones de riesgo se repitan y asegurar que los animales queden bajo el resguardo de la parte que pueda garantizarles un entorno seguro y adecuado.
Así se dividirán los gastos de acuerdo a la ley de custodia compartida de mascotas en Brasil
Los gastos que surjan de la alimentación y la higiene deberán ser cubiertos por la persona que lo tenga en ese momento. Por otra parte, gastos mayores como suelen ser gastos veterinarios en casos de enfermedad o rutinarios se dividirán en partes equitativas.
Este paso representa un avance hacia un futuro en el que se reconoce cada vez más el valor de otras formas de vida, especialmente la de los animales, cuya importancia dentro de las familias y relaciones humanas ha ido ganando mayor visibilidad y consideración social.",GOOGLE_NEWS_RSS
"No quieren dinero, quieren su dolor: la cruel forma de engañar a madres buscadoras de Tamaulipas con fotos falsas - El Sol de México",2026-04-17 07:00,2026-04-17T07:00:00+00:00,El Sol de México,,https://oem.com.mx/elsoldetampico/local/no-quieren-dinero-quieren-su-dolor-la-cruel-forma-de-enganar-a-madres-buscadoras-de-tamaulipas-con-fotos-falsas-29509208,https://news.google.com/rss/articles/CBMi8gFBVV95cUxNdFN3NENpdXN1WmhpMXU3U0pwcWF5TU9qRWpsRUZSYi1rOThtNWpDVm1qbmtLYTh2dkwwVkZlQkRxRkpLRG1VQnd0Ni11SEN2ZE9NRUMyR2lwRmNxTmJVOTdzQWxVWjZGeVBWTEMzek5KVm40UV9IcnhPenFfMGlzdXZOQzdqcU5Hbm45ZVNseEdDYzBtSG04TlpQbGZYSVpoYmUybHJxZ0laZ0tmZk5MdFdFWXlCMi0yZ1U2aW1PN1dQcW1ZdGpTTU5LRWFWX1hrd3N2bFRUTVJQTFcxREFweEZSSmxIMDFTUmswS3k2VmZNUQ?oc=5,,"Localviernes, 17 de abril de 2026
No quieren dinero, quieren su dolor: la cruel forma de engañar a madres buscadoras de Tamaulipas con fotos falsas
Colectivos exigen la intervención de las autoridades para frenar fraudes con IA y regular el uso de este tipo de tecnología
Yadira Hernández",GOOGLE_NEWS_RSS
¡Orgullo tamaulipeco! Niños genio de Tampico representarán a México en el mundial de aritmética en Panamá - El Sol de México,2026-04-17 07:00,2026-04-17T07:00:00+00:00,El Sol de México,,https://oem.com.mx/elsoldetampico/local/orgullo-tamaulipeco-ninos-genio-de-tampico-representaran-a-mexico-en-el-mundial-de-aritmetica-en-panama-29548307,https://news.google.com/rss/articles/CBMi5wFBVV95cUxOcGFkWG1nVEJXbXZ6enNrRjNTc0FzTEVkdlRITDZ1SUVSUDNYN2U2UnJkemhPbG83SHRiUkdVWmRRb3VWbDcxNFQwOEJzb2NUamFFenNUalhfZ2NBUUhKZW5wY2syck1vSXhVMXlrdFZBWUxvX0ctRl9UelhCbkpsVVBRblZCOTJxSUdHd0x6aDM5UzluM1JhenFPUGs1dDlWOWdqWk9jb2loTG8wekFiNnpBa1dONTQyQ0hUTVg0R0o1YnRJVkFlU2dScVdsTW9kanNaOVZNRXkwRHJ6V3hIMkxsSGZsQUk?oc=5,,"Localviernes, 17 de abril de 2026
¡Orgullo tamaulipeco! Niños genio de Tampico representarán a México en el mundial de aritmética en Panamá
¿Se imaginan hacer 70 operaciones matemáticas en solo cinco minutos? ¡Este grupo de niños de Tampico sí pueden!
Adolfo Ruiz Nuñez",GOOGLE_NEWS_RSS
Tortugas Lora anidan entre basura espacial y turística en playa Bagdad - Milenio,2026-04-17 07:00,2026-04-17T07:00:00+00:00,Milenio,,https://www.milenio.com/estados/tortuga-lora-riesgo-playa-bagdad-basura-residuo-espacial,https://news.google.com/rss/articles/CBMikgFBVV95cUxQcFVPSXVSNUVvMlg1V1lsYlhDcW1TazAwZ3dBdnE4Ry1TZk9SSVJMRnRsbWRGM1hkRzZwTlhsSDZaYjNYQmpqNG9jU2R6NDRUSXpuTjZSS0ZLYUpZbW5tNHo2ZGs2ak1VS1liVHpZWVBVaXBYNDBCZThUSHZEOEFRd3BsdFM4cDJYcE5SZzd6ZWRRZ9IBkgFBVV95cUxOS2tqNlhYdWFmN2VncnpreHBDSUlWcm5OcS1odE05RGRucjAtX1c3dkRWLWdnVEJibHppLVVCS0FmTlBWWDQ3N1QzeUc4SHVOWkt4bFVFYnNaamxCbWhJd085Sm53c2sweTlYcnhTNkFhWFM1MDlzQUIyTFlfZlE2cEVIN0RuWWdvd3J0b0xyT3hFdw?oc=5,,"La tortuga Lora, especie en peligro de extinción, enfrenta condiciones adversas en playa Bagdad , donde anida entre basura turística y residuos asociados a actividad espacial, denunció la organización Conservación e Investigación de la Biodiversidad (Conibio Global).
Basura y actividad espacial agravan el problema
El director del organismo, Elías Ibarra Rodríguez, informó que tras el reciente periodo vacacional persisten grandes cantidades de desechos a lo largo de la playa en Matamoros, a los que se suman fragmentos que atribuyen a lanzamientos espaciales en el Golfo de México.
Señaló que la situación podría agravarse en el corto plazo, ya que en los próximos 15 días están previstos al menos dos nuevos lanzamientos de SpaceX, lo que representa, dijo, un riesgo adicional para la fauna de la región.
“Desafortunadamente las tortugas Lora están anidando entre basura turística y espacial. No se ha hecho una limpieza a fondo; esa basura nunca se retiró y los turistas dejaron también grandes cantidades de desechos”, expresó.
Falta de limpieza y acumulación de residuos
De acuerdo con el activista, a diferencia de otros eventos ambientales, como la llegada de hidrocarburos a la costa de Matamoros tras un derrame en Tabasco, en este caso no se han implementado acciones de limpieza suficientes, por lo que los residuos continúan acumulándose.
La organización menciona que gran parte de la basura identificada está compuesta por plásticos, material que puede tardar cientos de años en degradarse, lo que prolonga su impacto en el ecosistema costero.
Ibarra Rodríguez explicó que, en recorridos de campo, han detectado una alta concentración de fragmentos en distintas zonas de la playa. En algunos puntos, afirmó, se han contabilizado cientos de partículas en espacios reducidos, lo que, extendido a lo largo de varios kilómetros, dispara su presencia a millones.
Riesgos para la anidación de la tortuga Lora
El director de Conibio advirtió que estos desechos representan un riesgo directo para la tortuga Lora, tanto en su fase de anidación como durante su desarrollo. Los residuos pueden interferir físicamente con los nidos o generar condiciones inadecuadas para la incubación.
Además, destacó que la caída de propulsores en el Golfo de México puede generar dispersión de materiales como metales, cables y otros componentes. “Cuando estos caen, pueden generar impactos importantes en el entorno marino, hemos documentado fauna con posibles afectaciones en eventos recientes”, indicó, al referirse al hallazgo de un delfín con quemaduras, aunque aclaró que no fue posible determinar con precisión la causa debido al estado de descomposición.
Vibraciones y afectaciones al ecosistema
Otro de los factores señalados por Elías Ibarra es el impacto de las vibraciones generadas por los lanzamientos, las cuales llegan a compactar la arena en zonas cercanas, afectando los nidos.
Aunque los puntos de anidación más próximos se ubican a varios kilómetros de la zona de lanzamiento, se estima que estas vibraciones pueden endurecer el sustrato, dificultando que las crías emerjan, lo que podría provocar su muerte dentro del nido.
Ante este panorama, hizo un llamado a las autoridades para reforzar las acciones de limpieza y protección ambiental en playa Bagdad, al señalar que la capacidad operativa de la organización es limitada frente a la magnitud del problema.
“Son muchos kilómetros por atender y necesitamos apoyo para realizar limpiezas más amplias y rápidas, sobre todo en esta temporada crítica”, manifestó Ibarra Rodríguez.
Advirtió que, ante los próximos lanzamientos, continuarán recolectando los fragmentos de mayor tamaño para reducir riesgos, aunque insistió en que se requieren acciones coordinadas a mayor escala.
Temporada crítica para la conservación
Pese a las condiciones adversas, precisó que durante la actual temporada han logrado rescatar 39 nidos de tortuga lora, con más de 4 mil huevos bajo resguardo.
La temporada de anidación concluirá en agosto, por lo que las próximas semanas serán clave para la conservación de la especie en esta zona del Golfo de México, considerada hábitat fundamental para su reproducción.
SJHN",GOOGLE_NEWS_RSS
La Grilla - Milenio,2026-04-17 07:00,2026-04-17T07:00:00+00:00,Milenio,,https://www.milenio.com/opinion/editoriales/se-dice-en-la-grilla-tamaulipas/la-grilla_1132,https://news.google.com/rss/articles/CBMilAFBVV95cUxNaEFJSDZCNl9pOTFENVc2TC1IYWd6V3hzSHI2NVpJQUdJaHhSZHhNZkd4N0lHd3o4elVlTFZQYm13LURsMGF5SFk1SmtoNlV0QkpmZGRSb0N2NmhOWk1DU1dfSkRXMkpkZkoteEpTVmNHUUJWUkQ0NUlkck1HajV4SWl0UGlvVW54eHprbzFDWHNHNXBj0gGUAUFVX3lxTE5TeTZzRWtvNkl1WEJabENIaHhDRnM2MFN5TGRCRTYybGdPWmt6c0hWcUgweHhwenhfR2IzVmVpZElvMWpla0lyZjlUX3BUUlc0ay1WOG9fMy13U0EyVFlBbkxsWGlIWV9Tajl1eWlVVE1RQU83LWwzWnZTNUI1VmNTQi1jeDBGMjloU01DdU5NYlRVaHE?oc=5,,"Que la llegada de Roberto Huerta al área de investigación de la Fiscalía no es un simple ajuste de escritorio; es mover la bisagra donde se decide qué casos avanzan y cuáles se enfrían. Su nombramiento pone a prueba la voluntad de sacudir inercias: no basta con prometer eficiencia. O se traduce en investigaciones que lleguen a tribunales y se sostengan, o será otro cambio que no cambie nada.
Que el respaldo de Imelda Sanmiguel a la reforma en feminicidio suena correcto en el discurso, pero también cómodo en lo político: nadie pierde votando a favor de “endurecer” leyes contra un crimen que ya exhibe la peor cara del Estado. El problema es que ese consenso suele confundir reforma con solución. Ella misma advierte fiscalías rebasadas, investigaciones deficientes e impunidad.
Que en Tampico se deslindaron muy rápido de Jorge Méndez Guillén, subsecretario de Seguridad de Puebla, a quien hace algunos meses destacaban como posible prospecto a candidato; sin embargo, se dieron cuenta de que ni siquiera pertenecía a las filas de Morena, por lo que sus intenciones y aspiraciones se desinflaron más rápido que un asteroide.
Que este jueves la alcaldesa Mónica Villarreal encabezó un evento para presentar las acciones prioritarias del gobierno. A medio evento, la edil pidió a los regidores dejar los celulares de lado para poner atención, pero quienes menos caso hicieron fueron los ediles de Morena; basta preguntarle a la regidora Silvia Olvera.
Que se hizo oficial: Alejandro Rubio será el secretario de Bienestar Social de Tampico, en una rotación que dejó a Alberto Oviedo como delegado de la Zona Norte. El plan es mantener el trabajo ciudadano y, de una vez por todas, despejar las dudas sobre la labor realizada.
Que este jueves Manuel Muñoz Cano, coordinador estatal del Partido Verde, recorrió Ciudad Madero junto con Liz Luna Bueno, secretaria de Procesos Electorales del mismo organismo. Al dialogar con la gente, la principal demanda fue el acceso a medicamentos; lo dicho por el líder estatal contrasta con los conflictos en la frontera, donde lo que más se registra es la extorsión.",GOOGLE_NEWS_RSS
Bolsa mexicana y Wall Street suben después de que Irán anunció apertura del estrecho de Ormuz - Milenio,2026-04-17 07:00,2026-04-17T07:00:00+00:00,Milenio,,https://www.milenio.com/negocios/bolsa-mexicana-de-valores-sube-hoy-17-de-abril-de-2026,https://news.google.com/rss/articles/CBMikAFBVV95cUxPSHlrZlZRY0hXRzBhRnZtdW5fWUpjN3U4ZmhJZlBHMWp0eFBWRWxkVEFRMmlmbWYtR0lJYUJvSjQwMkN0NEw0Z3laNEdQdjJOYXV2VDRtU2FSRl9wOWh5V3hzU2ltNVpHYW8xdkhUcllneWlnUXl1eGJxVHU1UEplUmVZRGF3Z0dXMHlZSDBYQ3rSAZABQVVfeXFMTW81bWJVSmZwSEs0QTBKLURHRkdMODd1VDg2cWFfcXlGWWtkRXVQNjJybGhhajJCVjdRbm4tNzBrM211MUVuUzZ5YlFrT3RiVnhVTzhEVi1EQ1FKM1JDanhRWHVhQVl2LXhMRXplQlFLNHFuVzVYNGgtak95a2czX0RoTk1ISm1xNHM4LU94MFI3?oc=5,,"La Bolsa Mexicana de Valores (BMV) subía en sus primeras negociaciones, en línea con el buen ánimo de los mercados en el exterior, después de que Irán anunció que el estrecho de Ormuz estaba abierto tras un acuerdo de alto el fuego pactado en el Líbano.
El índice líder S&P/BMV, que agrupa a las acciones más negociadas de la plaza local, ascendía 0.51 por ciento a 69,447.40 puntos. Aun así, en la semana sumaba un declive del 0.82 por ciento.
Los títulos de la aerolínea Volaris encabezaban las alzas de la sesión, con 3.57 por ciento más a 13.92 pesos, seguidos por los de la minera Industrias Peñoles, que sumaban 2.72 por ciento a 982.63 pesos.
Wall Street abre al alza impulsada por reapertura del estrecho de Ormuz
La Bolsa de Nueva York abrió al alza, impulsada por el anuncio de Teherán sobre la reapertura del estrecho de Ormuz, lo que contribuyó a prolongar el repunte iniciado al comienzo de la semana.
Tras alcanzar un segundo máximo histórico consecutivo al cierre, el Nasdaq y el índice ampliado S&P 500 continuaron su tendencia alcista, con ganancias del 0.91 por ciento y el 0.61 por ciento, respectivamente.
El Dow Jones también subió 1.04 por ciento.
Índices en tiempo real
S&P 500
Dow Jones
MVDJ",GOOGLE_NEWS_RSS
Petróleo cae casi 10% luego del anuncio de apertura en estrecho de Ormuz - Milenio,2026-04-17 07:00,2026-04-17T07:00:00+00:00,Milenio,,https://www.milenio.com/negocios/precio-del-petroleo-wti-de-estados-unidos-y-brent-hoy-17-abril-2026,https://news.google.com/rss/articles/CBMiogFBVV95cUxNZUJCeWp0UVk0OXg2d3RnLV9xRW9uaW1NNTZUcFJhaTNRQnVkWXB6VHk3NFQ4M3dSaFBuTTlPTzRWSXd6MWZkTlV5bHpHcnBwZ19QTlVOcjhuNHh4LWVpS09qUEY4RUlXVUwtaTRDTWdtVkZrRlc5YjVnM2pDZXFOa2xBVnJXUEthOEhocDZDUGd4RXFQdVpOYjRmZWJnbi1UbUHSAaIBQVVfeXFMTzIxSVdSUXBKLTVXREx5SnBpRUxYM0ZVY09vdWRiVGZzcXUtVXVwdVY5RTZLX09XRVItR2tORTdaZ1Z5YVhfbGZNVExrLXg5QzY3YXN4aXF3b3BQV01JdFR5RkhyMFhVbHNiSmpyekJGcnNjZ2xpR0o2V1kxRGRFbHgwRXVjM0JxSGExSmk2UjhDSGNTM0F4Rm01MHdkbnRUZkZ3?oc=5,,"Los precios del petróleo se desplomaban alrededor de 9 por ciento, ampliando las pérdidas anteriores, después de que el ministro de Asuntos Exteriores de Irán afirmara que el paso por el estrecho de Ormuz para todos los buques mercantes permanecería abierto durante el resto del periodo de alto el fuego, al igual que en el Líbano.
Los futuros del crudo Brent cayeron 8.46 dólares, o 8.5 por ciento, hasta situarse en 90.93 dólares el barril. Los futuros del crudo West Texas Intermediate de Estados Unidos caían 8.87 dólares, o 9.4 por ciento, hasta situarse en 85.82 dólares el barril.
Más temprano, los precios ya habían reaccionado ""con gran sensibilidad a las noticias sobre la escalada o la distensión"", afirmó Giovanni Staunovo, analista de UBS, después de que el presidente de Estados Unidos, Donald Trump, indicara un acuerdo con Irán ""está muy cerca"".
Al abordar un punto clave de las negociaciones para poner fin a la guerra con Irán, Trump afirmó que Teherán había ofrecido no poseer armas nucleares durante más de 20 años.
""Veremos qué pasa. Pero creo que estamos muy cerca de llegar a un acuerdo con Irán"", declaró Trump a los periodistas frente a la Casa Blanca el jueves.
Los precios del petróleo han caído por debajo de los 100 dólares por barril, pero se han mantenido elevados esta semana por encima de los 90 dólares, tras las subidas del 50 por ciento registradas en marzo.
El carácter temporal del alto el fuego entre Israel y Líbano, el objetivo israelí de debilitar de forma significativa al régimen iraní y las escasas perspectivas de que el estrecho de Ormuz se reabra de inmediato han servido para sostener los precios, según Tamas Varga, analista de PVM.
Petróleo en tiempo real
Petróleo Brent
Petróleo WTI
MVDJ",GOOGLE_NEWS_RSS
Invertirán más de un millón de pesos en C5 de Tamaulipas - Milenio,2026-04-17 07:00,2026-04-17T07:00:00+00:00,Milenio,,https://www.milenio.com/comunidad/invertiran-millon-pesos-red-videovigilancia-estatal,https://news.google.com/rss/articles/CBMijgFBVV95cUxNTmk1UzFPU09PVUY3dDh0cFM3bEh3RXY1ZE9iYTVyQ0YxeHAxVHlfbmViUjlwNTBHSVM0U1o1UUVOaTlJUUx2cm8zdFN2eFoxMjVUdERfSzBYN0F6WlpncWRhUWt5Z3RCTWxRME9RN0ZxSXVJaEtXTGQ0N1dzT0dZaUFUcHdaYnYyZ2RQbTln0gGOAUFVX3lxTFBSMTJIZnc1aWRJMWtKVmhXU3FmaVh1TjV6TFVLM2hFcUYzdWFyMWFleV9Eck55Qy1ud2JPVHpuRkFzSGFBZzY1OHFra0swZjBiMHFySEJIMjRGV0V3cXh2dm10SEhQWlhMdlVteDhMTjE4TDdTNUMtNnB5U3VCYVlsX09STnlmeU8yY2kxQkE?oc=5,,"Se van a invertir $1.5 millones en la adquisición de 20 equipos de videovigilancia y botones de pánico para instalarse en hoteles de Tampico, así que se estima que en mes y medio ya se puedan estar colocando, con lo cual se confirma el crecimiento del C5 en Tampico.
La alcaldesa Mónica Villarreal Anaya aseguró que “a través del programa Fortamun, que una parte se ese recurso se destina a la seguridad pública, vamos a utilizar 1.5 millones para otorgar a los 20 hoteleros de Tampico una cámara de videovigilancia”
La instalación esta prevista para el próximo mes
Explicó que como es un monto de inversión que no permite asignación, se tiene que licitar para la adquisición de los equipos, así que en un mes y medio ya se podrán estar instalando dichos equipos en las empresas del sur del estado.
Recalcó la presidenta municipal que “a través de una aplicación podrán accionar un botón de pánico que nos va a servir mucho a todos los ciudadanos”, ya que son acciones que contribuyen al fortalecimiento del C5, que desde el año pasado aumentó el número de equipos en el sur.
El conjunto del equipo, elementos y autoridades
Se trata de una estrategia que está enfocada a mejorar la percepción de seguridad de los ciudadanos, además de fortalecer el C5, el cual ya tenía una inercia de fortalecimiento durante los últimos años, con el respaldo de las autoridades del gobierno de Tamaulipas.
“Las acciones van a seguir generando esa percepción de seguridad que se tiene en donde ha hecho un gran esfuerzo nuestro gobernador Américo Villarreal Anaya, para tener esas cámaras en nuestra ciudad”, expuso la autoridad porteña.
Un incremento en la red de vigilancia en Tampico
En la ciudad de Tampico se ha incrementado el número de equipos que forma parte del C5, pero que se han colocado en zonas como en la Zona Centro, en la cercanía de las áreas comerciales y en puntos ciegos de la ciudad.
De acuerdo a cifras oficiales, Tampico es una de las ciudades que se ha beneficiado por la instalación de más cámaras de seguridad en los últimos años, equipos que se instalan con inversión del gobierno de Tamaulipas.
AA",GOOGLE_NEWS_RSS
SICT ampliará los tramos carreteros en Tamaulipas y bajar los accidentes - Milenio,2026-04-17 07:00,2026-04-17T07:00:00+00:00,Milenio,,https://www.milenio.com/negocios/sict-ampliara-tramos-carreteros-tamaulipas-bajar-accidentes,https://news.google.com/rss/articles/CBMilwFBVV95cUxNNjVyeUZGMEs1VmRnVWVUOVQzNVlPQTByLUJmN2EtTXNwX2JFWU93OGM2SHp3dGx3bVg4Wk9EMjIyQ0xvdnhvTXNuWGk0VFpRNGlpaldxMHIzMEY5UjdRLVVLX29HemFuV1h2M2RRZmFORktBQVNkV3loTTRnZjRPU2FvY2hmRHZSTEMzYWpSMTdoWHBuU0Jz0gGXAUFVX3lxTE9WVWNGcHJJSXRuSkRBNnpSeldVd1BQd1RYRXFyaXoxQW5GRnZJYXVXdm5PV1FCQlVobTJYNUxWOG9WMTF2UHRYYm5NRFNVX1B3NFJDbE04U19sWlA1TEV3SHJrYmVtVGNGT3VBeDB2Z1BWMUxfclhPc0F2aFF0YjViMFBEM0l2QkE4ZGkzUWpoMDNza2t0Wmc?oc=5,,"Las carreteras de Tamaulipas serán ampliadas a cuatro carriles en diversos tramos de la entidad a partir de este año, obras que se ejecutarán entramos que van de Tampico a Ciudad Victoria, así como de la capital rumbo al norte del estado y hacia los límites con Nuevo León, recurso que ejecutará en una primera etapa la Secretaría de Infraestructura, Comunicaciones y Transporte (SICT) por 2 mil 500 millones de pesos.
La estrategia será anunciada por la delegación de la dependencia federal aunque el secretario de Obras Públicas, Pedro Cepeda Anaya, adelantó a los integrantes de la Cámara Mexicana de la Industria de la Construcción (CMIC) la estrategia que pretende incluirlos, enfatizó en la reunión celebrada la tarde de este jueves.
En la exposición frente a los integrantes encabezados por el presidente Pablo Haro Panduro, mencionó que el recurso se ejecutará en los próximos meses, aliviando con ello el tráfico de 10 mil vehículos como al mismo tiempo garantizar la seguridad principalmente en zonas peligrosas como la Victoria-Zaragoza, escenario de diversos accidentes carreteros.
“El recurso ya está autorizado por la SICT. El delegado Darío Mata informará los detalles completos sobre cómo se distribuirá la ampliación y modernización de las carreteras federales, pero venimos a adelantarles esta estrategia y estén listos para participar en las obras”, declaró el funcionario estatal.
La ruta de mayor interés parte desde el municipio victorense hacia Zaragoza. Al entenderse como un tramo peligroso por los constantes percances viales, se extenderá los carriles en ambas direcciones. Se considera la misma intención de Zaragoza hacia González, además de Victoria rumbo a Matamoros.
“Dentro de la ruta Victoria-Monterrey se rescatará el puente Magueyes, una infraestructura que se quedó en obra negra desde el 2016. Se etiquetaron 200 millones de pesos para terminar por completo con su construcción. Se integra mejorar la red carretera a San Luis Potosí como de Aldama hacia San Fernando”, apuntó Cepeda Anaya.",GOOGLE_NEWS_RSS
Corte difiere resolución sobre despenalización del aborto en Tamaulipas - Milenio,2026-04-17 07:00,2026-04-17T07:00:00+00:00,Milenio,,https://www.milenio.com/politica/corte-pospone-fallo-sobre-aborto-en-tamaulipas,https://news.google.com/rss/articles/CBMihgFBVV95cUxNYmZpSVpReS1IQnBlb193N0UydUVEXzZXeERPUXk1OFJkX1Z3TmtVRzF2bXllR2djbTNhMzdINi1QbWpPSjllbXpQUGItWHh2WDFwd1pTcFhocmJKMHNodnJDaU1PVzBqUG8zeVF4VV9PZ2VoUEVPWkpTcjdTblhnbHk3eE0xQdIBhgFBVV95cUxNZTBGNTJXR056QmF1cUJMMzBsOTB4dmZ0M3RrZGV6d2Z0Qk5ZYy1RN2kzLVgxbzJ4R0gwSjFGTXpVMzFMWjRaWjY2Z2VQeU5sT1JRNnBuZkhaM3YwaURRc0hjb0FabzY1WHJGWkNJYktzNVRkaGFiWWFEaVVVRWxONHlkVlQzdw?oc=5,,"Un proyecto de resolución del ministro presidente de la Suprema Corte de Justicia de la Nación, Hugo Aguilar Ortiz, perfila declarar inconstitucionales diversos artículos del Código Penal de Tamaulipas que tipifican el aborto como un delito. El tema sería discutido este jueves por el Pleno; sin embargo, se pospuso para una próxima sesión.
Corte analiza declarar inconstitucional la falta de acceso a salud reproductiva
La sentencia, que será analizada tras ejercerse la facultad de atracción en el amparo en revisión 426/2025, también considera inconstitucional la omisión de las autoridades gubernamentales de garantizar el acceso a servicios de salud reproductiva.
El criterio que será sometido a consideración de los ministros plantea que las disposiciones contenidas en el Código Penal estatal vulneran derechos fundamentales, especialmente a la salud de las mujeres y personas con capacidad de gestar. “Son normas que atentan contra la autonomía reproductiva”, se expone.
¿En qué consiste el proyecto de la SCJN sobre aborto en Tamaulipas?
El proyecto de resolución corresponde a la revisión de una negativa de amparo por parte del Décimo Primer Juzgado de Distrito de Tamaulipas a un grupo de mujeres que solicitaron la protección de la justicia federal contra la criminalización del aborto en el estado. La autoridad de primera instancia negó la petición, al argumentar que las quejosas no tenían interés legítimo en el asunto.
De acuerdo con el dictamen de Aguilar Ortiz, “la criminalización del aborto en Tamaulipas genera consecuencias graves para la salud física, mental y emocional de las mujeres, quienes se ven expuestas a complicaciones serias en procedimientos clandestinos y potencialmente peligrosos”.
Abortos inseguros por represalias a mujeres y personal de salud
Se señala que una de cada cuatro mujeres que recurre a un aborto inseguro sufre complicaciones de salud que requieren atención médica; sin embargo, muchas no buscan ayuda debido al temor a represalias legales o a la discriminación en los servicios de salud.
El proyecto también aborda las implicaciones de las sanciones impuestas a los profesionales de la salud que realizan abortos consentidos. El Código Penal de Tamaulipas establece penas para el personal médico, incluida la suspensión del ejercicio profesional, lo cual “perpetúa el estigma social y la discriminación hacia ellos”, se apunta.
Se concluye que este tipo de normativas no solo afecta a los trabajadores de la salud, sino que también limita el acceso a un aborto seguro, al disuadir a los profesionales capacitados para realizar el procedimiento. Asimismo, se enfatiza que el Estado tiene la obligación de garantizar el acceso a servicios de salud para la interrupción voluntaria del embarazo, de acuerdo con los derechos humanos y los estándares internacionales.
¿Cuándo se llevará a a cabo la resolución?
En ese contexto, el ministro presidente propone revocar las causas de improcedencia relativas a la inexistencia del acto reclamado y a la falta de interés legítimo. De aprobarse su proyecto, la justicia federal habrá de amparar y proteger a las personas quejosas en contra del artículo 16, segundo párrafo, en la porción normativa “desde el momento de la fecundación hasta su muerte natural”, de la Constitución Política de Tamaulipas, así como de los artículos 356, 357, primer párrafo, 358, fracciones I y II, 359, 360 y 361, fracción II, del Código Penal para el Estado.
La resolución final sobre este tema queda pendiente hasta la próxima sesión del Pleno de la Corte, luego de que era el último de los asuntos enlistados en la sesión de ayer, en la que el ministro presidente Hugo Aguilar Ortiz decidió dejar para otra ocasión los últimos dos proyectos de la jornada.
AA",GOOGLE_NEWS_RSS
Captan en video asalto en boutique del centro de Tampico - Milenio,2026-04-17 07:00,2026-04-17T07:00:00+00:00,Milenio,,https://www.milenio.com/comunidad/asalto-boutique-tampico-queda-video-piden-vigilancia,https://news.google.com/rss/articles/CBMijwFBVV95cUxQdFpveXFwcjQ4RHNtMzZHaDBhdGttM0U4eWJ1YXA5eklaRmZYQ1BUdG1pWDlvRXNOS2dPbkR2dEdSVy01eWtQVmJoRGRWTERyblc0SnFqc3V1OEtIaVBfWFVzM0lqLXBxN2tMV25fcFBEbGJYT2lwNTF5LTkwdGpyMC1rRmNlVlF4WkR6YS13TdIBjwFBVV95cUxQUlpiTk9iZHgzclFBY0ctZEoyTlRHNGRFQzVEWFhCTmk0SEhOeEc0d2VwR3ZxU1RsWjNOck5fajM0SXBVLVFUSkdKV3ZJcm53WVNyUTBXVFNIY3gzWE9GalBIalkxYllGRFg5bmlyMDJ2cC1IXy1GbDFkaXNTdW5pU0QyT2tUaE1YakJOUHdGVQ?oc=5,,"Un asalto fue registrado la noche de este jueves en una tienda boutique ubicada en la zona centro de Tampico, hecho que quedó captado por cámaras de videovigilancia del propio establecimiento.
Los hechos ocurrieron sobre la calle Olmos, casi esquina con Obregón, cuando un hombre de complexión delgada ingresó al local aparentando ser cliente. Vestía una playera tipo polo blanca con rayas rosas y portaba cubrebocas.
De acuerdo con la trabajadora María Luisa Castillo, el sujeto se dirigió directamente al área de cajas, donde la arrinconó y simuló portar un arma para obligarla a entregar el dinero. Explicó que el individuo le indicó que se trataba de un asalto y le exigió el efectivo, por lo que decidió entregarlo para evitar ponerse en riesgo.
Robo en cuestión de minutos
Señaló que los hechos ocurrieron en cuestión de minutos, cuando estaban por cerrar el negocio y no había clientes en el interior. Añadió que el agresor incluso intentó llevarse su teléfono celular, sin lograrlo, y al salir del establecimiento la amenazó para que no hiciera nada.
El individuo logró apoderarse de 2 mil 800 pesos, correspondientes a las ventas del día, y huyó del lugar caminando con aparente normalidad, sin que personas en el exterior se percataran de lo sucedido.
Revisión de cámaras y denuncia
Tras el incidente, se dio aviso a la encargada del negocio, quien acudió al sitio junto con personal que realizaba la instalación de cámaras, para revisar las grabaciones e intentar identificar al responsable.
Los afectados difundieron el video en redes sociales y anunciaron que este viernes interpondrán la denuncia formal ante las autoridades correspondientes.
Comerciantes en alerta ante falta de vigilancia
Asimismo, la trabajadora señaló la falta de vigilancia en la zona centro de Tampico, indicando que la presencia policial es limitada y que los elementos tardaron alrededor de 40 minutos en arribar al lugar tras el reporte. Ante esta situación, hizo un llamado a reforzar los recorridos de seguridad para prevenir más hechos delictivos en esta área comercial.
Este asalto se suma a otros robos recientes registrados en el primer cuadro de la ciudad, lo que mantiene en alerta a comerciantes y trabajadores de la zona.
SJHN",GOOGLE_NEWS_RSS
Peces muertos en El Camalote: advierten impacto ambiental y económico - El Sol de México,2026-04-17 07:00,2026-04-17T07:00:00+00:00,El Sol de México,,https://oem.com.mx/elsoldetampico/local/peces-muertos-en-el-camalote-advierten-impacto-ambiental-y-economico-29540550,https://news.google.com/rss/articles/CBMiuAFBVV95cUxQTUlMa1NWTDJ3OUhNd3ZPTWhLQl8tUUlOYkk2WXZOU3pCWm5NOVk0OThfRTJmTzR4SjZaYkFrXzhlQl9GeG5FTXZqM2lVRVNYdVdJM2habzF1R3NHc3dCc0x1M29OMWotSWtNcDlyVnl4UGxCeDUxeTNEM0RsT1VDOHk4QU0wQURGMVc3WVZ5czZ6LXNSa2FITWt2OGFDNGJma2tJeDh5Wm9BX3ZUcFlaNXd6TXNDcUNl?oc=5,,"Localviernes, 17 de abril de 2026
Peces muertos en El Camalote: advierten impacto ambiental y económico
La Mesa Ciudadana del Agua sostuvo que el fenómeno podría repetirse si no se aplican medidas preventivas en el sistema lagunario
María Macías
La Mesa Ciudadana del Agua sostuvo que el fenómeno podría repetirse si no se aplican medidas preventivas en el sistema lagunario
María Macías",GOOGLE_NEWS_RSS
Aumenta necesidad por alimentos en el sur de Tamaulipas; van 6 mil 100 despensas más - Milenio,2026-04-17 07:00,2026-04-17T07:00:00+00:00,Milenio,,https://www.milenio.com/comunidad/aumentan-despensas-tamaulipas-60-mil-beneficiarios,https://news.google.com/rss/articles/CBMijAFBVV95cUxNMEhVR015VU1tMTAzZ0t1cGFxNUplcDZ1eUhSZGdzbElNOWJCdzNsMTVNYzdzY0thZnRCSzlydFFzZFdXMHBuVUVPQTVmYVRVRXVtSU0zeTFEaXh3NnRhdEY0cjBUcHhhSTJfRWl5M0VDSlF5M1hZS0JZS0s5eDRsRWF3S19BaFUybXM3eNIBjAFBVV95cUxQcktCRUsxNDhjZTVBOUV2YnFDYUstOWtGWjJPQUxKVloySVlfcnVNcHYxS005MElXX2xBakVrVlItR3FGaGhwakFsX3k5RWFwai1pV0c5QXdPZF9MZHpzRGF3MkJGZ2VIQUNyYkVrZEVTWjZ2Y0tlbXllSDRoSV9LYW5qU1JvSzNGRUVVVw?oc=5,,"La necesidad alimentaria originó un aumento en la entrega de apoyos a la población vulnerable de la zona sur de Tamaulipas, lo que representó un crecimiento de 6 mil 100 personas y lo que originó que este año se beneficie a 60 mil 600 a través de despensas.
Magdalena Peraza Guerra, coordinadora de Bienestar Social en el Sur de Tamaulipas, detalló que “en Tampico eran 23 mil los beneficiarios de programas sociales y ahora son 24 mil”, lo que detalla un aumento importante de mil ciudadanos más en el padrón.
En lo que corresponde a Tampico, en Ciudad Madero eran 11 mil y aumentamos a 15 mil, Altamira tenía 17 mil y aumentamos 600 beneficiarios más. En Aldama aumentamos 500 y tenían 3 mil 500”, detalló la autoridad responsable de los programas sociales estatales.
Más apoyos para este 2026
El año pasado eran 54 mil 500 beneficiarios de los programas sociales en los municipios que conforman el sur de Tamaulipas y, para este año, se espera que puedan recibir el apoyo a partir del mes de mayo del año en curso, que comienza la dispersión del primer beneficio de cinco.
Al cuestionar a la funcionaria tamaulipeca sobre uno de los motivos para aumentar el número de personas beneficiarias, destacó que ya tenían en lista de espera a ciudadanos, así que se autorizó por parte de la Secretaría de Bienestar Social del gobierno de Tamaulipas.
“Pareciera que una despensa no significa nada, pero la verdad es que para una familia este apoyo es para comer un par de semanas”, puntualizó Peraza Guerra, con lo cual se reconoce que en la zona sur existe un mayor apoyo alimentario.
Se trata de gestiones realizadas por la propia ciudadanía y de acuerdo a la lista de espera que tenían en la zona sur de Tamaulipas, quien desde el año pasado está buscando acceder a los apoyos alimentarios.
Ciudad Madero lidera incremento
El municipio que tuvo un mayor incremento en los apoyos alimentarios fue la urbe petrolera, que incrementó en 4 mil el número de beneficiarios, de acuerdo a las estadísticas oficiales de dicha dependencia.
Aumento en canasta básica presiona a familias
La canasta básica actualmente está sufriendo incrementos importantes, desde el precio del tomate, cebolla, chile serrano, limón y se espera que la tortilla pueda aumentar su precio en los últimos días, lo que se vuelve en una losa pesada para las familias.
SJHN",GOOGLE_NEWS_RSS
Por el caso de “El asesino de Facebook”: absuelven a Karla tras casi tres años en la cárcel de Altamira - El Sol de México,2026-04-17 07:00,2026-04-17T07:00:00+00:00,El Sol de México,,https://oem.com.mx/elsoldetampico/local/por-el-caso-de-el-asesino-de-facebook-absuelven-a-karla-tras-casi-tres-anos-en-la-carcel-de-altamira-29547987,https://news.google.com/rss/articles/CBMi4wFBVV95cUxPM3FEd1phVDVzMEhQOXZUVDJVYVFLZWEtaU9tMzJ5Znp1MllwWHJFSnEyc2ItMGprVkdkTkYycGZYc05GVEpSWmpzOHBaVjhiUUl2LV9wZ0RmZ1FTek9pLXlOcURDN25Ccm5JWVAtZ1VZNXBSMkd5bEVTaXdHZVRicVVLYmtNT3hlOGhrY0NMMFk0eDluRnpTSDh6S2liMVJ3SmNtS0dsZjB4aHM5YzBTbk52aWJDUGtscmFiYTNnZTV0OGJRdlFHWG1Fa0lPeFNJQ3k1WXo2SG5Fck1XMWdsTm5ybw?oc=5,,"Localviernes, 17 de abril de 2026
Por el caso de “El asesino de Facebook”: absuelven a Karla tras casi tres años en la cárcel de Altamira
En 2018, la joven Jessica Gabriela, con ocho meses de embarazo, fue citada mediante una red social bajo el pretexto de recibir ropa para su bebé
Antonio Campos",GOOGLE_NEWS_RSS
Autopista Mante-Ocampo-Tula en Tamaulipas es reconocida a nivel internacional: esta es la razón - El Sol de México,2026-04-17 07:00,2026-04-17T07:00:00+00:00,El Sol de México,,https://oem.com.mx/elsoldetampico/local/autopista-mante-ocampo-tula-en-tamaulipas-es-reconocida-a-nivel-internacional-esta-es-la-razon-29533692,https://news.google.com/rss/articles/CBMi2wFBVV95cUxQTm8tbDV2NFFWV19MQi1ZemtiaU1XeXlZM3JMa2NQRVdYSmZLZVhpX2lFQWhRZUh3RnJzbGRkVjlRb2t4Q2NBaE1hbXF3Q3NqQXExdzBlV3ZQai13U05sSE1rTVpvZGo0M0xVSkhBbkQ4by03WGw4ZHlmd3pUS09UaXQ3R1pMSVNkY0NjVkExQXdQSzBYQmVKV3M5Y2JRazhLUzZsNGVGdXVYZUR6ZFhzc3FJa2pfX3NBekVVWmYxQlVURG9vT2pPY0JlUEVXb2NiWDNqU2MtdE9iOGs?oc=5,,"Localviernes, 17 de abril de 2026
Autopista Mante-Ocampo-Tula en Tamaulipas es reconocida a nivel internacional: esta es la razón
Fue reconocida en la categoría Proyecto de Desarrollo Sostenible en Infraestructura del Año del GRI Institute
Adolfo Ruiz Nuñez",GOOGLE_NEWS_RSS
¿Buscas consulta médica? Facultad de Medicina de Tampico amplía servicios - El Sol de México,2026-04-17 07:00,2026-04-17T07:00:00+00:00,El Sol de México,,https://oem.com.mx/elsoldetampico/local/buscas-consulta-medica-facultad-de-medicina-de-tampico-amplia-servicios-29529229,https://news.google.com/rss/articles/CBMivAFBVV95cUxOUzdPRXdwZ3JfeUp0Vk92d2xacHNFR3RMdHNMNVNuTC1GZ0VGNlpOYWI4cHN0eDZZV2c5cXNuZVlTaExBclRkMk14S3BmS3B2UXRfR3J2OUJFdTc3c2ZmVHlaazllbTlGNmRoQVo5NEg0SWhKeUFnWjR0UkhTU2ZkLVZxb1FLU19HLXZ4LTgyMGlPMlI2UUdVdFM1LXhfQnQ0UlEtR1pIZmdQMHNoeEpJOWkwRG00c2lBbFZzcg?oc=5,,"Localviernes, 17 de abril de 2026
¿Buscas consulta médica? Facultad de Medicina de Tampico amplía servicios
Pacientes pueden recibir diagnóstico y seguimiento en un mismo espacio con apoyo de equipo especializado
Antonio Campos
Pacientes pueden recibir diagnóstico y seguimiento en un mismo espacio con apoyo de equipo especializado
Antonio Campos",GOOGLE_NEWS_RSS
¿Frente frío en abril? Protección Civil alerta sobre un descenso de temperatura en Tamaulipas - El Sol de México,2026-04-17 07:00,2026-04-17T07:00:00+00:00,El Sol de México,,https://oem.com.mx/elsoldetampico/local/frente-frio-en-abril-proteccion-civil-alerta-sobre-un-descenso-de-temperatura-en-tamaulipas-29543024,https://news.google.com/rss/articles/CBMi1wFBVV95cUxQRkU3bU1lekRXT3F6MUhkZmhXN3NPTlpOcWhDZC1hTjJyelNuUXVGb1VRUjFxWmNpdEdjUmtmeDNlMjhLY2hoZ2tkeHNmUndpdjJrM0RqMXdfV2ltRXNJSXRKZ0o0UV8wRDJ6ZXhST0lzSU83WHRfWVR6LUFyeGZWYXRwRXFZVFVScWFCRGJ3ZzYxVUFWOHpPaGpSUDI5VnRJZzFIN2E3VTZKX21jWjhGcFRLbnZ5QmlxVmQ3d3pFM2Z4Wm5GV0ZwblUtbXJtUVdHYjFocUZLVQ?oc=5,,"Localviernes, 17 de abril de 2026
¿Frente frío en abril? Protección Civil alerta sobre un descenso de temperatura en Tamaulipas
El sistema frontal traerá lluvias, rachas intensas de viento y un cambio térmico en varias regiones del estado
Mariela Macay",GOOGLE_NEWS_RSS
¿Quieres tramitar la licencia para tu hijo adolescente? Esto exige Tamaulipas (y por qué es más difícil) - El Sol de México,2026-04-17 07:00,2026-04-17T07:00:00+00:00,El Sol de México,,https://oem.com.mx/elsoldetampico/local/quieres-tramitar-la-licencia-para-tu-hijo-adolescente-esto-exige-tamaulipas-y-por-que-es-mas-dificil-29542086,https://news.google.com/rss/articles/CBMi4wFBVV95cUxOM0w1MHFnYXhnQ0RqekxsQ1lMRm1SRlhOVjNQZF90M2RCdnFlSEVRaE1MVzloRzhJa0txQW1GQndLQVJUcVdQTHRDeHdRSUtIWFQ2YlU3YUJweng2VThVbllpT25IOENlWW56YVR2Z2FGVkhPek1obGxUbTU5U254dDhhcUotOWFJdHp2Zko4M3prNzc0LWNzblN3RGo5WS1DTVBPV2x2LVVxOUlhNkd0ODdLZE15LUdoSG1hUko4eFJyS1Z6UUhPNVozSWRkellxSkowRmZWemdGeWcxR3ViUThvTQ?oc=5,,"Localviernes, 17 de abril de 2026
¿Quieres tramitar la licencia para tu hijo adolescente? Esto exige Tamaulipas (y por qué es más difícil)
Autoridades en la entidad buscan evitar riesgos con reglas más estrictas para jóvenes conductores sin experiencia
Mariela Macay",GOOGLE_NEWS_RSS
¿Faltan gasolineras en tu zona? México busca abrir 12 mil nuevas estaciones con modelos “low cost” - El Sol de México,2026-04-17 07:00,2026-04-17T07:00:00+00:00,El Sol de México,,https://oem.com.mx/elsoldetampico/mexico/faltan-gasolineras-en-tu-zona-mexico-busca-abrir-12-mil-nuevas-estaciones-con-modelos-low-cost-29528410,https://news.google.com/rss/articles/CBMi3AFBVV95cUxPcXh5VmFHM041NndwQ2cxcEh0MnktS0dhNzdRNXZ5Nk4zSFJhaG1RTVpCR0ZabWZzR3Zuc3lyUkZNNTlpN3dCSE9md0FCM09xSlB2R2Q3UUI5UmpsMmZTZFJZR1AwOHp2ZUFGaFgwRUpGNGdydEwzZ21ua0xRQkx5a1ZVcjBtZ3J0YmZnOXN0WVFSTmNtWHFIaUd5NmJlMnRMQWJZQ2o2Y1BhVDlhV1BzUmVxMzVRWWVfc212bFQ2eUVMRjlLRlNtcWg3QnBDaG04UDNsR0NWbm5oLUhh?oc=5,,"Méxicoviernes, 17 de abril de 2026
¿Faltan gasolineras en tu zona? México busca abrir 12 mil nuevas estaciones con modelos “low cost”
Durante la ExpoGas 2026 celebrada en Tampico, Tamaulipas se reveló que México necesita 12 mil gasolineras más
María Macías",GOOGLE_NEWS_RSS
¡Atención! Comapa anuncia corte de agua masivo: será en más de 130 colonias de Tampico y Ciudad Madero - El Sol de México,2026-04-17 07:00,2026-04-17T07:00:00+00:00,El Sol de México,,https://oem.com.mx/elsoldetampico/local/atencion-comapa-anuncia-corte-de-agua-masivo-sera-en-mas-de-130-colonias-de-tampico-y-ciudad-madero-29546760,https://news.google.com/rss/articles/CBMi4gFBVV95cUxQRGcwa1RzdFl3U1pINzQtMmIxYUEtNzVKX0NneVpmbmVQMERTY3kyREMxNkgxdmV3OGZKcU5EZEs4WXBTemJzbkZLODdwRk1jckFGVnp2TS1HWXdlWERMVmUzMGF1NUpXaTJ2SlZzNGdIaXdyLUk0T01ad2p1dDJNdUZhSUkzM2dVTUctX3ZjUVJhcWNRRVJxS2tRT3BxRHVuUVZsRVd3YWx3RWFDR3pSVFJubmh3T3JIVkluTk1uSmZSVEVHcHVmM2Nua1phM2Z1QjB6dUU5a0h4aU83V0NmTlJB?oc=5,,"Localviernes, 17 de abril de 2026
¡Atención! Comapa anuncia corte de agua masivo: será en más de 130 colonias de Tampico y Ciudad Madero
El corte masivo de agua en el sur de Tamaulipas tendrá una duración estimada de 12 horas, informó el organismo
Adolfo Ruiz Nuñez",GOOGLE_NEWS_RSS
"Temas - El Sol de Tampico | Noticias Locales, Policiacas, sobre México, Tamaulipas y el Mundo - El Sol de México",2026-04-17 06:11,2026-04-17T06:11:48+00:00,El Sol de México,,https://oem.com.mx/elsoldetampico/tags/temas/cantantes?page=93,https://news.google.com/rss/articles/CBMib0FVX3lxTE5yaGNhbExPM3hZYXRUSS1EM2FkUmlHalljUFF2N2UwaEo5YlFmeDY1ekdwNFE4SWF2MnJVNWJOSUFMaF9xT0M0X093VUJFMDVfRU9CR21LWVU4azFVRUZhT3FKc3NJWmVOY2l2U3J1bw?oc=5,,"1LOCAL“El casco no es accesorio, es vital”: Tránsito y Ejército Mexicano montan operativo para motociclistas en el norte de Veracruz
2DEPORTES¡Van por el bicampeonato! Jaiba Brava elimina a Cancún FC y jugará otra final en la Liga de Expansión",GOOGLE_NEWS_RSS
"Temas - El Sol de Tampico | Noticias Locales, Policiacas, sobre México, Tamaulipas y el Mundo - El Sol de México",2026-04-16 21:40,2026-04-16T21:40:01+00:00,El Sol de México,,https://oem.com.mx/elsoldetampico/tags/temas/issste/app.json?page=25,https://news.google.com/rss/articles/CBMid0FVX3lxTE16ZEFrVnVNM21vajJlNFB0d0stR3RrTDJFM1ZxLXVKcUpJSzFTcW9DaTFxMWhwTUVMV3dmSG95U0R1UUprUHlDVEtKYkNUSlhjVWp6ZUxycnROSlRuSk41SERJWkxjcC03d3RMOXg5RlpJb1Nia2FR?oc=5,,"1LOCAL“El casco no es accesorio, es vital”: Tránsito y Ejército Mexicano montan operativo para motociclistas en el norte de Veracruz
2DEPORTES¡Van por el bicampeonato! Jaiba Brava elimina a Cancún FC y jugará otra final en la Liga de Expansión
GOSSIPSala de cirugías ambulatorias del Hospital San Juan Pablo II: ¿qué operaciones se pueden realizar?",GOOGLE_NEWS_RSS
¿Por qué saltan los peces fuera del agua en Tampico? Estas son las posibles causas - El Sol de México,2026-04-16 07:00,2026-04-16T07:00:00+00:00,El Sol de México,,https://oem.com.mx/elsoldetampico/tendencias/por-que-saltan-los-peces-fuera-del-agua-en-tampico-estas-son-las-posibles-causas-29521010,https://news.google.com/rss/articles/CBMizwFBVV95cUxNRGo3Z0FxR3VPQ25mUzZ0UFVId1IyMlZXWmpqc09yVWVFeXRzWFdTMHdrWXZrWEJrNEx3RzlURjY3NGY1RjdPcm83QmNSb3F2OUJHNmFMb2RNM2tXWmZtQlFkVWFFbnV0Y3dVSkNqcGV4amR6VU40ZmU3aFR4bG5oWkNUcjN2OFRxR0tfZjBudUt4SS1XME1rQ0FEUEQtb3RaSVNZc2d2NVFGOTdUVnRHQ21vVHFiWDdSNlVYY3pmZDQ0VVZtX01JYUFnb1VzVU0?oc=5,,"Tendenciasjueves, 16 de abril de 2026
¿Por qué saltan los peces fuera del agua en Tampico? Estas son las posibles causas
Especialistas advierten que el comportamiento podría estar relacionado con condiciones del agua, temperatura o factores ambientales
Roberto González / El Sol de Tampico",GOOGLE_NEWS_RSS
"Pemex: crisis hídrica, reto para sacar gas de Tamaulipas vía fracking - Milenio",2026-04-16 07:00,2026-04-16T07:00:00+00:00,Milenio,,https://www.milenio.com/negocios/pemex-crisis-hidrica-reto-sacar-gas-tamaulipas-via-fracking,https://news.google.com/rss/articles/CBMilwFBVV95cUxPNjFZZmZuTW4xSkhjYWY5cHA0ZnlyWDZ6ODNMNDltdGVXRzMwbDJLU19CcFRMc3NmbkUwUmFZS1V4NWtFNGhyUnd2ZHF6MmRYT29OeTVnQXY5Zjl6cVdWZjJoVHJ6VmkzZk94SHVOU2J3ck9mRVExNldZZEdxLTIwZjlfSG03WC1LU21SV3ZmWGJoc1V1el9n0gGXAUFVX3lxTFBhT1UyLXUzZmdWblE1ZDJmV2kzSFkxMnNUSmRJYWNXYWp0bVY2NlBMeTR0dlk4QS11anAwT3JpSndhbTk4ZDdqd0tZVklJbXI2YXZpX2wteXRmMXNZdGc5U0hybkRZWGtudzNOcmREUGdDQ2NYYUZPMzVvUThlUVU2UldlV2l0ZGxLc183b241azdIZTFWVGc?oc=5,,"La situación hídrica en el norte de Tamaulipas ante la poca captación de agua y la prolongada sequía que vive esta región de México, se convierte en uno de los retos para Petróleos Mexicanos (Pemex) en su intención de utilizar la tecnología de fractura hidráulica y extraer el gas natural ubicado en la Cuenca de Burgos.
Al reconocer la problemática que vive la franja vecina con Estados Unidos, que concentra el 56 por ciento de la población de la entidad, Octavio Barrera, director de Exploración y Extracción de la empresa pública, apuntó que la falta de fuentes de abastecimiento está considerado para buscar una solución amigable con el ambiente y sin afectar el consumo humano como agrícola.
Al participar en la Convención Nacional Petrolera, organizada por la Asociación Mexicana de Empresas de Hidrocarburos (Amexhi), destacó que ese aspecto como otros referentes al cuidado ambiental los tocarán especialistas quienes expondrán sus opiniones y estrategias durante un par de meses, a fin de aprovechar los recursos prospectivos en el subsuelo.
“Tenemos una zona en la parte norte del país, con la experiencia de haber estado en esa región, donde existen los matorrales tamaulipecos y coahuilenses, carecen de fuentes para el recurso hídrico. Estudiamos esos sectores que tengan ese estrés por el agua y la manera de resolver la problemática”, explicó ante asistentes, entre ellos, directivos de firmas mexicanas y extranjeras.
Dentro de la solución tecnológica referente al cuidado de los recursos hídricos, en la ponencia realizada para el cierre del evento, está el uso del elemento no potable, ya sea salado o de acuíferos profundos e industriales, además de la reutilización bajo sistemas de tratamiento y volver a ser requerido hasta en un 80 por ciento.
“Es una buena opción aprovechar los sistemas de recirculación. Hoy ya es una realidad la reutilización del agua que nos permite volver a tomarla hasta en un 80 por ciento”, recalcó el directivo.
Confirmó el objetivo planteado por el gobierno federal en realizar la exploración extracción en Burgos, el cual abarca el norte, parte del centro y la costa tamaulipeca con el Golfo de México. En esta localidad hay 13 mil 203 millones de pies cúbicos en convencionales, así como 53 mil 848 millones de pies cúbicos en no convencionales.
La conformación de un comité de científicos y especialistas en el manejo del agua, explotación sustentable. geología y medio ambiente, dará sus opiniones y recomendaciones en dos meses, acotó.
“Se enviaron grupos técnicos tanto a Canadá como a Sudamérica. Buscamos que el desarrollo del gas no convencional sea amigable y sustentable con el medio ambiente. Hay tecnologías biodegradables, reductores de fricción, uso de agua intensiva recirculada, uso de arenas, entre otras opciones”, puntualizó.",GOOGLE_NEWS_RSS
Tampico apuesta nuevo Distrito Cultural en el Centro Histórico - Milenio,2026-04-16 07:00,2026-04-16T07:00:00+00:00,Milenio,,https://www.milenio.com/comunidad/tampico-creara-distrito-cultural-museos-rescate-historico,https://news.google.com/rss/articles/CBMilgFBVV95cUxQVzA3NU9PMy1ZOFgyOVNCc284cDVqZnFOUFdwUXpWdXMwbE5pdlkyazM3Y1hRV3YxejNYQU9WcjlvU0g1MVR1cXRDWUJZaGptcTNvVUtYWlNvc3J2ejE2TFl5UVd1cm8wSG1yNzIxSzU1b1p1UUhLSEpkY09KYWlaSkgxZmRYV3hWQUlPcEdjamxpWkRBRnfSAZYBQVVfeXFMTjFObU9YYWh2Vm9LNS1NSk8wX19wa3Izbkl5dHBkb04xVGNmZTJEd1dFcTRna3g1X3JJT0tNTEVabkJPSWswemFCQ0hUYTY2Ny1lYW84eEdaU0xjR2t4OEF0aTNUeTJfbjZIX25KbFQxSDU3LXZHZ0gxYUhuUy1QREh2c01NcnJLX0tUSW90UkMtWWZNSXVn?oc=5,,"En Tampico este año va a iniciar el distrito cultural que va a constar de la Casa Gándara como Museo, el Archivo Histórico y el nuevo recinto cultural que se instalará en el otrora teatro Shakespeare.
Proyecto se ubicará en el corazón del Centro Histórico
Sobre la esquina de Carranza y Sor Juana Inés de la Cruz, en el Centro de Tampico y a un par de cuadras de la Presidencia, está en proceso un museo. En contra esquina, en donde estaba Migración, será la sede para el Archivo Histórico.
Expropiarán inmueble para nuevo espacio cultural
Asimismo, a mitad de la bajada de la calle Sor Juana está un inmueble centenario que se va a expropiar con la ayuda del gobierno del Estado, en la cual se va a convertir en un espacio cultural, de los cuales no hay en dicha parte de la ciudad.
La edil Susana Pineda, comisionada de Desarrollo Económico, indicó que es una ruta cultural que va a complementar los atractivos turísticos del Centro de Tampico, dándole énfasis a la historia y a la cultura que proyecta la infraestructura porteña.
“En el centro de Tampico se está tratando de reactivar el turismo cultural. La alcaldesa nos comentó que se iba a hacer un Distrito Cultural, ya vez que se hará el Archivo Histórico en contraesquina de la Casa Gándara y a media cuadra estará el teatro de la ciudad”, explicó.
Rescatan inmuebles históricos para el proyecto
Son espacios la mayoría históricos que están ya en proceso de recuperación y que buscan consolidar para que la gente y los visitantes tengan más opciones.
La Casa Gándara, cuya restauración para convertirse en un museo, fue un esfuerzo de un empresario de la zona sur de Tamaulipas. Está en la recta final y se estima que en este mismo año pueda echarse a andar.
Embellecimiento urbano forma parte del plan
El plan es “poder embellecer los inmuebles que están a tres o cuatro cuadras y hacer un Distrito Cultural”, ya que en esa parte de la ciudad hay edificaciones centenarias, como el inmueble que alberga la primaria “Gabino Barrera”.
Dichos inmuebles se comenzaron a rehabilitar en las últimas semanas, mediante manos de pintura y mejoras en sus entornos, hasta algunas obras de remozamiento. El plan es poder darle una mejor imagen al corazón de la ciudad, que tiene inmuebles de alto valor histórico.
En los últimos dos años se ha logrado ver en el Centro de Tampico la restauración y rescate de muebles históricos, aunado a los trabajos de restauración que están llevando a cabo en la ex Aduana.
Se van a concretar obras de este tipo en este 2026 y la finalidad, de acuerdo a las autoridades municipales, es que en este mismo año puedan comenzar más trabajos en construcciones consideradas históricas.
SJHN",GOOGLE_NEWS_RSS
“Nos reducirán 50% pensiones”: truenan pensionados de CFE - Milenio,2026-04-16 07:00,2026-04-16T07:00:00+00:00,Milenio,,https://www.milenio.com/estados/jubilados-cfe-protestan-recorte-50-pension,https://news.google.com/rss/articles/CBMif0FVX3lxTE9GV3pTQVVpMVE5T2M5dFp2Wko4eXo2WlBBb0w1Ul8zbGJaNm5CNFI3S3pMdWQ3T25rRXFNeFJxcTlHTGVGVUJibllmUVk1N1FJRzVQYXpON3lYaUEyYm1LeEdLMXhGRHZoOGs5VmlVODJyUUtRWjRaSE41djJvOHfSAX9BVV95cUxOTGhzUGt6YnM2cl9fOUE4VGlwcFdVV040UmswU3A3WHZuVTBWWmg0anAtVjZDOFBKR2xIUGtxeUlvZm1RVG5aOGVmMmtfbkhiZjRFeHE5OUg2b3c2c05hX0pLN1V6d1BWUm45blNFOGFoOWU3eWdDWWFpS181Vk9j?oc=5,,"Los trabajadores pensionados de la Comisión Federal de Electricidad (CFE) protestaron en Tampico por la modificación al Artículo 127 Constitucional, ya que aseguran se verán afectados con una disminución de 50% en sus pensiones.
Inconformidades de jubilados tras ajusto en el Articulo 127
“Esto trae consigo la disposición de que las pensiones jubilatorias de los empleados de confianza se vean reducidas al 50% del salario de la Presidenta (Claudia Sheinbaum) en este momento”, aseveró Gerardo Valdez Saucedo, pensionado de la empresa productiva del estado.
“La intención de la Presidenta es que todos ganemos $70 mil mensuales y eso no es posible”, recalcó el manifestante, desde las afueras de las instalaciones de la Comisión Federal de Electricidad que se encuentran en la colonia Altavista.
Se manifiestan exigiendo 'lo justo'
Son más de 170 los trabajadores pensionados que aseguran se verán afectados por dichas legislaciones, así que lo que pretenden es reunirse con las autoridades de la División Golfo Norte, ya que tienen lista una comisión para exponer sus inquietudes.
A través de lonas, pancartas y consignas, refieren que van a insistir con sus movilizaciones, las cuales no son solamente locales, se están llevando a cabo a nivel nacional porque están inconformes con las modificaciones que han hecho a la ley.
“Aquí no es la pensión, es el estado de derecho. Si yo hace 14 años me jubilé por trabajar 33 años de manera ininterrumpida, hoy por una disposición, un plumazo, se pretende echar abajo y sin justificación lógica alguna la pensión que me gané con todo derecho”, enfatizó.
Las pensiones doradas
Aseguró que están a favor de que se eliminen las llamadas “pensiones doradas” que se le dieron a trabajadores que a veces solamente estuvieron trabajando dos o tres años, que no el caso de los pensionados de CFE, quienes laboraron más de 30 años y 25 en el caso de las mujeres.
“Cada uno celebró un convenio que fue ratificado en la junta federal de conciliación, así que es importante que la gente se entere del movimiento nacional de los jubilados de CFE y de otras instituciones”, enfatizó Valdez Saucedo.
Los protagonistas de la manifestación fueron todos vestidos de color blanco, permanecieron en la explanada de las instalaciones de la CFE ubicadas en la colonia Altavista por más de una hora, sin importantes el sol intenso que se presentó este miércoles.
AA",GOOGLE_NEWS_RSS
"Tampico, el segundo lugar más caro de México para construir casa: inflación golpea al sector vivienda - El Sol de México",2026-04-16 07:00,2026-04-16T07:00:00+00:00,El Sol de México,,https://oem.com.mx/elsoldetampico/finanzas/tampico-el-segundo-lugar-mas-caro-de-mexico-para-construir-casa-inflacion-golpea-al-sector-vivienda-29254369,https://news.google.com/rss/articles/CBMi5gFBVV95cUxQa1NLUnpHMG5EVm10QXN5RzZFTlV4YXVieDBSc3ZHUThXcWVSX0ltenJzSldySmdwUkpiYTVON0Riazdqa0pOTm1RRHVnZGxmUDktZDNoYm9ncGZBYWg1Z3p5Uk5qLWROVzlQOWxHZUcwWkdya0J4dWh3d254Y0lnTy1NYlMtX0pBVU1CbjliUFN0ZHJQbk9UTzhrNXpYSWZPMmJCSVBNUmNyUjhid0U4NzVSWGtaZTdXRndXa1RnWE00YTZaWVNHTWFnd0hZOWdScU1FRTVwd1NnZXNnUURVWEtuWnBXUQ?oc=5,,"Finanzasjueves, 16 de abril de 2026
Tampico, el segundo lugar más caro de México para construir casa: inflación golpea al sector vivienda
Mientras el promedio nacional de materiales subió un 4.70%, Tampico duplicó esa cifra; situándose en niveles críticos para los desarrolladores
María Macías",GOOGLE_NEWS_RSS
"Si no hay orden y acuerdo, subirá precio de tortilla en Tamaulipas: industriales - Milenio",2026-04-16 07:00,2026-04-16T07:00:00+00:00,Milenio,,https://www.milenio.com/estados/tamaulipas-advierten-alza-tortilla-expropiacion-harinas,https://news.google.com/rss/articles/CBMikAFBVV95cUxQemZkQUdvSERyVjBHRzBKZE5xTGNBdzlmNkNDLUNWRzkyZjBhYl9VN1Z6MGxTWXRTZ24tUkFiY2d0ZWdUT1RfMmNpVjdSZDJ3UE42MERrUFlzMjJtQkNoQ2N2SG1zMjdPaXlWc3ZoVTRnYXNaVUxvbHpoQnZUZjUwV0FPc0hCMW9pSmhaejBrZlTSAZABQVVfeXFMTlI5enh3aU1acUZHSVdocExQOVNZOVhDam1YVXJXS2lsaTdhQWxHMWFBTzRQR2Y2WXJOTHpfLU8xbjN0dmdpS3FGNXhqLTFuV2tESlZiWTFVN3ZwQWFqZnhBNndjX2lzZS1GOG1PVy1GNFFNV1V1T1dkNjZlRlVXU1hMd3UyVFpCZEYwSThscUZC?oc=5,,"“Si no se llega a un acuerdo con las harineras y con la presidenta de la República, Claudia Sheinbaum, no descartamos la expropiación de las harineras, de lo contrario, el precio del kilo de tortilla subirá entre uno y dos pesos, pero no podemos permitir que el incremento sea mayor”, advirtió José Enrique Yáñez Reyes, presidente de los Industriales de la Masa y la Tortilla en Tamaulipas.
Piden cambios en Sader por falta de resultados
Tras pedir la salida de Julio Berdegué Sacristán, titular de la Secretaría de Agricultura y Desarrollo Rural (Sader), por falta de resultados, el industrial de la masa destacó que las harineras Minsa y Maseca son manejadas por hambreadores que incrementan el costo de la harina cada vez que se le pega la gana.
Señalan a harineras por alza en precios
“La presidenta va a estar con el sector y esperamos que ponga en orden a las harineras y si las harineras siguen insistiendo en aumentar, que la presidenta puede tomar la decisión, que se expropien, el alimento básico del pueblo de México no puede estar en riesgo y menos en manos de hambreadores, como son las harineras”, agregó.
Aclaró que no es justo que siempre se descalifique a la industria de la masa, cuando son las harineras las que hacen a su gusto los precios.
Descartan uso de sorgo en tortillas
También desestimó el uso del sorgo para la generación de tortillas, y dijo que en Tamaulipas de las 2,600 tortillerías que atienden a los 3.5 millones de tamaulipecos, solo una expende este producto.
Cabe destacar que el kilo de tortilla en México se vende actualmente entre 22 y 30 pesos, dependiendo de la zona del país. Según datos del Sistema Nacional de Información e Integración de Mercados y la Procuraduría Federal del Consumidor (Profeco), el precio promedio nacional ronda los 23 y 24 pesos por kilo.
Frontera norte, entre las más caras en precio de tortilla
Sonora destaca como uno de los estados con los precios más elevados. En Hermosillo, por ejemplo, el kilo de tortilla llega hasta 30 pesos en tortillerías, ubicándose entre los más caros del país, junto a ciudades como Mexicali, Baja California.
El industrial de la masa dijo que incluso han detectado que el kilo de tortilla se vende en algunos lugares de la frontera, como Nuevo Laredo, en 30 pesos. En contraste, en estados como Puebla o Tlaxcala, el precio puede bajar hasta 17-19 pesos por kilo, lo que evidencia una gran disparidad regional influida por factores como el costo del maíz, el transporte y la logística local.
México cuenta con 125 mil tortillerías a lo largo del territorio nacional, según cifras del Consejo Nacional de la Tortilla. Esta enorme red de pequeños negocios abastece el consumo diario de millones de familias.
Cada mexicano consume en promedio entre 65 y 75 kilos de tortilla al año, y más del 90% de los hogares la incluye diariamente en su dieta, según reportes de Profeco.
SJHN",GOOGLE_NEWS_RSS
¿Qué pasa en El Camalote? Al menos dos toneladas de peces muertos afectan sistema lagunario de Altamira - El Sol de México,2026-04-16 07:00,2026-04-16T07:00:00+00:00,El Sol de México,,https://oem.com.mx/elsoldetampico/local/que-pasa-en-el-camalote-al-menos-dos-toneladas-de-peces-muertos-afectan-sistema-lagunario-de-altamira-29523917,https://news.google.com/rss/articles/CBMi5AFBVV95cUxNVUdiMGhuS3BUay1VbHlqZGNpVEFEZGE1VVR3MjZ5UG0wcGNpNXdYUzVabkY3OUJTWnZPWnAtc1ZRTC0zdndYdVFPR3FOVFdIN09SQU5laWlFLXVGeGJwOTZfcW5PS055a1Z5aWx6SVNQdEFKaHpocHUtU2tzdnRDamx2M2xhNVJ3WHlLX3FlQzJFRWNwWndiNVZ2MTJfT0t0dU9iZGVwcGNNd1pKdkJaR3c1UXJWelFHV1Mxem9oRFRFOHR4bmdRN29KOWNCVVhReTRQX19waVp4SmhuNEhBbkczeXc?oc=5,,"Localjueves, 16 de abril de 2026
¿Qué pasa en El Camalote? Al menos dos toneladas de peces muertos afectan sistema lagunario de Altamira
El fenómeno se mantiene desde hace semanas sin explicación oficial, generando incertidumbre entre pescadores
Miguel Díaz",GOOGLE_NEWS_RSS
Pequeños negocios se blindan con rejas contra los robos en Tampico - Milenio,2026-04-16 07:00,2026-04-16T07:00:00+00:00,Milenio,,https://www.milenio.com/negocios/negocios-locales-aumentan-seguridad-robo-tampico,https://news.google.com/rss/articles/CBMiiAFBVV95cUxPTFpaYmpfR2h6aFczYm0tZ2Z6TER1ZkR2dXcxUDRxeWUwQ3dXZXptSHRVSmZTZ3EzMkxxUC1fdVdOSDc2UkFTUExiMDhXNFBlQ0lTempuRlZ0clllUEZFYmNWLXlxUUZ4SGVfeGxHUnRKSlY4UjZwZDRfeHI4X1FKek1vd3ZsOHBG0gGIAUFVX3lxTE5nalBTSGkxVV91YXBSNThNWi1XYVUxeXVpdTdxR2JmUmlIS3VTSmdiaE9YQmNBZVJnUHlvX01ycmh1aUpTNzBreGphbDZrdGhtSmlnT0tlUWNZTW10THpteGdVS2ViblB6M2lJbTB4QXBqeExDS1U1SGR5cWFGbmtZeFJZWkFiN2c?oc=5,,"En las colonias de Tampico aumentó el número de misceláneas, tiendas o negocios pequeños que han decidido fortalecer su seguridad, incluso, colocar rejas para atender con el fin de estar más seguros, ante los robos que se registran.
Cámaras de vigilancia en tiendas locales
Indicó Jesús Carballo Martínez, director de la Cámara Nacional de Comercio en Pequeño (Canacope), que en los últimos dos años ha aumentado el número de negocios que quieren protegerse, así que han adquirido cámaras de vigilancia.
“Si antes 2 de cada 10 negocios pequeños como misceláneas o tiendas tenía equipos de videovigilancia, ahora son 5, han hecho la inversión para tratar de estar más seguros”, indicó el empresario, una situación que es más evidente en las colonias de la región.
Rejas para mayor protección
Pero no solo son cámaras de vigilancia, se trata de enrejados en las puertas principales para a través de ahí atender a los clientes, las cuales se usan cuando comienza a oscurecer, después de las 7 de la tarde, para prevenir situaciones de inseguridad.
“Hay algunos negocios que cuando comienza a oscurecer y se hace de noche busca bajar las rejas de sus entradas. Así atienden a los clientes, para protegerse ya que si se registran algunos robos aprovechando la falta de vigilancia”, externó.
Una nueva modalidad para atender a los clientes
Algunos otros también cierran sus puertas y atienden a través de un compartimento, lo que es más común en tiendas como Oxxo o los expendios de bebidas alcohólicas, en donde se han reportado robos a través de redes sociales, ya que publican los videos de las cámaras de vigilancia.
Explicó que los robos son más comunes en las colonias, en zonas donde no hay vigilancia, muchos delitos que no se denuncian de parte de las víctimas, ya que refieren que dichos temas no avanzamos como debiera.
Las autoridades de los diversos niveles de gobierno han exhortado a los empresarios y responsables de los negocios, al considerar que no interponen las denuncias cuando se cometen los delitos en los diversos comercios.
AA",GOOGLE_NEWS_RSS
Caravana de motociclistas internacionales cruza Tamaulipas rumbo a El Salvador - Milenio,2026-04-16 07:00,2026-04-16T07:00:00+00:00,Milenio,,https://www.milenio.com/comunidad/caravana-de-motociclistas-cruza-tamaulipas-hacia-el-salvador,https://news.google.com/rss/articles/CBMimgFBVV95cUxPNGFGMGpidTV6RTJma19UanpGWW5zQkpzdUFldnRpT0Zxa0N5SWs5dmh3S2RYWmdQZndGQThCc0RRTUhDVDNYMnQ5Y2lyNFBSczQ4QUVWWnNXcmRhWVNvb1drUVNpaFl1OWw1b2ZqMy0wQ0xfNjJ4Z0FZQUR0Z0N2NWdZX05LXzhTQ1NHOFhoUnctbU5ZWWk5bFJR0gGaAUFVX3lxTFBUQXFXcFdfTWF5WWl5RmIxaGtadEEyNHVTRG5fQXprZ2pRS0J6WUVBYmJ2WU9NZTZ0UXZZMGxlaTNKeXdmbFVyRmxiWXZ6Nnd2YXVOeG5qSm1QY2hWNlBNbl9IOXkzaXZtd1hTNGRxNlIyNzFibWNIV0dFWjc2OXppVVUyZ1hLWF9uOGtrcFJyQVBkLS1LM19DNWc?oc=5,,"Un grupo de más de cien motociclistas originarios de Canadá y Estados Unidos, se ecuentran recorriendo distintos puntos de Tamaulipas con el objetivo de llegar hasta El Salvador.
Los “bikers”, como popularmente se les conoce, han transitado por diversas zonas del estado. Su travesía inició en el país vecino y pese a las condiciones del trayecto, buscan que su llegada a El Salvador, destino final, resulte exitosa y sin contratiempos.
Más de cien motociclistas de L.A.M.A. cruzan Tamaulipas
Cabe mencionar que la caravana está integrada por aproximadamente cien motocicletas pertenecientes a la asociación L.A.M.A. (Latin American Motorcycle Association), conformada por participantes provenientes de Estados Unidos y Canadá, quienes recorrerán diversos municipios de Tamaulipas, incluyendo Ciudad Victoria, Tampico, Ciudad Madero y Altamira.
Brindan seguridad a caravana de motociclistas
Asimismo, Personal de la Guardia Estatal desplegó un operativo que consiste en brindar seguridad en movimiento durante el trayecto del contingente.
¿Quiénes son los motociclistas que cruzan por Tamaulipas hacia El Salvador?
La Latin American Motorcycle Association (L.A.M.A.) es un club internacional de mototurismo fundado el 12 de junio de 1977 en el barrio de Humboldt Park en Chicago, Illinois.
Originalmente fue creado para proporcionar un espacio inclusivo para los motociclistas latinos, y con el tiempo ha crecido hasta convertirse en una organización global con más de 240 capítulos en 26 países y presencia en cinco continentes.
JETL",GOOGLE_NEWS_RSS
Jugadores del Atlético Morelia conviven con la afición previo al duelo contra Tampico - El Sol de México,2026-04-16 07:00,2026-04-16T07:00:00+00:00,El Sol de México,,https://oem.com.mx/elsoldemorelia/deportes/jugadores-del-atletico-morelia-conviven-con-la-aficion-previo-al-duelo-contra-tampico-29532149,https://news.google.com/rss/articles/CBMi0wFBVV95cUxPcTB5cDZZNXlYS3dOX2R0VVVKTXNCbEpPRERxTjRCTk5WS2ozZjdLSmIxblBPeWpaSmpiYkw1TU8xNl90NkdqanhpdFpYNmdJWnBJT0xCQjhzSFpTRUdVQnltWDhLVVlDeG4zbmxSU1Y5MFJSZ253Y1p6cDY2TV9mT2VhM2RvWHcxQl82bGtqazJYdDBOcXFLR1lieWxMZHdCSWFBejlmc21UeW4xMnZRdWtPRlkwQnhobGYxRXNBWGpCM25NUGlmSGN6M1A1Q3lydkRB?oc=5,,"Deportesjueves, 16 de abril de 2026
Jugadores del Atlético Morelia conviven con la afición previo al duelo contra Tampico
Mauro Nambo, Rubén del Campo, Bryan Figueroa y Ramón Pasquel firmaron autógrafos en la capital michoacana para acercarse a sus fans",GOOGLE_NEWS_RSS
Tampico Alto espera a 50 mil visitantes para las fiestas del Señor de las Misericordias: de motociclistas a danzantes - El Sol de México,2026-04-16 07:00,2026-04-16T07:00:00+00:00,El Sol de México,,https://oem.com.mx/elsoldetampico/turismo/tampico-alto-espera-a-50-mil-visitantes-para-las-fiestas-del-senor-de-las-misericordias-de-motociclistas-a-danzantes-29523490,https://news.google.com/rss/articles/CBMi-wFBVV95cUxPRE1yN2lxejVVVHc0Q1JTc1pSb2tfX2RfbWJUU0J5U0tfcmhPeklGaDVYZlVRMUhLVFE2a2xKMWR2Zm5NTWRIQmxzeERZRk80WDEtcnl2NElFQjdQRUZMMUZwak5nUnpvZW9pV3YzZ3RUSWN2cXJNQXo0bUNLNHk2bkJnMVFDMnFoQ2xHcS1HelNyMy1jUkphWnl3dXVvVHh0VkU1Zkg2dXl3SjBnWUlPb2JfWnBpQVN3cUIwOHhXZ0xjSXZUV0VQSUloZGQ1bVV1dkZKVGhNaTVkTWljRDZKRHM3OG9VcW5hYTNKNjgxOWtyX0NqOExQRkRYYw?oc=5,,"Turismojueves, 16 de abril de 2026
Tampico Alto espera a 50 mil visitantes para las fiestas del Señor de las Misericordias: de motociclistas a danzantes
La festividad se llevará a cabo del 9 al 17 de mayo, centrando sus actividades en el Jueves de la Ascensión
Paulo Monsiváis",GOOGLE_NEWS_RSS
Pemex instala la Comisión Consultiva del Petróleo: qué es y para qué sirve - Milenio,2026-04-16 07:00,2026-04-16T07:00:00+00:00,Milenio,,https://www.milenio.com/negocios/pemex-instala-la-comision-consultiva-del-petroleo,https://news.google.com/rss/articles/CBMiigFBVV95cUxPTkJxbzJnVjJMcTFFY2Vqbm1NaWtKTEZwdzZpTER5WU5OZFRWdWhxeGtIWG50Nkt1NlV6ajdqUlNqVUJkSXE0YnowSEp5NmM3WTctNXBtd2FUVFBKWFFaWENOWW5oYVcxVm9DbTMwbVBwekY2bDlfUy1ibXJIVEhoc3E3Q0VJLUJNbGfSAYoBQVVfeXFMTnQzOW5neVFLczNFcFVFT2otb01MZVdaOEV5SEhVdlZiLV9ZWEtmdl9jaV9ZMUtGblRheWdfM0lOYW8wNXZoUVVxYU1vTzVkMk9BUWFYTDM3MmdNcnJKZ05OcHhKRFhmZS0zS25pcXgxZVNzMnpuOHRXbV9jTGpCXzNQWWxIZmRxODRn?oc=5,,"Petróleos Mexicanos formalizó la instalación de la Comisión Consultiva del Petróleo, un órgano orientado al análisis estratégico, la evaluación técnica y el seguimiento de la política petrolera nacional; su creación se enmarca en los esfuerzos de la empresa por fortalecer sus procesos de planeación y toma de decisiones.
De acuerdo con la petrolera, el órgano de carácter consultivo forma parte del proceso de consolidación de la política energética del Estado mexicano, en el sentido de reforzar la soberanía energética, garantizar la seguridad del suministro energético y avanzar hacia la autosuficiencia en hidrocarburos, en beneficio de los mexicanos y de la nación.
La confirmación de dicha comisión fue anunciada el pasado 18 de marzo en el marco del aniversario de la Expropiación Petrolera.
""Este mecanismo institucional satisface la necesidad de contar con espacios permanentes de análisis especializado que enriquezcan y contribuyan a la toma de buenas decisiones en un entorno energético global complejo, caracterizado por transformaciones tecnológicas, reconfiguraciones en los mercados internacionales, lo que se traduce en exigencias de mayor y mejor planeación de largo plazo"", indicó Pemex.
La comisión quedó establecida como órgano de apoyo para el análisis integral de la industria de los hidrocarburos y otras fuentes de energía mediante un acuerdo emitido por el director general de Pemex, Víctor Rodríguez Padilla.
""Su objetivo es incorporar visiones especializadas, independientes y plurales que vigoricen la capacidad de análisis estratégico de la Empresa Pública del Estado y fortalezcan la toma de decisiones institucionales"", precisó.
La comisión está integrada por personalidades de reconocido prestigio en los ámbitos energético, académico y jurídico. Sesionará al menos tres veces al año y podrá realizar reuniones de trabajo complementarias para generar análisis y aportaciones técnicas.
La conducción de los trabajos recae en el director general como el presidente técnico de la Comisión; en tanto Cuauhtémoc Cárdenas aceptó la invitación a asumir la presidencia Honoraria de esta.
La empresa pública del Estado dijo que los trabajos de la comisión se enriquecerán con la participación de invitados expertos en materias específicas del sector petrolero.
""Con la instalación de la Comisión Consultiva del Petróleo, Pemex amplía y robustece su capacidad de análisis técnico y de planeación a largo plazo"", finalizó.
MVDJ",GOOGLE_NEWS_RSS
Jaiba Brava trabaja para cubrir par de ausencias en el medio campo - Milenio,2026-04-16 07:00,2026-04-16T07:00:00+00:00,Milenio,,https://www.milenio.com/deportes/futbol/jaiba-brava-cubrir-par-ausencias-campo,https://news.google.com/rss/articles/CBMihAFBVV95cUxNbGtzRjJPNUxkZ1ZUS3lDMGxwNU4tMzQ5ZXRiaVRMZGFtRTdUbktuNml0bE92Y1BvSTBqNnNremhYd0k2TmVNS3N5V1NVNVhVR3NoaHkzNVpaX3hZeWNTS2gyYXdjU0dPUFhEaFVGQ2cwY0p6MVVaYUt4dlR1eHNkaVh5UUHSAYQBQVVfeXFMT0pRN3FscW44c2Vxc0k5R1hyRVRTR0JHenVmZ2I2RWlKUEYtRnZicXo0NS1yLTBLVV83cjZoZmJPNUlBZXhTR3VLYjlwNnF0ZzNqTWdGclhkMjBSZjRRQk54dDRTeGxzZ1JIQktqckU0TFlDLTJ5T28wVzJCa1NvVTlxVUlZ?oc=5,,"La zona de la contención se convierte en la principal preocupación del cuerpo técnico de la Jaiba Brava del Tampico-Madero para el vital choque este domingo ante el Atlético Morelia, siendo la última oportunidad de poder calificar a la Liguilla del Clausura 2026 y defender el título obtenido en la Liga de Expansión.
El pasado triunfo de visitante ante Alebrijes de Oaxaca tuvo un precio para los celestes: la doble tarjeta amarilla que recibió Pablo Saldívar durante el compromiso, sumado a la quinta amonestación de Sergio “La Morsa” Flores. Jugadores con las mismas características y que conocen la posición, la cuestión disciplinaria les impide ver acción en el importante compromiso de la jornada 15.
Por ello, el director técnico Marco Antonio “Chima” Ruiz trabaja en cómo lograr cubrir estas ausencias y encontrar dentro de su esquema a la gente idónea, fortalecer el funcionamiento colectivo y desde ahí salir por la victoria que los haga soñar con estar nuevamente en la fase final. Esa tarea se ha realizado durante la semana previa.
En los entrenamientos realizados en la cancha del Estadio Tamaulipas, sede del juego que se celebrará este domingo a las 17:00 horas, se ha visto el regreso de Deivoon Magaña y Michel Rodríguez, herramientas en el ataque y ausentes por dolencias registradas durante las últimas dos semanas. sigue a la expectativa el regreso de Oliver Pérez como de José Clemente, ambos entre algodones.
El partido correspondiente a la última jornada del Clausura 2026 representa, sin duda, una difícil aduana para los porteños, ya que enfrentará al actual sublíder del certamen, que vendrá decidido a llevarse los tres puntos para buscar la cima de la Liga de Expansión.
Pese a ello en el seno celeste existe plena confianza en alcanzar la victoria y ser uno de los ocho invitados a la etapa seria de la pelea por el título.",GOOGLE_NEWS_RSS
De la banqueta al restaurante: la evolución de la caguama en Tamaulipas que conquistó todas las clases sociales - El Sol de México,2026-04-16 07:00,2026-04-16T07:00:00+00:00,El Sol de México,,https://oem.com.mx/elsoldetampico/tendencias/de-la-banqueta-al-restaurante-la-evolucion-de-la-caguama-en-tamaulipas-que-conquisto-todas-las-clases-sociales-29531307,https://news.google.com/rss/articles/CBMi9wFBVV95cUxNLVdNSXB3M2w0dkIzcTVqWkFJOHV0Y1A2N043S2FtSXQwa0xYZkJxQ2tXVko4YVhiSkdtYlpfWGM2VTlnRGJZLXRaSnNBNG5VTk1zR01JZXdPM19jYi01VUFBRFNvNmJ3LUFUYW9rNnVmSWI2WFJ6amFIT2o4bkpJTGFvaWlrS0N6elIwVC04SEx3WFVxWjB4NDhNalNoT01PMENGR3gyTmtTUzdLMEt3TXlZdWNZVVZIQ2loRlpkYXVSQ00weEwweklVb01hSEl6T1FQbm9yNk0wdVFWOHVyeWEzbWF5ZGYtT29QWXpRZlpBT1A3cU5J?oc=5,,"Tendenciasjueves, 16 de abril de 2026
De la banqueta al restaurante: la evolución de la caguama en Tamaulipas que conquistó todas las clases sociales
En Tamaulipas, la caguama subió de nivel. Pasó de ser la compañera de banqueta a servirse en restaurantes con todo y su vaso térmico
Adolfo Ruiz Nuñez",GOOGLE_NEWS_RSS
Pedro Pacheco es reelegido presidente de la AMIS para el periodo 2026-2027 - Milenio,2026-04-16 07:00,2026-04-16T07:00:00+00:00,Milenio,,https://www.milenio.com/negocios/pedro-pacheco-reelegido-presidente-amis-2026-2027,https://news.google.com/rss/articles/CBMiigFBVV95cUxNak51bkZUQ2IzdWFRc1pQWWNEbHZfWV9BTVY4N3JTRld2c3IwbTVjUWRXNjZ6MXVpV0xnVkVkdEFFdmI1R2swcG1yQk9VdFdEWkxuUjJuNFVoSkxWVm1DQVR5V1BXRV9RQWROdU9oRzltalVZanRLSllfdldIUGl2YXZwWnJWSjd5REHSAYoBQVVfeXFMTzRRLThuYWZac01PN3dDai11M3k2aFlwSk03T0dHY1Fhc3E0SlN6WVBGVVp0ejdrVDVUUXRZcXdHTDQwdWNmOUVPMVFQYklhNWJoWlJja04xalpUcWJOTEp0OHpadWJoT0pyT0ZRODlQcHhiYkYwLWx5RXNjNmFGVEFSLWs4SUtWZmhB?oc=5,,"El Consejo Directivo Nacional de la Asociación Mexicana de Instituciones de Seguros (AMIS) reeligió a Pedro Pacheco Villagrán como presidente del organismo para el periodo 2026-2027, en una votación que resultó unánime.
Pacheco señaló que la asociación continuará trabajando para fortalecer el desarrollo del mercado, ampliar la protección financiera de la población y consolidar al seguro como un instrumento clave para la gestión de riesgos en México.
Esto ocurre en un contexto donde el sector asegurador se consolida como uno de los principales inversionistas institucionales en México y un actor clave en el financiamiento del desarrollo económico del país.
Actualmente, el sector asegurador administra inversiones superiores a 2.3 billones de pesos y brinda protección financiera a millones de familias y empresas, extendiendo el alcance y la solidez de la industria.
Pedro Pacheco es actuario egresado de la Universidad Anáhuac. Cuenta con una Maestría en Administración por el Instituto Tecnológico Autónomo de México (ITAM) y un diplomado en Seguros de Vida por el Centro Suizo de Formación Aseguradora en Zúrich, Suiza.
Ratificación de vicepresidencia
El Consejo Directivo también ratificó como vicepresidentes a:
- Salvador Alonso y Caloca: Director general de Seguros Banorte.
- Sofía Belmar: Directora general de Prudential Seguros México.
- Manuel Escobedo: Director general de Grupo Peña Verde y presidente de los consejos de administración de Reaseguradora Patria, General de Seguros y General de Salud.
- Daniella Gurrea: Directora general de Genworth México.
- Jesús Martínez: Director general de GNP Seguros.
Durante el último año, la Asociación impulsó un plan estratégico orientado a fortalecer el desarrollo del sector, centrado en cinco temas prioritarios: seguros inclusivos y la protección a víctimas de accidentes viales.
Además, se enfocó en el fortalecimiento de la resiliencia ante desastres, la protección para el retiro y la promoción del acceso a la salud a través del seguro privado.
Estas líneas de trabajo buscan ampliar el acceso de la población a mecanismos de protección financiera frente a riesgos complejos, al tiempo que fortalecen el papel del seguro como un instrumento de estabilidad económica y social para el país.
MVDJ",GOOGLE_NEWS_RSS
Resuelven el misterio de la ubicación de la casa de Shakespeare en Londres - Milenio,2026-04-16 07:00,2026-04-16T07:00:00+00:00,Milenio,,https://www.milenio.com/internacional/descubren-ubicacion-exacta-casa-shakespeare-londres,https://news.google.com/rss/articles/CBMikwFBVV95cUxOaGZhUVhRaWFqVFd4R080RkE1ck9PTFktM1pHN240ZjNQc0JJUFFldkhXZ0plUndIakI3T1Q0eGJpNzFvU1Q3eG95SkVDRS0zY1doY0pHdUhFMnZiREI1YzJtZlhkUkI5SXBoLWFaeE5TcEdLMmlLbFpIRmZCeWhTQ29XdnloLXhPcHhVb3lRU2tlem_SAZMBQVVfeXFMTUVqQjV2LTFidlNPSFRLeEIyY3hneDJ6ZTdkY3NrMTk0SHloTTVuR2dqbEtiTldWLXZCR0Z2X296Mk1HemJqclFRUmhsUXJnWWVYSzJUdFdOZWk1RW9HeFFHZDlxaU9WSmY5VlY2dEs2SWt3U3RuQ1dYWUtqWG4tRkk5UFRIUUdTbHpFbWtNUE8tQmVj?oc=5,,"Los admiradores de William Shakespeare saben que el gran dramaturgo era de Stratford-upon-Avon, la localidad inglesa a orillas de un río donde los turistas aún se agolpan para ver la casa de su infancia.
Sin embargo, fue en Londres donde forjó su reputación. A pesar de ello, en la capital británica quedan pocos rastros materiales de su vida.
Nuevos descubrimientos
Un mapa del siglo XVII descubierto recientemente arroja un nuevo hallazgo sobre la vida londinense del Bardo, al señalar por primera vez la ubicación exacta de la única casa que Shakespeare compró en la ciudad y donde quizá trabajó en sus últimas obras.
La especialista en Shakespeare, Lucy Munro, quien halló el documento, afirmó que este aporta “piezas adicionales del rompecabezas” de la vida de Shakespeare. Y, como ocurre con tantos descubrimientos, se debió en parte a la suerte.
""Lo encontré en los Archivos de Londres cuando estaba buscando otras cosas”, dijo Munro.
Evidencia sobre la ubicación del edificio
Los historiadores sabían desde hace tiempo que Shakespeare compró una propiedad en 1613 cerca del Teatro Blackfriars, pero la ubicación exacta era un misterio.
Una placa en un edificio del siglo XIX solo deja constancia de que el dramaturgo tuvo alojamiento “cerca de este lugar”.
Un plano del recinto de Blackfriars encontrado por Munro y dado a conocer el jueves 16 de abril, por el King’s College London, muestra con detalle la casa de Shakespeare: una vivienda considerable en forma de L creada a partir de un antiguo monasterio medieval, incluida su entrada.
El convento dominico del siglo XIII había sido convertido para usos más seculares después de la disolución de los monasterios ordenada por el rey Enrique VIII a mediados del siglo XVI. El recinto incluía el teatro Blackfriars, del que Shakespeare era copropietario.
Munro, profesora de Shakespeare y literatura moderna temprana en el King’s College London, explicó que era una zona codiciada que empezaba a perder algo de categoría, ya que la presencia de personas vinculadas al teatro —como Shakespeare— introducía una percepción más ambigua, ya que el mundo teatral era considerado por algunos como de reputación dudosa.
“Después de la disolución de los monasterios, mucha nobleza, cortesanos de bastante alto rango y funcionarios de la corte vivían en Blackfriars”, dijo Munro.
“Cuando Shakespeare compró su propiedad, todavía había mucha gente importante viviendo allí, gente que protesta contra los recintos en distintos momentos, porque ven los teatros como una especie de molestia pública” mencionó.
Shakespeare utilizó gran parte de las ganancias de sus obras para construir una buena casa familiar, actualmente demolida.
Se ubicaba en Stratford, a unos 160 kilómetros al noroeste de Londres, donde falleció en 1616 a los 52 años.
No está claro si llegó a habitar su propiedad londinense o si la alquiló. Pero Munro indicó que el tamaño de la casa y su ubicación, a cinco minutos a pie del Teatro Blackfriars, sugieren que quizá pasó más tiempo en Londres hacia el final de su vida de lo que se suele suponer.
Añadió que pudo haber trabajado allí en sus últimas obras: Henry VIII (Enrique VIII) y The Two Noble Kinsmen (Los dos nobles caballeros), ambas coescritas con John Fletcher.
Will Tosh, director de educación del Shakespeare’s Globe, una reconstrucción del teatro isabelino al aire libre donde se representaron por primera vez muchas de las obras del Bardo, dijo que el hallazgo de Munro ofrece:
“Una deslumbrante nueva percepción de él como escritor londinense. Nos ha ayudado a entender cuánto significó la ciudad para nuestro mayor dramaturgo, como hogar profesional y personal”.
Destruida en el gran incendio
Shakespeare dejó la propiedad a su hija Susanna, y permaneció en la familia durante otro medio siglo. Además, se encontraron dos documentos de archivo que detallan su venta por parte de la nieta del dramaturgo, Elizabeth Hall Nash Barnard, en 1665.
Un año después, el edificio se quemó hasta los cimientos en el Gran Incendio de Londres, que destruyó gran parte de la ciudad medieval.
Actualmente apenas sobreviven vestigios de aquel Londres de esa zona, ahora integrada en el distrito financiero. Entre ellos, se encuentra un fragmento del antiguo muro del convento medieval y nombres de calles que evocan su pasado teatral.
Los visitantes pueden tomarse una pinta en el pub Cockpit, al otro lado de la calle del lugar donde se encontraba su vivienda. El mapa de la década de 1600 lo muestra como un edificio llamado Sign of the Cock, probablemente una taberna. No es difícil imaginar al dramaturgo compartiendo allí una jarra con colegas tras una función.
“Sin duda, había quejas en el periodo sobre que los teatros llevaban a la apertura de más tabernas, ""casas para beber"", como las llaman en uno de los documentos que estaba consultando”, dijo Munro.
LGG",GOOGLE_NEWS_RSS
Tamaulipas deja el fracking en pausa; analizan nuevas técnicas de extracción - El Sol de México,2026-04-16 07:00,2026-04-16T07:00:00+00:00,El Sol de México,,https://oem.com.mx/elsoldetampico/local/tamaulipas-deja-el-fracking-en-pausa-analizan-nuevas-tecnicas-de-extraccion-29524996,https://news.google.com/rss/articles/CBMiwgFBVV95cUxOMU9DZV9WVnRWSG1DWG5fOXJUcGtlaUVYcGNlV2Qxcmlkc05rcVZhZDhlc3ZCTjVWVkhqUjU2bEFNYm02WU9OaGxhbmNCa2ZqTU5DanU5bXlFQl8wS3ZwQjBEOEsySTNUMGV1cEZCSXlOUjlySWlhUHM4bE1WbWlrQzE4UjdGWDd1R0ZOWXJpejJuMHJ1ZEJ4V0gtV2dON3FtWmJ5azBta0xzX2U4XzZUTlRuZWZJNnVtcGRIb0Q5VnBsdw?oc=5,,"Localjueves, 16 de abril de 2026
Tamaulipas deja el fracking en pausa; analizan nuevas técnicas de extracción
Tamaulipas canceló seis contratos para fracturamiento hidráulico, mientras autoridades abren un debate informado sobre su futuro
María Macías",GOOGLE_NEWS_RSS
Fiestas de Abril Tampico 2026 ¿Dónde comprar boletos? ¿Qué juegos hay? Aquí todos los detalles - Milenio,2026-04-16 07:00,2026-04-16T07:00:00+00:00,Milenio,,https://www.milenio.com/estilo/fiestas-abril-tampico-2026-cartelera-fechas-costos,https://news.google.com/rss/articles/CBMiiAFBVV95cUxOTGlxeWdDWHRmb00walBfa3RDTG5KS2lZdmR5Sl81QTdhNk9lQnFzRG91djYxbFVBNWk5TlpnQ3lqZVBpREkwdFpoNF9OUkZmWmJoTm5KMkhuVVVoVE5Dd1FYV1N6Nzg5Q2FLbGhWenBHQTZFMmFhLVdWVS1pMGg4SVFzYWFLTHJ20gGIAUFVX3lxTE1GSEJYSi1ocDlRQUtFR3A3djhOcjgzcTRSY3VvQUxaaFBiaVhxS08wYkZkN1BsMUVSWGt3bmlnQmJUaGhCZFhxSDBEcG9wQkEzdU85MVl4dU90a0pFeUlBMkc1T21QYUcwOXdDTWNoUmVPRVVQOVNGOGV5WnpvaDJJb1laUDBVWkM?oc=5,,"Las Fiestas de Abril Tampico 2026 son la tradicional feria anual del sur de Tamaulipas que reúne música, cultura, gastronomía y entretenimiento familiar durante las vacaciones de Semana Santa. Este evento se realiza en el recinto ferial de la ciudad y destaca por sus conciertos, juegos mecánicos, exposiciones y actividades para visitantes locales y turistas.
La feria cuenta con atracciones operadas por Espectaculares García, reconocida empresa de entretenimiento itinerante que instalará juegos mecánicos para todas las edades.
Atracciones de alto impacto como Poseidón (55 metros), Turbo Force, Galaxi Coaster, Enterprise, Sky Flyer y Kamikaze.
Entre las atracciones más esperadas estan:
- Poseidón
- Kamikaze
- Sky Flyer
- Galaxi Coster
- Teleférico
- Enterprise
- Júpiter
- Pista Police
Además, la atracción favorita de muchos, el Tagada Shaker: juego mecánico donde se presenta “La Monja”, personaje viral en TikTok que interactúa con el público.
Además, el recinto ofrece:
- Zona gastronómica con antojitos regionales
- Venta de artesanías y productos locales
- Circo sobre hielo
- Espectáculos itinerantes
- Actividades culturales y familiares
¿Hasta que día estará la Feria de Tampico 2026?
Las Fiestas de Abril es un evento inolvidable que celebra la cultura y tradición tampiqueña, consolidándose como una cita imperdible estas vacaciones de Semana Santa.
Las Fiestas de Abril Tampico 2026 comenzaron a celebrarse del 26 de marzo y culminarán el domingo 19 de abril, sumando 24 días de actividades que buscan consolidar la feria como una de las más importantes del noreste del país.
Anuncian juegos y entrada GRATIS
Para cerrar con broche de oro, durante el sábado 18 y domingo 19 de abril, tanto los juegos como la entrada al recinto ferial serán completamente gratuitos dentro de un horario de 4 a 6 pm.
¿Qué artistas fueron a la Feria de Tampico 2026?
El Teatro del Pueblo fue el escenario principal donde se presentaron diversos artistas de renombre como:
- Guardianes del amor
- Fievre Loka
- Matute
- Los auténticos decadentes
- Lucha Libre
- Bronco
- El bogueto
- Gabito Ballesteros
- Guerreras Kpop
- Nelson Kanzela
- Liberacion
- Panteón Rococo
- Cardenales de Nuevo León
- Ha Ash
Además en el Centro de Espectáculos se presentaron en concierto:
- 'Juntos' Jorge Mediana y Jossy Cuen
¿Qué actividades hay en las Fiestas de Abril Tampico?
Además de los conciertos, los asistentes pueden disfrutar de exposiciones artesanales, circo, muestras gastronómicas y juegos mecánicos, garantizando entretenimiento para toda la familia.
Cartelera oficial
En una rueda de prensa se dio a conocer la cartelera oficial de artistas que se presentaron en Teatro del Pueblo y Centro de Espectaculos Expo Tampico en las Fiestas de Abril Tampico 2026.
¿Cuánto cuesta la entrada a la Feria de Tampico y que incluye?
La entrada es gratuita para personas con discapacidad y niños menores de 1.10 metros.
El Costo general es de 70 pesos.
El acceso incluye:
- Conciertos del Teatro del Pueblo (Ya han sido completados)
- Circo
- Entrada al recinto ferial",GOOGLE_NEWS_RSS
Aparición de peces muertos en El Camalote preocupa a pescadores en Altamira - Milenio,2026-04-16 07:00,2026-04-16T07:00:00+00:00,Milenio,,https://www.milenio.com/estados/peces-muertos-camalote-preocupa-pescadores-altamira,https://news.google.com/rss/articles/CBMiiwFBVV95cUxPZmI0TUNJYzl2c1lGLWgwcjA4bkFMSmh5RE9WV2ZSa2NHQm5JWXJydGhrWXZVS2dLRm9JZW10LUlwN2NEZUluYUI0Ni1ZQWYtOEJLWUhKcS1vbWVpaDVkdld1bThMd3R0Vy15NzhINktxak9Ndk1nV1lKZGtqaTRXbHpTU0NvWjBJZzFV0gGLAUFVX3lxTE1HOVQ1VnBXLU5faWFzYmFQUHNYaXlRMDFWeEFCTXNtRU9Ic0tCWnc3MWppWlZjN09hTzFJWWdkcTZCTVdxUUxBV05rVnJ5cnNtdnR1UW9lUEpodEpqRkVMdTZJZVZvZkN2dEs5QXVLQjlVdHRLZHBqVWRYVkRyVHpxZVN1c3ZGeFdiNm8?oc=5,,"Pescadores que arriban a Altamira desde la zona rural del norte de Veracruz encendieron la alerta ante la creciente mortandad de peces registrada en el estero El Camalote y áreas cercanas, un fenómeno que atribuyen al choque osmótico provocado por la intrusión de agua salina.
De acuerdo con los trabajadores, esta zona ubicada en el límite entre Veracruz y Tamaulipas funciona como un punto de transición entre agua dulce y salada, donde existen compuertas diseñadas para regular el ingreso de agua del Golfo de México y del río Pánuco hacia el sistema lagunario del Tamesí.
Incremento de salinidad
Sin embargo, en las últimas semanas aparentemente se ha registrado un incremento en la salinidad, lo que ha provocado que los peces, al intentar desplazarse, no resistan el cambio de condiciones y mueran en grandes cantidades.
Julio Rodríguez, pescador del ejido Mata de la Monteada, en el municipio de Pánuco, Veracruz, explicó que si bien este fenómeno ocurre de manera natural en ciertas temporadas, en esta ocasión la magnitud es mayor.
Muerte de peces en el Camalote deteriora condiciones del agua
El olor fétido y la acumulación de peces muertos han deteriorado las condiciones del agua, afectando no solo al ecosistema, sino también a la actividad pesquera de la que dependen decenas de familias.
Los pescadores señalan que la falta de funcionamiento adecuado de las compuertas agrava el problema, ya que impide tanto la migración natural de los peces como el flujo de agua necesario para equilibrar las condiciones del estero.
Ante este panorama, hicieron un llamado a las autoridades federales para permitir una apertura controlada de las compuertas y realizar trabajos de limpieza en la zona, a fin de evitar que la mortandad continúe y se profundicen los daños ambientales y económicos.",GOOGLE_NEWS_RSS
Guardia Estatal comenzará a multar en carreteras de Tamaulipas; esta será la FECHA de inicio - Milenio,2026-04-16 07:00,2026-04-16T07:00:00+00:00,Milenio,,https://www.milenio.com/estados/multas-en-carreteras-de-tamaulipas-por-guardia-estatal-fecha,https://news.google.com/rss/articles/CBMilwFBVV95cUxNV3J0MDYzeXlnZXVHZ2N0b3U0cXVic0lEZmMyOFMyS291cGlDVGZsdUc5RWxtOFcwWGZ1VWJTMV9CV3NsXy1LaWlLNU1SRDB2SUhjbkdMZ1h2RUFBdUFUbEVfNldQT3RmLUNseURjSVpETGRrZ2R0LTV3emdVTU0za01YRVFYMVEwTzd6WDVLc0Q1UjZJR3VZ0gGXAUFVX3lxTE02eXZ0c25Ydl80cW51cmw3cDA3V190LWxkY0kzc3RJaWRrblh1NEJSVG9hUDVmNmNSVUw4d1J2Zl9FN3BFaEVoNUJCMzN4MDRvQU9QaWt1cWQ2ZHFnSUFqVldlSER4by03b0Z0VG9ucFBmY3Z2ajgwYTg2cml6TEFMQk1WMG1PeXJfZDBlLWpqWF9lTWQzcmc?oc=5,,"La Guardia Estatal asumirá formalmente la facultad de tránsito en las carreteras de la entidad, iniciando con la aplicación de multas y sanciones a conductores fuera de las zonas urbanas mediante un esquema de infracciones en formato manual.
De acuerdo con el secretario de Seguridad Pública, Carlos Arturo Pancardo Escudero, este proceso se encuentra actualmente en su etapa de validación de boletas oficiales, así como del mecanismo de cobro, con el objetivo de garantizar que cada sanción cuente con el sustento legal necesario.
Ayuntamientos mantendrán control en zonas urbanas
El funcionario precisó que, aunque los ayuntamientos mantendrán el control de sus respectivas direcciones de tránsito local, el Estado ha invertido en la especialización de sus elementos a través de la Universidad de Seguridad y de Justicia, con la finalidad de unificar criterios y asegurar un trato profesional en la aplicación de las leyes viales.
Buscan cambiar a infracciones digitales
Asimismo, señaló que el modelo actual representa solo el primer paso de un plan más amplio, ya que el sistema evolucionará hacia una plataforma digital que permitirá emitir infracciones electrónicas en tiempo real y agilizar los procesos de pago para los ciudadanos.
Congreso autorizó permiso en 2024
Será apartir del mes de mayo cuando entre en vigor. Esta nueva facultad fue autorizada por el Congreso del Estado en mayo de 2024, otorgando el marco jurídico para que la Guardia Estatal actúe como autoridad vial en las rutas estatales, con el objetivo de reducir el índice de accidentes y fortalecer la presencia operativa en las vías de comunicación en Tamaulipas.
Con esto se prevé que a partir de mayo comiencen a aplicarse multas en carreteras estatales bajo este nuevo esquema encabezado por la Guardia Estatal.
JETL",GOOGLE_NEWS_RSS
México lleva 17 meses sin inversión y persiste la contratación económica: IMEF - Milenio,2026-04-16 07:00,2026-04-16T07:00:00+00:00,Milenio,,https://www.milenio.com/negocios/mexico-17-meses-inversion-contrae-economia-imef,https://news.google.com/rss/articles/CBMihwFBVV95cUxOZks1V1ZEd05QaHlsRTVIV2s3elFnQTV3LWhMNXVyb3pfT1l3ZjhnR2RmVXU4UmJmZDgxUmtRdXh0TklXV3VhTEpiUXVBVGRuajJkbVhTdVFXU0VPUkt6cVY4MGd2dUJWNFRyMFZjWWUxamJ1YlFlUG01M2Y0VExVaWNEeElOMmvSAYcBQVVfeXFMUGhaSHFEN1I5UzBYN0pNdDFsQ0pNVDV5RjVlM2dEeGxGWTJjVi1ZY0NNTDNqcVJHUC0yeGNtREVNUXpGZ1BtNGxzanR0ZW1tak5rZXNYcVBrUjVqZHczZE84VVMtQ3FOejNCbmF3SGp4X1AyZVFOZC03MkZDMy1QZUs2M3E4ZmZr?oc=5,,"La incertidumbre económica nacional arrastra para México 17 meses sin el aterrizaje de inversiones. Los empresarios aún encuentran situaciones desfavorables desde las presiones geopolíticas hasta la falta de certeza desde el ámbito nacional para ejecutar nuevos proyectos, aunado al futuro del T-MEC.
Ante esta situación, el Instituto Mexicano de Ejecutivos de Finanzas (IMEF) expone como un aspecto clave la revisión del acuerdo entre nuestro país con Estados Unidos y Canadá. La presidenta nacional Gabriela Gutiérrez Mora considera lo anterior como la potencial punta de lanza para romper esta tendencia negativa.
Al visitar Tampico y tomar protesta a Emilio Ávila Muñoz como nuevo presidente del Grupo Tamaulipas, añadió que dentro del organismo se estudia la situación catalogada actualmente en una contracción, afecta a todas las entidades, sin importar la vocación económica, teniendo un impacto más evidente en el ramo de la manufactura.
“Existen muchos aspectos que influyen en esta contracción y que los empresarios no tengan ánimos para la inversión. Buscan una certeza de que su capital sea rentable en el largo plazo, sin embargo, tenemos 17 meses sin que se reflejen los nuevos proyectos. En todos los estados la situación es similar, sin importar la vocación”, expuso.
Dentro de su indicador mensual hasta marzo, la expectativa es un crecimiento de 1.8 por ciento en el PIB nacional, en tanto la inflación se pronostica en 4.2 por ciento de aumento al cierre del ejercicio, con una generación de nuevos empleos por debajo de los 280 mil puestos.
Más allá de las presiones causadas por la administración Trump, además de las situaciones internacionales con conflictos bélicos en otros continentes, en el territorio nacional el sector privado no encuentra las condiciones adecuadas para emprender la expansión de sus franquicias o bien realizar nuevos planes.
Por lo anterior, “la revisión al tratado y los nuevos acuerdos son clave sobre para para la industria manufacturera y todas sus ramas. Un ejemplo son las plantas automotrices que se componen de diferentes ramas, requieren ese buen entendimiento para crecer”, dijo Gutiérrez Mora.",GOOGLE_NEWS_RSS
¡A correr por una causa! Anuncian la 7° Carrera Lagunas de Miralta a beneficio de la Capilla Sagrada Familia - El Sol de México,2026-04-16 07:00,2026-04-16T07:00:00+00:00,El Sol de México,,https://oem.com.mx/elsoldetampico/deportes/a-correr-por-una-causa-anuncian-la-7-carrera-lagunas-de-miralta-a-beneficio-de-la-capilla-sagrada-familia-29507097,https://news.google.com/rss/articles/CBMi7gFBVV95cUxOUEwwQ0tFZEdGcG9HMlM3V1gxQjJJQkxkMlhZUF9UOWpHZTB0d01MU3l0VjY2c2FITFA4cG5NOUxIZTc1dmFtcVBmeDRQQkRZWnlPQndOS2RvWGdRZWhyMmZIbl9xT3pKQ2ZxNVZoQVdKYW81eExvdWNqVktlTjlfcEI0VXplQTNScGdwRU40cmY0YzRxWWF5NnJtLTdlcnhhTlJrUkY3eUkzVGsxN2VUYWl1TGhpQzY0aHoxVU50bHJEMEc2QmFTdlE5aHFjTUxYVjMteWZrWEFJdV9OWVdXcFQ4dDBmRHJnSUl1dUlB?oc=5,,"Deportesjueves, 16 de abril de 2026
¡A correr por una causa! Anuncian la 7° Carrera Lagunas de Miralta a beneficio de la Capilla Sagrada Familia
Aunque el fraccionamiento es hermoso, la ruta de Lagunas de Miralta suele tener ligeras pendientes y curvas que ponen a prueba tu resistencia
Héctor Rivera",GOOGLE_NEWS_RSS
Reportan baja venta de boletos para concierto de Los Tigres del Norte en Estadio GNP Seguros - Milenio,2026-04-16 07:00,2026-04-16T07:00:00+00:00,Milenio,,https://www.milenio.com/espectaculos/musica/tigres-norte-baja-venta-boletos-estadio-gnp-seguros,https://news.google.com/rss/articles/CBMimwFBVV95cUxQUnFEdWhYOHlhaVpSTGNyanMwd0dpc3IyS2lna01yNjZyU1JsRVBJR0RaaVpyajJ0a3lKWXI0Z2c4UW90Rm1uVXNoSFFrc0haX1pydGR3VURHVTY5aEEyVXc2VlhiZEQzT0NMYldxRDdEMG9QYnoxak05RXo0aUY4aFo3ZGlsbndJcngzell6eUx3OHJnUXVKZkdxTdIBmwFBVV95cUxPc2laU2g3MDJTdFlJcGRhVG9odGdtdzcxV1VpYXg0WE93dWh5Q0tBQjV2Y2RkU0oydF9fOHlsOGxPUk9mUnRqeGxBRUtPODNwdFdrM19sSjlUTUpUZVFpYXhtX0lwRW96ZlBIbUJOOFMwSmlnb0Z2RUNWLVNKb1B3NXMybFpnVjhwaU1tWWdEdkpNTkc1M281b3RVZw?oc=5,,"¿El concierto de Los Tigres del Norte en el Estadio GNP Seguros está en riesgo? Las alarmas se encienden para los fans de ‘Los Jefes de Jefes’. A tres meses de haber confirmado esta presentación, aún se reportan una gran cantidad de localidades disponibles en el mago foro de la Ciudad de México.
Fue a principios de año cuando la agrupación de regional mexicano confirmó su presentación en el Estadio GNP Seguros, la cual a día de hoy no ha conseguido agotar ninguna de las secciones disponibles en la venta de boletos, según el mapa público de Ticketmaster.
""¡Los Jefes de Jefes llegan a conquistar el Estadio GNP Seguros con La Lotería Tour!"", así fue anunciada la presentación de los intérpretes de Ni parientes somos, La puerta negra, Golpes en el corazón, entre otros temas.
A día de hoy, la agrupación parece estar lejos de la meta de conseguir hacer 'sold out' en el Estadio GNP Seguros.
Así va la venta de boletos para Los Tigres del Norte en la CdMx
El sitio web de Ticketmaster permite ver cómo va la venta de boletos de todos sus eventos, incluido el de los Tigres del Norte. Cabe destacar que la boletera no da el dato exacto de las entradas vendidas hasta el momento, pero muestra un mapa con las localidades disponibles y ocupadas.
Algunas zonas de Platino y Verde son las que mayor cantidad de boletos parecen haber vendido hasta el momento; sin embargo, parecen seguir lejos de agotar todas las entradas.
Este no es un caso aislado, pues la agrupación viene de una racha de cancelaciones de conciertos debido a esta situación. Tanto en Tampico, Tamaulipas, como en Mexicali, Baja California, Los Tigres del Norte han tenido que cancelar sus presentaciones por la baja venta de boletos.
¿Cuánto cuestan los boletos para su concierto?
Los boletos para este concierto van desde los mil 20 pesos hasta los 4 mil 116, dependiendo la zona y cercanía del escenario; aquí te dejamos la lista completa de costos:
- Platino A: $4,116.75
- Platino B: $3,620.75
- Platino C: $3,372.75
- Platino D: $3,007.00
- Platino E: $2,511.00
- GNP: $2,015.00
- Verde B: $1,767.00
- Naranja B: $1,395.00
- Verde C: $1,147.00
- Naranja C: $1,023.00
- General B: $1,020.50
jk",GOOGLE_NEWS_RSS
La Grilla - Milenio,2026-04-16 07:00,2026-04-16T07:00:00+00:00,Milenio,,https://www.milenio.com/opinion/editoriales/se-dice-en-la-grilla-tamaulipas/la-grilla_1131,https://news.google.com/rss/articles/CBMilAFBVV95cUxOWlBnNEhQdnVaSENsMkZfdE52R2ItTG9YM2tBUEJ4dkF0WlhadVNzUDBvYUVabTI1TVozclJxMElwMG14S1ZhMl9pU3ZlQzlvM09RVU5qUUl3OWVyM1JNdnNNdUVCZW1adEZFaDFBc0VuVWVyMW0xRnBKQ08ycUc2Rk5lUkNGek9GT3ZiNFZBaGhjMHhq0gGUAUFVX3lxTE5wWnhteFcxWTZpTG96WDZ3ZlhkRlJEX2dfbkhacXFKWXNPeVFyZUVKNWNuOHdxeFBNUFRwS3F3dmZIWEt1UXRIWExBTzU0bFZIOFpOUU1heXVreE1BWGx4dUJwbXpPdF9QQmxuNVhZcXN2LXZqdlJoMnZKZjh1LVVVSUFFWHVfSDBLTGRHdWJ3aC1ORHU?oc=5,,"Que en continuación con una gira de trabajo por la Ciudad de México, el gobernador Américo Villarreal Anaya se reunió con el coordinador de Programas para el Bienestar, Carlos Torres Rosas; un encuentro de relevancia para Tamaulipas, toda vez que en la entidad se aplica una inversión superior a los 24 mil millones de pesos que benefician a personas de todas las edades mediante los programas federales.
Que teniendo como escenario el Aula Magna del Campus Sur, origen de la Universidad Autónoma de Tamaulipas, se anunció que el 100 por ciento de los programas académicos de la UAT cuentan con acreditación de excelencia; un logro no solo administrativo, sino que también indica que la Máxima Casa de Estudios recuperó el paso y la armonía bajo la rectoría de Dámaso Anaya Alvarado.
Que en cinco sectores de Ciudad Madero se pusieron en marcha acciones de gobierno que marcan el arranque del programa de Obra Pública 2026, mismo que supera la inversión de 220 millones de pesos, un crecimiento de más del 100 por ciento comparado con su predecesor. El alcalde Erasmo González estuvo acompañado de la presidenta del DIF, Dunia Marón Acuña y de los diputados locales Adrián Cruz y Cynthia Jaime.
Que en Tampico ya comenzó la entrega de las obras en los Tamules, espacios que además de ser puntos de recreación, ahora ofrecerán beneficios sociales como lavandería, venta de agua a bajo costo y el cuidado de menores para madres solteras; una de las acciones que más se destacan en la administración de Mónica Villarreal.
Que este jueves habrá sesión de Cabildo en Tampico y hay una propuesta muy peculiar: la cual busca aprobar la utilización de colores que no tengan que ver con partidos políticos en la imagen urbana de la ciudad. El tema es complejo, porque los organismos políticos abarcan casi toda la paleta básica; habrá que ver si pasa dicha propuesta o, de plano, le dicen que no.
Que hay raíces profundas del cantante José José en Tampico, especialmente con la Catedral, sitio donde su abuelo consiguió trabajo como organista. Es por tal motivo que el descendiente del “Príncipe de la Canción”, José Joel, decidió dar un concierto a beneficio de dicho templo, ícono de la Diócesis porteña, el cual se realizará este jueves a las 20:00 horas.",GOOGLE_NEWS_RSS
Acontecer Político / Importantes propuestas de Chucho Nader - El Sol de México,2026-04-16 07:00,2026-04-16T07:00:00+00:00,El Sol de México,,https://oem.com.mx/elsoldetampico/analisis/acontecer-politico-importantes-propuestas-de-chucho-nader-29510412,https://news.google.com/rss/articles/CBMirgFBVV95cUxOdlZCaHNzLS1vdkxveU15Vkt0cFB1Z2JlTzh4LTRBVTNiMmF1d2ZPbDJoampBNW5sWFpvcW16UmJoU0o0WmdlTFFQUFNrLUEwYnlnTW02ZWt6ZFI1eThHTWk4SEQzMFE0RFpfeUlhVjRabUpBNjV3REVsdmZNVTBYYzMxV3VDRVR1NWx4NHo2c2RpNF9zUWZHUVJ6QVFxWElid3ZPUk1VckFoeUpNcVE?oc=5,,"Análisisjueves, 16 de abril de 2026
Acontecer Político / Importantes propuestas de Chucho Nader
Las opiniones vertidas en este artículo son responsabilidad de quien las emite y no de esta casa editorial. Aquí se respeta la libertad de expresión
ÚLTIMAS COLUMNAS
Más Noticias
COLUMNAS
CARTONES
LOÚLTIMO
Newsletter
¿Te quedas fuera de la conversación? Mandamos a tu correo el mejor resumen informativo.",GOOGLE_NEWS_RSS
Juegos gratis en la Feria de Tampico: arma el plan y checa horarios - El Sol de México,2026-04-16 07:00,2026-04-16T07:00:00+00:00,El Sol de México,,https://oem.com.mx/elsoldetampico/local/juegos-gratis-en-la-feria-de-tampico-arma-el-plan-y-checa-horarios-29524607,https://news.google.com/rss/articles/CBMitgFBVV95cUxNLWtYOXQweFhrWVV5UVVDaExOcEV5MmJlb2VpcGdkUklsbUNJMVVlRUNnb3JqeURxbUFwZnFzLVpuWmIydFBydUg1Y2p6UGM4RkVmNVdIbU9EdUpHUjR5MzJ0RlF4VU5rZGpNcGIzWnVTZ1YxN3pOYzhwYVB6WWRaNjBOMk1maTlPU0xTWDR1MjQ4QjZzLTRkSHVZN09OUkpXZ01RbDMzQWlhTEVlN3NlV3NLRlRxQQ?oc=5,,"Localjueves, 16 de abril de 2026
Juegos gratis en la Feria de Tampico: arma el plan y checa horarios
Autoridades recomiendan llegar con anticipación para aprovechar el beneficio en las horas establecidas, ya que acceso también será gratuito
Mariela Macay",GOOGLE_NEWS_RSS
“Hecho en Tampico”: el nuevo impulso para que los productos locales conquisten el mercado industrial - El Sol de México,2026-04-16 07:00,2026-04-16T07:00:00+00:00,El Sol de México,,https://oem.com.mx/elsoldetampico/local/hecho-en-tampico-el-nuevo-impulso-para-que-los-productos-locales-conquisten-el-mercado-industrial-29509257,https://news.google.com/rss/articles/CBMi3wFBVV95cUxOZkVUOElMeHlUbXpuc2cxWnNkeUFaNE4xRzMzanl6bWFmT0c4alJqY05Bb2JNaUhjYnBuSlk4d3MzSHl6QzBJbG9kdzhYekRYTkcyN0g2M0FORTVNMlBuZkpmalNoenZNeFY1ejJzOU9zYVNnV192VXVYSXU2b3RZeXpjM0kybFZ6aGpsXzJTb29fWFdFcmdRcHRQclVlTEJnUjFnZ1NJbDRaa2Nvc1Baajg2Z0RiMVVYZXBqclY5TEZNMzdjYzl3dlRDSGVuWERrWW1OZ1YzNVZMbWxENGlF?oc=5,,"Localjueves, 16 de abril de 2026
“Hecho en Tampico”: el nuevo impulso para que los productos locales conquisten el mercado industrial
Para que un negocio no solo abra, sino que permanezca, en Tamaulipas impulsan sellos de confianza que dan prestigio a los productos
Yadira Hernández",GOOGLE_NEWS_RSS
"UAT, entre las únicas cinco universidades de México que logra la acreditación total en sus programas educativos - El Sol de México",2026-04-16 07:00,2026-04-16T07:00:00+00:00,El Sol de México,,https://oem.com.mx/elsoldetampico/local/uat-entre-las-unicas-cinco-universidades-de-mexico-que-logra-la-acreditacion-total-en-sus-programas-educativos-29510121,https://news.google.com/rss/articles/CBMi8AFBVV95cUxOMDR4TTMydFpRYjRBbUR5aUpsYXgwa3lmaHpDTnRRX0pHbjlwQmFnNmdvNGl6d3p0dDNXN3FyTERTVjZiR2lYT2dSUFdvUGVybzBIX3hpb3UwQ0U4NmlOQWZ4UURndC00QnJCc1ZSTURJRUxMRHIydWlYa1B4YXRKRUI0eU9Kem5fOVlXdnhqWlItR1VrcG83bFJ4UlJyV0tISUtzOC1lNTlWOHdUd3FrbGdDMjV3aVQwekhlX0lvN3BZTldjUGRGekVfWHhCZlRVdjVaZ21DSzd0a1pOZHcwQ0pra2VHakFveWpsZzlhZFk?oc=5,,"Localjueves, 16 de abril de 2026
UAT, entre las únicas cinco universidades de México que logra la acreditación total en sus programas educativos
Bajo el liderazgo del rector Dámaso Anaya Alvarado, la Universidad Autónoma de Tamaulipas (UAT) alcanzó el 100% de programas acreditados
Mario Cruces",GOOGLE_NEWS_RSS
“El río Pánuco no es basurero”: denuncian abandono de desechos en riberas de Pueblo Viejo - El Sol de México,2026-04-16 07:00,2026-04-16T07:00:00+00:00,El Sol de México,,https://oem.com.mx/elsoldetampico/local/el-rio-panuco-no-es-basurero-denuncian-abandono-de-desechos-en-riberas-de-pueblo-viejo-29237818,https://news.google.com/rss/articles/CBMi0AFBVV95cUxNS19XZ3hwN1ljQ1g0TUc0WjhPTk1nTWFCQXBKS1dGZ0NpXy0zaVhmcGgyeC1vVTVYbGhSS2w4ak1zd1dxUExJNUFvdDFGdU1wSkZCV3lDX2h5R0kxMnRKaUNRQlFpTnFCZzJPR01leHVsNFNqUzJmZGhidDlmSC1pNTZBZjhXdjlicExSelJiNFhmS2RYRnVZVjg5TUlfa3ctQmRhdHQ4YzZ5NG1yN1UzX2RUNTl6d2JNby1POVBuMVctVVFGdTVzNHdnQ3A1UjFa?oc=5,,"Localjueves, 16 de abril de 2026
“El río Pánuco no es basurero”: denuncian abandono de desechos en riberas de Pueblo Viejo
Especialistas advierten que tirar basura en la orilla del Pánuco es, en realidad, similar a tirar basura en Playa Miramar o en el Golfo de México
Alfredo Márquez",GOOGLE_NEWS_RSS
Periodismo en Tamaulipas - Milenio,2026-04-16 07:00,2026-04-16T07:00:00+00:00,Milenio,,https://www.milenio.com/opinion/victor-hugo-duran/sin-codigo/periodismo-en-tamaulipas,https://news.google.com/rss/articles/CBMijgFBVV95cUxNOUtncDFFekVPdlh6VHBBWjZtMWl1NWZLT2lUeVI5Zk1Nb3dfbkFfWVpWd2p6UDdCc1EycnFnd0dYNnZEdk9icHhmMEdjSV9RVUlyVFFkLXZVNTFNZDU4Q09jS3pzTDhaWkZ3SWNIMGd5T1VEbllMb205UmZyc1NLbUFlNHlrMmlfWlRxTG930gGOAUFVX3lxTFBhdlhQQVRqZzNfNU5xcGZ1d2VQejZGT0tyRFlpc3Q0eGkzdU94Nmw0dDZSTHJBNzRpTDNCcm1YYTdnMGtnZGdHNWp6VlEyZlFXanNTVjk3WXVpcmlfLXBzamJGdXpQTFBJaXpsRTVESU9JM3gzRmVfS2lueENXNFVXY1ZaVGlQdE9vaTAtRnc?oc=5,,"El tema más comentado en Tamaulipas en los últimos días fue la propuesta de un grupo de periodistas de Ciudad Madero (Coper), impulsada por la diputada local Cynthia Jaime en el Congreso del Estado, referente a crear un “colegio regulador” del periodismo en la entidad, provocando opiniones de rechazo.
Para la mayoría, se coarta la libertad de expresión bajo el argumento de conformar un ente que, incluso, sancione malas prácticas que este oficio o profesión genera, cayendo también en una especie de discriminación al exigir la comprobación de la licenciatura en Ciencias de la Comunicación.
En la parte promovente, destaca la capacitación y el acceso a incentivos permita mejorar la calidad de vida de los reporteros, cuya vocación se encuentra en la labor diaria en las calles, en las oficinas gubernamentales o atendiendo las quejas de la ciudadanía por la carencia de servicios básicos, a veces con negativas, excusas para no dar información o evitar los asuntos incómodos.
El caso es escabroso, sin embargo, en redes sociales observamos la aparición de páginas digitales que se presentan bajo el “estatus” de prensa, con un uso irracional y burdo de la Inteligencia Artificial, sin un rigor periodístico, haciéndole creer a la gente que su información es verídica. Páginas como “Política Ficción”, “Noticias Cd. Madero”, “Lo leíste aquí primero” y otras, denigran el verdadero actuar.
No es la primera confrontación que vemos entre los medios y los servidores públicos. Esteban Paredes de “Vertical” mantiene su denuncia por la presunta agresión personal del DIF Tampico hace un año; un negocio de hamburguesas también se lanzó contra el portal “Público” y su director Brandon Cruz.
“Díganle a La Grilla (una fanpage en Facebook que ninguna relación tiene con la columna de Grupo MILENIO) que sí ando trabajando”, escribió en varias ocasiones el regidor panista de Ciudad Madero, Sergio Céspedes.
Y para cerrar: la proliferación de portales digitales nació por los grupos políticos, desde las Direcciones de Comunicación Social del pasado y el presente, es decir, la parte oficial y los opositores. “La culpa no es del indio, sino quien lo disfraza de periodista”, leí en un post.
“La iniciativa pretende entregar lo que merece la profesión, fortaleciendo la libertad de expresión. Estoy para escuchar todas las opiniones”, declaró la legisladora en un vídeo.
¿Y si en lugar de una ley, mejoramos la calidad de la información, corroboremos y hagamos que la profesión tenga su responsabilidad social sin un sesgo personal o político, incluso, rescatemos los géneros como las historias, crónicas o reportajes? El mensaje es para todos.",GOOGLE_NEWS_RSS
Muere mujer de 79 años tras caer de segundo piso en Tampico - Milenio,2026-04-16 07:00,2026-04-16T07:00:00+00:00,Milenio,,https://www.milenio.com/estados/muere-mujer-79-anos-caer-piso-tampico,https://news.google.com/rss/articles/CBMieEFVX3lxTE9wSnJiQ0t4cVlQOU1ZZjRDTUk4V2xrcHVGdURrUmFvTmdwdG1wNWR3VzcwSjlPX0JUV1cxWTQxT2hlWjdMd0U2Z3VXeldaODdsaHhJblRVRU9HeUV4dGlaS3YyVjB0OUpKTjRhQ1pqRDBIUGIxWDZfRdIBeEFVX3lxTFAtZmFqYmN0d082UWwzaUNKTFRuR3BHWGQySG9QR0puZWExWWZDQVc2VHFOODJoZTFGa1E4RXIzR19DcFVDNERoLTFRUnJQdWRIVklnMjZuR2tJR09ueGhoVGRSM09IbFNPaUpUYmRiZk1iUkdIcWVfaA?oc=5,,"Una mujer de 79 años de edad murió casi de manera instantánea al caer de un segundo piso en un conjunto habitacional en la colonia Jesús Elías Piña del municipio de Tampico.
Fue sobre la calle Límite Sur hasta donde llegaron elementos Voluntarios Zona Sur de Tamaulipas y la Guardia Estatal como primeros respondientes, luego de recibir el reporte de esta fémina quien se encontraba tirada semidesnuda.
Familia señala padecimiento de esquizofrenia
Al entrevistarse con la familia refieren que ella padecía de esquizofrenia y posiblemente esto orilló a que se arrojara desde su cuarto.
Fiscalía investiga los hechos
Hasta este punto también llegaron elementos de la Fiscalía General de Justicia quienes iniciaron las investigaciones para conocer con exactitud qué fue lo que ocurrió en las primeras horas de la madrugada de este jueves.
SJHN",GOOGLE_NEWS_RSS
"Clasificación - El Sol de Tampico | Noticias Locales, Policiacas, sobre México, Tamaulipas y el Mundo - El Sol de México",2026-04-15 21:53,2026-04-15T21:53:44+00:00,El Sol de México,,https://oem.com.mx/elsoldetampico/tags/clasificacion/municipios/app.json?page=457,https://news.google.com/rss/articles/CBMiiAFBVV95cUxQRjluemRLVDc0eHdBUjAxOWpITFZCT3ZycjVvOXpJWGdjcmhJN1dwM3JtbFlUNGd1a0syNUoxV3RXVDhKNGprXzV6S0doNGZ3dW5XaGFCYzY1d0lOSThrZTBGMmNyTzNsT1BSYTdBeGVuenNUOEhxT0p1VjhON05iRElsZG5FOWxP?oc=5,,"1LOCAL“El casco no es accesorio, es vital”: Tránsito y Ejército Mexicano montan operativo para motociclistas en el norte de Veracruz
2DEPORTES¡Van por el bicampeonato! Jaiba Brava elimina a Cancún FC y jugará otra final en la Liga de Expansión
MUNDOMuere Robert Mueller, exdirector del FBI que investigó supuestos lazos de la campaña de Trump con Rusia
CIENCIA Y SALUD¿Tienes auto eléctrico? Carreteras de Tamaulipas podrían tener cargadores en el futuro cercano",GOOGLE_NEWS_RSS
"Temas - El Sol de Tampico | Noticias Locales, Policiacas, sobre México, Tamaulipas y el Mundo - El Sol de México",2026-04-15 18:11,2026-04-15T18:11:02+00:00,El Sol de México,,https://oem.com.mx/elsoldetampico/tags/temas/historia?page=57,https://news.google.com/rss/articles/CBMibkFVX3lxTE1mdmpnUGNGclEzV1lrRFdaZjVWSDJ0UlM2OGdnaTRTOG1ReE9uUURpQnBIZ1VUdzBsbmhrLW8yWTZRLVJCcUJvb0swend2ZmNwMDVma2ZETnlXcVJwRmdsRkZtNzREREx6ajc3WjV3?oc=5,,"1LOCAL“El casco no es accesorio, es vital”: Tránsito y Ejército Mexicano montan operativo para motociclistas en el norte de Veracruz
2DEPORTES¡Van por el bicampeonato! Jaiba Brava elimina a Cancún FC y jugará otra final en la Liga de Expansión
DEPORTES¡Gana el oro para Tamaulipas! Valentina Torres se corona campeona nacional sub-16 en tiro con arco",GOOGLE_NEWS_RSS
Tampico - El Sol de México,2026-04-15 14:29,2026-04-15T14:29:42+00:00,El Sol de México,,https://oem.com.mx/elsoldetampico/tags/temas/tampico?page=1030,https://news.google.com/rss/articles/CBMib0FVX3lxTFAxa1FlSXdTX1Zqb1hqNmFLbjVlblU2N0JDcVFxWG0yZWVwM1RneGpyaDVRRjBaeWNYTWwzVDBuSkVIR0ZfSzlvV1hrRU1PdkJsbXhJSDJWa1V2ZTVBVEdKZ3ZQT3Z4YzVkSG4yR0Npcw?oc=5,,"1LOCAL“El casco no es accesorio, es vital”: Tránsito y Ejército Mexicano montan operativo para motociclistas en el norte de Veracruz
2DEPORTES¡Van por el bicampeonato! Jaiba Brava elimina a Cancún FC y jugará otra final en la Liga de Expansión",GOOGLE_NEWS_RSS
Escuelas públicas de Tamaulipas tendrán maestros “sombra” gratuitos para niños con autismo: ya lo aprobó el Congreso - El Sol de México,2026-04-15 07:00,2026-04-15T07:00:00+00:00,El Sol de México,,https://oem.com.mx/elsoldetampico/local/escuelas-publicas-de-tamaulipas-tendran-maestros-sombra-gratuitos-para-ninos-con-autismo-ya-lo-aprobo-el-congreso-29505889,https://news.google.com/rss/articles/CBMi9AFBVV95cUxNUElxRGJtc0YycXVzNFNPZnk1ekt4Zy1uVVBPUWFyV0lHRFBBdTBweU5Rd0VyVlVJU29mYTdYNGpoRjliMWJZZDBBYnZ4MnhEY3BMRzlmQkRITEF6SWhfSThNbFNrdTE2Qlo1cHRUYWxVTzQyWWxXMWlzVDZrMnMtdGNwbjU0YnN2aVBGQWJudzFGWE15SUNZZmdHR2pZNDNvYmxqQi16ZEpzZVQwbXhFV0daTkdQNzJHbWtVbGNzV1E4VHNzeDU2V2h0UkxhWG1YNFhaU21NSVRMYlowTmI5d2g5aVhpcE8xaVR4cDhDdE9uaktR?oc=5,,"Localmiércoles, 15 de abril de 2026
Escuelas públicas de Tamaulipas tendrán maestros “sombra” gratuitos para niños con autismo: ya lo aprobó el Congreso
Esta reforma busca que los más de siete mil pequeños con TEA en Tamaulipas tengan las mismas oportunidades de aprender y crecer
Paulo Monsiváis",GOOGLE_NEWS_RSS
Guardia Nacional y Defensa reclutan en Tampico: sueldos de hasta 24 mil pesos - El Sol de México,2026-04-15 07:00,2026-04-15T07:00:00+00:00,El Sol de México,,https://oem.com.mx/elsoldetampico/local/guardia-nacional-y-defensa-reclutan-en-tampico-sueldos-de-hasta-24-mil-pesos-29486449,https://news.google.com/rss/articles/CBMiwwFBVV95cUxNemNPNHRJRzNHczVQdlByZ21vSFA1Ym9QU25CczVzcjdmUGp1UFBpMVlaakFrcGJsRE9SdmczdWFueGVHUlBoZTl0aktCSTh1cWt0OWVyRzBSLVZZcjJ3NnBfbTUtYU1kY1RfaFJ1bTByMmprdHZQMUxPTVZZampobUtqd19FeGhhWkhsS1NRRDh2UlBZTDR2cUhmeG9uYmU4T24teFJwMzdpN1l2ZnNrU2RWYWk1WFk5WUtubTBjajdzeWM?oc=5,,"Localmiércoles, 15 de abril de 2026
Guardia Nacional y Defensa reclutan en Tampico: sueldos de hasta 24 mil pesos
Además del sector seguridad, la bolsa de trabajo incluye opciones en industria, servicios y áreas técnicas en la zona
María Macías
Además del sector seguridad, la bolsa de trabajo incluye opciones en industria, servicios y áreas técnicas en la zona
María Macías",GOOGLE_NEWS_RSS
Multan e inhabilitan a empresa que el IMSS había contratado por adjudicación directa - Milenio,2026-04-15 07:00,2026-04-15T07:00:00+00:00,Milenio,,https://www.milenio.com/politica/multan-empresa-documentacion-falsa-contrato-imss,https://news.google.com/rss/articles/CBMiiAFBVV95cUxNTWdnQTY0Ym9XRGNFVnNSTmhKVjROR0dEOUV2c3JaSnAyNjF4QmFOVDJzTFNZVXhOWGl2QXNWSF8xMlN5MU0ySm9CX3FTcm9ubHdtbmJOdWVBV0VjVWwzekJ5b0YwVUMzek1EdjVrakxUZ0FpLTZYRXRMVEUwb2g5TGVJSE1ubHlm0gGIAUFVX3lxTE5hOVlab2NfYkw2U184QWxUdXFaRURrRWU2bmdwWVRoaEpjZVdVRk9DN3lydDRBT29sZ0lXdHRBZVZyZi1PWUZ5eGxFdnNqbk5tYXBwZzZ0ZFlWM012YUxscXJwa1VpbEJvVE1XNlEtenZUZVlOR0FBeEwxdlY2cTVubjlSLW5GejU?oc=5,,"La Secretaría Anticorrupción y Buen Gobierno (SABG) sancionó a la empresa Green@w, SA de CV con una multa de 707 mil 506 pesos y la inhabilitó por 13 meses para que no pueda ser contratada por el gobierno federal, luego de que dio información falsa en la adjudicación directa de un contrato con el Instituto Mexicano del Seguro Social (IMSS).
En un boletín de prensa, la SABG detalló que la sanción fue impuesta por el Órgano Interno de Control en el IMSS por haber falsificado un documento en el proceso de adjudicación directa de un contrato para la compra de medicamentos en las requisiciones 152, 153 y 154.
El documento falsificado fue una carta de respaldo supuestamente emitida por un distribuidor autorizado.
El procedimiento de adjudicación directa del que se había beneficiado la empresa fue el identificado con el número AA-050-GYR-050GYR024-I-168-2023.
Con la sanción, la compañía no podrá participar, por sí o mediante intermediarios, en procedimientos de contratación o celebrar contratos con la Administración Pública Federal.
La notificación de la sanción se realizó el 1 de abril de 2026 y su publicación aparece este miércoles en el Diario Oficial de la Federación.
La dependencia añadió que la empresa ya fue inscrita en el Directorio de Proveedores y Contratistas Sancionados, lo que le impide participar en nuevas contrataciones con el gobierno federal.
“Las medidas se emitieron conforme a la ley y considerando los criterios de proporcionalidad y gravedad de la falta”, precisó la Secretaría.
La SABG añadió que la persona moral tiene derecho a impugnar la resolución, y que, en caso de hacerlo, la Secretaría defenderá con firmeza la sanción, por haber sido impuesta con apego a derecho y en protección del interés público.
CHZ",GOOGLE_NEWS_RSS
Derriban barda de kínder y escapan; crece evasión de responsabilidad vial en Tamaulipas - Milenio,2026-04-15 07:00,2026-04-15T07:00:00+00:00,Milenio,,https://www.milenio.com/estados/derriban-barda-kinder-escapan-evaden-responsabilidades-tamaulipas,https://news.google.com/rss/articles/CBMingFBVV95cUxQWkNwUUx6Zk1Mb1hCX0NKa3dBRXlFWV9kUmNBNHJVYnQ5MGVFSFNOQzEtWHJENHVKa3U4M01mR2xOSEQ1TkJZaTdNWlhDSUVoZklRRFkxSmxVZm5HWmNiRlBLN1dTS3EyNzBBSzIydWg5X1ppbTZPNm9DbW1ycENTQVZtV3o4WmlMM05oRHYzeElqbnRTRWZhaEdCMkRhZ9IBngFBVV95cUxQSlRpT1NYZldsZEVSRHByWTU1OWU5UnAwQ1N6Z2JFNGRSRlVNV0VmdEJLUEZiNkJKS3Y3NmNVa1BPSHBJVU1UZGxNcGJFcUczMlBvRVdnWk81RjFFaUE2M1c4aGtkNEV3ajFUdFlwSjhYTXQ5VjROQ01mWmdOOWM4Zjk2MTM4LXFUaXF1NVd2TkxMN3ozSWhabFNIaVRvQQ?oc=5,,"El caso del jardín de niños Club de Leones número 5 de Ciudad Madero no solo deja al descubierto un tramo de su barda perimetral derribada tras el impacto de un vehículo cuyos ocupantes huyeron del lugar, sino que ya es una dinámica cada vez mas recurrente de conductores involucrados en accidentes que evaden su responsabilidad, quedando en evidencia una tendencia que mantiene en incertidumbre a víctimas y autoridades ante la falta de sanciones inmediatas.
El regreso a clases tras el periodo vacacional de Semana Santa no fue el esperado para la comunidad del jardín de niños Club de Leones número 5 de Ciudad Madero. Un tramo de su barda perimetral permanece derrumbado, dejando al descubierto el plantel y generando preocupación entre docentes y padres de familia.
El daño ocurrió durante la madrugada del domingo 12 de abril, cuando un vehículo se impactó contra la estructura ubicada sobre la calle 13 Armando Barba, en la colonia Heriberto Kehoe. El golpe fue lo suficientemente fuerte como para derribar entre 8 y 10 metros de la barda.
Accidente en kínder de Ciudad Madero deja barda derribada y responsables prófugos
Al amanecer, no había responsables. Solo los restos del vehículo abandonado en el lugar, sin placas, y entre los escombros, latas de cerveza que apuntan a un posible consumo de alcohol por parte de quienes viajaban en la unidad.
La directora del plantel, Georgina Catalina Barrón Bateman, fue notificada por vecinos que escucharon el estruendo y dieron aviso a las autoridades. Elementos de seguridad y tránsito acudieron al sitio, realizaron las diligencias correspondientes y el caso fue turnado a la Fiscalía General de Justicia de Tamaulipas, donde ya existe una denuncia formal.
Comunidad exige justicia tras daños a plantel y huida de responsables
Mientras avanza la investigación para dar con los responsables, la preocupación es evidente entre la comunidad escolar. El plantel quedó vulnerable, con un acceso abierto hacia una vialidad transitada, lo que ha obligado a tomar medidas improvisadas de seguridad.
“Por parte de nosotros, los padres de familia durante la mañana han estado aquí al pendiente, hemos hecho rolas con los salones para que nos estén cuidando eh que los niños se traten de no acercar a aquella zona, porque como la calle 13 es muy transitada y es donde justamente está el boquete”, señaló Barrón Bateman para Milenio.
La incertidumbre también alcanza el tema de la reparación. Aunque autoridades municipales han mostrado disposición para apoyar, el plantel se encuentra a la espera de un dictamen técnico que permita definir el costo de los daños y el mecanismo para su rehabilitación, ya sea mediante apoyo oficial o a través del seguro educativo.
“Si nosotros la queremos hacer por parte de la Secretaría de Educación con el seguro educativo que se cuenta, tenemos que pagar el 5.5% del valor. Ahí sí dependería ahora sí de hoy en la tarde o mañana que me tengan el resolutivo sobre eso. Entonces tenemos esas dos formas. Esperemos que el ayuntamiento nos pueda apoyar, ¿verdad? Si no tendríamos que buscarla más manera de sacar los recursos para poder cubrir, digamos, ese monto”, añadió.
Más allá del daño material, el incidente reavivó la exigencia de la comunidad para que las autoridades logren identificar y sancionar a los responsables.
“Yo le pido a la Fiscalía que realmente den con los culpables, que realmente se haga y se cumpla con la reparación del daño”, finalizó.
Caso Ezequiel en Tampico, ejemplo reciente de huida tras accidente vial
El caso de Ezequiel Antonio González, joven que perdió la vida tras ser atropellado en un puesto de tacos en la colonia Morelos de Tampico, se suma a una serie de hechos recientes en los que el conductor responsable presuntamente huyó del lugar tras el impacto, dejando abandonada la unidad y sin enfrentar en el momento la responsabilidad del hecho. La investigación continúa, mientras familiares y autoridades exigen justicia y la localización del responsable.
JETL",GOOGLE_NEWS_RSS
En Tamaulipas el kilo de tortillas podría aumentar cuatro pesos: en la frontera ya se vende en $32 - El Sol de México,2026-04-15 07:00,2026-04-15T07:00:00+00:00,El Sol de México,,https://oem.com.mx/elsoldetampico/finanzas/en-tamaulipas-el-kilo-de-tortillas-podria-aumentar-cuatro-pesos-en-la-frontera-ya-se-vende-en-32-29509614,https://news.google.com/rss/articles/CBMi4gFBVV95cUxOc1BVR19BR21ZblMwZHNjYWZZakRRVmVsREpmX1ZxYUFhNTZTUnFTdWEyc21Kak1FRGczUlh3NmFSM0NwNURMRnluYU9RU0hnVGhnaFZlSWVpMkFySFdrUVBDemF2T2tXeElvOF9Dd2Y4d2RRTk1KZDNUWEpTMEE5WFRzRVVBOUhILWlKMUVjUHM0ZVAwUDRBdWVnUW1ITXlMN0c5RFZpbkc5SlM4ejFveUh0R1hHRUQwcG5rdFBrcEFIZXY1dDlLSkNoZXRSZ1V5WFZHc21pYzE2eW8xUmhlejd3?oc=5,,"Finanzasmiércoles, 15 de abril de 2026
En Tamaulipas el kilo de tortillas podría aumentar cuatro pesos: en la frontera ya se vende en $32
En Reynosa, las 400 tortillerías están en “foco rojo” tras el anuncio de que la harina podría subir otros 500 pesos por tonelada
María Macías y Mariela Macay",GOOGLE_NEWS_RSS
Consultan más de 41 mil veces posibles números de extorsión en Tamaulipas - Milenio,2026-04-15 07:00,2026-04-15T07:00:00+00:00,Milenio,,https://www.milenio.com/comunidad/extorsion-tamaulipas-consultan-41-mil-posibles-numeros,https://news.google.com/rss/articles/CBMikgFBVV95cUxOdkxDMXNhUDM5U0hhVXJfSXhqNE1MOTA3TUNDWlNxNTJVdk01bUdwdGRyWGFFLXNmWDNLVEdDcE5KS1VOTjgzOHd0ZXo2MXAxcVRIOE4xMEk4MUxNaEU1ckZKaEhSWHB5VHZhYUFQTkx0VlZLa3dSQVNBcGdtWElnbEZHSlItZllKOFFyQUw4VnZsd9IBkgFBVV95cUxPT1JZOWFUVU9aUEM4OUd5R2JaTUJvWnFBSWhBTEM1ZFpQc2k4RXdLeHZDMW82emhZaUlyMEctRkF5MEJkTjRsQjY0bndJVU9QRk10cG1fRUdWbERRVDlwSWZ2VGFBRFEteGotMnl1UGFpWWF3ZUtBQVdBVXVKQ2MxS3BOSzBqWE14VTNJRUplblBlQQ?oc=5,,"En 10 meses, la plataforma de consulta de números de extorsión registró más de 41 mil visitas, indicó la Secretaría de Seguridad Pública de Tamaulipas en el libro del cuarto informe de gobierno entregado al Congreso Local.
Se expuso que esta herramienta permite a la ciudadanía verificar de manera inmediata y segura si un número telefónico ha sido reportado por su posible vinculación con intentos de extorsión, contribuyendo a prevenir fraudes, amenazas y otros mecanismos de intimidación.
“Durante el periodo comprendido entre marzo y diciembre de 2025, la plataforma registró 41 mil 223 consultas, lo que evidencia su utilidad y aceptación entre la población”, afirma el recuento oficial.
Se indicó que el acceso a información actualizada y confiable a través de este mecanismo ha contribuido a fomentar una cultura de autoprotección y a fortalecer la participación ciudadana en la prevención de hechos ilícitos.
“La prevención del delito y la protección de la integridad de las personas son ejes prioritarios, particularmente ante el incremento de modalidades delictivas que utilizan medios telefónicos y digitales para afectar a la población”.
Se afirmó que, en atención a esta realidad y a la demanda ciudadana de contar con herramientas prácticas para identificar riesgos y evitar ser víctimas de engaños, el Gobierno del Estado ha fortalecido el acceso a información preventiva mediante soluciones tecnológicas de fácil uso.
“En este sentido, el Secretariado Ejecutivo del Sistema Estatal de Seguridad Pública (Sesesp) impulsó el uso del apartado Consulta de Números de Extorsión, disponible en la plataforma digital institucional”.
Según se explicó, su desarrollo y promoción se encuentra alineado con la Estrategia Nacional contra la Extorsión, implementada por el Gobierno Federal a partir de julio de 2025, la cual contempla el aprovechamiento de tecnologías de la información para fortalecer los mecanismos de prevención y denuncia, garantizando en todo momento el anonimato y la seguridad de las personas usuarias.
Se añadió que, de manera complementaria, el Secretariado Ejecutivo del Sistema Estatal de Seguridad Pública mantiene a disposición de la población una plataforma web oficial que concentra información sobre prevención de extorsiones, estadísticas delictivas, servicios de denuncia anónima y documentos institucionales.
Entre marzo y diciembre de 2025, este sitio registró 349 mil 532 visitas, “consolidándose como un medio de consulta recurrente y confiable para la ciudadanía”, aseguró la dependencia.
Guardia Estatal asumirá control vial en carreteras
El Gobierno del Estado de Tamaulipas confirmó que, a partir del próximo mes de mayo, la Guardia Estatal asumirá formalmente facultades de tránsito en las carreteras de la entidad, iniciando con la aplicación de multas y sanciones a conductores en tramos fuera de las zonas urbanas.
El secretario de Seguridad Pública, Carlos Arturo Pancardo Escudero, informó que el arranque de estas operaciones se realizará inicialmente mediante un esquema de infracciones en formato manual, mientras se concluyen los ajustes técnicos y administrativos en conjunto con la Secretaría de Finanzas y la Subsecretaría de Ingresos.
De acuerdo con el titular de la dependencia, el proceso se encuentra actualmente en su etapa de validación de boletas oficiales y mecanismos de cobro, con el objetivo de garantizar que cada sanción aplicada cuente con el sustento legal necesario para dar transparencia al ejercicio de la autoridad.
Pancardo Escudero aclaró que, si bien los ayuntamientos mantendrán el control de sus respectivas direcciones de Tránsito local, el Estado ha invertido en la especialización de sus elementos a través de la Universidad de Seguridad y Justicia para unificar criterios y asegurar un trato profesional en la aplicación de las leyes viales.
El modelo actual es solo el primer paso de un plan más ambicioso, pues las autoridades señalaron que el sistema evolucionará hacia una plataforma digital que permitirá emitir infracciones electrónicas en tiempo real y agilizar los procesos de pago para los ciudadanos.
Esta nueva facultad fue autorizada por el Congreso del Estado en mayo de 2024, otorgando el marco jurídico para que la Guardia Estatal actúe como autoridad vial en rutas estatales, buscando con ello reducir el índice de accidentes y fortalecer la presencia operativa en las vías de comunicación de Tamaulipas.
yc",GOOGLE_NEWS_RSS
Frente frío 45 llega a Tampico: prevén surada fuerte y descenso térmico - El Sol de México,2026-04-15 07:00,2026-04-15T07:00:00+00:00,El Sol de México,,https://oem.com.mx/elsoldetampico/local/frente-frio-45-llega-a-tampico-preven-surada-fuerte-y-descenso-termico-29501822,https://news.google.com/rss/articles/CBMiuwFBVV95cUxPZXBxWGpLUTFsaFRpMGR4VXU3OUtqTDM0aWFRa2FDRWFmZG9CS0V3UVBWUW1uTHF2dHhWSDlxZFF3eGlyNjhmZnFGeU5OQjlKTUdjV1hIXzByb0hKa0ZVY0lfa2hqbXpCdHdUWHNOUGVGWXk5SWhxOEh2eWRoYnJjTzM2dnZYWG45WGZkZVFxU3Q4OXFJdjVMN2hWbnFQZFRGQnFhdFFkSkZWQ05iT1lBVjl1OGxGWXZBVlMw?oc=5,,"Localmiércoles, 15 de abril de 2026
Frente frío 45 llega a Tampico: prevén surada fuerte y descenso térmico
El ingreso del sistema traerá cambios bruscos con vientos intensos, humedad elevada y probabilidad de lluvias en la región
Paulo Monsiváis
El ingreso del sistema traerá cambios bruscos con vientos intensos, humedad elevada y probabilidad de lluvias en la región
Paulo Monsiváis",GOOGLE_NEWS_RSS
Aumento de inseguridad y combustible elevan hasta 30% costos en movimiento de carga - Milenio,2026-04-15 07:00,2026-04-15T07:00:00+00:00,Milenio,,https://www.milenio.com/negocios/aumento-inseguridad-combustible-elevan-costos-carga,https://news.google.com/rss/articles/CBMijAFBVV95cUxQSFhoVW9VTzRiR0pWRk1HcnRmem14VjhjYzJtV0FidlpQNDNyTi1JRmMtRHRFU1V1YmplOXhsRG9sZjlSZmNvcGREQjhPWHg3ZHRQNnY5ckRlX004SFZOSkJoZ1ptd2JiTi1odWstcDAyZjRrdS1IejFuUE1QeTJDdmwyV3BVS0N6NzNFVdIBjAFBVV95cUxOVTNqQkJHM2NydDRqdkJDdXdBTFJ0OEZXY0tGS2VnbWpJVkNlbGtpejBNMUhKVXMyRmxrbHRKdnFHTDVOT2JQeHFkU3pBck5TX0phRkJ0ZkdHd2R0QkNwTXdTUi1wNzNQRlBlem5YbWhUeWdFbVd3VGFtNmlrN3BndGRYUW94M0VEc0wyLQ?oc=5,,"Ante al incremento de la inseguridad en México, los factores de combustible y salarios, los costos en la transportación de productos en el país han aumentado entre 20 a 30 por ciento, alertó la Asociación Mexicana de Agentes de Carga (Amacarga).
""La preocupación por los hechos de violencia es mayor, porque en lugar de bajar la inseguridad te está subiendo y en lugar de que solo te roben solo mercancías, ahora te están agrediendo a los operadores y te los matan, te los secuestran, te los desaparecen por dos tres días y te piden que les des una una compensación"", condenó la presidenta de Amacarga, Eva Maria Muñoz Pineda.
""A este aspecto hay que sumar que debido a estos hechos de violencia la contratación de seguridad igualmente se ha ido al alza. Todo esto tenemos que trasladarlo al cliente"", comentó la directiva en el Foro de la Asociación Nacional de Empresas de Rastreo y Protección Vehicular (Anerpv).
Muñoz Pineda indicó que este 2026 ha sido un año difícil por todo este aspecto de los robos constantes, la situación de violencia y los secuestros de los choferes.
Explicó que en la actualidad ya no se pueden hacer contratos anuales con los clientes donde se tenga el mismo precio de flete para todos, porque los costos han cambiado y se tienen que aumentar las tarifas.
Por su parte, Jose Carlos Gilbert, vicepresidente la Cámara Nacional de Autotransporte de Carga (Canacar), señaló que en la actualidad se tiene un problema muy grande de inseguridad en el país, dónde les impacta demasiado, debido que hay zonas del país donde no pueden pasar durante la noche.
""Al evitar los traslados nocturnos, lo que hacemos es mover las mercancías en la mañana y eso genera retrasos en las entregas porque nos metemos al tráfico de las ciudades y las carreteras"", lamentó
MVDJ",GOOGLE_NEWS_RSS
Lagunas de Tampico en revisión: buscan prevenir riesgos y daños por cambio climático - El Sol de México,2026-04-15 07:00,2026-04-15T07:00:00+00:00,El Sol de México,,https://oem.com.mx/elsoldetampico/local/lagunas-de-tampico-en-revision-buscan-prevenir-riesgos-y-danos-por-cambio-climatico-29502484,https://news.google.com/rss/articles/CBMizAFBVV95cUxPMkg1Sk56MDl4UlhjR2ZYN293UGR2Wi1xRXZYdFc0QXZkekd1S3RvdGd0VDFLY0l4SmdBZ0pvbjdPT0xGbUtVdldMOENUUElSVk1xTEtWY3B6Qjl5T3ZQbU9EaExtX05BNDNYMjBWWHRVUXI1OG01dmpSLUtINERfeTkwYlpTMmVVdTU5QWxWUGVIZmFSTDFydW14N0NvUmN1WExXSGRUSXFQelpVX21LRkpqSVk4SDl0NzhJeU5WaU93T2lDUVlPRDZFRFU?oc=5,,"Localmiércoles, 15 de abril de 2026
Lagunas de Tampico en revisión: buscan prevenir riesgos y daños por cambio climático
Muestreos en La Vega Escondida y El Corchal aportarán datos relevantes para mejorar la planeación ecológica y prevenir afectaciones
Yadira Hernández",GOOGLE_NEWS_RSS
Grandes bancos de EU inician 2026 con fuertes beneficios pero pendientes de sus márgenes - Milenio,2026-04-15 07:00,2026-04-15T07:00:00+00:00,Milenio,,https://www.milenio.com/negocios/bancos-eu-inician-2026-fuertes-beneficios,https://news.google.com/rss/articles/CBMif0FVX3lxTFA3dGY5UjhNTEc4azBnRFJELWhZZzllcFoxelk1T2h1NlZXVHozZ1lNY083RTlLQmZLX0lWMmlXd0Y5VlRTeV9JQThGZEFONWQ4VUVGZlV0U3RKLWNDN0FDZVdJc3J5aGxJYTE0eVZYQTEwRlo1RURERG01LTRQYjjSAX9BVV95cUxQVHlodGhCOXMtaW1VWWJRZWVGVjU4dHJ1TFl2Mi11azFWSWJRN2w5MW4tdzFwbkJrV3ZhS2U4T01XZFhPMGc3VlIzYjJaWjdBeG1tLURNenlBWEN1MC0zUXNWSmtYXzBwWTRLakowdC1Ya3J5UXdpTmxuZDF2SEZZ?oc=5,,"Los grandes bancos de Estados Unidos, como JPMorgan o Bank of America, iniciaron el 2026 con sus beneficios disparados, pero en algunos casos pendientes de sus márgenes de seguridad y su capacidad de absorber pérdidas, según los datos presentados por las entidades esta semana.
JPMorgan, el grupo más grande del país, obtuvo un beneficio neto de 16 mil 494 millones de dólares en el primer trimestre del año, lo que supone un aumento del 13 por ciento respecto a la misma fecha anterior.
Además, su rentabilidad llegó al 19 por ciento.
Si bien la capacidad del banco para absorber pérdidas mejoró respecto a la del anterior balance, después de que el capital CET1 creciera hasta los 291 mil millones de dólares, el SLR, el coeficiente que asegura solvencia ante situaciones de estrés, mantuvo la tendencia negativa de los últimos balances y se redujo hasta 5.8 por ciento, por debajo del 5.8 por ciento, con el que terminó el año pasado, y 6 por ciento de hace un año.
Por su parte, Bank of America aumentó su beneficio en 16.2 por ciento interanual después de obtener 8 mil 600 millones de dólares en el primer trimestre del año.
En este caso, el margen de seguridad para hacer frente a las pérdidas bajó después de que el CET1 cediera de los 201 mil 400 millones de dólares anotados en diciembre de 2025 a 199 mil 700 millones de dólares.
Por su parte, el SLR, el coeficiente de apalancamiento suplementario que asegura solvencia ante situaciones de estrés, se redujo hasta el 5.5 por ciento, por debajo del 5.7 por ciento con el que terminó el año pasado.
Beneficios de Morgan Stanley y Wells Fargo
La banca de inversión Morgan Stanley anotó en el primer trimestre del año un beneficio neto de 5 mil 567 millones de dólares, 29 por ciento más que un año antes, después de que sus ingresos crecieran 16 por ciento.
Igual que en JP Morgan, la capacidad del banco para absorber pérdidas mejoró respecto a la del anterior balance. Sin embargo, la entidad vio reducida su capacidad de solvencia ante situaciones de estrés.
El capital CET1 creció hasta los 84 mil 500 millones de dólares, frente a 83 mil 200 millones presentados en diciembre y 77 mil millones en estas fechas hace un año; mientras que el SLR, se redujo hasta el 5 por ciento, por debajo del 5.4 por ciento con el que terminó el año pasado, y el 5.6 por ciento de hace un año.
Por su parte, Wells Fargo obtuvo en su primer trimestre de 2026 un beneficio neto de 5 mil 253 millones de dólares, 7.33 por ciento más interanual.
El director ejecutivo del banco, Charlie Scharf, anotó que observaron ""impactos positivos continuos derivados de las inversiones"", con un aumento del 15 por ciento en las ganancias diluidas por acción, un incremento del 6 por ciento en los ingresos, un alza del 11 por ciento en los préstamos y un crecimiento del 7 por ciento en los depósitos en comparación con el año anterior.
Citigroup y BlackRock aumentan beneficios
El grupo financiero Citigroup obtuvo un beneficio de 5 mil 785 millones de dólares en el primer trimestre de 2026, 42.34 por ciento más que en el mismo periodo del año anterior, según anunció este martes la empresa en la presentación de resultados.
Jane Fraser, presidenta y directora ejecutiva de Citi, declaró que el banco comenzó 2026 de forma ""excepcionalmente sólida"", con un aumento del 14 por ciento en los ingresos y un crecimiento del 42 por ciento en el beneficio neto.
Por su parte, el fondo de inversiones BlackRock, el mayor gestor de activos del mundo, obtuvo en el primer trimestre un beneficio neto de 2 mil 212 millones de dólares, 46 por ciento más que un año antes, impulsado por el aumento de los ingresos 27 por ciento.
En este periodo, los ingresos crecieron 27 por ciento, hasta 6 mil 698 millones de dólares, algo que la entidad atribuye al impacto positivo de los mercados, al crecimiento orgánico de la tarifa base y a los mayores ingresos por servicios de tecnología y suscripciones.
En concreto, los ingresos por servicios tecnológicos y suscripciones crecieron 22 por ciento, impulsados por el buen comportamiento de la plataforma Aladdin y el impacto de la operación con Preqin.
MVDJ",GOOGLE_NEWS_RSS
¡Se los llevaron! Jorge Medina y fan exponen ROBO de sus tenis durante concierto en Tampico - Milenio,2026-04-15 07:00,2026-04-15T07:00:00+00:00,Milenio,,https://www.milenio.com/virales/jorge-medina-fan-exponen-robo-tenis-concierto-tampico,https://news.google.com/rss/articles/CBMijgFBVV95cUxPbzAwR1UtekYxa3hVV3RKWlpTZ1RmUWpfX2szU3h5VHVZbTBtaktpYk9qQlhEZEQ4RGlMUkFYVHh5S2Z1U2dSWmtiUEFqbWljazFnak1UekZucS1BRFFTdWFjeWVBWTdNci1TZ0QzTUFnc2VmT2FZSkpYZ3ZYRkNEQTZXYmViOXMtdnZFb0RB0gGOAUFVX3lxTFBzYU1LSzBWNkRPZjlCa3ZySXBCRzRfSFBvaVhXNm40MC1qbjdYNHUxX3I0Zm9VRExvaWxtUGF2bWloanJXY3hLd3JhTzhGcHhFWUtBbzh6S2xqV2ZVZ00zdVUyWS1CSUdsV2Rjbmd5Um5ldVkzbzBoVWJ2alJLZFVJZFRRcl9uNHQtc2NLekE?oc=5,,"Lo que comenzó como una noche de recuerdos inolvidables con los grandes éxitos de Jorge Medina y Josi Cuen, terminó convirtiéndose en tema viral en redes sociales, luego de que una fan expusiera el robo de sus tenis durante el concierto en Tampico ¡Y el cantante señaló que también se le robaron a él!
El evento formó parte de la gira 'Juntos', presentada en el Centro de Espectáculos de las Fiestas de Abril 2026, donde asistieron cientos de personas de la zona sur del estado.
Fan denuncia robo de tenis en concierto de Jorge Medina y Josi Cuen en Tampico
A través de un video difundido en redes sociales, una joven relató que durante el concierto le fueron robados sus tenis, situación que rápidamente generó reacciones entre usuarios. El clip fue compartido en la página oficial en Facebook de Jorge Medina, donde reveló que le sucedió lo mismo.
Lo que más llamó la atención fue la respuesta del propio cantante, quien comentó en tono relajado que él también fue víctima de un robo similar y en su propio camerino.
""A mí me robaron los tenis en el camerino"", expresó, generando sorpresa y comentarios entre sus seguidores.
Tras darse a conocer el hecho, usuarios reaccionaron con humor, haciendo referencia a canciones del artista y dejando comentarios como:
""Es para que no oigan el ruido de sus zapatos"", haciendo referencia a una famosa canción de los ex vocalistas de la Arrolladora Banda El Limón, llamada 'El ruido de tus zapatos'.
Además comentarios de: ""Yo le hubiera robado la ropa con el puesta de mi Jorge Medina"", ""A mí lo que me robaste fue el corazón Jorge Medina"", ""No lo puedo creer yo me hubiera llevado a los dos en vez de los zapatos"".
""Siempre es un placer estar en Tampico"": Jorge Medina
A pesar de lo ocurrido, Jorge Medina compartió mensajes positivos tras su presentación, agradeciendo al público de Tampico, Ciudad Madero y Altamira por su asistencia. El cantante destacó el ambiente vivido durante la feria, asegurando que disfrutó su estancia en el sur de Tamaulipas.
""Tampico, muchas gracias. Un saludo para Tampico, Madero, Altamira y todo Tamaulipas! por estar con nosotros JUNTOS. Siempre es un placer estar en Tampico y estar a gusto en Madero en Velamar. Que desmadre hubo en la feria pero que chingón la pasamos"".",GOOGLE_NEWS_RSS
"¿Llegar en 30 minutos? Sí, ¡pero con vida! Tránsitos capacitan a repartidores de pizza - El Sol de México",2026-04-15 07:00,2026-04-15T07:00:00+00:00,El Sol de México,,https://oem.com.mx/elsoldetampico/local/llegar-en-30-minutos-si-pero-con-vida-transitos-capacitan-a-repartidores-de-pizza-29511348,https://news.google.com/rss/articles/CBMiygFBVV95cUxObG5sVHYzT21Mck54a1RXaGl6bjNpMDhFVTBuVUNpNVhYeVhGRFVxVXNiQ1dRMHpZazNiZWRwS3FrUG1xTTRKVXk1UUF1OF9vYVNyOGZ6cDFvTWt6U3AwcFdoOXlVTC1LWkN3c2VZQXlpNEpPcURiUGV3VUNYUno0cl84UzdIREN2TzVuZXVOVDM5ODBOd0wtZTRDdElfV0dxbFJwMzVkRmw0LVVTcjhJMS04UkV0YlRqOEV4VmhtSDNvanUwelpQNGpB?oc=5,,"Localmiércoles, 15 de abril de 2026
¿Llegar en 30 minutos? Sí, ¡pero con vida! Tránsitos capacitan a repartidores de pizza
La capacitación incluyó el testimonio de “Willy”, quien relató cómo un descuido ajeno en la Laguna del Carpintero casi le cuesta la vida
Adolfo Ruiz Nuñez",GOOGLE_NEWS_RSS
"Autorretratos de hielo / También, también, también - El Sol de México",2026-04-15 07:00,2026-04-15T07:00:00+00:00,El Sol de México,,https://oem.com.mx/elsoldetampico/analisis/autorretratos-de-hielo-tambien-tambien-tambien-29492537,https://news.google.com/rss/articles/CBMinwFBVV95cUxQR1VvaVU3Y3l4bFRleWMtQVFTQjdMSFFrdEpVZ1Eza1g1eVctNm9oVmlGM2tsV3NWTERrZ3BTejdpeXdRN1dsRENac3dscEQwTzVaekI3cXFHV0hWY21sM3U5eW5zM0tlZWpCbGxlOGM4YlhHZU5yYkVubU5RdnNDSlQtV2hYQ29Sa0FvNUstbmdZZ0ZDdEViRE1uOE5SWWc?oc=5,,"Análisismiércoles, 15 de abril de 2026
Autorretratos de hielo / También, también, también
Las opiniones vertidas en este artículo son responsabilidad de quien las emite y no de esta casa editorial. Aquí se respeta la libertad de expresión
ÚLTIMAS COLUMNAS
Más Noticias
COLUMNAS
CARTONES
LOÚLTIMO
Newsletter
¿Te quedas fuera de la conversación? Mandamos a tu correo el mejor resumen informativo.",GOOGLE_NEWS_RSS
Alfa y Omega / Fundación y florecimiento - El Sol de México,2026-04-15 07:00,2026-04-15T07:00:00+00:00,El Sol de México,,https://oem.com.mx/elsoldetampico/analisis/fundacion-y-florecimiento-29493007,https://news.google.com/rss/articles/CBMigwFBVV95cUxNSmFzcDVmYmRjT3FTNjJfYThna1ZvY1hpRFdQZVJsWENBV01Sd3k0R1Q1VnVobjdEdm9XMm5nMU9wSE9KNDBfaERBOXpTajBaNHpoQll2dk1PdVhYZHdWMzRScVVzTUdwNHRDOUszaTVHSGoxWXJ4bEZwODctalByRjRWbw?oc=5,,"Análisismiércoles, 15 de abril de 2026
Alfa y Omega / Fundación y florecimiento
Las opiniones vertidas en este artículo son responsabilidad de quien las emite y no de esta casa editorial. Aquí se respeta la libertad de expresión
ÚLTIMAS COLUMNAS
Más Noticias
COLUMNAS
CARTONES
LOÚLTIMO
Newsletter
¿Te quedas fuera de la conversación? Mandamos a tu correo el mejor resumen informativo.",GOOGLE_NEWS_RSS
"Radiografía de un abuso: los detalles inéditos que presentan los documentales sobre el caso Naasón Joaquín, lí - Milenio",2026-04-15 07:00,2026-04-15T07:00:00+00:00,Milenio,,https://www.milenio.com/espectaculos/cine/caso-naason-joaquin-documentales-exponen-abusos-de-la-luz-del-mundo,https://news.google.com/rss/articles/CBMirgFBVV95cUxPMUtZSEhfUWE5elJQVmlJdHFpMWZNVWdnQmpveFl4NnZuU2pXb3RobHNpRkhjWkRqbmw4Ql9IN24wdVlDT2xLaWJMblowVE5USHVaajVYWjBuaEhLeEFiX2Jrb2FPNFl6ZmQ3MGRqSVRRUExHYURaYTQxa2diRV9ONFdqT0hFMlAxNG1YbzU0S29oZFQ0MUN6Q0JhTVgyV3M1NmdZMHZYYzVjYVB4RnfSAa4BQVVfeXFMTlFKSzhSRlIybmFKM1VWV1BqMHVMWHpGNDlLcmxUOFdnbkFXUXYxS2pxMzBIblJiZEJVNVV0RmhYVmQzNmdWZDNSR0otWk9UV3haUEMwSGpENDJJd3Z6TFRoODhsT2xIYS1NTWtRbmFRTWdlTlVmdDFZWS1zRk1aMWFnNlNiNVhRSlVwQzdDMzBnNF9GWDJhcU5MTjVHTVN1T00zbEJ1YlZJSU52RkhR?oc=5,,"Un caso que ha causado indignación a nivel internacional fue la detención en 2019 de Naasón Joaquín García, líder de la iglesia La Luz del Mundo. Todo ocurrió cuando el Apóstol aterrizó en un jet privado en el Aeropuerto Internacional de Los Ángeles, tras haber sido investigado de forma encubierta durante años debido a diversas denuncias en su contra. Desde ese momento, el proceso legal ha estado bajo la lupa de medios como Telemundo y Univisión, quienes han documentado paso a paso cómo operaba el implicado y sus cómplices, mientras el mundo permanece a la espera de un nuevo juicio federal en Nueva York.
La cobertura mediática no se ha limitado a los noticieros; la complejidad del caso ha dado lugar a diversos documentales que recogen testimonios desgarradores de quienes convivieron de cerca con el actualmente condenado. Estas piezas audiovisuales han sido fundamentales para exponer el patrón de conducta de la organización, sirviendo como un altavoz para las víctimas en un proceso que continúa bajo el escrutinio público debido a la influencia política y social que el líder religioso aún mantiene entre sus fieles.
Sin embargo, la controversia ha tomado un nuevo matiz tras revelarse que la Fiscalía General de la República (FGR) en México decidió ""dar carpetazo"" al caso, cerrando la carpeta de investigación contra Naasón Joaquín por delincuencia organizada y delitos financieros. Las víctimas se han pronunciado con dureza al respecto, señalando la contradicción jurídica: mientras en Estados Unidos se le procesa como el cabecilla de una red criminal, en territorio mexicano se ha decidido no ejercer acción penal, lo que ha reavivado el interés por las investigaciones documentales que aquí recopilamos.
Radiografía de la fe y el abuso: documentales imperdibles
Si buscas entender la profundidad de las denuncias y la estructura interna de esta organización, estos son los títulos que han documentado el caso:
La oscuridad de La Luz del Mundo (Netflix, 2023): Dirigido por Carlos Pérez Osorio, este largometraje presenta entrevistas exclusivas con las víctimas que se atrevieron a denunciar ante las autoridades de California. La cinta expone un patrón de abusos sexuales y psicológicos que, según los testimonios, se perpetraron a lo largo de tres generaciones de la familia Joaquín.
Detrás del Velo: Sobreviviendo a la Iglesia La Luz del Mundo (Max, 2022): Esta miniserie de tres episodios detalla la historia de la congregación y, de manera muy interesante, muestra cómo surgió una comunidad de sobrevivientes en plataformas como Reddit, la cual fue clave para organizar las pruebas y exponer los crímenes a nivel global.
El Apóstol, el caso de la Iglesia de La Luz del Mundo (ViX / Las Estrellas, 2023): Una serie documental que profundiza en la transición del poder tras la muerte de Samuel Joaquín. La producción analiza los excesos reportados durante el liderazgo de Naasón y recientemente ha cobrado relevancia al ser transmitida en televisión abierta, llegando a una audiencia aún más amplia.",GOOGLE_NEWS_RSS
¿Por qué alumnos toman clases en línea en primaria de Madero? Construyen edificio con helipuerto - Milenio,2026-04-15 07:00,2026-04-15T07:00:00+00:00,Milenio,,https://www.milenio.com/estados/primaria-dona-cecilia-madero-clases-linea-construccion,https://news.google.com/rss/articles/CBMijwFBVV95cUxNZ0F3ZzNINFlXSXZnWVJ3dnVRWnh6Mm1PQ0ZaRGF5V0h3TjVKYko1VS01WEg3c0lYV0xMMEtqdmgzdW9rUmVxYTlGdWg5Rjl2cndOTENsSzdTa3gxU1B5aVFrWDVLeENEZTdFaGZiYUIwQnJ6aG5rVVhsSWFTM3d4UTg0cEdkXzAtbDNPUHZlQdIBjwFBVV95cUxQZ3pGeEdnZ3QyVVJvbGhJcUJuUVd4ZDVObm9GQjd3a2Nqa0VsNGpLeVMxRlhDUEk4bmxlYzFNenBPU1NzWno3RjhfZTZLQnFJMUNIWUV4eTRtUHcwMTJrWEZETzY5cmd1cEQ3WHVXSUZYS3YzY0QwM1BzclkyQnpGVzdVOE9Fckx3MlJWYjczSQ?oc=5,,"La modalidad de clases en línea en la primaria Doña Cecilia, ubicada en Ciudad Madero, responde a trabajos de construcción que buscan modernizar uno de los planteles más antiguos de la ciudad. Esta medida temporal fue implementada para garantizar la seguridad de los alumnos mientras avanzan las obras dentro de la institución.
Fundada en 1952, la escuela enfrenta una etapa de transformación que apunta a mejorar sus condiciones educativas y ampliar su capacidad de respuesta ante distintas necesidades de la comunidad.
¿Por qué suspendieron las clases presenciales en la primaria Doña Cecilia?
De acuerdo con la directora del plantel, Saraí Katherine Olivera Contreras, los trabajos iniciaron el pasado 8 de abril, lo que obligó a migrar a clases virtuales como medida preventiva.
El objetivo es evitar riesgos para los estudiantes durante el desarrollo de la obra, la cual contempla intervenciones dentro del mismo plantel. Se estima que el periodo de clases en línea se mantenga por aproximadamente cuatro semanas, tiempo en el que se evaluarán las condiciones para el regreso presencial.
La decisión ha contado con el respaldo de los padres de familia, quienes han reconocido la importancia del proyecto a largo plazo.
¿Cómo será el nuevo edificio y qué incluye el helipuerto?
El proyecto contempla una inversión cercana a los 5 millones de pesos y la construcción de un edificio de dos niveles que integrará nuevos espacios educativos y administrativos.
Entre las áreas previstas se encuentran:
- Biblioteca
- Aula de cómputo
- Oficinas administrativas
- Sanitarios
Sin embargo, uno de los elementos que más ha llamado la atención es la inclusión de un helipuerto. Este espacio no estará destinado a actividades escolares cotidianas, sino que funcionará como un punto estratégico de apoyo en situaciones de emergencia, permitiendo su uso en labores de auxilio para la comunidad.
Infraestructura con impacto educativo y social
La dirección del plantel destacó que este proyecto no solo busca mejorar las condiciones de aprendizaje, sino también fortalecer el papel de la escuela como un espacio útil para la comunidad en momentos críticos.
Con esta obra, la primaria Doña Cecilia avanza hacia una modernización que combina infraestructura educativa con elementos de protección civil, en una apuesta poco común en planteles de nivel básico.
Mientras tanto, los alumnos continuarán con sus actividades académicas en línea, en espera de regresar a las aulas una vez que concluyan las etapas más intensivas de la construcción.",GOOGLE_NEWS_RSS
La Grilla - Milenio,2026-04-15 07:00,2026-04-15T07:00:00+00:00,Milenio,,https://www.milenio.com/opinion/editoriales/se-dice-en-la-grilla-tamaulipas/la-grilla_1130,https://news.google.com/rss/articles/CBMilAFBVV95cUxPaE5adlJkQl9UQkN4YlNVcU9lR2NHbDQ4Yjl5NjFJNVJ1T1hxNWJ1QWo1VHIySUhxLXFUV2V0bmN2NEhOamROdi1OSkZZTlpxMVpFR3o3NTVMaFE5SExXYnJrLVhoNGtRcTNsOFJlTU4xN2l1ME9jbTl2dGhvemxjMXBWbjRVeVExZUt4WlMwSlBfOG5C0gGUAUFVX3lxTE5KNWo4RU9SX1lnWXlTeTFTWnBicXY4eEJhXzFVNVJTVGptLVBNZFZXV2U3VWE5MVp1b082dzNWWFl0ODZRaWRrRnBzVVZhVm93NmlEbjdkY2puZFEtbDBMX0EybThDNFNKdU9nLWtsdGJnODlfY0owdVJIX2FFRTVyQ05lVnNvR2JudG1selUzdmU1Yzk?oc=5,,"Que en Tampico se está buscando la forma de destacar los inmuebles con valor histórico; es un mensaje a los empresarios para que echen a andar proyectos. Al final de cuentas, la alcaldesa Mónica Villarreal Anaya expuso que la historia de la ciudad es una prioridad.
Que ahora sí viene a Tamaulipas el dirigente nacional del SNTE, Alfonso Cepeda Salas, para inaugurar el edificio del archivo del Sistema de Ahorro para el Retiro de los Trabajadores de la Educación de Tamaulipas (Sartet). Todavía no hay hora ni lugar para reunirse con los profesores que buscan aterrizar varios temas con su líder, aunque tampoco guardan muchas esperanzas, pues les ha cancelado en dos ocasiones este año.
Que los aspirantes a relevar a Arnulfo Rodríguez en la Sección 30 del SNTE organizan cualquier actividad para tener contacto con el magisterio tamaulipeco y ganar adeptos ante la elección prevista a finales de este año. Quedaron atrás las grandes comidas o reuniones; ahora hasta torneos de pesca en sitios recreativos preparan.
Que, ¿Tamaulipas será otro estado donde el Partido Verde rompa con Morena? Ayer, en la reunión de la Segunda Circunscripción en San Luis Potosí, donde retumbó la postura del organismo político hacia la gubernatura del siguiente año, respaldada por la dirigente nacional Karen Castrejón, la presencia de la directiva estatal levanta esa sospecha.
Que la edil Trinidad Maximoto, representante del Partido Acción Nacional, entregó una serie de apoyos a ciudadanos en condición de vulnerabilidad, desde sillas de ruedas hasta aparatos y otros beneficios. Son necesidades que se resuelven porque la autoridad está a la orden del día.
Que el diputado federal panista Chucho Nader está buscando que la población pueda contar con el subsidio para que en Tampico y Madero se aplique de manera permanente a todos los usuarios domésticos. Al final, el legislador impulsa un subsidio de verano, una urgencia de la población ante el gobierno federal.
Que el legislador panista presentó además una iniciativa enfocada en respaldar la economía de la población del sur de Tamaulipas a través de la reclasificación en las tarifas de energía eléctrica y la eliminación del IEPS en el precio de las gasolinas, para proteger y disminuir su costo.",GOOGLE_NEWS_RSS
Santa Fe Klan y Brincos Dieras en Tamaulipas: revelan cartelera de la Feria Bicentenario en Matamoros - El Sol de México,2026-04-15 07:00,2026-04-15T07:00:00+00:00,El Sol de México,,https://oem.com.mx/elsoldetampico/gossip/santa-fe-klan-y-brincos-dieras-en-tamaulipas-revelan-cartelera-de-la-feria-bicentenario-en-matamoros-29514828,https://news.google.com/rss/articles/CBMi5AFBVV95cUxQaWtib2JRT01qbXVRZWlxV3ppZ0syd1JtUHZVTllFbUVTMEplU1N4NVpNRkp4R3k4QTB0aTBYdmhwYzBQd1FoU0RPTm5CNEd5Z1haeXVONm92S2FlNzRiMXlTdmtWOFJHeGo3WnphaFdLV2VaMmVBekxwamdpNVlaOUlWNmFYazFMNTd3TGFQNGpvZmplTWNxRElrc3oyYVg4T2pHc2Q3V2RoUG9RcUliNkkzRGxHTjNjTUJsMmZYc2V5Y1Zmazh2dzMxQkVfeTVpVDhTY0dFcnpiaEtCSVZ3ZFBTb0U?oc=5,,"Gossipmiércoles, 15 de abril de 2026
Santa Fe Klan y Brincos Dieras en Tamaulipas: revelan cartelera de la Feria Bicentenario en Matamoros
Desde el 12 hasta el 28 de junio, Matamoros tendrá risas, baile y juegos mecánicos en la Feria Bicentenario 2026
Adolfo Ruiz Nuñez",GOOGLE_NEWS_RSS
“Es necesario el aumento”: Tortillerías quieren que el kilo suba hasta 30 pesos en Tampico - Milenio,2026-04-15 07:00,2026-04-15T07:00:00+00:00,Milenio,,https://www.milenio.com/comunidad/precio-tortilla-tampico-analizan-subir-30-pesos,https://news.google.com/rss/articles/CBMiiAFBVV95cUxOOWZFUW9xYjhRYTJ5bnR6VWlXMGpUMFFUN0RNWUp5dzlJWHNhT0F4T0QyUWloLWlmWWRmNjBSNzc1R28zMjJpdHJ5R2NJQTNYZjUwUlF4eHo5bjFXbl9pTE5UdzNkWlhhY3k5QXIzTmRHSDNvTVdlb3ZRZEU5RC1hTTBYSWYxMTdC0gGIAUFVX3lxTFB6WjhXVjJ5RWZob2dMLVBlai1vdVB5YlVtaXp1RHh4Q2lCN1VQNEhXdHRnek5XUEFGVGI0cnpIQVdheEZEWS1aOVJSdUxsRFJrQWpWRUN1WHF2eDNIYVRGMEsxVHVtc1BNN0ptajlMM0FpdS15UTJ6SW9TX0czVXZiVmpIY0pzQ18?oc=5,,"Hasta el momento no hay indicaciones de aumentar el precio del costo de la tortilla en el sur de Tamaulipas, pero es necesario, aseguran quienes se dedican a la venta de este producto básico para la alimentación del mexicano, por lo menos alcanzar los $30.
“Aún no tenemos una indicación de que el precio por kilo de tortilla pueda aumentar, al menos aquí no”, aseguró la responsable de un negocio enfocado a la distribución de la masa y la tortilla en el municipio de Tampico.
Costos presionan al alza de la tortilla en Tampico
Un recorrido realizado por las tortillerías de la zona, destacan la necesidad de que pueda aumentar el producto por los costos. “Por los menos $30, porque ha subido todo, por ejemplo el salario mínimo”, manifestó.
Refieren que todo ha aumentado en la zona, desde el salario mínimo, el pasaje, algunos alimentos y la tortilla requiere subir de precio por todo lo que representa el proceso.
Información proporcionada a MILENIO Tamaulipas detalla que los empresarios del ramo aún no toman la decisión, ya que están en proceso de análisis, ya que todavía no toman la decisión.
En su entrevista “Mañanera”, la Presidenta de la República, Claudia Sheinbaum Pardo, reaccionó a la intención de aumentar de $2 a $4 el kilo de tortilla, recalcando que no existen motivos para poder oficializar los incrementos.
Una de las indicaciones que la Presidenta dio a Julio Berdegué, secretario de Agricultura, fue comunicarse con el grupo de los empresarios de la masa y la tortilla.
Precio de la tortilla en Tampico y la región
En este momento el costo de la tortilla es de $28 y no ha aumentado en los últimos años, así que más que una petición, los empresarios refieren que se trata de una necesidad.
A finales del 2025 en Tampico aumentaron el costo del pan $1, lo que afectó principalmente a los pequeños empresarios, enfocados a la gastronomía como lo son las tortas de la barda.
En Tampico se ha detectado un aumento en el costo de otros alimentos, ya que hay un registro de que el costo del tomate aumentó de $30 a los $45 durante los últimos meses.
Lo que tiene que ver con el posible aumento en el precio de la tortilla, los empresarios del ramo están en busca de tomar una determinación en los próximos días.",GOOGLE_NEWS_RSS
Desde Banda MS y Santa Fe Klan hasta Gloria Trevi; esta es la CARTELERA de la Feria de Matamoros 2026 - Milenio,2026-04-15 07:00,2026-04-15T07:00:00+00:00,Milenio,,https://www.milenio.com/espectaculos/musica/feria-matamoros-2026-artistas-fechas-boletos-costo,https://news.google.com/rss/articles/CBMimgFBVV95cUxNWGxPZUcwSTljeDBZZEhjZW1TQ0JwUXNmYWtIaVZXR3hVanlaUHdkOGxZNGVEamR1RnJFWVRTRmFGNEdxS3p5VmxhRFdpUzdwRUJZM1EyQzl6ejJFeE8xLW9OZXFycWJiWDVsdXVacnNUckc4MVJBTE9BSWNMSDYtVGRHeUx2QjJNNGNieTBscUZlX0txSDVTSnFR0gGaAUFVX3lxTE8yS1JqNU5UeWJBaFkydXo1ekF3dlVkYlEtUFZrTWRoME5DYjkzdWV4MWxTMU1IdHJFU3RCTjJDNEtvcjJEWjZOTHBXYjFTeV8tMXpmMXJLMjN5b2diUk9sMUs4NGVfYVQ2ZUxYRnY5UENScnotZXFWSkV4SmtXdXdDQTRZZmpXYUdLNHc4anJxZXp4Q0xJNG5nU1E?oc=5,,"La Feria Matamoros 2026 ya reveló su cartel oficial, consolidándose como uno de los eventos más esperados en el municipio fronterizo de Tamaulipas.
Con una mezcla de conciertos, espectáculos familiares y entretenimiento nocturno, la feria busca atraer a miles de visitantes durante varias semanas. Aquí te decimo sque artistas estarán y cuándo será.
¿Cuándo es la Feria de Matamoros Tamaulipas?
El evento se realizará del 12 al 28 de junio en Matamoros, con actividades para distintos públicos y una cartelera que combina regional mexicano, pop, entretenimiento infantil y shows especiales.
La Feria de Matamoros, Tamaulipas es una celebración anual que destaca la cultura fronteriza, ofreciendo teatro del pueblo, gastronomía local y atracciones mecánicas, consolidándose como un evento tradicional que atrae a visitantes de la región y del sur de Texas, funcionando como un punto de encuentro familiar y artístico
Este año, la feria celebra el
bicentenario del municipioubicado en la frontera norte de la entidad.
Matamoros, fundada en 1774 y conocida por su importancia histórica, celebra sus tradiciones mediante este evento.
¿Qué artistas estarán en la Feria Matamoros 2026?
Si eres de los que vive por la emoción de los conciertos, las luces y cantar a todo pulmón, ¡prepárate! Este año la Feria Bicentenario Matamoros 2026 tira la casa por la ventana con una cartelera sumamente variada que promete complacer todos los gustos.
Desde el sentimiento de la banda y el pop más icónico, hasta el ritmo de la cumbia y el fenómeno del rap mexicano, el escenario contará con:
- 12 de junio: Banda MS
- 13 de junio: Palomazo Norteño
- 14 de junio: Los Ángeles Azules
- 17 de junio: Show de Ernesto Chavana
- 18 de junio: Show infantil Bely y Beto
- 19 de junio: Brincos Dieras con “El Desmadre Continúa”
- 20 de junio: Santa Fe Klan
- 21 de junio: Gloria Trevi
- 25 de junio: Los Invasores de Nuevo León
- 26 de junio: La Casetera
- 27 de junio: Duelo
- 28 de junio: Jorge Medina y Josi Cuen
Cartelera oficial de la Feria de Matamoros, Tamaulipas 2026 | Artistas
El cartel apuesta por reunir a distintas generaciones, combinando artistas consolidados con propuestas actuales..
¿Dónde será la feria, cuánto cuesta y cómo comprar boletos?
La feria estará ubicada en el Libramiento Emilio Portes Gil, frente al fraccionamiento Villa Las Torres, en Matamoros, Tamaulipas.
El costo de entrada general será de 50 pesos, lo que la posiciona como una de las ferias más accesibles en la región.
Los boletos podrán adquirirse a través del sitio web MasBoletos, así como en la presidencia municipal y en las 48 taquillas instaladas en el recinto ferial.
¿A qué hora abre y cierra la Feria de Matamoros?
El horario será de 5:00 de la tarde a 2:00 de la mañana, permitiendo disfrutar tanto de actividades familiares como de espectáculos nocturnos.
¿Qué hacer en la Feria?
Un lugar de esparcimiento para toda la familia donde podrás encontrar principalmente, los juegos mecánicos. El plan ideal para ir con amigos o con tú familia. Súbete a la gran variedad de atracciones, desde los clásicos familiares hasta los más extremos para los amantes de las alturas.
En las zonas de destreza puedes poner a prueba tu puntería y habilidad en los tradicionales puestos de canicas, tiro al blanco y lotería para ganar premios.
Gastronomía y Compras
- Área de Antojitos: No te puedes ir sin probar la comida típica. Encontrarás desde los clásicos elotes y pan de feria hasta platillos regionales de Matamoros.
- Pabellones Artesanales: Recorre los stands donde artesanos locales y nacionales exhiben y venden productos únicos, joyería, ropa tradicional y decoración.
¿Qué hacer en Matamoros, Tamaulipas?
Sin duda, es el plan ideal para visitar la ciudad de Matamoros, ya que además de vivir toda la emoción de la Feria, puedes aprovechar para conocer sus rincones más emblemáticos.
Podrás cantar los éxitos del ""Ídolo de las Multitudes"" en el Museo de Rigo Tovar, disfrutar de la brisa y el ambiente familiar en la Playa Bagdad, o recorrer el Museo de Arte Contemporáneo y el Casamata para empaparte de la historia fronteriza.",GOOGLE_NEWS_RSS
Aeropuerto de Tampico sube 11% afluencia en primer trimestre del 2026 - Milenio,2026-04-15 07:00,2026-04-15T07:00:00+00:00,Milenio,,https://www.milenio.com/negocios/aeropuerto-tampico-crece-11-pasajeros-rutas-2026,https://news.google.com/rss/articles/CBMiiAFBVV95cUxQRlJBRDgtWlJyQ1VFNkI3RUZKUldaTk9NU1lZRDhkdGJzU2RVQ01mX290dXZJSDZsRk1BZzJCOTVHU0VEMlh6Njc0MFplQ0dvSVpjOGdaYkRhaTRZYUpYQ204SEtaZ2w3bTMwaWszaDdZeWNFWS1MWHF2SVpCOG9LYlJlZnJELUg20gGIAUFVX3lxTE5CdGlvSkk2YnhieXFvbGpEUnZ1MC1zRDFvczZ5WV9NOVJ6Y25zOTY1NTVWWFVQUkFtbTNXMVFkb19NZFBoNE9wV3ZyX0lydG9KU3NTSF9RZF9YSnA5N2Ewa282c2ozNUExY05udFhFMUZyME91V01Pc2pubkx2RW1jd0xPVm1nbkM?oc=5,,"El lanzamiento de nuevas rutas aéreas durante finales del año pasado y principios del 2026, le permitió al Aeropuerto de Tampico incrementar 11 por ciento la atención de pasajeros durante el primer trimestre, siendo uno de los cinco destinos operados por el Grupo Aeropuerto Golfo Norte (OMA) en dar los resultados más altos en este periodo.
La terminal en la zona sur de Tamaulipas tuvo un rendimiento por encima de otros puntos con mayor capacidad de aeroviajeros, como Monterrey y Culiacán, agregándose la realización de convenciones y la actividad en el rubro del turismo de negocios entre los aspectos favorables que le permitieron entregar estas cifras.
En los datos hasta marzo del presente ejercicio, se acumulan más de 151 mil visitantes, por encima de los cerca de 130 mil reportados con antelación. Dentro de esta información va agregado la puesta en operaciones de tres frecuencias de vuelo, por parte de Viva hacia Villahermosa, así como de Aerus con viajes de ida y vuelta hacia Monterrey, esta última inaugurada en febrero.
Aumenta la llegada de viajeros extranjeros a Tampico
Los extranjeros continuaron con mayor solicitud de boletos hacia la ciudad tamaulipeca en este ciclo. Los 22 mil 700 significaron un alza de 36 por ciento, solamente superado por Culiacán y San Luis Potosí, sin embargo, estuvo arriba de ciudades con playa, entre ellas Acapulco, Mazatlán y Zihuatanejo. Referente a los nacionales, tuvo un avance del 8 por ciento trimestral.
Cabe señalar que está por contabilizarse los registros de Tampico y las 12 terminales aéreas durante abril, es que coincidió con las vacaciones de Semana Santa y Pascua, el periodo de mayor afluencia hacia la región sur de la entidad.
Conectividad nacional e internacional en expansión
Además de Aerus y Viva, opera Aeroméxico con rutas establecidas hacia Ciudad de México y Monterrey, agregándose las conexiones internacionales a Houston, operado por United, además de Dallas-Fort Worth que maneja American Airlines.
Tanto la administración del aeropuerto tampiqueño y la Secretaría de Turismo, enfatizaron con antelación la intención de aumentar la rutas teniendo como objetivo ciudades como Guadalajara y Tijuana.
SJHN",GOOGLE_NEWS_RSS
"Corre, trota o camina: todo sobre la carrera de 5K y 3K para celebrar a los maestros en Tampico - El Sol de México",2026-04-15 07:00,2026-04-15T07:00:00+00:00,El Sol de México,,https://oem.com.mx/elsoldetampico/deportes/corre-trota-o-camina-todo-sobre-la-carrera-de-5k-y-3k-para-celebrar-a-los-maestros-en-tampico-29491966,https://news.google.com/rss/articles/CBMi3gFBVV95cUxOekZ4QjdYcmhLRXB5Tks4SGlVS3Bvc0xNNmgza2tZblZ6dm1fVVVpMzFnb0xnN3pMdm9ZYW5FOGpQYjN0cW5uUDJjY1ltQnZGMVFsTVJubm1ZN1RBVmRTZlZKLUVBcTQ2MzY3TzBEQkw5T05sTkNDMHRxdkxwTmpkWmNub1BuaEl6ZS1hSzRyVkRaWmk3aFoyMVdMLWdqQTczQjJuMDFWMHlHOGY3T1RrUkhGNV82eUtRYUd4VktmYUN2a1V1bVh0akhGQTVKZmw4eVNCSzFXT1NHZW4wREE?oc=5,,"Deportesmiércoles, 15 de abril de 2026
Corre, trota o camina: todo sobre la carrera de 5K y 3K para celebrar a los maestros en Tampico
Regresa la Carrera “Celebremos Juntos al Maestro” este 17 de mayo, su segunda edición será en la Laguna del Carpintero
Gustavo Corona",GOOGLE_NEWS_RSS
“Crea tu Negocio” impulsará emprendedores con hasta 2 millones de pesos de inversión - Milenio,2026-04-15 07:00,2026-04-15T07:00:00+00:00,Milenio,,https://www.milenio.com/negocios/crea-tu-negocio-impulsara-emprendedores,https://news.google.com/rss/articles/CBMifEFVX3lxTE1GNGI1WlFjUGxIX01JQU1aZ2tXM1lKYzZSdE5KQkFvNTNZSjZsVWhna2RWN1FoUEZ0ZmR5a1REZXVDa1p3TlhUWTZZZHB4SGFjaUZLVlFXNnQwM09OMmhDTzBMdmhSMS1QOTNUYmYzUS0tcVNQRHVvMlp2NVbSAXxBVV95cUxOSmI0N1Rha1JtMC1mM2FFM1RHLWNnZVVOaHdSY3hkR3luV3dRR3A5eFREdFg0aUk2dXE2M1ZEY3hVSTgxaV9EZWl6SVlqMThTRXBucjlqeHRmUFp1V3J0ZkZRNnIyVFUxdzZ4Sy1WOHVfQkVadHdqS2pHbzFm?oc=5,,"El programa “Crea tu Negocio”, impulsado por Wortev, en conjunto con el Centro de Competitividad de México (CCMX), abrió su convocatoria nacional para emprendedores con ideas, productos o servicios en desarrollo, bajo un esquema que incluye mentoría, capacitación e inversión.
De acuerdo con el fundador y director de Wortev, Denis Iris, el objetivo es acompañar a los participantes desde etapas iniciales hasta consolidar su modelo de negocio.
“Lo que buscamos es acompañarlos desde un inicio, a fin de que puedan tener bien su plan de negocio, y que esto les dé la posibilidad de participar, tanto de manera local, regional como a nivel nacional”.
“Es una competencia que incluye la mentoría, la capacitación, la parte de inversión y sobre todo un acompañamiento. Por eso es un 360 que llevamos que es totalmente de manera integral”, mencionó a MILENIO.
Detalló que esta convocatoria está abierta a proyectos de investigación científica, desarrollos tecnológicos y negocios tradicionales, sin límite de edad para participar.
“Entran proyectos desde investigación científica, desarrollos tecnológicos hasta proyectos en el sector tradicional, que en realidad es de lo que más hay. Las edades no importan, pueden participar todos”, precisó.
Mientras que el director General del CCMX, Juan Carlos Ostolaza, dijo que este programa se desarrolla en coordinación con universidades y autoridades estatales para ampliar su alcance a nivel nacional.
Además, reiteró que la convocatoria ya está abierta y contempla etapas locales en distintas entidades del país.
“En esta ocasión, participan Zacatecas, Baja California, Quintana Roo, Sinaloa, Jalisco, probablemente Estado de México, Querétaro,Tamaulipas. Y Ciudad de México, que es la sede de la nacional”, indicó.
Las fechas de participación varían por estado, mientras que la competencia nacional se realizará en noviembre. En cuanto a los incentivos, resaltó que habrá premios económicos desde etapas locales, aunque el principal se concentra en la final nacional.
“De manera local, es hasta 50 mil pesos en el lugar, que ya su bolsa en conjunto son 100 mil pesos, pero lo importante es la nacional, que el premio es hasta de 2 millones de pesos el primer lugar, en alianza con la Cámara de Dubai, pero inclusive puede llegar a más si se complementa”, precisó.
Hizo hincapié que el primer lugar recibirá inversión y una experiencia internacional, mientras que la lsegundo y tercer lugar también obtendrán financiamiento.
En tanto, externó que el programa también busca sumar inversión privada a los proyectos participantes.
Esto debido a que la intención de este proyecto es que más empresarios locales o inversionistas o empresas se unan a esta iniciativa.
También comentó que en la edición anterior participaron alrededor de 2 mil 500 emprendedores y se seleccionaron más de 18 proyectos ganadores.
MVDJ",GOOGLE_NEWS_RSS
¡Ojo! Anuncian CORTE de AGUA en Tampico y Ciudad Madero hoy 15 de abril | colonias afectadas y horarios - Milenio,2026-04-15 07:00,2026-04-15T07:00:00+00:00,Milenio,,https://www.milenio.com/comunidad/corte-agua-tampico-ciudad-madero-15-abril-2026,https://news.google.com/rss/articles/CBMihwFBVV95cUxNNkRlM0FmcXgyX1JvR290VmVyaWFZcG5ETEhNNVJKUkVFdVdPbWlnWU5Ma1ZUZTVsR0R5dm9WY3FDeHhHWjl3V0wxOFhKcHVjNzlGbkVpWjFFWGFGdUY5VjRHQ19ZMG5JSWV3RW05RmZQNUtLSERhOXdBdjBLbzg1V1VUYUQyTXfSAYcBQVVfeXFMUFVQVURiQkVVQUdwZlg3dGtmVTMwTjRQZy1WemJMc1A5MXRfMEVNem1qYW9XSVlJdS1CQ3ZMc09hTWR0dkVJSW5NTjktS3BYbHJsZElyRk5OaEhFUG9aUDF2Ylh4MWR1RHdSS0JrX1k1c1ZKUVdPQXc2OHlvTFlVOXloenlOekxr?oc=5,,"Autoridades informaron sobre la suspensión temporal del servicio de agua potable en sectores de Tampico y Ciudad Madero, debido a trabajos de lavado de línea general; AQUÍ te decimos qué colonias serán las afectadas.
Recomiendan a la población en general a tomar medidas de precaución como el llenado de cubetas para las horas en que no habrá servicio de agua potable.
El corte está programado a partir de las 9:00 de la noche de este miércoles 15 de abril y se extenderá hasta la 1:00 de la madrugada del jueves 16 de abril de 2026.
¿Por qué habrá corte de agua en Tampico y Madero?
La suspensión del servicio responde a labores de mantenimiento en la red hidráulica, específicamente el lavado de líneas generales, lo cual permite mejorar la calidad del suministro y evitar obstrucciones.
Colonias afectadas por corte de agua en Ciudad Madero
- Heriberto Kehoe
- 16 de Septiembre
- Ampliación 16 de Septiembre
- Emiliano Carranza
Colonias afectadas por el corte de agua en Tampico
- Arenal
- Arboleda
- Tancol 33
- Unidad Modelo
- Vicente Guerrero
- Morelos
- Villahermosa
- Carmen Romano
Además, en algunos sectores el servicio se restablecerá a partir de las 9:30 de la noche del mismo miércoles, en colonias como:
- Unidad Modelo
- Nuevo Amanecer
- Fernando San Pedro
- Vista Bella
¿A qué hora regresa el agua en Tampico y Madero?
De acuerdo con el aviso, el servicio se normalizará de manera gradual a partir de la 1:00 de la madrugada del jueves 16 de abril, aunque en algunas zonas podría restablecerse antes.",GOOGLE_NEWS_RSS
Buscan revivir restaurantes en Tampico; van por rescate de locales en avenida Hidalgo - Milenio,2026-04-15 07:00,2026-04-15T07:00:00+00:00,Milenio,,https://www.milenio.com/negocios/buscan-reactivar-restaurantes-vacios-avenida-hidalgo-tampico,https://news.google.com/rss/articles/CBMimAFBVV95cUxQZjI0dkVMc09xcVFtRW1pelJ1cnZwakRQekV2bWVhWHFjX3lqQ05XbXhMVkliMjh0aE9BakdwSDVvd0twLVFmMEpXT20yemY3QkpOSERoTVZCcXF2a1JwU1NFQmp1dnA3RDRFNmdaMER3TFdXUWVFSGpnQjVQUTZGbjU0UEJKN1FZNW9nMVBMWVJoS1FiSTVTaNIBmAFBVV95cUxQRmhKd00yblRiSzVKR1RpcjloMW5jZUdEYzJ1MWZTTGRVRkg3SVdscW9COVhSb1lqM1k5VmhhNkFpVnFMWXBZR2pwa09STGRlVFNYZEF0dnE5NDBCdGQ3MXo2TGppeU96ZGlMOVpwdEJocGtWWUtaX0ZTaldNaEI0bU9QeU94dTFjVGRvYlMwQ1ptZ21jU3BhOQ?oc=5,,"La Cámara Nacional de la Industria Restaurantera y Alimentos Condimentados (Canirac) aseguró que es necesario que Desarrollo Económico de Tampico contacte a los dueños de inmuebles que están vacíos, que alguna vez fueron restaurantes icónicos y que hoy se encuentran sin uso.
Hay tres espacios que alguna vez fueron opciones gastronómicas muy populares sobre la avenida Hidalgo: El Papalote, Ganesh y La Gran Muralla China, todos en la Zona Dorada de Tampico. Los locales están abandonados y hasta la maleza ha crecido, en espera de que puedan ser utilizados.
Piden vincular inversionistas con propietarios
Rodrigo Azcárraga, representante de dicha cámara, aseguró que “el área de Desarrollo Económico de Tampico tiene que tener acercamiento con los empresarios y dueños de esos inmuebles, para contactarlos con los inversionistas”.
Lo importante es que puedan existir más opciones gastronómicas en la ciudad, que tiene una vocación turística, ya que los visitantes constantemente están buscando opciones para alimentos.
Plaza Palmas, ejemplo de reactivación
Uno de los ejemplos más claros tiene que ver con la reactivación de espacios como Plaza Palmas, que necesita que en algún momento se puedan abrir más locales, “ya que en algún momento puedan abrir dos o tres locales, que puedan reactivar la vida nocturna”.
Avenida Hidalgo cambia su vocación
La avenida Hidalgo está cambiando, las viviendas que están al margen de la calle se están convirtiendo en nuevos negocios y así se mantiene la inercia, refiere el comercio establecido de Tampico.
“Es la vocación, es una zona comercial, ya no se puede vivir ahí, tanto ruido de carros, de camiones, el tráfico, ya no son zonas habitacionales”, declaró Eduardo Manzur, presidente de la Cámara Nacional de Comercio (Canaco) en Tampico.
La avenida Hidalgo se está convirtiendo en diversos puntos como una zona comercial 100%, ya que los nuevos proyectos contemplan el derrumbe de viviendas que están sobre la transitada ruta, para que se conviertan en nuevos comercios.
SJHN",GOOGLE_NEWS_RSS
Con casinos y activistas de derechos humanos: Así lava dinero el Cártel del Noreste - Milenio,2026-04-14 07:00,2026-04-14T07:00:00+00:00,Milenio,,https://www.milenio.com/policia/cartel-del-noreste-lava-dinero-con-casinos-y-activistas-en-tamaulipas,https://news.google.com/rss/articles/CBMiowFBVV95cUxQWnd2T0lKVkx3WTB0aU1mai12WHpIejVmeGRYaEJ4LUZMRWhsUGM0d09oRTJoQ1dfUDh1VHowU2RQTWNQWWFlRm1PQVFFSVRGRnZfT1NWSmRWbHp0Ykp4M1k0WFJEUG0tSFJhQlRhTmJJYnB6WGpRejRha1hyZDBvOG9pTTZGXzd1bWozbGFJQ3N2S296N0NzRmhoeTdyLXhxODlz0gGjAUFVX3lxTE1yZUpBcXZ4X1RyejVYclR1UVFmaTl3dDQ3SVBFU25xMlJ4RUlidDJmdnd6QVp5RlBIYWVSSnhoa2o4U2RZMzRxU2xOSDBOdFBXY3l4am9KQV9NaTlnR2JkVVh1YTd1cFlUcnI4NU5aUlVoNkdRZkVlQUMwRXRGVGNqbjlTVnFaRnJ5V1dleUxmSDhLalRDUzdyOE15aER5b0RIeTg?oc=5,,"El Departamento del Tesoro de los Estados Unidos dio un golpe estratégico a la estructura financiera y operativa del Cártel del Noreste (CDN) tras destapar una compleja red de lavado de dinero que va desde casinos fronterizos hasta activistas de derechos humanos y abogados de alto perfil para blindar sus actividades ilícitas entre Tamaulipas y Texas.
A través de la Oficina de Control de Activos Extranjeros (OFAC), el gobierno estadunidense designó a seis objetivos bajo las órdenes ejecutivas de combate al fentanilo y terrorismo global.
La acción no solo bloquea activos, sino que expone cómo el CDN —antes conocido como Los Zetas— evolucionó para infiltrar sectores legítimos de la sociedad civil y el comercio.
El esquema de los casinos: Lavado y Tortura
El epicentro de la sanción es el Casino Centenario en Nuevo Laredo, operado por la empresa CAMSA.
Según el reporte del Tesoro, este lugar no era solo un centro de apuestas, sino una pieza logística del narcotráfico:
- Logística criminal: El establecimiento era utilizado como ""clavo"" o escondite para cargamentos de fentanilo y cocaína.
- Centro de operaciones: Se documentó que la trastienda del casino era utilizada por sicarios del CDN para torturar e intimidar a rivales o víctimas de extorsión.
- Impacto binacional: Por su ubicación a solo dos millas de la frontera, el casino atraía activamente a ciudadanos estadounidenses, quienes a partir de hoy tienen estrictamente prohibido realizar cualquier transacción con el inmueble.
La sanción se extiende al Diamante Casino en Tampico y su plataforma de apuestas digitales, cerrando el flujo de efectivo que el cártel integraba al sistema financiero legal.
La ""Guerra de Desinformación"": El caso Raymundo Ramos
Uno de los puntos más polémicos de esta designación es el señalamiento contra Jesús Reymundo Ramos Vázquez.
Washington lo identifica no como un defensor de derechos humanos, sino como un operador de desinformación en la nómina del CDN.
El Tesoro afirma que Ramos ha pasado más de una década utilizando el disfraz del activismo para litigar a favor de miembros violentos del cártel, fabricar quejas contra las fuerzas armadas mexicanas y organizar protestas pagadas con el fin de desacreditar las operaciones de seguridad pública y proteger la reputación de capos abatidos o capturados.
El enlace con El Z-40 y el tráfico de personas
La investigación también pone bajo la lupa al abogado Juan Pablo Penilla Rodríguez, acusado de exceder su relación profesional con su cliente, Miguel Ángel Treviño Morales, El Z-40.
El Tesoro asegura que Penilla sirve como el ""correo"" o intermediario que permite a El Z-40 seguir dirigiendo al CDN desde su celda en México, facilitando la comunicación con el liderazgo actual y otros socios criminales.
Asimismo, fue sancionado Eduardo Javier Islas Valdez, El Crosty, identificado como el ""guardián"" de las rutas de tráfico de personas en el Río Grande.
Islas supervisaba a los ""pateros"" y gestionaba las casas de seguridad donde se concentra el flujo de migrantes que el cártel utiliza como fuente secundaria de ingresos y escudo operativo.
""Cero tolerancia"" a los facilitadores
El Secretario del Tesoro, Scott Bessent, advirtió que esta es la tercera acción contra el CDN bajo la actual administración de Donald Trump, subrayando que la prioridad es desmantelar no solo a los sicarios, sino a los facilitadores que otorgan una apariencia de honorabilidad a la criminalidad.
""El CDN utiliza su influencia alimentada por el terror para sobornar a políticos y periodistas, y extorsionar negocios locales"", refiere el gobierno de Estados Unidos.
Con esta medida, quedan congeladas todas las cuentas bancarias y bienes de los señalados en territorio estadounidense, y se imponen sanciones civiles y penales a cualquier institución financiera que mantenga vínculos con esta red.
RM",GOOGLE_NEWS_RSS
¡Imagínese! / A 35 años de contar historias - El Sol de México,2026-04-14 07:00,2026-04-14T07:00:00+00:00,El Sol de México,,https://oem.com.mx/elsoldetampico/analisis/imaginese-a-35-anos-de-contar-historias-29478216,https://news.google.com/rss/articles/CBMilgFBVV95cUxPZzktblBDaVgwRzh2RkpXUUJvLUg2cVRhNDlXRGlTdjhxTTVjUC1vMHdNXzFITzBwaGt2LURyQS1sOHk3eENXTFh6MXdkbmdlYnFwY1BqWXZ5OEQzQjJXcllaaVJBQ0w5VVZNOHM0aGNHTHJDMENTZUpvYVpUTW9tdDdQR203dWNHYk1fMjR3VGxxTHl2dFE?oc=5,,"Análisismartes, 14 de abril de 2026
¡Imagínese! / A 35 años de contar historias
Turismo, récords y historia
ÚLTIMAS COLUMNAS
Más Noticias
COLUMNAS
CARTONES
LOÚLTIMO
Newsletter
¿Te quedas fuera de la conversación? Mandamos a tu correo el mejor resumen informativo.",GOOGLE_NEWS_RSS
¡Sorprendente! Agricultor captura cocodrilo cerca de un río en Tamaulipas - Milenio,2026-04-14 07:00,2026-04-14T07:00:00+00:00,Milenio,,https://www.milenio.com/estados/agricultor-captura-a-cocodrilo-en-villagran,https://news.google.com/rss/articles/CBMigAFBVV95cUxORTlxcmRqNndLVHEwNTEweVJ2ajlnYURoV2p1aXlkMGZuSFN6N0VTYW94cld3ampYU2VaZEhmZHE1N283S21Cc1hMa3ZfTk9TWTVCcElMOGljVGdqNFZnYXc5aVB5dUdqMFBXZ0pzYVFJa29wcm1lOWVzZkJlMlhERNIBgAFBVV95cUxNckZaMVp3VGJyd0txVXZQWUxyUDl6SkRac05XLUJOdk5Ua0VvaGVUUXc5aVE0VElLcWxaeWhIN3VhcC05eGJFU1VtRnc0SmV6QzlRTTlfZ2lFR3M4MmVVdTZpc3R2QVVqWHAyamVaeUZORHhhX1BjY3ZhLUZHLV84RA?oc=5,,"La tarde de este martes elementos de seguridad estatal atendieron el reporte de un reptil a las afueras del río Pilón en Villagrán, Tamaulipas; al llegar al sitio el cocodrilo se encontraba en control debido a la captura previa realizada por un agricultor, mismo que hizo el llamado de alerta.
La captura del cocodrilo en Villagrán
De acuerdo con la información de la Secretaria de Seguridad Publica de Tamaulipas (SSPT) el saurio fue capturado previamente por un agricultor que se encontraba trabajando en las inmediaciones del río Pilón cuando se percato de la presencia del espécimen para posteriormente realizar el llamado de alerta a las autoridades competentes.
La reubicación del reptil
En atención a un reporte realizado por el agricultor y el Ayuntamiento de Villagrán, personal de la Guardia Estatal llevó a cabo los protocolos donde se aseguró y trasladó al reptil para su correcta reubicación.
El traslado del animal a su destacamento del municipio se derivo como método de prevención de accidentes y daño a la fauna, asimismo, posteriormente se dio aviso a las autoridades correspondientes.",GOOGLE_NEWS_RSS
Capufe sube los costos de peaje: ¿cuánto cuesta cruzar el Libramiento de Tampico? - El Sol de México,2026-04-14 07:00,2026-04-14T07:00:00+00:00,El Sol de México,,https://oem.com.mx/elsoldetampico/finanzas/capufe-sube-los-costos-de-peaje-cuanto-cuesta-cruzar-el-libramiento-de-tampico-29486240,https://news.google.com/rss/articles/CBMiygFBVV95cUxPVFJzb1JYRWhkeHloTThnT2FXQTJ3eWZvc3Jvc3BYU2RKWk1hV2JMRDJHUGVGaDhyQ0ZLeTlURExJNjhhbl9RV0RqQnBJNUlXTW5tdEh6QnNXTzRXS05qWHNsb1o0b3dDZ1BfOE4tYlNmcHp6UXV1bDU2bFFVVHRDcVlxVS1FRkV5eFdteGs1bXI4RVBDaW9QXzl4bVdXWVU1eDd2X1ZzVnlKamhXLW1xXzdlaTBVbDgzMkVKeE5KcFR6RGJIUlpRdUlR?oc=5,,"Finanzasmartes, 14 de abril de 2026
Capufe sube los costos de peaje: ¿cuánto cuesta cruzar el Libramiento de Tampico?
Si eres usuario frecuente o transportista, recuerda que el ticket de Capufe tiene validez para facturación electrónica
Antonio Campos",GOOGLE_NEWS_RSS
Economía para todos / Moderado y heterogéneo - El Sol de México,2026-04-14 07:00,2026-04-14T07:00:00+00:00,El Sol de México,,https://oem.com.mx/elsoldetampico/analisis/economia-para-todos-moderado-y-heterogeneo-29478541,https://news.google.com/rss/articles/CBMimgFBVV95cUxPUGR0MVl6QWpIaVpjX2ZCZ2Q3YUs5RDRJbTIzOHZUZ1ZmcS1Fb2pGaW1KTEFkWFo1X0g2QUZBVjRIby1SeWRpa1VUcWdScHRXVnRQUHlzUm9xRTU1NzZWZWJsN1J4TUxGZl9WZlNYNzVobUhfMGdUV1lScTFvemUtYXJ2RFF4bEllYkREZjJ1WWt3azk5X1hEc2pB?oc=5,,"Análisismartes, 14 de abril de 2026
Economía para todos / Moderado y heterogéneo
Las opiniones vertidas en este artículo son responsabilidad de quien las emite y no de esta casa editorial. Aquí se respeta la libertad de expresión
ÚLTIMAS COLUMNAS
Más Noticias
COLUMNAS
CARTONES
LOÚLTIMO
Newsletter
¿Te quedas fuera de la conversación? Mandamos a tu correo el mejor resumen informativo.",GOOGLE_NEWS_RSS
Loros regresan a Tampico: captan nidos y crías en el corazón de la ciudad - El Sol de México,2026-04-14 07:00,2026-04-14T07:00:00+00:00,El Sol de México,,https://oem.com.mx/elsoldetampico/local/loros-regresan-a-tampico-captan-nidos-y-crias-en-el-corazon-de-la-ciudad-29489095,https://news.google.com/rss/articles/CBMivgFBVV95cUxPSUFwR1poX25DdjdOeFhhZ1ZXYnBwRzIycWZkQWItS3phVHAtNFBzd3lhXy1FYUNZWVJnWnFBZWJzUW1WTnE4Mk1GOTJuQlhQc0NKd2pfTEw2TWRkQ1RiNWxicjNnN29hLXpwMmFWbDE4dG5nVXZfeWtPRmpzTWtDQ3VyeTRlOEJGbmJnR0E1ZjBVYVlZa2pkZDRLb2gzQ1hfcUJzVGo5ZUlFRXBLd0NFRThWaVk0X1hkekl2MGhR?oc=5,,"Localmartes, 14 de abril de 2026
Loros regresan a Tampico: captan nidos y crías en el corazón de la ciudad
El fenómeno abre la puerta al ecoturismo y al estudio de la biodiversidad en espacios públicos del sur de Tamaulipas
Antonio Campos
El fenómeno abre la puerta al ecoturismo y al estudio de la biodiversidad en espacios públicos del sur de Tamaulipas
Antonio Campos",GOOGLE_NEWS_RSS
Presentan 28 denuncias ante fiscalía anticorrupción y FGR por diversas irregularidades en Tamaulipas - Milenio,2026-04-14 07:00,2026-04-14T07:00:00+00:00,Milenio,,https://www.milenio.com/estados/tamaulipas-presenta-28-denuncias-corrupcion-4-mil-expedie,https://news.google.com/rss/articles/CBMikwFBVV95cUxOcGlyYllWTnpmelE5Y0tVOUdFTkRSb2NpY1RDVXFmWXhNOUxsc0lyWGxWN3Y2YmpGY1RNZnNXMGxweXVPYnpvYTJsQVlKZlJUMmhLSWl1YjAxUGFRWE44NFRvc1ByYTU3RHBWdUJtLVVRWDNpZkJLWVpOR2d1OTd6ZzVJRFROWUxRRGFtNEdPRTdVNW_SAZMBQVVfeXFMTUFHQWxjRFE2WlBTQ2JLaHJQdVRmR2ctMkhBVkxsTG5yeVBwWEhFNE8xcnRiMHo4cU5UVjJoX0JRcHNjVjFsSW0wMGRmdHVKNVZMVWFpZHBNSzFDV1VpbjktUVZBemFMTDZSYkxZUmJHNExCMXBjbnF6Ungtd0I4ZU42b2ZobEZ4a2F2dk1VWGdCVjQ4?oc=5,,"La Secretaría Anticorrupción de Tamaulipas promovió 28 denuncias ante las Fiscalías estatal y federal para investigar presuntos delitos cometidos en el ejercicio de la función pública. Además, remitió 67 expedientes a los tribunales de justicia administrativa por faltas graves.
Al comparecer en comisiones del Congreso Local con motivo de la glosa del cuarto informe de gobierno, la titular de la dependencia, Norma Angélica Pedraza Melo, explicó que se detectaron conductas que pueden configurar peculado, desvío de recursos públicos, uso indebido de atribuciones y facultades, y nepotismo.
Precisó que los hallazgos comprenden tanto anomalías cometidas durante la pasada administración como en la actual, pero se dividen en posibles delitos y faltas graves, cuyo seguimiento ya corresponde a la Fiscalía de Combate a la Corrupción, la FGR y los Tribunales estatal y federal de Justicia Administrativa para su resolución.
28 denuncias penales y 67 expedientes administrativos
En ese sentido, la funcionaria detalló que 23 denuncias se interpusieron ante la fiscalía estatal especializada y cinco ante la Fiscalía General de la República, mientras que en el caso de los expedientes administrativos, uno compete a la esfera federal.
De las denuncias penales, 19 se formularon el año pasado y se desprenden de irregularidades encontradas principalmente en la pasada administración, en áreas como la Comapa Zona Conurbada, el Instituto Tamaulipeco de Capacitación para el Empleo, las Secretarías de Economía, Trabajo, Desarrollo Rural, Desarrollo Urbano, Educación, Obras Públicas, Bienestar Social y Administración, la ex Contraloría Gubernamental y la Oficina del Gobernador.
La denuncia turnada a la Fiscalía General de la República tiene que ver con manejo de recursos en el Instituto Tamaulipeco de Capacitación para el Empleo (Itace), y las Secretarías de Salud y Finanzas, entre otras.
Sanciones e inhabilitaciones a servidores públicos
Norma Angélica Pedraza añadió que, incluso, ya hay personas que han sido sancionadas e inhabilitadas al comprobarse su participación en hechos constitutivos de delitos, como también ocurre, dijo, en el Tribunal de Justicia Administrativa, que ha aplicado multas de entre 300 mil a un millón de pesos y seis personas han enfrentado ya la consecuencia de su actuar.
“Nosotros por incumplimiento de la Ley de Responsabilidades Administrativas hemos sancionado a más de 140 personas servidoras públicas (94 inhabilitaciones, 19 suspensiones y 29 amonestaciones) y 58 de estas sanciones han sido aplicadas en 2025”, expuso ante diputados locales.
Sanciones por omisión de declaraciones patrimoniales
Pedraza Melo agregó que tan solo por incumplimiento en la presentación de declaraciones patrimoniales se había sancionado con inhabilitación a 33 servidores públicos al cierre de 2025.
Detalló que ingresaron a la etapa de investigación 4 mil 073 expedientes por presunta responsabilidad administrativa sancionatoria, de las cuales el 60% corresponden a la administración anterior y el 40% a la actual.
Refirió que de esos expedientes, 3 mil 054 son resultado de las denuncias del proceso de entrega-recepción, informes de auditoría de entes fiscalizadores externos y denuncias ciudadanas.
SJHN",GOOGLE_NEWS_RSS
"Esterilización gratis en Tampico Alto: fechas, horarios y requisitos para llevar a tu mascota - El Sol de México",2026-04-14 07:00,2026-04-14T07:00:00+00:00,El Sol de México,,https://oem.com.mx/elsoldetampico/local/esterilizacion-gratis-en-tampico-alto-fechas-horarios-y-requisitos-para-llevar-a-tu-mascota-29484812,https://news.google.com/rss/articles/CBMi1wFBVV95cUxQQ3FrTTlTUEFVWk1WQlJ1MlBzTFd0YVNoUWEzTWxkejcxYUFKR05aU1o2djFRNVE0NWg2eEgtMXEwUHB6VkV1T04xRmh4LUY2T1dEa0NyVlhLcWJSVnUyMWt2Tm9vbld3RVdTZkZGV3gxY0t1YWtrSXA5NmRGOXJXdHk2b0lSa1JXX0tJSnI4RnlSamlVZGp1bzlxdDUyUTVFYmRFd0tHWGp4dE5COEZMeU9YdHZkM1ZORW1tM3dMOXdhTXd0ZlRhTDlDUF9lRzhZd2dvekt1WQ?oc=5,,"Localmartes, 14 de abril de 2026
Esterilización gratis en Tampico Alto: fechas, horarios y requisitos para llevar a tu mascota
Recuerda: tu mascota debe ir en ayuno de 12 horas y estar sana. ¡Cuidar de ellos es una responsabilidad de todos!
Alfredo Márquez",GOOGLE_NEWS_RSS
¡Suben casetas! Capufe ajusta tarifas de tramos en Tamaulipas | Lista de costos 2026 - Milenio,2026-04-14 07:00,2026-04-14T07:00:00+00:00,Milenio,,https://www.milenio.com/estados/tarifas-capufe-2026-tampico-costos-peaje-autos-motos,https://news.google.com/rss/articles/CBMijAFBVV95cUxNVUwwNWVpUGlwMDYtX1JiaG1uZ2I5azUwQThXdS1LN0FOTVRWTEtNU042Y0lLRTdCMmE5TDZ2WG5SODJEQUFfanZrVTFsRURHd2NoMTkyTzNvdWV2LUNyYTZReFFzR1doQlFEQTRhek1VbkJhQW80YVNrZmJUU3ROQndncXBTci11QmRhUNIBjAFBVV95cUxQVnlQQXYzUDZWd3VfdHhnOTNOeEpoc0hDZlNCUUZWNXdWQ1ZOOWFhVWdkR05ENHFtcDU2TmZ3c09SRU4xUzZuclo1TEFpSUprQkZyeFZMZE42M2t5cHhEWXVXSGozVVhReUFKUlRocGktTXhkMHpkU3Zqckt0VWxaRDZVWWg0aTRqRGhsUg?oc=5,,"Caminos y Puentes Federales (Capufe) aplicó un ajuste en las tarifas de peaje en distintas autopistas del país, en las carreteras que conectan la zona sur de Tamaulipas, particularmente el corredor de Tampico, ya tienen definidas sus tarifas vigentes para 2026. ¡Éstas son las tarifas!
En el caso del libramiento poniente de Tampico, uno de los tramos más utilizados para evitar el tráfico urbano, el costo para automóviles se mantiene en 39 pesos, mientras que motocicletas pagan 19 pesos. Para transporte de carga y autobuses, las tarifas suben dependiendo del número de ejes, alcanzando hasta 155 pesos en unidades más grandes.
Dentro del mismo corredor, el tramo principal que conecta Ciudad Valles con Altamira, identificado como caseta Tampico (D), conserva el mismo esquema tarifario:
- Autos: 39 pesos
- Motos: 19 pesos
Camiones (según eje): hasta 155 pesos
En los accesos intermedios del mismo tramo, los costos se dividen en dos segmentos:
- Ciudad Valles – Blvd. Loma Real: 9 pesos para motos y 18 pesos para autos y
- Blvd. Loma Real – Altamira: 9 pesos para motos y 19 pesos para autos
Aunque las tarifas en Tamaulipas se mantienen relativamente accesibles frente a otras regiones del país, el costo acumulado puede incrementarse para transporte de carga o recorridos largos. En rutas nacionales, hay autopistas que superan los 500 pesos por trayecto, lo que pone en contexto el nivel de cobro en el estado.
SJHN",GOOGLE_NEWS_RSS
Aves acuáticas y peces muertos en la ribera del río Pánuco: acusan malas prácticas de pesca y posible daño ambiental - El Sol de México,2026-04-14 07:00,2026-04-14T07:00:00+00:00,El Sol de México,,https://oem.com.mx/elsoldetampico/ciencia-y-salud/aves-acuaticas-y-peces-muertos-en-la-ribera-del-rio-panuco-acusan-malas-practicas-de-pesca-y-posible-dano-ambiental-29485064,https://news.google.com/rss/articles/CBMihAJBVV95cUxOOEwtdXZRTnB3SGQ2ajlaOHVKVUxqT0xhaktIVUMzZUozNDJrYXU3YkFxMl9lUDQ2dC12VV9oV3ZtT2pYd3AwLTJXMzByVTdNelBYR3NuUEsxZTNlQWN1ZjZnaG4yVVFRUE9jNHQtQndaZm5IQ0JHUzhQNmlxRWdLTFFmYWZ0MFJlcnJLMUo4Rkptd25QNzJGXy0xR2xWVWFBMGY5N3JZckZpOUhvNVVSVUgwR1FJaG8xRzBnTER6ekNOZkNBZFdJOE5ZT3Z3LTJmNnZtc19qN0NOWnpkUUxudVlxaFBad3oxU2RUVkJHTmI0U29VZGlMWDI2OFZ3aGpQV0lvYw?oc=5,,"Ciencia y Saludmartes, 14 de abril de 2026
Aves acuáticas y peces muertos en la ribera del río Pánuco: acusan malas prácticas de pesca y posible daño ambiental
Habitantes de las colonias Benito Juárez y California exigen inspecciones ante la presencia recurrente de cormoranes y peces sin vida en la margen derecha del afluente
Alfredo Márquez",GOOGLE_NEWS_RSS
La Grilla - Milenio,2026-04-14 07:00,2026-04-14T07:00:00+00:00,Milenio,,https://www.milenio.com/opinion/editoriales/se-dice-en-la-grilla-tamaulipas/la-grilla_1129,https://news.google.com/rss/articles/CBMilAFBVV95cUxOdGVwRWdCQzNidE5lV3VpZUVGUjg1SW1UUUhKRmhhOEx2UGNIMWtXQ0VGb29vZXBPZTZUM1ZwRFNMTk1fWkpSUzFfdHNIRXo4U2JkZHhtQ3FIaTRkT0x5d0lmSGtsYlZVcFpacTVSR2RqdG5GRlNIdml5T2hWWERuMy1VdnV6UV9XVWNGMFJLc2xtbUJY0gGUAUFVX3lxTE91UkxDQUtYeVhIaEY1bm5VMDQxaXh0dGRrcDBWYjFSYWtjTm00UmJibHFYMEdkM3RFbHFSOUowVHdMUlhkR05RazNBSDNfRXp6LVo5TDJiNTRUR2cxOGwzOVJKSEkxQWs0Ykx6YTRSUGlOcmY4V3cxN0xmNzFnQXp1UWxXYXZ5TWMtNEZtSWdyRW5mdV8?oc=5,,"Que en el marco de la sexta reunión ordinaria de la Comisión de Asuntos de la Frontera Norte del Senado de la República, se anunció la realización de la Cuarta Audiencia Pública en la zona fronteriza. El evento tendrá lugar el próximo 16 de abril en Victoria y contará con actividades adicionales en el municipio de Matamoros, Tamaulipas.
Que se trata de una medida que busca trasladar el trabajo del Senado de la República directamente al territorio, en este caso a Tamaulipas. Se pretende impulsar acciones legislativas y de gestión que generen políticas públicas integrales con una visión social de sentido regional.
Que quien se convirtió en vocero de la 4T en la zona sur fue el regidor Juan Pizaña, al encabezar la defensa del proyecto de nación de Claudia Sheinbaum, del gobernador Américo Villarreal y de los ediles conurbados. El regidor se ha subido al “ring” de las redes sociales para responder a los políticos de oposición, un mote de defensor que se ha ganado por cuenta propia.
Que activistas y madres buscadoras se reunieron en la oficina de la Presidencia de Tampico con la alcaldesa Mónica Villarreal. La edil se puso a disposición de estos colectivos, reconociendo su labor decidida y contundente por encontrar a sus hijos, hermanos y seres queridos. El compromiso de apoyo quedó en firme, a pesar de que el tema no sea competencia directa del gobierno municipal.
Que trabajadores de la Salud en Tamaulipas han señalado que el IMSS-Bienestar no ha respondido a las necesidades de la población. Como ejemplo mencionan que, en el sur, el Hospital Torre Cantú parece condenado a desaparecer, mientras que el Hospital Canseco sobrevive a duras penas ante la falta de insumos y equipo. ¿Le estará quedando grande la encomienda al titular del área?
Que el Congreso de Tamaulipas se alista para trazar su propia versión del llamado “Plan B” electoral, con una reforma que promete austeridad y eficiencia, aunque inevitablemente abre el debate sobre sus alcances democráticos. La iniciativa busca reducir costos, ajustar estructuras administrativas y armonizar la legislación estatal con los lineamientos federales.",GOOGLE_NEWS_RSS
¿Se detiene el transporte en México? Diesel roza el precio récord de 30 pesos en Tamaulipas - El Sol de México,2026-04-14 07:00,2026-04-14T07:00:00+00:00,El Sol de México,,https://oem.com.mx/elsoldetampico/local/se-detiene-el-transporte-en-mexico-diesel-roza-el-precio-record-de-30-pesos-en-tamaulipas-29478076,https://news.google.com/rss/articles/CBMi1AFBVV95cUxNSXVEUnBnQi1sc0N6V2RSeGxmeE8wUHlKM3FoYjdYekhqNkRVdzBXZXNCTUpWalBBeG5wNjlaQ3A1NHVnVldBOE5TQkZhYlRCc2FUZHNaTFF5VkF3aHR2ajBVWVdzUEY4d3I3QzNYM2tsUUpyRFhGRnFaNzFXU0JjWE5YR3I1TDFzSU5HQkNKTEpmZFhmc1BiZ3NIb29SMFBld3plNE9mZzB2cEhySDdIY2hBd2N3QWR3czBZczNObk82WUI4MU1BcHVvRzhUQVc4eWpJaw?oc=5,,"Localmartes, 14 de abril de 2026
¿Se detiene el transporte en México? Diesel roza el precio récord de 30 pesos en Tamaulipas
Transportistas advierten que el impacto repercutirá en los precios finales de productos y servicios así como en el ISR
Miguel Díaz",GOOGLE_NEWS_RSS
¿Cuáles son los negocios del Cártel del Noreste? Éste es el imperio de la organización criminal - Milenio,2026-04-14 07:00,2026-04-14T07:00:00+00:00,Milenio,,https://www.milenio.com/policia/narcotrafico/cartel-del-noreste-cuales-son-negocios-actividades-delictivas,https://news.google.com/rss/articles/CBMiqgFBVV95cUxNSWZXc2RqaHEyeXRDcV85ckRkYUsyTnM2Q2VWeEhuQUFmRUlEMXVEdWtKZkh4c1BpSGhXX3dINERIQ3RaazJMTmNfUllCc0pSOWFFNEVKZ0wtOVRnbWNnbkthYUdrTFlpYkxBTkItZnZDTTdfNXpMRmhPSkZ4WEJwTGI3akFiYmNwbEJHYzAzWlpHMFBWLVQ3TjZkWlFsdWdGb3JOeko2cHBOZ9IBqgFBVV95cUxNMm9NWTBRRWNlS1BNYmFoOE9hSnZrVTYtaHJlbFBqTkhxLWFwRTZyemJWbGJEVmg3eG9taVRvemJleEZxRWs2M0FIeVQ5R1VrZ1p2ZG5yekREZVl5RmNUd2tNOWRQZEEwTGVxSndxTFNoRGpxd3ZXaElpeEI2cU10ajM4VU4zd1BvOVdWYzJDTUdlYl9EQXpmUmRRRlViOUNfbzZ2UXlWYjBIdw?oc=5,,"El Cártel del Noreste (CDN) no solo es una de las organizaciones criminales más violentas de México, también es una de las más diversificadas en cuanto a sus fuentes de ingreso.
De acuerdo al Departamento de Justicia de Estados Unidos, más allá del narcotráfico, se trata de un grupo delictivo que ha tejido una red de negocios con presencia en varios estados de México y algunas zonas clave del país de las barras y estrellas.
""La influencia del CDN en las ciudades fronterizas mexicanas de Nuevo Laredo, Tamaulipas y Piedras Negras, Coahuila, ha afectado a las comunidades de ambos lados de la frontera, y el papel del cártel en el tráfico de fentanilo y el tráfico de personas pone en riesgo la vida de los estadunidenses"", denunció el Departamento del Tesoro el pasado 6 de agosto, día en el que sancionaron a tres miembros clave de la organización.
Pero, ¿qué se sabe al respecto de su imperio criminal? En MILENIO te explicamos.
Las drogas del Cártel del Noreste
De acuerdo con la Evaluación Nacional de Amenazas por Drogas 2025, publicada por la Administración de Control de Drogas (DEA) el pasado 15 de mayo, el Cártel del Noreste es ""una extensa red de células compartimentadas"" responsables del tráfico de:
- Fentanilo
- Metanfetamina
- Cocaína
- Heroína
- Mariguana
Acorde con los reportes de seguridad, la organización se encuentra detrás de los cargamentos de drogas ilícitas que cruzan la frontera entre Estados Unidos y México por el sur de Texas, antes de trasladarlas a centros de distribución en San Antonio, Austin y Dallas-Fort Worth.
En aquella ocasión, el país de las barras y estrellas también reveló que el CDN sostiene una alianza con La Mayiza, facción del Cártel de Sinaloa.
""La facción Los Mayos suministra al CDN fentanilo ilícito, metanfetamina cristal y cocaína, que luego el CDN contrabandea hacia el norte, con destino a Estados Unidos"", se lee en el reporte.
La DEA advierte que los métodos de ocultamiento preferidos de CDN para el tráfico de drogas incluyen vehículos personales, mulas y carga en tráileres. Además, utiliza a la empresa de autobuses de pasajeros Ómnibus de México (OMEX).
""Los socios, facilitadores y afiliados de CDN operan en Texas, Oklahoma y Georgia, así como en la región norte del Medio Oeste"", se precisó.
EL DATOSu presencia en México
En México, el Cártel del Noreste tiene amplia presencia en Tamaulipas, Nuevo León, Zacatecas y CDMX. También en Hidalgo, Veracruz, Chihuahua y Coahuila, aunque en menor medida.
Las otras actividades ilícitas del Cártel del Noreste
Estados Unidos señala que el CDN es una de las organizaciones con mayor reputación peligrosa, ya que ""sus miembros participan regularmente en actos públicos de violencia"", como asesinatos, torturas, secuestros e intimidación.
El grupo criminal también participa en operaciones de tráfico de personas a gran escala hacia Estados Unidos, a menudo secuestrando o explotando a migrantes con fines de extorsión o trabajo forzado.
Adicionalmente, se habla de:
- Robo de vehículos
- Lavado de dinero
- Prostitución
- Robo a mano armada
- Decapitaciones
En su reciente sanción contra tres miembros clave y un cantante al que señalaron como socio, Estados Unidos recordó que el CDN opera a ambos lados de la frontera.
Esto a raíz de que, en junio de 2025, el Servicio de Inmigración y Control de Aduanas (ICE) arrestó a 72 inmigrantes indocumentados e incautó dinero en efectivo, narcóticos y armas de fuego en un club nocturno administrado por el CDN durante un operativo en Carolina del Sur.
Este establecimiento sin licencia estaba involucrado en operaciones de tráfico de drogas, armas y personas.
Los socios del Cártel del Noreste
La mañana del 14 de abril de 2026, el Departamento del Tesoro de Estados Unidos anunció tres nuevas sanciones contra mexicanos por su vínculo con el Cártel del Noreste.
A través de un comunicado, el gobierno estadunidense destacó que la organización criminal cuenta con ""numerosos asociados influyentes"", que ocultan su actividad delictiva tras la apariencia de profesiones ""públicas, legítimas y aparentemente honorables"".
""Aprovechando sus cargos como tapadera, estas personas intentan ganarse la confianza del público, mientras trabajan entre bastidores para fortalecer el control de CDN sobre Nuevo Laredo, Tamaulipas y la región fronteriza circundante"", señaló el país de las barras y estrellas.
Tal es el caso del abogado Juan Pablo Penilla, quien se desempeñó como abogado de Miguel Ángel Treviño Morales, alias 'Z-40', cuando el líder criminal se encontraba recluido en México.
""Mientras representaba a Treviño Morales, Penilla ayudó (...) sirviendo como intermediario con la actual cúpula del CDN y otros asociados criminales. Esta facilitación le permitió (al 'Z-40') mantener su liderazgo en el cártel"", se lee en la acusación.
Estados Unidos también señaló la participación de dos casinos ubicados a pocos kilómetros de la frontera entre Tamaulipas y Texas como puntos clave del grupo criminal, que operan como depósitos de droga, vehículos de lavado de dinero y sitios donde se tortura e intimida a enemigos del cártel.
RMV.",GOOGLE_NEWS_RSS
"Actrices de “Brujas” destacan Tampico: mariscos, público y teatro que no se olvida - Milenio",2026-04-14 07:00,2026-04-14T07:00:00+00:00,Milenio,,https://www.milenio.com/espectaculos/famosos/elenco-de-obra-brujas-que-dijeron-las-actrices-sobre-tampico,https://news.google.com/rss/articles/CBMiqAFBVV95cUxNSExkZHY2R3pmdC1PbFZJWWRvbllvYkhmVHFTMDNQX3ZtVDRGOU1RblFPMXA1U3hyVmRiWHY2R3Y0b0VJSGJwYTZ4X3MyNHZHLTFaMUtvdVgwT3hldjZqZmNMckFBM1BrLWlHMjNlTURvWmx2Yk1aNzJnU055TnRyWGVOdnp1bHAyV3UtS081ZXp5VkQ2cWloRlJKOU1yY2NuTm1GUS1ZTnXSAagBQVVfeXFMUF9UZFRxMHJDTE9wSjJORlQ4M2J6cVhtbzF6LTdSSUR6SHdPTkwzeldCM3BmdEM1ZkhBTDc1QlVVaGVSWjRUVlZMdlQxd1NiaFpZYzZ5dE40aFlnMU1ac0F2Z3Q3ZGVwWVZSbjl6ekJiUTJGYnpkSTc0T2FfZzVqUEpWWlYwaVNGZndfZFYwbmRrakxNWnNTc0ZWSXE4MkJraDd4V185Y3hh?oc=5,,"La visita de la obra Brujas a Tampico no solo deja impresiones en el escenario, sino también fuera de él. Actrices del elenco destacaron la calidez del público, la gastronomía local y la conexión que encontraron con la ciudad durante su estancia.
En entrevistas, figuras como la actriz argentina, Lorena Meritano compartieron su experiencia al regresar al puerto, recordando incluso sus primeras visitas a México y cómo ciertos sabores, como los camarones, quedaron marcados en su memoria desde entonces.
¿Qué dijeron las actrices sobre Tampico?
Durante su visita, las actrices coincidieron en destacar la hospitalidad de la gente y la calidad de la comida, particularmente los mariscos, que calificaron como una experiencia memorable.
Mientras que la actriz, Gabriela Spanic llegó por primera vez al sur de Tamaulipas; la argentina, Lorena Meritano recuerda que era muy joven cuando estuvo por la ciudad en los años 90.
""Vine como edecan"": Lorena Meritano recuerda su primera visita a Tampico
“Yo quería volver a Tampico a comer camarones”, expresó Meritano, quien señaló que su visita cumplió con esas expectativas al disfrutar nuevamente de la gastronomía local.
“Yo la segunda vez que estoy en Tampico y nunca me voy a olvidar que cuando vine era edecan de una cerveza, no importa cuál, nunca me voy a olvidar cuando vine en el 92. Era muy chiquita y acababa de llegar a México.
Algo que se me quedó de Tampico fueron los camarones… yo quería volver a Tampico a comer camarones.” recordó la actriz argentina.
'Nacasia' un personaje que recuerda con mucho amor, Lorena de la Garza
Por su parte, Lorena de la Garza mencionó que no es la primera vez que visita la ciudad, describiendo la experiencia como cercana y cálida, además de resaltar el recibimiento del público tamaulipeco. Con un tono cercano y agradecido, la comediante y actriz compartió su experiencia actual en los escenarios, destacando el momento profesional que vive y la conexión que ha logrado con el público a través de sus personajes.
“La verdad es que ha sido una bendición. Muy pocas veces uno tiene la fortuna de que un personaje conecte de una manera tan bonita.”
“Estoy muy contenta de pertenecer a este elenco de Brujas, con un personaje que viaja entre la comedia y la tragedia. Está muy interesante, créanme que les va a gustar.”
""Es mi primera vez por acá"": Gabriela Spanic se enamora de la gastronomía de Tampico
Con entusiasmo y cercanía, la actriz venezolana Gabriela Spanic compartió su experiencia durante su visita a Tampico, donde destacó el cariño del público, la calidez con la que fue recibida y, por supuesto, la gastronomía local, que la sorprendió desde el primer momento.
“Gracias a ustedes por esta gran oportunidad. Para mí es la primera vez en Tampico, me siento muy consentida. Me encantó Tampico… ¡la comida! ¿Cómo comimos hoy? No, Dios mío… los camarones, todo.”
Una obra con historia y éxito internacional
“Brujas” es una puesta en escena con trayectoria internacional que ha tenido éxito en países como Argentina y México. La historia, centrada en un grupo de mujeres, ha logrado mantenerse vigente gracias a su mezcla de comedia y drama.
El actual elenco incluye a figuras reconocidas como Gabriela Spanic, Sabine Moussier, Aylín Mujica y Cecilia Galliano, quienes han consolidado la obra como una de las más atractivas en cartelera.
Las actrices destacaron que formar parte de este proyecto representa una oportunidad para seguir acercando el teatro a nuevas audiencias, especialmente en ciudades donde el público mantiene vivo el interés por las artes escénicas.
El valor del público fuera de las grandes ciudades
Uno de los puntos que más enfatizó el elenco fue el papel del público en ciudades fuera de los grandes centros urbanos, al considerar que son fundamentales para la permanencia del teatro.
Las intérpretes señalaron que el apoyo de estas audiencias permite que la cultura escénica continúe vigente, recordando que muchas de estas obras forman parte de la memoria colectiva de distintas generaciones.
Finalmente, el elenco reiteró su entusiasmo por presentarse en Tamaulipas, donde además de disfrutar de la gastronomía y el clima, encontraron una respuesta positiva del público, consolidando así una experiencia que va más allá del escenario.",GOOGLE_NEWS_RSS
Captan a tortuga lora haciendo su nido; Así se ve | VIDEO - Milenio,2026-04-14 07:00,2026-04-14T07:00:00+00:00,Milenio,,https://www.milenio.com/comunidad/tortuga-lora-pone-huevos-playa-bagdad-captan-video,https://news.google.com/rss/articles/CBMijAFBVV95cUxPR1hoMWFKMTFmZkRSYmN6M2dvOUM0Tld3NVJEWkFPV0pvM3RZSk1GbFpjd1ZCZFA3N2hUSHdmUGlHTXY4a0xSSW1RQ3owSUxKc3lMS0NheEk1UFhTbG42b01NWGxQdmJNSDZzUDdIbFhqMU9Xc016N21GcmJiT2pCZUw3MTAyMm1BVkJkQtIBjAFBVV95cUxOcFlNLUxtZ2wtc2ZzcWdMQzl4RWxTLUdTRmwyYXFyLUVGTVNzanJOWVBMZl81S0EwZk5aZjNmR2RPNTVhMVk0YmZvdGNORTVNYlk0ZEUwNTlsUk5rVFRWX25yN0xXZ3o4OXB2TDFHX2E4aEs5ZU5mekx6YWpqYXlEMXE5cWpOU2VHMDBIag?oc=5,,"Una alta afluencia de tortugas lora durante su temporada de anidación se ha registrado recientemente en diversas costas de Tamaulipas. Un video que ha circulado por redes sociales evidencía el movimiento que realizan para proteger sus huevos de las amenazas de la naturaleza.
Hasta el momento van más de 16 mil huevos protegidos durante la temporada de anidación de las tortugas marinas en distintas costas del estado de Tamaulipas. Autoridades han recorrido diferentes litorales para atender los reportes de turistas o Protección Civil, lo que les permite llegar rápido al sitio y resguardar los huevecillos en campamentos tortugueros especializados.
Registran alta anidación de tortuga lora en playa Bagdad
Una alta actividad de anidación de tortuga lora se ha registrado en los últimos días en playa Bagdad en Matamoros. Mediante recorridos de monitoreo, la asociación ambientalista Conibio Global compartió mediante redes sociales la imagen de una tortuga lora posando sobre la arena después de haber realizado su ritual de anidación.
Ante esto, los ambientalistas señalaron que este fenómeno representa un momento clave para la conservación de esta especie en peligro de extinción.
Así se ve una tortuga lora compactando la arena de su nido
Asímismo un video comenzó a circular por redes sociales en donde se puede apreciar a una tortuga lora en la costa de playa Bagdad, sobre la arena, realizando su nido para depositar sus huevos. En el video se puede ver como realiza varios movimientos con sus aletas y caparazón para compactar la arena donde futuramente saldrán nuevos ejemplares que comenzarán una nueva aventura.
Este es el proceso de anidación de la tortuga lora
Primero salen del mar hacia las playas, siendo casi a menudo en costas de Tamaulipas, posteriormente la tortuga utiliza sus aletas traseras para excavar un hoyo en la arena de unos 40 a 50 cm de profundidad para así depositar sus huevos uno a uno en el nido, generalmente un promedio de 90 a 100 huevos por nidada.
Una vez finalizada la puesta, cubre el agujero con arena y utiliza sus aletas para compactarla, como se observa en el video. A menudo mueve arena alrededor para confundir a los depredadores sobre la ubicación exacta del nido.
Tras asegurar el nido, la tortuga regresa al agua sin cuidar de la nidada.
Reportes de anidación de tortuga lora hasta el 12 de abril del 2026
La Comisión de Parques y Biodiversidad en Tamaulipas reportó un total de cinco campamentos con 334 nidos y 28 mil 846 huevos de tortuga lora
- La Pesca: 52 nidos y 4 mil 865 huevos
- Tepehuajes: 53 nidos y 5 mil 84 huevos.
- Altamira: 149 nidos y 11 mil 601 huevos.
- Madero: 78 nidos y 7 mil 137 huevos.
- Matamoros: 2 nidos y 195 huevos.
Lo anterior suma un total de 334 nidos y 28 mil 846 huevos.
JETL",GOOGLE_NEWS_RSS
Atienden más de mil quejas y denuncias contra policías en Tamaulipas - Milenio,2026-04-14 07:00,2026-04-14T07:00:00+00:00,Milenio,,https://www.milenio.com/comunidad/atienden-mil-quejas-denuncias-policias-tamaulipas,https://news.google.com/rss/articles/CBMiiwFBVV95cUxNU3daQ0xLVTFJNDF5NXJ0SnFrbzZLM0dLOGdXMnFtemg1UXdSYnExdkwyVzRtczBaakQ4cTQwUDZjWTlBb291MkVvVDNVM2NUVXFMMy1xSkxZZTczV1dIUnFIeE5oYkdSZmVwNWw2MTM5NjhGaTc0eURyOHNjelpVRGZCVjh2SzBYUjAw0gGLAUFVX3lxTE1fT2tELVNpeU5ZVl9uWWJnb2NOVV96V3Y4VVJvSnZ0V0NIOFRxMjZYN0pSQVMwTndqc0JyQXJrNlJtcjJybGZzeXJ2QWZldWpGRDhtTjl1QThnLU9FRDNLTlc0dWZMdlpfR1pGYjVXOV9OWXZ0WnhYXzQ0a2xQbDduX0RDNkgwM3hDUnM?oc=5,,"Entre marzo de 2025 y febrero de 2026, las autoridades de Seguridad Pública en Tamaulipas atendieron 1,011 quejas y denuncias por la actuación de sus policías, de las cuales casi una tercera parte, 320, sigue sin resolverse, mientras que 691 ya fueron concluidas.
Del total de casos, más de una cuarta parte, 267,escaló a procedimientos formales ante el Consejo de Desarrollo Policial, en tanto que 212 derivaron en sanciones aplicadas por mandos superiores, evidenciando faltas que sí ameritaron castigo.
Además, 21 expedientes fueron turnados al Órgano Interno de Control, lo que implica posibles irregularidades de mayor gravedad. Sin embargo, también destaca que 191 casos fueron cerrados por falta de elementos, lo que reflejó las limitaciones en la integración o sustento de las denuncias.
Cabe precisar que, del total de expedientes atendidos, se dio seguimiento a 233 que se encontraban en trámite desde el ejercicio 2024, mismos que se sumaron a las 778 quejas y denuncias recibidas en 2025.
Así lo dio a conocer el cuarto informe de la administración pública estatal, agregando que, en paralelo, se llevaron a cabo 331 visitas de supervisión en instalaciones y áreas operativas, como parte de las acciones para vigilar el desempeño policial.
Expone que estos resultados se desprenden del Programa Integral de Recepción de Quejas y Denuncias, el cual tiene como objetivo potenciar la confianza ciudadana y la rendición de cuentas en Seguridad Pública.
“Porque consolidar instituciones de seguridad sólidas y confiables exige, además de capacidad operativa, la existencia de mecanismos claros que aseguren la legalidad, la rendición de cuentas y el apego a los principios que rigen el servicio público”, cita textualmente el documento del informe.
Por otro lado, se dio a conocer que en respuesta al compromiso de fortalecer las capacidades institucionales en materia de seguridad pública y procuración de justicia, se continuó con las acciones de formación, capacitación y profesionalización del personal operativo a través de la Universidad de Seguridad y Justicia de Tamaulipas (USJT), como eje estratégico en la consolidación de cuerpos policiales y de investigación más preparados y eficientes.
Además, de marzo de 2025 a febrero de 2026, egresaron de la Universidad 211 aspirantes de Policía de Proximidad, 83 de la Guardia Estatal, 54 de Policía Penitenciaria, nueve Guías Técnicos, 29 Policías de Investigación, 20 Agentes del Ministerio Público y nueve Peritos.
En total se llevaron a cabo 24 programas de capacitación, de los cuales 11 fueron dirigidos a la Secretaría de Seguridad Pública y 13 a la Fiscalía General de Justicia del Estado, con la entrega de 2,169 constancias, mediante recursos del Fondo de Aportaciones para la Seguridad Pública y recursos estatales. Como parte de la actualización profesional del personal activo, se desarrollaron acciones de capacitación continua.
yc",GOOGLE_NEWS_RSS
¡No es Japón es Tampico! Temporada de árboles palo de rosa - Milenio,2026-04-14 07:00,2026-04-14T07:00:00+00:00,Milenio,,https://www.milenio.com/ciencia-y-salud/caracteristicas-del-arbol-palo-de-rosa,https://news.google.com/rss/articles/CBMihAFBVV95cUxNSk8xZW9qUXZfRDIzMGNlOE5QUmloaWhvUHJ1YmMxYk9Id0lfM1QtUm01S1htek9OdjhnNDZCX21pT1ZEc1NRaV9nbVlZbUw3YS1aRWN6MkkxQ3dZLUhQMGpUM1RscWlhUWdfbEVTd04xRWZrbTlzM1ZvbXMxUnZ5dXUxN27SAYQBQVVfeXFMT2F2RFdSSDBha3NGWVE0alFzVmxZLTZ1NVVVdEFDOFVBQVpJR29ubEo5TFBJMkVGbEFoYXRETURHZE5seEdtSk9wVFljazkwYVNwM193Mi12LTJSbC1SQTVmYUwwX0MwaXQtNkdmYjRtc3B1WkFyYk8yQWZYX3poYkUtWkxI?oc=5,,"El árbol palo de rosa que pinta ciudades enteras durante la primavera tiene funciones diferentes y varias especies están protegidas debido a la tala ilegal y la explotación desmedida. Su florecer en la ciudad de Tampico causa encanto en los habitantes, es por eso que te traemos un poco sobre su presencia en el planeta tierra y su importancia.
Temporada de árboles palo de rosa en Tampico
El Tabebuia rosea mejor conocido como el ""palo de rosa"", es una especie utilizada mayormente como un adorno estético en diferentes ciudades incluyendo Tampico, entre los pabellones, parques principales e incluso cerca de lugares turísticos como la ""Laguna del Carpintero"" puedes encontrarlos.
Florece principalmente en la primavera; iniciando desde invierno y alcanzando su esplendido florecer entre los meses de marzo y abril, en algunos casos puede extenderse ligeramente hasta junio.
El origen de su nombre ""palo de rosa""
Se debe a su color rosa de las flores que brota de él, las tonalidades pueden variar desde los rosados suaves hasta los más intensos.
Este árbol tiene varios nombres: maculís, primavera, roble, amapola o rosal.
Un dato extra sobre esta especie es que la madera se caracteriza por su alta calidad, resistencia y tonalidades que van del rojizo al marrón oscuro. Por lo tanto esta característica también tiene relación con el nombre, pues los árboles con estas mismas propiedades similares, valor comercial y belleza natural se le denomina diferentes tipos.
Otras características del árbol palo de rosa
Llega a alcanzar alturas que van de los 10 hasta los 30 metros, es un árbol rápido de crecimiento aunque su alcance máximo de madurez es dentro de 10 a 20 años.
Como se menciona anteriormente es bueno para adaptarse en zonas cálidas y húmedas, pero también es resistente a la sequía.
En redes sociales por medio de fotos, cada año causan sensación por la increíble vista y tomas que se pueden sacar de estos árboles. Es el 'spot' ideal para los amantes del área libre de la zona conurbada de Tampico.
Con sus colores llama la atención siendo uno de los favoritos de los tampiqueños; algunos incluso llegan a hacer comparaciones por su parecido con el árbol japonés rosa o Sakura (Prunus serrulata) es un cerezo ornamental famoso y originario de Asía, que a simple vista llega a tener similitudes con el palo de rosa.
Te compartimos estas increíbles imágenes:
Funciones del palo de rosa
Funciones Naturales
- Producción de oxígeno
- Hábitat para fauna
- Alimento para polinizadores
- Regulación del clima
- Protección del suelo
Funciones humanas
- Ornamental
- Madera
- Instrumentos musicales
- Medicinal tradicional
- Sombra y confort
Una especie protegida
Muchas especies de palo de rosa están protegidas por acuerdos internacionales como la Convención sobre el Comercio Internacional de Especies Amenazadas (CITES), derivado de la tala ilegal y la explotación; actualmente se promueve el uso de maderas alternativas y prácticas sostenibles para conservar estos árboles
Su demanda en industrias como musical y carpintera es muy alta, la disponibilidad es limitada debido a regulaciones ambientales que restringen su comercio.",GOOGLE_NEWS_RSS
¿Listos para el drama? Todo sobre las funciones de “Brujas” en Tampico este miércoles - El Sol de México,2026-04-14 07:00,2026-04-14T07:00:00+00:00,El Sol de México,,https://oem.com.mx/elsoldetampico/gossip/listos-para-el-drama-todo-sobre-las-funciones-de-brujas-en-tampico-este-miercoles-29498332,https://news.google.com/rss/articles/CBMiywFBVV95cUxPTE51UGp3TDJCQWxCdmtGMW9EYlYzY28xYUoxUFNQa0c3bHdDODNzZm5jWUhLUDFNa0hodS1oaXR6bDR2eFlCTUF4a2pvYkZtSGtNNjJ6ZEZfRGxWVFRZOUIzQVQ4andISDFLOUJpNmZBQktmQVBfOEZuVDNHNkxqQ3dUNjZ2Q2lsVWRtNHVkaHE1TjM4V2Mya2t0WU9lRUVEX21rQ0E5QXgzVTBQNWZrb2VMN1VDem0tT0p2eVFSU2l0MENUVTY0bVd1dw?oc=5,,"Gossipmartes, 14 de abril de 2026
¿Listos para el drama? Todo sobre las funciones de “Brujas” en Tampico este miércoles
Gaby Spanic, Sabine Moussier, Bárbara Torres, Dalilah Polanco y un elenco espectacular llegan al Metro de Tampico este miércoles 15 de abril
Mario Cruces",GOOGLE_NEWS_RSS
Así se vería restaurado el edificio histórico en Centro de Tampico - Milenio,2026-04-14 07:00,2026-04-14T07:00:00+00:00,Milenio,,https://www.milenio.com/comunidad/teatro-shakespeare-de-tampico-con-inteligencia-artificial,https://news.google.com/rss/articles/CBMilgFBVV95cUxPYmpvZm1DM0kwRlR5YVNUUk9WeXpSQy00MWhDRnI0NngtWUtnMWVOQmpFbWdTU1B5VWVaV296WWt2bWNDMUdpS19KY0RfTGJiUG9IZ09rdVpWV1BiU0FxWTAzQUdid3ZVM2tFUEgxakRpN1BxeURGMHRCNUlYY3Jaa1FiSUhsVUd4ZW8zRElwcGk5cGw2a2fSAZYBQVVfeXFMTUstYURiZzZwb21uV0tXZ2hobllQeEItQkFvYmhZZnVvUVc1di1DczNLMXlTU2lLRmV6SE5aSHI2SjlQeDlJRC1SZVFJWnpOeGM0d1BrdTZnM0R2aXg1MENEUm1QM0FUcXRkeEpWd2ZOSkNObHk1Qk5HMXpabTV6dkJFWFEtY05QSEFRVmctR0t6WV9kVVZn?oc=5,,"Durante la celebración por los 203 años de la ciudad de Tampico, el gobierno de Tamaulipas declaró la recuperación de un edificio histórico en el Centro de Tampico con la finalidad de convertirlo próximamente en un teatro llamado ""Foro Shakespeare"" y con ayuda de la inteligencia artificial se creo la imagen de como se vería restaurado.
El potencial en los edificios históricos de Tampico
En Tampico hay un sin fin de propiedades que tienen mucho potencial por ubicación, estructura e incluso su historia y el edificio de la Benemérita Sociedad Mutualista Hermanos del Trabajo, que tiene más de un siglo no es la excepción.
Con un poco de imaginación y ayuda de la IA, pudimos crear una imagen representativa de como se vería el edificio restaurado como el nuevo teatro llamado ""Foro Shakespeare"" ubicado en la calle Sor Juana Inés de la Cruz, a un par de cuadras de Presidencia Municipal.
La presentación del Foro Shakespeare
En el marco de la celebración por los 203 años de Tampico, el gobierno expropia un inmueble histórico ubicado en el centro del puerto con la finalidad de instalar un teatro y espacio para eventos culturales.
La finalidad es que se habilite un nuevo espacio enfocado a las actividades artísticas y culturares beneficiando a todo el sur de Tamaulipas; previamente ya se habían registrado propuestas de los colectivos artísticos por rescatar dicho espacio.
Foro Shakespeare con IA
Con el apoyo de la ia se pudo realizar la creación de como se vería el edificio restaurado como el nuevo teatro ""Foro Shakespeare"".
Sin duda la imagen representa la esencia y arquitectura histórica del edificio dando un plus con el color amarillo y unos anuncios que destacan el nombre del foro, la foto trasmite nostalgia, historia, época y emoción por este próximo teatro para el sur de Tamaulipas.",GOOGLE_NEWS_RSS
Los niños que sueñan con máquinas: estudiantes de Tampico recaudan fondos para asistir al mundial de robótica - El Sol de México,2026-04-14 07:00,2026-04-14T07:00:00+00:00,El Sol de México,,https://oem.com.mx/elsoldetampico/tendencias/los-ninos-que-suenan-con-maquinas-estudiantes-de-tampico-recaudan-fondos-para-asistir-al-mundial-de-robotica-29496223,https://news.google.com/rss/articles/CBMi9AFBVV95cUxPc0xrUHgwcC1aRV9GR2xvMnhBRy03LUNRallzUC1tM0ZTT0RqcWtkZzdYdmF6c0NlV1djajNaeUV0M0lrWU5USFAySzJ6QkprUFlWMEVEUkpfQTFueWk3QVVkZFNmNm10WmpWb0lpeHdIQnhpdU9DN2UxV2tNMjYxRnlMQXI2SGZLdkFXeXRueVVzZk1rckxuanB0MndSTjFCRml0SkE5WVN0Wko3UHBkZ3VFVzdONURNeW83ZHN3enNoVzVLb2tlYk1ELVp3bmtJVmhrbGU0Vklua3FUR1JoSGxieEtEQV92UEYyWm1leHlMZFFH?oc=5,,"Tendenciasmartes, 14 de abril de 2026
Los niños que sueñan con máquinas: estudiantes de Tampico recaudan fondos para asistir al mundial de robótica
La competencia se va a desarrollar del martes 28 al jueves 30 de abril en Estados Unidos
Itzia Rangole / El Sol de Tampico",GOOGLE_NEWS_RSS
Emprende y aprende / Entre la oportunidad global y el reto local - El Sol de México,2026-04-14 07:00,2026-04-14T07:00:00+00:00,El Sol de México,,https://oem.com.mx/elsoldetampico/analisis/emprende-y-aprende-entre-la-oportunidad-global-y-el-reto-local-29478466,https://news.google.com/rss/articles/CBMitAFBVV95cUxNWjhuQ25rN2MxTXZmWWhGcjFodWZmbzFEeWtBOGwwaE9ZaHhINXJKYnVtSG4yYmNXaHRQd1lkYWRmczNCNHAyMlVLNkxKQ2NwRWJiTGZremNaeUVkcGpMV2g2MWVnNWE4RXMyNFBsV2w0cTBtTEZhUG9nX0hQVWdHcFZtcjcyQ1k0NW1aY2NjdVdTS3RKTGgzRGQtQlh4TjBmMVZCRmctRVJWeUhRU1RBaWtaZUo?oc=5,,"Análisismartes, 14 de abril de 2026
Emprende y aprende / Entre la oportunidad global y el reto local
Las opiniones vertidas en este artículo son responsabilidad de quien las emite y no de esta casa editorial. Aquí se respeta la libertad de expresión
ÚLTIMAS COLUMNAS
Más Noticias
COLUMNAS
CARTONES
LOÚLTIMO
Newsletter
¿Te quedas fuera de la conversación? Mandamos a tu correo el mejor resumen informativo.",GOOGLE_NEWS_RSS
El futuro de Pemex está en Tamaulipas: apuestan por el gas natural y yacimientos no convencionales - El Sol de México,2026-04-14 07:00,2026-04-14T07:00:00+00:00,El Sol de México,,https://oem.com.mx/elsoldetampico/local/el-futuro-de-pemex-esta-en-tamaulipas-apuestan-por-el-gas-natural-y-yacimientos-no-convencionales-29488920,https://news.google.com/rss/articles/CBMi3wFBVV95cUxNVHk0YThsYzV2X3A4ZU5RY3BmZzJXSHdxanVlSzJWNWsxVFc1MmhEdmhiUmY2OGlPcjUtRGl1ZmQtTURoaEJubDlaR1lQQ3JSdUk0amtHLVlIemt6UGdWZG1WU3BqRlEtbEVhajMxRzBnaEVXQWpwN3pMQVNOQXdLZHFEbXY5M0FGYy04dHR2YWRzLWR3eFFqUTg4b1lfck9kNDY0TlN1ejVLV0drMnlfTUw0SlhSX1FQUlZXQW1udWpCRzFCMUdJTGVEWjRVSlpmS2Y4ckppVU85aVRqZnhF?oc=5,,"Localmartes, 14 de abril de 2026
El futuro de Pemex está en Tamaulipas: apuestan por el gas natural y yacimientos no convencionales
El estado concentra el 77% de los recursos prospectivos no convencionales del país
María Macías
El estado concentra el 77% de los recursos prospectivos no convencionales del país
María Macías",GOOGLE_NEWS_RSS
Tampico va contra ruido y basura en mercados rodantes: multas de hasta dos mil pesos - El Sol de México,2026-04-14 07:00,2026-04-14T07:00:00+00:00,El Sol de México,,https://oem.com.mx/elsoldetampico/local/tampico-va-contra-ruido-y-basura-en-mercados-rodantes-multas-de-hasta-dos-mil-pesos-29472137,https://news.google.com/rss/articles/CBMizAFBVV95cUxNbDhpR2RJbjUxbHY0N01ST0RVYkZfSUxoZmxOc08ySzRqQlhsNG5IdElPa2R2cUJOV213b2RmUDg3Qmg2dlJyZ0FaazVFeDBZVXNablNYdk5vNDhUWkpYVGxmU1Q0TzZSY2l1bHdSOGxXdXRCMnFCUlhYelRQTFp1dnRXMEtSY19sVGZHTlFVaGV3ZC1sT1VMLVB0MUpvU3FuN0otcVB3MElGY3dGUEtXanh1aEJmTnVfMTEtOFNXRk9sY29aenJXcXZLN2E?oc=5,,"Localmartes, 14 de abril de 2026
Tampico va contra ruido y basura en mercados rodantes: multas de hasta dos mil pesos
Comerciantes deberán acatar nuevas disposiciones para evitar sanciones económicas y contribuir a espacios más ordenados
Yadira Hernández",GOOGLE_NEWS_RSS
¿Dolor después de hacer ejercicio? Estas son las lesiones más comunes y cómo tratarlas - El Sol de México,2026-04-14 07:00,2026-04-14T07:00:00+00:00,El Sol de México,,https://oem.com.mx/elsoldetampico/deportes/dolor-despues-de-hacer-ejercicio-estas-son-las-lesiones-mas-comunes-y-como-tratarlas-29455857,https://news.google.com/rss/articles/CBMi0gFBVV95cUxPVVFfRFJzSHBPNU9mc245aVRaU0hCcDk4Z3FfMmJMbkQxRUVyV3pLbFlETGE4OHBOU3JQM2ZUOXVESzJpdS1feHkxaWtCalpEemItUTh3T1kwWWlhRk1sa2NZV2NEdEtpeHREMXJ3SUFRd2o5VkdtRG1Kc2ZBWFQ0VloycEZhODJsclNDcHA2T2xnN1lsVWpsTlVNSzd1WWp4OEpsUkNSNzVYRmUxemxxUTR2Tkhtak8tT0FrcmJ5T0dUc0lxNHZhOHVvYjFiZ2NMN0E?oc=5,,"Deportesmartes, 14 de abril de 2026
¿Dolor después de hacer ejercicio? Estas son las lesiones más comunes y cómo tratarlas
La atención oportuna y estrategias preventivas son clave para mejorar la función y reducir el riesgo de recaídas
Antonio Campos",GOOGLE_NEWS_RSS
Chucho Nader propone bajar tarifas eléctricas y eliminar IEPS a combustibles - Milenio,2026-04-14 07:00,2026-04-14T07:00:00+00:00,Milenio,,https://www.milenio.com/politica/chucho-nader-bajar-tarifas-luz-eliminar-ieps-combustibles,https://news.google.com/rss/articles/CBMilAFBVV95cUxPSlk3UWs4N3ZBRjIxTVkybnh3N0dIdVVXNmhYcDg2UXNlM084d2prQ0F5SFJEdWJjRU1oanVEUG1EaWRPOXVTLW5hS3h2U1B0US1fNW1samxQemZXQUY0bHRJOFJIVm9kN3phbS05emtYWTFXbEh5YzdVR2FnNHByUzRRR2xVYnBYY2ZxTlNQS3FaaHVZ0gGUAUFVX3lxTE03d2pMSmc4V3R6QlZVa2dQYVBlRkFENFJ4T3ktcGwxVERId3FTemh2RHpKVHZOQXViM2pud2cyN2FNTERXRXlJbTNNTlpkS3JFVUJDdlE3bUJlNTVCVVhPSloyWkk3eWt1bExHbVdveGZPUk9aRXg1VENpUjFsaWhyM1JiWHh2Y2JiUTY4aEVpbUh4Q1c?oc=5,,"El diputado federal Jesús Nader Nasrallah presentó ante el pleno de la Cámara de Diputados dos iniciativas enfocadas en aliviar la economía de las familias del sur de Tamaulipas: una busca reclasificar las tarifas de energía eléctrica y otra plantea eliminar el Impuesto Especial sobre Producción y Servicios (IEPS) en gasolinas y diésel.
Durante su intervención, el legislador del Partido Acción Nacional señaló que actualmente la Comisión Federal de Electricidad cuenta con un subsidio temporal conocido como “tarifa de verano”; sin embargo, consideró que ciudades como Tampico y Ciudad Madero enfrentan temperaturas extremas tanto en verano como en invierno, por lo que propuso que el apoyo sea permanente para usuarios domésticos.
Explicó que la iniciativa pretende que la Secretaría de Energía, a través de la Comisión Nacional de Energía, establezca una metodología para ajustar las tarifas eléctricas con base en el consumo doméstico y las condiciones climáticas de cada región, garantizando al mismo tiempo la continuidad del sistema eléctrico y la protección de los hogares.
Chucho Nader argumentó que los cambios de temperatura elevan el consumo de electricidad, ya sea por el uso de ventiladores y aires acondicionados en verano o por calentadores eléctricos en invierno, lo que impacta directamente en los recibos de luz y en la economía familiar.
En una segunda propuesta, el legislador planteó eliminar el IEPS aplicado a gasolinas y diésel, con el objetivo de contener los precios de los combustibles y reducir costos para consumidores y sectores productivos.
Indicó que, aunque se trata de una cuota fija por litro, el ajuste anual del impuesto incrementa los gastos operativos de empresas que dependen del transporte. Como ejemplo, mencionó que el IEPS de la gasolina Magna pasó de 6.18 pesos por litro en 2024 a 6.4555 pesos en 2025, lo que representa un aumento de 0.2755 pesos por litro.",GOOGLE_NEWS_RSS
Jaiba Brava celebrará el Día del Niño: autógrafos y sorpresas en el Estadio Tamaulipas - El Sol de México,2026-04-14 07:00,2026-04-14T07:00:00+00:00,El Sol de México,,https://oem.com.mx/elsoldetampico/deportes/jaiba-brava-celebrara-el-dia-del-nino-autografos-y-sorpresas-en-el-estadio-tamaulipas-29473635,https://news.google.com/rss/articles/CBMi0wFBVV95cUxOMlZHOUpEbXdkVzJpUkFtMDFZT0cwSGRYTlRoM2hRWEUtdXdrcEN5cTdNRmctOW8tYkx0R2MxMmtDMFQyWlN2Q1FaaFhTZUZibURMa2hjYWFWN2I4UmdXX29fRG12ZE4wVm1IMng0NEZ1ZEhkLWhxQTJ0Z3RTcEZZWXVDMUhMSWhVRl91aHBWOUU5dUZkM3Q2bnUxWWM3cXJKS3lqVzM3emx6MEJ4WVJPMjJmTjl0NE4zaUk5UU5menZCQnJVRnZ6eWJsSS15bXhCak9r?oc=5,,"Deportesmartes, 14 de abril de 2026
Jaiba Brava celebrará el Día del Niño: autógrafos y sorpresas en el Estadio Tamaulipas
El evento reunirá a familias y jugadores en una jornada con dinámicas, regalos y actividades pensadas para los más pequeños
Paulo Monsiváis",GOOGLE_NEWS_RSS
¿Cómo son los 'narcocasinos' del Cártel del Noreste sancionados por EU? - Milenio,2026-04-14 07:00,2026-04-14T07:00:00+00:00,Milenio,,https://www.milenio.com/policia/narcocasinos-del-cartel-del-noreste-como-son,https://news.google.com/rss/articles/CBMiggFBVV95cUxONEUxdS1CNnlWMEVCTzdDT1oxcEZyN1RQbkdkbmk2eHdnTFJZRVlnTVRGc3FDWHJjRWY4OG9JQXZjYXUxZm9NNDhoalFSZ3dkSGlIU0t1UnhJU0lVejhSTm9lQUNfN2JISTBvZ0QzSmRmV0FzMW9nVWIwcldTcUlpVGJn0gGCAUFVX3lxTFBZZjQxeTJ1UGNiUElTQkpYbU96QUh3dXJpMXdFeXVPb0lvbG1aVWVhY1ZRRWZuc0ZhaXoxTlZNQ1dxZU5GLUdJUkV6LWJmYjl6b3V6N2RQbGZ3X294eUNwYmhTUy1jTmkwODRRcUplU3F1VHprNVMtbVB5Q3FhMVN2WEE?oc=5,,"El martes 14 de abril, el Departamento del Tesoro de los Estados Unidos sancionó a dos casinos, ubicados en la zona de la frontera norte de México, por sus vínculos con el Cártel del Noreste (CDN), grupo delictivo conocido anteriormente como Los Zetas.
Al respecto, el periodista Diego Soto informó para MILENIO que dichos centros de apuestas se tratan del Casino Centenario en Nuevo Laredo, operado por la empresa CAMSA; y el Diamante Casino en Tampico y su plataforma de apuestas digitales. Aquí te decimos todo lo que sabemos.
Casino Centenario: Del bingo a mesas de riesgo
En el caso del Casino Centenario, como se mencionó, se encuentra ubicado en Nuevo Laredo, en la frontera entre Tamaulipas y Texas. Aunque estaba próximo a abrir otra sucursal en un mall del Norte.
MILENIO intentó consultar información de este establecimiento en su página web; pero, dice que ""por el momento, está en mantenimiento"". Este casino se distingue por su logo de un asno con un dado de apuestas.
Sin embargo, existe otra página web con el mismo nombre y logo, pero con el dominio de restaurante y bar Casino Centenario, en la que el lugar se promociona con una pestaña que dice: ""tu fortuna está aquí"".
En dicha página puedes ver platillos, bebidas y postres que puedes consumir en el casino, cuyos precios van desde los 50 hasta 550 pesos mexicanos.
El lugar presume tener una calificación de 4.6 estrellas otorgadas por sus clientes, quienes pueden solicitar el servicio de miércoles a sábado de 09:00 al 03:00 horas.
Según la página, este establecimiento se encuentra ubicado en el número 2256 de la avenida Reforma, colonia Infonavit Fundadores, Nuevo Laredo, Tamaulipas.
Entre sus tipos de apuesta resaltan juegos de bingo, deportivas, slots y mesas de riesgo.
Según el reporte del Tesoro, este lugar no era solo un centro de apuestas, sino una pieza logística del narcotráfico:
- Logística criminal: El establecimiento era utilizado como ""clavo"" o escondite para cargamentos de fentanilo y cocaína
- Centro de operaciones: Se documentó que la trastienda del casino era utilizada por sicarios del CDN para torturar e intimidar a rivales o víctimas de extorsión
- Impacto binacional: Por su ubicación a solo dos millas de la frontera, el casino atraía activamente a ciudadanos estadounidenses, quienes a partir de hoy tienen estrictamente prohibido realizar cualquier transacción con el inmueble
Diamante Casino
Por su parte, el segundo establecimiento señalado se trata del Diamante Casino, ubicado en Tampico, Nayarit, cuya página web si aparece en los navegadores de búsqueda, pero al ingresar a ella no carga.
El logo de este establecimiento es un diamante, amarillo, cortado a la mitad, en un fondo negro.
Con información de Diego Soto
RM",GOOGLE_NEWS_RSS
El 75% del gas natural que se utiliza en México proviene de Texas: Tamaulipas podría revertir esta situación - El Sol de México,2026-04-14 07:00,2026-04-14T07:00:00+00:00,El Sol de México,,https://oem.com.mx/elsoldetampico/local/el-75-del-gas-natural-que-se-utiliza-en-mexico-proviene-de-texas-tamaulipas-podria-revertir-esta-situacion-29359705,https://news.google.com/rss/articles/CBMi6wFBVV95cUxOZzVPUnRqUWRTN2gwRDJwYl96eXFFdWZnZWNoS1BqMmt3emhudkVER1VwdXFVQUxnMW9Vc0dQbE9RX01KcmtWVVBRa29qNTNDUjc4QVkwWDdORXVfMjVQckN0MXZ6WmtDOVdzVkZjZElESDREenNvMmVYcnpGRGlRU0NNZzZlc2ZhZHV4QjRRdU1la1Nlal9oNFF4WmpLWFhKY1BRcVM0ZTNva3hRTExGMnd6OHlsc2ZIeXdtajd3QkRzeHFaMXQ2blBCSGY4UVBPUk1XMHRJa1U1SVB3cFd6WTc5WnZLR1EzS0VZ?oc=5,,"Localmartes, 14 de abril de 2026
El 75% del gas natural que se utiliza en México proviene de Texas: Tamaulipas podría revertir esta situación
El plan está siendo analizado por la entidad con un estricto enfoque en la viabilidad ambiental
María Macías",GOOGLE_NEWS_RSS
Departamento del Tesoro sanciona a casinos en Tamaulipas por lavar dinero del Cártel del Noreste - El Sol de México,2026-04-14 07:00,2026-04-14T07:00:00+00:00,El Sol de México,,https://oem.com.mx/elsoldemexico/mexico/departamento-del-tesoro-sanciona-a-casinos-en-tamaulipas-por-lavar-dinero-del-cartel-del-noreste-29485820,https://news.google.com/rss/articles/CBMi3gFBVV95cUxOME9xYjlrZjdadzVmd05ROHZZNGNVci1YTzlRQ1F6OXRBUUJwU09sWTJEUGhJQXloUktwbVFXNmZ6OEdidVpDVXBQSjNhT21TZjFKTDFqbmZVcEN5QTJPQmFyczZvNlhwYmdJY3BIa2pxSVBSRVlZSXRkbm1qME54LVZYdkJmUGVYVnBwQ1pwSFo5RG5FX1N2cVF2dnNMWk0zRDdfTUE0ckVuVDVPcUhTZ3daXzVNZXZNQ3NWZmVadlB3RHp5S044Qm1OLW0xZnozRW9pYnc4WllxYXZBSHc?oc=5,,"Departamento del Tesoro sanciona a casinos en Tamaulipas por lavar dinero del Cártel del Noreste
Las autoridades estadounidenses acusan al abogado del Z-40 y al activista Raymundo Ramos de trabajar para el grupo criminal en actividades ilícitas
Las autoridades estadounidenses acusan al abogado del Z-40 y al activista Raymundo Ramos de trabajar para el grupo criminal en actividades ilícitas",GOOGLE_NEWS_RSS
¿Otra vez calor? Así seguirá el clima en el sur de Tamaulipas este miércoles - El Sol de México,2026-04-14 07:00,2026-04-14T07:00:00+00:00,El Sol de México,,https://oem.com.mx/elsoldetampico/local/otra-vez-calor-asi-seguira-el-clima-en-el-sur-de-tamaulipas-este-miercoles-29493182,https://news.google.com/rss/articles/CBMiwAFBVV95cUxNbUF2TG9NdVVLbjhkZDVmN2lZREs5OEVLUnNNbFhNdEVhX1pUMlpKbllDNkllU2Y2ZGZ5SDk4VXBwUEl0b0NOSGhpTmdpNkVBUktQV1R5b1RxOWR6bGdfQU9VSHBtb0h3NkpQV3psQkdtM0RsampVMG1hNks4TXBVVW1uY0lFakRjbVNUeFJSV0dWdTBMdkFpMW4teERIbVZzVVpUaWNIR1NIQ2dUY0hSMlhGdjNVWXoxM20zWDNkeU8?oc=5,,"Localmartes, 14 de abril de 2026
¿Otra vez calor? Así seguirá el clima en el sur de Tamaulipas este miércoles
La región se mantendrá con buenas condiciones meteorológicas, similares a las de inicio de semana
Mario Cruces
La región se mantendrá con buenas condiciones meteorológicas, similares a las de inicio de semana
Mario Cruces",GOOGLE_NEWS_RSS
Robo en tienda Waldo’s de Ciudad Madero: por una ‘inesperada’ razón los delincuentes hurtaron ropa - El Sol de México,2026-04-14 07:00,2026-04-14T07:00:00+00:00,El Sol de México,,https://oem.com.mx/elsoldetampico/policiaca/robo-en-tienda-waldo-s-de-ciudad-madero-por-una-inesperada-razon-los-delincuentes-hurtaron-ropa-29489031,https://news.google.com/rss/articles/CBMi4gFBVV95cUxOb29qTmZ4U3JMdTljTDlnNjdmcU1nRXV2YnhBZDNUX3ozdVNUQm5HM2sxRHowR2RsbEphQU5jRXpWdzBYYzdxT0VBUUUtWTFQTVZxZXBTSHhKQUpXc3JsbkxkYlRfSXdTaVljZEU1SURpYzFLYWliQW1iamtjMkk2TnRLUXZ3UnNieWptRE5HUEtxS0cxckpPRnJtaEJGajRWWFZjR1NwdTduRVdvOVdqZ2E3dDZBQ2xEWkx3VlhJTUxDRkQ2NUV1NW15MlVvZ2FyaW9ibklMSFdDMExpSGx6OGhB?oc=5,,"Policiacamartes, 14 de abril de 2026
Robo en tienda Waldo’s de Ciudad Madero: por una ‘inesperada’ razón los delincuentes hurtaron ropa
Ladrones rompieron los cristales de la tienda en la avenida Álvaro Obregón para entrar, ¡pero la caja fuerte no cedió!
Juan Hernández",GOOGLE_NEWS_RSS
Américo Villarreal afirma que el futuro energético de México está en Tamaulipas - Milenio,2026-04-14 07:00,2026-04-14T07:00:00+00:00,Milenio,,https://www.milenio.com/estados/americo-villareal-apunta-progreso-energetico-tamaulipas,https://news.google.com/rss/articles/CBMikAFBVV95cUxOQ1g5Q0VGemdzZ1ExMm5Md0IwOE5ta3l6TDlnb3RyS2tJUmp6VkhoNF9oTUhfLUlzdmFnblY4Y3dQMXVMNTlVdUo4b0F5SUU0TFI5VEY1QTc0UEJUM1RGWjdvT1dnMklWNl9JWVkxV2lkVkpYczhJMDVaeldBRzNLczBtaEZHVFdKTzFOdnBLNFHSAZABQVVfeXFMUE5FdldPWFJ1MkxkVGl1R3F3czRQaGh4cDVoSEZ3U1o0UkZIdWVwVElRWEhrTGhWX1VsVDZUX1lEWkZZQUxONG5XUXNfTGI4em9XeDlqc0VoSm02dFJDTmVGNDdtb201N1M0d2pGcFNqOHI5RWd0dHRiVTZtbkpwYXFiZTEtNGd2WldPcERaMmNP?oc=5,,"El gobernador de Tamaulipas, Américo Villarreal, destacó que el estado se consolida como pieza estratégica en el futuro energético de México, al concentrar una parte relevante del potencial energético nacional.
En su participación en la Convención Nacional Petrolera, el mandatario destacó que la entidad también cuenta con infraestructura clave y una ubicación privilegiada en la frontera con Estados Unidos y el Golfo de México.
Fuerte infraestructura comercial
Subrayó que el estado tiene ventajas competitivas como su red de puertos, carreteras, cruces fronterizos y su participación en toda la cadena de valor de los hidrocarburos, desde la exploración hasta la exportación.
También resaltó el impulso a herramientas de planeación como el sistema de información energética de Tamaulipas, orientado a fortalecer la toma de decisiones, la transparencia y la atracción de inversiones.
De las principales entidades petroleras
Entre los proyectos estratégicos mencionados destacan Trión en aguas profundas, el clúster de petróleo y gas y el puerto del norte en Matamoros, que consolidan al estado como una plataforma energética de alto nivel.
Finalmente, Villarreal enfatizó que el desarrollo energético debe traducirse en bienestar social, empleo y crecimiento económico para las familias tamaulipecas, bajo una visión de largo plazo que articula inversión, talento y desarrollo regional.
MAHS",GOOGLE_NEWS_RSS
Fuerte incendio en pastizal de colonia en Altamira moviliza a cuerpos de emergencia - Milenio,2026-04-14 07:00,2026-04-14T07:00:00+00:00,Milenio,,https://www.milenio.com/estados/incendio-arboledas-altamira-14-abril-2026,https://news.google.com/rss/articles/CBMifkFVX3lxTFBoNlVlUjFVTnRPNDRfUmxmZHN3V3RMcEtULXdTM3hmZXB5YkVOU002WW5mRTJ3RTlCYVBPTXhLUjJnaXVWZUdsSGRNYnpmRzlGa3JpMjdkV2kwRUFGQ2lyd0NRMG5pNnR0UDd3V0hXY1p6M2J4SHo1a3lFSURZQdIBfkFVX3lxTE5XRHFCTkktUWJVY3JNWUxXMVVMQWpKZl9DLTN3SkdmYWxNbF9XalZnNHhHV1ZpQTI1NzBfWEFxaVFOU29LN3FQcGJNbUl3eEpHWC1ySnpwU0xqNDVUdzUyRUNJMHR6WXhnWjB4MUxKc25CVWkxX3pSVkVBTnFEQQ?oc=5,,"Un incendio se registró por la tarde de este martes en un predio en la colonia jardines de Arboledas en el municipio de Altamira, lo que movilizó a Bomberos Voluntarios para sofocar el fuego que, en un abrir y cerrar de ojos, cubrió el cielo azul de humo gris y posteriormente en negro.
Incendio se comenzaba a extender por la zona
Usuarios mediante redes sociales documentaron y reportaron hacia las autoridades que un pastizal, detrás del fraccionamiento de Jardines de Arboledas, se encontraba en llamas, y que aparentemente comenzaba a llegar hacia las residencias de la zona.
Bomberos de Altamira, rápidamente se hicieron presentes en el sitio y mediante equipos especializados lograron sofocar el fuego, el cual, por su magnitud, ya comenzaba a preocupar a los vecinos del sector.
Pastizal detrás de estructura en Arboledas se incendiaba
El humazón provenía detrás de una pared que abarcaba varios metros, cubriendo prácticamente el panorama. No fue hasta que los cuerpos de emergencia pudieron llegar al sitio logrando cruzar dicha estructura y acabar de una vez por todas el incendio.
JETL",GOOGLE_NEWS_RSS
Cocodrilos dificultan búsqueda de restos humanos en el sur de Tamaulipas - Milenio,2026-04-14 07:00,2026-04-14T07:00:00+00:00,Milenio,,https://www.milenio.com/comunidad/cocodrilos-dificultan-busqueda-restos-humanos-sur-tamaulipas,https://news.google.com/rss/articles/CBMimgFBVV95cUxPcWtRd0RzZzBBaHppeHgzaE9SVGJzT1dDX3d4ZkpvWXJxMjRZaE5NMldKaGc4RUJZR1hhVUUxUHBaaEFfMUVmZThfNU80WUZMX2tOU1d5Qk5rRlBHMlpmV2R6ZDd1QUFPc2lOTFlqX0xHUjdnOGg4b3MxZFBCRDcwTWpuUDd1OVhjcjBUWEZBeERENjZzNUVsZmVn0gGaAUFVX3lxTFBXalY2UnVJQjBuVVJUX0lzR3dLNUFaSUF5dXg2YWFNdy1FSmNkdWc1RmRWSlc5S1Z1ZVhobEF4Vk1QZzRGdng3RVVjbzcyTjZvaHNkeW1MUE53Qkx3TkZ5eGFnUlh0eDJodFNDT3NUNEVUWDFRRW90bElSbGF6cWRaVU1tS1Y3bklHSjBob2JHUkNDT3JEX19BdUE?oc=5,,"Las búsquedas de restos humanos en cuerpos de agua es uno de los pendientes que hay en el sur de Tamaulipas, así que exigen a la Comisión Nacional de Búsqueda que les ayude porque fue un compromiso que hizo la dependencia en enero de este año.
Elizabeth Mancha, del colectivo Unidos de Corazón Hasta Llegar a Ti, aseguró que uno de los principales impedimentos para hacer búsquedas en el agua en los municipios del sur son los cocodrilos, por eso quieren que les ayuden expertos de la Marina.
“Lo que básicamente estamos pidiendo es que se lleven a cabo las búsquedas hídricas que no se han realizado en la zona. Necesitamos poder, de alguna manera, tener acceso a esta zona que son las lagunas”, declaró la representante de las madres buscadoras.
Enfatizó la activista tamaulipeca que se tienen que “realizar una serie de gestiones y de reuniones con los profesionales, con los expertos para analizar, porque recordemos que tenemos la complejidad de la zona, que son los cocodrilos”.
El pasado 30 de enero de este año los colectivos de Tamaulipas se reunieron con la Comisionada Nacional de Búsqueda, Martha Lidia Pérez, quien se comprometió para llevar a cabo esas búsquedas en cuerpos de agua de la región.
Ya pasaron más de dos meses y la petición de esas búsquedas no se han realizado a pesar de que hubo un compromiso con las mujeres buscadoras, quienes plantearon esa necesidad a la autoridad federal, quien ese momento les dio una respuesta positiva.
yc",GOOGLE_NEWS_RSS
Unidad Tamaulipeca entrega reconocimiento a Claudia López Martínez por su impacto social en CDMX - El Sol de México,2026-04-14 07:00,2026-04-14T07:00:00+00:00,El Sol de México,,https://oem.com.mx/elsoldetampico/cultura/unidad-tamaulipeca-entrega-reconocimiento-a-claudia-lopez-martinez-por-su-impacto-social-en-cdmx-29474871,https://news.google.com/rss/articles/CBMi4AFBVV95cUxOZnM0QU9abGpCc1lrVTF4RFJzYm5RWldKV2pqd0VmbTFpa0kxaWhHYzhmUXJRT293OWdGLUY0UGU3RUVsMTd6dmxRNkc4TGhoeVJiYXJ3LWtHLU5zcDhxMExST2pRSm1XeGFVNWZYQzMwNG8tR1hKY3Z5UXdEeXJSNThuYjBfbWsxSVM4Q2JxNUNiaWV2d3BpeF9qbzZQdE4yY1hyZUJNNEJOd3lkZERyVktGd0dJenJtRU1rQUppY1lwcEVXOC05cTJpV3ZNOUROXy1XdEZVbkRaRjZoUkZBNA?oc=5,,"Culturamartes, 14 de abril de 2026
Unidad Tamaulipeca entrega reconocimiento a Claudia López Martínez por su impacto social en CDMX
En un encuentro que celebró la identidad tamaulipeca, se destacó el trabajo de una líder comprometida con el bienestar emocional y el crecimiento de su comunidad
Víctor De Sampedro",GOOGLE_NEWS_RSS
Tamaulipas va por más de 1.6 millones de afiliados al Servicio Universal de Salud - Milenio,2026-04-14 07:00,2026-04-14T07:00:00+00:00,Milenio,,https://www.milenio.com/estados/tamaulipas-millones-afiliados-servicio-universal-salud,https://news.google.com/rss/articles/CBMijwFBVV95cUxOLXNNNC1LeVgyODB4NXpKejZWRmo2MzJJUHY4UVg1Sm05aUdkUzIzY0JSR0pmd1c2UzZFT2EwaWliTmxhNFNVMkxvZE5pYUliTTJFZjEwN3RLVndQR3FSckp0T1pyMENOSW84VkVfNk1CLWJFVnQ3NmpXN1JUcmdKZ1VNMTZsaGlNNmpzWEhDa9IBjwFBVV95cUxNcEd3M09ZdHNiZ2oxODJDV2gxN1R2bUhpcGFTS2w2WXZ0UU4yVUZ3aEotUU5ManRlQWxuMVdQQS0tOTdseFhXdzFPSUlKSW1ya3JFZVp6SzJiX2JMZGt5YU9YRVR3aUc5Z3VwR3hpS0tDSDlTNXdVWGVqRW44a0R4VnJReTVSeXNnUENtVWNERQ?oc=5,,"Tamaulipas se ha fijado como meta incorporar a más de 1 millón 600 mil personas al nuevo modelo de atención médica, como parte de la implementación del Servicio Universal de Salud. Por lo pronto, se afirma que hospitales como el Canseco ya atienden urgencias como infartos o partos, aún cuando el paciente sea derechohabiente de alguna institución.
En entrevista, el coordinador del IMSS Bienestar, Marggid Rodríguez Avendaño precisó que el avance en el empadronamiento ya alcanza el 75% de la población objetivo, principalmente personas que no cuentan con seguridad social.
“Una parte importante del Servicio Universal de Salud es el empadronamiento y el registro, estamos trabajando en eso, sobre todo en la población que no tiene servicio médico o seguridad social, se empezó con esas bases y vamos por una afiliación de más de 1 millón 600 mil tamaulipecos, llevando ya un 75% de avance”.
Atención universal de urgencias, eje central
El funcionario destacó que uno de los ejes centrales del nuevo modelo es la atención universal de urgencias, ya que actualmente, aseveró, los pacientes son atendidos sin importar su afiliación, incluyendo casos críticos como infartos, emergencias obstétricas y complicaciones en el embarazo.
“Algo muy importante que estamos ya atendiendo son las urgencias, se les recibe no importando si la persona tiene servicio médico, afiliación o no, ni quién lo solicita, en nuestros hospitales del IMSS-Bienestar estamos atendiendo sobre todo casos graves como infartos, partos y complicaciones en mujeres embarazadas”.
Reiteró que aunque la población objetivo es la población sin servicio médico, también se habrá de atender a quienes sí son derechohabientes de alguna institución pero enfrentan una urgencia que por cualquier circunstancia no puede atender el hospital donde están afiliados.
El coordinador estatal del IMSS Bienestar afirmó que ya se empezó con el intercambio de servicios médicos y un ejemplo de ello en la zona sur es la atención de pacientes de hemodinamia, a los cuales se les ha practicado cateterismo y otras intervenciones relacionadas con las arterias coronarias, que son las que le dan oxígeno al corazón.
“Por ejemplo, un paciente del Issste es atendido en un hospital del IMSS Bienestar y de esta forma se busca apoyar estos casos, y también, sobre todo, las urgencias médicas en personas que no tienen ninguna derechohabiencia, aunque no esté registrado documentalmente con nosotros, el paciente se atiende, porque la urgencia es prioritaria”.
Nuevo hospital civil de Madero ampliará capacidad
Por otro lado, en materia de infraestructura, Rodríguez Avendaño detalló que el nuevo hospital civil de Ciudad Madero contará con más de 140 camas, 21 subespecialidades médicas y equipamiento de alta tecnología como tomógrafo, mastógrafo y ultrasonido.
Se prevé que esta unidad médica entre en operación a mediados de mayo, fortaleciendo la capacidad hospitalaria en la entidad. Además, el funcionario subrayó que Tamaulipas mantiene la atención a pacientes de estados vecinos como Veracruz, San Luis Potosí e Hidalgo, ampliando la cobertura regional del sistema.
En el rubro oncológico, Marggid Rodríguez adelantó que en un plazo de cuatro a cinco meses se incorporará en el nuevo hospital civil un acelerador lineal para radioterapia, lo que permitirá mejorar la atención a pacientes con cáncer.
Con estos avances, dijo, el estado avanza hacia un modelo de salud con cobertura universal, enfocado en garantizar atención médica para toda la población.
SJHN",GOOGLE_NEWS_RSS
Tampico 1 de mayo de 2026 - El Sol de México,2026-04-13 12:25,2026-04-13T12:25:44+00:00,El Sol de México,,https://oem.com.mx/elsoldetampico/tags/temas/universidad?page=31,https://news.google.com/rss/articles/CBMickFVX3lxTE1GTzB3ZVpZelAzdU9HekkxZVVXVTBiWDc0LUtFMkk1ZmUxN0liTVRLSFVEb0hJc1RwZE93LTl3cmdIQ21fZlIySnA4T2ROODQ2X1ZsWVZNQV9FQXBmX2p3M1Bzb0d4TlBrUjFqMlZvLTE1QQ?oc=5,,"1LOCAL“El casco no es accesorio, es vital”: Tránsito y Ejército Mexicano montan operativo para motociclistas en el norte de Veracruz
2DEPORTES¡Van por el bicampeonato! Jaiba Brava elimina a Cancún FC y jugará otra final en la Liga de Expansión
GOSSIPFiscalía de California acusa a Britney Spears por conducir bajo los efectos del alcohol y drogas
MÉXICOGeovanna Bañuelos confirma que va por la gubernatura de Zacatecas con agenda social y apoyo al campo",GOOGLE_NEWS_RSS
"Temas - El Sol de Tampico | Noticias Locales, Policiacas, sobre México, Tamaulipas y el Mundo - El Sol de México",2026-04-13 09:50,2026-04-13T09:50:32+00:00,El Sol de México,,https://oem.com.mx/elsoldetampico/tags/temas/emergencia?page=13,https://news.google.com/rss/articles/CBMicEFVX3lxTE95X1d2aVRfbXlSTEYwenhVQmI0M3JacU9EdTFnclh6RXhMSEZaSFNrMEs2TC1OYkpfTTNVbzNiT1dyWmNXSW53WDJZYkQ4VzNtbWc2TWVOTEJfMzV1YzIzMlg5TFVJVGdhTmFObTBWdDM?oc=5,,"1LOCAL“El casco no es accesorio, es vital”: Tránsito y Ejército Mexicano montan operativo para motociclistas en el norte de Veracruz
2DEPORTES¡Van por el bicampeonato! Jaiba Brava elimina a Cancún FC y jugará otra final en la Liga de Expansión",GOOGLE_NEWS_RSS
Capufe anuncia aumento en PRECIO de casetas: ¿cuáles son las nuevas TARIFAS a partir de HOY 13 de abril? - Milenio,2026-04-13 07:00,2026-04-13T07:00:00+00:00,Milenio,,https://www.milenio.com/estados/capufe-anuncia-aumento-precios-casetas-autopistas,https://news.google.com/rss/articles/CBMiiAFBVV95cUxPcTJWbVNsbENiVmxHQkhZd0Y1M25US3JUMHZZSmQyZXlCcFpXcnpjd25HMjFUUWtaVnF6VUgxNExsd3pzT1pMMnpVZ0hpS0o2SFdGVjU0THNkajlQc01VRUw2LUlJY3hkZzJHNkpPLTRpaTBvOGZZX1FIZkpOQkFsbjFwS1VXUmw00gGIAUFVX3lxTE8zYWlVNmJkZV9MUzlDRFE0NVhuU1FPUVR2RGtWcGgwdTBUMk1UTFQ5OW5JMTBtSktCcUIzcWYyYXNubmhkc0xvV2h1NEQ3SzBnRFVDaXg2VHIxYnFkTHhwTWdETW5hS1VseUw3cE1UcF9FN2phakpsVEtkR1d4UUhFSzR1bjNvc1Y?oc=5,,"Caminos y Puentes Federales (Capufe) informó que las tarifas tendrán un ajuste en las cuotas de peaje tras concluir el periodo vacacional de Semana Santa.
El ajuste impactará directamente a quienes transitan por las vialidades federales como: México-Toluca, México-Pachuca, México-Querétaro y México-Cuernavaca.
¿Cuál es el nuevo precio de las casetas?
El alza a los precios de las casetas se comenzó a aplicar desde este 13 de abril y estas son las tarifas actualizadas: C
- Chamapa-Lechería: 69 pesos autos
- México-Querétaro: 226 pesos autos
- México-Puebla : 226 pesos autos
- México-Pachuca: 72 pesos autos
- México-Cuernavaca: 156 pesos automóviles
Si bien Capufe suele realizar ajustes anuales en las tarifas, el organismo ha implementado incrementos múltiples en algunos años, como ocurrió en 2019.
Cobertura del seguro por peaje
El seguro de responsabilidad civil otorgado al pagar el peaje incluye daños a terceros por hasta 2.2 millones de pesos.
Sin embargo, es importante conocer las condiciones bajo las cuales esta cobertura no aplica:
- Conducir en estado de ebriedad o bajo influencia de drogas.
- Exceder los límites de velocidad establecidos en las vialidades.
- Accidentes causados por fenómenos naturales como nevadas o lluvias intensas, salvo si el encharcamiento se debe a falta de mantenimiento.
- Daños provocados por actos vandálicos, disturbios o motines.
- Daños relacionados con actividades del crimen organizado.
Sólo pago con TAG
Ahora, la mayoría de los carriles en sus plazas de cobro funcionan únicamente con TAG, un sistema electrónico de pago que eliminará gradualmente el uso de efectivo.
Esta medida tiene como objetivo agilizar los cruces vehiculares y modernizar la infraestructura carretera de México.
LG",GOOGLE_NEWS_RSS
Cierre de Semana Santa en Tamaulipas deja un muerto y varios heridos - Milenio,2026-04-13 07:00,2026-04-13T07:00:00+00:00,Milenio,,https://www.milenio.com/estados/accidentes-tamaulipas-dejan-muerto-heridos-semana,https://news.google.com/rss/articles/CBMiiAFBVV95cUxQZFVPa2hrUUNRYmh3Ymxwc3kwWGZnNHRySjFDeW1mMmdOVjhJS2ZpZUNrc19jMTB2TDQ0bkhVNGZqbE5Rd1FUcHh3V1N5SDJ5d0p2ZVRXQk1DN3BqS001Ui1EMmtBTWk4TzFXNTZ3QUtaZ2RVZjFxZmExclZCbW5HWEZ2N3N5bDRU0gGIAUFVX3lxTFA4UzJjcmZ6NkdGc2t3c0J1RFBadlJxYnI5Z28zSGV4NllSTHIyVThtZUxaVzFoOVkzemd0Y3NGZU9YRm9HZnUtVE00Ul9hT1kyMjFwc3ZJQWh5OGt4dzZPNGc3b196YkFzaERkMkEza1RFLWQwalIxUm1fN2xnMWxFQk5WRm1QVEc?oc=5,,"El cierre del periodo vacacional de Semana Santa en Tamaulipas se vio empañado por una serie de accidentes viales registrados entre el viernes 10 y el domingo 12 de abril, dejando un saldo preliminar de un fallecido y la carretera Tampico-Mante cerrada por 4 horas.
Choque fatal en la Carretera Nacional
El incidente más grave ocurrió la mañana del domingo 12 de abril, en el kilómetro 157 de la Carretera Nacional, cerca de los límites con Nuevo León.
Una camioneta perteneciente a la Comisión Federal de Electricidad (CFE) se impactó contra un tráiler que se encontraba estacionado sobre la vía. El choque cobró la vida de una persona y dejó a seis más heridas, provocando el cierre parcial de la circulación durante varias horas.
Volcadura en Güémez deja cinco lesionados
En la zona centro del estado, la Carretera Federal 101 fue escenario de un aparatoso accidente el sábado 11. A la altura del municipio de Güémez, un vehículo particular volcó cerca del Centro de Reintegración Social.
Paramédicos y elementos de la Guardia Estatal auxiliaron a cinco personas que resultaron con lesiones de diversa gravedad.
Otro percance paraliza libramiento en González
El domingo también se atendió la volcadura de un transporte de carga en el libramiento Manuel con 20 de noviembre, en el municipio de González, lo que provocó el cierre del tramo por tres horas mientras se realizaban maniobras de trasvase para retirar la unidad.
Llamado a la precaución en carreteras
La Secretaría de Seguridad Pública y Protección Civil mantiene el despliegue de unidades en las principales arterias para agilizar el flujo de paseantes que retornan a sus hogares.
Las autoridades exhortan a los conductores a extremar precauciones, respetar los límites de velocidad y evitar conducir bajo los efectos del alcohol.
SJHN",GOOGLE_NEWS_RSS
Tula y Mier: así crece el turismo en Tamaulipas entre éxito y retos por inseguridad - Milenio,2026-04-13 07:00,2026-04-13T07:00:00+00:00,Milenio,,https://www.milenio.com/estados/tula-mier-pueblos-magicos-tamaulipas-crecen-turismo,https://news.google.com/rss/articles/CBMiiwFBVV95cUxOUS1jRFVSeGJQblZMVm9JSUhKa3V1VTlFSEdTMi1lNWZFRG1vbWhJemtFamxsSGlhSTh3S2NOckctY0V6eWNFd3pTS1BUdFZhNHdsTjlYcGY1Ri04WGRhbS1xYnlnZ2RhQkE2RURmbUltNVVGWkxYaXBEUEY1Y09HaHQ2NTI5VGpCeVFV0gGLAUFVX3lxTE9BS3lIV2ZFMjUxdVQySTF1SGZrQ3FxOHhhWUQ5T0F3ekpYWWstTFBUWmd2NmNxZ0k1MTc2bkNzMlV1ZHBfUkpMbHcwa1l6VG1sT3dqbzZBcFFOSTFqZ2pWMVNPa0pNb3ZnRHAtMG1MamlvcUpaLUZxYTMyYk5ZbFczblg1Q2EtWTFydTg?oc=5,,"Prácticamente una década le costó a Tamaulipas meterse entre las entidades de México atractivas para la captación de turismo. En una región más centrada por tradición en la producción agrícola, ganadera, industrial y de comercio exterior, los paseantes se sentían atraídos por el destino playero de mayor afluencia en el Golfo de México: Playa Miramar.
El catálogo fuera del sitio natural —colindante con Tampico y que se ha ganado el estatus del tercer sitio más visitado vía carretera en el país, detrás de Acapulco y Puerto Vallarta—, con el caso excepcional de la reserva ecológica “El Cielo”, en el municipio de Gómez Farías, ofrecía muy pocas opciones para otro tipo de visitantes ávidos de vivir nuevas experiencias.
La insistencia de habitantes y el conocimiento de personas con experiencia en la actividad concretaron una amplitud en la variedad.
La Sierra Madre Oriental fue un gancho para el senderismo; ranchos ubicados cerca de la frontera con los Estados Unidos crecieron a través de la caza deportiva, y pueblos que no rebasaban los 50 mil habitantes, ricos en herencia cultural, gastronómica y religiosa, se sumaron a un proyecto lanzado por la Sectur.
La integración inicial por parte de Tula, ubicada en la región del Altiplano, muy cerca de los límites con San Luis Potosí, para después sumarse Mier, dentro de la llamada “frontera chica” en el norte, es la contribución actual del estado al programa de Pueblos Mágicos, una iniciativa que agrupa a 177 cabeceras municipales.
Este plan tiene la característica de enaltecer lugares considerados poblados con la suficiente oferta en artesanías, festividades y eventos emblemáticos tanto para la entidad federativa como para la nación, aunado a la variedad de platillos típicos locales. Desde su conformación en 2001, tiene presencia en todo el territorio nacional.
Durante el sexenio de Egidio Torre Cantú, la autoridad estatal decidió meterse de lleno en la promoción. A la fecha, solo uno logró afianzarse y sostener un crecimiento anual, mientras el otro sobrevive, pero no a una alta demanda, teniendo factores en contra como la sombra de la inseguridad.
Presume su crecimiento y expectativas
En estos casi 20 años desde que el programa se instaló por primera ocasión, Tula ha sido el más beneficiado. Al suroeste de la capital, Ciudad Victoria, presenta las cifras más elevadas de los dos miembros de la referida estrategia.
El observatorio del ramo turístico tamaulipeco contabiliza casi 700 mil personas, entre mexicanas y extranjeras, que se hacen presentes con una estancia de uno a dos días.
“Mantenemos un crecimiento anual con la presencia de miles de turistas y nos posiciona como el segundo destino más visitado en el estado durante 2025, solo detrás de Tampico y Playa Miramar. Al tener ese aumento como referencia, la intención es que en cuatro años nos consolidemos como el Pueblo Mágico más importante de la región”, aseguró el alcalde René Lara Cisneros.
La ventaja se encuentra en su localización. Actualmente es un sitio obligado de paso para conductores del centro y Bajío de México hacia Victoria, Monterrey y la franja con la Unión Americana. Se fortalecerá en cuanto se inaugure la autopista Mante-Tula-Ocampo, una vía rápida que conectará con Tampico.
Para el oriundo de esta zona existen otros motivos que seducen al visitante. La comida juega un enorme papel, no solo por la cocina tradicional que ofrece gorditas y enchiladas tultecas, sino por frutos exóticos y endémicos, entre ellos el garambullo y la pitaya; frutos que, de los campos áridos, pasan a su venta incluso en forma de helados.
En la frontera, lucha por sacudirse una sombra
En Mier, una comunidad que en marzo cumple 273 años de fundación —siendo uno de los ayuntamientos más longevos—, la cantidad de foráneos por año empezó a elevarse en 2025.
De acuerdo con su alcaldesa, Adriana Hinojosa Ibáñez, el alza se duplicó y el cálculo apenas rebasa los 100 mil visitantes; por supuesto, lejos del otro integrante del programa.
La demanda parece ser poca, aunque el contexto a su alrededor le da un argumento sólido para presumir estas cantidades. Precisamente cuando se declaró Pueblo Mágico, la violencia lo azotó a un grado que, para muchos, fue considerado una ironía.
“¿Cómo vas a llevar turismo a la boca del lobo, donde las balaceras y el paso de civiles armados era algo cotidiano?”, exclamaron varios ciudadanos.
Ahora, en esa coordinación que mencionan federación, estado y municipio, Hinojosa Ibáñez resalta la celebración de una feria en la también etiquetada como una de las ciudades más antiguas en la línea limítrofe con suelo estadunidense.
Se anunció el cartel de conciertos y presentaciones de artistas locales y regionales, donde predomina la música popular.
Salen con buena nota tras evaluación
Funcionarios de la Secretaría de Turismo federal efectuaron, en el primer trimestre de 2026, visitas a los destinos ya mencionados. Acompañados de sus homólogos tamaulipecos, constataron cómo se encuentran Tula y Mier en cuanto a oferta y demanda, promoción, lugares más recorridos, proyectos en puerta e infraestructura.
“Las afluencias en los Pueblos Mágicos se encuentran en aumento. Sectur hizo una revisión de nuestros dos municipios integrados en el programa en el marco de los 25 años del lanzamiento de esta iniciativa a nivel nacional. En esa revisión, Tula y Mier salieron con resultados positivos, pero también existen muchas áreas de oportunidad”, dijo el secretario estatal, Benjamín Hernández Rodríguez.
En esa comparativa, y al notarse hacia qué lado está la preferencia, el titular de la dependencia reconoce la necesidad de darle un mayor impulso al destino fronterizo.
La gran oportunidad de ser la futura sede del Tianguis Turístico de Pueblos Mágicos en el último trimestre abona a darle ese apoyo necesario y traducirlo en más visitas.
“Para mejorarlo se requiere realizar más eventos, dotarlo de infraestructura, realizar certificaciones y fomentar la sustentabilidad en hoteles y alojamientos. Este año trabajaremos con los operadores turísticos a fin de tener las capacitaciones y cumplir con cada uno de los puntos que nos está pidiendo la autoridad federal”, expresó.
Otorgan recursos para mejoras
Por parte de la administración de Américo Villarreal Anaya, estos municipios no han quedado desprotegidos. Considerando que su aportación supera a las playas Bagdad (Matamoros) y La Pesca (Soto la Marina), su contribución a los 17.4 millones de viajeros del último año les retribuye en una bolsa especial.
“El recurso destinado el año pasado llegó a los 2.5 millones de pesos para cada ciudad, repartidos en mejoramiento de la infraestructura urbana. Hay otras acciones en puerta, pero la idea es fortalecer a los dos destinos; en este caso, Tula tiene un mayor avance y capta un mayor número de visitantes”, reiteró Hernández Rodríguez.
Es precisamente en la referida comunidad donde esperan, a partir de este monto etiquetado, realizar obras. Lara Cisneros indicó la necesidad de recibirlo ante la cantidad de eventos programados, incluido su festejo anual de fundación.
“De parte de la autoridad estatal se han realizado proyectos de infraestructura, además de apoyos económicos que nos comprometen a realizar un evento importante cada mes. En este 2026 están programadas 22 actividades, entre ellas el Festival del Cabrito, el de Los Cascos y nuestra feria anual a celebrarse en junio”, acotó el edil.
Muchas coincidencias y una sola diferencia
Estos pueblos mágicos coinciden en diversas temáticas, tanto religiosas como naturales, pero hay una destacable diferencia: Tula abona a la historia con la cuera tamaulipeca, el traje típico estatal. Es la cuna de la vestimenta que en su momento usaron el general Alberto Carrera Torres, el actor Pedro Infante y el papa Juan Pablo II.
Fuera de ello, comparten el esparcimiento religioso, cultural y natural, comenzando por la antigua iglesia de San Antonio de Padua (que data del siglo XVIII), El Contadero —donde se descubrió la imagen de la Virgen de Guadalupe tallada en piedra—, la pirámide Cuitzillo y el Arroyo Loco.
Mier promueve la Casa de la Cultura, la parroquia de la Purísima Concepción, la capilla de San Juan Bautista, la Casa de los Texanos (donde se decidió la suerte de prisioneros), la presa Falcón y la Plaza de Armas con su tradicional kiosco.
Se preparan para recibir a 177 municipios
Estos atractivos formarán parte de los 177 estands presentes en noviembre en Tampico, elegido por Sectur como la nueva sede del Tianguis Turístico de Pueblos Mágicos, uno de sus eventos de promoción más importantes.
En la última celebración efectuada en Hidalgo, eligieron al puerto tamaulipeco por contar con los elementos necesarios para recibir una convención de esta magnitud.
La logística y los organizadores sostuvieron una gira por el Centro de Convenciones y Exposiciones, un escenario único en su tipo al ubicarse cerca de la laguna del Carpintero, colindante con el Parque Metropolitano, el Recinto Ferial y el Ganadero. Cabe recordar que en 2024 fue escenario del Congreso Mexicano del Petróleo.
“La intención con la realización del Tianguis Turístico en nuestro estado es fortalecernos como un destino atractivo y lograr captar más visitantes, aprovechando la participación de operadores y empresas que ofrecen paquetes. Es una gran oportunidad para el despegue de los Pueblos Mágicos tamaulipecos”, puntualizó el munícipe de Tula.
En este marco se abre la expansión del programa. A poco más de 100 kilómetros de esta sede, el municipio de González ha levantado la mano y desea ser el tercer destino. Sus argumentos son los sembradíos de girasoles, la denominación de origen para la producción de tequila y mezcal, además de tener la vista hacia el principal emblema de Tamaulipas: el Cerro del Bernal. La Secretaría de Turismo tendrá, en meses —o quizás años próximos—, la última palabra.",GOOGLE_NEWS_RSS
"¡LAMENTABLE! Murió Felipe Staiti, guitarrista y fundador de Enanitos Verdes; así fue su ultimo concierto en Tampico - Milenio",2026-04-13 07:00,2026-04-13T07:00:00+00:00,Milenio,,https://www.milenio.com/espectaculos/musica/felipe-staiti-show-enanitos-verdes-tampico,https://news.google.com/rss/articles/CBMijwFBVV95cUxPTUZheXZsTEVkb0YxUWVsMmgtNmU5STRxX2FRX3FhZ2ZWZUtfOEZ2cjlNWlc1MmZ0UzBIVUNpbTlsWlV4dVFQWVIwV3pySmtRcnlaX1VCaEEtTTJjS0R1Wk9sX05xY0xlLTRQaWoyMkVaNHQ5Z0ZlUkVtVWFGUkczb2x3NEQ1eldVc2VmZXM4Z9IBjwFBVV95cUxPMllLeW9XTVdsY3M1ekhqdnFZbVJFeVgtYVlTRG8yRFYyVURydEh5WnZ3RXZzd1BISzAtRWpKemtOdG42LTVTaUxHd1p5d0xXOXJXd2EwV0RXM3M0b25oT1BNbWZibDRVMkZwck5KOEowMTd1VHBxVkxRWnQ2V3ZGOEY5VWtQVU5KaFJqZWV0Yw?oc=5,,"La muerte de Felipe Staiti revive uno de los momentos más emotivos para los fans del rock en español en el sur de Tamaulipas: el último concierto de Enanitos Verdes en Tampico.
A un año de aquella presentación, el recuerdo toma fuerza entre quienes vivieron una noche que reunió a miles de personas.
La noticia fue dada a conocer a través de redes sociales por la promotora WRProducciones, que despidió al músico con un mensaje que rápidamente generó reacciones entre seguidores de la agrupación.
¿Cómo fue el último concierto de Enanitos Verdes en Tampico?
El 18 de abril de 2025, más de 30 mil asistentes se dieron cita en el Teatro del Pueblo de las Fiestas de Abril Tampico para presenciar una de las presentaciones más multitudinarias de la banda en la región.
Aquella noche, la agrupación ofreció un espectáculo cargado de energía y conexión con el público, en el que los asistentes corearon cada uno de sus éxitos, consolidando un ambiente que quedó marcado en la memoria colectiva.
Tras el concierto, la banda compartió un mensaje que reflejaba la magnitud del momento vivido:
“Tocar frente a 30 mil personas es algo que no se explica, se siente. El canto, la energía, las miradas... todo se volvió una sola cosa. Una noche que queda marcada, una de esas que nos recuerdan por qué hacemos lo que hacemos, gracias por ser parte de esa magia”.
Felipe Staiti y los Enanitos Verdes rindieron homenaje a Marciano Cantero en Tampico
Durante ese mismo show, Felipe Staiti y la agrupación rindieron homenaje a Marciano Cantero, vocalista de la banda fallecido previamente, en un momento que conmovió a los asistentes.
Hoy, con la partida del guitarrista y fundador, ese concierto adquiere un significado aún más especial para los fans, al convertirse en uno de los últimos recuerdos de ambos músicos.
La presentación en Tampico no solo representó un evento masivo dentro de las Fiestas de Abril, sino también una despedida simbólica para una de las bandas más influyentes del rock en español.
Durante el homenaje a Marciano Cantero, los Enanitos Verdes interpretaron una de sus canciones más emblematicas, 'Mariposas', los que se dieron cita al concierto cantaban, algunos fans, con lagrimas recorriendo sus rostros, ante la nostalgia y emoción de esa noche.
Mariposas, fue compuesta por Felipe Staiti (guitarrista de la banda) y producida por Gustavo Borner. La letra explora temas de amor incondicional, arrepentimiento y la nostalgia de la infancia, utilizando la metáfora de ""dejar mariposas escapar"" para describir una distracción o una incapacidad de retener lo valioso
A un año de aquella noche, la memoria colectiva de los asistentes mantiene vivo el legado de Enanitos Verdes, en una ciudad que fue testigo de uno de sus últimos momentos de conexión con el público.",GOOGLE_NEWS_RSS
La madriguera del lobo / Las propuestas I - El Sol de México,2026-04-13 07:00,2026-04-13T07:00:00+00:00,El Sol de México,,https://oem.com.mx/elsoldetampico/analisis/las-propuestas-i-29480067,https://news.google.com/rss/articles/CBMid0FVX3lxTE91WlVPQzZmUHhNbnJYQTFTb3NXRng2OE16Q0w1SEpsQnFXc0FQUENpNkNhMmxkRkluVENobGpVdnE1Y1lxZklwQ1VwS0J3QU1NV08xNVhuSUxhemhFNGlxdmU5SGhsazlFR0ZqeUxRTllOak9LbDZz?oc=5,,"Análisislunes, 13 de abril de 2026
La madriguera del lobo / Las propuestas I
¿Entonces qué sería mejor?
Hablando de otras propuestas
ÚLTIMAS COLUMNAS
Más Noticias
COLUMNAS
CARTONES
LOÚLTIMO
Newsletter
¿Te quedas fuera de la conversación? Mandamos a tu correo el mejor resumen informativo.",GOOGLE_NEWS_RSS
Al alza los casos de gusano barrenador en Tamaulipas; ya hay 45 casos - Milenio,2026-04-13 07:00,2026-04-13T07:00:00+00:00,Milenio,,https://www.milenio.com/estados/alerta-tamaulipas-45-casos-gusano-barrenador-ganado,https://news.google.com/rss/articles/CBMiiwFBVV95cUxPS2xMRXB0b1J0djNXMFE5czlfcmZsMXRjTGJZR3FhUlpYOEFEc3RIakhjQlU5MnpaWWdQSjRYZ0oyWnl1cnVER2NGajhmWGNLaVc1VnJvU3A0RGVIclBFS0VnNkEtRkEyT1N2cDB1MkxhZmZNUHNwcGpKb2NoMWt3Qlo2VnJfdmVVbHpV0gGLAUFVX3lxTE1EWUFLQi1ycVphTHJMM1pRVHdtbEl4c0RFbXhydXYzbGNyOVhrTG4yMHdYSkRGMFdIMm9zbEZRbFBlMVczY180bzkyX29acWZXb3hIdmZHMklXQW41VVB5ZkJjMUs4UkJoSGVieHd6TmZTZjZ3U2hlOFlXREowRmRNaDA4dlNZTFoxbkk?oc=5,,"El panorama sanitario en el sector agropecuario de Tamaulipas ha tomado un giro preocupante tras confirmarse un repunte crítico en la propagación del gusano barrenador del ganado (Cochliomyia hominivorax). Lo que inicialmente se reportó como incidentes aislados en las regiones limítrofes, hoy se ha consolidado como una amenaza real para la economía y la salud pública del estado, tras la detección de nuevos brotes activos en los municipios de Ocampo, Tula y El Mante.
De acuerdo con el balance más reciente emitido por las autoridades de la Subsecretaría de Ganadería estatal, la entidad suma ya 45 casos activos de esta plaga, una cifra que ha encendido las alarmas debido a la velocidad con la que el parásito ha avanzado hacia el centro y sur del territorio.
La situación en Ocampo es particularmente delicada, registrándose allí la mayor concentración de reportes, seguido de cerca por la zona cañera y el altiplano tamaulipeco, donde las condiciones climáticas actuales han favorecido la reproducción de la mosca transmisora.
¿Cómo afecta el gusano barrenador?
Este parásito representa un riesgo catastrófico no solo por las pérdidas directas en el inventario ganadero, sino por su naturaleza biológica. La larva se alimenta exclusivamente de tejido vivo en animales de sangre caliente, penetrando a través de heridas accidentales, picaduras de insectos o incluso el ombligo de ejemplares recién nacidos.
El impacto no se limita a las especies bovinas; también se ha documentado afectación en equinos, porcinos y animales de compañía como los caninos, lo que eleva la posibilidad de zoonosis, es decir, la transmisión del parásito a seres humanos.
Refuerzan cercos sanitarios en Tamaulipas
Ante la inminencia de que el brote alcance las zonas ganaderas del norte de Tamaulipas —clave por su conexión con los mercados de exportación hacia Estados Unidos—, el Servicio Nacional de Sanidad, Inocuidad y Calidad Agroalimentaria (Senasica) ha intensificado los protocolos de seguridad.
Actualmente, se han establecido cercos sanitarios que incluyen la inspección rigurosa de cada unidad de transporte de ganado y la implementación de brigadas de vigilancia epidemiológica que recorren rancho por rancho en las zonas de mayor riesgo.
El subsecretario de Ganadería, Cuauhtémoc Amaya, enfatizó que el éxito de la contención depende de la vigilancia constante por parte de los productores. Se ha instruido a los ganaderos a realizar inspecciones diarias y aplicar tratamientos cicatrizantes de inmediato ante cualquier lesión cutánea.
El temor entre las asociaciones ganaderas es que una dispersión descontrolada de la plaga derive en restricciones comerciales internacionales, lo que paralizaría las exportaciones y provocaría graves afectaciones económicas.
Una lucha que regresa tras décadas
Por ahora, las autoridades se encuentran en una fase de movilización total, coordinando esfuerzos con los comités de fomento y protección pecuaria para frenar la propagación.
La meta es evitar que el gusano barrenador recupere el terreno que perdió hace décadas cuando fue declarado erradicado de la zona, una batalla que hoy vuelve a colocarse en el centro de la agenda pública de Tamaulipas.
SJHN",GOOGLE_NEWS_RSS
"Cruces en colonias de Tampico, un peligro constante por accidentes - Milenio",2026-04-13 07:00,2026-04-13T07:00:00+00:00,Milenio,,https://www.milenio.com/comunidad/choques-tampico-cruces-colonias-peligro-accidentes,https://news.google.com/rss/articles/CBMijAFBVV95cUxQbkt6aTJjMHAwdDJLSjJIQVlVaklnb1hzTEpWcTZNT1BMZ0VFUGNvQXJnaE8tUzlTdDFtNWI3S2dDSEF5eGM0MlJ1Q0JVTlR5ZTRnNUtGRGp6X2JXcGNxMHgwZWJkOUg2XzRZMGRQb2VjbkxmNFN5ZDBlVU43UDRlS0dNYUF6WWEyeXBlcdIBjAFBVV95cUxNQXMta1pISkttWkd4ZzVMY0VTUGxjeUh0eXp2VGJXY2g5VTRPMUZzMkNWdjR0aW9QVUY0eEUyV1U1dmVWek1TLTJGYm5aNjJJUGU0VmpkVjhkNTVIVXhhUE9mUHNQZ1BnbFVGdWZMNmRZYnJ1WW5vOGhtTGR5SEI3LVJFOHBjRGh6cGFKTQ?oc=5,,"La omisión de los discos de alto, vehículos que obstaculizan la visibilidad y la falta de precaución en los conductores, es lo que ha propiciado, que tan solo en la Avenida Cuauhtémoc del sector colonias de Tampico, existen seis cruces de riesgo por constantes choques.
Del año pasado a la fecha, las intersecciones en donde más accidentes se han presentado, son en la Avenida Cuauhtémoc esquina con Dr. A. García, Humboldt, Benito Juárez, Nicolás Bravo, Zaragoza y Lerdo de Tejada. En los últimos de ellos, donde se han visto involucrados dos microbuses de la ruta Enrique Cárdenas González, hubo más de 20 lesionados, y cuantiosos daños materiales tanto en unidades como en locales hacia donde han sido proyectados.
Al hacer un recorrido por este lugar, testigos como Martha Morales Guzmán, de la ferretería “2 M” explicó que han visto decenas de accidentes automovilísticos porque los conductores al tener poca visibilidad o desconocimiento de las calles que solamente tienen un sentido, si atraviesan esta transitada avenida y ocasionan los percances.
“Al mes tan solo en esta esquina Dr. A García que se convierte en Francisco Nicodemo más adelante, vemos hasta cuatro accidentes por mes, pero en calle aledañas, son otros tantos, nos ha tocado ver cómo los autos se golpean y salen hasta girando, porque se pasan el alto y muchas veces son turistas que no conocen las calles”.
Mencionó que una de las posibles soluciones sería la colocación de boya sobre la Avenida Cuauhtémoc ya que las unidades se desplazan a exceso de velocidad tanto las particulares como las de transporte público y eso también incrementa el riesgo para los peatones.
Morales Guzmán también refirió que junto al conjunto habitacional al que denominan “Los multis”, exactamente en la curva la calle se vuelve dirección contraria y aunque hay señalética que lo advierte, los conductores hacen caso omiso.
Por su parte el titular de tránsito en Tampico Héctor Rodríguez Silva, reconoció que existe un problema en este lugar por hacer caso omiso a la señalética y que por tal motivo han incrementado la presencia de elementos para sancionar a los conductores que no respeten.
“Lamentablemente la gente no hace caso de la señalética y ya hemos incrementado nuestra presencia con patrullajes en este lugar. También hay mucha falta de precaución y tiene mucho que ver con el uso del celular, entonces el llamado es a la conciencia más que cualquier otra acción”.
Asimismo hizo un llamado a la población en general para que denuncien en caso de que detecten el robo de los discos de Alto como ya ocurrió en una de las intersecciones para que se pueda tramitar la reposición.
yc",GOOGLE_NEWS_RSS
"Es lo de hoy / Tampico, 203 años de una ciudad que nunca fue fácil - El Sol de México",2026-04-13 07:00,2026-04-13T07:00:00+00:00,El Sol de México,,https://oem.com.mx/elsoldetampico/analisis/es-lo-de-hoy-tampico-203-anos-de-una-ciudad-que-nunca-fue-facil-29464667,https://news.google.com/rss/articles/CBMitgFBVV95cUxNblR2WmROQ3pSYVctRVFiNXBqeHdzeHozX3Exa3ItOVZLeTUtTEFuaHZBRXFlYS1ZYzY3b0c0REo4UUs4TVV1LV9uYTFIMHFGeFljdEtNZDl6RFdTYkZPRFNsUGtzdXdBZmNDT2F6WENQV3cxTXZiaGwwU2YxMEV4ZHZhT1pFRU94VU1GZDlVa2daaHFweXdfMHNld3pXTW03MVJ4b3VwUkV0Qmo5TnNpTWc1Qkl2Zw?oc=5,,"Análisislunes, 13 de abril de 2026
Es lo de hoy / Tampico, 203 años de una ciudad que nunca fue fácil
Las opiniones vertidas en este artículo son responsabilidad de quien las emite y no de esta casa editorial. Aquí se respeta la libertad de expresión
ÚLTIMAS COLUMNAS
Más Noticias
COLUMNAS
CARTONES
LOÚLTIMO
Newsletter
¿Te quedas fuera de la conversación? Mandamos a tu correo el mejor resumen informativo.",GOOGLE_NEWS_RSS
Américo Villarreal: Avanzan obras hídricas que se realizan en Tamaulipas - Milenio,2026-04-13 07:00,2026-04-13T07:00:00+00:00,Milenio,,https://www.milenio.com/politica/americo-villarreal-destaca-obras-clave-agua-energia-campo,https://news.google.com/rss/articles/CBMilAFBVV95cUxPTnhtNE9CWGZBNlZBSGZNdVZJT3M1c255MHVmR3FxaU05UV8zN1UwLXdPSVQyX3oyd0VwVWpuaXExelVpOXdaU1N6dWFZN3EzR0J3VFpDVmNBMHVNaUVUMjdHMmxfQ1RjcTNzS191S1JYNzgydmV0cS1weGVmUExnSmwwVjBqVDQtbTFHTXM2eXYxTEdE0gGUAUFVX3lxTE9uMVJWNkpBaFBDRm9ucTNnck1UU3NUMEtrUUNMSm5Kcl9FanJWYWV0akRYdXNSR3Y5VjctWlF1U2ttTVo2N1B1U29IQktTX0pjQ0tIRjdoLTRiNWticUwxQ2U5bzhOMGpPei1sZmhqSUNsVlJfNk50NVkwVXlmcTkyV3JPemx6U2hSR3pqVDM5cVBuY3M?oc=5,,"Durante el programa “Diálogos con Américo”, de este domingo, el gobernador Américo Villarreal Anaya se refirió a obras estratégicas que transforman Tamaulipas y expuso temas referentes a la infraestructura hidráulica, el desarrollo energético y el impulso a productores agrícolas.
En la emisión a través del Sistema Estatal de Radio y Televisión Tamaulipas, el gobernador afirmó que la segunda línea del acueducto en Victoria, la tecnificación de los distritos de riego 025 y 026 y el desarrollo de plantas de tratamiento de aguas residuales son acciones que cuentan con el respaldo de la presidenta Claudia Sheinbaum y garantizan abasto, eficiencia, mayor productividad y nuevas oportunidades de desarrollo.
Avanza segunda línea del acueducto
De manera especial, hizo una amplia explicación del avance que registra la segunda línea del acueducto de la presa Vicente Guerrero a Ciudad Victoria, un proyecto largamente anhelado y una obra necesaria ante la dinámica de crecimiento de la capital.
Con una inversión de más de 2,600 millones de pesos, la obra avanza en tiempo y forma para suministrar más de 1,500 litros por segundo, incorporando nuevos procesos de potabilización.
También mencionó el avance del 97 por ciento en la Planta Internacional de Tratamiento de Aguas Residuales (PITAR) en Nuevo Laredo, cuya inversión de mil millones de pesos permitirá el tratamiento de 1,600 litros por segundo, contribuyendo al saneamiento del río Bravo y al desarrollo industrial de la región.
Tamaulipas, potencia energética
Al referirse al potencial energético del estado, Américo Villarreal destacó que el 70 por ciento de la prospectiva energética del país se encuentra en el noreste de México, principalmente en Tamaulipas.
Recordó además que el director de Petróleos Mexicanos ha señalado que “el futuro de Pemex está en Tamaulipas”.
El gobernador expuso el desarrollo del Campo Trion, los trabajos de licuefacción de gas en las costas de Aldama y Altamira, la instalación de parques fotovoltaicos y nuevos parques eólicos, así como el avance del gasoducto en el libramiento de Reynosa.
Estas acciones consolidan el potencial de Tamaulipas como referente energético a nivel nacional.
Impulso al campo y valor agregado
En el último segmento del programa, mencionó las acciones para impulsar el desarrollo del sector agrícola y forestal, destacando la instalación de la empacadora de carbón vegetal El Bernal y la producción de tortillas a base de sorgo blanco.
Estas iniciativas buscan dar valor agregado a los productos primarios y generar mayores beneficios económicos para las comunidades.
SJHN",GOOGLE_NEWS_RSS
La Grilla - Milenio,2026-04-13 07:00,2026-04-13T07:00:00+00:00,Milenio,,https://www.milenio.com/opinion/editoriales/se-dice-en-la-grilla-tamaulipas/la-grilla_1128,https://news.google.com/rss/articles/CBMilAFBVV95cUxQZUlaUV9BNjdzbk5oRC1JUVFWVlhJMWl3SWJsbVZOaHFWWHA0YzYzMWpRdHoxUWgwelhXaFp3NVh5T3o0b3IySnlZNXZQWGtFUm5yekFOSkhyTWE2QmZFWUhlVzJ5UXFXMFNsREJyNWZQZWRJMGFIWFE2bnkyRkpSakVoR3hyQ2dxUm1UNHl0VjJjV0FK0gGUAUFVX3lxTE1FMkE5MHZ3SnptTHFjRm9ycWZsb0JPWFRzRUJfT0JSYzF5QU5GSjZkTTZUaWxqSXdrTnF1eXVXVFNmWEZyQmFSWW9rZTJ0M1ZPSkdnQWNUMDZUUGJ1NUoyelg2N2VlM1N0N0JoMUhaQk9IOThJWUsxcGJuRTJvenZiRE5lSXJZdlZoYXl4cEZ4bktFZDM?oc=5,,"Que Benjamín Hernández Rodríguez, secretario de Turismo de Tamaulipas, fue el representante del gobernador Américo Villarreal en los eventos del 203 aniversario de la repoblación de Tampico. Desde el Congreso aparecieron legisladores con aspiraciones políticas, entre ellos la diputada Úrsula Salazar; Marcelo Abundis, por Altamira; y Lucero Deosdady, quien afirma que puede ser alcaldesa.
Que los hospitales del sur de Tamaulipas que siguen pendientes están generando algunas deudas, tanto el Hospital Civil de Ciudad Madero como el ISSSTE. Están cerca de concluirse, pero persisten detalles como la afectación de vialidades que no se ha resuelto, además del pago de algunas obras realizadas que aún siguen pendientes.
Que hubo representación del gobierno federal con la presencia de la senadora Olga Sosa, quien detalló que, tras una reunión con productores tamaulipecos, acordaron comunicar a Julio Berdegué, titular de la SADER, el impacto de la agricultura local en el desarrollo económico del país.
Que ahora no hubo tortas de la barda para los cabildos de Tampico y Altamira en el marco del evento de la repoblación; en su lugar hubo brochetas de pollo, de res, camarones al coco, banderillas de queso con uvas, empanadas, entre otros bocadillos, en una convivencia realizada en el palacio municipal, la casa del pueblo.
Que la alcaldesa de Nuevo Laredo, Carmen Lilia Canturosas, aprovechó las redes sociales para enviar una felicitación a la ciudad de Tampico, gobernada por Mónica Villarreal. De un polo a otro de Tamaulipas, la 4T reconoce a los pueblos. Desde el Congreso de la Unión, el diputado Carlos Canturosas también se sumó a la celebración.
Que en Ciudad Madero las estadísticas fueron favorables de acuerdo con el periodo vacacional de Semana Santa 2026, al prácticamente quedar tablas con el año anterior, con 1,317,745 de visitantes en la Playa Miramar. El alcalde Erasmo González evaluó de forma positiva las cifras, a pesar de rumores y frentes fríos.
Que en Altamira hay algunos cartuchos quemados de diversos partidos políticos que están surgiendo como zombis en apocalipsis y buscan acercarse a Movimiento Ciudadano para tratar de formar parte de algún proyecto, ante la cercanía del proceso electoral de 2027, en el que se renovarán las alcaldías de Tamaulipas.",GOOGLE_NEWS_RSS
Entre la caña y el río: conoce a los ganadores del Torneo de Róbalo 2026 en Tampico - El Sol de México,2026-04-13 07:00,2026-04-13T07:00:00+00:00,El Sol de México,,https://oem.com.mx/elsoldetampico/deportes/entre-la-cana-y-el-rio-conoce-a-los-ganadores-del-torneo-de-robalo-2026-en-tampico-29472262,https://news.google.com/rss/articles/CBMizwFBVV95cUxOaTYwbTdNSzE3RE40YnFySzBxTGtHOUxNb1hfc2pxazZjUGJjc3pkaFJFNmttSXIxbEhaTWctX25JbzFEcHpySHZUOHJ1MDBkTk1EZFI3T2o3eFgzVkZjaGYwWF9TMlFOdnA2Umh3a1NFRi01OTd1bnNDeU9WQUtiTW9Cck9vVF9XaDR2VmZMVVNQQ08wZ0pFX3NnRVhCWDVhVzN0UlJVS201ZXBET0JXZWdyVEJPSDFVOElZNmw5cF9EbUpuZ2g4ak9VeDd2NmM?oc=5,,"Deporteslunes, 13 de abril de 2026
Entre la caña y el río: conoce a los ganadores del Torneo de Róbalo 2026 en Tampico
El certamen se llevó a cabo con éxito a lo largo de tres días, concluyendo el domingo 12 de abril, sobre los Ríos Tamesí y Pánuco
Gustavo Corona",GOOGLE_NEWS_RSS
Ni la SET sabe cuántos maestros de Educación Física faltan en Tamaulipas: “en algunos casos los papás pagan” - El Sol de México,2026-04-13 07:00,2026-04-13T07:00:00+00:00,El Sol de México,,https://oem.com.mx/elsoldetampico/local/ni-la-set-sabe-cuantos-maestros-de-educacion-fisica-faltan-en-tamaulipas-en-algunos-casos-los-papas-pagan-29410588,https://news.google.com/rss/articles/CBMi6gFBVV95cUxNNk1OWkl0dmVIc01xZU1ZOXR5LWJHWWFhSWdreUF4S0UzajBBN0l6djlHb0FIdUdtZklqSUh5Q2pmd1Q1VWJjc05HNmY1cUJxT3F4NzNvRy0xaVlKSWNrQ0NhUDNQZjcyRVI4V2tqVWJWMTl3LTRkZHZ3Y2xwSXBNSkFGSFpXUFhOMWxlQkZ5Wm42bUJGcUlsWGVhTUM4RWhZTjY3UElFSUdxRlhUbmdfTjJ2NkpmdDR1X2lNWWh4a09tZDkxd3pxTUhoLWtqNm1FdFNTdEcwZ1hXdDFjcUREazE5N0tRano5eUE?oc=5,,"Locallunes, 13 de abril de 2026
Ni la SET sabe cuántos maestros de Educación Física faltan en Tamaulipas: “en algunos casos los papás pagan”
Los niños padecen de problemas de obesidad y sedentarismo ante la baja actividad física, el problema agravó después de la pandemia de Covid-19
Yadira Hernández",GOOGLE_NEWS_RSS
¿Adiós a las caguamas en la arena? Playa Miramar busca prohibir el vidrio por reglamento - El Sol de México,2026-04-13 07:00,2026-04-13T07:00:00+00:00,El Sol de México,,https://oem.com.mx/elsoldetampico/turismo/adios-a-las-caguamas-en-la-arena-playa-miramar-busca-prohibir-el-vidrio-por-reglamento-29414507,https://news.google.com/rss/articles/CBMi0wFBVV95cUxQTGM1V2M0VThiR1ZKa2hiT21GeHBYVnlfLS1TYzZlSDR2MmdZd2lTbUpNSS1KWXNpQTRzcEt3WDZaQnBpZHdJTlN3RDFoT0xTRHhpUnJ0RGtzV2Q1Tm1RYl83WExreWZvNEF2aC03YmhZcjZERzRQVHg2LW1ZYU8tcGsyR2RfQS1uRHJQRUg2Q3AwbS1uajRhRTI3MEcyTU5FYzZpWF9RYl9KZWZ1UzZONlZLTC1TTmFVcUd3Mmw1LTJWcFFiSS1RMXBzdVVOXzY2RzBF?oc=5,,"Turismolunes, 13 de abril de 2026
¿Adiós a las caguamas en la arena? Playa Miramar busca prohibir el vidrio por reglamento
En Tamaulipas existe un proyecto para declarar la guerra al vidrio en destinos turísticos como ya ocurre en Cancún
Juan Hernández",GOOGLE_NEWS_RSS
Edificios de la calle Ribera “representan un riesgo”: urgen rescate del patrimonio arquitectónico de Tampico - El Sol de México,2026-04-13 07:00,2026-04-13T07:00:00+00:00,El Sol de México,,https://oem.com.mx/elsoldetampico/local/edificios-de-la-calle-ribera-representan-un-riesgo-urgen-rescate-del-patrimonio-arquitectonico-de-tampico-29474723,https://news.google.com/rss/articles/CBMi6gFBVV95cUxOd1FLRER2ZWQzRXNBcHFnVXRndVF1ckpJNzJWNXgxWk9TNExheVhWNHZDT0hnRWRhdjJ6RjlmMHdGbWk0Ukh6S3FubExidDdSWkhRMVE5bGtLN3FEUTY4LXgwcmNBUjExWXlhdGpPMFUwcXVQR0NnR0wtODM5NENUeF9JYllDWmpWQVJUTlFYbVY2V2ZKLXFyaEZhTGRzQTJVcVF1d3h0Rnl1Z3JaRS1aOEZvN0Y3TkxnOEdEcENuWFFHNHczYTFnaDREd1ViQW02VHBUVUZBYWE3VXNFanNBZ0dIdVFGNXlucVE?oc=5,,"Locallunes, 13 de abril de 2026
Edificios de la calle Ribera “representan un riesgo”: urgen rescate del patrimonio arquitectónico de Tampico
Tampico es la ciudad con mayor riqueza histórica en Tamaulipas, pero su antigüedad es también su debilidad
Paulo Monsiváis",GOOGLE_NEWS_RSS
Claroscuro / Hollywood y la identidad - El Sol de México,2026-04-13 07:00,2026-04-13T07:00:00+00:00,El Sol de México,,https://oem.com.mx/elsoldetampico/analisis/claroscuro-hollywood-y-la-identidad-29464284,https://news.google.com/rss/articles/CBMikAFBVV95cUxPOVNEQTk2VHQyMTVIZGVUajVTVlRhSFFzYWtoakg4VnNHbFJ0QktYelpFalZDQlQ2ZG1YOUhOMFZQUEJSalYzUEJKbXRfWURQbENrb09TUDBuMzB4azVCNFVIeWhhRk12ck9tM1dnZTJDMF9zOUxUZURsUlNXU0lmZkxfVXlPN3AtUG9EZlRlMzY?oc=5,,"Análisislunes, 13 de abril de 2026
Claroscuro / Hollywood y la identidad
ÚLTIMAS COLUMNAS
Más Noticias
COLUMNAS
CARTONES
LOÚLTIMO
Newsletter
¿Te quedas fuera de la conversación? Mandamos a tu correo el mejor resumen informativo.
¿Te quedas fuera de la conversación? Mandamos a tu correo el mejor resumen informativo.",GOOGLE_NEWS_RSS
Tampico tendrá nuevo teatro: expropian histórico Foro Shakespeare - Milenio,2026-04-13 07:00,2026-04-13T07:00:00+00:00,Milenio,,https://www.milenio.com/comunidad/expropian-foro-shakespeare-tampico-crear-teatro-centro,https://news.google.com/rss/articles/CBMikgFBVV95cUxQelNVcVV5eHlXWW5MeS1LWnpfSXN2Z3RxcWhGR21YYmM4VnN1TGpaNnQ2UjJNOEdRT1l4RkNHLUFxYW0teENjdk5uaFBhbHk0SWV2Nngxc0V4RzNMR2c5SDVfX180cHo4OXZlR3hZcjUxMzJjUXBqeVlRdUNlX0pwTjhPa2otdTh4MmJYSW9Nek1EQdIBkgFBVV95cUxNajNoRW1qZGlrSnFoUkVvS0k1dnBhbnJ1RHJBejdIUGZhd01aS19FdDM0X1FTa25ndlNjVVFySFF4ZlhSLTliRGEtWVM3YjE0ZWxreXk0M0luazhuTEJaekROYzRjbHRNaXNZSHhobjNrMXVlcHdNZ1oxNGw2UDFiR0FBalVWbHNKektLRUs0VDR4UQ?oc=5,,"En el marco de la celebración por los 203 años de Tampico, el gobierno de Tamaulipas expropia un inmueble histórico ubicado en el centro del puerto con la finalidad de instalar un teatro y espacio para eventos culturales, lo cual dará un plus a la ciudad.
Se trata del llamado Foro Shakespeare, edificio de la Benemérita Sociedad Mutualista Hermanos del Trabajo, que tiene más de un siglo y se encuentra sobre la calle Sor Juana Inés de la Cruz, a un par de cuadras de Presidencia y cercano a inmuebles históricos.
Foro Shakespeare, un “regalo” por el aniversario
La alcaldesa Mónica Villarreal Anaya, durante su participación aseguró que “es un regalo que el gobernador Américo Villarreal Anaya hizo a Tampico en su 203 aniversario de fundación”, lo cual ayudará a tener más opciones de recreación en el primer cuadro y Centro Histórico.
El plan es que se pueda habilitar un espacio enfocado a las actividades artísticas y culturales, el cual actualmente no existe en el primer cuadro de la ciudad y servirá como una opción más, aunado a que ya había propuestas de los colectivos artísticos por rescatar dicho espacio.
La expropiación del inmueble fue un tema que destacó el alcalde de Altamira, Armando Martínez Manríquez, quien agradeció públicamente la intervención del gobernador para el rescate de un inmueble histórico que beneficiará no solo a Tampico, sino a todo el sur del estado.
Rescate histórico con mayor impulso en 2026
Al respecto, David Granados Ramírez, director del organismo público descentralizado Autoridad del Centro Histórico de Tampico (Acehtam), indicó que en la ciudad el rescate de la infraestructura histórica se está dando con más fuerza durante este año.
Se ha nombrado una serie de obras relacionadas con edificios históricos de la ciudad, entre ellas la intervención de la Casa Gándara, actualmente en proceso y a cargo de la iniciativa privada.
Una de las obras que representan el rescate del patrimonio histórico es la Catedral de Tampico, un inmueble de gran valor histórico que es patrimonio de la nación y cuenta con el seguimiento del Instituto Nacional de Antropología e Historia (INAH).
La ex Aduana, pieza clave para el turismo
De acuerdo con el titular de Acehtam, una de las obras más icónicas es la restauración del edificio de la ex Aduana de Tampico, la cual marcará una pauta en el turismo y fortalecerá la conexión entre el Centro Histórico y el río Pánuco.
SJHN",GOOGLE_NEWS_RSS
¿Encontraste una tortuga Lora en tus vacaciones? Esto puedes hacer - Milenio,2026-04-13 07:00,2026-04-13T07:00:00+00:00,Milenio,,https://www.milenio.com/politica/comunidad/que-hacer-si-veo-una-tortuga-lora-en-la-playa,https://news.google.com/rss/articles/CBMikgFBVV95cUxQckdNLS0wcEZ1dm9lX0NFWmtGRUMxX2JxblhRbjNMUnFYYkNLdUQxbTBvMUxsTGl2QWxxSkxtXzJnMmoybkVVWjVmdnlVWUdDYXZSN0pBS296QjVDb2FFWlFyTTZtSXl6OW5xbk1McFJwd2ZEY214UU1Jc3BuN1Nhd2F2bjBoQzNacUNmMkxYYWdNZ9IBkgFBVV95cUxPTTZISEdweTBCcl9kRHY0MEFmUmd1ZmdzbEtLaDdhbDhZdFNTSWYyRWFRTFpWc04zcTFSSzhRblM4UlBsZlczTWhxSGQyWThKcWphQ2dGTlFnRGh4S0pYbXB0dXJKUjVnejNBTXN2d0FzblRlOGFQa0lKQVJHaHVySkpiZmFidkFILUQ0STZ0aWQzQQ?oc=5,,"Ha comenzado el arribo de la tortuga lora a playas del Golfo de México por lo que si vas a viajar a la costa toma estas recomendaciones en cuenta para ayudar en la conservación de su especie.
De acuerdo al Programa de Acción para la Conservación de la Especie Tortuga Lora de la Semarnat dicha especie es de las más pequeñas de todas las tortugas marinas que existen.
Su peso varia entre los 32 y 49 kg en su edad adulta, y el largo en línea recta del caparazón es de alrededor de 60 a 65 cm.
¿Dónde se encuentran las tortugas Lora?
La Tortuga Lora habita en aguas del Golfo de México y Océano Atlántico. En el país, la anidación se encuentra esencialmente limitada a las playas del oeste del Golfo, principalmente en el estado de Tamaulipas.
Algunas playas donde se pueden observar son Tepehuajes, Barra del Tordo, La Pesca, Altamira, Miramar y Bagdad. Pero, también ocurre a lo largo del estado de Veracruz.
Recomendaciones
Esto es lo que no debes hacer si estás en contacto con una tortuga Lora:
- No tocarlas ni intentar manipularlas: esto puede estresarla y provocar que abandone su proceso de anidación
- Evita usar luces brillantes, flash o linternas
- No te acerques demasiado: quédate siempre detrás de ella para no interrumpir su nido
- Evita hacer ruidos fuertes
- Deja libre el camino entre la tortuga y el mar
- No hagas hoyos profundos en la arena, pueden caer en ellos y quedar atrapadas
Estas acciones pueden asustar a la tortuga y hacer que regrese al mar sin poner sus huevos.
¿Qué hacer si veo una tortuga lora?
Dicha especie sale del mar a buscar un sitio para hacer sus nidos y depositar sus huevos, por lo que lo ideal sería no entorpecer su paso y dejarlas que realicen solas su proceso. Otra cosa muy importante, es evitar tomar fotografías con flash pues puede afectar su orientación debido a que es muy sensible su vista a la luz.
La Comisión de Parques y Biodiversidad informa que su aparición también debe ser reportada a las autoridades.
""Proteger y conservar a la Tortuga Lora es responsabilidad de todos"".
Si ves una cerca de ti, llama al 8114816104 o al 8341481121
SJHN",GOOGLE_NEWS_RSS
Otro fuerte accidente en la Morelos: dos motociclistas graves tras choque en la misma zona donde murió Ezequiel - El Sol de México,2026-04-13 07:00,2026-04-13T07:00:00+00:00,El Sol de México,,https://oem.com.mx/elsoldetampico/policiaca/otro-fuerte-accidente-en-la-morelos-dos-motociclistas-graves-tras-choque-en-la-misma-zona-donde-murio-ezequiel-29476242,https://news.google.com/rss/articles/CBMi9gFBVV95cUxQS25SZjRIQWJtWlRUR2pybENJbGo2amtyWTVfZFoxQm14Z3RXQzE4Q3RhODNXaGhEVWlKclQyeGpWbEtsSmFTTmVQYnk3OEJmSDBEWnVJZEdjcU8wRm9GWWQyWnIzaU5DQnNvSTU3SnNRbXduTEJXbW4wMl9URVBQdElQdDVQVXhhenB5V2RudjgyQnB6bDZ5VWloMUZjc0ZEdnBKOUZFYnU5YVRuSmRWemswekN0YmRVTkFBVXktNHRqTWJyQ2dlUVRqeFMtd1BVOWhMWXltQ18tb2NidkpFZjFzODNXLWtYbVJZUTY0MG9iRWVSNWc?oc=5,,"Policiacalunes, 13 de abril de 2026
Otro fuerte accidente en la Morelos: dos motociclistas graves tras choque en la misma zona donde murió Ezequiel
La tarde de este lunes se registró un fuerte accidente que dejó a dos hombres gravemente heridos en el cruce de Guerrero y Galeana
Mario Cruces",GOOGLE_NEWS_RSS
"Tamaulipas, en reunión binacional - Milenio",2026-04-13 07:00,2026-04-13T07:00:00+00:00,Milenio,,https://www.milenio.com/opinion/victor-hugo-duran/sin-codigo/tamaulipas-en-reunion-binacional,https://news.google.com/rss/articles/CBMimAFBVV95cUxQMk1fdE1HT1NEcG9Vb3hvS3JyZXZUNjNmSm5lUmhjUm4wcHdlNnVfN2VXMWVMMFdKaDU1ZHlTQkc4VllWWkRSNjlRcjV3SmE1MVB4V1ZwRFNxVzAzc3MtQ0U5WW15NTktb1ZhSHRtY1NnMU9pRHNnOHFhNHJtQXpCTlI1QTI0UmhlZ1l6VXFWRDgzT0FuUk10UNIBmAFBVV95cUxQc0wzYUhwOEozZWlNN212alZ3TnlTMTZ0MjctRFFNVFdHck8tSFhzMGdvdVNRaWh2OVdhUXRJSDhlQ2J0bXV4Z0tGNTFVRkxyaW16XzNXelZQdzdZN1hhRUpjWUl1SVBIakM5MlgxbS1PbXZ4cTNvYnJaWDdieXFnY0Q1VVFrRjNSUU40RXUyZzR3Y0QxYng5WA?oc=5,,"En los recientes días la secretaría de Economía, Ninfa Cantú Deandar, encabezó una Delegación de Tamaulipas a Washington y participar en la Reunión Internacional de Cruces Fronterizos entre México y Estados Unidos, al que asistieron funcionarios y expertos de ambos gobiernos federales, así como de los estados fronterizos, que también incluyeron a Baja California, Sonora, Chihuahua, Coahuila y Nuevo León, así como sus vecinos del otro lado.
En dicho encuentro se vieron las diversas medidas que se estarán implementando tanto en infraestructura física como en nuevas tecnologías, a fin de agilizar el cruce de personas,vehículos y mercancías. Nuestra entidad cuenta con 19 puentes vehiculares y ferroviarios, siendo la región con mayor conectividad.
En estas charlas sobresalió el anuncio por Tamaulipas de la construcción a lo largo de la carretera fronteriza. entre Nuevo Laredo y Matamoros, de las Estaciones de Seguridad cada 25 kilómetros que apoyarán las acciones de seguridad bi-nacional
En cuanto a eventos, este miércoles será la Toma de Posesión oficial del Consejo Directivo del Instituto Mexicano de Ejecutivos de Finanzas (IMEF Tamaulipas) que encabeza Emilio Ávila, un destacado profesionista en temas contables, fiscales y de compliance.
Asiste la Presidenta Nacional de ese Instituto Gabriela Gutiérrez Mora, quien expondrá el tema de las “Perspectivas Económicas 2026”.
Y el próximo viernes la Arcim Tampico, presidida por Rosa Edith Deantes, presentará un oportuno “Taller sobre Tópicos y Estrategias Fiscales 2026”, a cargo de Juan Manuel Salas, especialista en temas contables y está abierto a la comunidad .
Muy bien recibidas por el sector empresarial las noticias que el proyecto de la Reconversión Turística del Puerto de Tampico, que dirige Jaime Herrera Romo, marcha a buen ritmo y hasta se habla de una ampliación al presupuesto original.
Este recurso proyecta incluir otras obras que complementarían muy bien el proyecto que busca integrar el puerto y el río Pánuco a la ciudad, asi como aprovechar las instalaciones del histórico recinto donde operó por muchas décadas la Aduana. Por cierto, se mantiene el interés del capital local y foráneo para entrar en la estrategia, aún con la fecha de licitación por definirse en las siguientes semanas.",GOOGLE_NEWS_RSS
"Muere 'Fusilín', payaso del sur de Tamaulipas; tenía días luchando por su salud - Milenio",2026-04-13 07:00,2026-04-13T07:00:00+00:00,Milenio,,https://www.milenio.com/comunidad/fallece-payaso-fusilin-sur-tamaulipas-despediran-tampico,https://news.google.com/rss/articles/CBMilAFBVV95cUxPUTc0djB1Vko1UDdmVV9PcEUtbzRmckhITGsyZEZvMXFJY3FNY0Nxb1VQNUxRdjB1WWhTMVRvWEVTUmxGd1lsdC1pMnVMdnFWY1FqWk53Y1RnOWNhRGJhNHlJbmJ4Z3pobTBjNl9RdGpNWjVfekZidGlzN0dMRXR4T0hTTzJBcVZPSGotLXpkRWZUMTZ10gGUAUFVX3lxTE9jVnBUV1dPaEFqM3pBZENrVFgycmtXc2ctSDVwYVhzMVJ5a3dpSzNKeHA3Wmt2b2NHXzhMNTZYS0tEd2ZXQ1VHLXc5LTNBaUNGQmtINEhzYWNrVU05Y2hpNDNrREhNV0h5ZVZlQUU3a1JGYXVjQ2pqTDE5QzhQR2szWTNUZDRHZ1lHRlZCWFk4ODFjTVc?oc=5,,"El sur de Tamaulipas se encuentra de luto tras confirmarse el fallecimiento de Aldair Jabib Almazán Compeán, mejor conocido como 'Fusilín', un payaso reconocido en la región y parte del grupo Los Guajolotes de Altamira.
Durante los últimos días, su estado de salud había sido reportado como delicado a través de redes sociales por su esposa, quien agradecía el apoyo de familiares, amigos y seguidores, sin precisar la enfermedad que enfrentaba.
A través de publicaciones en las cuentas oficiales de 'Fusilín', su familia compartía mensajes de esperanza, en los que destacaban la fortaleza del payaso y solicitaban oraciones.
“Yo sé que es muy fuerte y si ya una vez lo tuve en casa, esta no será la excepción. Sigamos orando mucho por él”, se leía en una de las publicaciones, donde también agradecieron el respaldo económico y moral recibido.
“Buenos días en nombre de mi esposo Fusilin y toda su familia, quiero agradecerle a todos por apoyarlo tanto. Ustedes saben quiénes son. Yo sé que es muy fuerte y si ya una vez lo tuve en casa está no será la excepción sigamos orando mucho por él, también gracias a todos los que económicamente lo apoyaron, los que están al pendiente de su salud. Esperemos primeramente Dios que este nuevamente aquí con nosotros.""
Fue este domingo 12 de abril cuando se dio a conocer la noticia de su fallecimiento, lo que generó una ola de reacciones entre sus seguidores y compañeros del medio.
“Hoy nos duele el corazón al despedir a nuestro hermano Adair Compeán ‘Fusilín’. Deja un legado lleno de alegría, risas y momentos que vivirán siempre en nosotros"", compartieron en sus redes sociales los payasos Pacman Comelón y Flakolyn, integrantes de Los Guajolotes de Altamira.
¿Quién era Fusilín, payaso de Altamira?
'Fusilín' formaba parte del grupo de payasos conocido como Los Guajolotes de Altamira, junto a personajes como Pacman Comelón y Flakolyn.
Más allá de su personaje, Aldair Jabib Almazán Compeán era reconocido como padre, esposo y amigo, destacando por su cercanía con la gente y su habilidad de llevar alegría a distintos eventos y comunidades.
¿Dónde será velado el payaso Fusilín en Tampico?
Familiares y amigos informaron que el payaso será velado el próximo:
- 13 de abril de 2026
- A partir de las 11:00 horas
- En el Velatorio del IMSS
- Ubicado en Avenida Manrique 542, Colinas de San Gerardo, Tampico
Se hizo una invitación a través de redes sociales abierta a la comunidad para acompañar a su familia y rendirle un último homenaje.",GOOGLE_NEWS_RSS
Designan nueva titular de Asuntos Internos en Fiscalía de Tamaulipas - Milenio,2026-04-13 07:00,2026-04-13T07:00:00+00:00,Milenio,,https://www.milenio.com/estados/nombran-miranda-zavala-asuntos-internos-fiscalia-tamaulipas,https://news.google.com/rss/articles/CBMilgFBVV95cUxPQ2g2aC0zcnV0bXNkd3Y3ckNydFc0ZHdoTVRpV0NLR0lhS0M2UnJNR24zMUlsUHUwVm1zRTJITzdEVW41LVNuUWF5R2dkR3ZiUy1vWFBOc2NEaWlhamNxWGhVTzBNR3FUZmtXUlRLMXpoLVV3Y3FrZWJrQjczelFhd054aU44WFV2dlIzMVRtazBmVzdFemfSAZYBQVVfeXFMTnE4RzI2TVNCcGt6bnBQbXhNMUhRZGJmS2ZOSVJDc0U2TEQ1Y2lyZ0tOWGt6X2dHWUlveWlDemlTekQ5dWhWTjFkQXJFTDg2M2ROQng3bGdlcmFMRkZvR1podmliNTFIWjhMeEtvRmVHaFlQREQ5czkzczMzSENld0o2bElvQXJmNnJ2SlAydno5Yk1IbWJR?oc=5,,"En sesión solemne, el Congreso del Estado de Tamaulipas aprobó por unanimidad la propuesta del fiscal general de Justicia, Jesús Eduardo Govea Orozco, para designar a Miranda Zavala Rodríguez como titular de la Fiscalía Especializada en Asuntos Internos de la Fiscalía General de Justicia del Estado.
Miranda Zavala rinde protesta
Durante la jornada legislativa, las y los diputados de la LXVI Legislatura analizaron el perfil de la propuesta, misma que fue respaldada sin votos en contra. Tras la aprobación, Zavala Rodríguez rindió protesta ante el pleno para asumir formalmente el cargo.
Perfil académico y formación de Miranda Zavala
La nueva titular cuenta con formación en Derecho, así como una Maestría en Derecho Constitucional por la Universidad Autónoma de Tamaulipas. Además, posee una especialidad en Juicio Oral y Proceso Penal Acusatorio por el Instituto Nacional de Ciencias Penales.
¿Qué funciones tendrá Miranda Zavala?
Desde esta posición, Miranda Zavala Rodríguez tendrá entre sus responsabilidades supervisar el actuar interno de la institución, así como fortalecer los mecanismos de control y legalidad, conforme a lo establecido en la Ley Orgánica y el Reglamento de la Fiscalía General de Justicia del Estado de Tamaulipas.
JETL",GOOGLE_NEWS_RSS
¡Goleada en el Estadio Altamira! Orgullo SurTam aplasta 6-0 a Tehuacán y acaricia la liguilla - El Sol de México,2026-04-13 07:00,2026-04-13T07:00:00+00:00,El Sol de México,,https://oem.com.mx/elsoldetampico/deportes/goleada-en-el-estadio-altamira-orgullo-surtam-aplasta-6-0-a-tehuacan-y-acaricia-la-liguilla-29477177,https://news.google.com/rss/articles/CBMi2wFBVV95cUxPLVo1MkxzTFBWNnhTdjVjbGV6RmdBX01wVk9lVmlFM3A5MXJfR1FnbjlMX2Q4ZXAxYXVGS3ZYUGtTRUUydVBteFVTekNqQkFOV0hpQS1XTDA0NG45LW02b3BuczNTdlYxbGhxWHZBMnNXZWF2MDlpSG52RFpxRS1WUlBGMlFFcXNWbWZVUnhrM0ZxMmx4MGNlbkREVlF6VXJQTHFQMUZfelFMTG54ZXI3bUlxWEQ1RWRuMVVnaU9FRHEtT3hhWVFnV1NKbjB4QTdJSjUyYi1YUnVCWTQ?oc=5,,"Deporteslunes, 13 de abril de 2026
¡Goleada en el Estadio Altamira! Orgullo SurTam aplasta 6-0 a Tehuacán y acaricia la liguilla
Con un 6-0 contundente sobre LF Tehuacán, los muchachos demostraron que el sueño del título está más vivo que nunca
Héctor Rivera",GOOGLE_NEWS_RSS
"Tras Semana Santa, van por turismo canadiense para playa Miramar - Milenio",2026-04-13 07:00,2026-04-13T07:00:00+00:00,Milenio,,https://www.milenio.com/comunidad/semana-santa-turismo-canadiense-playa-miramar,https://news.google.com/rss/articles/CBMihgFBVV95cUxPaGVZS3B1QmdVdS1vbFh4M2RuSlg3cDh3Z211TVotRzBKakVjVlpyaGhiVm1xSC1PXzhlTFhyTG95dl9zSWlxUmxwMFg5YmRjN3VPX3JocmhrQUlaemtUNmMxM0dMOUU0cnp1QTlQMEJLTE45YTFVdnFOdFA5RXYxN2dlTmxHQdIBhgFBVV95cUxNSlA5NjIzaldXS2J2VF9sRVV1aXBNU2tFNWNOOFdpa0ZVaF9TMEVWN0VaRm1vRnZaSTdjTjNRWTQ5RG8xRFZra1k4R1VYOFl5ZGJ5QVl2SXk4MVFwQ3ZYSWxHYzNLNTlmcmRpVnhZREkwN0FDTjI1RmEwRDNsVTZPbjRCWmZLQQ?oc=5,,"Las vacaciones de Semana Santa 2026 representaron una derrama económica de mil millones de pesos durante 17 días tan solo en Miramar, aseguró el alcalde de Ciudad Madero Erasmo González Robledo, además de que ya están planeando el regreso de los canadienses a partir de verano este año.
“Hay que mandar un mensaje de que la playa Miramar está lista para cualquier temporada del año que esperemos nos puedan seguir visitando. La derrama económica fue de mil millones de pesos en 17 días que dura el periodo vacacional para nosotros”, aseguró el edil.
Dicha cifra de derrama económica, puntualizó el alcalde de Ciudad Madero, representa un aumento de 3 por ciento en comparación con el año pasado y eso significa que existe la preferencia de los habitantes de otras entidades.
Este domingo fue el último día de vacaciones de Semana Santa, así que la estadística prácticamente se cerró y se puede decir que se igualaron cifras del 2025, en el mismo periodo de tiempo, a pesar de factores como el frente frío, que afectó el domingo de Resurrección.
La cifra de asistentes es similar a la del año pasado, aseguró la autoridad maderense, a pesar de factores en contra como el ingreso de un frente frío o los rumores de afectación por chapo en el Golfo de México, lo cual no afectó a la costa maderense.
Uno de los periodos más importantes que se registran en el año en materia turística es Semana Santa, pero las autoridades municipales ya planean estrategias que van a beneficiar al destino en verano, entre los meses de junio y julio del presente año.
Recalcó que tienen la meta de poder atraer a los turistas de Canadá como un esfuerzo de los tres municipios de Tamaulipas, quienes dejaron de llegar en 2010 por la inseguridad, luego se hicieron esfuerzos hace 7 u 8 años, pero no sé logró consolidar.
“Para fin de año buscamos prospectar el regreso de las operadoras de los charters procedentes de Canadá, que es otro mercado que ya había venido y que vamos a seguir promoviendo en el transcurso de aquí a octubre de este mismo año”, puntualizó González Robledo.
Explicó que el objetivo es que los turistas canadienses y texanos “vengan en el mes de junio, buscamos a las tour operadoras para volverlos a encantar, para volverlos a enamorar de este destino turístico del sur de Tamaulipas”.
Dicha meta la buscarán “en conjunto con el gobierno del Estado, con Altamira y con Tampico, para hacer de esta zona, un centro de atracción turística para los canadienses que vienen a resguardarse del frío del invierno en el norte del continente”, concluyó.
yc",GOOGLE_NEWS_RSS
¡Es majestuoso! Registran primer avistamiento de una nueva especie de ave en Tamaulipas - Milenio,2026-04-13 07:00,2026-04-13T07:00:00+00:00,Milenio,,https://www.milenio.com/virales/avistamiento-de-nueva-especie-de-ave-en-altamira-tamaulipas,https://news.google.com/rss/articles/CBMilgFBVV95cUxQenF6dFRGU2FCdEs3cTU1ell3Y1I3R1YtbDRFUWJmaTJKbDhKRTVyMXFCTFIydWhWdkhja0tqLW43dFY3QlB4YUNLSUZjdVN5dF8tVTBxSHAtOWRZS0xKVU5kNTVNRDU0Q3dzZlNfc29OZERLZ3ZBOGZRWXVwNU0zZlVYbnpEMXBwUTlMRFh0WTlxa3QzMFHSAZYBQVVfeXFMT1djRlkxd3d3RmttblJXZ1NTd3lRMnhrY0xlWV9UcS1XQ0pNdFhKUU84WnB5eDNJTWVTTjh1UHNLejJYa2x0UmVfNnByNEJscDRRQmJEOV9IRkpHVm9pZktoRFZDVFBkdm0tR1RZNG1VU0NFWXRMYXctOUtQeXV0THpZZC1Bc1lWNzJaSmNWeG1UTDYzR1ln?oc=5,,"Durante un recorrido en el sur de Tamaulipas, integrantes de un club de observación lograron identificar un ave con una larga y llamativa cola blanca que, por momentos, parecía la apariencia del quetzal, lo que generó sorpresa.
Un avistamiento sorprendente en Altamira ha llamado la atención de los usuarios en redes sociales tras detectarse una especie marina que no contaba presuntamente con registros previos en el estado y la cual, este podría ser el primer contacto con esta especie.
De acuerdo con la publicación de Altamira Exploración Salvaje señaló que: ""A los lejos lograron ver el destellar de la luz en la gran cola blanca que ondeaba un par de aves, lo que rápidamente les recordó la majestuosa cola del Quetzal, sin embargo esta ave marina es totalmente diferente"".
¿Qué ave es el que fue visto por primera vez en Altamira, Tamaulipas?
Se trata del Rabijunco Pico Rojo (Phaethon aethereus), conocida comúnmente como rabijunco etéreo o ave del trópico de pico rojo, es una especie de ave fetontiforme, una de las aves marinas que habitan los mares tropicales.
un ave marina que rara vez es vista en tierra firme y cuya presencia en la región representa un hecho inusual.
Esta especie destaca por su elegante figura y, principalmente, por las largas plumas de su cola, que pueden apreciarse a gran distancia.
De acuerdo con EBird es un ave marina espectacular rara vez vista en tierra firme pero se encuentra muy localmente en algunas islas cerca de la costa. Usualmente se ven como aves solas posadas en el mar, o en parejas siguiéndose dando llamados cerca de acantilados, a veces muy alto.
Pesca dando clavados verticales que producen una pequeña pluma de agua como un mini resoplido de ballena. El pico de los adultos es rojo y robusto y plumas muy alargadas en la cola. Los inmaduros tienen pico amarillo y cola corta con puntas negras.
Características del ave Rabijunco Pico Rojo
El Rabijunco Pico Rojo es considerado una de las aves marinas más llamativas por su apariencia. Entre sus principales características destacan:
- Su larga cola con dos plumas extendidas
- Su vuelo ágil sobre zonas costeras
- Diferencias mínimas entre macho y hembra, aunque el macho suele tener la cola más larga
Primer registro del Rabijunco Pico Rojo en Tamaulipas
De acuerdo con los observadores, este avistamiento sería el primero documentado en Tamaulipas, tras consultar plataformas como eBird y Merlin Bird ID, además de bases de datos internacionales.
Este hallazgo representa un aporte importante para el registro de especies en la entidad.
¿Por qué es raro ver esta ave en Altamira?
El Rabijunco Pico Rojo tiene una distribución principalmente en el océano Pacífico, por lo que su presencia en el Golfo de México resulta poco común.
Este tipo de avistamientos pueden estar relacionados con cambios en corrientes marinas o desplazamientos naturales de la especie.
El hallazgo ha generado revuelo entre observadores y amantes de la biodiversidad, al tratarse de una especie poco frecuente y visualmente impresionante. Además, refuerza la importancia de documentar la biodiversidad en la región y la observación de aves como actividad científica y recreativa.",GOOGLE_NEWS_RSS
Viaducto Tampico-Altamira: esta es la FECHA en que iniciará la construcción - Milenio,2026-04-13 07:00,2026-04-13T07:00:00+00:00,Milenio,,https://www.milenio.com/comunidad/cuando-inicia-la-construccion-del-viaducto-tampico-altamira,https://news.google.com/rss/articles/CBMimAFBVV95cUxQUmJndzZ0cUNBMHBzNFdNV0Z6cUllZ3dMQ3lHSE40ZTl5Z2tGTG5UVnFMcnFqQUhOVlJUWEdER041ZnRFckpHOVUyancwd2FzTG1pTVRWTGtXc0ZjWW1OcUpNcEJKZ0paZEtCRlhCeDZWMkRSdkhKREd5VERTWFV5ODZSWjRWOUM0cTdiZUN3VDQza0JhSDNzMNIBmAFBVV95cUxObnVlVTVXTGQ3ajRmeVlHVWZFN2ROOWZHYTZRUHo0SFhfTzVIVlhRQkd4Z09KNWpob0pudVZ4TWdqbXI4dkRxX0tBalNpTTRTUzVSQ21TeGJGZ3ZiUzhCenJ4YkxIZUR5YUdGbUtDbF9IWU9wRjlJX3RYSW41LUF1QUJlY25NWGFJVXNKUDE0UFVmZmRvSGlOXw?oc=5,,"El proyecto del viaducto elevado Tampico–Altamira avanza en su fase previa de planeación y trámites, con la intención de iniciar trabajos durante la noche para evitar afectaciones a la circulación vehicular en el sur de Tamaulipas.
En este contexto, el alcalde de Altamira Armando Martínez Manríquez, informó que la empresa encargada ha mantenido acercamientos con el municipio desde inicios de año, revisando permisos, licencias de construcción y aspectos técnicos.
Detalló que gran parte de la estructura será prefabricada, lo que permitirá agilizar los tiempos de construcción y reducir el impacto en las vialidades.
¿Cuándo inicia la construcción del viaducto Tampico-Altamira?
De acuerdo con lo señalado por el gobernador Américo Villarreal Anaya, la obra podría comenzar entre finales de abril y mediados de mayo, una vez concluidos los procesos necesarios para su arranque.
Bajo este esquema, se estima que la obra podría concluirse en un periodo menor al previsto inicialmente de 18 meses, siempre y cuando exista coordinación con autoridades de tránsito y movilidad.
yc",GOOGLE_NEWS_RSS
