{
  "clean_run_id": "E5_v2_clean",
  "comparacion_por_horizonte": [
    {
      "delta_direction_accuracy": -0.049450549450549386,
      "delta_loss_h": 0.0006205028882159125,
      "delta_mae": -0.00054955313037372,
      "delta_risk_detection": -0.012820512820512775,
      "delta_rmse": -0.00404558996873855,
      "direction_accuracy_clean": 0.8076923076923077,
      "direction_accuracy_original": 0.8571428571428571,
      "horizonte_sem": 1,
      "loss_h_clean": 0.06462945234155935,
      "loss_h_original": 0.06400894945334344,
      "mae_clean": 0.10601046101987138,
      "mae_original": 0.1065600141502451,
      "risk_detection_clean": 0.8333333333333334,
      "risk_detection_original": 0.8461538461538461,
      "rmse_clean": 0.13054957976162834,
      "rmse_original": 0.1345951697303669
    },
    {
      "delta_direction_accuracy": 0.007407407407407418,
      "delta_loss_h": -0.0022846018452767763,
      "delta_mae": 0.005193323123364235,
      "delta_risk_detection": 0.016666666666666607,
      "delta_rmse": 0.005406889762616912,
      "direction_accuracy_clean": 0.6,
      "direction_accuracy_original": 0.5925925925925926,
      "horizonte_sem": 2,
      "loss_h_clean": 0.08205496921076803,
      "loss_h_original": 0.08433957105604481,
      "mae_clean": 0.10586380220149344,
      "mae_original": 0.1006704790781292,
      "risk_detection_clean": 0.6,
      "risk_detection_original": 0.5833333333333334,
      "rmse_clean": 0.1348630281239572,
      "rmse_original": 0.1294561383613403
    },
    {
      "delta_direction_accuracy": -0.01602564102564108,
      "delta_loss_h": 0.0031863305975048523,
      "delta_mae": 0.008350090171003688,
      "delta_risk_detection": -0.015151515151515138,
      "delta_rmse": 0.006848012043543267,
      "direction_accuracy_clean": 0.7916666666666666,
      "direction_accuracy_original": 0.8076923076923077,
      "horizonte_sem": 3,
      "loss_h_clean": 0.07058422139487423,
      "loss_h_original": 0.06739789079736938,
      "mae_clean": 0.11029909032674338,
      "mae_original": 0.1019490001557397,
      "risk_detection_clean": 0.8181818181818182,
      "risk_detection_original": 0.8333333333333334,
      "rmse_clean": 0.13853181353028057,
      "rmse_original": 0.1316838014867373
    },
    {
      "delta_direction_accuracy": -0.0678260869565217,
      "delta_loss_h": 0.007018859338239987,
      "delta_mae": 0.005775142769390687,
      "delta_risk_detection": -0.13333333333333341,
      "delta_rmse": 0.014308777518632798,
      "direction_accuracy_clean": 0.6521739130434783,
      "direction_accuracy_original": 0.72,
      "horizonte_sem": 4,
      "loss_h_clean": 0.04454989228099418,
      "loss_h_original": 0.03753103294275419,
      "mae_clean": 0.10810019920384129,
      "mae_original": 0.1023250564344506,
      "risk_detection_clean": 0.6666666666666666,
      "risk_detection_original": 0.8,
      "rmse_clean": 0.1501639964685235,
      "rmse_original": 0.1358552189498907
    }
  ],
  "l_total_radar_clean": 0.26181853522819576,
  "reference_run_id": "E1_v4_clean"
}