{
  "clean_run_id": "E5_v2_clean",
  "comparacion_por_horizonte": [
    {
      "delta_direction_accuracy": 0.038461538461538436,
      "delta_loss_h": -0.013197690243336432,
      "delta_mae": -0.003524912011709111,
      "delta_risk_detection": 0.08333333333333337,
      "delta_rmse": -0.00011620441898504974,
      "direction_accuracy_clean": 0.8076923076923077,
      "direction_accuracy_original": 0.7692307692307693,
      "horizonte_sem": 1,
      "loss_h_clean": 0.06462945234155935,
      "loss_h_original": 0.07782714258489579,
      "mae_clean": 0.10601046101987138,
      "mae_original": 0.1095353730315805,
      "risk_detection_clean": 0.8333333333333334,
      "risk_detection_original": 0.75,
      "rmse_clean": 0.13054957976162834,
      "rmse_original": 0.1306657841806134
    },
    {
      "delta_direction_accuracy": 0.0,
      "delta_loss_h": -0.000885976929088983,
      "delta_mae": -0.006230028441976357,
      "delta_risk_detection": 0.0,
      "delta_rmse": -0.0019797033567096056,
      "direction_accuracy_clean": 0.6,
      "direction_accuracy_original": 0.6,
      "horizonte_sem": 2,
      "loss_h_clean": 0.08205496921076803,
      "loss_h_original": 0.08294094613985702,
      "mae_clean": 0.10586380220149344,
      "mae_original": 0.1120938306434698,
      "risk_detection_clean": 0.6,
      "risk_detection_original": 0.6,
      "rmse_clean": 0.1348630281239572,
      "rmse_original": 0.1368427314806668
    },
    {
      "delta_direction_accuracy": 0.125,
      "delta_loss_h": -0.009622067372685547,
      "delta_mae": -0.008772587642299115,
      "delta_risk_detection": 0.0,
      "delta_rmse": -0.008808573541278925,
      "direction_accuracy_clean": 0.7916666666666666,
      "direction_accuracy_original": 0.6666666666666666,
      "horizonte_sem": 3,
      "loss_h_clean": 0.07058422139487423,
      "loss_h_original": 0.08020628876755978,
      "mae_clean": 0.11029909032674338,
      "mae_original": 0.1190716779690425,
      "risk_detection_clean": 0.8181818181818182,
      "risk_detection_original": 0.8181818181818182,
      "rmse_clean": 0.13853181353028057,
      "rmse_original": 0.1473403870715595
    },
    {
      "delta_direction_accuracy": -0.08695652173913038,
      "delta_loss_h": 0.0015901584468638874,
      "delta_mae": -0.004293666603078922,
      "delta_risk_detection": 0.0,
      "delta_rmse": -0.003934506885750116,
      "direction_accuracy_clean": 0.6521739130434783,
      "direction_accuracy_original": 0.7391304347826086,
      "horizonte_sem": 4,
      "loss_h_clean": 0.04454989228099418,
      "loss_h_original": 0.04295973383413029,
      "mae_clean": 0.10810019920384129,
      "mae_original": 0.1123938658069202,
      "risk_detection_clean": 0.6666666666666666,
      "risk_detection_original": 0.6666666666666666,
      "rmse_clean": 0.1501639964685235,
      "rmse_original": 0.1540985033542736
    }
  ],
  "l_total_radar_clean": 0.26181853522819576,
  "reference_run_id": "E4_v1_clean"
}