{
  "clean_run_id": "E5_v2_clean",
  "comparacion_por_horizonte": [
    {
      "delta_direction_accuracy": 0.0,
      "delta_loss_h": -0.008062416991400145,
      "delta_mae": 0.0029022382015088805,
      "delta_risk_detection": 0.08333333333333337,
      "delta_rmse": 0.001974800299989532,
      "direction_accuracy_clean": 0.8076923076923077,
      "direction_accuracy_original": 0.8076923076923077,
      "horizonte_sem": 1,
      "loss_h_clean": 0.06462945234155935,
      "loss_h_original": 0.0726918693329595,
      "mae_clean": 0.10601046101987138,
      "mae_original": 0.1031082228183625,
      "risk_detection_clean": 0.8333333333333334,
      "risk_detection_original": 0.75,
      "rmse_clean": 0.13054957976162834,
      "rmse_original": 0.1285747794616388
    },
    {
      "delta_direction_accuracy": -0.040000000000000036,
      "delta_loss_h": -0.00043732676922360325,
      "delta_mae": 0.0004407067469454351,
      "delta_risk_detection": 0.0,
      "delta_rmse": 0.003014671934168295,
      "direction_accuracy_clean": 0.6,
      "direction_accuracy_original": 0.64,
      "horizonte_sem": 2,
      "loss_h_clean": 0.08205496921076803,
      "loss_h_original": 0.08249229597999164,
      "mae_clean": 0.10586380220149344,
      "mae_original": 0.105423095454548,
      "risk_detection_clean": 0.6,
      "risk_detection_original": 0.6,
      "rmse_clean": 0.1348630281239572,
      "rmse_original": 0.1318483561897889
    },
    {
      "delta_direction_accuracy": 0.0,
      "delta_loss_h": 0.0016353232217468372,
      "delta_mae": 0.0022579356113569815,
      "delta_risk_detection": 0.0,
      "delta_rmse": 0.0010751343776657651,
      "direction_accuracy_clean": 0.7916666666666666,
      "direction_accuracy_original": 0.7916666666666666,
      "horizonte_sem": 3,
      "loss_h_clean": 0.07058422139487423,
      "loss_h_original": 0.0689488981731274,
      "mae_clean": 0.11029909032674338,
      "mae_original": 0.1080411547153864,
      "risk_detection_clean": 0.8181818181818182,
      "risk_detection_original": 0.8181818181818182,
      "rmse_clean": 0.13853181353028057,
      "rmse_original": 0.1374566791526148
    },
    {
      "delta_direction_accuracy": -0.04347826086956519,
      "delta_loss_h": 0.0022962576926652684,
      "delta_mae": 0.007803242444919381,
      "delta_risk_detection": 0.0,
      "delta_rmse": 0.009413761943720178,
      "direction_accuracy_clean": 0.6521739130434783,
      "direction_accuracy_original": 0.6956521739130435,
      "horizonte_sem": 4,
      "loss_h_clean": 0.04454989228099418,
      "loss_h_original": 0.04225363458832891,
      "mae_clean": 0.10810019920384129,
      "mae_original": 0.1002969567589219,
      "risk_detection_clean": 0.6666666666666666,
      "risk_detection_original": 0.6666666666666666,
      "rmse_clean": 0.1501639964685235,
      "rmse_original": 0.1407502345248033
    }
  ],
  "l_total_radar_clean": 0.26181853522819576,
  "reference_run_id": "E3_v2_clean"
}