{
  "clean_run_id": "E5_v2_clean",
  "comparacion_por_horizonte": [
    {
      "delta_direction_accuracy": 0.05769230769230771,
      "delta_loss_h": -0.006448816768239579,
      "delta_mae": -0.013721853798690717,
      "delta_risk_detection": -0.012820512820512775,
      "delta_rmse": -0.01943546762805537,
      "direction_accuracy_clean": 0.8076923076923077,
      "direction_accuracy_original": 0.75,
      "horizonte_sem": 1,
      "loss_h_clean": 0.06462945234155935,
      "loss_h_original": 0.07107826910979893,
      "mae_clean": 0.10601046101987138,
      "mae_original": 0.1197323148185621,
      "risk_detection_clean": 0.8333333333333334,
      "risk_detection_original": 0.8461538461538461,
      "rmse_clean": 0.13054957976162834,
      "rmse_original": 0.1499850473896837
    },
    {
      "delta_direction_accuracy": -0.06666666666666665,
      "delta_loss_h": 0.012778254315962495,
      "delta_mae": -0.007712115948881854,
      "delta_risk_detection": -0.15000000000000002,
      "delta_rmse": -0.013108367690473688,
      "direction_accuracy_clean": 0.6,
      "direction_accuracy_original": 0.6666666666666666,
      "horizonte_sem": 2,
      "loss_h_clean": 0.08205496921076803,
      "loss_h_original": 0.06927671489480554,
      "mae_clean": 0.10586380220149344,
      "mae_original": 0.1135759181503753,
      "risk_detection_clean": 0.6,
      "risk_detection_original": 0.75,
      "rmse_clean": 0.1348630281239572,
      "rmse_original": 0.1479713958144309
    },
    {
      "delta_direction_accuracy": 0.13782051282051277,
      "delta_loss_h": -0.038536923026091865,
      "delta_mae": -0.03161060284017282,
      "delta_risk_detection": 0.23484848484848486,
      "delta_rmse": -0.02459715236872584,
      "direction_accuracy_clean": 0.7916666666666666,
      "direction_accuracy_original": 0.6538461538461539,
      "horizonte_sem": 3,
      "loss_h_clean": 0.07058422139487423,
      "loss_h_original": 0.1091211444209661,
      "mae_clean": 0.11029909032674338,
      "mae_original": 0.1419096931669162,
      "risk_detection_clean": 0.8181818181818182,
      "risk_detection_original": 0.5833333333333334,
      "rmse_clean": 0.13853181353028057,
      "rmse_original": 0.1631289658990064
    },
    {
      "delta_direction_accuracy": -0.10782608695652174,
      "delta_loss_h": 0.007561508919022672,
      "delta_mae": -0.03532993974889792,
      "delta_risk_detection": -0.2333333333333334,
      "delta_rmse": -0.016962945858815498,
      "direction_accuracy_clean": 0.6521739130434783,
      "direction_accuracy_original": 0.76,
      "horizonte_sem": 4,
      "loss_h_clean": 0.04454989228099418,
      "loss_h_original": 0.03698838336197151,
      "mae_clean": 0.10810019920384129,
      "mae_original": 0.1434301389527392,
      "risk_detection_clean": 0.6666666666666666,
      "risk_detection_original": 0.9,
      "rmse_clean": 0.1501639964685235,
      "rmse_original": 0.167126942327339
    }
  ],
  "l_total_radar_clean": 0.26181853522819576,
  "reference_run_id": "E2_v3_clean"
}