{
  "clean_run_id": "E5_v2_clean",
  "comparacion_por_horizonte": [
    {
      "delta_direction_accuracy": 0.038461538461538436,
      "delta_loss_h": -0.00758272699672996,
      "delta_mae": 0.009093830472952771,
      "delta_risk_detection": 0.08333333333333337,
      "delta_rmse": 0.002381321751956045,
      "direction_accuracy_clean": 0.8076923076923077,
      "direction_accuracy_original": 0.7692307692307693,
      "horizonte_sem": 1,
      "loss_h_clean": 0.06462945234155935,
      "loss_h_original": 0.07221217933828931,
      "mae_clean": 0.10601046101987138,
      "mae_original": 0.09691663054691861,
      "risk_detection_clean": 0.8333333333333334,
      "risk_detection_original": 0.75,
      "rmse_clean": 0.13054957976162834,
      "rmse_original": 0.1281682580096723
    },
    {
      "delta_direction_accuracy": 0.0,
      "delta_loss_h": 0.00037468643369863164,
      "delta_mae": 0.0026347267768760396,
      "delta_risk_detection": 0.0,
      "delta_rmse": 0.0024125657042806947,
      "direction_accuracy_clean": 0.6,
      "direction_accuracy_original": 0.6,
      "horizonte_sem": 2,
      "loss_h_clean": 0.08205496921076803,
      "loss_h_original": 0.0816802827770694,
      "mae_clean": 0.10586380220149344,
      "mae_original": 0.1032290754246174,
      "risk_detection_clean": 0.6,
      "risk_detection_original": 0.6,
      "rmse_clean": 0.1348630281239572,
      "rmse_original": 0.1324504624196765
    },
    {
      "delta_direction_accuracy": -0.04166666666666674,
      "delta_loss_h": 0.005994733928650728,
      "delta_mae": 0.009491395047107484,
      "delta_risk_detection": 0.0,
      "delta_rmse": 0.005069072901452781,
      "direction_accuracy_clean": 0.7916666666666666,
      "direction_accuracy_original": 0.8333333333333334,
      "horizonte_sem": 3,
      "loss_h_clean": 0.07058422139487423,
      "loss_h_original": 0.0645894874662235,
      "mae_clean": 0.11029909032674338,
      "mae_original": 0.1008076952796359,
      "risk_detection_clean": 0.8181818181818182,
      "risk_detection_original": 0.8181818181818182,
      "rmse_clean": 0.13853181353028057,
      "rmse_original": 0.1334627406288278
    },
    {
      "delta_direction_accuracy": -0.08695652173913038,
      "delta_loss_h": 0.007772652408167331,
      "delta_mae": 0.004044656851734191,
      "delta_risk_detection": -0.11111111111111116,
      "delta_rmse": 0.0008644757248044976,
      "direction_accuracy_clean": 0.6521739130434783,
      "direction_accuracy_original": 0.7391304347826086,
      "horizonte_sem": 4,
      "loss_h_clean": 0.04454989228099418,
      "loss_h_original": 0.03677723987282685,
      "mae_clean": 0.10810019920384129,
      "mae_original": 0.1040555423521071,
      "risk_detection_clean": 0.6666666666666666,
      "risk_detection_original": 0.7777777777777778,
      "rmse_clean": 0.1501639964685235,
      "rmse_original": 0.149299520743719
    }
  ],
  "l_total_radar_clean": 0.26181853522819576,
  "reference_run_id": "E5_v1_clean"
}