{
  "clean_run_id": "E3_v1_clean",
  "comparacion_por_horizonte": [
    {
      "delta_direction_accuracy": -0.07692307692307698,
      "delta_loss_h": 0.015272106562686474,
      "delta_mae": 0.005538631806555783,
      "delta_risk_detection": -0.08333333333333337,
      "delta_rmse": 3.250929076131781e-05,
      "direction_accuracy_clean": 0.7307692307692307,
      "direction_accuracy_original": 0.8076923076923077,
      "horizonte_sem": 1,
      "loss_h_clean": 0.08013188645507538,
      "loss_h_original": 0.0648597798923889,
      "mae_clean": 0.10613741394538688,
      "mae_original": 0.1005987821388311,
      "risk_detection_clean": 0.75,
      "risk_detection_original": 0.8333333333333334,
      "rmse_clean": 0.1328844909113693,
      "rmse_original": 0.132851981620608
    },
    {
      "delta_direction_accuracy": -0.08000000000000007,
      "delta_loss_h": 0.012726681869800513,
      "delta_mae": 0.003351940111674487,
      "delta_risk_detection": -0.09999999999999998,
      "delta_rmse": -0.00223236939908511,
      "direction_accuracy_clean": 0.6,
      "direction_accuracy_original": 0.68,
      "horizonte_sem": 2,
      "loss_h_clean": 0.08422758488835515,
      "loss_h_original": 0.07150090301855463,
      "mae_clean": 0.10707760421550809,
      "mae_original": 0.1037256641038336,
      "risk_detection_clean": 0.6,
      "risk_detection_original": 0.7,
      "rmse_clean": 0.1342516027711331,
      "rmse_original": 0.1364839721702182
    },
    {
      "delta_direction_accuracy": 0.04166666666666674,
      "delta_loss_h": 0.00011948996991267835,
      "delta_mae": 0.004362598256453673,
      "delta_risk_detection": 0.0,
      "delta_rmse": -0.0006355639761163601,
      "direction_accuracy_clean": 0.8333333333333334,
      "direction_accuracy_original": 0.7916666666666666,
      "horizonte_sem": 3,
      "loss_h_clean": 0.06830067121876297,
      "loss_h_original": 0.0681811812488503,
      "mae_clean": 0.10790504828721688,
      "mae_original": 0.1035424500307632,
      "risk_detection_clean": 0.8181818181818182,
      "risk_detection_original": 0.8181818181818182,
      "rmse_clean": 0.13655513687075455,
      "rmse_original": 0.1371907008468709
    },
    {
      "delta_direction_accuracy": -0.04347826086956519,
      "delta_loss_h": 0.00933228169808465,
      "delta_mae": 0.00024245116543294976,
      "delta_risk_detection": -0.2222222222222222,
      "delta_rmse": 0.00314031739033116,
      "direction_accuracy_clean": 0.6521739130434783,
      "direction_accuracy_original": 0.6956521739130435,
      "horizonte_sem": 4,
      "loss_h_clean": 0.04823217860490524,
      "loss_h_original": 0.03889989690682059,
      "mae_clean": 0.10242340858431445,
      "mae_original": 0.1021809574188815,
      "risk_detection_clean": 0.5555555555555556,
      "risk_detection_original": 0.7777777777777778,
      "rmse_clean": 0.14266237155078745,
      "rmse_original": 0.1395220541604563
    }
  ],
  "l_total_radar_clean": 0.2808923211670988,
  "reference_run_id": "E1_v5_clean"
}