{
  "comparacion_por_horizonte": [
    {
      "delta_deteccion_caidas": -0.1428571428571429,
      "delta_direction_accuracy": -0.0714285714285714,
      "delta_loss_h": 0.022241693746703123,
      "delta_mae": -0.001484544100727625,
      "delta_rmse": -0.0017448107188814954,
      "deteccion_caidas_e12": 0.8571428571428571,
      "deteccion_caidas_reference": 1.0,
      "direction_accuracy_e12": 0.7857142857142857,
      "direction_accuracy_reference": 0.8571428571428571,
      "horizonte_sem": 1,
      "loss_h_e12": 0.07379881619511547,
      "loss_h_reference": 0.051557122448412346,
      "mae_e12": 0.12240908429963913,
      "mae_reference": 0.12389362840036676,
      "reference_run_id": "E9_v2_clean",
      "rmse_e12": 0.16513330951870855,
      "rmse_reference": 0.16687812023759005,
      "rows_eval_aligned": 14
    },
    {
      "delta_deteccion_caidas": 0.0,
      "delta_direction_accuracy": 0.07692307692307698,
      "delta_loss_h": -0.002225193210756156,
      "delta_mae": 0.004547816952615247,
      "delta_rmse": 0.015396223926744917,
      "deteccion_caidas_e12": 0.8333333333333334,
      "deteccion_caidas_reference": 0.8333333333333334,
      "direction_accuracy_e12": 0.7692307692307693,
      "direction_accuracy_reference": 0.6923076923076923,
      "horizonte_sem": 2,
      "loss_h_e12": 0.06118013731280455,
      "loss_h_reference": 0.0634053305235607,
      "mae_e12": 0.11799942950589443,
      "mae_reference": 0.11345161255327918,
      "reference_run_id": "E9_v2_clean",
      "rmse_e12": 0.16124586885264672,
      "rmse_reference": 0.1458496449259018,
      "rows_eval_aligned": 13
    },
    {
      "delta_deteccion_caidas": 0.0,
      "delta_direction_accuracy": 0.16666666666666674,
      "delta_loss_h": -0.010290281204858781,
      "delta_mae": 0.012699750624401845,
      "delta_rmse": 0.008548184133185338,
      "deteccion_caidas_e12": 1.0,
      "deteccion_caidas_reference": 1.0,
      "direction_accuracy_e12": 0.8333333333333334,
      "direction_accuracy_reference": 0.6666666666666666,
      "horizonte_sem": 3,
      "loss_h_e12": 0.06335071670123395,
      "loss_h_reference": 0.07364099790609273,
      "mae_e12": 0.14856987970125443,
      "mae_reference": 0.13587012907685259,
      "reference_run_id": "E9_v2_clean",
      "rmse_e12": 0.183948297983177,
      "rmse_reference": 0.17540011384999166,
      "rows_eval_aligned": 12
    },
    {
      "delta_deteccion_caidas": -0.33333333333333337,
      "delta_direction_accuracy": -0.09090909090909094,
      "delta_loss_h": 0.016496489667683183,
      "delta_mae": -0.008922424003469667,
      "delta_rmse": -0.02237106191506727,
      "deteccion_caidas_e12": 0.5,
      "deteccion_caidas_reference": 0.8333333333333334,
      "direction_accuracy_e12": 0.6363636363636364,
      "direction_accuracy_reference": 0.7272727272727273,
      "horizonte_sem": 4,
      "loss_h_e12": 0.055402658963241064,
      "loss_h_reference": 0.03890616929555788,
      "mae_e12": 0.12349140117195566,
      "mae_reference": 0.13241382517542533,
      "reference_run_id": "E9_v2_clean",
      "rmse_e12": 0.16391817006991824,
      "rmse_reference": 0.1862892319849855,
      "rows_eval_aligned": 11
    }
  ],
  "delta_l_total_radar_same_subset": 0.02622270899877141,
  "l_total_radar_e12_same_subset": 0.2537323291723951,
  "l_total_radar_reference_same_subset": 0.22750962017362367,
  "reference_run_id": "E9_v2_clean",
  "rows_horizonte_aligned": [
    {
      "horizonte_sem": 1,
      "rows_eval_aligned": 14
    },
    {
      "horizonte_sem": 2,
      "rows_eval_aligned": 13
    },
    {
      "horizonte_sem": 3,
      "rows_eval_aligned": 12
    },
    {
      "horizonte_sem": 4,
      "rows_eval_aligned": 11
    }
  ]
}