{
  "clean_run_id": "E12_v1_clean",
  "comparacion_por_horizonte": [
    {
      "delta_direction_accuracy": -0.0714285714285714,
      "delta_loss_h": 0.02224169374670313,
      "delta_mae": -0.0014845441007275695,
      "delta_risk_detection": -0.1428571428571429,
      "delta_rmse": -0.00174481071888144,
      "direction_accuracy_clean": 0.7857142857142857,
      "direction_accuracy_original": 0.8571428571428571,
      "horizonte_sem": 1,
      "loss_h_clean": 0.07379881619511547,
      "loss_h_original": 0.05155712244841234,
      "mae_clean": 0.12240908429963913,
      "mae_original": 0.1238936284003667,
      "risk_detection_clean": 0.8571428571428571,
      "risk_detection_original": 1.0,
      "rmse_clean": 0.16513330951870855,
      "rmse_original": 0.16687812023759
    },
    {
      "delta_direction_accuracy": 0.07692307692307698,
      "delta_loss_h": -0.002225193210756156,
      "delta_mae": 0.004547816952615233,
      "delta_risk_detection": 0.0,
      "delta_rmse": 0.015396223926744917,
      "direction_accuracy_clean": 0.7692307692307693,
      "direction_accuracy_original": 0.6923076923076923,
      "horizonte_sem": 2,
      "loss_h_clean": 0.06118013731280455,
      "loss_h_original": 0.0634053305235607,
      "mae_clean": 0.11799942950589443,
      "mae_original": 0.1134516125532792,
      "risk_detection_clean": 0.8333333333333334,
      "risk_detection_original": 0.8333333333333334,
      "rmse_clean": 0.16124586885264672,
      "rmse_original": 0.1458496449259018
    },
    {
      "delta_direction_accuracy": 0.16666666666666674,
      "delta_loss_h": -0.010290281204858781,
      "delta_mae": 0.012699750624401818,
      "delta_risk_detection": 0.0,
      "delta_rmse": 0.008548184133185283,
      "direction_accuracy_clean": 0.8333333333333334,
      "direction_accuracy_original": 0.6666666666666666,
      "horizonte_sem": 3,
      "loss_h_clean": 0.06335071670123395,
      "loss_h_original": 0.07364099790609273,
      "mae_clean": 0.14856987970125443,
      "mae_original": 0.1358701290768526,
      "risk_detection_clean": 1.0,
      "risk_detection_original": 1.0,
      "rmse_clean": 0.183948297983177,
      "rmse_original": 0.1754001138499917
    },
    {
      "delta_direction_accuracy": -0.09090909090909094,
      "delta_loss_h": 0.016496489667683183,
      "delta_mae": -0.00892242400346964,
      "delta_risk_detection": -0.33333333333333337,
      "delta_rmse": -0.02237106191506727,
      "direction_accuracy_clean": 0.6363636363636364,
      "direction_accuracy_original": 0.7272727272727273,
      "horizonte_sem": 4,
      "loss_h_clean": 0.055402658963241064,
      "loss_h_original": 0.03890616929555788,
      "mae_clean": 0.12349140117195566,
      "mae_original": 0.1324138251754253,
      "risk_detection_clean": 0.5,
      "risk_detection_original": 0.8333333333333334,
      "rmse_clean": 0.16391817006991824,
      "rmse_original": 0.1862892319849855
    }
  ],
  "l_total_radar_clean": 0.2537323291723951,
  "reference_run_id": "E9_v2_clean"
}