{
  "clean_run_id": "E12_v1_clean",
  "comparacion_por_horizonte": [
    {
      "delta_direction_accuracy": -0.0714285714285714,
      "delta_loss_h": 0.009789866741772027,
      "delta_mae": 0.01584907014939403,
      "delta_risk_detection": 0.01098901098901095,
      "delta_rmse": 0.03053813978834166,
      "direction_accuracy_clean": 0.7857142857142857,
      "direction_accuracy_original": 0.8571428571428571,
      "horizonte_sem": 1,
      "loss_h_clean": 0.07379881619511547,
      "loss_h_original": 0.06400894945334344,
      "mae_clean": 0.12240908429963913,
      "mae_original": 0.1065600141502451,
      "risk_detection_clean": 0.8571428571428571,
      "risk_detection_original": 0.8461538461538461,
      "rmse_clean": 0.16513330951870855,
      "rmse_original": 0.1345951697303669
    },
    {
      "delta_direction_accuracy": 0.1766381766381767,
      "delta_loss_h": -0.02315943374324026,
      "delta_mae": 0.017328950427765222,
      "delta_risk_detection": 0.25,
      "delta_rmse": 0.03178973049130643,
      "direction_accuracy_clean": 0.7692307692307693,
      "direction_accuracy_original": 0.5925925925925926,
      "horizonte_sem": 2,
      "loss_h_clean": 0.06118013731280455,
      "loss_h_original": 0.08433957105604481,
      "mae_clean": 0.11799942950589443,
      "mae_original": 0.1006704790781292,
      "risk_detection_clean": 0.8333333333333334,
      "risk_detection_original": 0.5833333333333334,
      "rmse_clean": 0.16124586885264672,
      "rmse_original": 0.1294561383613403
    },
    {
      "delta_direction_accuracy": 0.02564102564102566,
      "delta_loss_h": -0.0040471740961354336,
      "delta_mae": 0.046620879545514735,
      "delta_risk_detection": 0.16666666666666663,
      "delta_rmse": 0.05226449649643969,
      "direction_accuracy_clean": 0.8333333333333334,
      "direction_accuracy_original": 0.8076923076923077,
      "horizonte_sem": 3,
      "loss_h_clean": 0.06335071670123395,
      "loss_h_original": 0.06739789079736938,
      "mae_clean": 0.14856987970125443,
      "mae_original": 0.1019490001557397,
      "risk_detection_clean": 1.0,
      "risk_detection_original": 0.8333333333333334,
      "rmse_clean": 0.183948297983177,
      "rmse_original": 0.1316838014867373
    },
    {
      "delta_direction_accuracy": -0.08363636363636362,
      "delta_loss_h": 0.01787162602048687,
      "delta_mae": 0.02116634473750506,
      "delta_risk_detection": -0.30000000000000004,
      "delta_rmse": 0.028062951120027546,
      "direction_accuracy_clean": 0.6363636363636364,
      "direction_accuracy_original": 0.72,
      "horizonte_sem": 4,
      "loss_h_clean": 0.055402658963241064,
      "loss_h_original": 0.03753103294275419,
      "mae_clean": 0.12349140117195566,
      "mae_original": 0.1023250564344506,
      "risk_detection_clean": 0.5,
      "risk_detection_original": 0.8,
      "rmse_clean": 0.16391817006991824,
      "rmse_original": 0.1358552189498907
    }
  ],
  "l_total_radar_clean": 0.2537323291723951,
  "reference_run_id": "E1_v4_clean"
}