{
  "clean_run_id": "E12_v1_clean",
  "comparacion_por_horizonte": [
    {
      "delta_direction_accuracy": -0.02197802197802201,
      "delta_loss_h": 0.008939036302726563,
      "delta_mae": 0.021810302160808037,
      "delta_risk_detection": 0.023809523809523725,
      "delta_rmse": 0.032281327898100565,
      "direction_accuracy_clean": 0.7857142857142857,
      "direction_accuracy_original": 0.8076923076923077,
      "horizonte_sem": 1,
      "loss_h_clean": 0.07379881619511547,
      "loss_h_original": 0.0648597798923889,
      "mae_clean": 0.12240908429963913,
      "mae_original": 0.1005987821388311,
      "risk_detection_clean": 0.8571428571428571,
      "risk_detection_original": 0.8333333333333334,
      "rmse_clean": 0.16513330951870855,
      "rmse_original": 0.132851981620608
    },
    {
      "delta_direction_accuracy": 0.08923076923076922,
      "delta_loss_h": -0.010320765705750086,
      "delta_mae": 0.014273765402060823,
      "delta_risk_detection": 0.13333333333333341,
      "delta_rmse": 0.024761896682428508,
      "direction_accuracy_clean": 0.7692307692307693,
      "direction_accuracy_original": 0.68,
      "horizonte_sem": 2,
      "loss_h_clean": 0.06118013731280455,
      "loss_h_original": 0.07150090301855463,
      "mae_clean": 0.11799942950589443,
      "mae_original": 0.1037256641038336,
      "risk_detection_clean": 0.8333333333333334,
      "risk_detection_original": 0.7,
      "rmse_clean": 0.16124586885264672,
      "rmse_original": 0.1364839721702182
    },
    {
      "delta_direction_accuracy": 0.04166666666666674,
      "delta_loss_h": -0.004830464547616348,
      "delta_mae": 0.045027429670491226,
      "delta_risk_detection": 0.18181818181818177,
      "delta_rmse": 0.04675759713630609,
      "direction_accuracy_clean": 0.8333333333333334,
      "direction_accuracy_original": 0.7916666666666666,
      "horizonte_sem": 3,
      "loss_h_clean": 0.06335071670123395,
      "loss_h_original": 0.0681811812488503,
      "mae_clean": 0.14856987970125443,
      "mae_original": 0.1035424500307632,
      "risk_detection_clean": 1.0,
      "risk_detection_original": 0.8181818181818182,
      "rmse_clean": 0.183948297983177,
      "rmse_original": 0.1371907008468709
    },
    {
      "delta_direction_accuracy": -0.059288537549407105,
      "delta_loss_h": 0.016502762056420477,
      "delta_mae": 0.021310443753074157,
      "delta_risk_detection": -0.2777777777777778,
      "delta_rmse": 0.024396115909461946,
      "direction_accuracy_clean": 0.6363636363636364,
      "direction_accuracy_original": 0.6956521739130435,
      "horizonte_sem": 4,
      "loss_h_clean": 0.055402658963241064,
      "loss_h_original": 0.03889989690682059,
      "mae_clean": 0.12349140117195566,
      "mae_original": 0.1021809574188815,
      "risk_detection_clean": 0.5,
      "risk_detection_original": 0.7777777777777778,
      "rmse_clean": 0.16391817006991824,
      "rmse_original": 0.1395220541604563
    }
  ],
  "l_total_radar_clean": 0.2537323291723951,
  "reference_run_id": "E1_v5_clean"
}