{
  "comparacion_por_horizonte": [
    {
      "delta_deteccion_caidas": -0.1428571428571429,
      "delta_direction_accuracy": -0.0714285714285714,
      "delta_loss_h": 0.021585134417002133,
      "delta_mae": -0.005257938152342323,
      "delta_rmse": -0.005513021996603307,
      "deteccion_caidas_e12": 0.8571428571428571,
      "deteccion_caidas_reference": 1.0,
      "direction_accuracy_e12": 0.7857142857142857,
      "direction_accuracy_reference": 0.8571428571428571,
      "horizonte_sem": 1,
      "loss_h_e12": 0.07314225686541448,
      "loss_h_reference": 0.051557122448412346,
      "mae_e12": 0.11863569024802444,
      "mae_reference": 0.12389362840036676,
      "reference_run_id": "E9_v2_clean",
      "rmse_e12": 0.16136509824098674,
      "rmse_reference": 0.16687812023759005,
      "rows_eval_aligned": 14
    },
    {
      "delta_deteccion_caidas": 0.0,
      "delta_direction_accuracy": 0.07692307692307698,
      "delta_loss_h": -0.002160001698810275,
      "delta_mae": 0.004997421280384509,
      "delta_rmse": 0.01626753848144369,
      "deteccion_caidas_e12": 0.8333333333333334,
      "deteccion_caidas_reference": 0.8333333333333334,
      "direction_accuracy_e12": 0.7692307692307693,
      "direction_accuracy_reference": 0.6923076923076923,
      "horizonte_sem": 2,
      "loss_h_e12": 0.06124532882475043,
      "loss_h_reference": 0.0634053305235607,
      "mae_e12": 0.11844903383366369,
      "mae_reference": 0.11345161255327918,
      "reference_run_id": "E9_v2_clean",
      "rmse_e12": 0.1621171834073455,
      "rmse_reference": 0.1458496449259018,
      "rows_eval_aligned": 13
    },
    {
      "delta_deteccion_caidas": 0.0,
      "delta_direction_accuracy": 0.16666666666666674,
      "delta_loss_h": -0.010896309665569787,
      "delta_mae": 0.009216768835387384,
      "delta_rmse": 0.012148828137252848,
      "deteccion_caidas_e12": 1.0,
      "deteccion_caidas_reference": 1.0,
      "direction_accuracy_e12": 0.8333333333333334,
      "direction_accuracy_reference": 0.6666666666666666,
      "horizonte_sem": 3,
      "loss_h_e12": 0.06274468824052294,
      "loss_h_reference": 0.07364099790609273,
      "mae_e12": 0.14508689791223997,
      "mae_reference": 0.13587012907685259,
      "reference_run_id": "E9_v2_clean",
      "rmse_e12": 0.1875489419872445,
      "rmse_reference": 0.17540011384999166,
      "rows_eval_aligned": 12
    },
    {
      "delta_deteccion_caidas": -0.33333333333333337,
      "delta_direction_accuracy": -0.09090909090909094,
      "delta_loss_h": 0.016909184996118473,
      "delta_mae": -0.004178718364084094,
      "delta_rmse": -0.016469468500185408,
      "deteccion_caidas_e12": 0.5,
      "deteccion_caidas_reference": 0.8333333333333334,
      "direction_accuracy_e12": 0.6363636363636364,
      "direction_accuracy_reference": 0.7272727272727273,
      "horizonte_sem": 4,
      "loss_h_e12": 0.055815354291676354,
      "loss_h_reference": 0.03890616929555788,
      "mae_e12": 0.12823510681134123,
      "mae_reference": 0.13241382517542533,
      "reference_run_id": "E9_v2_clean",
      "rmse_e12": 0.1698197634848001,
      "rmse_reference": 0.1862892319849855,
      "rows_eval_aligned": 11
    }
  ],
  "delta_l_total_radar_same_subset": 0.025438008048740496,
  "l_total_radar_e12_same_subset": 0.25294762822236416,
  "l_total_radar_reference_same_subset": 0.22750962017362367,
  "reference_run_id": "E9_v2_clean",
  "rows_horizonte_aligned": [
    {
      "horizonte_sem": 1,
      "rows_eval_aligned": 14
    },
    {
      "horizonte_sem": 2,
      "rows_eval_aligned": 13
    },
    {
      "horizonte_sem": 3,
      "rows_eval_aligned": 12
    },
    {
      "horizonte_sem": 4,
      "rows_eval_aligned": 11
    }
  ]
}