{
  "clean_run_id": "E12_v2_clean",
  "comparacion_por_horizonte": [
    {
      "delta_direction_accuracy": -0.0714285714285714,
      "delta_loss_h": 0.02158513441700214,
      "delta_mae": -0.0052579381523422675,
      "delta_risk_detection": -0.1428571428571429,
      "delta_rmse": -0.005513021996603251,
      "direction_accuracy_clean": 0.7857142857142857,
      "direction_accuracy_original": 0.8571428571428571,
      "horizonte_sem": 1,
      "loss_h_clean": 0.07314225686541448,
      "loss_h_original": 0.05155712244841234,
      "mae_clean": 0.11863569024802444,
      "mae_original": 0.1238936284003667,
      "risk_detection_clean": 0.8571428571428571,
      "risk_detection_original": 1.0,
      "rmse_clean": 0.16136509824098674,
      "rmse_original": 0.16687812023759
    },
    {
      "delta_direction_accuracy": 0.07692307692307698,
      "delta_loss_h": -0.002160001698810275,
      "delta_mae": 0.004997421280384495,
      "delta_risk_detection": 0.0,
      "delta_rmse": 0.01626753848144369,
      "direction_accuracy_clean": 0.7692307692307693,
      "direction_accuracy_original": 0.6923076923076923,
      "horizonte_sem": 2,
      "loss_h_clean": 0.06124532882475043,
      "loss_h_original": 0.0634053305235607,
      "mae_clean": 0.11844903383366369,
      "mae_original": 0.1134516125532792,
      "risk_detection_clean": 0.8333333333333334,
      "risk_detection_original": 0.8333333333333334,
      "rmse_clean": 0.1621171834073455,
      "rmse_original": 0.1458496449259018
    },
    {
      "delta_direction_accuracy": 0.16666666666666674,
      "delta_loss_h": -0.010896309665569787,
      "delta_mae": 0.009216768835387357,
      "delta_risk_detection": 0.0,
      "delta_rmse": 0.012148828137252793,
      "direction_accuracy_clean": 0.8333333333333334,
      "direction_accuracy_original": 0.6666666666666666,
      "horizonte_sem": 3,
      "loss_h_clean": 0.06274468824052294,
      "loss_h_original": 0.07364099790609273,
      "mae_clean": 0.14508689791223997,
      "mae_original": 0.1358701290768526,
      "risk_detection_clean": 1.0,
      "risk_detection_original": 1.0,
      "rmse_clean": 0.1875489419872445,
      "rmse_original": 0.1754001138499917
    },
    {
      "delta_direction_accuracy": -0.09090909090909094,
      "delta_loss_h": 0.016909184996118473,
      "delta_mae": -0.004178718364084066,
      "delta_risk_detection": -0.33333333333333337,
      "delta_rmse": -0.016469468500185408,
      "direction_accuracy_clean": 0.6363636363636364,
      "direction_accuracy_original": 0.7272727272727273,
      "horizonte_sem": 4,
      "loss_h_clean": 0.055815354291676354,
      "loss_h_original": 0.03890616929555788,
      "mae_clean": 0.12823510681134123,
      "mae_original": 0.1324138251754253,
      "risk_detection_clean": 0.5,
      "risk_detection_original": 0.8333333333333334,
      "rmse_clean": 0.1698197634848001,
      "rmse_original": 0.1862892319849855
    }
  ],
  "l_total_radar_clean": 0.25294762822236416,
  "reference_run_id": "E9_v2_clean"
}