{
  "clean_run_id": "E12_v2_clean",
  "comparacion_por_horizonte": [
    {
      "delta_direction_accuracy": -0.02197802197802201,
      "delta_loss_h": 0.008282476973025574,
      "delta_mae": 0.01803690810919334,
      "delta_risk_detection": 0.023809523809523725,
      "delta_rmse": 0.028513116620378753,
      "direction_accuracy_clean": 0.7857142857142857,
      "direction_accuracy_original": 0.8076923076923077,
      "horizonte_sem": 1,
      "loss_h_clean": 0.07314225686541448,
      "loss_h_original": 0.0648597798923889,
      "mae_clean": 0.11863569024802444,
      "mae_original": 0.1005987821388311,
      "risk_detection_clean": 0.8571428571428571,
      "risk_detection_original": 0.8333333333333334,
      "rmse_clean": 0.16136509824098674,
      "rmse_original": 0.132851981620608
    },
    {
      "delta_direction_accuracy": 0.08923076923076922,
      "delta_loss_h": -0.010255574193804205,
      "delta_mae": 0.014723369729830085,
      "delta_risk_detection": 0.13333333333333341,
      "delta_rmse": 0.02563321123712728,
      "direction_accuracy_clean": 0.7692307692307693,
      "direction_accuracy_original": 0.68,
      "horizonte_sem": 2,
      "loss_h_clean": 0.06124532882475043,
      "loss_h_original": 0.07150090301855463,
      "mae_clean": 0.11844903383366369,
      "mae_original": 0.1037256641038336,
      "risk_detection_clean": 0.8333333333333334,
      "risk_detection_original": 0.7,
      "rmse_clean": 0.1621171834073455,
      "rmse_original": 0.1364839721702182
    },
    {
      "delta_direction_accuracy": 0.04166666666666674,
      "delta_loss_h": -0.005436493008327353,
      "delta_mae": 0.041544447881476765,
      "delta_risk_detection": 0.18181818181818177,
      "delta_rmse": 0.0503582411403736,
      "direction_accuracy_clean": 0.8333333333333334,
      "direction_accuracy_original": 0.7916666666666666,
      "horizonte_sem": 3,
      "loss_h_clean": 0.06274468824052294,
      "loss_h_original": 0.0681811812488503,
      "mae_clean": 0.14508689791223997,
      "mae_original": 0.1035424500307632,
      "risk_detection_clean": 1.0,
      "risk_detection_original": 0.8181818181818182,
      "rmse_clean": 0.1875489419872445,
      "rmse_original": 0.1371907008468709
    },
    {
      "delta_direction_accuracy": -0.059288537549407105,
      "delta_loss_h": 0.016915457384855767,
      "delta_mae": 0.02605414939245973,
      "delta_risk_detection": -0.2777777777777778,
      "delta_rmse": 0.030297709324343808,
      "direction_accuracy_clean": 0.6363636363636364,
      "direction_accuracy_original": 0.6956521739130435,
      "horizonte_sem": 4,
      "loss_h_clean": 0.055815354291676354,
      "loss_h_original": 0.03889989690682059,
      "mae_clean": 0.12823510681134123,
      "mae_original": 0.1021809574188815,
      "risk_detection_clean": 0.5,
      "risk_detection_original": 0.7777777777777778,
      "rmse_clean": 0.1698197634848001,
      "rmse_original": 0.1395220541604563
    }
  ],
  "l_total_radar_clean": 0.25294762822236416,
  "reference_run_id": "E1_v5_clean"
}