{
  "clean_run_id": "E10_v1_clean",
  "comparacion_por_horizonte": [
    {
      "delta_direction_accuracy": -0.2946428571428571,
      "delta_loss_h": 0.047813300806534044,
      "delta_mae": 4.6024151594270535e-06,
      "delta_risk_detection": -0.375,
      "delta_rmse": -0.007719405040579719,
      "direction_accuracy_clean": 0.5625,
      "direction_accuracy_original": 0.8571428571428571,
      "horizonte_sem": 1,
      "loss_h_clean": 0.09937042325494638,
      "loss_h_original": 0.05155712244841234,
      "mae_clean": 0.12389823081552613,
      "mae_original": 0.1238936284003667,
      "risk_detection_clean": 0.625,
      "risk_detection_original": 1.0,
      "rmse_clean": 0.15915871519701028,
      "rmse_original": 0.16687812023759
    },
    {
      "delta_direction_accuracy": -0.09230769230769231,
      "delta_loss_h": 0.01135297915790523,
      "delta_mae": 0.008446861989481802,
      "delta_risk_detection": 0.0,
      "delta_rmse": 0.0008987568920280631,
      "direction_accuracy_clean": 0.6,
      "direction_accuracy_original": 0.6923076923076923,
      "horizonte_sem": 2,
      "loss_h_clean": 0.07475830968146593,
      "loss_h_original": 0.0634053305235607,
      "mae_clean": 0.121898474542761,
      "mae_original": 0.1134516125532792,
      "risk_detection_clean": 0.8333333333333334,
      "risk_detection_original": 0.8333333333333334,
      "rmse_clean": 0.14674840181792986,
      "rmse_original": 0.1458496449259018
    },
    {
      "delta_direction_accuracy": 0.19047619047619047,
      "delta_loss_h": -0.014756873734900547,
      "delta_mae": 0.005502461856115665,
      "delta_risk_detection": 0.0,
      "delta_rmse": -0.003776877003943413,
      "direction_accuracy_clean": 0.8571428571428571,
      "direction_accuracy_original": 0.6666666666666666,
      "horizonte_sem": 3,
      "loss_h_clean": 0.05888412417119218,
      "loss_h_original": 0.07364099790609273,
      "mae_clean": 0.14137259093296828,
      "mae_original": 0.1358701290768526,
      "risk_detection_clean": 1.0,
      "risk_detection_original": 1.0,
      "rmse_clean": 0.1716232368460483,
      "rmse_original": 0.1754001138499917
    },
    {
      "delta_direction_accuracy": 0.04195804195804198,
      "delta_loss_h": -0.00069879109581375,
      "delta_mae": 0.016082010852646517,
      "delta_risk_detection": 0.0,
      "delta_rmse": 0.019938084837221814,
      "direction_accuracy_clean": 0.7692307692307693,
      "direction_accuracy_original": 0.7272727272727273,
      "horizonte_sem": 4,
      "loss_h_clean": 0.03820737819974413,
      "loss_h_original": 0.03890616929555788,
      "mae_clean": 0.14849583602807181,
      "mae_original": 0.1324138251754253,
      "risk_detection_clean": 0.8333333333333334,
      "risk_detection_original": 0.8333333333333334,
      "rmse_clean": 0.20622731682220732,
      "rmse_original": 0.1862892319849855
    }
  ],
  "l_total_radar_clean": 0.2712202353073486,
  "reference_run_id": "E9_v2_clean"
}