{
  "clean_run_id": "E9_smoke_tmp",
  "comparacion_por_horizonte": [
    {
      "delta_direction_accuracy": 0.0357142857142857,
      "delta_loss_h": 0.008263396989917154,
      "delta_mae": 0.02221729214570599,
      "delta_risk_detection": 0.01098901098901095,
      "delta_rmse": 0.027127094978499078,
      "direction_accuracy_clean": 0.7857142857142857,
      "direction_accuracy_original": 0.75,
      "horizonte_sem": 1,
      "loss_h_clean": 0.07934166609971609,
      "loss_h_original": 0.07107826910979893,
      "mae_clean": 0.1419496069642681,
      "mae_original": 0.1197323148185621,
      "risk_detection_clean": 0.8571428571428571,
      "risk_detection_original": 0.8461538461538461,
      "rmse_clean": 0.1771121423681828,
      "rmse_original": 0.1499850473896837
    }
  ],
  "l_total_radar_clean": 0.07934166609971609,
  "reference_run_id": "E2_v3_clean"
}