{
  "clean_run_id": "E9_smoke_tmp",
  "comparacion_por_horizonte": [
    {
      "delta_direction_accuracy": 0.20879120879120883,
      "delta_loss_h": -0.038406225890733614,
      "delta_mae": -0.007126102937971501,
      "delta_risk_detection": 0.3571428571428571,
      "delta_rmse": -0.002180709226470623,
      "direction_accuracy_clean": 0.7857142857142857,
      "direction_accuracy_original": 0.5769230769230769,
      "horizonte_sem": 1,
      "loss_h_clean": 0.07934166609971609,
      "loss_h_original": 0.1177478919904497,
      "mae_clean": 0.1419496069642681,
      "mae_original": 0.1490757099022396,
      "risk_detection_clean": 0.8571428571428571,
      "risk_detection_original": 0.5,
      "rmse_clean": 0.1771121423681828,
      "rmse_original": 0.1792928515946534
    }
  ],
  "l_total_radar_clean": 0.07934166609971609,
  "reference_run_id": "E7_v3_clean"
}