{
  "clean_run_id": "E9_smoke_tmp",
  "comparacion_por_horizonte": [
    {
      "delta_direction_accuracy": -0.02197802197802201,
      "delta_loss_h": 0.006649796766756588,
      "delta_mae": 0.038841384145905586,
      "delta_risk_detection": 0.1071428571428571,
      "delta_rmse": 0.04853736290654398,
      "direction_accuracy_clean": 0.7857142857142857,
      "direction_accuracy_original": 0.8076923076923077,
      "horizonte_sem": 1,
      "loss_h_clean": 0.07934166609971609,
      "loss_h_original": 0.0726918693329595,
      "mae_clean": 0.1419496069642681,
      "mae_original": 0.1031082228183625,
      "risk_detection_clean": 0.8571428571428571,
      "risk_detection_original": 0.75,
      "rmse_clean": 0.1771121423681828,
      "rmse_original": 0.1285747794616388
    }
  ],
  "l_total_radar_clean": 0.07934166609971609,
  "reference_run_id": "E3_v2_clean"
}