{
  "clean_run_id": "E1_1_v1_bayesian_base",
  "comparacion_por_horizonte": [
    {
      "delta_direction_accuracy": -0.05219780219780212,
      "delta_loss_h": 0.010603232990892844,
      "delta_mae": 0.0028104220027514726,
      "delta_risk_detection": -0.10256410256410264,
      "delta_rmse": 0.0023673434571698515,
      "direction_accuracy_clean": 0.7692307692307693,
      "direction_accuracy_original": 0.8214285714285714,
      "horizonte_sem": 1,
      "loss_h_clean": 0.08558847111896559,
      "loss_h_original": 0.07498523812807274,
      "mae_clean": 0.11163016553611817,
      "mae_original": 0.1088197435333667,
      "risk_detection_clean": 0.6666666666666666,
      "risk_detection_original": 0.7692307692307693,
      "rmse_clean": 0.13638875321633837,
      "rmse_original": 0.1340214097591685
    },
    {
      "delta_direction_accuracy": 0.007407407407407418,
      "delta_loss_h": -0.007965973682055288,
      "delta_mae": 0.009191812828306514,
      "delta_risk_detection": 0.11666666666666659,
      "delta_rmse": 0.011490827846721147,
      "direction_accuracy_clean": 0.6,
      "direction_accuracy_original": 0.5925925925925926,
      "horizonte_sem": 2,
      "loss_h_clean": 0.07649393783108974,
      "loss_h_original": 0.08445991151314503,
      "mae_clean": 0.11070850408853582,
      "mae_original": 0.1015166912602293,
      "risk_detection_clean": 0.7,
      "risk_detection_original": 0.5833333333333334,
      "rmse_clean": 0.14051130856239094,
      "rmse_original": 0.1290204807156698
    },
    {
      "delta_direction_accuracy": 0.028846153846153855,
      "delta_loss_h": -0.00034488268799376387,
      "delta_mae": 0.014703169654414858,
      "delta_risk_detection": -0.015151515151515138,
      "delta_rmse": 0.020380245868323904,
      "direction_accuracy_clean": 0.875,
      "direction_accuracy_original": 0.8461538461538461,
      "horizonte_sem": 3,
      "loss_h_clean": 0.06395870546059566,
      "loss_h_original": 0.06430358814858943,
      "mae_clean": 0.11542343425962436,
      "mae_original": 0.1007202646052095,
      "risk_detection_clean": 0.8181818181818182,
      "risk_detection_original": 0.8333333333333334,
      "rmse_clean": 0.1507317243837629,
      "rmse_original": 0.130351478515439
    },
    {
      "delta_direction_accuracy": -0.024347826086956514,
      "delta_loss_h": 0.0014144869067029622,
      "delta_mae": 0.008033868368748032,
      "delta_risk_detection": -0.022222222222222254,
      "delta_rmse": 0.018198304004104354,
      "direction_accuracy_clean": 0.6956521739130435,
      "direction_accuracy_original": 0.72,
      "horizonte_sem": 4,
      "loss_h_clean": 0.038904419007858945,
      "loss_h_original": 0.03748993210115598,
      "mae_clean": 0.10987723541276632,
      "mae_original": 0.1018433670440183,
      "risk_detection_clean": 0.7777777777777778,
      "risk_detection_original": 0.8,
      "rmse_clean": 0.15371009477457925,
      "rmse_original": 0.1355117907704749
    }
  ],
  "l_total_radar_clean": 0.26494553341850996,
  "reference_run_id": "E1_v2_clean"
}