{
  "clean_run_id": "E5_v5_clean",
  "comparacion_por_horizonte": [
    {
      "delta_direction_accuracy": -0.08791208791208782,
      "delta_loss_h": 0.008070732751621137,
      "delta_mae": -0.010419796699792233,
      "delta_risk_detection": -0.09615384615384615,
      "delta_rmse": -0.007852778753444756,
      "direction_accuracy_clean": 0.7692307692307693,
      "direction_accuracy_original": 0.8571428571428571,
      "horizonte_sem": 1,
      "loss_h_clean": 0.07207968220496458,
      "loss_h_original": 0.06400894945334344,
      "mae_clean": 0.09614021745045287,
      "mae_original": 0.1065600141502451,
      "risk_detection_clean": 0.75,
      "risk_detection_original": 0.8461538461538461,
      "rmse_clean": 0.12674239097692214,
      "rmse_original": 0.1345951697303669
    },
    {
      "delta_direction_accuracy": 0.007407407407407418,
      "delta_loss_h": -0.0021993424412134893,
      "delta_mae": 0.005792851728252946,
      "delta_risk_detection": 0.016666666666666607,
      "delta_rmse": 0.00895516978393704,
      "direction_accuracy_clean": 0.6,
      "direction_accuracy_original": 0.5925925925925926,
      "horizonte_sem": 2,
      "loss_h_clean": 0.08214022861483132,
      "loss_h_original": 0.08433957105604481,
      "mae_clean": 0.10646333080638215,
      "mae_original": 0.1006704790781292,
      "risk_detection_clean": 0.6,
      "risk_detection_original": 0.5833333333333334,
      "rmse_clean": 0.13841130814527733,
      "rmse_original": 0.1294561383613403
    },
    {
      "delta_direction_accuracy": -0.01602564102564108,
      "delta_loss_h": 0.0010187868195225824,
      "delta_mae": 0.002973422858058128,
      "delta_risk_detection": -0.015151515151515138,
      "delta_rmse": 0.0054090065229943085,
      "direction_accuracy_clean": 0.7916666666666666,
      "direction_accuracy_original": 0.8076923076923077,
      "horizonte_sem": 3,
      "loss_h_clean": 0.06841667761689196,
      "loss_h_original": 0.06739789079736938,
      "mae_clean": 0.10492242301379782,
      "mae_original": 0.1019490001557397,
      "risk_detection_clean": 0.8181818181818182,
      "risk_detection_original": 0.8333333333333334,
      "rmse_clean": 0.13709280800973161,
      "rmse_original": 0.1316838014867373
    },
    {
      "delta_direction_accuracy": -0.024347826086956514,
      "delta_loss_h": 0.004259012999026195,
      "delta_mae": 0.00018206241678318802,
      "delta_risk_detection": -0.13333333333333341,
      "delta_rmse": 0.008639347166881917,
      "direction_accuracy_clean": 0.6956521739130435,
      "direction_accuracy_original": 0.72,
      "horizonte_sem": 4,
      "loss_h_clean": 0.04179004594178039,
      "loss_h_original": 0.03753103294275419,
      "mae_clean": 0.10250711885123379,
      "mae_original": 0.1023250564344506,
      "risk_detection_clean": 0.6666666666666666,
      "risk_detection_original": 0.8,
      "rmse_clean": 0.1444945661167726,
      "rmse_original": 0.1358552189498907
    }
  ],
  "l_total_radar_clean": 0.26442663437846825,
  "reference_run_id": "E1_v4_clean"
}