{
  "clean_run_id": "E5_v5_clean",
  "comparacion_por_horizonte": [
    {
      "delta_direction_accuracy": -0.038461538461538436,
      "delta_loss_h": -0.0006121871279949204,
      "delta_mae": -0.006968005367909633,
      "delta_risk_detection": 0.0,
      "delta_rmse": -0.0018323884847166738,
      "direction_accuracy_clean": 0.7692307692307693,
      "direction_accuracy_original": 0.8076923076923077,
      "horizonte_sem": 1,
      "loss_h_clean": 0.07207968220496458,
      "loss_h_original": 0.0726918693329595,
      "mae_clean": 0.09614021745045287,
      "mae_original": 0.1031082228183625,
      "risk_detection_clean": 0.75,
      "risk_detection_original": 0.75,
      "rmse_clean": 0.12674239097692214,
      "rmse_original": 0.1285747794616388
    },
    {
      "delta_direction_accuracy": -0.040000000000000036,
      "delta_loss_h": -0.0003520673651603162,
      "delta_mae": 0.0010402353518341456,
      "delta_risk_detection": 0.0,
      "delta_rmse": 0.006562951955488422,
      "direction_accuracy_clean": 0.6,
      "direction_accuracy_original": 0.64,
      "horizonte_sem": 2,
      "loss_h_clean": 0.08214022861483132,
      "loss_h_original": 0.08249229597999164,
      "mae_clean": 0.10646333080638215,
      "mae_original": 0.105423095454548,
      "risk_detection_clean": 0.6,
      "risk_detection_original": 0.6,
      "rmse_clean": 0.13841130814527733,
      "rmse_original": 0.1318483561897889
    },
    {
      "delta_direction_accuracy": 0.0,
      "delta_loss_h": -0.0005322205562354326,
      "delta_mae": -0.0031187317015885785,
      "delta_risk_detection": 0.0,
      "delta_rmse": -0.0003638711428831931,
      "direction_accuracy_clean": 0.7916666666666666,
      "direction_accuracy_original": 0.7916666666666666,
      "horizonte_sem": 3,
      "loss_h_clean": 0.06841667761689196,
      "loss_h_original": 0.0689488981731274,
      "mae_clean": 0.10492242301379782,
      "mae_original": 0.1080411547153864,
      "risk_detection_clean": 0.8181818181818182,
      "risk_detection_original": 0.8181818181818182,
      "rmse_clean": 0.13709280800973161,
      "rmse_original": 0.1374566791526148
    },
    {
      "delta_direction_accuracy": 0.0,
      "delta_loss_h": -0.00046358864654852394,
      "delta_mae": 0.002210162092311882,
      "delta_risk_detection": 0.0,
      "delta_rmse": 0.0037443315919692965,
      "direction_accuracy_clean": 0.6956521739130435,
      "direction_accuracy_original": 0.6956521739130435,
      "horizonte_sem": 4,
      "loss_h_clean": 0.04179004594178039,
      "loss_h_original": 0.04225363458832891,
      "mae_clean": 0.10250711885123379,
      "mae_original": 0.1002969567589219,
      "risk_detection_clean": 0.6666666666666666,
      "risk_detection_original": 0.6666666666666666,
      "rmse_clean": 0.1444945661167726,
      "rmse_original": 0.1407502345248033
    }
  ],
  "l_total_radar_clean": 0.26442663437846825,
  "reference_run_id": "E3_v2_clean"
}