{
  "clean_run_id": "E5_v5_clean",
  "comparacion_por_horizonte": [
    {
      "delta_direction_accuracy": -0.038461538461538436,
      "delta_loss_h": 0.007219902312575674,
      "delta_mae": -0.004458564688378228,
      "delta_risk_detection": -0.08333333333333337,
      "delta_rmse": -0.006109590643685853,
      "direction_accuracy_clean": 0.7692307692307693,
      "direction_accuracy_original": 0.8076923076923077,
      "horizonte_sem": 1,
      "loss_h_clean": 0.07207968220496458,
      "loss_h_original": 0.0648597798923889,
      "mae_clean": 0.09614021745045287,
      "mae_original": 0.1005987821388311,
      "risk_detection_clean": 0.75,
      "risk_detection_original": 0.8333333333333334,
      "rmse_clean": 0.12674239097692214,
      "rmse_original": 0.132851981620608
    },
    {
      "delta_direction_accuracy": -0.08000000000000007,
      "delta_loss_h": 0.010639325596276686,
      "delta_mae": 0.002737666702548547,
      "delta_risk_detection": -0.09999999999999998,
      "delta_rmse": 0.001927335975059119,
      "direction_accuracy_clean": 0.6,
      "direction_accuracy_original": 0.68,
      "horizonte_sem": 2,
      "loss_h_clean": 0.08214022861483132,
      "loss_h_original": 0.07150090301855463,
      "mae_clean": 0.10646333080638215,
      "mae_original": 0.1037256641038336,
      "risk_detection_clean": 0.6,
      "risk_detection_original": 0.7,
      "rmse_clean": 0.13841130814527733,
      "rmse_original": 0.1364839721702182
    },
    {
      "delta_direction_accuracy": 0.0,
      "delta_loss_h": 0.0002354963680416683,
      "delta_mae": 0.0013799729830346191,
      "delta_risk_detection": 0.0,
      "delta_rmse": -9.789283713929064e-05,
      "direction_accuracy_clean": 0.7916666666666666,
      "direction_accuracy_original": 0.7916666666666666,
      "horizonte_sem": 3,
      "loss_h_clean": 0.06841667761689196,
      "loss_h_original": 0.0681811812488503,
      "mae_clean": 0.10492242301379782,
      "mae_original": 0.1035424500307632,
      "risk_detection_clean": 0.8181818181818182,
      "risk_detection_original": 0.8181818181818182,
      "rmse_clean": 0.13709280800973161,
      "rmse_original": 0.1371907008468709
    },
    {
      "delta_direction_accuracy": 0.0,
      "delta_loss_h": 0.0028901490349598005,
      "delta_mae": 0.00032616143235228434,
      "delta_risk_detection": -0.11111111111111116,
      "delta_rmse": 0.004972511956316317,
      "direction_accuracy_clean": 0.6956521739130435,
      "direction_accuracy_original": 0.6956521739130435,
      "horizonte_sem": 4,
      "loss_h_clean": 0.04179004594178039,
      "loss_h_original": 0.03889989690682059,
      "mae_clean": 0.10250711885123379,
      "mae_original": 0.1021809574188815,
      "risk_detection_clean": 0.6666666666666666,
      "risk_detection_original": 0.7777777777777778,
      "rmse_clean": 0.1444945661167726,
      "rmse_original": 0.1395220541604563
    }
  ],
  "l_total_radar_clean": 0.26442663437846825,
  "reference_run_id": "E1_v5_clean"
}