{
  "clean_run_id": "E5_v5_clean",
  "comparacion_por_horizonte": [
    {
      "delta_direction_accuracy": 0.019230769230769273,
      "delta_loss_h": 0.0010014130951656458,
      "delta_mae": -0.02359209736810923,
      "delta_risk_detection": -0.09615384615384615,
      "delta_rmse": -0.023242656412761575,
      "direction_accuracy_clean": 0.7692307692307693,
      "direction_accuracy_original": 0.75,
      "horizonte_sem": 1,
      "loss_h_clean": 0.07207968220496458,
      "loss_h_original": 0.07107826910979893,
      "mae_clean": 0.09614021745045287,
      "mae_original": 0.1197323148185621,
      "risk_detection_clean": 0.75,
      "risk_detection_original": 0.8461538461538461,
      "rmse_clean": 0.12674239097692214,
      "rmse_original": 0.1499850473896837
    },
    {
      "delta_direction_accuracy": -0.06666666666666665,
      "delta_loss_h": 0.012863513720025782,
      "delta_mae": -0.007112587343993143,
      "delta_risk_detection": -0.15000000000000002,
      "delta_rmse": -0.00956008766915356,
      "direction_accuracy_clean": 0.6,
      "direction_accuracy_original": 0.6666666666666666,
      "horizonte_sem": 2,
      "loss_h_clean": 0.08214022861483132,
      "loss_h_original": 0.06927671489480554,
      "mae_clean": 0.10646333080638215,
      "mae_original": 0.1135759181503753,
      "risk_detection_clean": 0.6,
      "risk_detection_original": 0.75,
      "rmse_clean": 0.13841130814527733,
      "rmse_original": 0.1479713958144309
    },
    {
      "delta_direction_accuracy": 0.13782051282051277,
      "delta_loss_h": -0.040704466804074135,
      "delta_mae": -0.03698727015311838,
      "delta_risk_detection": 0.23484848484848486,
      "delta_rmse": -0.026036157889274797,
      "direction_accuracy_clean": 0.7916666666666666,
      "direction_accuracy_original": 0.6538461538461539,
      "horizonte_sem": 3,
      "loss_h_clean": 0.06841667761689196,
      "loss_h_original": 0.1091211444209661,
      "mae_clean": 0.10492242301379782,
      "mae_original": 0.1419096931669162,
      "risk_detection_clean": 0.8181818181818182,
      "risk_detection_original": 0.5833333333333334,
      "rmse_clean": 0.13709280800973161,
      "rmse_original": 0.1631289658990064
    },
    {
      "delta_direction_accuracy": -0.06434782608695655,
      "delta_loss_h": 0.00480166257980888,
      "delta_mae": -0.04092302010150542,
      "delta_risk_detection": -0.2333333333333334,
      "delta_rmse": -0.02263237621056638,
      "direction_accuracy_clean": 0.6956521739130435,
      "direction_accuracy_original": 0.76,
      "horizonte_sem": 4,
      "loss_h_clean": 0.04179004594178039,
      "loss_h_original": 0.03698838336197151,
      "mae_clean": 0.10250711885123379,
      "mae_original": 0.1434301389527392,
      "risk_detection_clean": 0.6666666666666666,
      "risk_detection_original": 0.9,
      "rmse_clean": 0.1444945661167726,
      "rmse_original": 0.167126942327339
    }
  ],
  "l_total_radar_clean": 0.26442663437846825,
  "reference_run_id": "E2_v3_clean"
}