{
  "clean_run_id": "E5_v5_clean",
  "comparacion_por_horizonte": [
    {
      "delta_direction_accuracy": 0.0,
      "delta_loss_h": -0.005747460379931207,
      "delta_mae": -0.013395155581127624,
      "delta_risk_detection": 0.0,
      "delta_rmse": -0.0039233932036912555,
      "direction_accuracy_clean": 0.7692307692307693,
      "direction_accuracy_original": 0.7692307692307693,
      "horizonte_sem": 1,
      "loss_h_clean": 0.07207968220496458,
      "loss_h_original": 0.07782714258489579,
      "mae_clean": 0.09614021745045287,
      "mae_original": 0.1095353730315805,
      "risk_detection_clean": 0.75,
      "risk_detection_original": 0.75,
      "rmse_clean": 0.12674239097692214,
      "rmse_original": 0.1306657841806134
    },
    {
      "delta_direction_accuracy": 0.0,
      "delta_loss_h": -0.0008007175250256959,
      "delta_mae": -0.005630499837087646,
      "delta_risk_detection": 0.0,
      "delta_rmse": 0.0015685766646105215,
      "direction_accuracy_clean": 0.6,
      "direction_accuracy_original": 0.6,
      "horizonte_sem": 2,
      "loss_h_clean": 0.08214022861483132,
      "loss_h_original": 0.08294094613985702,
      "mae_clean": 0.10646333080638215,
      "mae_original": 0.1120938306434698,
      "risk_detection_clean": 0.6,
      "risk_detection_original": 0.6,
      "rmse_clean": 0.13841130814527733,
      "rmse_original": 0.1368427314806668
    },
    {
      "delta_direction_accuracy": 0.125,
      "delta_loss_h": -0.011789611150667817,
      "delta_mae": -0.014149254955244675,
      "delta_risk_detection": 0.0,
      "delta_rmse": -0.010247579061827883,
      "direction_accuracy_clean": 0.7916666666666666,
      "direction_accuracy_original": 0.6666666666666666,
      "horizonte_sem": 3,
      "loss_h_clean": 0.06841667761689196,
      "loss_h_original": 0.08020628876755978,
      "mae_clean": 0.10492242301379782,
      "mae_original": 0.1190716779690425,
      "risk_detection_clean": 0.8181818181818182,
      "risk_detection_original": 0.8181818181818182,
      "rmse_clean": 0.13709280800973161,
      "rmse_original": 0.1473403870715595
    },
    {
      "delta_direction_accuracy": -0.04347826086956519,
      "delta_loss_h": -0.0011696878923499049,
      "delta_mae": -0.00988674695568642,
      "delta_risk_detection": 0.0,
      "delta_rmse": -0.009603937237500998,
      "direction_accuracy_clean": 0.6956521739130435,
      "direction_accuracy_original": 0.7391304347826086,
      "horizonte_sem": 4,
      "loss_h_clean": 0.04179004594178039,
      "loss_h_original": 0.04295973383413029,
      "mae_clean": 0.10250711885123379,
      "mae_original": 0.1123938658069202,
      "risk_detection_clean": 0.6666666666666666,
      "risk_detection_original": 0.6666666666666666,
      "rmse_clean": 0.1444945661167726,
      "rmse_original": 0.1540985033542736
    }
  ],
  "l_total_radar_clean": 0.26442663437846825,
  "reference_run_id": "E4_v1_clean"
}