{
  "clean_run_id": "E5_v5_clean",
  "comparacion_por_horizonte": [
    {
      "delta_direction_accuracy": 0.0,
      "delta_loss_h": -0.00013249713332473545,
      "delta_mae": -0.0007764130964657417,
      "delta_risk_detection": 0.0,
      "delta_rmse": -0.001425867032750161,
      "direction_accuracy_clean": 0.7692307692307693,
      "direction_accuracy_original": 0.7692307692307693,
      "horizonte_sem": 1,
      "loss_h_clean": 0.07207968220496458,
      "loss_h_original": 0.07221217933828931,
      "mae_clean": 0.09614021745045287,
      "mae_original": 0.09691663054691861,
      "risk_detection_clean": 0.75,
      "risk_detection_original": 0.75,
      "rmse_clean": 0.12674239097692214,
      "rmse_original": 0.1281682580096723
    },
    {
      "delta_direction_accuracy": 0.0,
      "delta_loss_h": 0.00045994583776191866,
      "delta_mae": 0.00323425538176475,
      "delta_risk_detection": 0.0,
      "delta_rmse": 0.005960845725600822,
      "direction_accuracy_clean": 0.6,
      "direction_accuracy_original": 0.6,
      "horizonte_sem": 2,
      "loss_h_clean": 0.08214022861483132,
      "loss_h_original": 0.0816802827770694,
      "mae_clean": 0.10646333080638215,
      "mae_original": 0.1032290754246174,
      "risk_detection_clean": 0.6,
      "risk_detection_original": 0.6,
      "rmse_clean": 0.13841130814527733,
      "rmse_original": 0.1324504624196765
    },
    {
      "delta_direction_accuracy": -0.04166666666666674,
      "delta_loss_h": 0.003827190150668458,
      "delta_mae": 0.004114727734161924,
      "delta_risk_detection": 0.0,
      "delta_rmse": 0.003630067380903823,
      "direction_accuracy_clean": 0.7916666666666666,
      "direction_accuracy_original": 0.8333333333333334,
      "horizonte_sem": 3,
      "loss_h_clean": 0.06841667761689196,
      "loss_h_original": 0.0645894874662235,
      "mae_clean": 0.10492242301379782,
      "mae_original": 0.1008076952796359,
      "risk_detection_clean": 0.8181818181818182,
      "risk_detection_original": 0.8181818181818182,
      "rmse_clean": 0.13709280800973161,
      "rmse_original": 0.1334627406288278
    },
    {
      "delta_direction_accuracy": -0.04347826086956519,
      "delta_loss_h": 0.005012806068953539,
      "delta_mae": -0.0015484235008733083,
      "delta_risk_detection": -0.11111111111111116,
      "delta_rmse": -0.004804954626946384,
      "direction_accuracy_clean": 0.6956521739130435,
      "direction_accuracy_original": 0.7391304347826086,
      "horizonte_sem": 4,
      "loss_h_clean": 0.04179004594178039,
      "loss_h_original": 0.03677723987282685,
      "mae_clean": 0.10250711885123379,
      "mae_original": 0.1040555423521071,
      "risk_detection_clean": 0.6666666666666666,
      "risk_detection_original": 0.7777777777777778,
      "rmse_clean": 0.1444945661167726,
      "rmse_original": 0.149299520743719
    }
  ],
  "l_total_radar_clean": 0.26442663437846825,
  "reference_run_id": "E5_v1_clean"
}