video_id,comment_id,author,comment_text,published_at,like_count,query,video_title,channel_title,video_published_at,fecha_extraccion
kdWiuC2NgeA,UgxXOYKuV667Afc8aCJ4AaABAg,@bellcranel-qs2ug,Que le paso al canal del Monoloco?,2026-04-13T17:15:41Z,1,presidenta municipal de Tampico,Regidores y Síndicos de Altamira Ignoraron a Historiador en Evento Con Cabildo de Tampico,CITY CHANNEL,2026-04-13T17:13:01Z,2026-05-04 06:12:36
SIYAXEtGq64,Ugyw6LBq87ByGej5VWF4AaABAg,@Antonio-tp4dw,Bueno almenos otro que ya no va ensuciar las bocinas con sus alucinadas,2026-04-16T14:45:53Z,0,presidenta municipal de Tampico,🎤🚨 Ejecutan a “Juanito García” en San Pedro,SDPNoticias,2026-04-15T21:24:49Z,2026-05-04 06:12:36
SIYAXEtGq64,Ugy_xVvxvo8NnckEV0p4AaABAg,@ChivitaMoreno-x3g,"Pero en una camioneta irregular y blindada? <br>Pues a que se dedicaba?😏<br><br>Por algo los matan, de seguro un candil de la calle 🙄",2026-04-16T12:44:14Z,1,presidenta municipal de Tampico,🎤🚨 Ejecutan a “Juanito García” en San Pedro,SDPNoticias,2026-04-15T21:24:49Z,2026-05-04 06:12:36
SIYAXEtGq64,Ugxx86lM3pMNJaA4jB94AaABAg,@williamtorres2028,A qué se dedicaba el Licenciado??,2026-04-16T04:52:23Z,2,presidenta municipal de Tampico,🎤🚨 Ejecutan a “Juanito García” en San Pedro,SDPNoticias,2026-04-15T21:24:49Z,2026-05-04 06:12:36
SIYAXEtGq64,UgzM0e8iXro_BFbmZnh4AaABAg,@manfredo5221,"Vida loca, vida corta",2026-04-16T04:30:07Z,2,presidenta municipal de Tampico,🎤🚨 Ejecutan a “Juanito García” en San Pedro,SDPNoticias,2026-04-15T21:24:49Z,2026-05-04 06:12:36
SIYAXEtGq64,UgxD8e0fFPyf51QbbYB4AaABAg,@angzam7341,Que bueno uno menos,2026-04-16T02:48:04Z,0,presidenta municipal de Tampico,🎤🚨 Ejecutan a “Juanito García” en San Pedro,SDPNoticias,2026-04-15T21:24:49Z,2026-05-04 06:12:36
SIYAXEtGq64,Ugy2KUTLh3zb2X89IA54AaABAg,@IsmaelGómez-i2f9d,Menos contaminación auditiva,2026-04-16T02:31:30Z,3,presidenta municipal de Tampico,🎤🚨 Ejecutan a “Juanito García” en San Pedro,SDPNoticias,2026-04-15T21:24:49Z,2026-05-04 06:12:36
SIYAXEtGq64,UgwdseYJxw12MYndixF4AaABAg,@Gabriel-Batres16217,Qué les duraba,2026-04-16T02:00:26Z,0,presidenta municipal de Tampico,🎤🚨 Ejecutan a “Juanito García” en San Pedro,SDPNoticias,2026-04-15T21:24:49Z,2026-05-04 06:12:36
SIYAXEtGq64,Ugx4X2NnexMX5xTg8NR4AaABAg,@pedrochavezvalle,Hace 6 meses llegó de Sinaloa a Monterrey … para refugiarse,2026-04-16T01:48:14Z,3,presidenta municipal de Tampico,🎤🚨 Ejecutan a “Juanito García” en San Pedro,SDPNoticias,2026-04-15T21:24:49Z,2026-05-04 06:12:36
SIYAXEtGq64,UgzXPfuAYoaNT9HwvJx4AaABAg,@alejandrorodriguezbarron6518,"Ni modo, se lo cargo su Chingada madre a Juanito García, y el que sigue",2026-04-15T23:55:00Z,1,presidenta municipal de Tampico,🎤🚨 Ejecutan a “Juanito García” en San Pedro,SDPNoticias,2026-04-15T21:24:49Z,2026-05-04 06:12:36
SIYAXEtGq64,UgwbzkSHjPrDIlw_bjh4AaABAg,@Zero-cw5gy,Así siempre ha terminado así terminan y así siempre terminarán los de su clase. Los corridos y principalmente narcocorridos son un género musical que debe desaparecer de la cultura mexicana. <br>Ya que representan solamente dolor y vergüenza,2026-04-15T22:46:16Z,6,presidenta municipal de Tampico,🎤🚨 Ejecutan a “Juanito García” en San Pedro,SDPNoticias,2026-04-15T21:24:49Z,2026-05-04 06:12:36
SIYAXEtGq64,UgzBPAYr60ehgwXIWyt4AaABAg,@miguelangelrojogarcia3833,Ajuaaa,2026-04-15T22:33:56Z,1,presidenta municipal de Tampico,🎤🚨 Ejecutan a “Juanito García” en San Pedro,SDPNoticias,2026-04-15T21:24:49Z,2026-05-04 06:12:36
SIYAXEtGq64,Ugw2DvruVZUN8JCQxNt4AaABAg,@MarioEspinoza-y3t,Pues qué esperaba...?,2026-04-15T22:25:41Z,4,presidenta municipal de Tampico,🎤🚨 Ejecutan a “Juanito García” en San Pedro,SDPNoticias,2026-04-15T21:24:49Z,2026-05-04 06:12:36
SIYAXEtGq64,UgwkRZAvDgq4wys-yVl4AaABAg,@oscarmendezhernandez7024,Un alucin menos,2026-04-15T22:12:48Z,11,presidenta municipal de Tampico,🎤🚨 Ejecutan a “Juanito García” en San Pedro,SDPNoticias,2026-04-15T21:24:49Z,2026-05-04 06:12:36
SIYAXEtGq64,UgzGKW3F_pcAe3Oi0aR4AaABAg,@Carmen-i7l,Corridos <b>*tumbados*</b> ......,2026-04-15T22:10:31Z,3,presidenta municipal de Tampico,🎤🚨 Ejecutan a “Juanito García” en San Pedro,SDPNoticias,2026-04-15T21:24:49Z,2026-05-04 06:12:36
SIYAXEtGq64,UgxEsL0Z8BcE7t81IZ94AaABAg,@UriMercy-j4f6o,Camioneta y placas irregulares y blindada.,2026-04-15T21:53:45Z,11,presidenta municipal de Tampico,🎤🚨 Ejecutan a “Juanito García” en San Pedro,SDPNoticias,2026-04-15T21:24:49Z,2026-05-04 06:12:36
SIYAXEtGq64,Ugxvx5CU9gM8I2YyMUJ4AaABAg,@JuanArce-h5c,Así son los celos otros cantantes por contratos o los que celebran p,2026-04-15T21:44:44Z,3,presidenta municipal de Tampico,🎤🚨 Ejecutan a “Juanito García” en San Pedro,SDPNoticias,2026-04-15T21:24:49Z,2026-05-04 06:12:36
SIYAXEtGq64,Ugw-mcURiQ0LnCqE-i14AaABAg,@patyrocha2114,😔 Muy joven caray!,2026-04-15T21:32:52Z,3,presidenta municipal de Tampico,🎤🚨 Ejecutan a “Juanito García” en San Pedro,SDPNoticias,2026-04-15T21:24:49Z,2026-05-04 06:12:36
kdWiuC2NgeA,UgxXOYKuV667Afc8aCJ4AaABAg,@bellcranel-qs2ug,Que le paso al canal del Monoloco?,2026-04-13T17:15:41Z,1,Presidenta municipal de Tampico,Regidores y Síndicos de Altamira Ignoraron a Historiador en Evento Con Cabildo de Tampico,CITY CHANNEL,2026-04-13T17:13:01Z,2026-05-04 06:12:36
SIYAXEtGq64,Ugyw6LBq87ByGej5VWF4AaABAg,@Antonio-tp4dw,Bueno almenos otro que ya no va ensuciar las bocinas con sus alucinadas,2026-04-16T14:45:53Z,0,Presidenta municipal de Tampico,🎤🚨 Ejecutan a “Juanito García” en San Pedro,SDPNoticias,2026-04-15T21:24:49Z,2026-05-04 06:12:36
SIYAXEtGq64,Ugy_xVvxvo8NnckEV0p4AaABAg,@ChivitaMoreno-x3g,"Pero en una camioneta irregular y blindada? <br>Pues a que se dedicaba?😏<br><br>Por algo los matan, de seguro un candil de la calle 🙄",2026-04-16T12:44:14Z,1,Presidenta municipal de Tampico,🎤🚨 Ejecutan a “Juanito García” en San Pedro,SDPNoticias,2026-04-15T21:24:49Z,2026-05-04 06:12:36
SIYAXEtGq64,Ugxx86lM3pMNJaA4jB94AaABAg,@williamtorres2028,A qué se dedicaba el Licenciado??,2026-04-16T04:52:23Z,2,Presidenta municipal de Tampico,🎤🚨 Ejecutan a “Juanito García” en San Pedro,SDPNoticias,2026-04-15T21:24:49Z,2026-05-04 06:12:36
SIYAXEtGq64,UgzM0e8iXro_BFbmZnh4AaABAg,@manfredo5221,"Vida loca, vida corta",2026-04-16T04:30:07Z,2,Presidenta municipal de Tampico,🎤🚨 Ejecutan a “Juanito García” en San Pedro,SDPNoticias,2026-04-15T21:24:49Z,2026-05-04 06:12:36
SIYAXEtGq64,UgxD8e0fFPyf51QbbYB4AaABAg,@angzam7341,Que bueno uno menos,2026-04-16T02:48:04Z,0,Presidenta municipal de Tampico,🎤🚨 Ejecutan a “Juanito García” en San Pedro,SDPNoticias,2026-04-15T21:24:49Z,2026-05-04 06:12:36
SIYAXEtGq64,Ugy2KUTLh3zb2X89IA54AaABAg,@IsmaelGómez-i2f9d,Menos contaminación auditiva,2026-04-16T02:31:30Z,3,Presidenta municipal de Tampico,🎤🚨 Ejecutan a “Juanito García” en San Pedro,SDPNoticias,2026-04-15T21:24:49Z,2026-05-04 06:12:36
SIYAXEtGq64,UgwdseYJxw12MYndixF4AaABAg,@Gabriel-Batres16217,Qué les duraba,2026-04-16T02:00:26Z,0,Presidenta municipal de Tampico,🎤🚨 Ejecutan a “Juanito García” en San Pedro,SDPNoticias,2026-04-15T21:24:49Z,2026-05-04 06:12:36
SIYAXEtGq64,Ugx4X2NnexMX5xTg8NR4AaABAg,@pedrochavezvalle,Hace 6 meses llegó de Sinaloa a Monterrey … para refugiarse,2026-04-16T01:48:14Z,3,Presidenta municipal de Tampico,🎤🚨 Ejecutan a “Juanito García” en San Pedro,SDPNoticias,2026-04-15T21:24:49Z,2026-05-04 06:12:36
SIYAXEtGq64,UgzXPfuAYoaNT9HwvJx4AaABAg,@alejandrorodriguezbarron6518,"Ni modo, se lo cargo su Chingada madre a Juanito García, y el que sigue",2026-04-15T23:55:00Z,1,Presidenta municipal de Tampico,🎤🚨 Ejecutan a “Juanito García” en San Pedro,SDPNoticias,2026-04-15T21:24:49Z,2026-05-04 06:12:36
SIYAXEtGq64,UgwbzkSHjPrDIlw_bjh4AaABAg,@Zero-cw5gy,Así siempre ha terminado así terminan y así siempre terminarán los de su clase. Los corridos y principalmente narcocorridos son un género musical que debe desaparecer de la cultura mexicana. <br>Ya que representan solamente dolor y vergüenza,2026-04-15T22:46:16Z,6,Presidenta municipal de Tampico,🎤🚨 Ejecutan a “Juanito García” en San Pedro,SDPNoticias,2026-04-15T21:24:49Z,2026-05-04 06:12:36
SIYAXEtGq64,UgzBPAYr60ehgwXIWyt4AaABAg,@miguelangelrojogarcia3833,Ajuaaa,2026-04-15T22:33:56Z,1,Presidenta municipal de Tampico,🎤🚨 Ejecutan a “Juanito García” en San Pedro,SDPNoticias,2026-04-15T21:24:49Z,2026-05-04 06:12:36
SIYAXEtGq64,Ugw2DvruVZUN8JCQxNt4AaABAg,@MarioEspinoza-y3t,Pues qué esperaba...?,2026-04-15T22:25:41Z,4,Presidenta municipal de Tampico,🎤🚨 Ejecutan a “Juanito García” en San Pedro,SDPNoticias,2026-04-15T21:24:49Z,2026-05-04 06:12:36
SIYAXEtGq64,UgwkRZAvDgq4wys-yVl4AaABAg,@oscarmendezhernandez7024,Un alucin menos,2026-04-15T22:12:48Z,11,Presidenta municipal de Tampico,🎤🚨 Ejecutan a “Juanito García” en San Pedro,SDPNoticias,2026-04-15T21:24:49Z,2026-05-04 06:12:36
SIYAXEtGq64,UgzGKW3F_pcAe3Oi0aR4AaABAg,@Carmen-i7l,Corridos <b>*tumbados*</b> ......,2026-04-15T22:10:31Z,3,Presidenta municipal de Tampico,🎤🚨 Ejecutan a “Juanito García” en San Pedro,SDPNoticias,2026-04-15T21:24:49Z,2026-05-04 06:12:36
SIYAXEtGq64,UgxEsL0Z8BcE7t81IZ94AaABAg,@UriMercy-j4f6o,Camioneta y placas irregulares y blindada.,2026-04-15T21:53:45Z,11,Presidenta municipal de Tampico,🎤🚨 Ejecutan a “Juanito García” en San Pedro,SDPNoticias,2026-04-15T21:24:49Z,2026-05-04 06:12:36
SIYAXEtGq64,Ugxvx5CU9gM8I2YyMUJ4AaABAg,@JuanArce-h5c,Así son los celos otros cantantes por contratos o los que celebran p,2026-04-15T21:44:44Z,3,Presidenta municipal de Tampico,🎤🚨 Ejecutan a “Juanito García” en San Pedro,SDPNoticias,2026-04-15T21:24:49Z,2026-05-04 06:12:36
SIYAXEtGq64,Ugw-mcURiQ0LnCqE-i14AaABAg,@patyrocha2114,😔 Muy joven caray!,2026-04-15T21:32:52Z,3,Presidenta municipal de Tampico,🎤🚨 Ejecutan a “Juanito García” en San Pedro,SDPNoticias,2026-04-15T21:24:49Z,2026-05-04 06:12:36
GFeIWG--oto,UgxSjrycqEmM3BIeTPB4AaABAg,@DonManu85,Ppr fin van a reparar la fuga de la tubería de 32 pulgadas que lleva años ahí,2026-04-21T01:29:38Z,0,Gobierno de Tampico,Avanza de manera significativa obra hidráulica en Tampico; se encuentra en etapa final,CITY CHANNEL,2026-04-18T01:15:01Z,2026-05-04 06:12:36
UdqkVTlu7J4,Ugyy6nzQIIkJV955E5p4AaABAg,@azucenasanbis5732,"Para los que nunca habíamos conocido Tampico ni su historia  este museo nos enseña muchísimo,  hay videos interactivos desde la primera épocas, su paso por el tiempo, la inundación,  los canales de televisión y radio, un vagón de tren y la historia de como llego a ese estado, la remoselacion de la casa con sus vitrales  hermos además de   proyectos a futuro en la capital 👍",2026-04-13T06:49:48Z,0,Gobierno de Tampico,Museo de la Ciudad de Tampico..Imperdible!.👌😲,Carlos Alarcón,2026-04-13T00:54:05Z,2026-05-04 06:12:36
UdqkVTlu7J4,Ugx-T-mBiLzjbcLd0GJ4AaABAg,@AvelinoSánchez-i3o6y,😂  170 pesos .. es museo de cultura  debe ser entrada libre .. no un NEGOCIO. . Ahi si esta super limpio el negocio 😂 pero las calles estan bien puercas 😂,2026-04-13T02:20:27Z,0,Gobierno de Tampico,Museo de la Ciudad de Tampico..Imperdible!.👌😲,Carlos Alarcón,2026-04-13T00:54:05Z,2026-05-04 06:12:36
UdqkVTlu7J4,Ugxaxd2nnNPxvNSmdgR4AaABAg,@alarconsandovaldavidangel5301,"Muy interesante museo, pasado y presente de Tampico, salas interactivas y muy limpio y moderno todo",2026-04-13T01:40:02Z,0,Gobierno de Tampico,Museo de la Ciudad de Tampico..Imperdible!.👌😲,Carlos Alarcón,2026-04-13T00:54:05Z,2026-05-04 06:12:36
0dXjTwK9Fl0,UgxKXoimMlgQM9rxLDV4AaABAg,@alarconsandovaldavidangel5301,"Muy buenas, las recomiendo",2026-04-16T10:39:15Z,0,Gobierno de Tampico,"Y tú, ya has probado ""LAS TORTAS DE LA BARDA""..en Tampico??.🤔🧐",Carlos Alarcón,2026-04-16T03:19:02Z,2026-05-04 06:12:36
0_xkHQ5pux8,Ugxc0U7in_UednxW6SV4AaABAg,@victordeleija3927,Exacto así debe de ser.... O chiflas o comes pinole,2026-04-16T15:10:08Z,1,Gobierno de Tampico,¡Hey ahí les hablan!,ORT Radio,2026-04-16T15:07:22Z,2026-05-04 06:12:36
zjeUBwOmIDA,UgxJ_NkDZNWEZb5JsMt4AaABAg,@unotv,"Consulta más información en: <br><br><a href=""https://www.unotv.com/nacional/ee-uu-sanciona-casinos-en-tamaulipas-por-lavado-y-vinculos-con-el-cartel-del-noreste-los-liga-a-fentanilo/"">https://www.unotv.com/nacional/ee-uu-sanciona-casinos-en-tamaulipas-por-lavado-y-vinculos-con-el-cartel-del-noreste-los-liga-a-fentanilo/</a>",2026-04-14T20:39:27Z,1,Gobierno de Tampico,EE. UU. sanciona a casinos en Tamaulipas por lavado y vínculos con el Cártel del Noreste,UnoTV,2026-04-14T20:39:09Z,2026-05-04 06:12:36
zjeUBwOmIDA,Ugxvb4TqxjgUvY119MV4AaABAg,@gerardarazo804,No hayan como poder robar a México... Que revisen las Vegas,2026-04-15T08:43:19Z,0,Gobierno de Tampico,EE. UU. sanciona a casinos en Tamaulipas por lavado y vínculos con el Cártel del Noreste,UnoTV,2026-04-14T20:39:09Z,2026-05-04 06:12:36
zjeUBwOmIDA,UgypddUUfSrnjMKyGvF4AaABAg,@servitecmanzanillo6295,"Y Ellos que se meten en otro Pais, que arreglen sus broncas ellos y que dejen que el gobierno Mexicano se haga cargo .",2026-04-14T23:35:05Z,0,Gobierno de Tampico,EE. UU. sanciona a casinos en Tamaulipas por lavado y vínculos con el Cártel del Noreste,UnoTV,2026-04-14T20:39:09Z,2026-05-04 06:12:36
zjeUBwOmIDA,UgxBVB4yTzTGOaNPeCt4AaABAg,@Rafael-wn7bf,"Y porqué en México....? Que vaya mucho a CHSM...y la Vegas qué ?  Reno Nevada qué...? Que no se haga ENDEJO....! Tiene ciudades completas, corruptas...y lavadores de dinero y distribuyen droga. 😮Viva México, viva la 4T.",2026-04-14T22:28:46Z,0,Gobierno de Tampico,EE. UU. sanciona a casinos en Tamaulipas por lavado y vínculos con el Cártel del Noreste,UnoTV,2026-04-14T20:39:09Z,2026-05-04 06:12:36
zjeUBwOmIDA,UgxE2pa6FiJuCTQVNuF4AaABAg,@HectorFlores-c4c,EU sancionado en México? Y porque no sanciona a Irán con el Canal de Zous?,2026-04-14T22:05:11Z,0,Gobierno de Tampico,EE. UU. sanciona a casinos en Tamaulipas por lavado y vínculos con el Cártel del Noreste,UnoTV,2026-04-14T20:39:09Z,2026-05-04 06:12:36
zjeUBwOmIDA,Ugz4aM2SJeioNqncLmh4AaABAg,@FranciscoMartinez-u6j,Metiche no solo tu tienes ese derecho,2026-04-14T21:58:01Z,0,Gobierno de Tampico,EE. UU. sanciona a casinos en Tamaulipas por lavado y vínculos con el Cártel del Noreste,UnoTV,2026-04-14T20:39:09Z,2026-05-04 06:12:36
zjeUBwOmIDA,Ugz0-8fkLfXXsu66fed4AaABAg,@JaimeEscamilla-eq6sm,Que sancione todos los casinos de Estado Unidos,2026-04-14T21:50:36Z,3,Gobierno de Tampico,EE. UU. sanciona a casinos en Tamaulipas por lavado y vínculos con el Cártel del Noreste,UnoTV,2026-04-14T20:39:09Z,2026-05-04 06:12:36
zjeUBwOmIDA,UgwLmtozwF4zkN325bp4AaABAg,@ElCartelMusical,No ayan como darles en la madre a el CDN,2026-04-14T21:49:28Z,1,Gobierno de Tampico,EE. UU. sanciona a casinos en Tamaulipas por lavado y vínculos con el Cártel del Noreste,UnoTV,2026-04-14T20:39:09Z,2026-05-04 06:12:36
zjeUBwOmIDA,UgwxKEH5QLphsBv63SZ4AaABAg,@AsesoriaJuridicaGratuita-hc2qi,"pues en esos garitos es puro vicio de varios tipos,  Si ya se sabe, pero se hacen los pendej*s,  el PAN estuvo ingue y jode que se abrieran, el mismo Ferriz de Con ahi andaba de promotor, puros maleantes, Romo, Hank Ron...",2026-04-14T21:47:18Z,2,Gobierno de Tampico,EE. UU. sanciona a casinos en Tamaulipas por lavado y vínculos con el Cártel del Noreste,UnoTV,2026-04-14T20:39:09Z,2026-05-04 06:12:36
zjeUBwOmIDA,UgztnVaQqfmmpO6Qy614AaABAg,@user-mp3pf2ir2p,Ora que onda ni que fueramos de su país jajaja,2026-04-14T21:46:41Z,0,Gobierno de Tampico,EE. UU. sanciona a casinos en Tamaulipas por lavado y vínculos con el Cártel del Noreste,UnoTV,2026-04-14T20:39:09Z,2026-05-04 06:12:36
zjeUBwOmIDA,Ugx8_RbaP1wbcC386ex4AaABAg,@PedroRamirezHernandez-y2z,Estados unidos también debe sancionar a las compañías que producen y venden armas a los ca`rteles.,2026-04-14T21:37:50Z,4,Gobierno de Tampico,EE. UU. sanciona a casinos en Tamaulipas por lavado y vínculos con el Cártel del Noreste,UnoTV,2026-04-14T20:39:09Z,2026-05-04 06:12:36
zjeUBwOmIDA,UgyIlXC_t_3qdjprCWB4AaABAg,@josedejesuslopezgutierrez4396,Son los casinos de Creel,2026-04-14T21:34:46Z,1,Gobierno de Tampico,EE. UU. sanciona a casinos en Tamaulipas por lavado y vínculos con el Cártel del Noreste,UnoTV,2026-04-14T20:39:09Z,2026-05-04 06:12:36
zjeUBwOmIDA,UgzYQbO00IJXrHVbmkR4AaABAg,@JORGEGONZALEZ-jd7dn,"Porque no investigan los Casinos de las Vegas, para empezar.😂",2026-04-14T21:33:05Z,7,Gobierno de Tampico,EE. UU. sanciona a casinos en Tamaulipas por lavado y vínculos con el Cártel del Noreste,UnoTV,2026-04-14T20:39:09Z,2026-05-04 06:12:36
zjeUBwOmIDA,Ugzaw9LCzhWazvtboFp4AaABAg,@elpajaroquemamaiz9278,Entonces dónde está la tan cacareada soberanía nacional?,2026-04-14T21:26:29Z,2,Gobierno de Tampico,EE. UU. sanciona a casinos en Tamaulipas por lavado y vínculos con el Cártel del Noreste,UnoTV,2026-04-14T20:39:09Z,2026-05-04 06:12:36
zjeUBwOmIDA,UgwyzZMgZxLgfHEAhW54AaABAg,@gustavocarrillo7744,"Y como no existe la ley en México, nadie se da cuenta, y se queda callado. Asta cuando México se va a defender o hacer algo para que los gringos no vengan hacer lo que ellos quieren,",2026-04-14T21:25:38Z,1,Gobierno de Tampico,EE. UU. sanciona a casinos en Tamaulipas por lavado y vínculos con el Cártel del Noreste,UnoTV,2026-04-14T20:39:09Z,2026-05-04 06:12:36
zjeUBwOmIDA,Ugxm8M2T26TQ3GX0rth4AaABAg,@yolitagallagher2109,Que empiezen a limpiar su casa ya se creen dueños del mundo 😡😡😡,2026-04-14T21:17:35Z,3,Gobierno de Tampico,EE. UU. sanciona a casinos en Tamaulipas por lavado y vínculos con el Cártel del Noreste,UnoTV,2026-04-14T20:39:09Z,2026-05-04 06:12:36
zjeUBwOmIDA,UgyV25s2IfhtQ824J8h4AaABAg,@carlosrevuelta9390,Hipócritas porqué no sancionan a los que lavan el dinero en su país,2026-04-14T21:16:38Z,12,Gobierno de Tampico,EE. UU. sanciona a casinos en Tamaulipas por lavado y vínculos con el Cártel del Noreste,UnoTV,2026-04-14T20:39:09Z,2026-05-04 06:12:36
zjeUBwOmIDA,UgxgIIUeyOoRexf6a7V4AaABAg,@raydel-Arellano-h1d8k,"Y apoco los de Oklahoma,  las Vegas. Y todos los que hay en estados unidos no lavan dinero . 😅",2026-04-14T21:13:29Z,4,Gobierno de Tampico,EE. UU. sanciona a casinos en Tamaulipas por lavado y vínculos con el Cártel del Noreste,UnoTV,2026-04-14T20:39:09Z,2026-05-04 06:12:36
zjeUBwOmIDA,UgyDuxUOOzKEsUWHrj54AaABAg,@rosalindarivas1106,"Es imposible, somos mexicanos.",2026-04-14T21:11:21Z,1,Gobierno de Tampico,EE. UU. sanciona a casinos en Tamaulipas por lavado y vínculos con el Cártel del Noreste,UnoTV,2026-04-14T20:39:09Z,2026-05-04 06:12:36
zjeUBwOmIDA,UgzqlExTV8APt-sXoJl4AaABAg,@VERONICARODRIGUEZ-et4pv,Ese señor que arregle tu país drogadicto y no se meta donde no le corresponde,2026-04-14T21:11:16Z,8,Gobierno de Tampico,EE. UU. sanciona a casinos en Tamaulipas por lavado y vínculos con el Cártel del Noreste,UnoTV,2026-04-14T20:39:09Z,2026-05-04 06:12:36
zjeUBwOmIDA,Ugx-Gt65RMPTjOJPryB4AaABAg,@jorgedeanda5204,"LAS TRABSACCIONES EPSTEIN!!???, esas IMPUNES.. esto es para alborotar la derecha fascista mexicana😂",2026-04-14T21:07:25Z,2,Gobierno de Tampico,EE. UU. sanciona a casinos en Tamaulipas por lavado y vínculos con el Cártel del Noreste,UnoTV,2026-04-14T20:39:09Z,2026-05-04 06:12:36
zjeUBwOmIDA,Ugz4g_Nf-fBNP2ae1W14AaABAg,@AlmendraLópez-r9x,Excelente EE UU,2026-04-14T21:03:46Z,1,Gobierno de Tampico,EE. UU. sanciona a casinos en Tamaulipas por lavado y vínculos con el Cártel del Noreste,UnoTV,2026-04-14T20:39:09Z,2026-05-04 06:12:36
zjeUBwOmIDA,UgzLNWAJMHeKggZ3_tZ4AaABAg,@griceldagradilla1821,"Muy bien, y por qué no hace lo mismo en los casinos en su país?",2026-04-14T21:01:07Z,5,Gobierno de Tampico,EE. UU. sanciona a casinos en Tamaulipas por lavado y vínculos con el Cártel del Noreste,UnoTV,2026-04-14T20:39:09Z,2026-05-04 06:12:36
zjeUBwOmIDA,UgzXPY_eZp2g7f6DseV4AaABAg,@Elguero-y9k,Es culpa de Calderón 😂😂 <br>La mañanera !!,2026-04-14T21:00:32Z,4,Gobierno de Tampico,EE. UU. sanciona a casinos en Tamaulipas por lavado y vínculos con el Cártel del Noreste,UnoTV,2026-04-14T20:39:09Z,2026-05-04 06:12:36
zjeUBwOmIDA,Ugz-ArI5JNOFftqRPf54AaABAg,@oscarayala6038,Pues ellos porque el gobierno de la presirvienta no ase nada y bien que sabe. Les tiene miedo,2026-04-14T20:57:23Z,0,Gobierno de Tampico,EE. UU. sanciona a casinos en Tamaulipas por lavado y vínculos con el Cártel del Noreste,UnoTV,2026-04-14T20:39:09Z,2026-05-04 06:12:36
zjeUBwOmIDA,UgzeDusTx6w5VtNdlAh4AaABAg,@anapadilla4519,Ellos que les importa el gobierno de México es lo suficiente capaz para sancionar y para tomar las decisiones que considere en su país que se ocupen de su presidente que se está haciendo rico matando gente,2026-04-14T20:48:48Z,2,Gobierno de Tampico,EE. UU. sanciona a casinos en Tamaulipas por lavado y vínculos con el Cártel del Noreste,UnoTV,2026-04-14T20:39:09Z,2026-05-04 06:12:36
zjeUBwOmIDA,UgxBZ14AHE2IRQyjTwZ4AaABAg,@martinez8947,Y los casinos de las Vegas  son angelitos 😂😂😂😂😂jaajjajaj,2026-04-14T20:45:36Z,7,Gobierno de Tampico,EE. UU. sanciona a casinos en Tamaulipas por lavado y vínculos con el Cártel del Noreste,UnoTV,2026-04-14T20:39:09Z,2026-05-04 06:12:36
IeshK87LFSU,Ugzmh0pE8bcjnIboFIJ4AaABAg,@DianaCarbajal-l3v,La fiscalía ya perdió credibilidad de entrada al pedir mirdidota hdspm y no actuar de inmediato también al  proteger a capa y espada al fulano que apareció en el ascensor es perturbante cómo un individuo que se supone vive en ese edificio tenga que utilizar guantes de plástico al estar dentro del edificio 🤔🤔🤔🤔,2026-04-28T17:36:36Z,0,Gobierno de Tampico,Justicia para Edith: salió a entrevista y murió; Fiscalía pidió mordida y ocultó pistas,Azteca Noticias,2026-04-18T04:55:15Z,2026-05-04 06:12:36
IeshK87LFSU,UgycyNAiWEYSoIZr8_Z4AaABAg,@jesusvazquez5550,"La fiscalia cuando no encuentra la forma de obtener un beneficio economico y tiene una bronca mediatica...resuelve en segundos y luego nadie los saca de ahí...cuando recibe dinero para resolver un caso ( que vamos hacer honestos no resuelven nada solo se ponen a investigar, que es lo que de verdad para eso creo que se les paga...) pueden ser rapidos pero no efectivos que poca madre de servidores publicos da lastima su ropita que portan , deverian de darles trabajo a las familias de las desaparecidas son mas efectivas que los efectivos de la PDI...todo esto tiene que cambiar no nadamas con buenos deseos , lo digo por la Sra. Fiscal de Justicia.",2026-04-23T14:57:55Z,0,Gobierno de Tampico,Justicia para Edith: salió a entrevista y murió; Fiscalía pidió mordida y ocultó pistas,Azteca Noticias,2026-04-18T04:55:15Z,2026-05-04 06:12:36
IeshK87LFSU,UgzYp9iCC-JkqBEXfNh4AaABAg,@hilarioramirez4538,Por eso el Gobierno no quiere que haya Cámaras  particulares porque les echan a perder su trabajo de trata feminicidios ventas de órganos etc,2026-04-22T09:18:10Z,0,Gobierno de Tampico,Justicia para Edith: salió a entrevista y murió; Fiscalía pidió mordida y ocultó pistas,Azteca Noticias,2026-04-18T04:55:15Z,2026-05-04 06:12:36
IeshK87LFSU,UgxCOClNQPdJCZaaHGN4AaABAg,@VargNietzsche,"Complices ambos guardias, Y la fiscalía, una vergüenza.",2026-04-22T06:18:46Z,0,Gobierno de Tampico,Justicia para Edith: salió a entrevista y murió; Fiscalía pidió mordida y ocultó pistas,Azteca Noticias,2026-04-18T04:55:15Z,2026-05-04 06:12:36
IeshK87LFSU,UgxjbgHlN8Nr30apYqt4AaABAg,@BlancaAguilar-q6y,Ya dijeron que la muchacha tenía trato con el vigilante...como es posible que supuestamente Hiba de modelo...es importante llegar al final de todo quien empezó la agresión de quien era el desarmador?,2026-04-22T03:06:43Z,0,Gobierno de Tampico,Justicia para Edith: salió a entrevista y murió; Fiscalía pidió mordida y ocultó pistas,Azteca Noticias,2026-04-18T04:55:15Z,2026-05-04 06:12:36
IeshK87LFSU,Ugzr7Dy6r-QCReRCBK94AaABAg,@ronnyhaven7277,"El VIGILANTE NO FUE,,,, perooo si sabe MUCHO,,,, por eso lo GOLPEARON y lo AMENAZARON,,,,,, de él depende que se ENCLARESCA esta PUNTA del ICEBERG!!!!",2026-04-21T08:34:02Z,0,Gobierno de Tampico,Justicia para Edith: salió a entrevista y murió; Fiscalía pidió mordida y ocultó pistas,Azteca Noticias,2026-04-18T04:55:15Z,2026-05-04 06:12:36
IeshK87LFSU,UgwXCurzgHjgeVaP1W94AaABAg,@joaquinlopez8110,"Es que ese mismo día hubieran investigado , a este día ya limpiaron todo y por la corrupcion de la fiscalía por eso estamos como estamos , mi<br>Apoyo total a la familia de esta joven en paz descanse .",2026-04-21T04:47:07Z,0,Gobierno de Tampico,Justicia para Edith: salió a entrevista y murió; Fiscalía pidió mordida y ocultó pistas,Azteca Noticias,2026-04-18T04:55:15Z,2026-05-04 06:12:36
IeshK87LFSU,Ugy61UYXb8oEP1fwiR14AaABAg,@MarthaAlvarado-d2l,Humberto rodrigo arreola becerra,2026-04-21T04:11:12Z,0,Gobierno de Tampico,Justicia para Edith: salió a entrevista y murió; Fiscalía pidió mordida y ocultó pistas,Azteca Noticias,2026-04-18T04:55:15Z,2026-05-04 06:12:36
IeshK87LFSU,UgxtY-m1mIohrlvFFat4AaABAg,@MarthaAlvarado-d2l,Ya también estoy igual que tu,2026-04-21T04:10:58Z,0,Gobierno de Tampico,Justicia para Edith: salió a entrevista y murió; Fiscalía pidió mordida y ocultó pistas,Azteca Noticias,2026-04-18T04:55:15Z,2026-05-04 06:12:36
IeshK87LFSU,Ugzgr8ANQ5TEHQmBPGZ4AaABAg,@MarthaAlvarado-d2l,Hola mi grande amiga,2026-04-21T04:09:14Z,0,Gobierno de Tampico,Justicia para Edith: salió a entrevista y murió; Fiscalía pidió mordida y ocultó pistas,Azteca Noticias,2026-04-18T04:55:15Z,2026-05-04 06:12:36
IeshK87LFSU,Ugw3nt-qonex_-Ljz2p4AaABAg,@AnamariaLimamendoza,Cómo que negaron que haya entrado  si está comprobado que entro.,2026-04-21T00:17:43Z,0,Gobierno de Tampico,Justicia para Edith: salió a entrevista y murió; Fiscalía pidió mordida y ocultó pistas,Azteca Noticias,2026-04-18T04:55:15Z,2026-05-04 06:12:36
IeshK87LFSU,UgxfrdP3lXIDQxoGdvp4AaABAg,@Margonzález-o8w,La familia de la señorita Edith es una familia unida y Edith envió ubicación del lugar al que ingresó 😢😢y desgraciadamente se encontró con los asesinos😢desgraciadamente la gente que trabaja en la fiscalía es inepta e insensible aparte de ratera y floja parásitos que cobran y no hacen nada bien😢,2026-04-20T20:04:01Z,0,Gobierno de Tampico,Justicia para Edith: salió a entrevista y murió; Fiscalía pidió mordida y ocultó pistas,Azteca Noticias,2026-04-18T04:55:15Z,2026-05-04 06:12:36
IeshK87LFSU,UgwUvI_4lkUwShBeB8F4AaABAg,@JosèQuiròz-r7q,Ese ministerial se ve muy sospechoso también,2026-04-20T19:28:40Z,0,Gobierno de Tampico,Justicia para Edith: salió a entrevista y murió; Fiscalía pidió mordida y ocultó pistas,Azteca Noticias,2026-04-18T04:55:15Z,2026-05-04 06:12:36
IeshK87LFSU,UgwRW9hv42xug6w17ix4AaABAg,@JosèQuiròz-r7q,Pues el ministerial que está deteniendo al chavo está bien nervioso seguro que él le puso sus golpes para que hablara,2026-04-20T19:28:30Z,0,Gobierno de Tampico,Justicia para Edith: salió a entrevista y murió; Fiscalía pidió mordida y ocultó pistas,Azteca Noticias,2026-04-18T04:55:15Z,2026-05-04 06:12:36
IeshK87LFSU,Ugz8BJBr-AXoyD5PgT94AaABAg,@charlyfosado6953,"A sacar a chingar a su madre en las próximas elecciones a morena, si con el PRI y el PAN estabamos mal, con morena estámos peor de lo que estábamos, fuera toda esta secta ahí que desterrarla y concientizar a la gente para que ya no vote por Mugrena el peor partido de la historia.",2026-04-20T14:05:57Z,0,Gobierno de Tampico,Justicia para Edith: salió a entrevista y murió; Fiscalía pidió mordida y ocultó pistas,Azteca Noticias,2026-04-18T04:55:15Z,2026-05-04 06:12:36
IeshK87LFSU,UgzglRoOi52Pkng-JXB4AaABAg,@vanessalizettevelazquezrey6060,Pues si es así que dieron falso testimonios la dueña del inmueble y los guardias../de que NO acudió…y si hay evidencias…Entonces son cómplices,2026-04-20T14:01:08Z,0,Gobierno de Tampico,Justicia para Edith: salió a entrevista y murió; Fiscalía pidió mordida y ocultó pistas,Azteca Noticias,2026-04-18T04:55:15Z,2026-05-04 06:12:36
IeshK87LFSU,UgzsXtJCz0bpjN6mKJV4AaABAg,@silviavilla8917,"Malditos perros te cobran por hacer su trabajo ya basta,ya basta de esperar sus estupidas 72 hrs. Ya que quiten esa medida para como esta la inseguridad ya es buscar inmediatamente",2026-04-20T13:34:48Z,0,Gobierno de Tampico,Justicia para Edith: salió a entrevista y murió; Fiscalía pidió mordida y ocultó pistas,Azteca Noticias,2026-04-18T04:55:15Z,2026-05-04 06:12:36
IeshK87LFSU,UgzcDJuJRi3gIcvRB1l4AaABAg,@jatziriradilla9540,"Hasta que salga morena del poder,todo está en sus manos!",2026-04-20T12:54:18Z,0,Gobierno de Tampico,Justicia para Edith: salió a entrevista y murió; Fiscalía pidió mordida y ocultó pistas,Azteca Noticias,2026-04-18T04:55:15Z,2026-05-04 06:12:36
IeshK87LFSU,UgwcFQEPiComkdWSkRJ4AaABAg,@manuelestrada5151,"Todos los comentarios que estan en este video son de indignación y enojo por el actuar de las autoridades, no es para menos, solo quiero comentar lo que ya muchos dicen. Que deberian investigar y si fuera el caso meter a la carcel a varios funcionarios, sobre todo a los que pidieron dinero (mordida) para hacer su trabajo,  tambien para los que no hicieron su trabajo en la fizcalia y a  la administradora del edificio pues ella dijo que reviso las cámaras y no la vio entrar.",2026-04-20T10:07:48Z,0,Gobierno de Tampico,Justicia para Edith: salió a entrevista y murió; Fiscalía pidió mordida y ocultó pistas,Azteca Noticias,2026-04-18T04:55:15Z,2026-05-04 06:12:36
IeshK87LFSU,UgyqM3GlomJI6XGhqPB4AaABAg,@albertahipolito6093,Pobre jovencita no hay palabras. Y la justicia. Mald. Nunca hacen nada nada mas transar. Y es en general. Pero esto no es de ahorita siempre ha existido corrupción. Mala atención.,2026-04-20T04:13:59Z,0,Gobierno de Tampico,Justicia para Edith: salió a entrevista y murió; Fiscalía pidió mordida y ocultó pistas,Azteca Noticias,2026-04-18T04:55:15Z,2026-05-04 06:12:36
IeshK87LFSU,Ugx-RJmRh3EdRZBO0Xx4AaABAg,@BrandonLee-b7k,Hoy se sabe que no fue por busca de trabajo que la chica fue a ver a su novio y ahí fue donde él la mato,2026-04-20T03:24:49Z,0,Gobierno de Tampico,Justicia para Edith: salió a entrevista y murió; Fiscalía pidió mordida y ocultó pistas,Azteca Noticias,2026-04-18T04:55:15Z,2026-05-04 06:12:36
IeshK87LFSU,UgwThZYwUmCMCgyb_Ft4AaABAg,@MariaFernandez-ks4lu,No pues ya esta peor toodo esto no es vidad😂,2026-04-20T02:55:24Z,0,Gobierno de Tampico,Justicia para Edith: salió a entrevista y murió; Fiscalía pidió mordida y ocultó pistas,Azteca Noticias,2026-04-18T04:55:15Z,2026-05-04 06:12:36
IeshK87LFSU,Ugy58gIdqV52O-k-50B4AaABAg,@Jdam486,"Cómplices todos la fiscalía , conserjes y loe tratantes reclutadores porque no encarcelad a todos BRUGADA deja de protegerlos siempre dices no sé repetirá sin nuestros empleados no reyes ya trabajen pónganlos a trabajar desde el<br>Minuto 1 si está con el novio se aguantan son nuestros empleados ya trabajen y cuando cárcel a todos incluyendo jueces y fiscales gracias chairos les debemos todo esto ya les llegará karma sigan votando",2026-04-20T00:34:49Z,0,Gobierno de Tampico,Justicia para Edith: salió a entrevista y murió; Fiscalía pidió mordida y ocultó pistas,Azteca Noticias,2026-04-18T04:55:15Z,2026-05-04 06:12:36
IeshK87LFSU,UgyYx4a_jgWgLpNxOyl4AaABAg,@jorgecontreras6496,"Nuestros gobernantes no hacen nada empezando por la presidenta,,  saben del problema y no hacen nada,,  se hace pendeja en la mañanera,,  feminicidios, extorsion y reclutamiento forzado x el narco,  etc etc,,  y todavía presume de soberania cuando el narco y los homicidas tienen la soberania ahí se evidencia la 4t  es igual o peor que los demas partidos",2026-04-19T23:04:55Z,0,Gobierno de Tampico,Justicia para Edith: salió a entrevista y murió; Fiscalía pidió mordida y ocultó pistas,Azteca Noticias,2026-04-18T04:55:15Z,2026-05-04 06:12:36
IeshK87LFSU,UgxohCGotQvU0_CUqb14AaABAg,@Ma.DelCarmenAlvarez,Si que se haga justicia  no es gusto todo esto q pasa si nuestros jóvenes buscan trabajo es por necesidad de salir adelante y no es gusto Loque  le isieron asta jovencita y si justicia,2026-04-19T19:42:05Z,1,Gobierno de Tampico,Justicia para Edith: salió a entrevista y murió; Fiscalía pidió mordida y ocultó pistas,Azteca Noticias,2026-04-18T04:55:15Z,2026-05-04 06:12:36
IeshK87LFSU,UgwbCewB1y-p1nI2JMl4AaABAg,@agustinramirez7312,"Eres una persona que no hace periodismo eres amarillista, lo que ustedes buscan es hacer polémica",2026-04-19T17:06:04Z,0,Gobierno de Tampico,Justicia para Edith: salió a entrevista y murió; Fiscalía pidió mordida y ocultó pistas,Azteca Noticias,2026-04-18T04:55:15Z,2026-05-04 06:12:36
IeshK87LFSU,UgwZsCKhY-9iYM2vVdp4AaABAg,@CesarIbarraHernandez-d2d,La. Fiscalía.  Que.  Chingue. Su. Madre.  Fueron.  Eiios. Hay.  Una<br>REF,2026-04-19T16:38:30Z,0,Gobierno de Tampico,Justicia para Edith: salió a entrevista y murió; Fiscalía pidió mordida y ocultó pistas,Azteca Noticias,2026-04-18T04:55:15Z,2026-05-04 06:12:36
IeshK87LFSU,Ugx6GHPd4rzJFhIOr-R4AaABAg,@CesarIbarraHernandez-d2d,Ahora.  Si.   Ya.Nii. La. Chingan<br>Cómo.  Puede.  Ser.  Posible. Eso<br>Habiendo.  Tanta.  Gente<br>Y.  En.  Ese.  Lugar.  No.  Mamen<br>Que.  Se.  Investigue. El.  Caso<br>Hasta. Las. Últimas. Consecuecias,2026-04-19T16:37:03Z,0,Gobierno de Tampico,Justicia para Edith: salió a entrevista y murió; Fiscalía pidió mordida y ocultó pistas,Azteca Noticias,2026-04-18T04:55:15Z,2026-05-04 06:12:36
IeshK87LFSU,Ugzj-J47ACBb1fVjm0h4AaABAg,@lourdesmaria6537,"Sí ya hasta la ONU y todos los países del mundo saben que aquí en México lindo y podrido está lleno de pedófilos,  secuestradores,  violadores,  trata de blancas, feminicidas,  para dónde mires  está lleno de hombres,  que nada más  ven a las mujeres de forma lasiva, tratándote de manosear,  en el metro en el camión,  a donde vayas,  caminas y ya te andan diciendo cosas, inclusive está en voz baja y de cualquier edad jóvenes, chamacos,  viejitos en Fin...",2026-04-19T16:33:52Z,0,Gobierno de Tampico,Justicia para Edith: salió a entrevista y murió; Fiscalía pidió mordida y ocultó pistas,Azteca Noticias,2026-04-18T04:55:15Z,2026-05-04 06:12:36
IeshK87LFSU,UgzUyIom0jzsohzfECN4AaABAg,@CesarIbarraHernandez-d2d,Que.  Se.  Haga. Una.  Investigación<br>A.  Fondo.  Y.  Que.  Castiguen.<br> A.  Los.  Responsables.  <br>Caiga.   Quién.  Caiga,2026-04-19T16:32:24Z,1,Gobierno de Tampico,Justicia para Edith: salió a entrevista y murió; Fiscalía pidió mordida y ocultó pistas,Azteca Noticias,2026-04-18T04:55:15Z,2026-05-04 06:12:36
IeshK87LFSU,Ugx49vE7jlMDrq521BN4AaABAg,@MarthaHernandez-zm4ew,Creo que deberíamos bajar de 72 horas a 24 horas para que pueda iniciarse una investigación por desaparición de personas,2026-04-19T16:28:12Z,1,Gobierno de Tampico,Justicia para Edith: salió a entrevista y murió; Fiscalía pidió mordida y ocultó pistas,Azteca Noticias,2026-04-18T04:55:15Z,2026-05-04 06:12:36
IeshK87LFSU,UgwWF70HnmA3_aR8mqh4AaABAg,@MarthaHernandez-zm4ew,Si las cosas sucedieron así como<br>Dice esta nota la preadministradora y el vigilante son los primeros sospechosos porque negaron que entró cuando después la encuentran muerta en el sótano.,2026-04-19T16:26:56Z,0,Gobierno de Tampico,Justicia para Edith: salió a entrevista y murió; Fiscalía pidió mordida y ocultó pistas,Azteca Noticias,2026-04-18T04:55:15Z,2026-05-04 06:12:36
IeshK87LFSU,Ugx12huEKoBK-SKJ0rx4AaABAg,@AnaBolillo,La.fiscalia está coludida,2026-04-19T15:07:51Z,0,Gobierno de Tampico,Justicia para Edith: salió a entrevista y murió; Fiscalía pidió mordida y ocultó pistas,Azteca Noticias,2026-04-18T04:55:15Z,2026-05-04 06:12:36
IeshK87LFSU,UgwLt12IjNL5blK4IWl4AaABAg,@HortencioGaytanRojas,Quién es el qué hizo la cita de trabajo o más bien quién es el reclutador?,2026-04-19T13:57:57Z,0,Gobierno de Tampico,Justicia para Edith: salió a entrevista y murió; Fiscalía pidió mordida y ocultó pistas,Azteca Noticias,2026-04-18T04:55:15Z,2026-05-04 06:12:36
IeshK87LFSU,UgyxOFbDtGawMag8u6t4AaABAg,@labiosfonseca1253,Vuelve a votar por morena.......,2026-04-19T13:34:37Z,0,Gobierno de Tampico,Justicia para Edith: salió a entrevista y murió; Fiscalía pidió mordida y ocultó pistas,Azteca Noticias,2026-04-18T04:55:15Z,2026-05-04 06:12:36
IeshK87LFSU,UgzX5x3e6jvzTW3FWqt4AaABAg,@EnriqueGomes-k1k,😱😱😱😱😱😱😱😱😱,2026-04-19T12:45:23Z,1,Gobierno de Tampico,Justicia para Edith: salió a entrevista y murió; Fiscalía pidió mordida y ocultó pistas,Azteca Noticias,2026-04-18T04:55:15Z,2026-05-04 06:12:36
IeshK87LFSU,UgwnbHFRP1K_INDQQmF4AaABAg,@YolandaHauMukul,Ojalá Shakira mencione que se acabe las 72 horas y se dediquen a buscar en seguida  así la presidenta lo legalice.,2026-04-19T12:41:41Z,0,Gobierno de Tampico,Justicia para Edith: salió a entrevista y murió; Fiscalía pidió mordida y ocultó pistas,Azteca Noticias,2026-04-18T04:55:15Z,2026-05-04 06:12:36
IeshK87LFSU,UgyB-mYDA0MXXLr4z6t4AaABAg,@victorarenas2380,No tienen Madre los  que  Pidieron Dinero..a. La Cárcel...,2026-04-19T10:59:37Z,3,Gobierno de Tampico,Justicia para Edith: salió a entrevista y murió; Fiscalía pidió mordida y ocultó pistas,Azteca Noticias,2026-04-18T04:55:15Z,2026-05-04 06:12:36
IeshK87LFSU,UgzkGHwB7Pf3v-tIbqp4AaABAg,@zumemmart,"Ya todo mundo se va a empezar a colgar de esta noticia, me cagan🤬",2026-04-19T10:56:56Z,1,Gobierno de Tampico,Justicia para Edith: salió a entrevista y murió; Fiscalía pidió mordida y ocultó pistas,Azteca Noticias,2026-04-18T04:55:15Z,2026-05-04 06:12:36
IeshK87LFSU,Ugx9UJ5ufiH4AawUZzl4AaABAg,@lettyflores8795,Por qué hacen siempre esa esa p******dejada  los retiran del cargo <br>Los suspenden <br>Los castigan <br><br>Hasta dónde llega  este 💩<br>De GOBIERNO  de hacer tanto daño a las familias mexicanas de dónde están tragando <br><br><br>Por qué por nosotros tragan todos ellos todos gobernantes fiscalías en su totalidad todo gobierno traga de nosotros <br><br><br>Y aún así nos lastiman <br><br>FUERA.  ESTE. GOBIERNO <br><br>FUERA MORENA,2026-04-19T09:13:42Z,0,Gobierno de Tampico,Justicia para Edith: salió a entrevista y murió; Fiscalía pidió mordida y ocultó pistas,Azteca Noticias,2026-04-18T04:55:15Z,2026-05-04 06:12:36
IeshK87LFSU,Ugw5tG8HmkwOy_IbTE54AaABAg,@dulcemedina9675,Retomen los casos de jóvenes que también en busca de trabajo los citwn en parqued y no regresan y la autoridad ni gobierno han hecho nada y esto tiene años,2026-04-19T08:37:18Z,0,Gobierno de Tampico,Justicia para Edith: salió a entrevista y murió; Fiscalía pidió mordida y ocultó pistas,Azteca Noticias,2026-04-18T04:55:15Z,2026-05-04 06:12:36
IeshK87LFSU,UgxjI9UeEfxKvfQVyyR4AaABAg,@MarthaAlvarado-d2l,Hola buenas días mándame atada la guardia nacional   que este disponible por estan golpeando a mi familia en la colonia heliodoro hernandes loza  vellavista  i Asus alrededores,2026-04-19T06:12:08Z,0,Gobierno de Tampico,Justicia para Edith: salió a entrevista y murió; Fiscalía pidió mordida y ocultó pistas,Azteca Noticias,2026-04-18T04:55:15Z,2026-05-04 06:12:36
IeshK87LFSU,UgyCXGPVeJbPos9S19t4AaABAg,@blitz7275,Están ocultando muchas cosas. Falta investigar a la Administradora y a la Agencia de Empkeos,2026-04-19T05:18:57Z,2,Gobierno de Tampico,Justicia para Edith: salió a entrevista y murió; Fiscalía pidió mordida y ocultó pistas,Azteca Noticias,2026-04-18T04:55:15Z,2026-05-04 06:12:36
IeshK87LFSU,Ugzq9HjESCrSpbIEh2B4AaABAg,@daHz85,"Y apenas Claudia se super ofendió porque le dijeron que no hizo nada para mejorar los ministerios públicos y fiscalías, que solo se fue contra los jueces porque es lo que le conviene.",2026-04-19T05:17:25Z,0,Gobierno de Tampico,Justicia para Edith: salió a entrevista y murió; Fiscalía pidió mordida y ocultó pistas,Azteca Noticias,2026-04-18T04:55:15Z,2026-05-04 06:12:36
IeshK87LFSU,UgyvKnFXXbDBdhpXiCB4AaABAg,@yiemleone,Todo acabará cuando las personas aprendan a educar a sus hijos y a entregar a la policía si saben que son unos asesinos,2026-04-19T04:22:09Z,1,Gobierno de Tampico,Justicia para Edith: salió a entrevista y murió; Fiscalía pidió mordida y ocultó pistas,Azteca Noticias,2026-04-18T04:55:15Z,2026-05-04 06:12:36
IeshK87LFSU,UgxhrZFnZ0HUgQ1HVXZ4AaABAg,@MarioMartinez-z4v,Gobierno de cuarta 😮 con sus Poli puercos de la fiscalía,2026-04-19T03:33:59Z,0,Gobierno de Tampico,Justicia para Edith: salió a entrevista y murió; Fiscalía pidió mordida y ocultó pistas,Azteca Noticias,2026-04-18T04:55:15Z,2026-05-04 06:12:36
IeshK87LFSU,UgzT5Mt5qauZyTCKlt94AaABAg,@mayorgapink,Fue alguien que quiza ni es del edificio. Están inculpando al vigilante,2026-04-19T03:05:53Z,0,Gobierno de Tampico,Justicia para Edith: salió a entrevista y murió; Fiscalía pidió mordida y ocultó pistas,Azteca Noticias,2026-04-18T04:55:15Z,2026-05-04 06:12:36
IeshK87LFSU,UgxswydfWRuNy65aUIV4AaABAg,@FranciscoSilva-q4g,Todos eso mierdas desde el ministerio público hasta la red criminal de empresas fraudulentas deberían de investigar la policía cibernética sobre estás  empresas fraudulentas ubicarlas y que actúe con ellas,2026-04-19T03:02:13Z,2,Gobierno de Tampico,Justicia para Edith: salió a entrevista y murió; Fiscalía pidió mordida y ocultó pistas,Azteca Noticias,2026-04-18T04:55:15Z,2026-05-04 06:12:36
IeshK87LFSU,UgzvcfglxqL9nIxLtO14AaABAg,@marisolita11,Fuera Morena!!!!!!!  👎 😠 😡,2026-04-19T02:37:14Z,0,Gobierno de Tampico,Justicia para Edith: salió a entrevista y murió; Fiscalía pidió mordida y ocultó pistas,Azteca Noticias,2026-04-18T04:55:15Z,2026-05-04 06:12:36
IeshK87LFSU,UgyPxeeIDVoVnT4xo2N4AaABAg,@MissieChoj,Hay que buscarla a esa lujer y ese guardia.  Son cómplices.  Asqurosos pero tienen hijos e hijas . Verán lo que se siente cuando le hagan lo mismo.,2026-04-19T02:25:51Z,0,Gobierno de Tampico,Justicia para Edith: salió a entrevista y murió; Fiscalía pidió mordida y ocultó pistas,Azteca Noticias,2026-04-18T04:55:15Z,2026-05-04 06:12:36
IeshK87LFSU,Ugy0StRj3jc754eqPuR4AaABAg,@luciaaguilar9515,....hasta que no tengamos un gobierno narco satanico,2026-04-19T02:08:09Z,0,Gobierno de Tampico,Justicia para Edith: salió a entrevista y murió; Fiscalía pidió mordida y ocultó pistas,Azteca Noticias,2026-04-18T04:55:15Z,2026-05-04 06:12:36
IeshK87LFSU,UgxlZDHuklj04SnAnUF4AaABAg,@tlatoahmexico,Un país que se cae a pedazos..,2026-04-19T02:06:56Z,2,Gobierno de Tampico,Justicia para Edith: salió a entrevista y murió; Fiscalía pidió mordida y ocultó pistas,Azteca Noticias,2026-04-18T04:55:15Z,2026-05-04 06:12:36
IeshK87LFSU,UgwOgMpJdQU26tmL68x4AaABAg,@sandracarrillo3243,"Por negar que no había entrado es un delito también son cómplices tienen que ir a la cárcel, tanto peca el agarra la pata a la vaca 😢",2026-04-19T01:54:56Z,0,Gobierno de Tampico,Justicia para Edith: salió a entrevista y murió; Fiscalía pidió mordida y ocultó pistas,Azteca Noticias,2026-04-18T04:55:15Z,2026-05-04 06:12:36
IeshK87LFSU,Ugx-JZ1-KvNbzCLas1V4AaABAg,@sigo70,"Fiscalia Cobrando Sin Trabajar  pidiendo dinero  a familiares de la victima para hacer su  trabajo, Lo mismo en muchos sectores del gobierno",2026-04-19T00:39:24Z,1,Gobierno de Tampico,Justicia para Edith: salió a entrevista y murió; Fiscalía pidió mordida y ocultó pistas,Azteca Noticias,2026-04-18T04:55:15Z,2026-05-04 06:12:36
IeshK87LFSU,UgyM9zzFf3vEOd00EVV4AaABAg,@misaelmorales-kq5qw,Cuál fue la fiscalía que pidió mordida ?,2026-04-19T00:28:41Z,3,Gobierno de Tampico,Justicia para Edith: salió a entrevista y murió; Fiscalía pidió mordida y ocultó pistas,Azteca Noticias,2026-04-18T04:55:15Z,2026-05-04 06:12:36
IeshK87LFSU,UgxMUHVaq2rIHCzIKWp4AaABAg,@JoseHernandez-qs2ys,Que cesen a la encargada de la fiscalia,2026-04-19T00:04:12Z,2,Gobierno de Tampico,Justicia para Edith: salió a entrevista y murió; Fiscalía pidió mordida y ocultó pistas,Azteca Noticias,2026-04-18T04:55:15Z,2026-05-04 06:12:36
IeshK87LFSU,Ugz0yPSGlZp2CRL-i4B4AaABAg,@SANDRALOPEZ-i1w,"Las féminas deberían vestirse decentemente, pero se aferran diciendo que los hombres deben respetarlas sin importar qué tan desvestidas se exhiban ellas, y aquí lo vemos con esta comentarista que el mensaje no le llega.",2026-04-18T23:15:44Z,0,Gobierno de Tampico,Justicia para Edith: salió a entrevista y murió; Fiscalía pidió mordida y ocultó pistas,Azteca Noticias,2026-04-18T04:55:15Z,2026-05-04 06:12:36
IeshK87LFSU,UgxXWG-1_A_rbxUtnDt4AaABAg,@DeyviAguirre-b5u,"Ahi es donde deven hacer sus marchas y bloquear, en la fiscalía y no en las calles y pedir el despido del personal de la fiscalía porque nos quitan el dinero para según hacer un tener el cual no cumplen y todavía quieren mas dinero",2026-04-18T23:03:39Z,0,Gobierno de Tampico,Justicia para Edith: salió a entrevista y murió; Fiscalía pidió mordida y ocultó pistas,Azteca Noticias,2026-04-18T04:55:15Z,2026-05-04 06:12:36
IeshK87LFSU,Ugy5au0NWBNEoVFUket4AaABAg,@centrodeozonoterapiaavanza3142,Sigan votando por morena,2026-04-18T23:03:30Z,0,Gobierno de Tampico,Justicia para Edith: salió a entrevista y murió; Fiscalía pidió mordida y ocultó pistas,Azteca Noticias,2026-04-18T04:55:15Z,2026-05-04 06:12:36
IeshK87LFSU,UgwNh3mSuqjwa6FO1GN4AaABAg,@alfredoloxpez1317,Fiscalías del Bienestar,2026-04-18T22:57:09Z,0,Gobierno de Tampico,Justicia para Edith: salió a entrevista y murió; Fiscalía pidió mordida y ocultó pistas,Azteca Noticias,2026-04-18T04:55:15Z,2026-05-04 06:12:36
IeshK87LFSU,Ugx_VzKRjPxf6Pt7BR14AaABAg,@MariaElenaCoronado-b9q,El gobierno valiendo madre es mejor que  gobierne el narco creo que son mejores,2026-04-18T22:46:06Z,0,Gobierno de Tampico,Justicia para Edith: salió a entrevista y murió; Fiscalía pidió mordida y ocultó pistas,Azteca Noticias,2026-04-18T04:55:15Z,2026-05-04 06:12:36
IeshK87LFSU,UgzqcujgviEq4VwLT0B4AaABAg,@lauravergara6733,"La familia debería de demandar a la fiscalia y gobierno por entorpecer la búsqueda y por corrupción... por lo menos unos 100,000,000 mxn, si le sacan!, solo así corregirá sus procesos...😢😢😢",2026-04-18T21:57:02Z,2,Gobierno de Tampico,Justicia para Edith: salió a entrevista y murió; Fiscalía pidió mordida y ocultó pistas,Azteca Noticias,2026-04-18T04:55:15Z,2026-05-04 06:12:36
IeshK87LFSU,UgwLgxL7cBgI5aJJrrZ4AaABAg,@SamanthaLopez-q2e,PERO.IMPORYANTE QUIEN PIDIO MORDIDA .?,2026-04-18T20:25:46Z,0,Gobierno de Tampico,Justicia para Edith: salió a entrevista y murió; Fiscalía pidió mordida y ocultó pistas,Azteca Noticias,2026-04-18T04:55:15Z,2026-05-04 06:12:36
IeshK87LFSU,Ugy-BiV2iNUJjStc6yF4AaABAg,@MariaLuna12345,A esos ojts de la fiscalía les vale a pero si fuera un familiar no esperan tanto ofuera de algunfunsionari de volada corruptos,2026-04-18T19:43:26Z,0,Gobierno de Tampico,Justicia para Edith: salió a entrevista y murió; Fiscalía pidió mordida y ocultó pistas,Azteca Noticias,2026-04-18T04:55:15Z,2026-05-04 06:12:36
IeshK87LFSU,UgwJJ06eNi8q-5Fj0nZ4AaABAg,@MarielaConde-t4l,Que triste estamos solos mucha corrupción nada de empatía 😢,2026-04-18T19:11:50Z,3,Gobierno de Tampico,Justicia para Edith: salió a entrevista y murió; Fiscalía pidió mordida y ocultó pistas,Azteca Noticias,2026-04-18T04:55:15Z,2026-05-04 06:12:36
IeshK87LFSU,Ugwl6wK-xe_U32OQHDp4AaABAg,@josep9605,Así la justicia en nuestro país .. negligencia..en toda su expresión ..pero como la presidente dice que los feminicidios han disminuido quieren ocultar todo ..y todavía tienen duda q este es el peor gobierno q México ha tenido desde la presidente hasta el menos cargo tiene ..,2026-04-18T18:53:44Z,0,Gobierno de Tampico,Justicia para Edith: salió a entrevista y murió; Fiscalía pidió mordida y ocultó pistas,Azteca Noticias,2026-04-18T04:55:15Z,2026-05-04 06:12:36
IeshK87LFSU,UgyGDDehVy0cxLUpQDV4AaABAg,@CarlosFranciscoGarciaReyes-t6m,que  fuerte señalamiento,2026-04-18T18:45:34Z,2,Gobierno de Tampico,Justicia para Edith: salió a entrevista y murió; Fiscalía pidió mordida y ocultó pistas,Azteca Noticias,2026-04-18T04:55:15Z,2026-05-04 06:12:36
IeshK87LFSU,UgzbAwAzp8fm0HB160t4AaABAg,@juanjesussantiago4018,En México todo ya es corrupcion,2026-04-18T18:34:09Z,2,Gobierno de Tampico,Justicia para Edith: salió a entrevista y murió; Fiscalía pidió mordida y ocultó pistas,Azteca Noticias,2026-04-18T04:55:15Z,2026-05-04 06:12:36
IeshK87LFSU,UgxqxTsSDXKS5dETK794AaABAg,@rosiogomez1376,Yo creo que los de la fiscalía saben quienes son y los protegen por eso no hicieron nada son cómplices,2026-04-18T18:27:44Z,5,Gobierno de Tampico,Justicia para Edith: salió a entrevista y murió; Fiscalía pidió mordida y ocultó pistas,Azteca Noticias,2026-04-18T04:55:15Z,2026-05-04 06:12:36
IeshK87LFSU,Ugwh3pCbjX6OZDWPB7F4AaABAg,@chiloperez9748,Por qué no entra nada más porque entras ahí te dan un permiso de vigilantes quién estaba de vigilante sabes la propia familia que lo castigue,2026-04-18T18:24:09Z,0,Gobierno de Tampico,Justicia para Edith: salió a entrevista y murió; Fiscalía pidió mordida y ocultó pistas,Azteca Noticias,2026-04-18T04:55:15Z,2026-05-04 06:12:36
IeshK87LFSU,UgzPD6vBeAjVsbBqE9Z4AaABAg,@chiloperez9748,Que le hagan lo mismo al vigilante que se le desaparezcan sus hijas,2026-04-18T18:22:47Z,0,Gobierno de Tampico,Justicia para Edith: salió a entrevista y murió; Fiscalía pidió mordida y ocultó pistas,Azteca Noticias,2026-04-18T04:55:15Z,2026-05-04 06:12:36
IeshK87LFSU,UgykawB_91wv_Y7xZL94AaABAg,@chiloperez9748,Para empezar vamos sobre con el vigilante,2026-04-18T18:22:20Z,0,Gobierno de Tampico,Justicia para Edith: salió a entrevista y murió; Fiscalía pidió mordida y ocultó pistas,Azteca Noticias,2026-04-18T04:55:15Z,2026-05-04 06:12:36
IeshK87LFSU,Ugw7GSdf0T7bGHPNFCh4AaABAg,@analauramartinezzavaleta6864,Estamos en manos de autoridades que se burlan de nosotros tanto la administración pasada cómo está y todos los días es peor Y peor Y peor,2026-04-18T18:16:46Z,2,Gobierno de Tampico,Justicia para Edith: salió a entrevista y murió; Fiscalía pidió mordida y ocultó pistas,Azteca Noticias,2026-04-18T04:55:15Z,2026-05-04 06:12:36
IeshK87LFSU,UgwpvQLqqCwEbQzgo6R4AaABAg,@almaFernandez-j6c,❤EN ESTOS CASOS SI ESTAS VIENDO QUE ENTRO y NOS SALIO LLEGAR Y ENTRAR A GUEVO SABE DIOS CUANTAS ESTEN HAY TODAVIA OJALA QUE ESAS NIÑAS SERAN HIJAS DE LOS POLICIAS PARA QUE SIENTAN EL INFIERNO EN CARNE PROPIA 😢😢,2026-04-18T18:15:30Z,0,Gobierno de Tampico,Justicia para Edith: salió a entrevista y murió; Fiscalía pidió mordida y ocultó pistas,Azteca Noticias,2026-04-18T04:55:15Z,2026-05-04 06:12:36
IeshK87LFSU,UgyXwM6pdRIdGCzIHBd4AaABAg,@MargaritaNava-e3i,"Así de corrupto es éste gobierno,  ya no tengo palabras, para describir, la porquería de autoridades, y a todos los niveles.  Qué tristeza me da mi MÉXICO, qué está en caída libre😢",2026-04-18T18:12:49Z,1,Gobierno de Tampico,Justicia para Edith: salió a entrevista y murió; Fiscalía pidió mordida y ocultó pistas,Azteca Noticias,2026-04-18T04:55:15Z,2026-05-04 06:12:36
IeshK87LFSU,UgyDVTZnW5dhoR8BF-Z4AaABAg,@irmahernandez7758,"Si hubiera actuado la fiscalía al momento se hubiera evitado esta muerte, culpable la fiscalía 🤬🤬🤬",2026-04-18T18:00:02Z,4,Gobierno de Tampico,Justicia para Edith: salió a entrevista y murió; Fiscalía pidió mordida y ocultó pistas,Azteca Noticias,2026-04-18T04:55:15Z,2026-05-04 06:12:36
IeshK87LFSU,UgxZx-Av-Q0GAtmiT-x4AaABAg,@MaribelRobles-gb7vd,Todos sabemos que siempre piden mordida para todo si no ahí te tienen afuera de los mp sin decirte nada y siempre se la sacan con cambio de turno etc,2026-04-18T17:50:30Z,0,Gobierno de Tampico,Justicia para Edith: salió a entrevista y murió; Fiscalía pidió mordida y ocultó pistas,Azteca Noticias,2026-04-18T04:55:15Z,2026-05-04 06:12:36
IeshK87LFSU,Ugzsrb9KAmiC0qXAn6V4AaABAg,@habitacionescasablanca07,"Quién es el Dueño del Departamento..El registro de ingresos, Por qué se negaron a Dar la información El guardia y la administradora tiene que declarar",2026-04-18T17:39:36Z,0,Gobierno de Tampico,Justicia para Edith: salió a entrevista y murió; Fiscalía pidió mordida y ocultó pistas,Azteca Noticias,2026-04-18T04:55:15Z,2026-05-04 06:12:36
IeshK87LFSU,Ugz7DoujiIXKH3C1XIV4AaABAg,@rafaelperez3933,Que triste 😢😢😢😢😢😢,2026-04-18T17:37:01Z,2,Gobierno de Tampico,Justicia para Edith: salió a entrevista y murió; Fiscalía pidió mordida y ocultó pistas,Azteca Noticias,2026-04-18T04:55:15Z,2026-05-04 06:12:36
IeshK87LFSU,UgyIU9rANv5GWUPGyI14AaABAg,@aliciamuniz2899,"Hasta cuando Dios vamos a soportar tanta negligencia, tanta inptitud, tanta corrupción ;  y lo más trist q todavía hay gnt q  dfiend est gobierno, ahí hay pruebas vivients d q no hacn absolutamnt nada. Y todavía dicn q TV Aztca es mntiroso, prcisamnt x est mdio nos damos cuenta d tant cochinada d est gobierno q para nada s procupa x el bienstar q x cierto tanto prsumn para el país.  A vr los q tanto los dfiendn q les demuestran con pruebas dond están ?",2026-04-18T17:35:12Z,1,Gobierno de Tampico,Justicia para Edith: salió a entrevista y murió; Fiscalía pidió mordida y ocultó pistas,Azteca Noticias,2026-04-18T04:55:15Z,2026-05-04 06:12:36
IeshK87LFSU,UgwVRz40jxi-Cyb-TQR4AaABAg,@estebansonvj6439,"Cómo dice la rucaleta esa, que llegamos todas, con toda la pena la familia de la víctima dio una cátedra de lo que se tiene que hacer en un caso así, porque tú gobierno de aquí o todos los estados les importa el pueblo 500 mil hectáreas de nada, en la CDMX se ve que hay redes mafiosas en complicidad con los funcionarios",2026-04-18T17:22:25Z,0,Gobierno de Tampico,Justicia para Edith: salió a entrevista y murió; Fiscalía pidió mordida y ocultó pistas,Azteca Noticias,2026-04-18T04:55:15Z,2026-05-04 06:12:36
IeshK87LFSU,Ugz_GseBovSBnOnBYnF4AaABAg,@gabrielalarcon8106,"El de la fiscalía es el que trae la red de corrupción por eso no quería atender el caso , y aparte piden mordida que mal estan los de gobierno",2026-04-18T17:22:09Z,1,Gobierno de Tampico,Justicia para Edith: salió a entrevista y murió; Fiscalía pidió mordida y ocultó pistas,Azteca Noticias,2026-04-18T04:55:15Z,2026-05-04 06:12:36
IeshK87LFSU,UgwGnyVMYGS0hIiB2Ht4AaABAg,@CarlosMartinez-uk5pd,Por eso el gobierno tiene otros datos. No te dan ni la oportunidad de hacer una denuncia.,2026-04-18T17:17:08Z,0,Gobierno de Tampico,Justicia para Edith: salió a entrevista y murió; Fiscalía pidió mordida y ocultó pistas,Azteca Noticias,2026-04-18T04:55:15Z,2026-05-04 06:12:36
IeshK87LFSU,UgzBM7rezWGFqWI5cF54AaABAg,@claraaurora6496,Abrazos y no balazos... He ahí el resultado. 😡 Y nuestra presidenta... Dónde anda????,2026-04-18T17:16:19Z,0,Gobierno de Tampico,Justicia para Edith: salió a entrevista y murió; Fiscalía pidió mordida y ocultó pistas,Azteca Noticias,2026-04-18T04:55:15Z,2026-05-04 06:12:36
IeshK87LFSU,Ugwd7_jR_erT1fq2njB4AaABAg,@socorrocarlin9329,"Qué bonita familia! Super unida!  Fuerte, audaz y valiente! Unos Panchos Pantera...hasta la señora Brugada, tembló!! Mi total admiración!!!",2026-04-18T17:16:10Z,1,Gobierno de Tampico,Justicia para Edith: salió a entrevista y murió; Fiscalía pidió mordida y ocultó pistas,Azteca Noticias,2026-04-18T04:55:15Z,2026-05-04 06:12:36
IeshK87LFSU,UgxWo2iFtQlNzhrVFEJ4AaABAg,@ulisescortespoblano4488,Haber Claudia SHEUMBAN que dices de esto tu que representas a todas las mujeres de México,2026-04-18T17:08:39Z,0,Gobierno de Tampico,Justicia para Edith: salió a entrevista y murió; Fiscalía pidió mordida y ocultó pistas,Azteca Noticias,2026-04-18T04:55:15Z,2026-05-04 06:12:36
IeshK87LFSU,Ugyu0NwTNUdpjjxwwRB4AaABAg,@ErasmpDominic,La misma fiscalía está involucrada con secuestros y extorsiones en Durango la delincuencia organizada está a cargo de la fiscalía y de la policía estatal,2026-04-18T16:55:02Z,1,Gobierno de Tampico,Justicia para Edith: salió a entrevista y murió; Fiscalía pidió mordida y ocultó pistas,Azteca Noticias,2026-04-18T04:55:15Z,2026-05-04 06:12:36
IeshK87LFSU,Ugxhw3s_gm2QY3VQjIx4AaABAg,@lobitobalders4079,Agarren a la administradora x encubrimiento,2026-04-18T16:48:39Z,1,Gobierno de Tampico,Justicia para Edith: salió a entrevista y murió; Fiscalía pidió mordida y ocultó pistas,Azteca Noticias,2026-04-18T04:55:15Z,2026-05-04 06:12:36
IeshK87LFSU,UgyH_xa83aLHCnn9P-R4AaABAg,@fernandadiostbendiga2519,Que pena....el demonio tiene el control en México 🖤🇲🇽🖤🖤🖤🖤🇲🇽🖤🖤🖤🖤💔🖤🖤,2026-04-18T16:39:07Z,5,Gobierno de Tampico,Justicia para Edith: salió a entrevista y murió; Fiscalía pidió mordida y ocultó pistas,Azteca Noticias,2026-04-18T04:55:15Z,2026-05-04 06:12:36
IeshK87LFSU,Ugwf_wKlVaCXWVrsKaB4AaABAg,@jaimelopez-ss1cy,Lamentablemente quien este en el poder no harán nada las leyes son nefasta hoy en día ya ahora si nadie respeta a los policías y más por que hoy en día morena protege más a años delincuentes y se hacen de la vista gorda,2026-04-18T16:38:59Z,0,Gobierno de Tampico,Justicia para Edith: salió a entrevista y murió; Fiscalía pidió mordida y ocultó pistas,Azteca Noticias,2026-04-18T04:55:15Z,2026-05-04 06:12:36
IeshK87LFSU,UgxspPLMmMgELDRzvj14AaABAg,@braulioromo6780,"Primero que corran a los jefes que están en la fiscalia. Segundo que detengan a todos lo involucrados desde las guardias que estaba en el edificio, y su administración. Y por último que detengan a al los feminisidas, que lo más seguro es que ya dieron mordida para que se de carpetazo al caso.",2026-04-18T16:34:07Z,0,Gobierno de Tampico,Justicia para Edith: salió a entrevista y murió; Fiscalía pidió mordida y ocultó pistas,Azteca Noticias,2026-04-18T04:55:15Z,2026-05-04 06:12:36
IeshK87LFSU,Ugyg0QRBpn_gAlRm0xB4AaABAg,@romadriguez8786,"Yo no entiendo, cómo el pueblo puede estar tan segado con este partido y esta presidenta, y no despiertan para hacer algo😡",2026-04-18T16:30:56Z,0,Gobierno de Tampico,Justicia para Edith: salió a entrevista y murió; Fiscalía pidió mordida y ocultó pistas,Azteca Noticias,2026-04-18T04:55:15Z,2026-05-04 06:12:36
IeshK87LFSU,UgwZm8DMSzE8AQfV_454AaABAg,@carmensorto806,Corrupto son empresas de narco que  chequeen si no le sacaron los organos,2026-04-18T16:30:43Z,1,Gobierno de Tampico,Justicia para Edith: salió a entrevista y murió; Fiscalía pidió mordida y ocultó pistas,Azteca Noticias,2026-04-18T04:55:15Z,2026-05-04 06:12:36
IeshK87LFSU,Ugz4AfzVwg6mng-BYxN4AaABAg,@sandradelatorre8952,"En un noticiero dijeron que en el anuncio de empleo decía que fueran solas, y les pedían el whats app y otras cosas raras, que de lo que buscaras te encontraban trabajo. Supongo que por la desesperación de trabajar uno se ciega.",2026-04-18T16:27:34Z,0,Gobierno de Tampico,Justicia para Edith: salió a entrevista y murió; Fiscalía pidió mordida y ocultó pistas,Azteca Noticias,2026-04-18T04:55:15Z,2026-05-04 06:12:36
IeshK87LFSU,UgxO9oAOoe425I6iERJ4AaABAg,@suavecitorobot3070,Aquí en México las Madres buscan los Cadáveres de los hijos e investigan desapariciones,2026-04-18T16:26:55Z,0,Gobierno de Tampico,Justicia para Edith: salió a entrevista y murió; Fiscalía pidió mordida y ocultó pistas,Azteca Noticias,2026-04-18T04:55:15Z,2026-05-04 06:12:36
IeshK87LFSU,UgyNaDpqA7VSmWQwPTt4AaABAg,@iselac6262,☹️😠😠,2026-04-18T16:26:49Z,0,Gobierno de Tampico,Justicia para Edith: salió a entrevista y murió; Fiscalía pidió mordida y ocultó pistas,Azteca Noticias,2026-04-18T04:55:15Z,2026-05-04 06:12:36
IeshK87LFSU,UgwO7fc2gnuR_musM8h4AaABAg,@jfk-s3m,Le echan la culpa a la fiscalia pero no dicen nada de quien o por que se la echaron <br>Que poca usan esta tragedia para culpar a morena,2026-04-18T16:24:42Z,0,Gobierno de Tampico,Justicia para Edith: salió a entrevista y murió; Fiscalía pidió mordida y ocultó pistas,Azteca Noticias,2026-04-18T04:55:15Z,2026-05-04 06:12:36
IeshK87LFSU,UgwoNuZOiMfGWQozPL14AaABAg,@monserrathtorresmonreal6339,Lo bueno q la señora presidenta dice nada corrupción las autoridades hacen excelente su trabajo nada de abusos todo está muy bien... La pregunta es hasta cuándo vamos a  seguir permitiendo tanto abuso y no solo por esto a todos los niveles hasta cuando esa señora q se vive dando sus discursos tontos hará su trabajo como debe ser,2026-04-18T16:13:54Z,0,Gobierno de Tampico,Justicia para Edith: salió a entrevista y murió; Fiscalía pidió mordida y ocultó pistas,Azteca Noticias,2026-04-18T04:55:15Z,2026-05-04 06:12:36
IeshK87LFSU,UgzeX-TITSvNfYUhQc14AaABAg,@lilfox3954,El peor error poner una mujer de presidenta Que no cuida ni alas de su género triste pero cierto y van a decir que blabla bla pero pues eso de poner puras leyes pendejas en vez de poner orden real,2026-04-18T16:07:26Z,0,Gobierno de Tampico,Justicia para Edith: salió a entrevista y murió; Fiscalía pidió mordida y ocultó pistas,Azteca Noticias,2026-04-18T04:55:15Z,2026-05-04 06:12:36
IeshK87LFSU,UgyqvGKxaiuGMk11st94AaABAg,@carlosalfonsobaenacampos7824,"QUIENES SON LOS QUE PONEN LAS LEYES QUE OBLIGAN A ESPERAR 72 HORAS, LOS LEGISLADORES",2026-04-18T16:04:05Z,2,Gobierno de Tampico,Justicia para Edith: salió a entrevista y murió; Fiscalía pidió mordida y ocultó pistas,Azteca Noticias,2026-04-18T04:55:15Z,2026-05-04 06:12:36
IeshK87LFSU,UgyOquHagKIh3cGafL94AaABAg,@miguelseveriano473,Presidenta claudia sheinbum comandante suprema mujer maravilla inteligente viva México 🇲🇽 viva México 🇲🇽 viva México 🇲🇽,2026-04-18T16:02:22Z,0,Gobierno de Tampico,Justicia para Edith: salió a entrevista y murió; Fiscalía pidió mordida y ocultó pistas,Azteca Noticias,2026-04-18T04:55:15Z,2026-05-04 06:12:36
IeshK87LFSU,UgwHfCNE_HOQLZKTW3F4AaABAg,@maruaj8404,"Justicia para Edith‼️ ni una más‼️<br>Este narcogobierno, crimen organizado y narcoterroristas tienen que dejar de existir en México‼️",2026-04-18T15:54:53Z,2,Gobierno de Tampico,Justicia para Edith: salió a entrevista y murió; Fiscalía pidió mordida y ocultó pistas,Azteca Noticias,2026-04-18T04:55:15Z,2026-05-04 06:12:36
IeshK87LFSU,Ugw_43oyApt_tzbGQAB4AaABAg,@eduardogardel4416,Disfruten lo botado morena,2026-04-18T15:52:00Z,0,Gobierno de Tampico,Justicia para Edith: salió a entrevista y murió; Fiscalía pidió mordida y ocultó pistas,Azteca Noticias,2026-04-18T04:55:15Z,2026-05-04 06:12:36
IeshK87LFSU,UgwKf2hO2zeE_WpJYV94AaABAg,@patriciavelasco834,SI LA FISCALÍA 💩💩💩💩 PIDE DINERO PARA HACER SU TRABAJO. . . AÚN QUEDA DUDA DE LA RELACIÓN DEL N4RCO GOBIERNO CON EL C. O. 🐀🐀🐀🐀🐀🐀????,2026-04-18T15:41:02Z,5,Gobierno de Tampico,Justicia para Edith: salió a entrevista y murió; Fiscalía pidió mordida y ocultó pistas,Azteca Noticias,2026-04-18T04:55:15Z,2026-05-04 06:12:36
IeshK87LFSU,UgxbSJ7bqS4EpkLPDAl4AaABAg,@RicardoCastañeda-f6l,Son las personas que tendríamos que tener en las fiscalias,2026-04-18T15:31:53Z,3,Gobierno de Tampico,Justicia para Edith: salió a entrevista y murió; Fiscalía pidió mordida y ocultó pistas,Azteca Noticias,2026-04-18T04:55:15Z,2026-05-04 06:12:36
IeshK87LFSU,UgzajsV6D-dE8JRciR14AaABAg,@ojosdeperroestrada6253,"Pobrecita, que tristeza.<br>Y porque la asesinaron?<br>Sólo así decidir quitarle la vida a una persona..!<br>Que onda como sociedad!?",2026-04-18T15:28:16Z,0,Gobierno de Tampico,Justicia para Edith: salió a entrevista y murió; Fiscalía pidió mordida y ocultó pistas,Azteca Noticias,2026-04-18T04:55:15Z,2026-05-04 06:12:36
IeshK87LFSU,UgwA0rDawObR---qzFF4AaABAg,@TobyGatito,"La presidenta que va a hacer al respecto???   Nada,    sabe de la corrupción y los deja trabajar a la fiscalía  impunemente",2026-04-18T15:25:00Z,5,Gobierno de Tampico,Justicia para Edith: salió a entrevista y murió; Fiscalía pidió mordida y ocultó pistas,Azteca Noticias,2026-04-18T04:55:15Z,2026-05-04 06:12:36
IeshK87LFSU,UgxXHomnp6LrwpOC5AV4AaABAg,@samuu3353,"PUES ES QUE ESA ES LA BUEVA POLÍTICA, NO TOMAR DECLARACIONES Y ASÍ PUES NO HAY DESAPARECIDOS, NI DELINCUENCIA NI FALLECIMIENTOS, NO SEA QUE LES ARRUINEMOS SUS OTRAS CIFRAS AL GOBIERNO…Y EL PUEBLO….FELIZ FELIZ 🙄🤷🏻‍♂️",2026-04-18T15:03:29Z,1,Gobierno de Tampico,Justicia para Edith: salió a entrevista y murió; Fiscalía pidió mordida y ocultó pistas,Azteca Noticias,2026-04-18T04:55:15Z,2026-05-04 06:12:36
IeshK87LFSU,UgygShxqmd2_VL9PPZF4AaABAg,@vero-rockherz1988,"La fiscalía es apatía, corrupción, huevonada, falta de humanidad y parece que sólo sirven para hacer estadísticas de crímenes que se hubieran podido evitar sí se pusieran a trabajar eficazmente 😠",2026-04-18T15:00:56Z,2,Gobierno de Tampico,Justicia para Edith: salió a entrevista y murió; Fiscalía pidió mordida y ocultó pistas,Azteca Noticias,2026-04-18T04:55:15Z,2026-05-04 06:12:36
IeshK87LFSU,UgzhuYjZohlWQrUQRE94AaABAg,@mariolopez1,Justicia para Edith.,2026-04-18T14:58:29Z,4,Gobierno de Tampico,Justicia para Edith: salió a entrevista y murió; Fiscalía pidió mordida y ocultó pistas,Azteca Noticias,2026-04-18T04:55:15Z,2026-05-04 06:12:36
IeshK87LFSU,Ugz9THuji7YIFPtDfsF4AaABAg,@gabrielconrado19,"Poca madre , castigo para todos los corruptos",2026-04-18T14:56:02Z,5,Gobierno de Tampico,Justicia para Edith: salió a entrevista y murió; Fiscalía pidió mordida y ocultó pistas,Azteca Noticias,2026-04-18T04:55:15Z,2026-05-04 06:12:36
IeshK87LFSU,UgxR-6FUqiE7qM6JlHV4AaABAg,@moiseseliasjimenezacosta2025,Y las cámaras dentro del edificio?,2026-04-18T14:50:49Z,2,Gobierno de Tampico,Justicia para Edith: salió a entrevista y murió; Fiscalía pidió mordida y ocultó pistas,Azteca Noticias,2026-04-18T04:55:15Z,2026-05-04 06:12:36
IeshK87LFSU,UgwoIidE1uyN1DV0DSx4AaABAg,@jesuscervantes2550,A esa gente d la fiscalía la deberían juzgar y condenar ya q están para atender a la gente   o estarán d acuerdo con esa gente xq ya son muchas personas q desaparecen. todo x no actuar en tiempo y forma ya es tiempo d actuár en contra d esa gente,2026-04-18T14:46:00Z,1,Gobierno de Tampico,Justicia para Edith: salió a entrevista y murió; Fiscalía pidió mordida y ocultó pistas,Azteca Noticias,2026-04-18T04:55:15Z,2026-05-04 06:12:36
IeshK87LFSU,UgxjWJ5LNnQSLMiSo5F4AaABAg,@Angieall-mp1yw,TRABAJAN POR O CONTRA LOS DELINCUENTES?? 👿💩🦖 LOS MP SON LOS QUE DEBIERON HABER QUITADO O SUPERVISADO 😡 PERO COMO DEPENDEN DE LAS FISCALÍA 👹 NI LOS TOCAN ES UNA PESADILLA  LLEGAR A ESOS LUGARES! 🦖💩👿🤬👿FUERA MORENA 💩 🤬 😈,2026-04-18T14:45:56Z,0,Gobierno de Tampico,Justicia para Edith: salió a entrevista y murió; Fiscalía pidió mordida y ocultó pistas,Azteca Noticias,2026-04-18T04:55:15Z,2026-05-04 06:12:36
IeshK87LFSU,UgwXazjpBr8g-EsWJHB4AaABAg,@mariaguadalupearzate5439,"Ya deberían de quitar esas 72 para llevar a cabo las investigaciones en 3 días ya la persona secuestrada o desaparecida está al otro lado del planeta o muerta, es mucho tiempo son reglas o procedimientos inútiles y la ¡¡ Leyes !! Bien gracias, a ver hay están las cocecurncias.",2026-04-18T14:42:15Z,1,Gobierno de Tampico,Justicia para Edith: salió a entrevista y murió; Fiscalía pidió mordida y ocultó pistas,Azteca Noticias,2026-04-18T04:55:15Z,2026-05-04 06:12:36
IeshK87LFSU,UgxcWG9XaFZdT4JJpWp4AaABAg,@salvadorperezramirez4643,Las autoridades siempre han sido una porquería pero en la actualidad es en grado superlativo,2026-04-18T14:37:13Z,3,Gobierno de Tampico,Justicia para Edith: salió a entrevista y murió; Fiscalía pidió mordida y ocultó pistas,Azteca Noticias,2026-04-18T04:55:15Z,2026-05-04 06:12:36
IeshK87LFSU,Ugwd8TgWtmz5h24TD-F4AaABAg,@angelchavez5472,"Es la prueba de que no importa quien gobierne, es la sociedad mexicana la que esta podrida <br>Vivo en el edomex y les aseguro, son mas los malos.....",2026-04-18T14:34:17Z,8,Gobierno de Tampico,Justicia para Edith: salió a entrevista y murió; Fiscalía pidió mordida y ocultó pistas,Azteca Noticias,2026-04-18T04:55:15Z,2026-05-04 06:12:36
IeshK87LFSU,UgwvI5LwZxcBDiQxCWp4AaABAg,@josolm7113,Labore un tiempo en la fiscalía peor en otro estado y es verdad dicen que a las 72 horas para que cuente como desaparición peor pues en ese lapso pueden pasar mil cosas lamentables. Tenemos una manga de puñetas ocupando cargos públicos deberias corréelos a todos los involucrados en la atención de este y muchos casos más.,2026-04-18T14:29:01Z,2,Gobierno de Tampico,Justicia para Edith: salió a entrevista y murió; Fiscalía pidió mordida y ocultó pistas,Azteca Noticias,2026-04-18T04:55:15Z,2026-05-04 06:12:36
IeshK87LFSU,UgxSjm_loOhb4FBjZnx4AaABAg,@maxwellgc0369,Todos los que pidieron mordida deberían ir presos o tener penas peores,2026-04-18T14:24:19Z,49,Gobierno de Tampico,Justicia para Edith: salió a entrevista y murió; Fiscalía pidió mordida y ocultó pistas,Azteca Noticias,2026-04-18T04:55:15Z,2026-05-04 06:12:36
IeshK87LFSU,Ugxcw3U2O9iK6s4o5ut4AaABAg,@SergioPonce-pi1rn,El personal de las fiscalía son tan corruptos que les gusta trabajar para estar pidiendo dinero para todo por el dolor de la gente,2026-04-18T14:23:18Z,18,Gobierno de Tampico,Justicia para Edith: salió a entrevista y murió; Fiscalía pidió mordida y ocultó pistas,Azteca Noticias,2026-04-18T04:55:15Z,2026-05-04 06:12:36
IeshK87LFSU,Ugyp4OjVgakHCc9iCrl4AaABAg,@magoscardesatania8723,"Muchos de las soluciones que se pretenden hacer es post siempre, porque no se hace una prevención? Para que esperar a los hechos? Solo para lamentarse?, y esta prevención empieza de la familia, este es el mundo real y hay gente mala (eso no lo puedes cambiar) , si a tus hijos no les das las armas suficientes para tomar buenas decisiones va ocurrir estas tragedias.<br>En primera porque la chava va a ese lugar sin estar antes bien constatada de a donde va?<br>Si nos ponemos bien estrictos se podría decir que por falta de una mejor preparación para buscar un mejor trabajo termina buscando ese trabajo porque tal vez no tenga ni la prepa.<br>Son detalles que cuentan mucho, si queremos que esto cambien también hya qué hacer algo para que también las mujeres no se dejen engañar tan pronto.<br>Se que es necesidad pero creo que es más importante la vida que cualquier trabajo.<br>Hay hasta mejores opciones en esas toma de decisiones.<br>Porque no mejor prevenir antes que lamentar?",2026-04-18T14:19:18Z,0,Gobierno de Tampico,Justicia para Edith: salió a entrevista y murió; Fiscalía pidió mordida y ocultó pistas,Azteca Noticias,2026-04-18T04:55:15Z,2026-05-04 06:12:36
IeshK87LFSU,Ugwp51iOpnxdwzAvnjd4AaABAg,@BeL_Sollen_Angel,El pueblo tiene que hacer justicia por mano propia contra las autoridades y corporaciones pues son nidos de delincuentes y corrupción solo así empezarán a funcionar para el pueblo.,2026-04-18T14:18:37Z,6,Gobierno de Tampico,Justicia para Edith: salió a entrevista y murió; Fiscalía pidió mordida y ocultó pistas,Azteca Noticias,2026-04-18T04:55:15Z,2026-05-04 06:12:36
IeshK87LFSU,Ugwlm1HCzFNWk2ByYAB4AaABAg,@juanacruzmirafuentes8798,Esto no es posible autoridades 😮😮😮asesinos,2026-04-18T14:17:36Z,4,Gobierno de Tampico,Justicia para Edith: salió a entrevista y murió; Fiscalía pidió mordida y ocultó pistas,Azteca Noticias,2026-04-18T04:55:15Z,2026-05-04 06:12:36
IeshK87LFSU,UgzZkj2IJPAeGo9_jUZ4AaABAg,@acT850,"Que poca Madr3... Es culpa de los morenarcos ya necesitamos sacarlos del gobierno son demasiado corruptos e ineptos como su mesías de 14años en la universidad, un Burrazo!",2026-04-18T14:15:20Z,0,Gobierno de Tampico,Justicia para Edith: salió a entrevista y murió; Fiscalía pidió mordida y ocultó pistas,Azteca Noticias,2026-04-18T04:55:15Z,2026-05-04 06:12:36
IeshK87LFSU,Ugz_7GmzIWEjStWTmuJ4AaABAg,@javiersoto3069,Es las malditas fiscalías seven de correr a todos y meter al órgano militar como la guardia nacional,2026-04-18T14:11:16Z,1,Gobierno de Tampico,Justicia para Edith: salió a entrevista y murió; Fiscalía pidió mordida y ocultó pistas,Azteca Noticias,2026-04-18T04:55:15Z,2026-05-04 06:12:36
IeshK87LFSU,UgxycUpoWGbHbN-NU3t4AaABAg,@MarcoCoconi,"Las fiscalías son extremadamente corruptas reciben dinero de los criminales y también extorsionan a las víctimas disque para acelerar la investigación, necesitamos fiscalías con buenos sueldos pero con controles de confianza y órganos internos de control para evitar la corrupción",2026-04-18T14:09:29Z,8,Gobierno de Tampico,Justicia para Edith: salió a entrevista y murió; Fiscalía pidió mordida y ocultó pistas,Azteca Noticias,2026-04-18T04:55:15Z,2026-05-04 06:12:36
IeshK87LFSU,UgyIfEAwiIrKmUl86E54AaABAg,@ProviCional-c2j,No sé preocupen los hijos de los jueces y políticos están salvos y sanos 👍 solo es cuestión de esperar a que algún día cambien las leyes.,2026-04-18T14:08:41Z,1,Gobierno de Tampico,Justicia para Edith: salió a entrevista y murió; Fiscalía pidió mordida y ocultó pistas,Azteca Noticias,2026-04-18T04:55:15Z,2026-05-04 06:12:36
IeshK87LFSU,UgydpNj-jNUTSpJv-RF4AaABAg,@leticialuengas9713,🙏🏻🙏🏻🙏🏻🙏🏻🙏🏻,2026-04-18T14:08:32Z,0,Gobierno de Tampico,Justicia para Edith: salió a entrevista y murió; Fiscalía pidió mordida y ocultó pistas,Azteca Noticias,2026-04-18T04:55:15Z,2026-05-04 06:12:36
IeshK87LFSU,UgwAyYsNcvCimmWziP94AaABAg,@eduardomaciel188,La administradora y el guardia de seguridad tienen algo que ver. Ellos también tiene que enfrentar la ley.,2026-04-18T14:06:38Z,2,Gobierno de Tampico,Justicia para Edith: salió a entrevista y murió; Fiscalía pidió mordida y ocultó pistas,Azteca Noticias,2026-04-18T04:55:15Z,2026-05-04 06:12:36
IeshK87LFSU,Ugx5HDmoLnM-7Aph0EJ4AaABAg,@LuisSanchez-l1y7l,"Y las Feminazis? Calladitas, no que muy unidas?",2026-04-18T14:02:19Z,2,Gobierno de Tampico,Justicia para Edith: salió a entrevista y murió; Fiscalía pidió mordida y ocultó pistas,Azteca Noticias,2026-04-18T04:55:15Z,2026-05-04 06:12:36
IeshK87LFSU,UgwkNAm69cLyED7REhJ4AaABAg,@alfonsofranco1984,VIVA VIVA MORENA NO PASA NADA NO EXAGEREN 😢 YA NO MÁS MORENA DESTROZAN A MÉXICO 🇲🇽 😢,2026-04-18T13:57:34Z,1,Gobierno de Tampico,Justicia para Edith: salió a entrevista y murió; Fiscalía pidió mordida y ocultó pistas,Azteca Noticias,2026-04-18T04:55:15Z,2026-05-04 06:12:36
IeshK87LFSU,UgyjgdXngXll2tC8vyN4AaABAg,@flowers333,Vayan a incendiar la fiscalia❤❤❤,2026-04-18T13:56:26Z,0,Gobierno de Tampico,Justicia para Edith: salió a entrevista y murió; Fiscalía pidió mordida y ocultó pistas,Azteca Noticias,2026-04-18T04:55:15Z,2026-05-04 06:12:36
IeshK87LFSU,UgwSDVc9G8AZSqIv0eB4AaABAg,@lidiavelasco4386,🌹 como lo siento un abrazo 🙏 bendiciones hogala los castiguen 😡,2026-04-18T13:55:09Z,3,Gobierno de Tampico,Justicia para Edith: salió a entrevista y murió; Fiscalía pidió mordida y ocultó pistas,Azteca Noticias,2026-04-18T04:55:15Z,2026-05-04 06:12:36
IeshK87LFSU,UgyvtQVo4l8Q434n0Kp4AaABAg,@doloreselenaflorescastillo6381,No quieren hacer su trabajo 😢sólo quieren ganar dinero que trista que no se sabe que tipo de gente se contrata y como seguridad son un fracaso,2026-04-18T13:44:01Z,0,Gobierno de Tampico,Justicia para Edith: salió a entrevista y murió; Fiscalía pidió mordida y ocultó pistas,Azteca Noticias,2026-04-18T04:55:15Z,2026-05-04 06:12:36
IeshK87LFSU,UgxXoF2A7hzU_ii8g9l4AaABAg,@dorabautistabautista6420,Te faltó mencionar que empleados de fiscalía extorsionaron a la familia de Edith. .....y empleado de fiscalía fue retirado y suspendido de su cargo ....( DATO IMPORTANTE),2026-04-18T13:30:06Z,19,Gobierno de Tampico,Justicia para Edith: salió a entrevista y murió; Fiscalía pidió mordida y ocultó pistas,Azteca Noticias,2026-04-18T04:55:15Z,2026-05-04 06:12:36
IeshK87LFSU,UgydeBlJnpLY2orrYup4AaABAg,@latecate-z8d,"Y porqueno investiga ala fiscalía,por la mordida por adelantado, entonces  edid era invertida porque pidierondinero ,a fiscalía ,fiscalía estaba hasiendo tiempo para matarla porque no soltaron el dinero, modo operandi fiscalía corrupta, esban luchando,  con lavida",2026-04-18T13:25:43Z,0,Gobierno de Tampico,Justicia para Edith: salió a entrevista y murió; Fiscalía pidió mordida y ocultó pistas,Azteca Noticias,2026-04-18T04:55:15Z,2026-05-04 06:12:36
IeshK87LFSU,UgyJf6Gy1xpIgf0I_Yx4AaABAg,@NatividadRodriguezVazquez,Ay es donde las disque femenistas deverian de ir a las fiscalías a las estaciones de policías a destruir a pedir justicia y no a los lugares que ni al caso debería de destruir ni mucho quemar pero no son pentejas por saben que las van a meter a la cárcel de verdad da coraje 😡😡😡,2026-04-18T13:24:36Z,0,Gobierno de Tampico,Justicia para Edith: salió a entrevista y murió; Fiscalía pidió mordida y ocultó pistas,Azteca Noticias,2026-04-18T04:55:15Z,2026-05-04 06:12:36
IeshK87LFSU,Ugz7_dGZCgXdfKPjCCB4AaABAg,@DiegoHernandez-yd6hs,Pura corrupción de este 👉 m*<b>*t</b> gobierno,2026-04-18T13:11:35Z,11,Gobierno de Tampico,Justicia para Edith: salió a entrevista y murió; Fiscalía pidió mordida y ocultó pistas,Azteca Noticias,2026-04-18T04:55:15Z,2026-05-04 06:12:36
IeshK87LFSU,UgxWOTZIu5yGgcCgiGd4AaABAg,@EduardoRoman-g5m,Pura politiquería,2026-04-18T12:54:01Z,0,Gobierno de Tampico,Justicia para Edith: salió a entrevista y murió; Fiscalía pidió mordida y ocultó pistas,Azteca Noticias,2026-04-18T04:55:15Z,2026-05-04 06:12:36
IeshK87LFSU,Ugx-gbf6T_oYWn8XjRF4AaABAg,@jesussaavedra7492,"Desafortunadamente es otro caso mas de a disfrutar lo votado, un gobierno mediocre y sin interes por la gente que se transmite a todas las instituciones y el como actuan dia a dia, desgraciadamente asi nuestro mexico con edta porqueria de presidente y gobierno",2026-04-18T12:52:56Z,0,Gobierno de Tampico,Justicia para Edith: salió a entrevista y murió; Fiscalía pidió mordida y ocultó pistas,Azteca Noticias,2026-04-18T04:55:15Z,2026-05-04 06:12:36
IeshK87LFSU,Ugwkf-GzLRrHFmkYp7Z4AaABAg,@hanseinenlong9827,Soy Andrés Manuel López obradorista y si lo digo como es ... Estos de la fiscalía desde arriba hasta el de abajo deben de renunciar y ser enjuiciados. 72 HRS para entrar en un lugar que saben que ahí está ...... Esta chica si pudo haber sido rescatada.... Es que aquí se comprueba hay gente con responsabilidad sin preparación y corruptos y ambas cosas también mata,2026-04-18T11:55:13Z,0,Gobierno de Tampico,Justicia para Edith: salió a entrevista y murió; Fiscalía pidió mordida y ocultó pistas,Azteca Noticias,2026-04-18T04:55:15Z,2026-05-04 06:12:36
IeshK87LFSU,Ugy7X4HSYIyTsug7G3p4AaABAg,@JoséLuisSalazarColorado,Que Mala Onda Muchos Pensamos Que Al Estar Una Mujer En El Poder Se Iban A Acabar Los Feminicidios Sabemos Que No Es Culpa De Claudia Pero Si Deberían De Inspeccionar A Quienes Tiene Abajo Para Acabar Con La Corrupción Y Esa Gente De Fiscalia También Deberían De Procesarlos Por Omisión Por No Actuar De Inmediato Y Por Pedir Dinero Pues Por Eso Cobran,2026-04-18T10:48:33Z,3,Gobierno de Tampico,Justicia para Edith: salió a entrevista y murió; Fiscalía pidió mordida y ocultó pistas,Azteca Noticias,2026-04-18T04:55:15Z,2026-05-04 06:12:36
IeshK87LFSU,UgzWna2oWU8DHg900qt4AaABAg,@LuisHernandez-fd5xb,Pidió mordida ??? Y como sabes ??,2026-04-18T10:42:59Z,1,Gobierno de Tampico,Justicia para Edith: salió a entrevista y murió; Fiscalía pidió mordida y ocultó pistas,Azteca Noticias,2026-04-18T04:55:15Z,2026-05-04 06:12:36
IeshK87LFSU,UgyvIuAyRYoT9-zuF4t4AaABAg,@MartinR-u9y,Hola ❤ ANNALU  Mamita  Que  terrible Es Loque está pasando En  Nuestro México  Micielo 🫴🌹 Yo creo  que  En  Nuestro Amado México  Es  El país Con Más ➕️  Maldad  En todo  El planeta  ⚘️Miamor ♥️  Esta  Repleto  y lleno  de toda Clase  de  de monios  de los peores  Que Ay  que  Triste  y  de Ces Perante  Es  Esto  🌺 Vida  Mia  ANNALU  AMOR 💘 SOLO DIOS  NOS PUEDE PROTEGER Y GUARDAR  DE TANTA  MALDAD 🤭 ANNALU AMOR 💘 BONITO GRACIAS  Y QUIDATE  MUNCHO MIAMOR  💗TEAMO 💝,2026-04-18T10:06:51Z,4,Gobierno de Tampico,Justicia para Edith: salió a entrevista y murió; Fiscalía pidió mordida y ocultó pistas,Azteca Noticias,2026-04-18T04:55:15Z,2026-05-04 06:12:36
IeshK87LFSU,UgwvFha7vrgmIJnfdQR4AaABAg,@CathieVillas,Que detengan y metan a la carcel a la persona que estuvo en turno al ingreso del Edificio,2026-04-18T09:16:55Z,54,Gobierno de Tampico,Justicia para Edith: salió a entrevista y murió; Fiscalía pidió mordida y ocultó pistas,Azteca Noticias,2026-04-18T04:55:15Z,2026-05-04 06:12:36
IeshK87LFSU,UgxakL0Mzt-9un6jQcF4AaABAg,@LauraSanchezGonzalez-sm9mf,"La familia le hizo su trabajo a la fiscalía, Godoy que vergüenza sirven para nada y para nada",2026-04-18T07:34:46Z,36,Gobierno de Tampico,Justicia para Edith: salió a entrevista y murió; Fiscalía pidió mordida y ocultó pistas,Azteca Noticias,2026-04-18T04:55:15Z,2026-05-04 06:12:36
IeshK87LFSU,UgzTuJ7Pxh9k9RJyKlR4AaABAg,@elizabethmadrid8309,Pobres papás no hay palabras neta!!,2026-04-18T06:19:52Z,41,Gobierno de Tampico,Justicia para Edith: salió a entrevista y murió; Fiscalía pidió mordida y ocultó pistas,Azteca Noticias,2026-04-18T04:55:15Z,2026-05-04 06:12:36
IeshK87LFSU,UgxGHemV6VJh8y8TtQV4AaABAg,@Mónica-b5t9t,Toda esa gente que nego todo es cómplice de los asesinos! Queremos justicia para Edith,2026-04-18T06:10:03Z,106,Gobierno de Tampico,Justicia para Edith: salió a entrevista y murió; Fiscalía pidió mordida y ocultó pistas,Azteca Noticias,2026-04-18T04:55:15Z,2026-05-04 06:12:36
IeshK87LFSU,Ugy64nANFY3kC9IKydV4AaABAg,@JavierLara-l5e,México será el país más malo del mundo y no nos emos dado cuenta 😮😮😮😮😮,2026-04-18T06:03:19Z,5,Gobierno de Tampico,Justicia para Edith: salió a entrevista y murió; Fiscalía pidió mordida y ocultó pistas,Azteca Noticias,2026-04-18T04:55:15Z,2026-05-04 06:12:36
IeshK87LFSU,Ugy73W_QsgY3ZYqMPtN4AaABAg,@JoelBeltranCorona,"Es muy indignante que las autoridades te pidan dinero para hacer su trabajo y lo más importante es que se pierda tanto tiempo y no se activen protocolos para iniciar una búsqueda, debe de haber justicia para la joven y la familia..",2026-04-18T05:34:25Z,28,Gobierno de Tampico,Justicia para Edith: salió a entrevista y murió; Fiscalía pidió mordida y ocultó pistas,Azteca Noticias,2026-04-18T04:55:15Z,2026-05-04 06:12:36
IeshK87LFSU,UgxAOq7PbDXRBeZL16l4AaABAg,@arturocorrea-yb8mz,Esos lugares tienen años solicitando empleos nunca han hecho algo las autoridades no es nuevo,2026-04-18T05:28:25Z,10,Gobierno de Tampico,Justicia para Edith: salió a entrevista y murió; Fiscalía pidió mordida y ocultó pistas,Azteca Noticias,2026-04-18T04:55:15Z,2026-05-04 06:12:36
IeshK87LFSU,UgzoTyX1WfKYjN7Q6I94AaABAg,@haloelmejorify,Maldita seas Claudia,2026-04-18T05:27:02Z,0,Gobierno de Tampico,Justicia para Edith: salió a entrevista y murió; Fiscalía pidió mordida y ocultó pistas,Azteca Noticias,2026-04-18T04:55:15Z,2026-05-04 06:12:36
IeshK87LFSU,UgyLJtXMsHggVrylSeV4AaABAg,@brissvivas,JISTICIA YA BASTA DE TANTA INEPTITUD Y PEDIR MORDIDA POR HACER SU TRABAJO 🤬🤬🤬🤬<br>EXIJAMOS CORRAN A LAS &quot;AUTORIDADES&quot;,2026-04-18T05:25:31Z,47,Gobierno de Tampico,Justicia para Edith: salió a entrevista y murió; Fiscalía pidió mordida y ocultó pistas,Azteca Noticias,2026-04-18T04:55:15Z,2026-05-04 06:12:36
1jYD-PPWLns,UgyKG4q8fBtxZpgQzF54AaABAg,@PitisPetuchis,Ramses vidente el #1💜💜💜💜🙌🙌👏👏,2026-04-20T21:48:56Z,0,Gobierno de Tampico,TAMPICO 🔥 CALOR EXTREMO ¡CUIDADO! 😱,Ramses vidente,2026-04-17T19:08:46Z,2026-05-04 06:12:36
1jYD-PPWLns,UgxWVbCrmHrjcQH66uJ4AaABAg,@H.ttrejo,Lo mejor para ti 👍🏻❤👍🏻,2026-04-18T06:45:29Z,0,Gobierno de Tampico,TAMPICO 🔥 CALOR EXTREMO ¡CUIDADO! 😱,Ramses vidente,2026-04-17T19:08:46Z,2026-05-04 06:12:36
1jYD-PPWLns,UgwPJtnwHPyhptCP4794AaABAg,@marizamc5937,💜💜💜💜💜💜💜💜💜💜💜💜💜💜💜💜💜💜💜💜💜,2026-04-17T22:53:50Z,0,Gobierno de Tampico,TAMPICO 🔥 CALOR EXTREMO ¡CUIDADO! 😱,Ramses vidente,2026-04-17T19:08:46Z,2026-05-04 06:12:36
1jYD-PPWLns,UgyuXToT3P8MtPk0nEh4AaABAg,@rosariorodriguez-dj1kf,😮😮😮😮😮 Bendiciones Chamoy 💜💜💜💜💜💜,2026-04-17T22:18:09Z,0,Gobierno de Tampico,TAMPICO 🔥 CALOR EXTREMO ¡CUIDADO! 😱,Ramses vidente,2026-04-17T19:08:46Z,2026-05-04 06:12:36
1jYD-PPWLns,UgwlFdor5C8fSI1xJiF4AaABAg,@yerensanchez6522,Hola Ramsés saludos desde Hidalgo NL familia chamoy presente 💜💜💜,2026-04-17T20:09:39Z,0,Gobierno de Tampico,TAMPICO 🔥 CALOR EXTREMO ¡CUIDADO! 😱,Ramses vidente,2026-04-17T19:08:46Z,2026-05-04 06:12:36
1jYD-PPWLns,UgyQwglxzFBOPEvIA6x4AaABAg,@amorcontreras7390,💜 buenas tardes RAMSÉS gracias bendecido día saluditos 💜🙏💜🙏💜,2026-04-17T19:49:55Z,0,Gobierno de Tampico,TAMPICO 🔥 CALOR EXTREMO ¡CUIDADO! 😱,Ramses vidente,2026-04-17T19:08:46Z,2026-05-04 06:12:36
1jYD-PPWLns,UgyYYahwiQGYB-VHOVJ4AaABAg,@MariaguadalupeGarciasotelo,BUENAS TARDES RAMSES EXCELENTE FIN DE SEMANA DIOS BENDIGA TU DIA TU CAMINO Y TU VIDA FAM CHAMOY PRESENTE CON RAMSES,2026-04-17T19:17:35Z,1,Gobierno de Tampico,TAMPICO 🔥 CALOR EXTREMO ¡CUIDADO! 😱,Ramses vidente,2026-04-17T19:08:46Z,2026-05-04 06:12:36
Jc1pfMGJUEk,Ugyva2uQh3kW212H4WN4AaABAg,@elheraldodemexico,"💰⚖ Con estos decomisos millonarios, ¿crees que quitarle bienes al crimen organizado realmente ayuda a debilitarlo o se necesitan otras estrategias? 🤔",2026-04-14T20:23:56Z,6,Gobierno de Tampico,¡El narco se queda sin recursos! Confiscan más de 4 mil millones al crimen organizado en México,El Heraldo de México,2026-04-14T02:55:16Z,2026-05-04 06:12:36
Jc1pfMGJUEk,Ugy7mnjlD5qefokLInh4AaABAg,@Bionicokura,"Que igual hagan con el gobierno , que los dejen solo con lo básico e indispensable , pk todo se lo roban o desvían en sus obras que no dejan nada , como el chaifa y el tren maya , puro desvío",2026-04-29T17:34:45Z,0,Gobierno de Tampico,¡El narco se queda sin recursos! Confiscan más de 4 mil millones al crimen organizado en México,El Heraldo de México,2026-04-14T02:55:16Z,2026-05-04 06:12:36
Jc1pfMGJUEk,UgzHW9YABq1yo0lLV7h4AaABAg,@MsMariaCisneros,Como si los delincuentes son los socios más grandes de los políticos de todos los niveles..o más bien son sus jefes,2026-04-23T01:13:43Z,0,Gobierno de Tampico,¡El narco se queda sin recursos! Confiscan más de 4 mil millones al crimen organizado en México,El Heraldo de México,2026-04-14T02:55:16Z,2026-05-04 06:12:36
Jc1pfMGJUEk,Ugzngj7qHksRr9g3N7V4AaABAg,@patriciavillanueva1358,Pasa de mano en mano lo que confiscaron.  Ya que todo se queda con los gobernantes. Asi que de nada sirve. Es lo mismo.,2026-04-19T18:51:34Z,0,Gobierno de Tampico,¡El narco se queda sin recursos! Confiscan más de 4 mil millones al crimen organizado en México,El Heraldo de México,2026-04-14T02:55:16Z,2026-05-04 06:12:36
Jc1pfMGJUEk,UgyhgrihT2BT7PNu4l14AaABAg,@oscarbritos6351,VAMOS 4T 🎉🎉🎉,2026-04-19T14:28:30Z,0,Gobierno de Tampico,¡El narco se queda sin recursos! Confiscan más de 4 mil millones al crimen organizado en México,El Heraldo de México,2026-04-14T02:55:16Z,2026-05-04 06:12:36
Jc1pfMGJUEk,Ugy8VMxvi68skAvvsSx4AaABAg,@jhonnyblossom3034,Se lo quedan los politicos,2026-04-18T22:16:51Z,1,Gobierno de Tampico,¡El narco se queda sin recursos! Confiscan más de 4 mil millones al crimen organizado en México,El Heraldo de México,2026-04-14T02:55:16Z,2026-05-04 06:12:36
Jc1pfMGJUEk,UgwSSHx4pjqWx8kLG6h4AaABAg,@sergiocastillo476,DEBEN DE CONGELAR LAS CUENTAS Y JUNTAR LAS ADUANAS DE MEXICO Y EU PARA QUE NO ENTREN ARMAS PARA ESTOS CRIMINALES Y SE BENEFICIEN LOS POLITICOS MEXICANOS,2026-04-18T00:35:55Z,0,Gobierno de Tampico,¡El narco se queda sin recursos! Confiscan más de 4 mil millones al crimen organizado en México,El Heraldo de México,2026-04-14T02:55:16Z,2026-05-04 06:12:36
Jc1pfMGJUEk,Ugw8UtRirQZCatfGJdN4AaABAg,@Ramsés-i5g,Será que cumplirán al 100% con esto?????,2026-04-18T00:08:51Z,0,Gobierno de Tampico,¡El narco se queda sin recursos! Confiscan más de 4 mil millones al crimen organizado en México,El Heraldo de México,2026-04-14T02:55:16Z,2026-05-04 06:12:36
Jc1pfMGJUEk,Ugy1t-Lkp_o0KDr6MfB4AaABAg,@adolfo.izzaguirre,"El Gobierno se lo quita a los Narcos; pero se lo quedan ellos. No es justicia y el país no se benficia, sólo cambia de dueños el dinero. De DELINCUENTE a DELINCUENTE. 🤝",2026-04-17T20:09:25Z,0,Gobierno de Tampico,¡El narco se queda sin recursos! Confiscan más de 4 mil millones al crimen organizado en México,El Heraldo de México,2026-04-14T02:55:16Z,2026-05-04 06:12:36
Jc1pfMGJUEk,UgwLMjRz9uVMEwU_cNJ4AaABAg,@BrunoDias-i3p,Eso dice pero cuántas personas inocentes habrán perdido su casa,2026-04-17T18:49:31Z,0,Gobierno de Tampico,¡El narco se queda sin recursos! Confiscan más de 4 mil millones al crimen organizado en México,El Heraldo de México,2026-04-14T02:55:16Z,2026-05-04 06:12:36
Jc1pfMGJUEk,Ugx9Qb8IHUBUQh_8dQ94AaABAg,@Josesito980,¿Y qué le hacen a todo ese dinero?,2026-04-17T17:26:33Z,0,Gobierno de Tampico,¡El narco se queda sin recursos! Confiscan más de 4 mil millones al crimen organizado en México,El Heraldo de México,2026-04-14T02:55:16Z,2026-05-04 06:12:36
Jc1pfMGJUEk,Ugz8c_A9hQIvnLxQWk54AaABAg,@rafaelcamilo2197,Esta al mal el gobierno el honors ataca y ellos se van contra el pueblo lo mejor es matarlos matarlos,2026-04-17T13:07:00Z,0,Gobierno de Tampico,¡El narco se queda sin recursos! Confiscan más de 4 mil millones al crimen organizado en México,El Heraldo de México,2026-04-14T02:55:16Z,2026-05-04 06:12:36
Jc1pfMGJUEk,UgxP6zTyKroo2nunZkR4AaABAg,@eduardovillalon7496,O sea que morena se queda sin patrimonio o cómo? 🤔,2026-04-17T12:25:49Z,0,Gobierno de Tampico,¡El narco se queda sin recursos! Confiscan más de 4 mil millones al crimen organizado en México,El Heraldo de México,2026-04-14T02:55:16Z,2026-05-04 06:12:36
Jc1pfMGJUEk,UgzjkxlSAQaF8Q8Jv3B4AaABAg,@javier1960100,SIGUE RICARDO SALINAS PLIEGO Y ALITO MORENO Y MEKO CORTEZ,2026-04-17T08:15:43Z,0,Gobierno de Tampico,¡El narco se queda sin recursos! Confiscan más de 4 mil millones al crimen organizado en México,El Heraldo de México,2026-04-14T02:55:16Z,2026-05-04 06:12:36
Jc1pfMGJUEk,Ugy8IW9m0nxBM63rLyd4AaABAg,@paisa55979,Menos mal que ya no esta en la suprema corte la corrupta narcoprianista  NORMA PIÑA  si no? Ya le hubiera Regresado el Dinero a sus cuates los criminales,2026-04-17T05:13:09Z,1,Gobierno de Tampico,¡El narco se queda sin recursos! Confiscan más de 4 mil millones al crimen organizado en México,El Heraldo de México,2026-04-14T02:55:16Z,2026-05-04 06:12:36
Jc1pfMGJUEk,UgygBhJh8nEpGA9T_Nh4AaABAg,@luis-e3u5c,Jajajaja,2026-04-17T04:17:58Z,0,Gobierno de Tampico,¡El narco se queda sin recursos! Confiscan más de 4 mil millones al crimen organizado en México,El Heraldo de México,2026-04-14T02:55:16Z,2026-05-04 06:12:36
Jc1pfMGJUEk,UgyENk5_qwl-ww88u194AaABAg,@HectorDiaz-rx6wq,Solo cambia el nombre en la cuenta… nuevos millonarios.,2026-04-17T03:02:46Z,0,Gobierno de Tampico,¡El narco se queda sin recursos! Confiscan más de 4 mil millones al crimen organizado en México,El Heraldo de México,2026-04-14T02:55:16Z,2026-05-04 06:12:36
Jc1pfMGJUEk,UgyKC3V9sCNYTM5cFWx4AaABAg,@blancalandazuri2128,Eso no lo creo!! Porqué? Por qué son socios!! 🤷‍♀️🤷‍♀️🤷‍♀️,2026-04-17T02:32:47Z,0,Gobierno de Tampico,¡El narco se queda sin recursos! Confiscan más de 4 mil millones al crimen organizado en México,El Heraldo de México,2026-04-14T02:55:16Z,2026-05-04 06:12:36
Jc1pfMGJUEk,UgybiX6uzOMoFJlfwE54AaABAg,@PedroBetancourt-r6t1g,Ya tienen más dinero para los juniors de morena 😊,2026-04-17T02:17:41Z,0,Gobierno de Tampico,¡El narco se queda sin recursos! Confiscan más de 4 mil millones al crimen organizado en México,El Heraldo de México,2026-04-14T02:55:16Z,2026-05-04 06:12:36
Jc1pfMGJUEk,UgyQjxwyMg7U3iJlUvZ4AaABAg,@adrianag7275,"Ahora si se estan poniendo a trabajar y NO COMO ANTES que ahí seguro estaban coludidos los Narco gobiernos del PRIAN y quue seguro estos inmuebles sin duda son todavía algunas propiedades de esos ladrones, PRIANISTAS.",2026-04-17T01:55:10Z,0,Gobierno de Tampico,¡El narco se queda sin recursos! Confiscan más de 4 mil millones al crimen organizado en México,El Heraldo de México,2026-04-14T02:55:16Z,2026-05-04 06:12:36
Jc1pfMGJUEk,UgzSzEJbCBtwDkCbA9J4AaABAg,@kokeman3557,Inguen su m2dr3 lacras HDP,2026-04-17T01:00:18Z,0,Gobierno de Tampico,¡El narco se queda sin recursos! Confiscan más de 4 mil millones al crimen organizado en México,El Heraldo de México,2026-04-14T02:55:16Z,2026-05-04 06:12:36
Jc1pfMGJUEk,Ugyuyqu670NMdfnGVFp4AaABAg,@heramamtz7913,": p .., la CI3A de E3U .., u.U lo que importa ES la mente de las personas que acepten las reglas y leyes que imponen otros que no saben que existen .., u.u pu3tos .., Atte., Dios el todo poderoso .., !!",2026-04-17T00:49:28Z,0,Gobierno de Tampico,¡El narco se queda sin recursos! Confiscan más de 4 mil millones al crimen organizado en México,El Heraldo de México,2026-04-14T02:55:16Z,2026-05-04 06:12:36
Jc1pfMGJUEk,Ugyq08ccOvkChAhuy214AaABAg,@carlosalbertmartinez2555,Patan agusto A rentar cuarto,2026-04-16T23:59:43Z,0,Gobierno de Tampico,¡El narco se queda sin recursos! Confiscan más de 4 mil millones al crimen organizado en México,El Heraldo de México,2026-04-14T02:55:16Z,2026-05-04 06:12:36
Jc1pfMGJUEk,Ugy4lBjVAeXNQU1H3ih4AaABAg,@glbaynes1464,Desde que empezaron con narcobloqueos y a pedir piso … se hecharon el pueblo encima,2026-04-16T23:46:51Z,2,Gobierno de Tampico,¡El narco se queda sin recursos! Confiscan más de 4 mil millones al crimen organizado en México,El Heraldo de México,2026-04-14T02:55:16Z,2026-05-04 06:12:36
Jc1pfMGJUEk,UgznZVyc_DstD0ZR3JF4AaABAg,@PemexXD,"entre todos los carteles, es como quitarle un baso de agua a una alberca olímpica",2026-04-16T22:49:54Z,2,Gobierno de Tampico,¡El narco se queda sin recursos! Confiscan más de 4 mil millones al crimen organizado en México,El Heraldo de México,2026-04-14T02:55:16Z,2026-05-04 06:12:36
Jc1pfMGJUEk,UgwyImIXpQTf5gSUym14AaABAg,@noelia1779,El crimen organizado nunca se queda sin dinero.<br>Ellos nos siguen cobrando cuota a los mexicanos. En un corto tiempo se recuperan.<br>El gobierno debe detenerlos.<br>Quitarles un dinero no sirve,2026-04-16T22:33:28Z,2,Gobierno de Tampico,¡El narco se queda sin recursos! Confiscan más de 4 mil millones al crimen organizado en México,El Heraldo de México,2026-04-14T02:55:16Z,2026-05-04 06:12:36
Jc1pfMGJUEk,UgyVjZol6RsNti7nlgx4AaABAg,@karlosruiz3292,Dicen eso para tranquilizar a la gente? O sera verdad,2026-04-16T22:16:13Z,0,Gobierno de Tampico,¡El narco se queda sin recursos! Confiscan más de 4 mil millones al crimen organizado en México,El Heraldo de México,2026-04-14T02:55:16Z,2026-05-04 06:12:36
Jc1pfMGJUEk,Ugwim60u8KNgHgzFhAt4AaABAg,@bashkim7430,"puta, pues no sé a quién prefiero que los tenga jaja",2026-04-16T21:57:35Z,0,Gobierno de Tampico,¡El narco se queda sin recursos! Confiscan más de 4 mil millones al crimen organizado en México,El Heraldo de México,2026-04-14T02:55:16Z,2026-05-04 06:12:36
Jc1pfMGJUEk,UgzxE5B9lZ2kAppo93h4AaABAg,@escar8892,"Noooo les creo nada!. Donde queda todo ese dinero?. Quitado a particulares por extorsiones, secuestros y trabajo forzados.... o sea venga tu reino....corruptos corruptos. Tanro peca el que mata la.vaca como el que le detiene la.pata....la.fiscalia es otro ratero",2026-04-16T21:47:55Z,0,Gobierno de Tampico,¡El narco se queda sin recursos! Confiscan más de 4 mil millones al crimen organizado en México,El Heraldo de México,2026-04-14T02:55:16Z,2026-05-04 06:12:36
Jc1pfMGJUEk,UgweOeAW9PtMJUHC3i54AaABAg,@gengen3994,Con el pan y pri eso nunca. Pasaba XK está coluidos con los M. P. Y FISCALIA <br><br>DEBEN ATACAR PRIMERO EL DINERO FINANCIEROS <br>2 LOS LABARATORIOS Y EMPRESAS DONDE LABAN DINERO <br><br>3 ARMAMENTO DE u.s.a. y china<br>2,2026-04-16T20:26:23Z,0,Gobierno de Tampico,¡El narco se queda sin recursos! Confiscan más de 4 mil millones al crimen organizado en México,El Heraldo de México,2026-04-14T02:55:16Z,2026-05-04 06:12:36
Jc1pfMGJUEk,Ugw0n2DbBh2GT4NzJ1t4AaABAg,@AlbertaHernandez-h6i,"Bienvenida LA LEY Y EL ORDEN, VIVA COMANDANTA SUPREMA D LAS FUERZAS ARMADAS D MÉXICO ❤",2026-04-16T20:23:30Z,1,Gobierno de Tampico,¡El narco se queda sin recursos! Confiscan más de 4 mil millones al crimen organizado en México,El Heraldo de México,2026-04-14T02:55:16Z,2026-05-04 06:12:36
Jc1pfMGJUEk,Ugw7KZesOC4YDJfGNQN4AaABAg,@Lioncoppola,Hay que poner ojo a los jueces y exibirlos si llagan a regresar el dinero a las lacras!!!,2026-04-16T19:42:24Z,2,Gobierno de Tampico,¡El narco se queda sin recursos! Confiscan más de 4 mil millones al crimen organizado en México,El Heraldo de México,2026-04-14T02:55:16Z,2026-05-04 06:12:36
Jc1pfMGJUEk,Ugx5gqpJZk3IZkkb2Tp4AaABAg,@AideGuevara-x9v6k,"A toda madre, lo k no te da  quita lo.",2026-04-16T19:07:29Z,0,Gobierno de Tampico,¡El narco se queda sin recursos! Confiscan más de 4 mil millones al crimen organizado en México,El Heraldo de México,2026-04-14T02:55:16Z,2026-05-04 06:12:36
Jc1pfMGJUEk,UgyQTe0Vkufs7zN2JDR4AaABAg,@JonhDmTaylor,Para cuándo los políticos 😂,2026-04-16T18:12:42Z,1,Gobierno de Tampico,¡El narco se queda sin recursos! Confiscan más de 4 mil millones al crimen organizado en México,El Heraldo de México,2026-04-14T02:55:16Z,2026-05-04 06:12:36
Jc1pfMGJUEk,UgweU-zlMg0-o6vi5ep4AaABAg,@marcelavargasperez287,Esa es la unico que los puede detener❤,2026-04-16T17:49:07Z,0,Gobierno de Tampico,¡El narco se queda sin recursos! Confiscan más de 4 mil millones al crimen organizado en México,El Heraldo de México,2026-04-14T02:55:16Z,2026-05-04 06:12:36
Jc1pfMGJUEk,UgyJTpj7Itmo2osYaAF4AaABAg,@thecutecorner2385,"Esto es lo que debieron haber hecho desde hace 15 años, Calderón, Peña y AMLO nunca fueron por el dinero, siempre agarraba la pequeños capos. El problema es el dinero",2026-04-16T17:48:13Z,0,Gobierno de Tampico,¡El narco se queda sin recursos! Confiscan más de 4 mil millones al crimen organizado en México,El Heraldo de México,2026-04-14T02:55:16Z,2026-05-04 06:12:36
Jc1pfMGJUEk,UgxI31mYCgp0pXtQ-zp4AaABAg,@azucenacruzaldana6942,Lo malo es que se los queda el gobierno... ojalá se le diera al país,2026-04-16T17:07:47Z,2,Gobierno de Tampico,¡El narco se queda sin recursos! Confiscan más de 4 mil millones al crimen organizado en México,El Heraldo de México,2026-04-14T02:55:16Z,2026-05-04 06:12:36
Jc1pfMGJUEk,UgzOhZL-XKJxwHQ0cJJ4AaABAg,@LogistikosInmobiliaria,Guadalajara está llena de casas con autos sin placas ahí van a encontrar mucho dinero.,2026-04-16T16:29:49Z,9,Gobierno de Tampico,¡El narco se queda sin recursos! Confiscan más de 4 mil millones al crimen organizado en México,El Heraldo de México,2026-04-14T02:55:16Z,2026-05-04 06:12:36
Jc1pfMGJUEk,UgyjYIp6cJhncVLePpV4AaABAg,@CarmenMuñoz-i1l,Y a los políticos que tienen propiedades y grandes cuentas en el banco cuando???,2026-04-16T16:04:29Z,17,Gobierno de Tampico,¡El narco se queda sin recursos! Confiscan más de 4 mil millones al crimen organizado en México,El Heraldo de México,2026-04-14T02:55:16Z,2026-05-04 06:12:36
Jc1pfMGJUEk,UgwCMMsWdE6pEaO_MN54AaABAg,@hecrg3284,"Ni el CO se salva de las garras ambiciosas de morena, verdad presidenta con A??? 😂😂😂 Se aplaudiera si solo fuera al CO, pero estos satrapas morenistas arrasan parejo hasta con el pueblo!!!",2026-04-16T14:34:59Z,0,Gobierno de Tampico,¡El narco se queda sin recursos! Confiscan más de 4 mil millones al crimen organizado en México,El Heraldo de México,2026-04-14T02:55:16Z,2026-05-04 06:12:36
Jc1pfMGJUEk,UgwZ5HPloeQLrxEd0Fd4AaABAg,@Bluebellswirll,4 millones no es nada,2026-04-16T13:48:47Z,0,Gobierno de Tampico,¡El narco se queda sin recursos! Confiscan más de 4 mil millones al crimen organizado en México,El Heraldo de México,2026-04-14T02:55:16Z,2026-05-04 06:12:36
Jc1pfMGJUEk,UgxLbzsrSjHrpEVFZ2B4AaABAg,@TheJimmy365,Exponer nombre y apellido de los jueces....y imagen...es  necesario...?????? ...disculpen me olvidaba es 🇲🇽mex....😅😅😅😅😅😅😅😅😅,2026-04-16T13:19:28Z,0,Gobierno de Tampico,¡El narco se queda sin recursos! Confiscan más de 4 mil millones al crimen organizado en México,El Heraldo de México,2026-04-14T02:55:16Z,2026-05-04 06:12:36
Jc1pfMGJUEk,Ugyb-wW9IcPUJ2Tqh8h4AaABAg,@jorgepreciado6984,El narco recibe solo de EEUU unos $ 4 000 000 000.00 M.N. a la semana,2026-04-16T13:08:19Z,2,Gobierno de Tampico,¡El narco se queda sin recursos! Confiscan más de 4 mil millones al crimen organizado en México,El Heraldo de México,2026-04-14T02:55:16Z,2026-05-04 06:12:36
Jc1pfMGJUEk,Ugwy3JPy37S2L5NepPZ4AaABAg,@cronoscronos4781,"Su unoca debilidad es quitarle las armas que les da los gobierno  del norte, para tener pretexto de invadir...<br><br>Las armas empoderan a los criminales...<br><br>El dinero ya es algo que ya no saben que hacer con el, solo ellos quieren armas, vicios, y trafico...<br><br>Mas que comprar algo los arrebatan...<br><br>Tienen tabto que ya no saben como lavarlo...",2026-04-16T13:07:27Z,0,Gobierno de Tampico,¡El narco se queda sin recursos! Confiscan más de 4 mil millones al crimen organizado en México,El Heraldo de México,2026-04-14T02:55:16Z,2026-05-04 06:12:36
Jc1pfMGJUEk,UgwGTvxisJLDxhcP5A54AaABAg,@angeldelaluzsantiago993,y a los politicos corruptos no les decomisan nada o que pex,2026-04-16T12:49:30Z,6,Gobierno de Tampico,¡El narco se queda sin recursos! Confiscan más de 4 mil millones al crimen organizado en México,El Heraldo de México,2026-04-14T02:55:16Z,2026-05-04 06:12:36
Jc1pfMGJUEk,UgwiAx0ob177fj-_zip4AaABAg,@eduardolomeli8824,El pueblo lo paga la maña cobra  más  extorsiones  e impuestos  están en total poder de todas las presidencias  municipales I estatales todo  mexico,2026-04-16T11:33:56Z,0,Gobierno de Tampico,¡El narco se queda sin recursos! Confiscan más de 4 mil millones al crimen organizado en México,El Heraldo de México,2026-04-14T02:55:16Z,2026-05-04 06:12:36
Jc1pfMGJUEk,UgxSUyTCnxxAijWRZWV4AaABAg,@jesuszuniga-t9l,"Voy a ir a poner mi denuncia en FGR ,de banco del bajio antes banco Union(Carlos Cabal Peniche) haber si ahora si me quieren atender o me siguen atacando !<br>Pues historicamente los notarios 3n la colonia san Angel Trabajan para estos grupos criminales.<br>Son familiares de o conocidos de los Sanchez Cordero Davila.<br>Estos robos nos provocaron pobreza de forma generacional y en este 2026 los de la alcadia Alvaro Obregon y Morena querian seguir robando y ejecutar un fideicomiso .<br>Ese fideicomiso fue creado para ir liquidando la propiedad de mi abuela a sus vecinos que invadieron el predio .actualmente lo convirtieron en: kinder de paga <br>Kinder publico<br>Casa de particular ligada a  antiguo cartel (jalisco o sinaloa) casa de particular.<br><br>Zuñiga 2026",2026-04-16T10:10:43Z,6,Gobierno de Tampico,¡El narco se queda sin recursos! Confiscan más de 4 mil millones al crimen organizado en México,El Heraldo de México,2026-04-14T02:55:16Z,2026-05-04 06:12:36
Jc1pfMGJUEk,UgzU4d9KzIsF3iCTWVJ4AaABAg,@RoberAlonso-u6b,Excelente con ese dinero pueden comprar medicinas  para el sector salud  o......<br>Será que los políticos se lo van a robar,2026-04-16T05:51:28Z,2,Gobierno de Tampico,¡El narco se queda sin recursos! Confiscan más de 4 mil millones al crimen organizado en México,El Heraldo de México,2026-04-14T02:55:16Z,2026-05-04 06:12:36
Jc1pfMGJUEk,UgyeBgl01JUMVmhY0Wp4AaABAg,@EstebangGa,Se va poner peor el asunto Eso lo van a recuperar aumentando las extorciones,2026-04-16T02:59:09Z,0,Gobierno de Tampico,¡El narco se queda sin recursos! Confiscan más de 4 mil millones al crimen organizado en México,El Heraldo de México,2026-04-14T02:55:16Z,2026-05-04 06:12:36
Jc1pfMGJUEk,UgzYkl_T9YxdFqOr-k94AaABAg,@JavierAvila-o2g,MÉXICO ES TIERRA D LOBOS NO DE OBEJAS PENDEJAS,2026-04-16T02:48:39Z,1,Gobierno de Tampico,¡El narco se queda sin recursos! Confiscan más de 4 mil millones al crimen organizado en México,El Heraldo de México,2026-04-14T02:55:16Z,2026-05-04 06:12:36
Jc1pfMGJUEk,UgzVOcv2143CQPbFef94AaABAg,@JavierAvila-o2g,SI FUERA ORGANIZADA NO PERDERÍAN NADA NI LOS CAPTURAR IAN PERO NO ES ASÍ HASEN PENDEJADAS Y LOS PENDEJOS Y PENDEJAS NO DURAN,2026-04-16T02:47:40Z,1,Gobierno de Tampico,¡El narco se queda sin recursos! Confiscan más de 4 mil millones al crimen organizado en México,El Heraldo de México,2026-04-14T02:55:16Z,2026-05-04 06:12:36
Jc1pfMGJUEk,UgxY99A17Q3gjnulY-54AaABAg,@JavierAvila-o2g,QUE NO ES CRIMEN ORGANIZADO ES CRIMEN DESORGANIZADO X QUE HASEN PURAS PENDEJADAS Y ESTA DESORGANIZADO X PURO PENDENOTEEE,2026-04-16T02:45:38Z,1,Gobierno de Tampico,¡El narco se queda sin recursos! Confiscan más de 4 mil millones al crimen organizado en México,El Heraldo de México,2026-04-14T02:55:16Z,2026-05-04 06:12:36
Jc1pfMGJUEk,Ugx7tWXNds0F58fY9pV4AaABAg,@manuelherrera1828,Informen que van hacer con el dinero es más importante,2026-04-16T02:29:34Z,0,Gobierno de Tampico,¡El narco se queda sin recursos! Confiscan más de 4 mil millones al crimen organizado en México,El Heraldo de México,2026-04-14T02:55:16Z,2026-05-04 06:12:36
Jc1pfMGJUEk,Ugw9TE6IRXN1gR1OKGp4AaABAg,@hugomarban364,Ese dinero lo vuelven a reponer o hasta duplicar se saben todo tipo de mañas para hacerlo.,2026-04-15T23:49:30Z,3,Gobierno de Tampico,¡El narco se queda sin recursos! Confiscan más de 4 mil millones al crimen organizado en México,El Heraldo de México,2026-04-14T02:55:16Z,2026-05-04 06:12:36
Jc1pfMGJUEk,Ugydq2MK2txL8-TeoaN4AaABAg,@djleonyleon,pero esos bienes se los quitan a otra pobre gente,2026-04-15T22:41:50Z,3,Gobierno de Tampico,¡El narco se queda sin recursos! Confiscan más de 4 mil millones al crimen organizado en México,El Heraldo de México,2026-04-14T02:55:16Z,2026-05-04 06:12:36
Jc1pfMGJUEk,Ugye8P42snzsCkwxbwd4AaABAg,@elclonazepam_7,"Los debilita, pero mientras disparos unidos siga lavando el dinero sucio de esas lacras es un ciclo sin fin",2026-04-15T22:31:59Z,0,Gobierno de Tampico,¡El narco se queda sin recursos! Confiscan más de 4 mil millones al crimen organizado en México,El Heraldo de México,2026-04-14T02:55:16Z,2026-05-04 06:12:36
Jc1pfMGJUEk,Ugyag5Nh1oRDPqZAMzp4AaABAg,@ÁngelArmandoLópez,Los únicos enojados por este echó son los narcosprianistas y narcoschayoteros terroristas vende patria besa hvs anaranjados,2026-04-15T22:10:53Z,0,Gobierno de Tampico,¡El narco se queda sin recursos! Confiscan más de 4 mil millones al crimen organizado en México,El Heraldo de México,2026-04-14T02:55:16Z,2026-05-04 06:12:36
Jc1pfMGJUEk,Ugy7fTbm4140SIyFRC94AaABAg,@GuillermoTorres-mz9vi,La 4T les está dando en la mad**,2026-04-15T21:23:20Z,0,Gobierno de Tampico,¡El narco se queda sin recursos! Confiscan más de 4 mil millones al crimen organizado en México,El Heraldo de México,2026-04-14T02:55:16Z,2026-05-04 06:12:36
Jc1pfMGJUEk,UgwAEMMZ5s-Yh3T073N4AaABAg,@myrna1284,CUIDADO CON LOS OBRADOR!!!! NO VAYA A DESAPARECER LOS MILLONES CONFISCADOS,2026-04-15T19:15:13Z,1,Gobierno de Tampico,¡El narco se queda sin recursos! Confiscan más de 4 mil millones al crimen organizado en México,El Heraldo de México,2026-04-14T02:55:16Z,2026-05-04 06:12:36
Jc1pfMGJUEk,Ugz2A7z4sim4_GweKoJ4AaABAg,@elisagutierrez9024,"❤❤❤❤❤❤❤❤❤❤  Eso es lo mejor que pudieron ,haber hacho mexicanos,  y tambien tienen que hacer leyes duras ,pena de muerte a quien secuestre a un individuo, pena de muerte a un narcotraficantes  y pena de muerte a narcoterroristas  , y pena de muerte a los políticos  corruptos,  y no vendan terrenos  ni casas  a los extranjeros  ni a los estadounidenses  , he dicho ❤❤❤❤",2026-04-15T19:01:09Z,6,Gobierno de Tampico,¡El narco se queda sin recursos! Confiscan más de 4 mil millones al crimen organizado en México,El Heraldo de México,2026-04-14T02:55:16Z,2026-05-04 06:12:36
Jc1pfMGJUEk,UgyUOr4EnYKqBcriNvB4AaABAg,@aronarellano6394,"Ahora entiendo x q lloraba, gritaba pataleaba el narco alito, hijo dl prian, le iban ha congelar su narcolana$$$$$$.......",2026-04-15T18:32:35Z,0,Gobierno de Tampico,¡El narco se queda sin recursos! Confiscan más de 4 mil millones al crimen organizado en México,El Heraldo de México,2026-04-14T02:55:16Z,2026-05-04 06:12:36
Jc1pfMGJUEk,Ugy4Dnj4yGi-EHOwogZ4AaABAg,@josealvaradosilva4084,Y los políticos también entran en el juego,2026-04-15T17:49:25Z,31,Gobierno de Tampico,¡El narco se queda sin recursos! Confiscan más de 4 mil millones al crimen organizado en México,El Heraldo de México,2026-04-14T02:55:16Z,2026-05-04 06:12:36
Jc1pfMGJUEk,UgwmAODo94_UH8rDmi54AaABAg,@miguelramos-z7w,V=V=0.,2026-04-15T17:05:13Z,0,Gobierno de Tampico,¡El narco se queda sin recursos! Confiscan más de 4 mil millones al crimen organizado en México,El Heraldo de México,2026-04-14T02:55:16Z,2026-05-04 06:12:36
Jc1pfMGJUEk,UgzH3i3ky7QASOGOROB4AaABAg,@miguelramos-z7w,El crimen organizado es el mismo gobierno.,2026-04-15T17:04:34Z,18,Gobierno de Tampico,¡El narco se queda sin recursos! Confiscan más de 4 mil millones al crimen organizado en México,El Heraldo de México,2026-04-14T02:55:16Z,2026-05-04 06:12:36
Jc1pfMGJUEk,Ugxg1slt2GRJvCABryJ4AaABAg,@gabrielaballesteros-m2m,Cualquier huachicolero tiene 4 mil millones...,2026-04-15T16:06:42Z,5,Gobierno de Tampico,¡El narco se queda sin recursos! Confiscan más de 4 mil millones al crimen organizado en México,El Heraldo de México,2026-04-14T02:55:16Z,2026-05-04 06:12:36
Jc1pfMGJUEk,Ugz6yNguZGfN3V4YVi14AaABAg,@nochistlense1983,🎉🎉🎉🎉 exelente gracias a Dios,2026-04-15T15:57:24Z,0,Gobierno de Tampico,¡El narco se queda sin recursos! Confiscan más de 4 mil millones al crimen organizado en México,El Heraldo de México,2026-04-14T02:55:16Z,2026-05-04 06:12:36
Jc1pfMGJUEk,UgwlIBw-WBSVNppNYG54AaABAg,@453erd,tambien los de los polititcos que no esten en su decalracion patrimonial,2026-04-15T15:41:09Z,0,Gobierno de Tampico,¡El narco se queda sin recursos! Confiscan más de 4 mil millones al crimen organizado en México,El Heraldo de México,2026-04-14T02:55:16Z,2026-05-04 06:12:36
Jc1pfMGJUEk,Ugz2iL5-fQGtA_ECy-F4AaABAg,@453erd,y que pasa con esos bienes? quien se queda ese dinero?,2026-04-15T15:37:57Z,10,Gobierno de Tampico,¡El narco se queda sin recursos! Confiscan más de 4 mil millones al crimen organizado en México,El Heraldo de México,2026-04-14T02:55:16Z,2026-05-04 06:12:36
Jc1pfMGJUEk,Ugxant5IBV-wMqY6NmR4AaABAg,@miguela.cuevas6629,Esto es gracias a Trump no se confundan,2026-04-15T15:19:00Z,2,Gobierno de Tampico,¡El narco se queda sin recursos! Confiscan más de 4 mil millones al crimen organizado en México,El Heraldo de México,2026-04-14T02:55:16Z,2026-05-04 06:12:36
Jc1pfMGJUEk,UgxkMUD54R5EfKNkJNl4AaABAg,@RobertValenciaPIrob,Ese dinero a mis bolsillos no vuelve al menos que meta mas tiempo extra en .mi trabajo,2026-04-15T14:33:55Z,2,Gobierno de Tampico,¡El narco se queda sin recursos! Confiscan más de 4 mil millones al crimen organizado en México,El Heraldo de México,2026-04-14T02:55:16Z,2026-05-04 06:12:36
Jc1pfMGJUEk,UgysBLYhW_SIQOIlkMp4AaABAg,@brisaprimavera,Y todo eso a dónde va?? Seguro a otros corruptos.,2026-04-15T14:08:26Z,11,Gobierno de Tampico,¡El narco se queda sin recursos! Confiscan más de 4 mil millones al crimen organizado en México,El Heraldo de México,2026-04-14T02:55:16Z,2026-05-04 06:12:36
Jc1pfMGJUEk,Ugwb5v49nXaK8gVbhf94AaABAg,@tomkubin8870,Muy poco éxito este cantidad de vivenda   ilícitos tenemos en la ciudad de Mérida Yucatán en una cuadra,2026-04-15T13:48:23Z,3,Gobierno de Tampico,¡El narco se queda sin recursos! Confiscan más de 4 mil millones al crimen organizado en México,El Heraldo de México,2026-04-14T02:55:16Z,2026-05-04 06:12:36
Jc1pfMGJUEk,UgxmzeVI6hs0Ixvs1y94AaABAg,@signalcx11,Ahora pasa a manos de Morena !,2026-04-15T12:55:27Z,1,Gobierno de Tampico,¡El narco se queda sin recursos! Confiscan más de 4 mil millones al crimen organizado en México,El Heraldo de México,2026-04-14T02:55:16Z,2026-05-04 06:12:36
Jc1pfMGJUEk,UgwbAbe7Z97yS96Ajtp4AaABAg,@AndreaMedina-e1s,"Y espero que les sigan quitando todo a los NARCOS SICARIOS delincuentes funcionarios corruptos, que bien 👍 ADELANTE 👍",2026-04-15T12:37:35Z,9,Gobierno de Tampico,¡El narco se queda sin recursos! Confiscan más de 4 mil millones al crimen organizado en México,El Heraldo de México,2026-04-14T02:55:16Z,2026-05-04 06:12:36
Jc1pfMGJUEk,UgxarK1i3_UYZMD3h6R4AaABAg,@kovoz7918,"Felicidad es no se detengan sin piedad, porque ellos son cínicos ladrones para despojar a la gente decente sin importarles dejarlos en la calle‼️",2026-04-15T03:17:30Z,14,Gobierno de Tampico,¡El narco se queda sin recursos! Confiscan más de 4 mil millones al crimen organizado en México,El Heraldo de México,2026-04-14T02:55:16Z,2026-05-04 06:12:36
Jc1pfMGJUEk,UgyLw4yLSHm0c6khiP94AaABAg,@PhosphoRho23scorpiojordanriver,Y cuando van a legalizar más cannabis en agradecimiento?,2026-04-15T02:59:06Z,0,Gobierno de Tampico,¡El narco se queda sin recursos! Confiscan más de 4 mil millones al crimen organizado en México,El Heraldo de México,2026-04-14T02:55:16Z,2026-05-04 06:12:36
Jc1pfMGJUEk,Ugz7ahjoSz9CuMi9PtJ4AaABAg,@SANDRALOPEZ-i1w,"No engañes a la gente, Heraldo. En la confiscación se hace una repartición entre los políticos de mayor rango y otros delincuentes asociados a ellos; o en su caso, lo devuelven por otros canales.<br>La gente es tan pero tan torpe, que todo lo que ve en las noticias, lo cree.",2026-04-15T00:09:09Z,4,Gobierno de Tampico,¡El narco se queda sin recursos! Confiscan más de 4 mil millones al crimen organizado en México,El Heraldo de México,2026-04-14T02:55:16Z,2026-05-04 06:12:36
Jc1pfMGJUEk,UgwZ5BbZuFHUpxr-d894AaABAg,@anarcochakal,🧿,2026-04-14T21:14:45Z,0,Gobierno de Tampico,¡El narco se queda sin recursos! Confiscan más de 4 mil millones al crimen organizado en México,El Heraldo de México,2026-04-14T02:55:16Z,2026-05-04 06:12:36
Jc1pfMGJUEk,Ugy28Efraf8YytOhP3B4AaABAg,@GHOST-uw3qc,wuentood ese dinero lo inviertan en herramientas nuevas para los soldados y marinos patrullas nuevas armamento más equipado aeronaves digo es un buen presupuesto,2026-04-14T20:33:09Z,0,Gobierno de Tampico,¡El narco se queda sin recursos! Confiscan más de 4 mil millones al crimen organizado en México,El Heraldo de México,2026-04-14T02:55:16Z,2026-05-04 06:12:36
Jc1pfMGJUEk,UgyKzN6wEz_3YVkKnVx4AaABAg,@aaronmartinezgarza5693,Y pues también a los políticos no? Le quitan un tambo de agua a una presa,2026-04-14T20:15:13Z,19,Gobierno de Tampico,¡El narco se queda sin recursos! Confiscan más de 4 mil millones al crimen organizado en México,El Heraldo de México,2026-04-14T02:55:16Z,2026-05-04 06:12:36
Jc1pfMGJUEk,Ugz7FXZbizVj0i4jM054AaABAg,@EriolHack,Y que hacen con ese dinero?,2026-04-14T19:11:06Z,8,Gobierno de Tampico,¡El narco se queda sin recursos! Confiscan más de 4 mil millones al crimen organizado en México,El Heraldo de México,2026-04-14T02:55:16Z,2026-05-04 06:12:36
Jc1pfMGJUEk,UgwJY3SfC8Qba0XRu6B4AaABAg,@MauricioMartinez-l9m3y,Y nos chupamos el dedo o como 😂😂😂😂😂😂😂,2026-04-14T18:59:04Z,1,Gobierno de Tampico,¡El narco se queda sin recursos! Confiscan más de 4 mil millones al crimen organizado en México,El Heraldo de México,2026-04-14T02:55:16Z,2026-05-04 06:12:36
Jc1pfMGJUEk,Ugz-hN9hstPYX9eB4Ch4AaABAg,@rosalbaogarrio4823,Apenas rodara por las calles  💰 y los malbados desearan morir y la muerte uira de ellos.,2026-04-14T18:28:07Z,3,Gobierno de Tampico,¡El narco se queda sin recursos! Confiscan más de 4 mil millones al crimen organizado en México,El Heraldo de México,2026-04-14T02:55:16Z,2026-05-04 06:12:36
Jc1pfMGJUEk,Ugy9I_-1R-VuRV7NsPh4AaABAg,@carlosgee,"De ese dinero confiscado deben usarlo para comprar patrullas, armamento y salarios de policías,marinos y soldados. Usarlo para crear lugares de verdadera rehabilitación para personas con problemas de adicciones y también para crear fuentes de trabajo dignas para las prostitutas.",2026-04-14T17:49:30Z,2,Gobierno de Tampico,¡El narco se queda sin recursos! Confiscan más de 4 mil millones al crimen organizado en México,El Heraldo de México,2026-04-14T02:55:16Z,2026-05-04 06:12:36
Jc1pfMGJUEk,UgysLtDk1JwMY-MPxsJ4AaABAg,@alegrisisisimo,Que novedad si hasta a los inocentes les quitan hasta la moto,2026-04-14T16:52:39Z,0,Gobierno de Tampico,¡El narco se queda sin recursos! Confiscan más de 4 mil millones al crimen organizado en México,El Heraldo de México,2026-04-14T02:55:16Z,2026-05-04 06:12:36
Jc1pfMGJUEk,Ugz-nytgKqOg7e92_th4AaABAg,@fjkrdaamnuk5135,Muy bien ....tambien le quitaran  RICARDO SALINAS PLIEGO lo robado ????,2026-04-14T16:41:32Z,1,Gobierno de Tampico,¡El narco se queda sin recursos! Confiscan más de 4 mil millones al crimen organizado en México,El Heraldo de México,2026-04-14T02:55:16Z,2026-05-04 06:12:36
Jc1pfMGJUEk,UgwXBtbDJHrZw4Cmdpl4AaABAg,@brandonpalacios5971,Ya les quitaron todo a los políticos ?,2026-04-14T16:32:54Z,20,Gobierno de Tampico,¡El narco se queda sin recursos! Confiscan más de 4 mil millones al crimen organizado en México,El Heraldo de México,2026-04-14T02:55:16Z,2026-05-04 06:12:36
Jc1pfMGJUEk,Ugy_vy3EmQmkkhYCgFR4AaABAg,@ivan0oze886,El fin del PRIAN,2026-04-14T16:20:12Z,0,Gobierno de Tampico,¡El narco se queda sin recursos! Confiscan más de 4 mil millones al crimen organizado en México,El Heraldo de México,2026-04-14T02:55:16Z,2026-05-04 06:12:36
Jc1pfMGJUEk,Ugy-fdb81d96GIoLpfN4AaABAg,@MiguelVargas-t1f,Y A clínicas LASIk cuando Esos se dedican a  ESTAFAR Operación LASIK AFECTADOS,2026-04-14T16:17:54Z,0,Gobierno de Tampico,¡El narco se queda sin recursos! Confiscan más de 4 mil millones al crimen organizado en México,El Heraldo de México,2026-04-14T02:55:16Z,2026-05-04 06:12:36
Jc1pfMGJUEk,Ugwy3IG5xsL3bY4D8QB4AaABAg,@NoeliaAlsina-il6ky,"Y DE UNXS CORRUPTXS A OTRXS, COMO ES? MAS LA IGNORANCIA FANATISMO INSANIDAD",2026-04-14T16:16:31Z,0,Gobierno de Tampico,¡El narco se queda sin recursos! Confiscan más de 4 mil millones al crimen organizado en México,El Heraldo de México,2026-04-14T02:55:16Z,2026-05-04 06:12:36
Jc1pfMGJUEk,UgxpBJ92xA_eG63kZ1x4AaABAg,@HernánmaTa-t9c,Todas las extorsiones son en efectivo ❤🎉,2026-04-14T16:09:56Z,5,Gobierno de Tampico,¡El narco se queda sin recursos! Confiscan más de 4 mil millones al crimen organizado en México,El Heraldo de México,2026-04-14T02:55:16Z,2026-05-04 06:12:36
Jc1pfMGJUEk,Ugy_xRTW-vGtyt8s4oR4AaABAg,@miguelangelponceaguilar1712,😂😂😂😂 y eso que dicen los del prian y periodistas chayoteros que morena es narco gobierno 😂,2026-04-14T15:44:24Z,0,Gobierno de Tampico,¡El narco se queda sin recursos! Confiscan más de 4 mil millones al crimen organizado en México,El Heraldo de México,2026-04-14T02:55:16Z,2026-05-04 06:12:36
Jc1pfMGJUEk,UgwaP5ztjfrmONVaoSp4AaABAg,@ShingoSAP,"Ahi es donde deben de atacar, es donde más les duele ☝",2026-04-14T15:43:15Z,15,Gobierno de Tampico,¡El narco se queda sin recursos! Confiscan más de 4 mil millones al crimen organizado en México,El Heraldo de México,2026-04-14T02:55:16Z,2026-05-04 06:12:36
Jc1pfMGJUEk,UgywG5RS_C080Yd6ToV4AaABAg,@hilariocervantes7565,CHIUAHUA AL FIN PANISTA,2026-04-14T15:37:02Z,0,Gobierno de Tampico,¡El narco se queda sin recursos! Confiscan más de 4 mil millones al crimen organizado en México,El Heraldo de México,2026-04-14T02:55:16Z,2026-05-04 06:12:36
Jc1pfMGJUEk,UgxsDoeRX-2qKX8hBel4AaABAg,@Pongajito.,"El PAN, EL pan naranja  y el PRI está bien atacados y los que están en MORENA que están de lacras también.",2026-04-14T15:16:49Z,2,Gobierno de Tampico,¡El narco se queda sin recursos! Confiscan más de 4 mil millones al crimen organizado en México,El Heraldo de México,2026-04-14T02:55:16Z,2026-05-04 06:12:36
Jc1pfMGJUEk,UgyloAaxyznLfliSbPl4AaABAg,@hugojaeger2912,Esto intensificará el cobro de piso 😨,2026-04-14T15:16:18Z,5,Gobierno de Tampico,¡El narco se queda sin recursos! Confiscan más de 4 mil millones al crimen organizado en México,El Heraldo de México,2026-04-14T02:55:16Z,2026-05-04 06:12:36
Jc1pfMGJUEk,UgyNZ8_vIZnpt-ZiwZ94AaABAg,@israelcorreagonzalez4614,K RARO K NO ESTE JALISCO OH CULIACAN,2026-04-14T14:58:30Z,0,Gobierno de Tampico,¡El narco se queda sin recursos! Confiscan más de 4 mil millones al crimen organizado en México,El Heraldo de México,2026-04-14T02:55:16Z,2026-05-04 06:12:36
Jc1pfMGJUEk,UgzKxIHJk4ttLl9sYPp4AaABAg,@cesarlechugacruz8652,"Y si han hecho eso ¿porque aun no usan ese dinero para reparar el daño ocasionado a las familias, ciudadanía, pueblos y ciudades por sus actos delictivos o para equipar mejor a policías y ejército o usarlo en materia económica? De qué sirve confiscar ese dinero sino lo usan a beneficio de la población que en términos legales es dueña en su mayoría de ese dinero",2026-04-14T14:29:49Z,0,Gobierno de Tampico,¡El narco se queda sin recursos! Confiscan más de 4 mil millones al crimen organizado en México,El Heraldo de México,2026-04-14T02:55:16Z,2026-05-04 06:12:36
Jc1pfMGJUEk,UgzXeqE-BeZL_-sHCuN4AaABAg,@BenjaminDominguez-x3z,Duro contra los priandejos 😂,2026-04-14T14:19:48Z,1,Gobierno de Tampico,¡El narco se queda sin recursos! Confiscan más de 4 mil millones al crimen organizado en México,El Heraldo de México,2026-04-14T02:55:16Z,2026-05-04 06:12:36
Jc1pfMGJUEk,UgyamN270okLTHDk6Kp4AaABAg,@hi2dwf924,En donde más les duele a los lacras. El bolsillo,2026-04-14T14:02:02Z,69,Gobierno de Tampico,¡El narco se queda sin recursos! Confiscan más de 4 mil millones al crimen organizado en México,El Heraldo de México,2026-04-14T02:55:16Z,2026-05-04 06:12:36
Jc1pfMGJUEk,UgwobofF2o-lcwk5JLp4AaABAg,@ArmandoRendonRivera,Solo eres un pobre ardido.,2026-04-14T13:59:11Z,0,Gobierno de Tampico,¡El narco se queda sin recursos! Confiscan más de 4 mil millones al crimen organizado en México,El Heraldo de México,2026-04-14T02:55:16Z,2026-05-04 06:12:36
Jc1pfMGJUEk,UgybPS4Tr9fW22N05lJ4AaABAg,@isidoroarmandomartinezflor902,y a Los politicos tambien?,2026-04-14T13:55:41Z,28,Gobierno de Tampico,¡El narco se queda sin recursos! Confiscan más de 4 mil millones al crimen organizado en México,El Heraldo de México,2026-04-14T02:55:16Z,2026-05-04 06:12:36
Jc1pfMGJUEk,Ugx_J-GQ568beElL-rZ4AaABAg,@eliseogonzalezortega5018,"La ley debe de aplicarse parejo y con más peso a todos los políticos corruptos que son todos por qué no hay político honesto y deben de investigar a todos los préstanombres por qué son cómplices, hay que reformar las leyes, también deben de tabularse los cargos públicos principalmente diputados, senadores, jueces etc",2026-04-14T13:53:21Z,13,Gobierno de Tampico,¡El narco se queda sin recursos! Confiscan más de 4 mil millones al crimen organizado en México,El Heraldo de México,2026-04-14T02:55:16Z,2026-05-04 06:12:36
Jc1pfMGJUEk,UgxsQX00by2UR90SgI54AaABAg,@quetzalcoatl4lif315,El cartel de primor,2026-04-14T13:46:54Z,2,Gobierno de Tampico,¡El narco se queda sin recursos! Confiscan más de 4 mil millones al crimen organizado en México,El Heraldo de México,2026-04-14T02:55:16Z,2026-05-04 06:12:36
Jc1pfMGJUEk,UgwP0kcPwTQ88W3I_5d4AaABAg,@VictorOjeda-cj7ur,Ojalá no pase como en los tiempos cuándo confiscaron al Chino.,2026-04-14T12:21:19Z,0,Gobierno de Tampico,¡El narco se queda sin recursos! Confiscan más de 4 mil millones al crimen organizado en México,El Heraldo de México,2026-04-14T02:55:16Z,2026-05-04 06:12:36
Jc1pfMGJUEk,UgyIPDbvGmBQSOWJq0J4AaABAg,@LordmasterGDL,😂PARA QUE LO DISFRUTEN LOS LOPEZ BELTRAN😂 Y TODA LA PERRADA DE MORENARCOS😂,2026-04-14T12:16:51Z,7,Gobierno de Tampico,¡El narco se queda sin recursos! Confiscan más de 4 mil millones al crimen organizado en México,El Heraldo de México,2026-04-14T02:55:16Z,2026-05-04 06:12:36
Jc1pfMGJUEk,Ugznc1ARNZwmYqAy-td4AaABAg,@pedrocabreragarcia7855,Osea que morena se quedó sin patrimonio?,2026-04-14T12:16:45Z,3,Gobierno de Tampico,¡El narco se queda sin recursos! Confiscan más de 4 mil millones al crimen organizado en México,El Heraldo de México,2026-04-14T02:55:16Z,2026-05-04 06:12:36
Jc1pfMGJUEk,UgzdT2rOHMq7C1iORst4AaABAg,@adriansoto8409,Duro contra la delincuencia!,2026-04-14T11:11:07Z,41,Gobierno de Tampico,¡El narco se queda sin recursos! Confiscan más de 4 mil millones al crimen organizado en México,El Heraldo de México,2026-04-14T02:55:16Z,2026-05-04 06:12:36
Jc1pfMGJUEk,Ugwis4GegQm3BWTtsCx4AaABAg,@Rodrigo_Da_Costa-fy3iv,"Y para cuando los bienes de los López Béltransa y todos los políticos de morena?, lo único que generan es que el CO se diversifique y se haga más insistente el acos0 a MiPymes mediante la extorsi0n, los miembros del CO intentarán moverse al dinero en efectivo, presta nombres, invasión de predios (sí, ya lo hacen, pero lo harán con mayor ahínco) y un sin fin de delitos que van en contra de la sociedad civil, común y corriente, pero en fin, hay que seguir disfrutando lo votado.",2026-04-14T08:38:13Z,6,Gobierno de Tampico,¡El narco se queda sin recursos! Confiscan más de 4 mil millones al crimen organizado en México,El Heraldo de México,2026-04-14T02:55:16Z,2026-05-04 06:12:36
Jc1pfMGJUEk,Ugyebi32co8NBcLhBhZ4AaABAg,@Gilberto-fo3dl,Eso es nomas. Pero falta lo de alito yricardo anaya😊😊😊,2026-04-14T05:46:30Z,13,Gobierno de Tampico,¡El narco se queda sin recursos! Confiscan más de 4 mil millones al crimen organizado en México,El Heraldo de México,2026-04-14T02:55:16Z,2026-05-04 06:12:36
X10HeiB_b3g,UgzM-WlLzMSIZtS8RKh4AaABAg,@consultores.asociados,No dejan escuchar bien con esa música a mayor volumen,2026-04-29T15:28:14Z,0,Gobierno de Tampico,CASINOS: RAPEROS Y ABOGADOS DE LA NARCO-TRANSFORMACIÓN | REPORTAJE,La Saga,2026-04-15T04:30:14Z,2026-05-04 06:12:36
X10HeiB_b3g,UgwpAlaHaEg9Y-sMK854AaABAg,@josemariobarronramirez2966,Estaba,2026-04-25T23:22:34Z,0,Gobierno de Tampico,CASINOS: RAPEROS Y ABOGADOS DE LA NARCO-TRANSFORMACIÓN | REPORTAJE,La Saga,2026-04-15T04:30:14Z,2026-05-04 06:12:36
X10HeiB_b3g,UgzB9fqEcbCNBzy--M14AaABAg,@davidmganew,Bien por las autoridades estadounidenses. Haciendo su trabajo como siempre,2026-04-24T19:35:55Z,0,Gobierno de Tampico,CASINOS: RAPEROS Y ABOGADOS DE LA NARCO-TRANSFORMACIÓN | REPORTAJE,La Saga,2026-04-15T04:30:14Z,2026-05-04 06:12:36
X10HeiB_b3g,UgyL6YPfP2sU-5-bDFN4AaABAg,@jonalbertsony1045,Viva México lleno de 🩸 con 💩,2026-04-21T20:09:25Z,0,Gobierno de Tampico,CASINOS: RAPEROS Y ABOGADOS DE LA NARCO-TRANSFORMACIÓN | REPORTAJE,La Saga,2026-04-15T04:30:14Z,2026-05-04 06:12:36
X10HeiB_b3g,Ugxhwt9v8WkJhuLPN4N4AaABAg,@jonalbertsony1045,Viva México lleno de 🩸 con 💩,2026-04-21T20:04:37Z,0,Gobierno de Tampico,CASINOS: RAPEROS Y ABOGADOS DE LA NARCO-TRANSFORMACIÓN | REPORTAJE,La Saga,2026-04-15T04:30:14Z,2026-05-04 06:12:36
X10HeiB_b3g,Ugy8nwlcD_2HfRpfB7h4AaABAg,@alexcr76,Ocultan desaparecidos<br>Callan a madres opositoras<br>Regañan a los que se manifiestan <br>Tienen fotos con abogados del co<br>Tapan descarrilamientos de trenes<br>Tapan Huachicol<br>Tapan derrames de petroleo<br>Recomiendan comer frijoles<br>Recomiendan no usar luz<br>Usan medicinas piratas para el cancer<br>Se asolean las patas en el palacio<br>Trajeron crisis a los hospitales<br>Tienen la corte del acordeon<br>Usan enbajadas como estancias a costa del erario <br>Espian los telefonos<br>Recomiendan usar gasolina verde<br><br>Claudia es una vil hiena con A,2026-04-20T14:41:09Z,0,Gobierno de Tampico,CASINOS: RAPEROS Y ABOGADOS DE LA NARCO-TRANSFORMACIÓN | REPORTAJE,La Saga,2026-04-15T04:30:14Z,2026-05-04 06:12:36
X10HeiB_b3g,UgyMxtll9tddyO9DOcZ4AaABAg,@IngSaulo,Ahora todo tiene sentido cuando TRUMP dijo que Mexico era gobernado por carteles.,2026-04-20T07:49:28Z,0,Gobierno de Tampico,CASINOS: RAPEROS Y ABOGADOS DE LA NARCO-TRANSFORMACIÓN | REPORTAJE,La Saga,2026-04-15T04:30:14Z,2026-05-04 06:12:36
X10HeiB_b3g,UgxJWMgFjJDnljiaVol4AaABAg,@eliasvazquez77,Allí están las fotos chairos idiotizados q más quieren? Babosos creídos de morenarcos,2026-04-19T19:03:58Z,0,Gobierno de Tampico,CASINOS: RAPEROS Y ABOGADOS DE LA NARCO-TRANSFORMACIÓN | REPORTAJE,La Saga,2026-04-15T04:30:14Z,2026-05-04 06:12:36
X10HeiB_b3g,UgwDJGcE4_Bb9GbcULp4AaABAg,@gabrielagtz3628,ESTA PRESIDENTITO SIEMPRE SALE CON ESO... NO LO CONOZCO!!!<br>TODO  ESTO YA ES NORMAL EN ESTE GOBIERNO NEFASTO!!!,2026-04-19T14:04:41Z,0,Gobierno de Tampico,CASINOS: RAPEROS Y ABOGADOS DE LA NARCO-TRANSFORMACIÓN | REPORTAJE,La Saga,2026-04-15T04:30:14Z,2026-05-04 06:12:36
X10HeiB_b3g,UgyqYInHziLP04ZbJaV4AaABAg,@TRIUNFA_EL_DIABLO,Habrá impunidad. Los presidentes de México siempre han pendejeado a los de otros países.,2026-04-18T21:53:46Z,1,Gobierno de Tampico,CASINOS: RAPEROS Y ABOGADOS DE LA NARCO-TRANSFORMACIÓN | REPORTAJE,La Saga,2026-04-15T04:30:14Z,2026-05-04 06:12:36
X10HeiB_b3g,Ugxxy-qlCQ17NgMn5FF4AaABAg,@edgarvaldez5556,LENGUAJE JURÍDICO CANTIENFLEADO A MODO,2026-04-18T14:54:56Z,0,Gobierno de Tampico,CASINOS: RAPEROS Y ABOGADOS DE LA NARCO-TRANSFORMACIÓN | REPORTAJE,La Saga,2026-04-15T04:30:14Z,2026-05-04 06:12:36
X10HeiB_b3g,Ugxbv1y3gtA0b8c9lu14AaABAg,@perromal.agradecido,Como les gusta la cisaña a éstos medíos.  La presidenta en sus recorridos no va a andar preguntando a que sé dedican... saludar a alguién no significa que sepa a que sé dedican,2026-04-18T13:33:57Z,0,Gobierno de Tampico,CASINOS: RAPEROS Y ABOGADOS DE LA NARCO-TRANSFORMACIÓN | REPORTAJE,La Saga,2026-04-15T04:30:14Z,2026-05-04 06:12:36
X10HeiB_b3g,Ugzk0cJOrhCClvIJqnV4AaABAg,@enriquemariscal5713,Si doña patas de araña fuera pinocho la Nariz ya le llegara hasta el Oxxo.,2026-04-17T15:57:29Z,0,Gobierno de Tampico,CASINOS: RAPEROS Y ABOGADOS DE LA NARCO-TRANSFORMACIÓN | REPORTAJE,La Saga,2026-04-15T04:30:14Z,2026-05-04 06:12:36
X10HeiB_b3g,UgyVeZScPSY20V9UrLt4AaABAg,@Ferofero8,🤡🤡🤡🤡 &quot; QUÉ PENILLA&quot; Por el senado !,2026-04-17T09:34:25Z,0,Gobierno de Tampico,CASINOS: RAPEROS Y ABOGADOS DE LA NARCO-TRANSFORMACIÓN | REPORTAJE,La Saga,2026-04-15T04:30:14Z,2026-05-04 06:12:36
X10HeiB_b3g,UgyWQzlJtlbMEV2fwYB4AaABAg,@Ferofero8,🤡🤡🤡🤡 Dato : Si te toman DOS MIL FITOGRAFÍAS vas a requerir como DIESISEIS HORAS para posar ! 🤓🤓🤓,2026-04-17T09:32:33Z,0,Gobierno de Tampico,CASINOS: RAPEROS Y ABOGADOS DE LA NARCO-TRANSFORMACIÓN | REPORTAJE,La Saga,2026-04-15T04:30:14Z,2026-05-04 06:12:36
X10HeiB_b3g,UgwLsGZC19mt9nlBT1x4AaABAg,@RobertoOchoaCardenas,"Así de podrido el gobierno de México ,",2026-04-16T20:12:32Z,0,Gobierno de Tampico,CASINOS: RAPEROS Y ABOGADOS DE LA NARCO-TRANSFORMACIÓN | REPORTAJE,La Saga,2026-04-15T04:30:14Z,2026-05-04 06:12:36
X10HeiB_b3g,UgwE4c79wLP3snW4aDJ4AaABAg,@arturoivansanchez2083,Stfu focus on your president trump first,2026-04-16T15:46:59Z,0,Gobierno de Tampico,CASINOS: RAPEROS Y ABOGADOS DE LA NARCO-TRANSFORMACIÓN | REPORTAJE,La Saga,2026-04-15T04:30:14Z,2026-05-04 06:12:36
X10HeiB_b3g,UgwPmvPb3yi7W4RsU0Z4AaABAg,@ricardocornelio3246,😂😂😂😂😂😂,2026-04-16T15:01:30Z,0,Gobierno de Tampico,CASINOS: RAPEROS Y ABOGADOS DE LA NARCO-TRANSFORMACIÓN | REPORTAJE,La Saga,2026-04-15T04:30:14Z,2026-05-04 06:12:36
X10HeiB_b3g,UgwyYDFAqULoQFFO_GN4AaABAg,@clintonhood1193,Ya da flojera ver tantas noticias de impunidad y estarse quemando el hígado. Hasta cuando vamos abrir los ojosn,2026-04-16T14:00:09Z,0,Gobierno de Tampico,CASINOS: RAPEROS Y ABOGADOS DE LA NARCO-TRANSFORMACIÓN | REPORTAJE,La Saga,2026-04-15T04:30:14Z,2026-05-04 06:12:36
X10HeiB_b3g,UgyRfVkPN9Ay9ZQyiQF4AaABAg,@adalbertoflores2341,Lo dijo el presidente Donald Trump. En México 🇲🇽. Los carteles gobiernan !,2026-04-16T10:25:43Z,0,Gobierno de Tampico,CASINOS: RAPEROS Y ABOGADOS DE LA NARCO-TRANSFORMACIÓN | REPORTAJE,La Saga,2026-04-15T04:30:14Z,2026-05-04 06:12:36
X10HeiB_b3g,Ugz2G7N1oXPuh7HQH9V4AaABAg,@EutiquioChávez-t7x,😂😂😂😂😂😂 lo bueno que en el prian avían puros santos 😂😂😂😂 ? Y García luna,2026-04-16T10:06:55Z,0,Gobierno de Tampico,CASINOS: RAPEROS Y ABOGADOS DE LA NARCO-TRANSFORMACIÓN | REPORTAJE,La Saga,2026-04-15T04:30:14Z,2026-05-04 06:12:36
X10HeiB_b3g,UgxTX-_3m165oIoOMGB4AaABAg,@Moonlightadict,"Si, fijate que se me ha fotografiado con gente cerca a mí,  que muchas vec3s no conozco. Es muy factible y más siendo ella quien es. No estoy diciendo si o no, tiene vínculos. Solo que si es verdad que   unas fotos no constituyen evidencia de vínculos. <br>Sobre los abogados, la ley garantiza una defensa a todo sujeto acusado.  Por eso, si bien, que los defiendan como es su trabajo.  Pero una cosa es defender criminales y otra completamente es ayudar con la administración ni mucho menos liderar sus organizaciones o lavando dinero.  Si este señor hizo todo esto que se le acusa, ya no es protegido por la ley como defensor.  Ahí ya es cómplice y debe ser sujeto a los mismos procesos penales.",2026-04-16T08:18:24Z,0,Gobierno de Tampico,CASINOS: RAPEROS Y ABOGADOS DE LA NARCO-TRANSFORMACIÓN | REPORTAJE,La Saga,2026-04-15T04:30:14Z,2026-05-04 06:12:36
X10HeiB_b3g,UgyQ3kREuiyomSGFEON4AaABAg,@yull646,Claudia sheinbaund y Harfuch son A C SINOS de Carlos Manso.  No voten por Harfuch por favor.,2026-04-16T07:50:59Z,0,Gobierno de Tampico,CASINOS: RAPEROS Y ABOGADOS DE LA NARCO-TRANSFORMACIÓN | REPORTAJE,La Saga,2026-04-15T04:30:14Z,2026-05-04 06:12:36
X10HeiB_b3g,Ugw4yQwfUpxCHkUKf6x4AaABAg,@maickcentral3m-k1t,Jajaja mentira alguien normal no puede acercarse a la presidenta de esa manera. Jajaja . lo que me sorprende es el pueblo que no ve lo que es visible. Cómo puede alguien mentir como si fuera normal. Pero lo peor es que creen que las mentiras le ganan a la verdad 😂,2026-04-16T06:58:12Z,0,Gobierno de Tampico,CASINOS: RAPEROS Y ABOGADOS DE LA NARCO-TRANSFORMACIÓN | REPORTAJE,La Saga,2026-04-15T04:30:14Z,2026-05-04 06:12:36
X10HeiB_b3g,Ugwz9AdKCZHYwwXveuR4AaABAg,@JavierMireles-c6y,Y segun no lo conoce esta señora falsa,2026-04-16T06:14:31Z,0,Gobierno de Tampico,CASINOS: RAPEROS Y ABOGADOS DE LA NARCO-TRANSFORMACIÓN | REPORTAJE,La Saga,2026-04-15T04:30:14Z,2026-05-04 06:12:36
X10HeiB_b3g,UgzMIJL65Jeev8hnNK14AaABAg,@vb-xb9ot,Mándelo s los mas contactos que tengan<br>...,2026-04-16T05:39:18Z,0,Gobierno de Tampico,CASINOS: RAPEROS Y ABOGADOS DE LA NARCO-TRANSFORMACIÓN | REPORTAJE,La Saga,2026-04-15T04:30:14Z,2026-05-04 06:12:36
X10HeiB_b3g,UgwnUwSttSeHds3xpUl4AaABAg,@GilFonseca-d5m,Free maka,2026-04-16T05:36:53Z,0,Gobierno de Tampico,CASINOS: RAPEROS Y ABOGADOS DE LA NARCO-TRANSFORMACIÓN | REPORTAJE,La Saga,2026-04-15T04:30:14Z,2026-05-04 06:12:36
X10HeiB_b3g,UgwgoPmBO4tdu3_wxBN4AaABAg,@MsNeither,"Así que Anabel, esa que la estúpida de Sheinbaum dice que inventa, fantasea y nunca le atina, tenía razón, ¿verdad?",2026-04-16T05:14:01Z,0,Gobierno de Tampico,CASINOS: RAPEROS Y ABOGADOS DE LA NARCO-TRANSFORMACIÓN | REPORTAJE,La Saga,2026-04-15T04:30:14Z,2026-05-04 06:12:36
X10HeiB_b3g,UgyFojCwmrSyDn7G1JV4AaABAg,@FelipeGarcia-b9w3e,Tiene un chingo de dinero y no se puede poner otra dentadura esa parece de burro de la sirvienta de palasio,2026-04-16T04:57:29Z,1,Gobierno de Tampico,CASINOS: RAPEROS Y ABOGADOS DE LA NARCO-TRANSFORMACIÓN | REPORTAJE,La Saga,2026-04-15T04:30:14Z,2026-05-04 06:12:36
X10HeiB_b3g,UgwhRiYaKnG2__Za82t4AaABAg,@mariomontanez7527,"Por kno agarran parejo &amp; son mas neutros si todos los partidos &amp; politikos roban &amp; matan igual &amp; todos han jalado para la maña xk solo con el actual si todos deven, sera por no compartio lo k roba con uds ?",2026-04-16T04:56:44Z,0,Gobierno de Tampico,CASINOS: RAPEROS Y ABOGADOS DE LA NARCO-TRANSFORMACIÓN | REPORTAJE,La Saga,2026-04-15T04:30:14Z,2026-05-04 06:12:36
X10HeiB_b3g,UgwIMDM0osJkzHTAEtJ4AaABAg,@JohnDoeXx1910xX,Les van a meter unos misilazos directos a la casa a cada uno de estos,2026-04-16T04:53:40Z,0,Gobierno de Tampico,CASINOS: RAPEROS Y ABOGADOS DE LA NARCO-TRANSFORMACIÓN | REPORTAJE,La Saga,2026-04-15T04:30:14Z,2026-05-04 06:12:36
X10HeiB_b3g,UgxWtJz1wFa0Uc83DuB4AaABAg,@caav8952,"Ya no saben ni que inventar, pero vamos a LUCHAR PARA CORTAR CON TODOS USTEDES.",2026-04-16T04:48:23Z,0,Gobierno de Tampico,CASINOS: RAPEROS Y ABOGADOS DE LA NARCO-TRANSFORMACIÓN | REPORTAJE,La Saga,2026-04-15T04:30:14Z,2026-05-04 06:12:36
X10HeiB_b3g,UgzPO5v3zxM9gw1Kicd4AaABAg,@guitarrguz5348,Morena es lo peor que le puede estar pasando a el país.,2026-04-16T04:24:51Z,0,Gobierno de Tampico,CASINOS: RAPEROS Y ABOGADOS DE LA NARCO-TRANSFORMACIÓN | REPORTAJE,La Saga,2026-04-15T04:30:14Z,2026-05-04 06:12:36
X10HeiB_b3g,UgzM3Xjxtqlc0VjmT0Z4AaABAg,@MariaE.Pastor,Y le dierón un premio que colmo!!En el partido Narcosatanico de Morena ya nada sorprende,2026-04-16T04:05:00Z,0,Gobierno de Tampico,CASINOS: RAPEROS Y ABOGADOS DE LA NARCO-TRANSFORMACIÓN | REPORTAJE,La Saga,2026-04-15T04:30:14Z,2026-05-04 06:12:36
X10HeiB_b3g,UgwozBSFQ279hHWoV7l4AaABAg,@AbrahamMaríndelcampo,😂😂😂😂 que pta vergüenza 😳🙈🙉como mexicano 😢😢🤷🏻‍♂️,2026-04-16T02:46:15Z,0,Gobierno de Tampico,CASINOS: RAPEROS Y ABOGADOS DE LA NARCO-TRANSFORMACIÓN | REPORTAJE,La Saga,2026-04-15T04:30:14Z,2026-05-04 06:12:36
X10HeiB_b3g,UgzRYQ1x5b7PWf4425h4AaABAg,@gregoriohernandezhernandez8733,MÁS CLARO NI EL AGUA MORENA ES UN NARCOGOBIERNO,2026-04-16T02:42:27Z,0,Gobierno de Tampico,CASINOS: RAPEROS Y ABOGADOS DE LA NARCO-TRANSFORMACIÓN | REPORTAJE,La Saga,2026-04-15T04:30:14Z,2026-05-04 06:12:36
X10HeiB_b3g,Ugw4YWmmIdWLsTH8TvZ4AaABAg,@diegoalejandrodapg,El kikinverso,2026-04-16T01:59:26Z,0,Gobierno de Tampico,CASINOS: RAPEROS Y ABOGADOS DE LA NARCO-TRANSFORMACIÓN | REPORTAJE,La Saga,2026-04-15T04:30:14Z,2026-05-04 06:12:36
X10HeiB_b3g,UgxuUagm0H5Ufa3XiJ14AaABAg,@sacalejugoatuinternet4593,Todo apunta al huachicol fiscal,2026-04-16T01:49:28Z,0,Gobierno de Tampico,CASINOS: RAPEROS Y ABOGADOS DE LA NARCO-TRANSFORMACIÓN | REPORTAJE,La Saga,2026-04-15T04:30:14Z,2026-05-04 06:12:36
X10HeiB_b3g,UgwcMNQzJXiidLtkDjx4AaABAg,@teresarodriguez4902,"No pues cuando uno piensa que ya vio lo peor, siempre existe algo que lo supera, y estas son nuestras autoridades😮",2026-04-16T00:14:10Z,1,Gobierno de Tampico,CASINOS: RAPEROS Y ABOGADOS DE LA NARCO-TRANSFORMACIÓN | REPORTAJE,La Saga,2026-04-15T04:30:14Z,2026-05-04 06:12:36
X10HeiB_b3g,UgzX_26S7z8UWVEOg794AaABAg,@AnaLeticiaOrtiz-y3w,Cómo se atreve a decir que no lo conoce!? Es ridículo!,2026-04-15T23:50:44Z,1,Gobierno de Tampico,CASINOS: RAPEROS Y ABOGADOS DE LA NARCO-TRANSFORMACIÓN | REPORTAJE,La Saga,2026-04-15T04:30:14Z,2026-05-04 06:12:36
X10HeiB_b3g,UgyomCI6iQbHMcOeuTt4AaABAg,@humbertomedina5142,Los únicos sendejos que siguen creyendo son los miserables que reciben los programas sociales,2026-04-15T23:30:02Z,0,Gobierno de Tampico,CASINOS: RAPEROS Y ABOGADOS DE LA NARCO-TRANSFORMACIÓN | REPORTAJE,La Saga,2026-04-15T04:30:14Z,2026-05-04 06:12:36
X10HeiB_b3g,UgzbqoHBVPrYxSsVjHd4AaABAg,@leonor6056,Hasta las chanclas!!,2026-04-15T23:04:33Z,0,Gobierno de Tampico,CASINOS: RAPEROS Y ABOGADOS DE LA NARCO-TRANSFORMACIÓN | REPORTAJE,La Saga,2026-04-15T04:30:14Z,2026-05-04 06:12:36
X10HeiB_b3g,UgybIlItWI91cg_2xh94AaABAg,@rosemcruz4386,Creo Que son a  Los primero Que no deben de defender” Por Que a Los narc y no a Los otros si todos son criminales”! Oh”<br>no”les llaman asi <br>La ley” ?  Son asta Descarados!!! esos abogados es por que<br>Tienen dinero got it. lol. 😆 😂,2026-04-15T22:46:23Z,0,Gobierno de Tampico,CASINOS: RAPEROS Y ABOGADOS DE LA NARCO-TRANSFORMACIÓN | REPORTAJE,La Saga,2026-04-15T04:30:14Z,2026-05-04 06:12:36
X10HeiB_b3g,UgyGHKxAiUYKPTCUrIp4AaABAg,@ppuente2191,La guerrillera compa de PETRO( presidente de colombia) solo se siente sonriente junto a esas finas personas 😊Pero al pueblo que le paga impuestos los regaña y desdeña😡😠😡😠😡😠,2026-04-15T22:38:15Z,0,Gobierno de Tampico,CASINOS: RAPEROS Y ABOGADOS DE LA NARCO-TRANSFORMACIÓN | REPORTAJE,La Saga,2026-04-15T04:30:14Z,2026-05-04 06:12:36
X10HeiB_b3g,UgwX0JpvzhViS4Yblsx4AaABAg,@albertofernandez3586,Mira señito para tanto tú y cabezota de algodón saben bien de dónde viene la mayoría del dinero desde que iniciaron como morena debemos recordar así que no le hagas ala loca,2026-04-15T22:21:01Z,0,Gobierno de Tampico,CASINOS: RAPEROS Y ABOGADOS DE LA NARCO-TRANSFORMACIÓN | REPORTAJE,La Saga,2026-04-15T04:30:14Z,2026-05-04 06:12:36
X10HeiB_b3g,UgxMscuANxoU_94XU7Z4AaABAg,@arturohernandeztapia7931,Gobierno 🐀 🐀 🐀 🐀 del cuatrote. Morena es la destrucción de México y de los Mexicanos. Morena fue creado por el mal nacido de Andres Manuel Lopez Obrador. RATA 🐀 🐀 🐀 🐀 🐀 🐀 🐀 RATOTOTOTA,2026-04-15T22:07:10Z,0,Gobierno de Tampico,CASINOS: RAPEROS Y ABOGADOS DE LA NARCO-TRANSFORMACIÓN | REPORTAJE,La Saga,2026-04-15T04:30:14Z,2026-05-04 06:12:36
X10HeiB_b3g,UgyH1Ap_pUVCInBHcYB4AaABAg,@jibransantiago1289,"Por eso hagan lo que quieran, total.",2026-04-15T22:04:43Z,0,Gobierno de Tampico,CASINOS: RAPEROS Y ABOGADOS DE LA NARCO-TRANSFORMACIÓN | REPORTAJE,La Saga,2026-04-15T04:30:14Z,2026-05-04 06:12:36
X10HeiB_b3g,UgwlAuuKycaWCr9kCE14AaABAg,@AdalbertoMartinez-ys1yq,MORENA urge purificar el partido sino vamos a valer chochos caiga quien caiga urgentemente 🤬🤬🤬🤬🤬,2026-04-15T21:58:55Z,0,Gobierno de Tampico,CASINOS: RAPEROS Y ABOGADOS DE LA NARCO-TRANSFORMACIÓN | REPORTAJE,La Saga,2026-04-15T04:30:14Z,2026-05-04 06:12:36
X10HeiB_b3g,UgymgwnhpfLqy78KSPF4AaABAg,@roomierom5902,Le dice Claudia 😱 como la mamá del chapo... Le hablaba de tu a López Obrador 🤣😂🤣😂 de locos estos miserables cínicos.,2026-04-15T21:57:03Z,0,Gobierno de Tampico,CASINOS: RAPEROS Y ABOGADOS DE LA NARCO-TRANSFORMACIÓN | REPORTAJE,La Saga,2026-04-15T04:30:14Z,2026-05-04 06:12:36
X10HeiB_b3g,UgyBBMVLlITc_Bu5CRZ4AaABAg,@roomierom5902,Es que estos miserables también como López Obrador le da 🏅 a Díaz Canel.... De verdad que esto es asqueroso morenarcos.,2026-04-15T21:56:16Z,0,Gobierno de Tampico,CASINOS: RAPEROS Y ABOGADOS DE LA NARCO-TRANSFORMACIÓN | REPORTAJE,La Saga,2026-04-15T04:30:14Z,2026-05-04 06:12:36
X10HeiB_b3g,UgzuYp3zizRl16cJ5dl4AaABAg,@roomierom5902,Con la música tan FUERTE no se escucha bien 🙄,2026-04-15T21:55:04Z,0,Gobierno de Tampico,CASINOS: RAPEROS Y ABOGADOS DE LA NARCO-TRANSFORMACIÓN | REPORTAJE,La Saga,2026-04-15T04:30:14Z,2026-05-04 06:12:36
X10HeiB_b3g,UgxU4aa3723tHsyecah4AaABAg,@roomierom5902,Secuestradores no atendemos...... 🙄 Que gusto que tengan algo de moral<br>No tienen madre,2026-04-15T21:53:28Z,0,Gobierno de Tampico,CASINOS: RAPEROS Y ABOGADOS DE LA NARCO-TRANSFORMACIÓN | REPORTAJE,La Saga,2026-04-15T04:30:14Z,2026-05-04 06:12:36
X10HeiB_b3g,UgwqVQ00zklSNse0Odl4AaABAg,@roomierom5902,Y Claudia en la marranera se siente Alicia en el país de las maravillas..... Ridícula 🤡,2026-04-15T21:51:43Z,0,Gobierno de Tampico,CASINOS: RAPEROS Y ABOGADOS DE LA NARCO-TRANSFORMACIÓN | REPORTAJE,La Saga,2026-04-15T04:30:14Z,2026-05-04 06:12:36
X10HeiB_b3g,UgxVYzlCv6pOCHiGAzt4AaABAg,@roomierom5902,Tienen una vorsacidad que dan asco.... Trump 🙏✈️⚖️🇺🇸 llevatelos  todos,2026-04-15T21:50:39Z,0,Gobierno de Tampico,CASINOS: RAPEROS Y ABOGADOS DE LA NARCO-TRANSFORMACIÓN | REPORTAJE,La Saga,2026-04-15T04:30:14Z,2026-05-04 06:12:36
X10HeiB_b3g,Ugz5uVpL_yJIxZVWcH94AaABAg,@rosacalderon7489,Puras finísimas personas! 😮😮😮😮😮,2026-04-15T21:06:16Z,1,Gobierno de Tampico,CASINOS: RAPEROS Y ABOGADOS DE LA NARCO-TRANSFORMACIÓN | REPORTAJE,La Saga,2026-04-15T04:30:14Z,2026-05-04 06:12:36
X10HeiB_b3g,Ugy3UdYirRiYdW1sYrl4AaABAg,@ferchonarv1016,Ya sabemos quién es el.patron de la abuela micha es el ratalito moreno😂,2026-04-15T20:43:35Z,0,Gobierno de Tampico,CASINOS: RAPEROS Y ABOGADOS DE LA NARCO-TRANSFORMACIÓN | REPORTAJE,La Saga,2026-04-15T04:30:14Z,2026-05-04 06:12:36
X10HeiB_b3g,UgzYlF2aBstdoysgSQ14AaABAg,@robertoarevaloramirez6128,Y tampoco conoce al senado la  verdad asombra su cinismo de la presirvienta,2026-04-15T20:04:04Z,1,Gobierno de Tampico,CASINOS: RAPEROS Y ABOGADOS DE LA NARCO-TRANSFORMACIÓN | REPORTAJE,La Saga,2026-04-15T04:30:14Z,2026-05-04 06:12:36
X10HeiB_b3g,UgxUGiWXkT69NgK_xcJ4AaABAg,@irmadelgadotafolla678,Esté gobierno no tiene madre,2026-04-15T19:37:04Z,1,Gobierno de Tampico,CASINOS: RAPEROS Y ABOGADOS DE LA NARCO-TRANSFORMACIÓN | REPORTAJE,La Saga,2026-04-15T04:30:14Z,2026-05-04 06:12:36
X10HeiB_b3g,Ugz1WLSwuu7IOwr-X_F4AaABAg,@no-ce,"Oooorale cuatro mil fotografías, no pues ya ni hablar porque no sabe con quién se fue a revolcar, a no... a fotografíar. ...che empleada del pueblo, urge que se largue. El ruido de fondo no deja oír lo que dicen los personajes",2026-04-15T19:15:39Z,0,Gobierno de Tampico,CASINOS: RAPEROS Y ABOGADOS DE LA NARCO-TRANSFORMACIÓN | REPORTAJE,La Saga,2026-04-15T04:30:14Z,2026-05-04 06:12:36
X10HeiB_b3g,UgwmqKGcyMQbjGR2y6J4AaABAg,@miguelangelromerogarnica9581,Completamente el gobierno de MORENA es el crimen organizado,2026-04-15T18:44:02Z,0,Gobierno de Tampico,CASINOS: RAPEROS Y ABOGADOS DE LA NARCO-TRANSFORMACIÓN | REPORTAJE,La Saga,2026-04-15T04:30:14Z,2026-05-04 06:12:36
X10HeiB_b3g,UgxZPiNvvhfocswN2CR4AaABAg,@AngelCL996,Por qué no ladran nada de aureoles ? Jajajjaja,2026-04-15T18:32:43Z,0,Gobierno de Tampico,CASINOS: RAPEROS Y ABOGADOS DE LA NARCO-TRANSFORMACIÓN | REPORTAJE,La Saga,2026-04-15T04:30:14Z,2026-05-04 06:12:36
X10HeiB_b3g,UgzK2Wip6_dP4PpAvAl4AaABAg,@eduardopadilla2777,Y los recibe también en su casa?en casa de la mamá?imas?🤔,2026-04-15T18:27:47Z,0,Gobierno de Tampico,CASINOS: RAPEROS Y ABOGADOS DE LA NARCO-TRANSFORMACIÓN | REPORTAJE,La Saga,2026-04-15T04:30:14Z,2026-05-04 06:12:36
X10HeiB_b3g,UgxbQ6QIZdjqXYxWu7t4AaABAg,@WoahJustTakeItEasy,Mexico siempre a estado asi jajaja payasos,2026-04-15T18:16:15Z,0,Gobierno de Tampico,CASINOS: RAPEROS Y ABOGADOS DE LA NARCO-TRANSFORMACIÓN | REPORTAJE,La Saga,2026-04-15T04:30:14Z,2026-05-04 06:12:36
X10HeiB_b3g,Ugy9o1wPGS2CkNlMuAJ4AaABAg,@proudcomputersciencebackground,"Lo dijo Xóchitl. Era, es verdad. Hasta lo nombraron en el Senado Embajador Internacional de La Paz. Y qué decir del monote de la Luz del Mundo. Y así la lista es larga.",2026-04-15T18:14:44Z,0,Gobierno de Tampico,CASINOS: RAPEROS Y ABOGADOS DE LA NARCO-TRANSFORMACIÓN | REPORTAJE,La Saga,2026-04-15T04:30:14Z,2026-05-04 06:12:36
X10HeiB_b3g,UgwuLAA9pzYdmLXk-aV4AaABAg,@albertocruz4567,"A pero si fuera Calderón en la foto ya saben lo que diría.<br>&quot;Llegaron al descaro de tomarse fotos con ellos&quot;<br>&quot;Hasta lo premiaron en el senado de la república, acaso no sabían quién era?&quot;<br>&quot;Esta para no creer, como es posible. Etc. Etc&quot;.<br>&quot;Ahora resulta que no lo conocen y se toman fotos y conversan como si se conocieran bastante, acaso su equipo de seguridad no sabía que personaje era?&quot;.<br>Y así etc.etc.",2026-04-15T17:38:06Z,2,Gobierno de Tampico,CASINOS: RAPEROS Y ABOGADOS DE LA NARCO-TRANSFORMACIÓN | REPORTAJE,La Saga,2026-04-15T04:30:14Z,2026-05-04 06:12:36
X10HeiB_b3g,Ugzifbj6BUWR1PJiJP94AaABAg,@JoséEurozaChester-v6c,… y como siempre .. lo hacen Senador o Diputado para que cuente con fuero … amor con amor se paga 👨🏽‍🦳,2026-04-15T17:22:29Z,1,Gobierno de Tampico,CASINOS: RAPEROS Y ABOGADOS DE LA NARCO-TRANSFORMACIÓN | REPORTAJE,La Saga,2026-04-15T04:30:14Z,2026-05-04 06:12:36
X10HeiB_b3g,UgzMFAZrqWbg1bCEhmV4AaABAg,@luishc4056,Bueno la mierd siempre sale a flote ya no se puede ocultar lo que es MORENA y Claudia,2026-04-15T17:02:46Z,4,Gobierno de Tampico,CASINOS: RAPEROS Y ABOGADOS DE LA NARCO-TRANSFORMACIÓN | REPORTAJE,La Saga,2026-04-15T04:30:14Z,2026-05-04 06:12:36
X10HeiB_b3g,UgwIFyt4dsuoqjfI4hh4AaABAg,@hiramespinoza8994,Jajajajajaja siempre hay una foto de criminales con polìticos de Morena. Sieeeeempre.,2026-04-15T16:54:54Z,0,Gobierno de Tampico,CASINOS: RAPEROS Y ABOGADOS DE LA NARCO-TRANSFORMACIÓN | REPORTAJE,La Saga,2026-04-15T04:30:14Z,2026-05-04 06:12:36
X10HeiB_b3g,UgxvJAOtpvG1W9bQADh4AaABAg,@rumbasalgado4214,"No tiene madre el CINISMO de la presidente con &quot;a&quot;, está con él muy sonriente en una foto, y dice que no lo conoce!! <br>Al rato, si le conviene, va a desconocer al maldito lopezobrador!!",2026-04-15T16:48:05Z,0,Gobierno de Tampico,CASINOS: RAPEROS Y ABOGADOS DE LA NARCO-TRANSFORMACIÓN | REPORTAJE,La Saga,2026-04-15T04:30:14Z,2026-05-04 06:12:36
X10HeiB_b3g,Ugy1hDQzxy7qeTQwoGV4AaABAg,@MelchorMartinez-h2g,Es bueno que Trump apriete a Claudia.,2026-04-15T16:33:27Z,0,Gobierno de Tampico,CASINOS: RAPEROS Y ABOGADOS DE LA NARCO-TRANSFORMACIÓN | REPORTAJE,La Saga,2026-04-15T04:30:14Z,2026-05-04 06:12:36
X10HeiB_b3g,UgxlboNClFZE3EgJUp54AaABAg,@abcdef1659,ESA SEÑORA SIEMPRE SE HACE PENDJ,2026-04-15T16:30:07Z,0,Gobierno de Tampico,CASINOS: RAPEROS Y ABOGADOS DE LA NARCO-TRANSFORMACIÓN | REPORTAJE,La Saga,2026-04-15T04:30:14Z,2026-05-04 06:12:36
X10HeiB_b3g,UgwbJBRz6fzEJexmJSN4AaABAg,@steveflowers-d1m,Bájenle a la música de fondo.,2026-04-15T16:25:29Z,0,Gobierno de Tampico,CASINOS: RAPEROS Y ABOGADOS DE LA NARCO-TRANSFORMACIÓN | REPORTAJE,La Saga,2026-04-15T04:30:14Z,2026-05-04 06:12:36
X10HeiB_b3g,UgzqkjSNTL3Q3lApUrN4AaABAg,@nicolasterrones4443,"Y... Cuahutémoc, Joaquín Nazon, el Rey del Carbón, el Lider de la Barredora ..... Le sigo?",2026-04-15T16:22:39Z,2,Gobierno de Tampico,CASINOS: RAPEROS Y ABOGADOS DE LA NARCO-TRANSFORMACIÓN | REPORTAJE,La Saga,2026-04-15T04:30:14Z,2026-05-04 06:12:36
X10HeiB_b3g,Ugzp66WKw66PaU-KsQN4AaABAg,@alfredopellicer2058,😮,2026-04-15T16:21:18Z,1,Gobierno de Tampico,CASINOS: RAPEROS Y ABOGADOS DE LA NARCO-TRANSFORMACIÓN | REPORTAJE,La Saga,2026-04-15T04:30:14Z,2026-05-04 06:12:36
X10HeiB_b3g,UgzAX3vLfFKyQnDtyIp4AaABAg,@jorgecamargo9199,Estados Unidos ya tiene todo sobre Morena primero Irán después Cuba y después del mundial sigue la liberación de México,2026-04-15T16:18:53Z,0,Gobierno de Tampico,CASINOS: RAPEROS Y ABOGADOS DE LA NARCO-TRANSFORMACIÓN | REPORTAJE,La Saga,2026-04-15T04:30:14Z,2026-05-04 06:12:36
X10HeiB_b3g,UgymlJZMo-RcG3DShk94AaABAg,@oscarcalderon8358,😂😂😂😂😂no succionen<br>El que tenga fotos con la presidenta<br>No quiere decir que se iban de fiesta juntos <br>Noo mamen 😂😂😂,2026-04-15T16:10:51Z,0,Gobierno de Tampico,CASINOS: RAPEROS Y ABOGADOS DE LA NARCO-TRANSFORMACIÓN | REPORTAJE,La Saga,2026-04-15T04:30:14Z,2026-05-04 06:12:36
X10HeiB_b3g,UgxDEVqMb6ZhmLdMmc14AaABAg,@oneproduction20,esto es México ante el mundo. Y dejara de ser conocido el día que cambie.... al parecer a nuestro gobierno le interesa que México sea conocido ante el mundo,2026-04-15T16:09:52Z,2,Gobierno de Tampico,CASINOS: RAPEROS Y ABOGADOS DE LA NARCO-TRANSFORMACIÓN | REPORTAJE,La Saga,2026-04-15T04:30:14Z,2026-05-04 06:12:36
X10HeiB_b3g,UgxuuemlvmFsxMkSupt4AaABAg,@RafaelEsquivel-l9r,El peor gobierno del mundo una vasca qué se esperan los mexicanos,2026-04-15T16:03:53Z,0,Gobierno de Tampico,CASINOS: RAPEROS Y ABOGADOS DE LA NARCO-TRANSFORMACIÓN | REPORTAJE,La Saga,2026-04-15T04:30:14Z,2026-05-04 06:12:36
X10HeiB_b3g,UgxWfpw6OoATWphbL8N4AaABAg,@00Montse00,Narcocorridos del bienestar.....,2026-04-15T15:58:32Z,4,Gobierno de Tampico,CASINOS: RAPEROS Y ABOGADOS DE LA NARCO-TRANSFORMACIÓN | REPORTAJE,La Saga,2026-04-15T04:30:14Z,2026-05-04 06:12:36
X10HeiB_b3g,UgyS_GH05nyl9SDUqch4AaABAg,@greldaiselachavezvelez7549,MAS CLARO ???         Nuevo Sistema de Justicia.  ???   De quien ???  🇦🇩🙏.   SOS,2026-04-15T15:56:59Z,4,Gobierno de Tampico,CASINOS: RAPEROS Y ABOGADOS DE LA NARCO-TRANSFORMACIÓN | REPORTAJE,La Saga,2026-04-15T04:30:14Z,2026-05-04 06:12:36
X10HeiB_b3g,UgxeX9St6OgPOKfO5NB4AaABAg,@Eloisa-e4g,Síguelo negando claudia😂😂😂,2026-04-15T15:56:48Z,1,Gobierno de Tampico,CASINOS: RAPEROS Y ABOGADOS DE LA NARCO-TRANSFORMACIÓN | REPORTAJE,La Saga,2026-04-15T04:30:14Z,2026-05-04 06:12:36
X10HeiB_b3g,UgzYUK4lO6mVFe8aRBt4AaABAg,@juditatapvaldes1421,Perooo como es posiible que suceda eso por favor..... Somos unos ridículos México es el asmereir del muundo,2026-04-15T15:54:45Z,0,Gobierno de Tampico,CASINOS: RAPEROS Y ABOGADOS DE LA NARCO-TRANSFORMACIÓN | REPORTAJE,La Saga,2026-04-15T04:30:14Z,2026-05-04 06:12:36
X10HeiB_b3g,Ugz905TrckFPvMf1xNd4AaABAg,@Fredy_duran666,Jajajajaja como trata de ocultar lo que está a la vista de todos 😂 PRESIRVIENTA estúpida y descarada pero pronto su imperio de ratas va a caer y entonces México será como lo era antes .,2026-04-15T15:54:24Z,0,Gobierno de Tampico,CASINOS: RAPEROS Y ABOGADOS DE LA NARCO-TRANSFORMACIÓN | REPORTAJE,La Saga,2026-04-15T04:30:14Z,2026-05-04 06:12:36
X10HeiB_b3g,UgyTIHTuAsrp9LUhc_x4AaABAg,@cinthyaperez6424,"El abogado del &quot;patron&quot; de nuestro Narcogobierno, que verguenza que algunos Ciudadanos Mexicanos sigan votando por estos partidos corruptos y que mantengamos y demos dinero para mantener estos Narcopartidos.",2026-04-15T15:53:05Z,1,Gobierno de Tampico,CASINOS: RAPEROS Y ABOGADOS DE LA NARCO-TRANSFORMACIÓN | REPORTAJE,La Saga,2026-04-15T04:30:14Z,2026-05-04 06:12:36
X10HeiB_b3g,UgyGsaQvipRWpu9qnPZ4AaABAg,@JesúsAlejandroRodríguez-o5g,"Que asco de partido el que ha la mala se ha echo del poder en Mexico NARCOMORENA tiene secuestrado a nuestro pais MEXICO,ojala que los que apoyan a este partido ya se den cuenta hacia donde va el pais",2026-04-15T15:52:42Z,0,Gobierno de Tampico,CASINOS: RAPEROS Y ABOGADOS DE LA NARCO-TRANSFORMACIÓN | REPORTAJE,La Saga,2026-04-15T04:30:14Z,2026-05-04 06:12:36
X10HeiB_b3g,UgwfStSXa2aySCpfWMx4AaABAg,@00Montse00,Y la mujer va a decir que ella no sabía? Cuando su jefe dijo a voz en cuello y muy orgulloso que el presidente siempre sabe todo lo que está pasando en el país?<br>Y ahora dentro de la lista de las cosas que no sabe la doctora 😩 tampoco sabe quiénes trabajan para ella?,2026-04-15T15:52:35Z,2,Gobierno de Tampico,CASINOS: RAPEROS Y ABOGADOS DE LA NARCO-TRANSFORMACIÓN | REPORTAJE,La Saga,2026-04-15T04:30:14Z,2026-05-04 06:12:36
X10HeiB_b3g,UgxpYnM6hKcXpEUJ6PF4AaABAg,@CanalMasterin,"P*che changa cinica. Por cierto, la musica les quedo muy alta, dificulta escuchar con atención lo que narra el periodista.",2026-04-15T15:52:27Z,0,Gobierno de Tampico,CASINOS: RAPEROS Y ABOGADOS DE LA NARCO-TRANSFORMACIÓN | REPORTAJE,La Saga,2026-04-15T04:30:14Z,2026-05-04 06:12:36
X10HeiB_b3g,UgzNzVaALBgVtcf96Yx4AaABAg,@albertobm9440,No cabe duda que... ESTÁBAMOS MEJOR CUANDO PENSÁBAMOS QUE ESTÁBAMOS PEOR!,2026-04-15T15:48:23Z,27,Gobierno de Tampico,CASINOS: RAPEROS Y ABOGADOS DE LA NARCO-TRANSFORMACIÓN | REPORTAJE,La Saga,2026-04-15T04:30:14Z,2026-05-04 06:12:36
X10HeiB_b3g,UgwPl5dHOagEBcAqz2R4AaABAg,@Ange-i6h,"Pero da la casualidad que hemos visto muchos políticos que hacen trabajo de campo, como el GRAN CARLOS MANZO y este digno señor no tenía fotos con los NARCOS¡¡¡¡ A DIFERENCIA DE TODOS LOS MORENARCOS.",2026-04-15T15:44:54Z,0,Gobierno de Tampico,CASINOS: RAPEROS Y ABOGADOS DE LA NARCO-TRANSFORMACIÓN | REPORTAJE,La Saga,2026-04-15T04:30:14Z,2026-05-04 06:12:36
X10HeiB_b3g,Ugz5xWyJqGduziV0tC94AaABAg,@RicardoBárcenas-p2p5r,Y eso que no lo conoces hipócrita,2026-04-15T15:38:49Z,0,Gobierno de Tampico,CASINOS: RAPEROS Y ABOGADOS DE LA NARCO-TRANSFORMACIÓN | REPORTAJE,La Saga,2026-04-15T04:30:14Z,2026-05-04 06:12:36
X10HeiB_b3g,Ugzc8l_2IVzB2vvJjRp4AaABAg,@margaritacalderon5233,Favor de no poner música de fondo tan alta... impide oir la narración,2026-04-15T15:36:45Z,0,Gobierno de Tampico,CASINOS: RAPEROS Y ABOGADOS DE LA NARCO-TRANSFORMACIÓN | REPORTAJE,La Saga,2026-04-15T04:30:14Z,2026-05-04 06:12:36
X10HeiB_b3g,UgxFDdm4r76v3mASwVR4AaABAg,@Guty-m9p2q,Jajajaja jajajaja ahora sí no la conozco jajaja,2026-04-15T15:35:13Z,1,Gobierno de Tampico,CASINOS: RAPEROS Y ABOGADOS DE LA NARCO-TRANSFORMACIÓN | REPORTAJE,La Saga,2026-04-15T04:30:14Z,2026-05-04 06:12:36
X10HeiB_b3g,UgwTFetNo05tzQYv2wx4AaABAg,@juanJimenez-zx3ut,FUERA ARCOGOBIERNO DE MOERENA,2026-04-15T15:34:55Z,0,Gobierno de Tampico,CASINOS: RAPEROS Y ABOGADOS DE LA NARCO-TRANSFORMACIÓN | REPORTAJE,La Saga,2026-04-15T04:30:14Z,2026-05-04 06:12:36
X10HeiB_b3g,UgyPHQR3WipARzL-MRt4AaABAg,@fdn1420,Que interesante!😅,2026-04-15T15:32:07Z,1,Gobierno de Tampico,CASINOS: RAPEROS Y ABOGADOS DE LA NARCO-TRANSFORMACIÓN | REPORTAJE,La Saga,2026-04-15T04:30:14Z,2026-05-04 06:12:36
X10HeiB_b3g,UgyBsUOUgSF7_Tqmc3d4AaABAg,@2040Clara,TAMBIÉN VA A DECIR QUE NO CONOCE A LOS DE LA LUZ DEL MUNDO 🌍🌍🌍 !!!!,2026-04-15T15:29:55Z,2,Gobierno de Tampico,CASINOS: RAPEROS Y ABOGADOS DE LA NARCO-TRANSFORMACIÓN | REPORTAJE,La Saga,2026-04-15T04:30:14Z,2026-05-04 06:12:36
X10HeiB_b3g,Ugw6ONpxMyf9PPk9_Xl4AaABAg,@hectoramparan1589,Las ratas del bienestar,2026-04-15T15:25:39Z,2,Gobierno de Tampico,CASINOS: RAPEROS Y ABOGADOS DE LA NARCO-TRANSFORMACIÓN | REPORTAJE,La Saga,2026-04-15T04:30:14Z,2026-05-04 06:12:36
X10HeiB_b3g,Ugzl6FeLWyixB0ldj3N4AaABAg,@Dashgrin,VIVA LA CUARTA TRANSFORMACIÓN!!!!!!! LLEVARÓN LA ASQUEROSIDAD DEL GOBIERNO A OTRO NIVEL!!!!! ABORRECIBLE!!!!!!!,2026-04-15T15:19:45Z,16,Gobierno de Tampico,CASINOS: RAPEROS Y ABOGADOS DE LA NARCO-TRANSFORMACIÓN | REPORTAJE,La Saga,2026-04-15T04:30:14Z,2026-05-04 06:12:36
X10HeiB_b3g,UgzxESR0etOca6Y1x_14AaABAg,@AngelFlores-kf2bj,Jaja esto lo hicieron las ratss del prian hajajaj,2026-04-15T15:18:21Z,0,Gobierno de Tampico,CASINOS: RAPEROS Y ABOGADOS DE LA NARCO-TRANSFORMACIÓN | REPORTAJE,La Saga,2026-04-15T04:30:14Z,2026-05-04 06:12:36
X10HeiB_b3g,UgywJa1KRFB4A2NdL1N4AaABAg,@marthavillarreal9653,Apenas te distes cuenta el prianrdmc siempre trabajo con los grupos,2026-04-15T15:14:42Z,0,Gobierno de Tampico,CASINOS: RAPEROS Y ABOGADOS DE LA NARCO-TRANSFORMACIÓN | REPORTAJE,La Saga,2026-04-15T04:30:14Z,2026-05-04 06:12:36
X10HeiB_b3g,Ugw8XzprziYKFrLMc3Z4AaABAg,@carmenmeza3293,En el congreso?! Y los integrantes de la &quot;oposición &quot;,2026-04-15T15:13:44Z,0,Gobierno de Tampico,CASINOS: RAPEROS Y ABOGADOS DE LA NARCO-TRANSFORMACIÓN | REPORTAJE,La Saga,2026-04-15T04:30:14Z,2026-05-04 06:12:36
X10HeiB_b3g,UgwrtR-25ZG_BBpqTlV4AaABAg,@migueangelleon10,Azu mauser jajaja osea dicen que son abogados de narc0z y estan ligados a la visión de Lopez Obrador reverenda tonteria,2026-04-15T15:13:10Z,0,Gobierno de Tampico,CASINOS: RAPEROS Y ABOGADOS DE LA NARCO-TRANSFORMACIÓN | REPORTAJE,La Saga,2026-04-15T04:30:14Z,2026-05-04 06:12:36
X10HeiB_b3g,UgzBJQIhddebYT6knjJ4AaABAg,@ArturoLangaricaReyes,😳😳😳😳,2026-04-15T15:11:11Z,2,Gobierno de Tampico,CASINOS: RAPEROS Y ABOGADOS DE LA NARCO-TRANSFORMACIÓN | REPORTAJE,La Saga,2026-04-15T04:30:14Z,2026-05-04 06:12:36
X10HeiB_b3g,UgxhytFPOj1EiqTlerJ4AaABAg,@sarethenriquez9794,Y todos los mafiosos del PRIAN ? Acaso ya se olvidaron? Jajaja no más PRIAN,2026-04-15T15:07:57Z,0,Gobierno de Tampico,CASINOS: RAPEROS Y ABOGADOS DE LA NARCO-TRANSFORMACIÓN | REPORTAJE,La Saga,2026-04-15T04:30:14Z,2026-05-04 06:12:36
X10HeiB_b3g,Ugztmjc-xY2p66XHU5d4AaABAg,@aliciaosorniotovar4534,🙉🙈🙊,2026-04-15T14:58:48Z,0,Gobierno de Tampico,CASINOS: RAPEROS Y ABOGADOS DE LA NARCO-TRANSFORMACIÓN | REPORTAJE,La Saga,2026-04-15T04:30:14Z,2026-05-04 06:12:36
X10HeiB_b3g,UgxlgBNQZ9Gb4VasHZR4AaABAg,@jorgeol7217,"¿ Alguién duda de la complicidad del Amlismo morenismo y el crímen organizado ?<br>O trata de despistar y encubrir o es un dogmático fanático, o sea, un tonto.",2026-04-15T14:50:59Z,0,Gobierno de Tampico,CASINOS: RAPEROS Y ABOGADOS DE LA NARCO-TRANSFORMACIÓN | REPORTAJE,La Saga,2026-04-15T04:30:14Z,2026-05-04 06:12:36
X10HeiB_b3g,UgxOxsao3qRRKuQIkJd4AaABAg,@LaQueta-m4o,"Rápido MORENA, denle una curul, activen la protección 😂😂😂😂😂",2026-04-15T14:46:59Z,0,Gobierno de Tampico,CASINOS: RAPEROS Y ABOGADOS DE LA NARCO-TRANSFORMACIÓN | REPORTAJE,La Saga,2026-04-15T04:30:14Z,2026-05-04 06:12:36
X10HeiB_b3g,Ugyjr7Vha0Lk-HJ4mV14AaABAg,@LaQueta-m4o,MORENA ES EL CRIMEN ORGANIZADO,2026-04-15T14:44:48Z,0,Gobierno de Tampico,CASINOS: RAPEROS Y ABOGADOS DE LA NARCO-TRANSFORMACIÓN | REPORTAJE,La Saga,2026-04-15T04:30:14Z,2026-05-04 06:12:36
X10HeiB_b3g,UgyQSDra_vnEgBbDHlh4AaABAg,@rodrigom3014,Desobediencia social eso deberían de hacer pero les gusta que se los chinguen !! 😂😂,2026-04-15T14:35:09Z,1,Gobierno de Tampico,CASINOS: RAPEROS Y ABOGADOS DE LA NARCO-TRANSFORMACIÓN | REPORTAJE,La Saga,2026-04-15T04:30:14Z,2026-05-04 06:12:36
X10HeiB_b3g,UgypH9Nb3ChOtSUQeVF4AaABAg,@claudiaoliviasepulvedaarel4670,Hasta cuando tanta impunidad...,2026-04-15T14:33:08Z,5,Gobierno de Tampico,CASINOS: RAPEROS Y ABOGADOS DE LA NARCO-TRANSFORMACIÓN | REPORTAJE,La Saga,2026-04-15T04:30:14Z,2026-05-04 06:12:36
X10HeiB_b3g,Ugw1a13RTdeuJZyM4YZ4AaABAg,@miriamvelazquez7906,hipócritas cínicos. buitres carroñeros,2026-04-15T14:30:46Z,0,Gobierno de Tampico,CASINOS: RAPEROS Y ABOGADOS DE LA NARCO-TRANSFORMACIÓN | REPORTAJE,La Saga,2026-04-15T04:30:14Z,2026-05-04 06:12:36
X10HeiB_b3g,Ugxp4dWrm3KWTBELORx4AaABAg,@miriamvelazquez7906,xfavor el crimen organizado son asesinos. y obviamente son secuestradores. estos abogados son igualmente delincuentes. y Claudia dice que no conocen a estos delincuentes ? xfavor es evidente también López los tenía en su gobierno. y van a decir q no los conocía ja ja ja aquí en quieren engañar,2026-04-15T14:29:53Z,0,Gobierno de Tampico,CASINOS: RAPEROS Y ABOGADOS DE LA NARCO-TRANSFORMACIÓN | REPORTAJE,La Saga,2026-04-15T04:30:14Z,2026-05-04 06:12:36
X10HeiB_b3g,UgxTLBp2bWbgrAKZsAF4AaABAg,@SA_MA,"y morena sigue solapándolos, que no diga pendejadas la presirvienta",2026-04-15T14:17:15Z,0,Gobierno de Tampico,CASINOS: RAPEROS Y ABOGADOS DE LA NARCO-TRANSFORMACIÓN | REPORTAJE,La Saga,2026-04-15T04:30:14Z,2026-05-04 06:12:36
X10HeiB_b3g,UgybG9OBxXtfdGdhjkN4AaABAg,@JuanRuiz-e4u,"NADA QUE NO NOS PODAMOS IMAGINAR! <a href=""http://www.youtube.com/results?search_query=%23morena"">#MORENA</a>  Y SUS SOCIOS DE LA DELIORG.",2026-04-15T14:16:36Z,0,Gobierno de Tampico,CASINOS: RAPEROS Y ABOGADOS DE LA NARCO-TRANSFORMACIÓN | REPORTAJE,La Saga,2026-04-15T04:30:14Z,2026-05-04 06:12:36
X10HeiB_b3g,Ugy75FW1y7mNXDYjBdp4AaABAg,@Nenucopelon17,Todos los gobiernos están embarrados en la delincuencia desde gobierno federal estatal municipal solo que muchos con bienestar tapan el ojo a el ciudadano,2026-04-15T14:16:21Z,15,Gobierno de Tampico,CASINOS: RAPEROS Y ABOGADOS DE LA NARCO-TRANSFORMACIÓN | REPORTAJE,La Saga,2026-04-15T04:30:14Z,2026-05-04 06:12:36
X10HeiB_b3g,UgxNQxZILdkxuDhWueJ4AaABAg,@jaimegarcia6440,Narcopoliticos,2026-04-15T14:12:21Z,7,Gobierno de Tampico,CASINOS: RAPEROS Y ABOGADOS DE LA NARCO-TRANSFORMACIÓN | REPORTAJE,La Saga,2026-04-15T04:30:14Z,2026-05-04 06:12:36
X10HeiB_b3g,UgyYMg0O9DbwYnzQoSV4AaABAg,@edgarnbd,Ta madre. Este morenista miembro de la delincuencia organizada ha tenido más premios que los que le dieron al García Luna!,2026-04-15T14:11:32Z,2,Gobierno de Tampico,CASINOS: RAPEROS Y ABOGADOS DE LA NARCO-TRANSFORMACIÓN | REPORTAJE,La Saga,2026-04-15T04:30:14Z,2026-05-04 06:12:36
X10HeiB_b3g,UgxTrbwNB4nB2cMvzQB4AaABAg,@axtdxrdre,"<a href=""https://www.youtube.com/watch?v=X10HeiB_b3g&amp;t=143"">2:23</a> 😅😅😅😅😅 Ok",2026-04-15T14:09:53Z,1,Gobierno de Tampico,CASINOS: RAPEROS Y ABOGADOS DE LA NARCO-TRANSFORMACIÓN | REPORTAJE,La Saga,2026-04-15T04:30:14Z,2026-05-04 06:12:36
X10HeiB_b3g,Ugx59ityzEwtKpft9GF4AaABAg,@ArmandoPerez-v8e,pues si y que diferencia ay de     ustedes y los criminales ninguna son iguales de corruptos y poreso los an asesinado lastima que les gane la ambición del dinero fácil,2026-04-15T14:05:38Z,0,Gobierno de Tampico,CASINOS: RAPEROS Y ABOGADOS DE LA NARCO-TRANSFORMACIÓN | REPORTAJE,La Saga,2026-04-15T04:30:14Z,2026-05-04 06:12:36
X10HeiB_b3g,Ugw3lUnqEIzbQ44bxnR4AaABAg,@emanuelgutierrez8670,Estar coludido con este personaje es casi como estar coludido con García Luna por el cuál tanto critican al gobierno de Calderón,2026-04-15T14:02:45Z,7,Gobierno de Tampico,CASINOS: RAPEROS Y ABOGADOS DE LA NARCO-TRANSFORMACIÓN | REPORTAJE,La Saga,2026-04-15T04:30:14Z,2026-05-04 06:12:36
X10HeiB_b3g,Ugw-xz0aC1g8FWYQVLN4AaABAg,@JoseHernandez-m9b7g,Información que llega de la señora Adela..debe ser cuestionada..más de cinco veces.. más ahora con la inteligencia artificial.. Tienen la Manera de Manejar a su favor y en contra de quienes quieran,2026-04-15T13:58:29Z,1,Gobierno de Tampico,CASINOS: RAPEROS Y ABOGADOS DE LA NARCO-TRANSFORMACIÓN | REPORTAJE,La Saga,2026-04-15T04:30:14Z,2026-05-04 06:12:36
X10HeiB_b3g,UgxQCzBo0ua-WwMJEVl4AaABAg,@RosbyAguilar-xe9kb,"Grasias a Dios por limpiar México, grasias don trum 🎉🎉🎉",2026-04-15T13:58:15Z,0,Gobierno de Tampico,CASINOS: RAPEROS Y ABOGADOS DE LA NARCO-TRANSFORMACIÓN | REPORTAJE,La Saga,2026-04-15T04:30:14Z,2026-05-04 06:12:36
X10HeiB_b3g,UgwSBnlpCho21nC8VXl4AaABAg,@santiagogarcia9903,Porque la kalaca nunca dise que estos grupos de narcos fueron creados desde Salinas. Y fue cuando Los que trabajaban para televisa y Azteca fueron Los que resivieron millones de pesos manchados de sangre.,2026-04-15T13:58:01Z,0,Gobierno de Tampico,CASINOS: RAPEROS Y ABOGADOS DE LA NARCO-TRANSFORMACIÓN | REPORTAJE,La Saga,2026-04-15T04:30:14Z,2026-05-04 06:12:36
X10HeiB_b3g,Ugwv3ek-57NUySDFJvR4AaABAg,@mariarosales218,ELNARCOGOBIERNO DE MORENA<br>PREMIANDO A LA RATAS🐀🐀🐀 ILUSTRES DEL C.O.,2026-04-15T13:55:35Z,0,Gobierno de Tampico,CASINOS: RAPEROS Y ABOGADOS DE LA NARCO-TRANSFORMACIÓN | REPORTAJE,La Saga,2026-04-15T04:30:14Z,2026-05-04 06:12:36
X10HeiB_b3g,UgwN6pBE8ThoxPpKHN94AaABAg,@juliansosa6929,Nos hacemos los sorprendidos?,2026-04-15T13:51:02Z,5,Gobierno de Tampico,CASINOS: RAPEROS Y ABOGADOS DE LA NARCO-TRANSFORMACIÓN | REPORTAJE,La Saga,2026-04-15T04:30:14Z,2026-05-04 06:12:36
X10HeiB_b3g,UgyX6OrRiNZRl_idqSt4AaABAg,@marureyes1309,Pues fotos hay están ahí pruebas hay la presidente con Penilla  ni cómo negarlo este gobierno es un cártel,2026-04-15T13:49:50Z,0,Gobierno de Tampico,CASINOS: RAPEROS Y ABOGADOS DE LA NARCO-TRANSFORMACIÓN | REPORTAJE,La Saga,2026-04-15T04:30:14Z,2026-05-04 06:12:36
X10HeiB_b3g,Ugy1hcHTHCvRXppmIU94AaABAg,@charlchelsie9489,Por eso a todos esos narcos que estos abogaduchos representan estan en prision aqui en USA. Porque Los narcos contratan muchos abogaduchos muy pen d jos que solo quieren dinero Y no hacen nada de bien su trabajo.<br>Un abogado Bueno da garantias de su trabajo Y nunca Deja su cliente en prision. Y estos a nadie importante Han sacado de prision,2026-04-15T13:49:37Z,2,Gobierno de Tampico,CASINOS: RAPEROS Y ABOGADOS DE LA NARCO-TRANSFORMACIÓN | REPORTAJE,La Saga,2026-04-15T04:30:14Z,2026-05-04 06:12:36
X10HeiB_b3g,Ugw341yKySva4KXxqNh4AaABAg,@fazzette,Actuará la presidenta?,2026-04-15T13:49:22Z,1,Gobierno de Tampico,CASINOS: RAPEROS Y ABOGADOS DE LA NARCO-TRANSFORMACIÓN | REPORTAJE,La Saga,2026-04-15T04:30:14Z,2026-05-04 06:12:36
X10HeiB_b3g,UgwhdD0FCL7x-F7AOUt4AaABAg,@ManyMont,A prisión en los Estados Unidos!! Cadena perpetua!!,2026-04-15T13:41:42Z,1,Gobierno de Tampico,CASINOS: RAPEROS Y ABOGADOS DE LA NARCO-TRANSFORMACIÓN | REPORTAJE,La Saga,2026-04-15T04:30:14Z,2026-05-04 06:12:36
X10HeiB_b3g,UgxGycn2NMGLAyo_N3J4AaABAg,@claudiacabrera2038,"Criminales todos …todos embarrados…todos coludidos y son peores que los criminales mismos, porque se dan sus baños de pureza y por otro lado son criminales tal cual. Que aberrante lo que sucede en este país.",2026-04-15T13:38:26Z,0,Gobierno de Tampico,CASINOS: RAPEROS Y ABOGADOS DE LA NARCO-TRANSFORMACIÓN | REPORTAJE,La Saga,2026-04-15T04:30:14Z,2026-05-04 06:12:36
X10HeiB_b3g,UgyrTn6ZkCyF9DDI77V4AaABAg,@ijml,Y qué harán al respecto derechairitos 😂?,2026-04-15T13:34:32Z,0,Gobierno de Tampico,CASINOS: RAPEROS Y ABOGADOS DE LA NARCO-TRANSFORMACIÓN | REPORTAJE,La Saga,2026-04-15T04:30:14Z,2026-05-04 06:12:36
X10HeiB_b3g,Ugz7q4lMT0X5i3WRduR4AaABAg,@adrianvaskez3750,Ahora  resulta ke no sabe   🙃,2026-04-15T13:34:23Z,0,Gobierno de Tampico,CASINOS: RAPEROS Y ABOGADOS DE LA NARCO-TRANSFORMACIÓN | REPORTAJE,La Saga,2026-04-15T04:30:14Z,2026-05-04 06:12:36
X10HeiB_b3g,Ugxi2tZ0v2qnoZPljll4AaABAg,@JuanRodriguezMartinez-d9w,Fotografía con claudia?,2026-04-15T13:34:02Z,0,Gobierno de Tampico,CASINOS: RAPEROS Y ABOGADOS DE LA NARCO-TRANSFORMACIÓN | REPORTAJE,La Saga,2026-04-15T04:30:14Z,2026-05-04 06:12:36
X10HeiB_b3g,UgxrcevFtlAEb0UIyMR4AaABAg,@DarioAlejandroZarazuaGom-qm3hk,No tienen vergüenza,2026-04-15T13:31:40Z,1,Gobierno de Tampico,CASINOS: RAPEROS Y ABOGADOS DE LA NARCO-TRANSFORMACIÓN | REPORTAJE,La Saga,2026-04-15T04:30:14Z,2026-05-04 06:12:36
X10HeiB_b3g,Ugx6XFAV6hD2EdrrNMZ4AaABAg,@Acuentaaayou,Puros idiotas escuchan etos pendejos sin sentor verguenza,2026-04-15T13:30:28Z,0,Gobierno de Tampico,CASINOS: RAPEROS Y ABOGADOS DE LA NARCO-TRANSFORMACIÓN | REPORTAJE,La Saga,2026-04-15T04:30:14Z,2026-05-04 06:12:36
X10HeiB_b3g,UgynJFVpyUtyfRbmBXp4AaABAg,@DarioAlejandroZarazuaGom-qm3hk,"Exigimos CÁRCEL a todos estos, de morena",2026-04-15T13:28:54Z,6,Gobierno de Tampico,CASINOS: RAPEROS Y ABOGADOS DE LA NARCO-TRANSFORMACIÓN | REPORTAJE,La Saga,2026-04-15T04:30:14Z,2026-05-04 06:12:36
X10HeiB_b3g,UgwybHmqZU65izDxV6h4AaABAg,@DarioAlejandroZarazuaGom-qm3hk,Damos gracias por CÁRCEL al traidor comunista de López Obrador y sus cómplices políticos gracias 🇺🇲🇺🇸🇲🇽🙏🇺🇸🇲🇽,2026-04-15T13:28:05Z,1,Gobierno de Tampico,CASINOS: RAPEROS Y ABOGADOS DE LA NARCO-TRANSFORMACIÓN | REPORTAJE,La Saga,2026-04-15T04:30:14Z,2026-05-04 06:12:36
X10HeiB_b3g,Ugy6Z8Gsis3rm1HKG2R4AaABAg,@PerroNegro2011,"Lo siento por todas esas mujeres que creyeron y confiaron en una mujer que las salvaría de su penar en este país y justicia, pero sólomemte mentiras les dieron,y usaron su voto para sus intereses pde políticos corruptos",2026-04-15T13:27:11Z,1,Gobierno de Tampico,CASINOS: RAPEROS Y ABOGADOS DE LA NARCO-TRANSFORMACIÓN | REPORTAJE,La Saga,2026-04-15T04:30:14Z,2026-05-04 06:12:36
X10HeiB_b3g,UgxahZea_o9pmrb69ZJ4AaABAg,@luiscardini,No es cierto es un invento de los neoliberales y Calderon,2026-04-15T13:26:28Z,1,Gobierno de Tampico,CASINOS: RAPEROS Y ABOGADOS DE LA NARCO-TRANSFORMACIÓN | REPORTAJE,La Saga,2026-04-15T04:30:14Z,2026-05-04 06:12:36
X10HeiB_b3g,UgzOr7Q23JfXE-9LA8t4AaABAg,@jcb-vt3dj,"todos lo saben menos la dictadora, se hace endeja",2026-04-15T13:26:21Z,0,Gobierno de Tampico,CASINOS: RAPEROS Y ABOGADOS DE LA NARCO-TRANSFORMACIÓN | REPORTAJE,La Saga,2026-04-15T04:30:14Z,2026-05-04 06:12:36
X10HeiB_b3g,UgzkU-1GrpPui8ootc14AaABAg,@JurgenHum,Premio por defensor de los abrazos!,2026-04-15T13:25:02Z,1,Gobierno de Tampico,CASINOS: RAPEROS Y ABOGADOS DE LA NARCO-TRANSFORMACIÓN | REPORTAJE,La Saga,2026-04-15T04:30:14Z,2026-05-04 06:12:36
X10HeiB_b3g,UgyMCDT4gfCdOjH_MLJ4AaABAg,@joseluismorales3428,"Pues el equipo de seguridad los debería tener bien ubicados, de que sirve tanta reunión en las mañanas si no saben quién se acerca a la presidente.",2026-04-15T13:19:34Z,1,Gobierno de Tampico,CASINOS: RAPEROS Y ABOGADOS DE LA NARCO-TRANSFORMACIÓN | REPORTAJE,La Saga,2026-04-15T04:30:14Z,2026-05-04 06:12:36
X10HeiB_b3g,Ugz_8H_Msv0Wt9g6jEx4AaABAg,@EugeniaLopez-y1d,Que vergüenza y miedo da cada vez como tienen este pobre país,2026-04-15T13:16:30Z,20,Gobierno de Tampico,CASINOS: RAPEROS Y ABOGADOS DE LA NARCO-TRANSFORMACIÓN | REPORTAJE,La Saga,2026-04-15T04:30:14Z,2026-05-04 06:12:36
X10HeiB_b3g,Ugz-IaJrKfif8nbTL7V4AaABAg,@GustavoGarcia-qq4ec,"No son politicos son criminales, que se podia esperar de terroristas que pertenecieron al m19",2026-04-15T13:15:28Z,1,Gobierno de Tampico,CASINOS: RAPEROS Y ABOGADOS DE LA NARCO-TRANSFORMACIÓN | REPORTAJE,La Saga,2026-04-15T04:30:14Z,2026-05-04 06:12:36
X10HeiB_b3g,UgxbJQ-x9sZG3VhjWyB4AaABAg,@malujuarez17,CUÁL PUEBLO HONRADO Y TRABAJADOR ?  EN MÉXICO YA HAY PURA GENTE HORRIBLE,2026-04-15T13:13:33Z,2,Gobierno de Tampico,CASINOS: RAPEROS Y ABOGADOS DE LA NARCO-TRANSFORMACIÓN | REPORTAJE,La Saga,2026-04-15T04:30:14Z,2026-05-04 06:12:36
X10HeiB_b3g,UgzlFEoOSnWwb8-74PJ4AaABAg,@VictorPadilla-xx2qb,"A estos izquierdistas de m..erda les da amnesia cuando le sacan sus trapitos al sol, que curioso ¿no? Todos sabemos que el C.O. y este Gobierno son socios y son lo mismo, simplemente son dos carteles, también es indignante oir al abogaducho ese decir con descaro y gran cinismo de que defienden al C.O. de México, eso si es tener la cara bien dura.",2026-04-15T13:07:40Z,0,Gobierno de Tampico,CASINOS: RAPEROS Y ABOGADOS DE LA NARCO-TRANSFORMACIÓN | REPORTAJE,La Saga,2026-04-15T04:30:14Z,2026-05-04 06:12:36
X10HeiB_b3g,Ugw2gbPzLIzc0sQJV9x4AaABAg,@javierplonedacuevas7934,"QUE YA VENGAN POR ELLOS TODOS, CERO IMPUNIDAD, ASÍ LO CACAREA LA ESCUALIDA",2026-04-15T13:07:13Z,1,Gobierno de Tampico,CASINOS: RAPEROS Y ABOGADOS DE LA NARCO-TRANSFORMACIÓN | REPORTAJE,La Saga,2026-04-15T04:30:14Z,2026-05-04 06:12:36
X10HeiB_b3g,UgzvyvKRlTO08gTadI14AaABAg,@juvenciolopez8022,"Apoyo total a su presidenta Claudia sheinbaum,<br>Caspm a los golpeadores de México ya que no tienen un plan de estado eso se nota claramente<br><br>Deberían alistarse en lo militar en vez de hablar a lo dejo o estar golpeteando a su país",2026-04-15T13:05:03Z,0,Gobierno de Tampico,CASINOS: RAPEROS Y ABOGADOS DE LA NARCO-TRANSFORMACIÓN | REPORTAJE,La Saga,2026-04-15T04:30:14Z,2026-05-04 06:12:36
X10HeiB_b3g,UgzlEmxWW3RzbgEur814AaABAg,@juvenciolopez8022,Bla bla bla,2026-04-15T13:03:26Z,0,Gobierno de Tampico,CASINOS: RAPEROS Y ABOGADOS DE LA NARCO-TRANSFORMACIÓN | REPORTAJE,La Saga,2026-04-15T04:30:14Z,2026-05-04 06:12:36
X10HeiB_b3g,UgzS1AG_57lpTvz-AB94AaABAg,@indioandaluz,"La Saga debe tener un buen patrocinio, porque definitivamente el nivel periodistico es muy bajo😂😂😂",2026-04-15T12:51:57Z,3,Gobierno de Tampico,CASINOS: RAPEROS Y ABOGADOS DE LA NARCO-TRANSFORMACIÓN | REPORTAJE,La Saga,2026-04-15T04:30:14Z,2026-05-04 06:12:36
X10HeiB_b3g,UgwM-5KaIBgGlA5EbVV4AaABAg,@Rdgzletnjo,Hasta el cuello está coludida explicaciónes de criminales,2026-04-15T12:51:11Z,4,Gobierno de Tampico,CASINOS: RAPEROS Y ABOGADOS DE LA NARCO-TRANSFORMACIÓN | REPORTAJE,La Saga,2026-04-15T04:30:14Z,2026-05-04 06:12:36
X10HeiB_b3g,UgxHdgmxSF0c0pEWDyN4AaABAg,@JuanitaSolis-vy3md,Que ASCO DE GENTE,2026-04-15T12:51:06Z,5,Gobierno de Tampico,CASINOS: RAPEROS Y ABOGADOS DE LA NARCO-TRANSFORMACIÓN | REPORTAJE,La Saga,2026-04-15T04:30:14Z,2026-05-04 06:12:36
X10HeiB_b3g,UgxpZ8F5dRBQi06v4Od4AaABAg,@JuanitaSolis-vy3md,NARCOPRESIDENTA,2026-04-15T12:49:27Z,0,Gobierno de Tampico,CASINOS: RAPEROS Y ABOGADOS DE LA NARCO-TRANSFORMACIÓN | REPORTAJE,La Saga,2026-04-15T04:30:14Z,2026-05-04 06:12:36
X10HeiB_b3g,Ugz0sIQ9Q6ZN1XwQHXN4AaABAg,@ivanns123-n6r,El pueblo bueno y sabio...,2026-04-15T12:47:44Z,1,Gobierno de Tampico,CASINOS: RAPEROS Y ABOGADOS DE LA NARCO-TRANSFORMACIÓN | REPORTAJE,La Saga,2026-04-15T04:30:14Z,2026-05-04 06:12:36
X10HeiB_b3g,UgztdWR7hWdsbm98InJ4AaABAg,@orochi01,"<a href=""https://www.youtube.com/watch?v=X10HeiB_b3g&amp;t=300"">5:00</a> granito de arena, ayudando a criminales 🤣🤡🤡🤡",2026-04-15T12:46:43Z,0,Gobierno de Tampico,CASINOS: RAPEROS Y ABOGADOS DE LA NARCO-TRANSFORMACIÓN | REPORTAJE,La Saga,2026-04-15T04:30:14Z,2026-05-04 06:12:36
X10HeiB_b3g,UgyHbWa-Pd9E0c9gUER4AaABAg,@carlosesteves2101,Los vinculos del poder en sus mas altos niveles evidencian la corrupcion,2026-04-15T12:42:26Z,0,Gobierno de Tampico,CASINOS: RAPEROS Y ABOGADOS DE LA NARCO-TRANSFORMACIÓN | REPORTAJE,La Saga,2026-04-15T04:30:14Z,2026-05-04 06:12:36
X10HeiB_b3g,UgyTdJnEfJdW26oCLct4AaABAg,@VeroBañuelos-q1j,De &quot;risa&quot; los de 4a ..... ya no puedo llorar...,2026-04-15T12:42:16Z,1,Gobierno de Tampico,CASINOS: RAPEROS Y ABOGADOS DE LA NARCO-TRANSFORMACIÓN | REPORTAJE,La Saga,2026-04-15T04:30:14Z,2026-05-04 06:12:36
X10HeiB_b3g,Ugw3Qsxq6hfXhYixe5Z4AaABAg,@MartiinOlvera16,Porqué no dió la nota Adela?.... éste reportero está en problemas...son palabras mayores para el gobierno..,2026-04-15T12:40:41Z,0,Gobierno de Tampico,CASINOS: RAPEROS Y ABOGADOS DE LA NARCO-TRANSFORMACIÓN | REPORTAJE,La Saga,2026-04-15T04:30:14Z,2026-05-04 06:12:36
X10HeiB_b3g,Ugwj8sADAlFPH_fMac94AaABAg,@erivancalderon3920,"Así de podridas y corruptas están nuestras autoridades a nivel municipal, estatal y federal,en el lejistalitvo,en judicial y en el ejecutivo 😢",2026-04-15T12:32:39Z,29,Gobierno de Tampico,CASINOS: RAPEROS Y ABOGADOS DE LA NARCO-TRANSFORMACIÓN | REPORTAJE,La Saga,2026-04-15T04:30:14Z,2026-05-04 06:12:36
X10HeiB_b3g,UgxO7wWjpdCdX2Oml0Z4AaABAg,@jakemate1269,"Es una gran burla qué el gobierno halla dado un premio patria projusticia y equidad, desconozco el año que fue pero al saberse defensor del crimen organizado el gobierno mismo tuvo que revocar dicho premio sabiendo que el crimen organizado ha traído horror, desapariciones, claudia siempre excusandose",2026-04-15T12:30:05Z,3,Gobierno de Tampico,CASINOS: RAPEROS Y ABOGADOS DE LA NARCO-TRANSFORMACIÓN | REPORTAJE,La Saga,2026-04-15T04:30:14Z,2026-05-04 06:12:36
X10HeiB_b3g,UgwtAa-sb8RbQt4x4zx4AaABAg,@AdanGarcia-md7bc,Sheimbaum es cmplice de penilla y aganle como quieran,2026-04-15T12:29:19Z,0,Gobierno de Tampico,CASINOS: RAPEROS Y ABOGADOS DE LA NARCO-TRANSFORMACIÓN | REPORTAJE,La Saga,2026-04-15T04:30:14Z,2026-05-04 06:12:36
X10HeiB_b3g,Ugx3ZD2mCLA48uwoWI14AaABAg,@MsMariaCisneros,El gobierno trabaja para los delincuentes,2026-04-15T12:19:42Z,0,Gobierno de Tampico,CASINOS: RAPEROS Y ABOGADOS DE LA NARCO-TRANSFORMACIÓN | REPORTAJE,La Saga,2026-04-15T04:30:14Z,2026-05-04 06:12:36
X10HeiB_b3g,Ugymk1yr490edoPSEkB4AaABAg,@AndreaMedina-e1s,JAJA JAJA es IA no se hagan qué la virgen les abla,2026-04-15T12:16:14Z,0,Gobierno de Tampico,CASINOS: RAPEROS Y ABOGADOS DE LA NARCO-TRANSFORMACIÓN | REPORTAJE,La Saga,2026-04-15T04:30:14Z,2026-05-04 06:12:36
X10HeiB_b3g,UgwF0ec6OZVi2TqxV914AaABAg,@JoséBravo-q4v,"<a href=""http://www.youtube.com/results?search_query=%23fueramorena2027"">#fueramorena2027</a>",2026-04-15T12:12:43Z,1,Gobierno de Tampico,CASINOS: RAPEROS Y ABOGADOS DE LA NARCO-TRANSFORMACIÓN | REPORTAJE,La Saga,2026-04-15T04:30:14Z,2026-05-04 06:12:36
X10HeiB_b3g,Ugz59ln0zw8sUYjg3Zd4AaABAg,@DorianAndryFloresCruz,"Es IA, abusados!!!!",2026-04-15T12:05:52Z,1,Gobierno de Tampico,CASINOS: RAPEROS Y ABOGADOS DE LA NARCO-TRANSFORMACIÓN | REPORTAJE,La Saga,2026-04-15T04:30:14Z,2026-05-04 06:12:36
X10HeiB_b3g,UgzglHJqFfNoXHiJyvd4AaABAg,@mauroreal2436,Q POCA madre de este gobierno de cuarta,2026-04-15T11:45:41Z,7,Gobierno de Tampico,CASINOS: RAPEROS Y ABOGADOS DE LA NARCO-TRANSFORMACIÓN | REPORTAJE,La Saga,2026-04-15T04:30:14Z,2026-05-04 06:12:36
X10HeiB_b3g,UgzQfdb1Mv_OBlql1LV4AaABAg,@VazquezSilva-nl8wp,De estos personajes esta formada la transformación de 4ta,2026-04-15T11:44:49Z,0,Gobierno de Tampico,CASINOS: RAPEROS Y ABOGADOS DE LA NARCO-TRANSFORMACIÓN | REPORTAJE,La Saga,2026-04-15T04:30:14Z,2026-05-04 06:12:36
X10HeiB_b3g,UgwUbJlKhYcKWia3ZtJ4AaABAg,@68sergiomartinez,Cómo es posible que la presidenta sea parte de este grupo que vergüenza,2026-04-15T11:43:11Z,16,Gobierno de Tampico,CASINOS: RAPEROS Y ABOGADOS DE LA NARCO-TRANSFORMACIÓN | REPORTAJE,La Saga,2026-04-15T04:30:14Z,2026-05-04 06:12:36
X10HeiB_b3g,Ugy5XwLrUvKDLqthI-h4AaABAg,@JorgeUscangaponce,No k los de eran diferentes y si lo son son los más corruptos de la historia 😠,2026-04-15T11:39:31Z,3,Gobierno de Tampico,CASINOS: RAPEROS Y ABOGADOS DE LA NARCO-TRANSFORMACIÓN | REPORTAJE,La Saga,2026-04-15T04:30:14Z,2026-05-04 06:12:36
X10HeiB_b3g,UgyjzdWbQFgHMv6Ka_N4AaABAg,@lluvialsol7559,"Que casualidad, como siempre no sabe nada, lo único que sabe es recibir el moche que le recibe",2026-04-15T11:33:53Z,0,Gobierno de Tampico,CASINOS: RAPEROS Y ABOGADOS DE LA NARCO-TRANSFORMACIÓN | REPORTAJE,La Saga,2026-04-15T04:30:14Z,2026-05-04 06:12:36
X10HeiB_b3g,UgzNTfYxya3V7C9dnfF4AaABAg,@marioesquivelr.4780,"Ya esta aplicando la vieja confiable de su amiga Sandra cuevas ,me tomo fotos con mucha gente que no conozco como el cabecita de algodón que  hasta le fue a besar la mano a la mamá del chapo 😂😂😂",2026-04-15T11:33:22Z,0,Gobierno de Tampico,CASINOS: RAPEROS Y ABOGADOS DE LA NARCO-TRANSFORMACIÓN | REPORTAJE,La Saga,2026-04-15T04:30:14Z,2026-05-04 06:12:36
X10HeiB_b3g,UgzN2Cn-6Ok6BHABsGF4AaABAg,@xquenda1000,"De mal a peor está mujer, el gobierno de Estados Unidos está haciendo el trabajo que a ella le corresponde hacer pero llena su Bogotá hablando de soberanía, morena está podrido",2026-04-15T11:33:18Z,0,Gobierno de Tampico,CASINOS: RAPEROS Y ABOGADOS DE LA NARCO-TRANSFORMACIÓN | REPORTAJE,La Saga,2026-04-15T04:30:14Z,2026-05-04 06:12:36
X10HeiB_b3g,UgzxDW-FwYbjN2QyuyJ4AaABAg,@roxanavilleda9870,El peje les dió trabajo a los criminales para volverlos “legales” y ya está lleno de esta gente viviendo del gobierno ahora ni cómo sacarlos de ahí.,2026-04-15T11:30:07Z,1,Gobierno de Tampico,CASINOS: RAPEROS Y ABOGADOS DE LA NARCO-TRANSFORMACIÓN | REPORTAJE,La Saga,2026-04-15T04:30:14Z,2026-05-04 06:12:36
X10HeiB_b3g,UgwjtZZb0MlLAiim1JN4AaABAg,@ericplas9177,Narcogobierno del bienestar.🤑🤮,2026-04-15T11:28:21Z,0,Gobierno de Tampico,CASINOS: RAPEROS Y ABOGADOS DE LA NARCO-TRANSFORMACIÓN | REPORTAJE,La Saga,2026-04-15T04:30:14Z,2026-05-04 06:12:36
X10HeiB_b3g,Ugw9jGyDjdLF7cjewV94AaABAg,@elsoldado9997,.<br><br>NO MR. PRESIDENT NO NO NOOOOOO PLEASE CON MIS NARCOS NO SE META <br><br><br><br><br><br><br><br>.<br>.,2026-04-15T11:10:44Z,0,Gobierno de Tampico,CASINOS: RAPEROS Y ABOGADOS DE LA NARCO-TRANSFORMACIÓN | REPORTAJE,La Saga,2026-04-15T04:30:14Z,2026-05-04 06:12:36
X10HeiB_b3g,UgzOicRZiNq9mUdd-it4AaABAg,@Magis-u4r8y,Estamos jodidos como ciudadanos mexicanos nos gobierna el crimen organizado 😢😢,2026-04-15T11:09:24Z,3,Gobierno de Tampico,CASINOS: RAPEROS Y ABOGADOS DE LA NARCO-TRANSFORMACIÓN | REPORTAJE,La Saga,2026-04-15T04:30:14Z,2026-05-04 06:12:36
X10HeiB_b3g,UgycQRGefJShQOgOMzB4AaABAg,@Anonymous-yp9ei,“Defendemos crimen organizado” O sea… El pueblo honrado y trabajador ya valió,2026-04-15T10:57:01Z,0,Gobierno de Tampico,CASINOS: RAPEROS Y ABOGADOS DE LA NARCO-TRANSFORMACIÓN | REPORTAJE,La Saga,2026-04-15T04:30:14Z,2026-05-04 06:12:36
X10HeiB_b3g,Ugw5b4z-YmkmzdgCgBJ4AaABAg,@carmenpatriciabatarse73,Reconocimiento en el senado de la República y sheinbaum no sabe quién es? Y además colaborador de amlo...cómo que no sabe quién es?,2026-04-15T10:45:01Z,3,Gobierno de Tampico,CASINOS: RAPEROS Y ABOGADOS DE LA NARCO-TRANSFORMACIÓN | REPORTAJE,La Saga,2026-04-15T04:30:14Z,2026-05-04 06:12:36
X10HeiB_b3g,UgwuS8asjBA8IIv9mlh4AaABAg,@rulasmorrita8890,"Salinas, zedillo,Fox, Calderón y peña nieto, comían en la misma mesa de los criminales eso callaban las televisoras o no chayotero",2026-04-15T10:40:16Z,0,Gobierno de Tampico,CASINOS: RAPEROS Y ABOGADOS DE LA NARCO-TRANSFORMACIÓN | REPORTAJE,La Saga,2026-04-15T04:30:14Z,2026-05-04 06:12:36
X10HeiB_b3g,UgzMXstBCLRyblKYki54AaABAg,@CarlosHernandez-p5j5o,TOMELAAAAA😂 PRESIRVIENTA CON AAA🤣🤣,2026-04-15T10:25:25Z,7,Gobierno de Tampico,CASINOS: RAPEROS Y ABOGADOS DE LA NARCO-TRANSFORMACIÓN | REPORTAJE,La Saga,2026-04-15T04:30:14Z,2026-05-04 06:12:36
X10HeiB_b3g,Ugx_5P7JoqYBHcQ3rtd4AaABAg,@AngelicaMontejo-yx4pc,"Muy amigos, que horror !",2026-04-15T10:14:36Z,3,Gobierno de Tampico,CASINOS: RAPEROS Y ABOGADOS DE LA NARCO-TRANSFORMACIÓN | REPORTAJE,La Saga,2026-04-15T04:30:14Z,2026-05-04 06:12:36
X10HeiB_b3g,Ugw8yGc8uAi78ZIM23x4AaABAg,@blancadeltororuiz5872,Y los políticos de ese cartel cuando???,2026-04-15T10:05:13Z,0,Gobierno de Tampico,CASINOS: RAPEROS Y ABOGADOS DE LA NARCO-TRANSFORMACIÓN | REPORTAJE,La Saga,2026-04-15T04:30:14Z,2026-05-04 06:12:36
X10HeiB_b3g,Ugzy5VTaHK0VWiChZkF4AaABAg,@blancadeltororuiz5872,Aja,2026-04-15T09:59:33Z,0,Gobierno de Tampico,CASINOS: RAPEROS Y ABOGADOS DE LA NARCO-TRANSFORMACIÓN | REPORTAJE,La Saga,2026-04-15T04:30:14Z,2026-05-04 06:12:36
X10HeiB_b3g,UgxHxHovHgyrh3Tob7x4AaABAg,@Lorena-g5p,Nuestro querido gobierno.  Uno para todos y todos para uno. Merecido reconocimiento 😂😂😂😂😂,2026-04-15T09:58:58Z,5,Gobierno de Tampico,CASINOS: RAPEROS Y ABOGADOS DE LA NARCO-TRANSFORMACIÓN | REPORTAJE,La Saga,2026-04-15T04:30:14Z,2026-05-04 06:12:36
X10HeiB_b3g,UgxKmZX1kcclF7XqflV4AaABAg,@andreaziranda8384,Pero el Prian robo mas. 😂,2026-04-15T09:57:55Z,1,Gobierno de Tampico,CASINOS: RAPEROS Y ABOGADOS DE LA NARCO-TRANSFORMACIÓN | REPORTAJE,La Saga,2026-04-15T04:30:14Z,2026-05-04 06:12:36
X10HeiB_b3g,UgwfBZDmIhhKOu0MwkJ4AaABAg,@BeltránG-p2p,@adelamichalasaganarco<br>Pronto caerás eso q montas precisamente es un montaje,2026-04-15T09:49:21Z,0,Gobierno de Tampico,CASINOS: RAPEROS Y ABOGADOS DE LA NARCO-TRANSFORMACIÓN | REPORTAJE,La Saga,2026-04-15T04:30:14Z,2026-05-04 06:12:36
X10HeiB_b3g,UgwNa4ZSvlUn1t-VYJV4AaABAg,@franc362,saquen conclusiones,2026-04-15T09:42:51Z,2,Gobierno de Tampico,CASINOS: RAPEROS Y ABOGADOS DE LA NARCO-TRANSFORMACIÓN | REPORTAJE,La Saga,2026-04-15T04:30:14Z,2026-05-04 06:12:36
X10HeiB_b3g,Ugyj0nizIKwSrlJW4Jd4AaABAg,@ChurpiasMedallas,Todo Morena son verdaderos narcos terroristas disfrazados de suedo civiles por qué ni políticos no llegan a eso,2026-04-15T09:38:08Z,1,Gobierno de Tampico,CASINOS: RAPEROS Y ABOGADOS DE LA NARCO-TRANSFORMACIÓN | REPORTAJE,La Saga,2026-04-15T04:30:14Z,2026-05-04 06:12:36
X10HeiB_b3g,UgzLdGYKqna-OTOFsTV4AaABAg,@GabrielaGarcia-pt5up,Todos son delincuentes y en el congreso todos son uno para todos y todos a robar lo que más puedan ! Que vergonzoso es mirar esto !,2026-04-15T09:14:45Z,0,Gobierno de Tampico,CASINOS: RAPEROS Y ABOGADOS DE LA NARCO-TRANSFORMACIÓN | REPORTAJE,La Saga,2026-04-15T04:30:14Z,2026-05-04 06:12:36
X10HeiB_b3g,Ugya7-j_UnBGsQyWYDJ4AaABAg,@DanielMojareo-v4j,Échanos espantamos en México si ya sabemos que todos los políticos son narcos nada más que pues nos apendejan,2026-04-15T09:13:22Z,0,Gobierno de Tampico,CASINOS: RAPEROS Y ABOGADOS DE LA NARCO-TRANSFORMACIÓN | REPORTAJE,La Saga,2026-04-15T04:30:14Z,2026-05-04 06:12:36
X10HeiB_b3g,UgwviGuIrOOcvbfEVBB4AaABAg,@lesbiasalas9249,"Se fijan como no ve de frente, porque sabe que todo lo que esta diciendo es mentira",2026-04-15T09:11:05Z,0,Gobierno de Tampico,CASINOS: RAPEROS Y ABOGADOS DE LA NARCO-TRANSFORMACIÓN | REPORTAJE,La Saga,2026-04-15T04:30:14Z,2026-05-04 06:12:36
X10HeiB_b3g,UgywyC5Vn-4RtWgkXXx4AaABAg,@lesbiasalas9249,Cuidado Adela no al rato estés como Loret de Mola,2026-04-15T09:06:14Z,0,Gobierno de Tampico,CASINOS: RAPEROS Y ABOGADOS DE LA NARCO-TRANSFORMACIÓN | REPORTAJE,La Saga,2026-04-15T04:30:14Z,2026-05-04 06:12:36
X10HeiB_b3g,UgxE2HLB2gDwTbwd2xt4AaABAg,@AlexisFlores148,Que fea musica de fondo,2026-04-15T08:47:25Z,0,Gobierno de Tampico,CASINOS: RAPEROS Y ABOGADOS DE LA NARCO-TRANSFORMACIÓN | REPORTAJE,La Saga,2026-04-15T04:30:14Z,2026-05-04 06:12:36
X10HeiB_b3g,UgwcShzl3-qo_bhvwlx4AaABAg,@SergioPerezalba,El gobierno y los criminales son lo mismo,2026-04-15T08:45:06Z,0,Gobierno de Tampico,CASINOS: RAPEROS Y ABOGADOS DE LA NARCO-TRANSFORMACIÓN | REPORTAJE,La Saga,2026-04-15T04:30:14Z,2026-05-04 06:12:36
X10HeiB_b3g,UgyMwPPxlaE_BTYAL7F4AaABAg,@freyazma,"Por qué creen que solo protegen a los criminales? Jajajaja. Que diran los chairos aplaudidores ante estos hechos, que es IA? 😂😂😂 Que no es verdad? Están escuchando lo que este tipo está diciendo? No lo conoce? 😂😂🤣🤣🤣🤣🤣 Si la sonrisa y el lenguaje corporal lo dice toooooodo!",2026-04-15T08:28:51Z,7,Gobierno de Tampico,CASINOS: RAPEROS Y ABOGADOS DE LA NARCO-TRANSFORMACIÓN | REPORTAJE,La Saga,2026-04-15T04:30:14Z,2026-05-04 06:12:36
X10HeiB_b3g,UgwcknjDTLis3-MRcL54AaABAg,@OzielDioZ-x9f,Ya sabemos el pedo es que nadie hace nada la Claudia es criminal,2026-04-15T08:01:43Z,10,Gobierno de Tampico,CASINOS: RAPEROS Y ABOGADOS DE LA NARCO-TRANSFORMACIÓN | REPORTAJE,La Saga,2026-04-15T04:30:14Z,2026-05-04 06:12:36
X10HeiB_b3g,UgzI3gg9uuw6VXyYAFt4AaABAg,@kairoward7738,Los chairos: es montaje gueyyyyy 😢,2026-04-15T08:00:19Z,6,Gobierno de Tampico,CASINOS: RAPEROS Y ABOGADOS DE LA NARCO-TRANSFORMACIÓN | REPORTAJE,La Saga,2026-04-15T04:30:14Z,2026-05-04 06:12:36
X10HeiB_b3g,UgxpiFKsSfnRMcWzGi54AaABAg,@VictoriaEstrada-le8rg,Lagartija mentirosa,2026-04-15T07:47:49Z,12,Gobierno de Tampico,CASINOS: RAPEROS Y ABOGADOS DE LA NARCO-TRANSFORMACIÓN | REPORTAJE,La Saga,2026-04-15T04:30:14Z,2026-05-04 06:12:36
X10HeiB_b3g,UgxCIRsDn8j7A4DqVW54AaABAg,@Cesar-fu1bp,"Ah que la prasadanta, nomas no da una la mentirosilla.... todo niega, aun con fotos y videos.......",2026-04-15T07:30:37Z,2,Gobierno de Tampico,CASINOS: RAPEROS Y ABOGADOS DE LA NARCO-TRANSFORMACIÓN | REPORTAJE,La Saga,2026-04-15T04:30:14Z,2026-05-04 06:12:36
X10HeiB_b3g,UgyBpIm5ArWlVeDbJA94AaABAg,@EdgarChávezRuiz-u7f5t,Fuera estos criminales que están gobernando y el cabezilla y el que sigue con esto es el malandro criminal de Macuspana,2026-04-15T07:07:34Z,7,Gobierno de Tampico,CASINOS: RAPEROS Y ABOGADOS DE LA NARCO-TRANSFORMACIÓN | REPORTAJE,La Saga,2026-04-15T04:30:14Z,2026-05-04 06:12:36
X10HeiB_b3g,UgzE79nOz11xt4tKhD54AaABAg,@oscarin.g.e.1973,Nos gobiernan delincuentes perfumados !!!!!!!,2026-04-15T07:05:43Z,1,Gobierno de Tampico,CASINOS: RAPEROS Y ABOGADOS DE LA NARCO-TRANSFORMACIÓN | REPORTAJE,La Saga,2026-04-15T04:30:14Z,2026-05-04 06:12:36
X10HeiB_b3g,Ugzzv_kmxWlTnvBKiOd4AaABAg,@eddiedeassis5279,La UIF ya le bloqueó las cuentas bancarias a este abogado???🤔,2026-04-15T07:04:41Z,1,Gobierno de Tampico,CASINOS: RAPEROS Y ABOGADOS DE LA NARCO-TRANSFORMACIÓN | REPORTAJE,La Saga,2026-04-15T04:30:14Z,2026-05-04 06:12:36
X10HeiB_b3g,Ugw263r5X3Vn2_mJ90Z4AaABAg,@aquilezmexica4717,Tenemos que levantarnos en armas no hay de otra,2026-04-15T07:01:46Z,2,Gobierno de Tampico,CASINOS: RAPEROS Y ABOGADOS DE LA NARCO-TRANSFORMACIÓN | REPORTAJE,La Saga,2026-04-15T04:30:14Z,2026-05-04 06:12:36
X10HeiB_b3g,UgwL8LiAj5fauXG7yj14AaABAg,@eddiedeassis5279,"Que cinismo del abogado diciendo;defendemos al crimen organizado si!<br>No defendemos secuestradores!<br>No defendemos extorsionadores!<br>El <a href=""http://sr.abogado/"">sr.abogado</a> nos salió muy moral ético con sus declaracion.",2026-04-15T06:59:11Z,40,Gobierno de Tampico,CASINOS: RAPEROS Y ABOGADOS DE LA NARCO-TRANSFORMACIÓN | REPORTAJE,La Saga,2026-04-15T04:30:14Z,2026-05-04 06:12:36
X10HeiB_b3g,UgyWwXiFpLpbbh50OiV4AaABAg,@enriquegomezreynaga9434,"Narcopresidenta, que esperan que diga, apoco creen que va a decir que si lo conoce y que son buenos amigos,",2026-04-15T06:56:53Z,2,Gobierno de Tampico,CASINOS: RAPEROS Y ABOGADOS DE LA NARCO-TRANSFORMACIÓN | REPORTAJE,La Saga,2026-04-15T04:30:14Z,2026-05-04 06:12:36
X10HeiB_b3g,UgyNVu5XeYF6TvndqCJ4AaABAg,@luisaguilar5271,Cada vez se demuestra más que tenemos una Presidente mentirosa.,2026-04-15T06:54:16Z,25,Gobierno de Tampico,CASINOS: RAPEROS Y ABOGADOS DE LA NARCO-TRANSFORMACIÓN | REPORTAJE,La Saga,2026-04-15T04:30:14Z,2026-05-04 06:12:36
X10HeiB_b3g,UgynEfrDsgREjUDiF4d4AaABAg,@analucilarosalesnavarro2999,Que ascoooooooooooo!! Puros delincuentes o están en el gobierno o son protegidos por narcomorena 🙈,2026-04-15T06:51:10Z,31,Gobierno de Tampico,CASINOS: RAPEROS Y ABOGADOS DE LA NARCO-TRANSFORMACIÓN | REPORTAJE,La Saga,2026-04-15T04:30:14Z,2026-05-04 06:12:36
X10HeiB_b3g,UgwOe8BWE85l_ONtAEN4AaABAg,@angelesbenitez7363,"QUE DESCARO DIOS MÍO !🤦‍♀️ TRUMP TE NECESITAMOS , YA ESTAMOS HASTA LA MADRE DE TANTA MENTIRA Y CORRUPCIÓN CON ESTE GOBIERNO DE MIERD4 !!",2026-04-15T06:35:38Z,0,Gobierno de Tampico,CASINOS: RAPEROS Y ABOGADOS DE LA NARCO-TRANSFORMACIÓN | REPORTAJE,La Saga,2026-04-15T04:30:14Z,2026-05-04 06:12:36
X10HeiB_b3g,UgwRDpNw8kHt4_ujQe54AaABAg,@salvadorgomezescalona3552,Es inteligencia artificial señora titina????😅,2026-04-15T06:34:55Z,0,Gobierno de Tampico,CASINOS: RAPEROS Y ABOGADOS DE LA NARCO-TRANSFORMACIÓN | REPORTAJE,La Saga,2026-04-15T04:30:14Z,2026-05-04 06:12:36
X10HeiB_b3g,UgyFAvoNHCrS5NRWRc14AaABAg,@ErnestoIribe-p6s,Y todavia lo niega la presidente con A dee muujer. Que cinismo.,2026-04-15T06:33:23Z,24,Gobierno de Tampico,CASINOS: RAPEROS Y ABOGADOS DE LA NARCO-TRANSFORMACIÓN | REPORTAJE,La Saga,2026-04-15T04:30:14Z,2026-05-04 06:12:36
X10HeiB_b3g,Ugz9vQ5FbK2qHbRlCwt4AaABAg,@donovanyates3242,"SI YA TIENE TRUMP TODAS LAS PRUEBAS COMO CON MADURO, QUÉ ESTÁ ESPERANDO PARA LLEVARSE A CLAUDIA Y A AMLO ?? 🇺🇸",2026-04-15T06:22:12Z,2,Gobierno de Tampico,CASINOS: RAPEROS Y ABOGADOS DE LA NARCO-TRANSFORMACIÓN | REPORTAJE,La Saga,2026-04-15T04:30:14Z,2026-05-04 06:12:36
X10HeiB_b3g,Ugywo_2OBJr7rg0gJax4AaABAg,@NARANJA3712,4T Y MORENA...<br>POBREZA<br>MENTIRAS<br>IMPUNIDAD<br>CORRUPCION<br>DESTRUCCION<br>DELINCUENCIA<br>SIN PRINCIPIOS,2026-04-15T06:22:07Z,3,Gobierno de Tampico,CASINOS: RAPEROS Y ABOGADOS DE LA NARCO-TRANSFORMACIÓN | REPORTAJE,La Saga,2026-04-15T04:30:14Z,2026-05-04 06:12:36
X10HeiB_b3g,UgygOjVK4VSqZ8b3IdB4AaABAg,@Myp2014,"La señora no recibe a las madres buscadoras pero se pavonea con el crimen organizado, como su mesías macuspano con la madre del Chapo, y hasta le dan la palabra con todo y premio en el senado. <a href=""http://www.youtube.com/results?search_query=%23fueranarcomorena"">#fueranarcomorena</a>",2026-04-15T06:19:05Z,105,Gobierno de Tampico,CASINOS: RAPEROS Y ABOGADOS DE LA NARCO-TRANSFORMACIÓN | REPORTAJE,La Saga,2026-04-15T04:30:14Z,2026-05-04 06:12:36
X10HeiB_b3g,UgwbKi4ge-Jmz1D9rj54AaABAg,@rociopedraja1179,Ya están despertando ?,2026-04-15T06:18:26Z,0,Gobierno de Tampico,CASINOS: RAPEROS Y ABOGADOS DE LA NARCO-TRANSFORMACIÓN | REPORTAJE,La Saga,2026-04-15T04:30:14Z,2026-05-04 06:12:36
X10HeiB_b3g,UgweOo7hdsqWHa7IqTp4AaABAg,@VirginiaGuevaraTorres-zr1xl,Se sentían intocables  pero llego Trump  gracias Trump,2026-04-15T06:18:12Z,1,Gobierno de Tampico,CASINOS: RAPEROS Y ABOGADOS DE LA NARCO-TRANSFORMACIÓN | REPORTAJE,La Saga,2026-04-15T04:30:14Z,2026-05-04 06:12:36
X10HeiB_b3g,Ugx0N9fWjxtYBssD_zl4AaABAg,@gerardorangel5524,"Pero lo premian en el senado, así está dentro del gobierno",2026-04-15T06:12:37Z,31,Gobierno de Tampico,CASINOS: RAPEROS Y ABOGADOS DE LA NARCO-TRANSFORMACIÓN | REPORTAJE,La Saga,2026-04-15T04:30:14Z,2026-05-04 06:12:36
X10HeiB_b3g,Ugx3QQXp2m4KsgBAKVF4AaABAg,@VioletaAngulo-w7c,Mm mas malandros y más  malandros y sin vergüenza .<br>De cuello blanco.,2026-04-15T06:08:25Z,3,Gobierno de Tampico,CASINOS: RAPEROS Y ABOGADOS DE LA NARCO-TRANSFORMACIÓN | REPORTAJE,La Saga,2026-04-15T04:30:14Z,2026-05-04 06:12:36
X10HeiB_b3g,UgyybpGH89TkmcFVfMF4AaABAg,@userfiero-d3e,USA sabe en que andan y con quien andan los politicosde mexico .,2026-04-15T06:07:15Z,6,Gobierno de Tampico,CASINOS: RAPEROS Y ABOGADOS DE LA NARCO-TRANSFORMACIÓN | REPORTAJE,La Saga,2026-04-15T04:30:14Z,2026-05-04 06:12:36
X10HeiB_b3g,Ugzg743DOvj4cteBcwJ4AaABAg,@VioletaAngulo-w7c,UTA hasta premio le dieron .<br>Nompues así como.<br>Ya valió México.,2026-04-15T06:07:01Z,26,Gobierno de Tampico,CASINOS: RAPEROS Y ABOGADOS DE LA NARCO-TRANSFORMACIÓN | REPORTAJE,La Saga,2026-04-15T04:30:14Z,2026-05-04 06:12:36
X10HeiB_b3g,Ugww8OuE_MeXebAe8LN4AaABAg,@VioletaAngulo-w7c,De mal en peor.,2026-04-15T06:06:03Z,9,Gobierno de Tampico,CASINOS: RAPEROS Y ABOGADOS DE LA NARCO-TRANSFORMACIÓN | REPORTAJE,La Saga,2026-04-15T04:30:14Z,2026-05-04 06:12:36
X10HeiB_b3g,UgwFY-tl_XwNKgbGbaV4AaABAg,@temolestas6700,Esto se va a poner bueno señores 😂,2026-04-15T06:05:25Z,8,Gobierno de Tampico,CASINOS: RAPEROS Y ABOGADOS DE LA NARCO-TRANSFORMACIÓN | REPORTAJE,La Saga,2026-04-15T04:30:14Z,2026-05-04 06:12:36
X10HeiB_b3g,UgyYuoT8Npqz3bIOfhV4AaABAg,@mbhmex,Una imagen dice mas que mil palabras,2026-04-15T06:04:14Z,27,Gobierno de Tampico,CASINOS: RAPEROS Y ABOGADOS DE LA NARCO-TRANSFORMACIÓN | REPORTAJE,La Saga,2026-04-15T04:30:14Z,2026-05-04 06:12:36
X10HeiB_b3g,UgzPpK6qvYRc7tqP2994AaABAg,@CarlosVazquez-rs2oz,Nadie inteligente te cree Shitbaum,2026-04-15T06:04:07Z,18,Gobierno de Tampico,CASINOS: RAPEROS Y ABOGADOS DE LA NARCO-TRANSFORMACIÓN | REPORTAJE,La Saga,2026-04-15T04:30:14Z,2026-05-04 06:12:36
X10HeiB_b3g,UgwbALxMndW6tJXAs194AaABAg,@conejoblanco949,No esta foto ya la habían sacado?,2026-04-15T06:01:13Z,0,Gobierno de Tampico,CASINOS: RAPEROS Y ABOGADOS DE LA NARCO-TRANSFORMACIÓN | REPORTAJE,La Saga,2026-04-15T04:30:14Z,2026-05-04 06:12:36
X10HeiB_b3g,UgwHyAsHoNZszcnoEP54AaABAg,@fernandadiostbendiga2519,SI TE VIENEN A CONTAR..COSITAS MALAS DE MI.... MANDA A TODOS A VOLAR🎶🎷🎶🎸🎹Y DILES QUE YO NO FUI ...🎶🎹🎸🎷🎶🎶🤣🤣,2026-04-15T05:51:57Z,0,Gobierno de Tampico,CASINOS: RAPEROS Y ABOGADOS DE LA NARCO-TRANSFORMACIÓN | REPORTAJE,La Saga,2026-04-15T04:30:14Z,2026-05-04 06:12:36
X10HeiB_b3g,UgxjbxIIR7-ob0AP7q14AaABAg,@MariaGonzalez-uf1dr,"Qué cosas estamos viendo, siempre pensamos que ya es lo último y cada vez nos sorprenden estos morenistas<br>Dando reconocimiento a los criminales y a las madres buscadoras poco les falta para apedrearlas y encarcelarlas….😢",2026-04-15T05:51:09Z,0,Gobierno de Tampico,CASINOS: RAPEROS Y ABOGADOS DE LA NARCO-TRANSFORMACIÓN | REPORTAJE,La Saga,2026-04-15T04:30:14Z,2026-05-04 06:12:36
X10HeiB_b3g,Ugys-Vk-pq-lqmyxEf54AaABAg,@newcruiser,...y la musica toda tenebrosa y tendenciosa para manipular a los ingenuos.,2026-04-15T05:50:34Z,0,Gobierno de Tampico,CASINOS: RAPEROS Y ABOGADOS DE LA NARCO-TRANSFORMACIÓN | REPORTAJE,La Saga,2026-04-15T04:30:14Z,2026-05-04 06:12:36
X10HeiB_b3g,UgwNB08QpAtjF7zR43p4AaABAg,@LuisRuiz-j6y,"La narcochacha del malestar, yo no lo conozco 😂",2026-04-15T05:50:01Z,31,Gobierno de Tampico,CASINOS: RAPEROS Y ABOGADOS DE LA NARCO-TRANSFORMACIÓN | REPORTAJE,La Saga,2026-04-15T04:30:14Z,2026-05-04 06:12:36
X10HeiB_b3g,Ugy5IGKqyPfBpArOMBt4AaABAg,@giselasanchez8938,Qué pena,2026-04-15T05:47:56Z,1,Gobierno de Tampico,CASINOS: RAPEROS Y ABOGADOS DE LA NARCO-TRANSFORMACIÓN | REPORTAJE,La Saga,2026-04-15T04:30:14Z,2026-05-04 06:12:36
X10HeiB_b3g,UgyH5wyiP3w50BeP-dB4AaABAg,@noemartinez6797,Fuera Morena ‼️,2026-04-15T05:45:41Z,2,Gobierno de Tampico,CASINOS: RAPEROS Y ABOGADOS DE LA NARCO-TRANSFORMACIÓN | REPORTAJE,La Saga,2026-04-15T04:30:14Z,2026-05-04 06:12:36
X10HeiB_b3g,UgzTwVKx9ypyiTvH0LV4AaABAg,@fernandadiostbendiga2519,🤢🤢🤮🤮🤮,2026-04-15T05:45:24Z,0,Gobierno de Tampico,CASINOS: RAPEROS Y ABOGADOS DE LA NARCO-TRANSFORMACIÓN | REPORTAJE,La Saga,2026-04-15T04:30:14Z,2026-05-04 06:12:36
X10HeiB_b3g,UgzRE7GX30LKvB-TvsJ4AaABAg,@jeimerluna1630,Cuando uno se ve en la foto fácilmente sabe en donde se la tomo es volverla a vivir jaja,2026-04-15T05:45:08Z,1,Gobierno de Tampico,CASINOS: RAPEROS Y ABOGADOS DE LA NARCO-TRANSFORMACIÓN | REPORTAJE,La Saga,2026-04-15T04:30:14Z,2026-05-04 06:12:36
X10HeiB_b3g,UgzeBXBP3tuFRTVW89N4AaABAg,@MrAutoptic,Asco da este gobierno,2026-04-15T05:41:04Z,27,Gobierno de Tampico,CASINOS: RAPEROS Y ABOGADOS DE LA NARCO-TRANSFORMACIÓN | REPORTAJE,La Saga,2026-04-15T04:30:14Z,2026-05-04 06:12:36
X10HeiB_b3g,UgywAj2XQq6-gvTOtYl4AaABAg,@samanthalove777,"Pasando de los abrazos , a los apapachos ..<br>Premios y fotos con la señora de palacio , y luego se enojan cuando hasta en el extranjero se califica a el gobierno de morena como un de NARCOGOBIERNO .",2026-04-15T05:40:03Z,9,Gobierno de Tampico,CASINOS: RAPEROS Y ABOGADOS DE LA NARCO-TRANSFORMACIÓN | REPORTAJE,La Saga,2026-04-15T04:30:14Z,2026-05-04 06:12:36
X10HeiB_b3g,UgxGD7wDuxKR46bKZNx4AaABAg,@MariaFernandaMora-e9x,Por ahí avisenle a la lagartija 🦎 que ya vimos sus amistades...,2026-04-15T05:38:23Z,0,Gobierno de Tampico,CASINOS: RAPEROS Y ABOGADOS DE LA NARCO-TRANSFORMACIÓN | REPORTAJE,La Saga,2026-04-15T04:30:14Z,2026-05-04 06:12:36
X10HeiB_b3g,UgxqQBhM1Uo1R0UbH354AaABAg,@PatriciaR.E.-no9li,El Narcogobierno y delincuencia organizada son lo mismo,2026-04-15T05:36:42Z,16,Gobierno de Tampico,CASINOS: RAPEROS Y ABOGADOS DE LA NARCO-TRANSFORMACIÓN | REPORTAJE,La Saga,2026-04-15T04:30:14Z,2026-05-04 06:12:36
X10HeiB_b3g,UgzD9Q-BivPsrm4_FC94AaABAg,@Tirso-j1l,"ESTO SE LLAMA GOLPE BLANDO O GUERRA ASIMÉTRICA DEL IMPERIO A LOS PAISES QUE NO LE BESAN EL K LO , O HABER DÍGANME ADONDE QUEDO EL CARTEL DE LOS SOLES , CREAN LA NARRATIVA CON LA AYUDA DE SUS PERIODISTAS SERVILES QUE SE VENDEN POR DINERO",2026-04-15T05:36:03Z,1,Gobierno de Tampico,CASINOS: RAPEROS Y ABOGADOS DE LA NARCO-TRANSFORMACIÓN | REPORTAJE,La Saga,2026-04-15T04:30:14Z,2026-05-04 06:12:36
X10HeiB_b3g,Ugyldq5VJlgoFpq3Em14AaABAg,@erikaruiz6878,"Con razón,  y bien de acuerdo le quitaron la vida tan valiosa al &quot; licenciado Manzo&quot;, un hombre bueno y honesto....sabían que el IVA llegar para gobernador y después para presidente.",2026-04-15T05:35:55Z,1,Gobierno de Tampico,CASINOS: RAPEROS Y ABOGADOS DE LA NARCO-TRANSFORMACIÓN | REPORTAJE,La Saga,2026-04-15T04:30:14Z,2026-05-04 06:12:36
X10HeiB_b3g,UgyR2DJCs8asdeB-i2h4AaABAg,@IgnacioVaca-nw5ru,"Cuando le conviene a Sor Claudia,  sabe santo y seña de lo q le preguntan. X eso no pasa de Ama de  🔑 🔑  del Palacio Nal 🤔",2026-04-15T05:34:41Z,0,Gobierno de Tampico,CASINOS: RAPEROS Y ABOGADOS DE LA NARCO-TRANSFORMACIÓN | REPORTAJE,La Saga,2026-04-15T04:30:14Z,2026-05-04 06:12:36
X10HeiB_b3g,UgxHgFrJlWoM8nm-GYB4AaABAg,@erikaruiz6878,Que triztesa por eso está el país como está de lo peor un gobierno mafioso lo peor.,2026-04-15T05:34:25Z,11,Gobierno de Tampico,CASINOS: RAPEROS Y ABOGADOS DE LA NARCO-TRANSFORMACIÓN | REPORTAJE,La Saga,2026-04-15T04:30:14Z,2026-05-04 06:12:36
X10HeiB_b3g,Ugxx6R58cyx4h5GnDRR4AaABAg,@silvanoguerrerorodriguez2755,Que asco de narcogobierno corruptos narcomorenistas,2026-04-15T05:33:43Z,124,Gobierno de Tampico,CASINOS: RAPEROS Y ABOGADOS DE LA NARCO-TRANSFORMACIÓN | REPORTAJE,La Saga,2026-04-15T04:30:14Z,2026-05-04 06:12:36
X10HeiB_b3g,UgyX-NbuI0jMOK-3smV4AaABAg,@JHP1963,"Van a caer estos delincuentes disfrazados de políticos, FUERA LOS <a href=""http://www.youtube.com/results?search_query=%23morenarcos"">#MoreNarcos</a>!!!!!",2026-04-15T05:31:58Z,160,Gobierno de Tampico,CASINOS: RAPEROS Y ABOGADOS DE LA NARCO-TRANSFORMACIÓN | REPORTAJE,La Saga,2026-04-15T04:30:14Z,2026-05-04 06:12:36
X10HeiB_b3g,Ugy-H9nCqHQsfdccnfp4AaABAg,@marcezamgut,😮 y lo premiaron en el senado 🤦🏻‍♀️,2026-04-15T05:29:38Z,63,Gobierno de Tampico,CASINOS: RAPEROS Y ABOGADOS DE LA NARCO-TRANSFORMACIÓN | REPORTAJE,La Saga,2026-04-15T04:30:14Z,2026-05-04 06:12:36
X10HeiB_b3g,UgynFOgSSanC6tlC1nZ4AaABAg,@graceamarillas,ESE fulano tiene toda la cara y la finta de Delincuente. que barbaro  cada vez Morena mas manchado con criminales y envuelta en cosas turbias. YA HAY QUE SACAR A ESTOS MALDITOS DE MORENA,2026-04-15T05:29:24Z,27,Gobierno de Tampico,CASINOS: RAPEROS Y ABOGADOS DE LA NARCO-TRANSFORMACIÓN | REPORTAJE,La Saga,2026-04-15T04:30:14Z,2026-05-04 06:12:36
X10HeiB_b3g,UgzFtPKHCzJjrMqFTdh4AaABAg,@TomWarrior-f1c,"Entre pillos y delincuentes se vean, han transformado a México en todo lo contrario que las personas le pedían a amlo en 2018.",2026-04-15T05:28:04Z,27,Gobierno de Tampico,CASINOS: RAPEROS Y ABOGADOS DE LA NARCO-TRANSFORMACIÓN | REPORTAJE,La Saga,2026-04-15T04:30:14Z,2026-05-04 06:12:36
X10HeiB_b3g,Ugzf6ok5JnLoyWBa1Pl4AaABAg,@marcezamgut,La pregunta aquí es ¿Quién los acerca a ella? ¿Por qué están tan cerca de los políticos?,2026-04-15T05:27:48Z,45,Gobierno de Tampico,CASINOS: RAPEROS Y ABOGADOS DE LA NARCO-TRANSFORMACIÓN | REPORTAJE,La Saga,2026-04-15T04:30:14Z,2026-05-04 06:12:36
X10HeiB_b3g,UgyrL_AvlIJPb63SibV4AaABAg,@josehumbertocabada9959,Gracias 👍   Sr. Donald Trumph la esperanza de Mexico contra la peste de narcogobierno y carteles.  Los mexicanos de bien que hemos padecido la horrible criminalidad se lo agradecemos,2026-04-15T05:24:08Z,8,Gobierno de Tampico,CASINOS: RAPEROS Y ABOGADOS DE LA NARCO-TRANSFORMACIÓN | REPORTAJE,La Saga,2026-04-15T04:30:14Z,2026-05-04 06:12:36
X10HeiB_b3g,UgwSv4pyY1Ok8JW45gZ4AaABAg,@patthlizciasolis1607,Todos contra el cártel narcomorena de la 4ta 💩 deformada!!!!!👊🏼🤬🤬🤬🤬🤬🤬🤬🤬🤬🤬🤬🤬👎🏻,2026-04-15T05:21:14Z,1,Gobierno de Tampico,CASINOS: RAPEROS Y ABOGADOS DE LA NARCO-TRANSFORMACIÓN | REPORTAJE,La Saga,2026-04-15T04:30:14Z,2026-05-04 06:12:36
X10HeiB_b3g,UgwPllrkWOOagRRZLQt4AaABAg,@teresaestrada2990,"Estos mafiosos que nos gobiernan no están aliados al crimen organizado, ellos son el crimen organizado",2026-04-15T05:19:27Z,165,Gobierno de Tampico,CASINOS: RAPEROS Y ABOGADOS DE LA NARCO-TRANSFORMACIÓN | REPORTAJE,La Saga,2026-04-15T04:30:14Z,2026-05-04 06:12:36
X10HeiB_b3g,Ugy9o4liGdT7SVWou7Z4AaABAg,@yolandajimenez1972,Si esto es cierto .ES EL COLMO. 😡😡😡😡😡😡😡😡😡😡,2026-04-15T05:18:54Z,10,Gobierno de Tampico,CASINOS: RAPEROS Y ABOGADOS DE LA NARCO-TRANSFORMACIÓN | REPORTAJE,La Saga,2026-04-15T04:30:14Z,2026-05-04 06:12:36
X10HeiB_b3g,UgyENf-m2sC8j6dJaRh4AaABAg,@reynamiranda7346,Sopas,2026-04-15T05:15:30Z,2,Gobierno de Tampico,CASINOS: RAPEROS Y ABOGADOS DE LA NARCO-TRANSFORMACIÓN | REPORTAJE,La Saga,2026-04-15T04:30:14Z,2026-05-04 06:12:36
X10HeiB_b3g,UgwLh7pcUE7KqhNxoBB4AaABAg,@angellopez691,Presirviente de Obrador: &quot;Cabeza fria&quot;  xD,2026-04-15T05:08:43Z,34,Gobierno de Tampico,CASINOS: RAPEROS Y ABOGADOS DE LA NARCO-TRANSFORMACIÓN | REPORTAJE,La Saga,2026-04-15T04:30:14Z,2026-05-04 06:12:36
X10HeiB_b3g,UgybzuxoTm4PipGfs6B4AaABAg,@DanielMacias-i6q,No le dabas el culo a mancera adelante micha,2026-04-15T04:52:50Z,0,Gobierno de Tampico,CASINOS: RAPEROS Y ABOGADOS DE LA NARCO-TRANSFORMACIÓN | REPORTAJE,La Saga,2026-04-15T04:30:14Z,2026-05-04 06:12:36
X10HeiB_b3g,UgwwuqVR6JEgwn9zS8Z4AaABAg,@AllanPsls,"A esos no les van a congelar la uif 😂😂😂 este gobierno es el peor gobierno que hemos tenido, haber cuando se darán cuenta mexicanos",2026-04-15T04:49:17Z,95,Gobierno de Tampico,CASINOS: RAPEROS Y ABOGADOS DE LA NARCO-TRANSFORMACIÓN | REPORTAJE,La Saga,2026-04-15T04:30:14Z,2026-05-04 06:12:36
iwhP51skkqM,UgzrypaT1RHZ0t3F9K94AaABAg,@fvictoriano,"Jajajajajajajajajajaja... en coordinación con Estados Unidos... naaaaaaaa, por órdenes de los gringos tienen que dar golpes a sus socios, este es un NARCOGOBIERNO",2026-04-16T03:56:06Z,0,Gobierno de Tampico,UIF destapa red de casinos ligada al Cártel del Noreste,EXCELSIOR,2026-04-14T21:41:14Z,2026-05-04 06:12:36
iwhP51skkqM,UgxiLqReMqVjx4xRyxN4AaABAg,@DariusChancey,Claro que ese falso activista traficante de personas es todo un criminal. El gobierno del KKs lo protege. Sera porque le dan una moche al Peje por cada persona que trafican por Mexico. Recuerden que el KKs dejo entrar a miles de inmigrantes en todo su sexenio para ayudar a los a carteles hacer dinero y el tambien.,2026-04-15T04:46:21Z,0,Gobierno de Tampico,UIF destapa red de casinos ligada al Cártel del Noreste,EXCELSIOR,2026-04-14T21:41:14Z,2026-05-04 06:12:36
iwhP51skkqM,UgxP7Rm05PtA6UPPq8t4AaABAg,@FlorJudith,Vayan a investigar a big bola Tlalnepantla,2026-04-15T04:41:45Z,0,Gobierno de Tampico,UIF destapa red de casinos ligada al Cártel del Noreste,EXCELSIOR,2026-04-14T21:41:14Z,2026-05-04 06:12:36
iwhP51skkqM,UgwAvnyE0QspzZ0FU-V4AaABAg,@FC-rr5qo,Le dieron tres vueltas y media y no presentaron lo más importante de una nota periodística los datos que ubican y dan fe a la nota. Mala pinta de excelsior pareciera que es de relleno o bien propaganda,2026-04-15T00:25:00Z,1,Gobierno de Tampico,UIF destapa red de casinos ligada al Cártel del Noreste,EXCELSIOR,2026-04-14T21:41:14Z,2026-05-04 06:12:36
iwhP51skkqM,UgztT0En9L3N7kIsnc14AaABAg,@lourdesvazquez3486,"MENTIRAS!!!!   NO FUE EL GOBIERNO D MÉXICO, ESTO FUE X USA!!!!",2026-04-14T23:09:47Z,4,Gobierno de Tampico,UIF destapa red de casinos ligada al Cártel del Noreste,EXCELSIOR,2026-04-14T21:41:14Z,2026-05-04 06:12:36
iwhP51skkqM,UgxSQ9VMsAGJRYzUoAt4AaABAg,@lourdesvazquez3486,"MENTIRAS!!!!   NO FUE EL GOBIERNO D MÉXICO, ESTO FUE X USA!!!!",2026-04-14T23:09:36Z,6,Gobierno de Tampico,UIF destapa red de casinos ligada al Cártel del Noreste,EXCELSIOR,2026-04-14T21:41:14Z,2026-05-04 06:12:36
iwhP51skkqM,Ugy7xa-rHhs9xg8lxDl4AaABAg,@MazatlanSinaloa-g7l,Lis casinos lavanderas,2026-04-14T22:49:30Z,1,Gobierno de Tampico,UIF destapa red de casinos ligada al Cártel del Noreste,EXCELSIOR,2026-04-14T21:41:14Z,2026-05-04 06:12:36
iwhP51skkqM,UgybyH1KKM_viVh0dV94AaABAg,@martapatriciacisnerosgarci7181,"TODO NUESTRO APOYO A LAS AUTORIDADES , A LA UIF , QUE POR PRIMERA VEZ , ESTÁN TRABAJANDO , CAIGA QUIEN CAIGA 💪👏👏👏👏👏",2026-04-14T22:23:31Z,5,Gobierno de Tampico,UIF destapa red de casinos ligada al Cártel del Noreste,EXCELSIOR,2026-04-14T21:41:14Z,2026-05-04 06:12:36
iwhP51skkqM,UgzjozTm-e5RsQ10ThZ4AaABAg,@GabrielaGarcia-pt5up,"Claro el gobierno levanta a estos criminales que lavan dinero porq les estorban para hacer sus malos negocios , mi denuncia de lavado de dinero de una empresa muy grande en la república mexicana no la han tomado en cuenta",2026-04-14T22:21:23Z,3,Gobierno de Tampico,UIF destapa red de casinos ligada al Cártel del Noreste,EXCELSIOR,2026-04-14T21:41:14Z,2026-05-04 06:12:36
iwhP51skkqM,Ugxj8XT2wBk6fUOTKDl4AaABAg,@bernardinomarquez406,Y el casino de tafolla el del sombrero en Pátzcuaro?,2026-04-14T22:18:10Z,4,Gobierno de Tampico,UIF destapa red de casinos ligada al Cártel del Noreste,EXCELSIOR,2026-04-14T21:41:14Z,2026-05-04 06:12:36
iwhP51skkqM,Ugy-DHkfDjX3CKaS1gp4AaABAg,@MultiCarlos765,Nel Fue USA aquí en Mexico se hacen Gueyes Están coludidos es del dominio publico …,2026-04-14T22:12:35Z,7,Gobierno de Tampico,UIF destapa red de casinos ligada al Cártel del Noreste,EXCELSIOR,2026-04-14T21:41:14Z,2026-05-04 06:12:36
iwhP51skkqM,Ugz5CrGAH45Mf9NjSfp4AaABAg,@ATM999,El Excelsior generando reportajes y contenidos con Inteligencia Artificial. Acabáramos.,2026-04-14T22:10:32Z,3,Gobierno de Tampico,UIF destapa red de casinos ligada al Cártel del Noreste,EXCELSIOR,2026-04-14T21:41:14Z,2026-05-04 06:12:36
iwhP51skkqM,Ugw6cTcOANsR2mPyj2B4AaABAg,@MartiniRoss-t2k,La.  Lavanderias.   😅😅😅😅😅😅de. Gobierno.  De. Eeuu😅😅😅😅,2026-04-14T22:08:57Z,3,Gobierno de Tampico,UIF destapa red de casinos ligada al Cártel del Noreste,EXCELSIOR,2026-04-14T21:41:14Z,2026-05-04 06:12:36
p8-deuF414I,UgxdloWSaea9BmvdKP14AaABAg,@JaquelineP-r1c,Hola buenas tardes T Jacqueline un sentido pésame para toda su familia para Sergio sierva de Monterrey pastor a sus hijos a su esposa un sentido pésame para toda la familia,2026-04-14T04:37:26Z,0,Gobierno de Tampico,Luto en el norte: fallece Paco Silva | Noticias MTY primera emisión,Imagen Noticias,2026-04-13T12:55:26Z,2026-05-04 06:12:36
p8-deuF414I,Ugzodk4CWxu7mierXHd4AaABAg,@FelipeSanchez-wz3dx,al segundo 34..se escucha mucho chiken..y nada más...,2026-04-13T18:16:57Z,0,Gobierno de Tampico,Luto en el norte: fallece Paco Silva | Noticias MTY primera emisión,Imagen Noticias,2026-04-13T12:55:26Z,2026-05-04 06:12:36
p8-deuF414I,UgwDscwBVT6DGhgEnsJ4AaABAg,@maricelacoronel5737,🕊️🕊️🕊️🕊️🕊️,2026-04-13T16:25:14Z,1,Gobierno de Tampico,Luto en el norte: fallece Paco Silva | Noticias MTY primera emisión,Imagen Noticias,2026-04-13T12:55:26Z,2026-05-04 06:12:36
p8-deuF414I,UgwF4ZF9wqo0GfgbO6x4AaABAg,@LissMirel,No sirve su Audio 😮,2026-04-13T16:20:11Z,0,Gobierno de Tampico,Luto en el norte: fallece Paco Silva | Noticias MTY primera emisión,Imagen Noticias,2026-04-13T12:55:26Z,2026-05-04 06:12:36
p8-deuF414I,Ugw5saSKFX_Pbj7QeNB4AaABAg,@Jdjxjjxhxh,la tropa Tolombiana???? che inutil ni dar una nota sabes ajjajajajajaaj,2026-04-13T15:35:33Z,0,Gobierno de Tampico,Luto en el norte: fallece Paco Silva | Noticias MTY primera emisión,Imagen Noticias,2026-04-13T12:55:26Z,2026-05-04 06:12:36
p8-deuF414I,UgzH4jEas4wc1Mo-Sb14AaABAg,@erickaldama7724,Por qué todos sus videos tienen problemas con el audio ??,2026-04-13T14:52:19Z,2,Gobierno de Tampico,Luto en el norte: fallece Paco Silva | Noticias MTY primera emisión,Imagen Noticias,2026-04-13T12:55:26Z,2026-05-04 06:12:36
aLuNcpid_lo,UgyeLG8_yVcPN4Ldr0N4AaABAg,@carmenroquechavez8713,Disculpen en la tele no se ve se quedo en negro la pantalla pero solo es el canal 356,2026-04-14T22:13:53Z,0,Gobierno de Tampico,"Localizan con vida al alcalde de Taxco y a su padre | Alejandro Domínguez, 13 de abril de 2026",MILENIO,2026-04-14T04:47:06Z,2026-05-04 06:12:36
aLuNcpid_lo,Ugy3XKOnvgmWUsGcr_Z4AaABAg,@carmenroquechavez8713,Disculpen en la tele no se ve se quedo en negro la pantalla pero solo es el canal 356,2026-04-14T22:13:41Z,0,Gobierno de Tampico,"Localizan con vida al alcalde de Taxco y a su padre | Alejandro Domínguez, 13 de abril de 2026",MILENIO,2026-04-14T04:47:06Z,2026-05-04 06:12:36
aLuNcpid_lo,UgzyWgYCcRWKaR9KBst4AaABAg,@RicardoPeregrino-pl8tf,y el gobierno mexicano lo sabe<br>y no hace nada<br>nada por su complicidad con el narco,2026-04-14T14:39:40Z,2,Gobierno de Tampico,"Localizan con vida al alcalde de Taxco y a su padre | Alejandro Domínguez, 13 de abril de 2026",MILENIO,2026-04-14T04:47:06Z,2026-05-04 06:12:36
aLuNcpid_lo,Ugxkud6QGEXCM1Qv09h4AaABAg,@BastecSoyelcambio-v4c,😳😳😳🤦,2026-04-14T09:28:58Z,2,Gobierno de Tampico,"Localizan con vida al alcalde de Taxco y a su padre | Alejandro Domínguez, 13 de abril de 2026",MILENIO,2026-04-14T04:47:06Z,2026-05-04 06:12:36
aLuNcpid_lo,UgyQsMVDGT4cAUzso4d4AaABAg,@deviguerrero7573,Estos cuates !pensiones de medio millón de pesos ?,2026-04-14T08:06:38Z,4,Gobierno de Tampico,"Localizan con vida al alcalde de Taxco y a su padre | Alejandro Domínguez, 13 de abril de 2026",MILENIO,2026-04-14T04:47:06Z,2026-05-04 06:12:36
GFeIWG--oto,UgxSjrycqEmM3BIeTPB4AaABAg,@DonManu85,Ppr fin van a reparar la fuga de la tubería de 32 pulgadas que lleva años ahí,2026-04-21T01:29:38Z,0,gobierno de Tampico,Avanza de manera significativa obra hidráulica en Tampico; se encuentra en etapa final,CITY CHANNEL,2026-04-18T01:15:01Z,2026-05-04 06:12:36
UdqkVTlu7J4,Ugyy6nzQIIkJV955E5p4AaABAg,@azucenasanbis5732,"Para los que nunca habíamos conocido Tampico ni su historia  este museo nos enseña muchísimo,  hay videos interactivos desde la primera épocas, su paso por el tiempo, la inundación,  los canales de televisión y radio, un vagón de tren y la historia de como llego a ese estado, la remoselacion de la casa con sus vitrales  hermos además de   proyectos a futuro en la capital 👍",2026-04-13T06:49:48Z,0,gobierno de Tampico,Museo de la Ciudad de Tampico..Imperdible!.👌😲,Carlos Alarcón,2026-04-13T00:54:05Z,2026-05-04 06:12:36
UdqkVTlu7J4,Ugx-T-mBiLzjbcLd0GJ4AaABAg,@AvelinoSánchez-i3o6y,😂  170 pesos .. es museo de cultura  debe ser entrada libre .. no un NEGOCIO. . Ahi si esta super limpio el negocio 😂 pero las calles estan bien puercas 😂,2026-04-13T02:20:27Z,0,gobierno de Tampico,Museo de la Ciudad de Tampico..Imperdible!.👌😲,Carlos Alarcón,2026-04-13T00:54:05Z,2026-05-04 06:12:36
UdqkVTlu7J4,Ugxaxd2nnNPxvNSmdgR4AaABAg,@alarconsandovaldavidangel5301,"Muy interesante museo, pasado y presente de Tampico, salas interactivas y muy limpio y moderno todo",2026-04-13T01:40:02Z,0,gobierno de Tampico,Museo de la Ciudad de Tampico..Imperdible!.👌😲,Carlos Alarcón,2026-04-13T00:54:05Z,2026-05-04 06:12:36
0dXjTwK9Fl0,UgxKXoimMlgQM9rxLDV4AaABAg,@alarconsandovaldavidangel5301,"Muy buenas, las recomiendo",2026-04-16T10:39:15Z,0,gobierno de Tampico,"Y tú, ya has probado ""LAS TORTAS DE LA BARDA""..en Tampico??.🤔🧐",Carlos Alarcón,2026-04-16T03:19:02Z,2026-05-04 06:12:36
zjeUBwOmIDA,UgxJ_NkDZNWEZb5JsMt4AaABAg,@unotv,"Consulta más información en: <br><br><a href=""https://www.unotv.com/nacional/ee-uu-sanciona-casinos-en-tamaulipas-por-lavado-y-vinculos-con-el-cartel-del-noreste-los-liga-a-fentanilo/"">https://www.unotv.com/nacional/ee-uu-sanciona-casinos-en-tamaulipas-por-lavado-y-vinculos-con-el-cartel-del-noreste-los-liga-a-fentanilo/</a>",2026-04-14T20:39:27Z,1,gobierno de Tampico,EE. UU. sanciona a casinos en Tamaulipas por lavado y vínculos con el Cártel del Noreste,UnoTV,2026-04-14T20:39:09Z,2026-05-04 06:12:36
zjeUBwOmIDA,Ugxvb4TqxjgUvY119MV4AaABAg,@gerardarazo804,No hayan como poder robar a México... Que revisen las Vegas,2026-04-15T08:43:19Z,0,gobierno de Tampico,EE. UU. sanciona a casinos en Tamaulipas por lavado y vínculos con el Cártel del Noreste,UnoTV,2026-04-14T20:39:09Z,2026-05-04 06:12:36
zjeUBwOmIDA,UgypddUUfSrnjMKyGvF4AaABAg,@servitecmanzanillo6295,"Y Ellos que se meten en otro Pais, que arreglen sus broncas ellos y que dejen que el gobierno Mexicano se haga cargo .",2026-04-14T23:35:05Z,0,gobierno de Tampico,EE. UU. sanciona a casinos en Tamaulipas por lavado y vínculos con el Cártel del Noreste,UnoTV,2026-04-14T20:39:09Z,2026-05-04 06:12:36
zjeUBwOmIDA,UgxBVB4yTzTGOaNPeCt4AaABAg,@Rafael-wn7bf,"Y porqué en México....? Que vaya mucho a CHSM...y la Vegas qué ?  Reno Nevada qué...? Que no se haga ENDEJO....! Tiene ciudades completas, corruptas...y lavadores de dinero y distribuyen droga. 😮Viva México, viva la 4T.",2026-04-14T22:28:46Z,0,gobierno de Tampico,EE. UU. sanciona a casinos en Tamaulipas por lavado y vínculos con el Cártel del Noreste,UnoTV,2026-04-14T20:39:09Z,2026-05-04 06:12:36
zjeUBwOmIDA,UgxE2pa6FiJuCTQVNuF4AaABAg,@HectorFlores-c4c,EU sancionado en México? Y porque no sanciona a Irán con el Canal de Zous?,2026-04-14T22:05:11Z,0,gobierno de Tampico,EE. UU. sanciona a casinos en Tamaulipas por lavado y vínculos con el Cártel del Noreste,UnoTV,2026-04-14T20:39:09Z,2026-05-04 06:12:36
zjeUBwOmIDA,Ugz4aM2SJeioNqncLmh4AaABAg,@FranciscoMartinez-u6j,Metiche no solo tu tienes ese derecho,2026-04-14T21:58:01Z,0,gobierno de Tampico,EE. UU. sanciona a casinos en Tamaulipas por lavado y vínculos con el Cártel del Noreste,UnoTV,2026-04-14T20:39:09Z,2026-05-04 06:12:36
zjeUBwOmIDA,Ugz0-8fkLfXXsu66fed4AaABAg,@JaimeEscamilla-eq6sm,Que sancione todos los casinos de Estado Unidos,2026-04-14T21:50:36Z,3,gobierno de Tampico,EE. UU. sanciona a casinos en Tamaulipas por lavado y vínculos con el Cártel del Noreste,UnoTV,2026-04-14T20:39:09Z,2026-05-04 06:12:36
zjeUBwOmIDA,UgwLmtozwF4zkN325bp4AaABAg,@ElCartelMusical,No ayan como darles en la madre a el CDN,2026-04-14T21:49:28Z,1,gobierno de Tampico,EE. UU. sanciona a casinos en Tamaulipas por lavado y vínculos con el Cártel del Noreste,UnoTV,2026-04-14T20:39:09Z,2026-05-04 06:12:36
zjeUBwOmIDA,UgwxKEH5QLphsBv63SZ4AaABAg,@AsesoriaJuridicaGratuita-hc2qi,"pues en esos garitos es puro vicio de varios tipos,  Si ya se sabe, pero se hacen los pendej*s,  el PAN estuvo ingue y jode que se abrieran, el mismo Ferriz de Con ahi andaba de promotor, puros maleantes, Romo, Hank Ron...",2026-04-14T21:47:18Z,2,gobierno de Tampico,EE. UU. sanciona a casinos en Tamaulipas por lavado y vínculos con el Cártel del Noreste,UnoTV,2026-04-14T20:39:09Z,2026-05-04 06:12:36
zjeUBwOmIDA,UgztnVaQqfmmpO6Qy614AaABAg,@user-mp3pf2ir2p,Ora que onda ni que fueramos de su país jajaja,2026-04-14T21:46:41Z,0,gobierno de Tampico,EE. UU. sanciona a casinos en Tamaulipas por lavado y vínculos con el Cártel del Noreste,UnoTV,2026-04-14T20:39:09Z,2026-05-04 06:12:36
zjeUBwOmIDA,Ugx8_RbaP1wbcC386ex4AaABAg,@PedroRamirezHernandez-y2z,Estados unidos también debe sancionar a las compañías que producen y venden armas a los ca`rteles.,2026-04-14T21:37:50Z,4,gobierno de Tampico,EE. UU. sanciona a casinos en Tamaulipas por lavado y vínculos con el Cártel del Noreste,UnoTV,2026-04-14T20:39:09Z,2026-05-04 06:12:36
zjeUBwOmIDA,UgyIlXC_t_3qdjprCWB4AaABAg,@josedejesuslopezgutierrez4396,Son los casinos de Creel,2026-04-14T21:34:46Z,1,gobierno de Tampico,EE. UU. sanciona a casinos en Tamaulipas por lavado y vínculos con el Cártel del Noreste,UnoTV,2026-04-14T20:39:09Z,2026-05-04 06:12:36
zjeUBwOmIDA,UgzYQbO00IJXrHVbmkR4AaABAg,@JORGEGONZALEZ-jd7dn,"Porque no investigan los Casinos de las Vegas, para empezar.😂",2026-04-14T21:33:05Z,7,gobierno de Tampico,EE. UU. sanciona a casinos en Tamaulipas por lavado y vínculos con el Cártel del Noreste,UnoTV,2026-04-14T20:39:09Z,2026-05-04 06:12:36
zjeUBwOmIDA,Ugzaw9LCzhWazvtboFp4AaABAg,@elpajaroquemamaiz9278,Entonces dónde está la tan cacareada soberanía nacional?,2026-04-14T21:26:29Z,2,gobierno de Tampico,EE. UU. sanciona a casinos en Tamaulipas por lavado y vínculos con el Cártel del Noreste,UnoTV,2026-04-14T20:39:09Z,2026-05-04 06:12:36
zjeUBwOmIDA,UgwyzZMgZxLgfHEAhW54AaABAg,@gustavocarrillo7744,"Y como no existe la ley en México, nadie se da cuenta, y se queda callado. Asta cuando México se va a defender o hacer algo para que los gringos no vengan hacer lo que ellos quieren,",2026-04-14T21:25:38Z,1,gobierno de Tampico,EE. UU. sanciona a casinos en Tamaulipas por lavado y vínculos con el Cártel del Noreste,UnoTV,2026-04-14T20:39:09Z,2026-05-04 06:12:36
zjeUBwOmIDA,Ugxm8M2T26TQ3GX0rth4AaABAg,@yolitagallagher2109,Que empiezen a limpiar su casa ya se creen dueños del mundo 😡😡😡,2026-04-14T21:17:35Z,3,gobierno de Tampico,EE. UU. sanciona a casinos en Tamaulipas por lavado y vínculos con el Cártel del Noreste,UnoTV,2026-04-14T20:39:09Z,2026-05-04 06:12:36
zjeUBwOmIDA,UgyV25s2IfhtQ824J8h4AaABAg,@carlosrevuelta9390,Hipócritas porqué no sancionan a los que lavan el dinero en su país,2026-04-14T21:16:38Z,12,gobierno de Tampico,EE. UU. sanciona a casinos en Tamaulipas por lavado y vínculos con el Cártel del Noreste,UnoTV,2026-04-14T20:39:09Z,2026-05-04 06:12:36
zjeUBwOmIDA,UgxgIIUeyOoRexf6a7V4AaABAg,@raydel-Arellano-h1d8k,"Y apoco los de Oklahoma,  las Vegas. Y todos los que hay en estados unidos no lavan dinero . 😅",2026-04-14T21:13:29Z,4,gobierno de Tampico,EE. UU. sanciona a casinos en Tamaulipas por lavado y vínculos con el Cártel del Noreste,UnoTV,2026-04-14T20:39:09Z,2026-05-04 06:12:36
zjeUBwOmIDA,UgyDuxUOOzKEsUWHrj54AaABAg,@rosalindarivas1106,"Es imposible, somos mexicanos.",2026-04-14T21:11:21Z,1,gobierno de Tampico,EE. UU. sanciona a casinos en Tamaulipas por lavado y vínculos con el Cártel del Noreste,UnoTV,2026-04-14T20:39:09Z,2026-05-04 06:12:36
zjeUBwOmIDA,UgzqlExTV8APt-sXoJl4AaABAg,@VERONICARODRIGUEZ-et4pv,Ese señor que arregle tu país drogadicto y no se meta donde no le corresponde,2026-04-14T21:11:16Z,8,gobierno de Tampico,EE. UU. sanciona a casinos en Tamaulipas por lavado y vínculos con el Cártel del Noreste,UnoTV,2026-04-14T20:39:09Z,2026-05-04 06:12:36
zjeUBwOmIDA,Ugx-Gt65RMPTjOJPryB4AaABAg,@jorgedeanda5204,"LAS TRABSACCIONES EPSTEIN!!???, esas IMPUNES.. esto es para alborotar la derecha fascista mexicana😂",2026-04-14T21:07:25Z,2,gobierno de Tampico,EE. UU. sanciona a casinos en Tamaulipas por lavado y vínculos con el Cártel del Noreste,UnoTV,2026-04-14T20:39:09Z,2026-05-04 06:12:36
zjeUBwOmIDA,Ugz4g_Nf-fBNP2ae1W14AaABAg,@AlmendraLópez-r9x,Excelente EE UU,2026-04-14T21:03:46Z,1,gobierno de Tampico,EE. UU. sanciona a casinos en Tamaulipas por lavado y vínculos con el Cártel del Noreste,UnoTV,2026-04-14T20:39:09Z,2026-05-04 06:12:36
zjeUBwOmIDA,UgzLNWAJMHeKggZ3_tZ4AaABAg,@griceldagradilla1821,"Muy bien, y por qué no hace lo mismo en los casinos en su país?",2026-04-14T21:01:07Z,5,gobierno de Tampico,EE. UU. sanciona a casinos en Tamaulipas por lavado y vínculos con el Cártel del Noreste,UnoTV,2026-04-14T20:39:09Z,2026-05-04 06:12:36
zjeUBwOmIDA,UgzXPY_eZp2g7f6DseV4AaABAg,@Elguero-y9k,Es culpa de Calderón 😂😂 <br>La mañanera !!,2026-04-14T21:00:32Z,4,gobierno de Tampico,EE. UU. sanciona a casinos en Tamaulipas por lavado y vínculos con el Cártel del Noreste,UnoTV,2026-04-14T20:39:09Z,2026-05-04 06:12:36
zjeUBwOmIDA,Ugz-ArI5JNOFftqRPf54AaABAg,@oscarayala6038,Pues ellos porque el gobierno de la presirvienta no ase nada y bien que sabe. Les tiene miedo,2026-04-14T20:57:23Z,0,gobierno de Tampico,EE. UU. sanciona a casinos en Tamaulipas por lavado y vínculos con el Cártel del Noreste,UnoTV,2026-04-14T20:39:09Z,2026-05-04 06:12:36
zjeUBwOmIDA,UgzeDusTx6w5VtNdlAh4AaABAg,@anapadilla4519,Ellos que les importa el gobierno de México es lo suficiente capaz para sancionar y para tomar las decisiones que considere en su país que se ocupen de su presidente que se está haciendo rico matando gente,2026-04-14T20:48:48Z,2,gobierno de Tampico,EE. UU. sanciona a casinos en Tamaulipas por lavado y vínculos con el Cártel del Noreste,UnoTV,2026-04-14T20:39:09Z,2026-05-04 06:12:36
zjeUBwOmIDA,UgxBZ14AHE2IRQyjTwZ4AaABAg,@martinez8947,Y los casinos de las Vegas  son angelitos 😂😂😂😂😂jaajjajaj,2026-04-14T20:45:36Z,7,gobierno de Tampico,EE. UU. sanciona a casinos en Tamaulipas por lavado y vínculos con el Cártel del Noreste,UnoTV,2026-04-14T20:39:09Z,2026-05-04 06:12:36
IeshK87LFSU,Ugzmh0pE8bcjnIboFIJ4AaABAg,@DianaCarbajal-l3v,La fiscalía ya perdió credibilidad de entrada al pedir mirdidota hdspm y no actuar de inmediato también al  proteger a capa y espada al fulano que apareció en el ascensor es perturbante cómo un individuo que se supone vive en ese edificio tenga que utilizar guantes de plástico al estar dentro del edificio 🤔🤔🤔🤔,2026-04-28T17:36:36Z,0,gobierno de Tampico,Justicia para Edith: salió a entrevista y murió; Fiscalía pidió mordida y ocultó pistas,Azteca Noticias,2026-04-18T04:55:15Z,2026-05-04 06:12:36
IeshK87LFSU,UgycyNAiWEYSoIZr8_Z4AaABAg,@jesusvazquez5550,"La fiscalia cuando no encuentra la forma de obtener un beneficio economico y tiene una bronca mediatica...resuelve en segundos y luego nadie los saca de ahí...cuando recibe dinero para resolver un caso ( que vamos hacer honestos no resuelven nada solo se ponen a investigar, que es lo que de verdad para eso creo que se les paga...) pueden ser rapidos pero no efectivos que poca madre de servidores publicos da lastima su ropita que portan , deverian de darles trabajo a las familias de las desaparecidas son mas efectivas que los efectivos de la PDI...todo esto tiene que cambiar no nadamas con buenos deseos , lo digo por la Sra. Fiscal de Justicia.",2026-04-23T14:57:55Z,0,gobierno de Tampico,Justicia para Edith: salió a entrevista y murió; Fiscalía pidió mordida y ocultó pistas,Azteca Noticias,2026-04-18T04:55:15Z,2026-05-04 06:12:36
IeshK87LFSU,UgzYp9iCC-JkqBEXfNh4AaABAg,@hilarioramirez4538,Por eso el Gobierno no quiere que haya Cámaras  particulares porque les echan a perder su trabajo de trata feminicidios ventas de órganos etc,2026-04-22T09:18:10Z,0,gobierno de Tampico,Justicia para Edith: salió a entrevista y murió; Fiscalía pidió mordida y ocultó pistas,Azteca Noticias,2026-04-18T04:55:15Z,2026-05-04 06:12:36
IeshK87LFSU,UgxCOClNQPdJCZaaHGN4AaABAg,@VargNietzsche,"Complices ambos guardias, Y la fiscalía, una vergüenza.",2026-04-22T06:18:46Z,0,gobierno de Tampico,Justicia para Edith: salió a entrevista y murió; Fiscalía pidió mordida y ocultó pistas,Azteca Noticias,2026-04-18T04:55:15Z,2026-05-04 06:12:36
IeshK87LFSU,UgxjbgHlN8Nr30apYqt4AaABAg,@BlancaAguilar-q6y,Ya dijeron que la muchacha tenía trato con el vigilante...como es posible que supuestamente Hiba de modelo...es importante llegar al final de todo quien empezó la agresión de quien era el desarmador?,2026-04-22T03:06:43Z,0,gobierno de Tampico,Justicia para Edith: salió a entrevista y murió; Fiscalía pidió mordida y ocultó pistas,Azteca Noticias,2026-04-18T04:55:15Z,2026-05-04 06:12:36
IeshK87LFSU,Ugzr7Dy6r-QCReRCBK94AaABAg,@ronnyhaven7277,"El VIGILANTE NO FUE,,,, perooo si sabe MUCHO,,,, por eso lo GOLPEARON y lo AMENAZARON,,,,,, de él depende que se ENCLARESCA esta PUNTA del ICEBERG!!!!",2026-04-21T08:34:02Z,0,gobierno de Tampico,Justicia para Edith: salió a entrevista y murió; Fiscalía pidió mordida y ocultó pistas,Azteca Noticias,2026-04-18T04:55:15Z,2026-05-04 06:12:36
IeshK87LFSU,UgwXCurzgHjgeVaP1W94AaABAg,@joaquinlopez8110,"Es que ese mismo día hubieran investigado , a este día ya limpiaron todo y por la corrupcion de la fiscalía por eso estamos como estamos , mi<br>Apoyo total a la familia de esta joven en paz descanse .",2026-04-21T04:47:07Z,0,gobierno de Tampico,Justicia para Edith: salió a entrevista y murió; Fiscalía pidió mordida y ocultó pistas,Azteca Noticias,2026-04-18T04:55:15Z,2026-05-04 06:12:36
IeshK87LFSU,Ugy61UYXb8oEP1fwiR14AaABAg,@MarthaAlvarado-d2l,Humberto rodrigo arreola becerra,2026-04-21T04:11:12Z,0,gobierno de Tampico,Justicia para Edith: salió a entrevista y murió; Fiscalía pidió mordida y ocultó pistas,Azteca Noticias,2026-04-18T04:55:15Z,2026-05-04 06:12:36
IeshK87LFSU,UgxtY-m1mIohrlvFFat4AaABAg,@MarthaAlvarado-d2l,Ya también estoy igual que tu,2026-04-21T04:10:58Z,0,gobierno de Tampico,Justicia para Edith: salió a entrevista y murió; Fiscalía pidió mordida y ocultó pistas,Azteca Noticias,2026-04-18T04:55:15Z,2026-05-04 06:12:36
IeshK87LFSU,Ugzgr8ANQ5TEHQmBPGZ4AaABAg,@MarthaAlvarado-d2l,Hola mi grande amiga,2026-04-21T04:09:14Z,0,gobierno de Tampico,Justicia para Edith: salió a entrevista y murió; Fiscalía pidió mordida y ocultó pistas,Azteca Noticias,2026-04-18T04:55:15Z,2026-05-04 06:12:36
IeshK87LFSU,Ugw3nt-qonex_-Ljz2p4AaABAg,@AnamariaLimamendoza,Cómo que negaron que haya entrado  si está comprobado que entro.,2026-04-21T00:17:43Z,0,gobierno de Tampico,Justicia para Edith: salió a entrevista y murió; Fiscalía pidió mordida y ocultó pistas,Azteca Noticias,2026-04-18T04:55:15Z,2026-05-04 06:12:36
IeshK87LFSU,UgxfrdP3lXIDQxoGdvp4AaABAg,@Margonzález-o8w,La familia de la señorita Edith es una familia unida y Edith envió ubicación del lugar al que ingresó 😢😢y desgraciadamente se encontró con los asesinos😢desgraciadamente la gente que trabaja en la fiscalía es inepta e insensible aparte de ratera y floja parásitos que cobran y no hacen nada bien😢,2026-04-20T20:04:01Z,0,gobierno de Tampico,Justicia para Edith: salió a entrevista y murió; Fiscalía pidió mordida y ocultó pistas,Azteca Noticias,2026-04-18T04:55:15Z,2026-05-04 06:12:36
IeshK87LFSU,UgwUvI_4lkUwShBeB8F4AaABAg,@JosèQuiròz-r7q,Ese ministerial se ve muy sospechoso también,2026-04-20T19:28:40Z,0,gobierno de Tampico,Justicia para Edith: salió a entrevista y murió; Fiscalía pidió mordida y ocultó pistas,Azteca Noticias,2026-04-18T04:55:15Z,2026-05-04 06:12:36
IeshK87LFSU,UgwRW9hv42xug6w17ix4AaABAg,@JosèQuiròz-r7q,Pues el ministerial que está deteniendo al chavo está bien nervioso seguro que él le puso sus golpes para que hablara,2026-04-20T19:28:30Z,0,gobierno de Tampico,Justicia para Edith: salió a entrevista y murió; Fiscalía pidió mordida y ocultó pistas,Azteca Noticias,2026-04-18T04:55:15Z,2026-05-04 06:12:36
IeshK87LFSU,Ugz8BJBr-AXoyD5PgT94AaABAg,@charlyfosado6953,"A sacar a chingar a su madre en las próximas elecciones a morena, si con el PRI y el PAN estabamos mal, con morena estámos peor de lo que estábamos, fuera toda esta secta ahí que desterrarla y concientizar a la gente para que ya no vote por Mugrena el peor partido de la historia.",2026-04-20T14:05:57Z,0,gobierno de Tampico,Justicia para Edith: salió a entrevista y murió; Fiscalía pidió mordida y ocultó pistas,Azteca Noticias,2026-04-18T04:55:15Z,2026-05-04 06:12:36
IeshK87LFSU,UgzglRoOi52Pkng-JXB4AaABAg,@vanessalizettevelazquezrey6060,Pues si es así que dieron falso testimonios la dueña del inmueble y los guardias../de que NO acudió…y si hay evidencias…Entonces son cómplices,2026-04-20T14:01:08Z,0,gobierno de Tampico,Justicia para Edith: salió a entrevista y murió; Fiscalía pidió mordida y ocultó pistas,Azteca Noticias,2026-04-18T04:55:15Z,2026-05-04 06:12:36
IeshK87LFSU,UgzsXtJCz0bpjN6mKJV4AaABAg,@silviavilla8917,"Malditos perros te cobran por hacer su trabajo ya basta,ya basta de esperar sus estupidas 72 hrs. Ya que quiten esa medida para como esta la inseguridad ya es buscar inmediatamente",2026-04-20T13:34:48Z,0,gobierno de Tampico,Justicia para Edith: salió a entrevista y murió; Fiscalía pidió mordida y ocultó pistas,Azteca Noticias,2026-04-18T04:55:15Z,2026-05-04 06:12:36
IeshK87LFSU,UgzcDJuJRi3gIcvRB1l4AaABAg,@jatziriradilla9540,"Hasta que salga morena del poder,todo está en sus manos!",2026-04-20T12:54:18Z,0,gobierno de Tampico,Justicia para Edith: salió a entrevista y murió; Fiscalía pidió mordida y ocultó pistas,Azteca Noticias,2026-04-18T04:55:15Z,2026-05-04 06:12:36
IeshK87LFSU,UgwcFQEPiComkdWSkRJ4AaABAg,@manuelestrada5151,"Todos los comentarios que estan en este video son de indignación y enojo por el actuar de las autoridades, no es para menos, solo quiero comentar lo que ya muchos dicen. Que deberian investigar y si fuera el caso meter a la carcel a varios funcionarios, sobre todo a los que pidieron dinero (mordida) para hacer su trabajo,  tambien para los que no hicieron su trabajo en la fizcalia y a  la administradora del edificio pues ella dijo que reviso las cámaras y no la vio entrar.",2026-04-20T10:07:48Z,0,gobierno de Tampico,Justicia para Edith: salió a entrevista y murió; Fiscalía pidió mordida y ocultó pistas,Azteca Noticias,2026-04-18T04:55:15Z,2026-05-04 06:12:36
IeshK87LFSU,UgyqM3GlomJI6XGhqPB4AaABAg,@albertahipolito6093,Pobre jovencita no hay palabras. Y la justicia. Mald. Nunca hacen nada nada mas transar. Y es en general. Pero esto no es de ahorita siempre ha existido corrupción. Mala atención.,2026-04-20T04:13:59Z,0,gobierno de Tampico,Justicia para Edith: salió a entrevista y murió; Fiscalía pidió mordida y ocultó pistas,Azteca Noticias,2026-04-18T04:55:15Z,2026-05-04 06:12:36
IeshK87LFSU,Ugx-RJmRh3EdRZBO0Xx4AaABAg,@BrandonLee-b7k,Hoy se sabe que no fue por busca de trabajo que la chica fue a ver a su novio y ahí fue donde él la mato,2026-04-20T03:24:49Z,0,gobierno de Tampico,Justicia para Edith: salió a entrevista y murió; Fiscalía pidió mordida y ocultó pistas,Azteca Noticias,2026-04-18T04:55:15Z,2026-05-04 06:12:36
IeshK87LFSU,UgwThZYwUmCMCgyb_Ft4AaABAg,@MariaFernandez-ks4lu,No pues ya esta peor toodo esto no es vidad😂,2026-04-20T02:55:24Z,0,gobierno de Tampico,Justicia para Edith: salió a entrevista y murió; Fiscalía pidió mordida y ocultó pistas,Azteca Noticias,2026-04-18T04:55:15Z,2026-05-04 06:12:36
IeshK87LFSU,Ugy58gIdqV52O-k-50B4AaABAg,@Jdam486,"Cómplices todos la fiscalía , conserjes y loe tratantes reclutadores porque no encarcelad a todos BRUGADA deja de protegerlos siempre dices no sé repetirá sin nuestros empleados no reyes ya trabajen pónganlos a trabajar desde el<br>Minuto 1 si está con el novio se aguantan son nuestros empleados ya trabajen y cuando cárcel a todos incluyendo jueces y fiscales gracias chairos les debemos todo esto ya les llegará karma sigan votando",2026-04-20T00:34:49Z,0,gobierno de Tampico,Justicia para Edith: salió a entrevista y murió; Fiscalía pidió mordida y ocultó pistas,Azteca Noticias,2026-04-18T04:55:15Z,2026-05-04 06:12:36
IeshK87LFSU,UgyYx4a_jgWgLpNxOyl4AaABAg,@jorgecontreras6496,"Nuestros gobernantes no hacen nada empezando por la presidenta,,  saben del problema y no hacen nada,,  se hace pendeja en la mañanera,,  feminicidios, extorsion y reclutamiento forzado x el narco,  etc etc,,  y todavía presume de soberania cuando el narco y los homicidas tienen la soberania ahí se evidencia la 4t  es igual o peor que los demas partidos",2026-04-19T23:04:55Z,0,gobierno de Tampico,Justicia para Edith: salió a entrevista y murió; Fiscalía pidió mordida y ocultó pistas,Azteca Noticias,2026-04-18T04:55:15Z,2026-05-04 06:12:36
IeshK87LFSU,UgxohCGotQvU0_CUqb14AaABAg,@Ma.DelCarmenAlvarez,Si que se haga justicia  no es gusto todo esto q pasa si nuestros jóvenes buscan trabajo es por necesidad de salir adelante y no es gusto Loque  le isieron asta jovencita y si justicia,2026-04-19T19:42:05Z,1,gobierno de Tampico,Justicia para Edith: salió a entrevista y murió; Fiscalía pidió mordida y ocultó pistas,Azteca Noticias,2026-04-18T04:55:15Z,2026-05-04 06:12:36
IeshK87LFSU,UgwbCewB1y-p1nI2JMl4AaABAg,@agustinramirez7312,"Eres una persona que no hace periodismo eres amarillista, lo que ustedes buscan es hacer polémica",2026-04-19T17:06:04Z,0,gobierno de Tampico,Justicia para Edith: salió a entrevista y murió; Fiscalía pidió mordida y ocultó pistas,Azteca Noticias,2026-04-18T04:55:15Z,2026-05-04 06:12:36
IeshK87LFSU,UgwZsCKhY-9iYM2vVdp4AaABAg,@CesarIbarraHernandez-d2d,La. Fiscalía.  Que.  Chingue. Su. Madre.  Fueron.  Eiios. Hay.  Una<br>REF,2026-04-19T16:38:30Z,0,gobierno de Tampico,Justicia para Edith: salió a entrevista y murió; Fiscalía pidió mordida y ocultó pistas,Azteca Noticias,2026-04-18T04:55:15Z,2026-05-04 06:12:36
IeshK87LFSU,Ugx6GHPd4rzJFhIOr-R4AaABAg,@CesarIbarraHernandez-d2d,Ahora.  Si.   Ya.Nii. La. Chingan<br>Cómo.  Puede.  Ser.  Posible. Eso<br>Habiendo.  Tanta.  Gente<br>Y.  En.  Ese.  Lugar.  No.  Mamen<br>Que.  Se.  Investigue. El.  Caso<br>Hasta. Las. Últimas. Consecuecias,2026-04-19T16:37:03Z,0,gobierno de Tampico,Justicia para Edith: salió a entrevista y murió; Fiscalía pidió mordida y ocultó pistas,Azteca Noticias,2026-04-18T04:55:15Z,2026-05-04 06:12:36
IeshK87LFSU,Ugzj-J47ACBb1fVjm0h4AaABAg,@lourdesmaria6537,"Sí ya hasta la ONU y todos los países del mundo saben que aquí en México lindo y podrido está lleno de pedófilos,  secuestradores,  violadores,  trata de blancas, feminicidas,  para dónde mires  está lleno de hombres,  que nada más  ven a las mujeres de forma lasiva, tratándote de manosear,  en el metro en el camión,  a donde vayas,  caminas y ya te andan diciendo cosas, inclusive está en voz baja y de cualquier edad jóvenes, chamacos,  viejitos en Fin...",2026-04-19T16:33:52Z,0,gobierno de Tampico,Justicia para Edith: salió a entrevista y murió; Fiscalía pidió mordida y ocultó pistas,Azteca Noticias,2026-04-18T04:55:15Z,2026-05-04 06:12:36
IeshK87LFSU,UgzUyIom0jzsohzfECN4AaABAg,@CesarIbarraHernandez-d2d,Que.  Se.  Haga. Una.  Investigación<br>A.  Fondo.  Y.  Que.  Castiguen.<br> A.  Los.  Responsables.  <br>Caiga.   Quién.  Caiga,2026-04-19T16:32:24Z,1,gobierno de Tampico,Justicia para Edith: salió a entrevista y murió; Fiscalía pidió mordida y ocultó pistas,Azteca Noticias,2026-04-18T04:55:15Z,2026-05-04 06:12:36
IeshK87LFSU,Ugx49vE7jlMDrq521BN4AaABAg,@MarthaHernandez-zm4ew,Creo que deberíamos bajar de 72 horas a 24 horas para que pueda iniciarse una investigación por desaparición de personas,2026-04-19T16:28:12Z,1,gobierno de Tampico,Justicia para Edith: salió a entrevista y murió; Fiscalía pidió mordida y ocultó pistas,Azteca Noticias,2026-04-18T04:55:15Z,2026-05-04 06:12:36
IeshK87LFSU,UgwWF70HnmA3_aR8mqh4AaABAg,@MarthaHernandez-zm4ew,Si las cosas sucedieron así como<br>Dice esta nota la preadministradora y el vigilante son los primeros sospechosos porque negaron que entró cuando después la encuentran muerta en el sótano.,2026-04-19T16:26:56Z,0,gobierno de Tampico,Justicia para Edith: salió a entrevista y murió; Fiscalía pidió mordida y ocultó pistas,Azteca Noticias,2026-04-18T04:55:15Z,2026-05-04 06:12:36
IeshK87LFSU,Ugx12huEKoBK-SKJ0rx4AaABAg,@AnaBolillo,La.fiscalia está coludida,2026-04-19T15:07:51Z,0,gobierno de Tampico,Justicia para Edith: salió a entrevista y murió; Fiscalía pidió mordida y ocultó pistas,Azteca Noticias,2026-04-18T04:55:15Z,2026-05-04 06:12:36
IeshK87LFSU,UgwLt12IjNL5blK4IWl4AaABAg,@HortencioGaytanRojas,Quién es el qué hizo la cita de trabajo o más bien quién es el reclutador?,2026-04-19T13:57:57Z,0,gobierno de Tampico,Justicia para Edith: salió a entrevista y murió; Fiscalía pidió mordida y ocultó pistas,Azteca Noticias,2026-04-18T04:55:15Z,2026-05-04 06:12:36
IeshK87LFSU,UgyxOFbDtGawMag8u6t4AaABAg,@labiosfonseca1253,Vuelve a votar por morena.......,2026-04-19T13:34:37Z,0,gobierno de Tampico,Justicia para Edith: salió a entrevista y murió; Fiscalía pidió mordida y ocultó pistas,Azteca Noticias,2026-04-18T04:55:15Z,2026-05-04 06:12:36
IeshK87LFSU,UgzX5x3e6jvzTW3FWqt4AaABAg,@EnriqueGomes-k1k,😱😱😱😱😱😱😱😱😱,2026-04-19T12:45:23Z,1,gobierno de Tampico,Justicia para Edith: salió a entrevista y murió; Fiscalía pidió mordida y ocultó pistas,Azteca Noticias,2026-04-18T04:55:15Z,2026-05-04 06:12:36
IeshK87LFSU,UgwnbHFRP1K_INDQQmF4AaABAg,@YolandaHauMukul,Ojalá Shakira mencione que se acabe las 72 horas y se dediquen a buscar en seguida  así la presidenta lo legalice.,2026-04-19T12:41:41Z,0,gobierno de Tampico,Justicia para Edith: salió a entrevista y murió; Fiscalía pidió mordida y ocultó pistas,Azteca Noticias,2026-04-18T04:55:15Z,2026-05-04 06:12:36
IeshK87LFSU,UgyB-mYDA0MXXLr4z6t4AaABAg,@victorarenas2380,No tienen Madre los  que  Pidieron Dinero..a. La Cárcel...,2026-04-19T10:59:37Z,3,gobierno de Tampico,Justicia para Edith: salió a entrevista y murió; Fiscalía pidió mordida y ocultó pistas,Azteca Noticias,2026-04-18T04:55:15Z,2026-05-04 06:12:36
IeshK87LFSU,UgzkGHwB7Pf3v-tIbqp4AaABAg,@zumemmart,"Ya todo mundo se va a empezar a colgar de esta noticia, me cagan🤬",2026-04-19T10:56:56Z,1,gobierno de Tampico,Justicia para Edith: salió a entrevista y murió; Fiscalía pidió mordida y ocultó pistas,Azteca Noticias,2026-04-18T04:55:15Z,2026-05-04 06:12:36
IeshK87LFSU,Ugx9UJ5ufiH4AawUZzl4AaABAg,@lettyflores8795,Por qué hacen siempre esa esa p******dejada  los retiran del cargo <br>Los suspenden <br>Los castigan <br><br>Hasta dónde llega  este 💩<br>De GOBIERNO  de hacer tanto daño a las familias mexicanas de dónde están tragando <br><br><br>Por qué por nosotros tragan todos ellos todos gobernantes fiscalías en su totalidad todo gobierno traga de nosotros <br><br><br>Y aún así nos lastiman <br><br>FUERA.  ESTE. GOBIERNO <br><br>FUERA MORENA,2026-04-19T09:13:42Z,0,gobierno de Tampico,Justicia para Edith: salió a entrevista y murió; Fiscalía pidió mordida y ocultó pistas,Azteca Noticias,2026-04-18T04:55:15Z,2026-05-04 06:12:36
IeshK87LFSU,Ugw5tG8HmkwOy_IbTE54AaABAg,@dulcemedina9675,Retomen los casos de jóvenes que también en busca de trabajo los citwn en parqued y no regresan y la autoridad ni gobierno han hecho nada y esto tiene años,2026-04-19T08:37:18Z,0,gobierno de Tampico,Justicia para Edith: salió a entrevista y murió; Fiscalía pidió mordida y ocultó pistas,Azteca Noticias,2026-04-18T04:55:15Z,2026-05-04 06:12:36
IeshK87LFSU,UgxjI9UeEfxKvfQVyyR4AaABAg,@MarthaAlvarado-d2l,Hola buenas días mándame atada la guardia nacional   que este disponible por estan golpeando a mi familia en la colonia heliodoro hernandes loza  vellavista  i Asus alrededores,2026-04-19T06:12:08Z,0,gobierno de Tampico,Justicia para Edith: salió a entrevista y murió; Fiscalía pidió mordida y ocultó pistas,Azteca Noticias,2026-04-18T04:55:15Z,2026-05-04 06:12:36
IeshK87LFSU,UgyCXGPVeJbPos9S19t4AaABAg,@blitz7275,Están ocultando muchas cosas. Falta investigar a la Administradora y a la Agencia de Empkeos,2026-04-19T05:18:57Z,2,gobierno de Tampico,Justicia para Edith: salió a entrevista y murió; Fiscalía pidió mordida y ocultó pistas,Azteca Noticias,2026-04-18T04:55:15Z,2026-05-04 06:12:36
IeshK87LFSU,Ugzq9HjESCrSpbIEh2B4AaABAg,@daHz85,"Y apenas Claudia se super ofendió porque le dijeron que no hizo nada para mejorar los ministerios públicos y fiscalías, que solo se fue contra los jueces porque es lo que le conviene.",2026-04-19T05:17:25Z,0,gobierno de Tampico,Justicia para Edith: salió a entrevista y murió; Fiscalía pidió mordida y ocultó pistas,Azteca Noticias,2026-04-18T04:55:15Z,2026-05-04 06:12:36
IeshK87LFSU,UgyvKnFXXbDBdhpXiCB4AaABAg,@yiemleone,Todo acabará cuando las personas aprendan a educar a sus hijos y a entregar a la policía si saben que son unos asesinos,2026-04-19T04:22:09Z,1,gobierno de Tampico,Justicia para Edith: salió a entrevista y murió; Fiscalía pidió mordida y ocultó pistas,Azteca Noticias,2026-04-18T04:55:15Z,2026-05-04 06:12:36
IeshK87LFSU,UgxhrZFnZ0HUgQ1HVXZ4AaABAg,@MarioMartinez-z4v,Gobierno de cuarta 😮 con sus Poli puercos de la fiscalía,2026-04-19T03:33:59Z,0,gobierno de Tampico,Justicia para Edith: salió a entrevista y murió; Fiscalía pidió mordida y ocultó pistas,Azteca Noticias,2026-04-18T04:55:15Z,2026-05-04 06:12:36
IeshK87LFSU,UgzT5Mt5qauZyTCKlt94AaABAg,@mayorgapink,Fue alguien que quiza ni es del edificio. Están inculpando al vigilante,2026-04-19T03:05:53Z,0,gobierno de Tampico,Justicia para Edith: salió a entrevista y murió; Fiscalía pidió mordida y ocultó pistas,Azteca Noticias,2026-04-18T04:55:15Z,2026-05-04 06:12:36
IeshK87LFSU,UgxswydfWRuNy65aUIV4AaABAg,@FranciscoSilva-q4g,Todos eso mierdas desde el ministerio público hasta la red criminal de empresas fraudulentas deberían de investigar la policía cibernética sobre estás  empresas fraudulentas ubicarlas y que actúe con ellas,2026-04-19T03:02:13Z,2,gobierno de Tampico,Justicia para Edith: salió a entrevista y murió; Fiscalía pidió mordida y ocultó pistas,Azteca Noticias,2026-04-18T04:55:15Z,2026-05-04 06:12:36
IeshK87LFSU,UgzvcfglxqL9nIxLtO14AaABAg,@marisolita11,Fuera Morena!!!!!!!  👎 😠 😡,2026-04-19T02:37:14Z,0,gobierno de Tampico,Justicia para Edith: salió a entrevista y murió; Fiscalía pidió mordida y ocultó pistas,Azteca Noticias,2026-04-18T04:55:15Z,2026-05-04 06:12:36
IeshK87LFSU,UgyPxeeIDVoVnT4xo2N4AaABAg,@MissieChoj,Hay que buscarla a esa lujer y ese guardia.  Son cómplices.  Asqurosos pero tienen hijos e hijas . Verán lo que se siente cuando le hagan lo mismo.,2026-04-19T02:25:51Z,0,gobierno de Tampico,Justicia para Edith: salió a entrevista y murió; Fiscalía pidió mordida y ocultó pistas,Azteca Noticias,2026-04-18T04:55:15Z,2026-05-04 06:12:36
IeshK87LFSU,Ugy0StRj3jc754eqPuR4AaABAg,@luciaaguilar9515,....hasta que no tengamos un gobierno narco satanico,2026-04-19T02:08:09Z,0,gobierno de Tampico,Justicia para Edith: salió a entrevista y murió; Fiscalía pidió mordida y ocultó pistas,Azteca Noticias,2026-04-18T04:55:15Z,2026-05-04 06:12:36
IeshK87LFSU,UgxlZDHuklj04SnAnUF4AaABAg,@tlatoahmexico,Un país que se cae a pedazos..,2026-04-19T02:06:56Z,2,gobierno de Tampico,Justicia para Edith: salió a entrevista y murió; Fiscalía pidió mordida y ocultó pistas,Azteca Noticias,2026-04-18T04:55:15Z,2026-05-04 06:12:36
IeshK87LFSU,UgwOgMpJdQU26tmL68x4AaABAg,@sandracarrillo3243,"Por negar que no había entrado es un delito también son cómplices tienen que ir a la cárcel, tanto peca el agarra la pata a la vaca 😢",2026-04-19T01:54:56Z,0,gobierno de Tampico,Justicia para Edith: salió a entrevista y murió; Fiscalía pidió mordida y ocultó pistas,Azteca Noticias,2026-04-18T04:55:15Z,2026-05-04 06:12:36
IeshK87LFSU,Ugx-JZ1-KvNbzCLas1V4AaABAg,@sigo70,"Fiscalia Cobrando Sin Trabajar  pidiendo dinero  a familiares de la victima para hacer su  trabajo, Lo mismo en muchos sectores del gobierno",2026-04-19T00:39:24Z,1,gobierno de Tampico,Justicia para Edith: salió a entrevista y murió; Fiscalía pidió mordida y ocultó pistas,Azteca Noticias,2026-04-18T04:55:15Z,2026-05-04 06:12:36
IeshK87LFSU,UgyM9zzFf3vEOd00EVV4AaABAg,@misaelmorales-kq5qw,Cuál fue la fiscalía que pidió mordida ?,2026-04-19T00:28:41Z,3,gobierno de Tampico,Justicia para Edith: salió a entrevista y murió; Fiscalía pidió mordida y ocultó pistas,Azteca Noticias,2026-04-18T04:55:15Z,2026-05-04 06:12:36
IeshK87LFSU,UgxMUHVaq2rIHCzIKWp4AaABAg,@JoseHernandez-qs2ys,Que cesen a la encargada de la fiscalia,2026-04-19T00:04:12Z,2,gobierno de Tampico,Justicia para Edith: salió a entrevista y murió; Fiscalía pidió mordida y ocultó pistas,Azteca Noticias,2026-04-18T04:55:15Z,2026-05-04 06:12:36
IeshK87LFSU,Ugz0yPSGlZp2CRL-i4B4AaABAg,@SANDRALOPEZ-i1w,"Las féminas deberían vestirse decentemente, pero se aferran diciendo que los hombres deben respetarlas sin importar qué tan desvestidas se exhiban ellas, y aquí lo vemos con esta comentarista que el mensaje no le llega.",2026-04-18T23:15:44Z,0,gobierno de Tampico,Justicia para Edith: salió a entrevista y murió; Fiscalía pidió mordida y ocultó pistas,Azteca Noticias,2026-04-18T04:55:15Z,2026-05-04 06:12:36
IeshK87LFSU,UgxXWG-1_A_rbxUtnDt4AaABAg,@DeyviAguirre-b5u,"Ahi es donde deven hacer sus marchas y bloquear, en la fiscalía y no en las calles y pedir el despido del personal de la fiscalía porque nos quitan el dinero para según hacer un tener el cual no cumplen y todavía quieren mas dinero",2026-04-18T23:03:39Z,0,gobierno de Tampico,Justicia para Edith: salió a entrevista y murió; Fiscalía pidió mordida y ocultó pistas,Azteca Noticias,2026-04-18T04:55:15Z,2026-05-04 06:12:36
IeshK87LFSU,Ugy5au0NWBNEoVFUket4AaABAg,@centrodeozonoterapiaavanza3142,Sigan votando por morena,2026-04-18T23:03:30Z,0,gobierno de Tampico,Justicia para Edith: salió a entrevista y murió; Fiscalía pidió mordida y ocultó pistas,Azteca Noticias,2026-04-18T04:55:15Z,2026-05-04 06:12:36
IeshK87LFSU,UgwNh3mSuqjwa6FO1GN4AaABAg,@alfredoloxpez1317,Fiscalías del Bienestar,2026-04-18T22:57:09Z,0,gobierno de Tampico,Justicia para Edith: salió a entrevista y murió; Fiscalía pidió mordida y ocultó pistas,Azteca Noticias,2026-04-18T04:55:15Z,2026-05-04 06:12:36
IeshK87LFSU,Ugx_VzKRjPxf6Pt7BR14AaABAg,@MariaElenaCoronado-b9q,El gobierno valiendo madre es mejor que  gobierne el narco creo que son mejores,2026-04-18T22:46:06Z,0,gobierno de Tampico,Justicia para Edith: salió a entrevista y murió; Fiscalía pidió mordida y ocultó pistas,Azteca Noticias,2026-04-18T04:55:15Z,2026-05-04 06:12:36
IeshK87LFSU,UgzqcujgviEq4VwLT0B4AaABAg,@lauravergara6733,"La familia debería de demandar a la fiscalia y gobierno por entorpecer la búsqueda y por corrupción... por lo menos unos 100,000,000 mxn, si le sacan!, solo así corregirá sus procesos...😢😢😢",2026-04-18T21:57:02Z,2,gobierno de Tampico,Justicia para Edith: salió a entrevista y murió; Fiscalía pidió mordida y ocultó pistas,Azteca Noticias,2026-04-18T04:55:15Z,2026-05-04 06:12:36
IeshK87LFSU,UgwLgxL7cBgI5aJJrrZ4AaABAg,@SamanthaLopez-q2e,PERO.IMPORYANTE QUIEN PIDIO MORDIDA .?,2026-04-18T20:25:46Z,0,gobierno de Tampico,Justicia para Edith: salió a entrevista y murió; Fiscalía pidió mordida y ocultó pistas,Azteca Noticias,2026-04-18T04:55:15Z,2026-05-04 06:12:36
IeshK87LFSU,Ugy-BiV2iNUJjStc6yF4AaABAg,@MariaLuna12345,A esos ojts de la fiscalía les vale a pero si fuera un familiar no esperan tanto ofuera de algunfunsionari de volada corruptos,2026-04-18T19:43:26Z,0,gobierno de Tampico,Justicia para Edith: salió a entrevista y murió; Fiscalía pidió mordida y ocultó pistas,Azteca Noticias,2026-04-18T04:55:15Z,2026-05-04 06:12:36
IeshK87LFSU,UgwJJ06eNi8q-5Fj0nZ4AaABAg,@MarielaConde-t4l,Que triste estamos solos mucha corrupción nada de empatía 😢,2026-04-18T19:11:50Z,3,gobierno de Tampico,Justicia para Edith: salió a entrevista y murió; Fiscalía pidió mordida y ocultó pistas,Azteca Noticias,2026-04-18T04:55:15Z,2026-05-04 06:12:36
IeshK87LFSU,Ugwl6wK-xe_U32OQHDp4AaABAg,@josep9605,Así la justicia en nuestro país .. negligencia..en toda su expresión ..pero como la presidente dice que los feminicidios han disminuido quieren ocultar todo ..y todavía tienen duda q este es el peor gobierno q México ha tenido desde la presidente hasta el menos cargo tiene ..,2026-04-18T18:53:44Z,0,gobierno de Tampico,Justicia para Edith: salió a entrevista y murió; Fiscalía pidió mordida y ocultó pistas,Azteca Noticias,2026-04-18T04:55:15Z,2026-05-04 06:12:36
IeshK87LFSU,UgyGDDehVy0cxLUpQDV4AaABAg,@CarlosFranciscoGarciaReyes-t6m,que  fuerte señalamiento,2026-04-18T18:45:34Z,2,gobierno de Tampico,Justicia para Edith: salió a entrevista y murió; Fiscalía pidió mordida y ocultó pistas,Azteca Noticias,2026-04-18T04:55:15Z,2026-05-04 06:12:36
IeshK87LFSU,UgzbAwAzp8fm0HB160t4AaABAg,@juanjesussantiago4018,En México todo ya es corrupcion,2026-04-18T18:34:09Z,2,gobierno de Tampico,Justicia para Edith: salió a entrevista y murió; Fiscalía pidió mordida y ocultó pistas,Azteca Noticias,2026-04-18T04:55:15Z,2026-05-04 06:12:36
IeshK87LFSU,UgxqxTsSDXKS5dETK794AaABAg,@rosiogomez1376,Yo creo que los de la fiscalía saben quienes son y los protegen por eso no hicieron nada son cómplices,2026-04-18T18:27:44Z,5,gobierno de Tampico,Justicia para Edith: salió a entrevista y murió; Fiscalía pidió mordida y ocultó pistas,Azteca Noticias,2026-04-18T04:55:15Z,2026-05-04 06:12:36
IeshK87LFSU,Ugwh3pCbjX6OZDWPB7F4AaABAg,@chiloperez9748,Por qué no entra nada más porque entras ahí te dan un permiso de vigilantes quién estaba de vigilante sabes la propia familia que lo castigue,2026-04-18T18:24:09Z,0,gobierno de Tampico,Justicia para Edith: salió a entrevista y murió; Fiscalía pidió mordida y ocultó pistas,Azteca Noticias,2026-04-18T04:55:15Z,2026-05-04 06:12:36
IeshK87LFSU,UgzPD6vBeAjVsbBqE9Z4AaABAg,@chiloperez9748,Que le hagan lo mismo al vigilante que se le desaparezcan sus hijas,2026-04-18T18:22:47Z,0,gobierno de Tampico,Justicia para Edith: salió a entrevista y murió; Fiscalía pidió mordida y ocultó pistas,Azteca Noticias,2026-04-18T04:55:15Z,2026-05-04 06:12:36
IeshK87LFSU,UgykawB_91wv_Y7xZL94AaABAg,@chiloperez9748,Para empezar vamos sobre con el vigilante,2026-04-18T18:22:20Z,0,gobierno de Tampico,Justicia para Edith: salió a entrevista y murió; Fiscalía pidió mordida y ocultó pistas,Azteca Noticias,2026-04-18T04:55:15Z,2026-05-04 06:12:36
IeshK87LFSU,Ugw7GSdf0T7bGHPNFCh4AaABAg,@analauramartinezzavaleta6864,Estamos en manos de autoridades que se burlan de nosotros tanto la administración pasada cómo está y todos los días es peor Y peor Y peor,2026-04-18T18:16:46Z,2,gobierno de Tampico,Justicia para Edith: salió a entrevista y murió; Fiscalía pidió mordida y ocultó pistas,Azteca Noticias,2026-04-18T04:55:15Z,2026-05-04 06:12:36
IeshK87LFSU,UgwpvQLqqCwEbQzgo6R4AaABAg,@almaFernandez-j6c,❤EN ESTOS CASOS SI ESTAS VIENDO QUE ENTRO y NOS SALIO LLEGAR Y ENTRAR A GUEVO SABE DIOS CUANTAS ESTEN HAY TODAVIA OJALA QUE ESAS NIÑAS SERAN HIJAS DE LOS POLICIAS PARA QUE SIENTAN EL INFIERNO EN CARNE PROPIA 😢😢,2026-04-18T18:15:30Z,0,gobierno de Tampico,Justicia para Edith: salió a entrevista y murió; Fiscalía pidió mordida y ocultó pistas,Azteca Noticias,2026-04-18T04:55:15Z,2026-05-04 06:12:36
IeshK87LFSU,UgyXwM6pdRIdGCzIHBd4AaABAg,@MargaritaNava-e3i,"Así de corrupto es éste gobierno,  ya no tengo palabras, para describir, la porquería de autoridades, y a todos los niveles.  Qué tristeza me da mi MÉXICO, qué está en caída libre😢",2026-04-18T18:12:49Z,1,gobierno de Tampico,Justicia para Edith: salió a entrevista y murió; Fiscalía pidió mordida y ocultó pistas,Azteca Noticias,2026-04-18T04:55:15Z,2026-05-04 06:12:36
IeshK87LFSU,UgyDVTZnW5dhoR8BF-Z4AaABAg,@irmahernandez7758,"Si hubiera actuado la fiscalía al momento se hubiera evitado esta muerte, culpable la fiscalía 🤬🤬🤬",2026-04-18T18:00:02Z,4,gobierno de Tampico,Justicia para Edith: salió a entrevista y murió; Fiscalía pidió mordida y ocultó pistas,Azteca Noticias,2026-04-18T04:55:15Z,2026-05-04 06:12:36
IeshK87LFSU,UgxZx-Av-Q0GAtmiT-x4AaABAg,@MaribelRobles-gb7vd,Todos sabemos que siempre piden mordida para todo si no ahí te tienen afuera de los mp sin decirte nada y siempre se la sacan con cambio de turno etc,2026-04-18T17:50:30Z,0,gobierno de Tampico,Justicia para Edith: salió a entrevista y murió; Fiscalía pidió mordida y ocultó pistas,Azteca Noticias,2026-04-18T04:55:15Z,2026-05-04 06:12:36
IeshK87LFSU,Ugzsrb9KAmiC0qXAn6V4AaABAg,@habitacionescasablanca07,"Quién es el Dueño del Departamento..El registro de ingresos, Por qué se negaron a Dar la información El guardia y la administradora tiene que declarar",2026-04-18T17:39:36Z,0,gobierno de Tampico,Justicia para Edith: salió a entrevista y murió; Fiscalía pidió mordida y ocultó pistas,Azteca Noticias,2026-04-18T04:55:15Z,2026-05-04 06:12:36
IeshK87LFSU,Ugz7DoujiIXKH3C1XIV4AaABAg,@rafaelperez3933,Que triste 😢😢😢😢😢😢,2026-04-18T17:37:01Z,2,gobierno de Tampico,Justicia para Edith: salió a entrevista y murió; Fiscalía pidió mordida y ocultó pistas,Azteca Noticias,2026-04-18T04:55:15Z,2026-05-04 06:12:36
IeshK87LFSU,UgyIU9rANv5GWUPGyI14AaABAg,@aliciamuniz2899,"Hasta cuando Dios vamos a soportar tanta negligencia, tanta inptitud, tanta corrupción ;  y lo más trist q todavía hay gnt q  dfiend est gobierno, ahí hay pruebas vivients d q no hacn absolutamnt nada. Y todavía dicn q TV Aztca es mntiroso, prcisamnt x est mdio nos damos cuenta d tant cochinada d est gobierno q para nada s procupa x el bienstar q x cierto tanto prsumn para el país.  A vr los q tanto los dfiendn q les demuestran con pruebas dond están ?",2026-04-18T17:35:12Z,1,gobierno de Tampico,Justicia para Edith: salió a entrevista y murió; Fiscalía pidió mordida y ocultó pistas,Azteca Noticias,2026-04-18T04:55:15Z,2026-05-04 06:12:36
IeshK87LFSU,UgwVRz40jxi-Cyb-TQR4AaABAg,@estebansonvj6439,"Cómo dice la rucaleta esa, que llegamos todas, con toda la pena la familia de la víctima dio una cátedra de lo que se tiene que hacer en un caso así, porque tú gobierno de aquí o todos los estados les importa el pueblo 500 mil hectáreas de nada, en la CDMX se ve que hay redes mafiosas en complicidad con los funcionarios",2026-04-18T17:22:25Z,0,gobierno de Tampico,Justicia para Edith: salió a entrevista y murió; Fiscalía pidió mordida y ocultó pistas,Azteca Noticias,2026-04-18T04:55:15Z,2026-05-04 06:12:36
IeshK87LFSU,Ugz_GseBovSBnOnBYnF4AaABAg,@gabrielalarcon8106,"El de la fiscalía es el que trae la red de corrupción por eso no quería atender el caso , y aparte piden mordida que mal estan los de gobierno",2026-04-18T17:22:09Z,1,gobierno de Tampico,Justicia para Edith: salió a entrevista y murió; Fiscalía pidió mordida y ocultó pistas,Azteca Noticias,2026-04-18T04:55:15Z,2026-05-04 06:12:36
IeshK87LFSU,UgwGnyVMYGS0hIiB2Ht4AaABAg,@CarlosMartinez-uk5pd,Por eso el gobierno tiene otros datos. No te dan ni la oportunidad de hacer una denuncia.,2026-04-18T17:17:08Z,0,gobierno de Tampico,Justicia para Edith: salió a entrevista y murió; Fiscalía pidió mordida y ocultó pistas,Azteca Noticias,2026-04-18T04:55:15Z,2026-05-04 06:12:36
IeshK87LFSU,UgzBM7rezWGFqWI5cF54AaABAg,@claraaurora6496,Abrazos y no balazos... He ahí el resultado. 😡 Y nuestra presidenta... Dónde anda????,2026-04-18T17:16:19Z,0,gobierno de Tampico,Justicia para Edith: salió a entrevista y murió; Fiscalía pidió mordida y ocultó pistas,Azteca Noticias,2026-04-18T04:55:15Z,2026-05-04 06:12:36
IeshK87LFSU,Ugwd7_jR_erT1fq2njB4AaABAg,@socorrocarlin9329,"Qué bonita familia! Super unida!  Fuerte, audaz y valiente! Unos Panchos Pantera...hasta la señora Brugada, tembló!! Mi total admiración!!!",2026-04-18T17:16:10Z,1,gobierno de Tampico,Justicia para Edith: salió a entrevista y murió; Fiscalía pidió mordida y ocultó pistas,Azteca Noticias,2026-04-18T04:55:15Z,2026-05-04 06:12:36
IeshK87LFSU,UgxWo2iFtQlNzhrVFEJ4AaABAg,@ulisescortespoblano4488,Haber Claudia SHEUMBAN que dices de esto tu que representas a todas las mujeres de México,2026-04-18T17:08:39Z,0,gobierno de Tampico,Justicia para Edith: salió a entrevista y murió; Fiscalía pidió mordida y ocultó pistas,Azteca Noticias,2026-04-18T04:55:15Z,2026-05-04 06:12:36
IeshK87LFSU,Ugyu0NwTNUdpjjxwwRB4AaABAg,@ErasmpDominic,La misma fiscalía está involucrada con secuestros y extorsiones en Durango la delincuencia organizada está a cargo de la fiscalía y de la policía estatal,2026-04-18T16:55:02Z,1,gobierno de Tampico,Justicia para Edith: salió a entrevista y murió; Fiscalía pidió mordida y ocultó pistas,Azteca Noticias,2026-04-18T04:55:15Z,2026-05-04 06:12:36
IeshK87LFSU,Ugxhw3s_gm2QY3VQjIx4AaABAg,@lobitobalders4079,Agarren a la administradora x encubrimiento,2026-04-18T16:48:39Z,1,gobierno de Tampico,Justicia para Edith: salió a entrevista y murió; Fiscalía pidió mordida y ocultó pistas,Azteca Noticias,2026-04-18T04:55:15Z,2026-05-04 06:12:36
IeshK87LFSU,UgyH_xa83aLHCnn9P-R4AaABAg,@fernandadiostbendiga2519,Que pena....el demonio tiene el control en México 🖤🇲🇽🖤🖤🖤🖤🇲🇽🖤🖤🖤🖤💔🖤🖤,2026-04-18T16:39:07Z,5,gobierno de Tampico,Justicia para Edith: salió a entrevista y murió; Fiscalía pidió mordida y ocultó pistas,Azteca Noticias,2026-04-18T04:55:15Z,2026-05-04 06:12:36
IeshK87LFSU,Ugwf_wKlVaCXWVrsKaB4AaABAg,@jaimelopez-ss1cy,Lamentablemente quien este en el poder no harán nada las leyes son nefasta hoy en día ya ahora si nadie respeta a los policías y más por que hoy en día morena protege más a años delincuentes y se hacen de la vista gorda,2026-04-18T16:38:59Z,0,gobierno de Tampico,Justicia para Edith: salió a entrevista y murió; Fiscalía pidió mordida y ocultó pistas,Azteca Noticias,2026-04-18T04:55:15Z,2026-05-04 06:12:36
IeshK87LFSU,UgxspPLMmMgELDRzvj14AaABAg,@braulioromo6780,"Primero que corran a los jefes que están en la fiscalia. Segundo que detengan a todos lo involucrados desde las guardias que estaba en el edificio, y su administración. Y por último que detengan a al los feminisidas, que lo más seguro es que ya dieron mordida para que se de carpetazo al caso.",2026-04-18T16:34:07Z,0,gobierno de Tampico,Justicia para Edith: salió a entrevista y murió; Fiscalía pidió mordida y ocultó pistas,Azteca Noticias,2026-04-18T04:55:15Z,2026-05-04 06:12:36
IeshK87LFSU,Ugyg0QRBpn_gAlRm0xB4AaABAg,@romadriguez8786,"Yo no entiendo, cómo el pueblo puede estar tan segado con este partido y esta presidenta, y no despiertan para hacer algo😡",2026-04-18T16:30:56Z,0,gobierno de Tampico,Justicia para Edith: salió a entrevista y murió; Fiscalía pidió mordida y ocultó pistas,Azteca Noticias,2026-04-18T04:55:15Z,2026-05-04 06:12:36
IeshK87LFSU,UgwZm8DMSzE8AQfV_454AaABAg,@carmensorto806,Corrupto son empresas de narco que  chequeen si no le sacaron los organos,2026-04-18T16:30:43Z,1,gobierno de Tampico,Justicia para Edith: salió a entrevista y murió; Fiscalía pidió mordida y ocultó pistas,Azteca Noticias,2026-04-18T04:55:15Z,2026-05-04 06:12:36
IeshK87LFSU,Ugz4AfzVwg6mng-BYxN4AaABAg,@sandradelatorre8952,"En un noticiero dijeron que en el anuncio de empleo decía que fueran solas, y les pedían el whats app y otras cosas raras, que de lo que buscaras te encontraban trabajo. Supongo que por la desesperación de trabajar uno se ciega.",2026-04-18T16:27:34Z,0,gobierno de Tampico,Justicia para Edith: salió a entrevista y murió; Fiscalía pidió mordida y ocultó pistas,Azteca Noticias,2026-04-18T04:55:15Z,2026-05-04 06:12:36
IeshK87LFSU,UgxO9oAOoe425I6iERJ4AaABAg,@suavecitorobot3070,Aquí en México las Madres buscan los Cadáveres de los hijos e investigan desapariciones,2026-04-18T16:26:55Z,0,gobierno de Tampico,Justicia para Edith: salió a entrevista y murió; Fiscalía pidió mordida y ocultó pistas,Azteca Noticias,2026-04-18T04:55:15Z,2026-05-04 06:12:36
IeshK87LFSU,UgyNaDpqA7VSmWQwPTt4AaABAg,@iselac6262,☹️😠😠,2026-04-18T16:26:49Z,0,gobierno de Tampico,Justicia para Edith: salió a entrevista y murió; Fiscalía pidió mordida y ocultó pistas,Azteca Noticias,2026-04-18T04:55:15Z,2026-05-04 06:12:36
IeshK87LFSU,UgwO7fc2gnuR_musM8h4AaABAg,@jfk-s3m,Le echan la culpa a la fiscalia pero no dicen nada de quien o por que se la echaron <br>Que poca usan esta tragedia para culpar a morena,2026-04-18T16:24:42Z,0,gobierno de Tampico,Justicia para Edith: salió a entrevista y murió; Fiscalía pidió mordida y ocultó pistas,Azteca Noticias,2026-04-18T04:55:15Z,2026-05-04 06:12:36
IeshK87LFSU,UgwoNuZOiMfGWQozPL14AaABAg,@monserrathtorresmonreal6339,Lo bueno q la señora presidenta dice nada corrupción las autoridades hacen excelente su trabajo nada de abusos todo está muy bien... La pregunta es hasta cuándo vamos a  seguir permitiendo tanto abuso y no solo por esto a todos los niveles hasta cuando esa señora q se vive dando sus discursos tontos hará su trabajo como debe ser,2026-04-18T16:13:54Z,0,gobierno de Tampico,Justicia para Edith: salió a entrevista y murió; Fiscalía pidió mordida y ocultó pistas,Azteca Noticias,2026-04-18T04:55:15Z,2026-05-04 06:12:36
IeshK87LFSU,UgzeX-TITSvNfYUhQc14AaABAg,@lilfox3954,El peor error poner una mujer de presidenta Que no cuida ni alas de su género triste pero cierto y van a decir que blabla bla pero pues eso de poner puras leyes pendejas en vez de poner orden real,2026-04-18T16:07:26Z,0,gobierno de Tampico,Justicia para Edith: salió a entrevista y murió; Fiscalía pidió mordida y ocultó pistas,Azteca Noticias,2026-04-18T04:55:15Z,2026-05-04 06:12:36
IeshK87LFSU,UgyqvGKxaiuGMk11st94AaABAg,@carlosalfonsobaenacampos7824,"QUIENES SON LOS QUE PONEN LAS LEYES QUE OBLIGAN A ESPERAR 72 HORAS, LOS LEGISLADORES",2026-04-18T16:04:05Z,2,gobierno de Tampico,Justicia para Edith: salió a entrevista y murió; Fiscalía pidió mordida y ocultó pistas,Azteca Noticias,2026-04-18T04:55:15Z,2026-05-04 06:12:36
IeshK87LFSU,UgyOquHagKIh3cGafL94AaABAg,@miguelseveriano473,Presidenta claudia sheinbum comandante suprema mujer maravilla inteligente viva México 🇲🇽 viva México 🇲🇽 viva México 🇲🇽,2026-04-18T16:02:22Z,0,gobierno de Tampico,Justicia para Edith: salió a entrevista y murió; Fiscalía pidió mordida y ocultó pistas,Azteca Noticias,2026-04-18T04:55:15Z,2026-05-04 06:12:36
IeshK87LFSU,UgwHfCNE_HOQLZKTW3F4AaABAg,@maruaj8404,"Justicia para Edith‼️ ni una más‼️<br>Este narcogobierno, crimen organizado y narcoterroristas tienen que dejar de existir en México‼️",2026-04-18T15:54:53Z,2,gobierno de Tampico,Justicia para Edith: salió a entrevista y murió; Fiscalía pidió mordida y ocultó pistas,Azteca Noticias,2026-04-18T04:55:15Z,2026-05-04 06:12:36
IeshK87LFSU,Ugw_43oyApt_tzbGQAB4AaABAg,@eduardogardel4416,Disfruten lo botado morena,2026-04-18T15:52:00Z,0,gobierno de Tampico,Justicia para Edith: salió a entrevista y murió; Fiscalía pidió mordida y ocultó pistas,Azteca Noticias,2026-04-18T04:55:15Z,2026-05-04 06:12:36
IeshK87LFSU,UgwKf2hO2zeE_WpJYV94AaABAg,@patriciavelasco834,SI LA FISCALÍA 💩💩💩💩 PIDE DINERO PARA HACER SU TRABAJO. . . AÚN QUEDA DUDA DE LA RELACIÓN DEL N4RCO GOBIERNO CON EL C. O. 🐀🐀🐀🐀🐀🐀????,2026-04-18T15:41:02Z,5,gobierno de Tampico,Justicia para Edith: salió a entrevista y murió; Fiscalía pidió mordida y ocultó pistas,Azteca Noticias,2026-04-18T04:55:15Z,2026-05-04 06:12:36
IeshK87LFSU,UgxbSJ7bqS4EpkLPDAl4AaABAg,@RicardoCastañeda-f6l,Son las personas que tendríamos que tener en las fiscalias,2026-04-18T15:31:53Z,3,gobierno de Tampico,Justicia para Edith: salió a entrevista y murió; Fiscalía pidió mordida y ocultó pistas,Azteca Noticias,2026-04-18T04:55:15Z,2026-05-04 06:12:36
IeshK87LFSU,UgzajsV6D-dE8JRciR14AaABAg,@ojosdeperroestrada6253,"Pobrecita, que tristeza.<br>Y porque la asesinaron?<br>Sólo así decidir quitarle la vida a una persona..!<br>Que onda como sociedad!?",2026-04-18T15:28:16Z,0,gobierno de Tampico,Justicia para Edith: salió a entrevista y murió; Fiscalía pidió mordida y ocultó pistas,Azteca Noticias,2026-04-18T04:55:15Z,2026-05-04 06:12:36
IeshK87LFSU,UgwA0rDawObR---qzFF4AaABAg,@TobyGatito,"La presidenta que va a hacer al respecto???   Nada,    sabe de la corrupción y los deja trabajar a la fiscalía  impunemente",2026-04-18T15:25:00Z,5,gobierno de Tampico,Justicia para Edith: salió a entrevista y murió; Fiscalía pidió mordida y ocultó pistas,Azteca Noticias,2026-04-18T04:55:15Z,2026-05-04 06:12:36
IeshK87LFSU,UgxXHomnp6LrwpOC5AV4AaABAg,@samuu3353,"PUES ES QUE ESA ES LA BUEVA POLÍTICA, NO TOMAR DECLARACIONES Y ASÍ PUES NO HAY DESAPARECIDOS, NI DELINCUENCIA NI FALLECIMIENTOS, NO SEA QUE LES ARRUINEMOS SUS OTRAS CIFRAS AL GOBIERNO…Y EL PUEBLO….FELIZ FELIZ 🙄🤷🏻‍♂️",2026-04-18T15:03:29Z,1,gobierno de Tampico,Justicia para Edith: salió a entrevista y murió; Fiscalía pidió mordida y ocultó pistas,Azteca Noticias,2026-04-18T04:55:15Z,2026-05-04 06:12:36
IeshK87LFSU,UgygShxqmd2_VL9PPZF4AaABAg,@vero-rockherz1988,"La fiscalía es apatía, corrupción, huevonada, falta de humanidad y parece que sólo sirven para hacer estadísticas de crímenes que se hubieran podido evitar sí se pusieran a trabajar eficazmente 😠",2026-04-18T15:00:56Z,2,gobierno de Tampico,Justicia para Edith: salió a entrevista y murió; Fiscalía pidió mordida y ocultó pistas,Azteca Noticias,2026-04-18T04:55:15Z,2026-05-04 06:12:36
IeshK87LFSU,UgzhuYjZohlWQrUQRE94AaABAg,@mariolopez1,Justicia para Edith.,2026-04-18T14:58:29Z,4,gobierno de Tampico,Justicia para Edith: salió a entrevista y murió; Fiscalía pidió mordida y ocultó pistas,Azteca Noticias,2026-04-18T04:55:15Z,2026-05-04 06:12:36
IeshK87LFSU,Ugz9THuji7YIFPtDfsF4AaABAg,@gabrielconrado19,"Poca madre , castigo para todos los corruptos",2026-04-18T14:56:02Z,5,gobierno de Tampico,Justicia para Edith: salió a entrevista y murió; Fiscalía pidió mordida y ocultó pistas,Azteca Noticias,2026-04-18T04:55:15Z,2026-05-04 06:12:36
IeshK87LFSU,UgxR-6FUqiE7qM6JlHV4AaABAg,@moiseseliasjimenezacosta2025,Y las cámaras dentro del edificio?,2026-04-18T14:50:49Z,2,gobierno de Tampico,Justicia para Edith: salió a entrevista y murió; Fiscalía pidió mordida y ocultó pistas,Azteca Noticias,2026-04-18T04:55:15Z,2026-05-04 06:12:36
IeshK87LFSU,UgwoIidE1uyN1DV0DSx4AaABAg,@jesuscervantes2550,A esa gente d la fiscalía la deberían juzgar y condenar ya q están para atender a la gente   o estarán d acuerdo con esa gente xq ya son muchas personas q desaparecen. todo x no actuar en tiempo y forma ya es tiempo d actuár en contra d esa gente,2026-04-18T14:46:00Z,1,gobierno de Tampico,Justicia para Edith: salió a entrevista y murió; Fiscalía pidió mordida y ocultó pistas,Azteca Noticias,2026-04-18T04:55:15Z,2026-05-04 06:12:36
IeshK87LFSU,UgxjWJ5LNnQSLMiSo5F4AaABAg,@Angieall-mp1yw,TRABAJAN POR O CONTRA LOS DELINCUENTES?? 👿💩🦖 LOS MP SON LOS QUE DEBIERON HABER QUITADO O SUPERVISADO 😡 PERO COMO DEPENDEN DE LAS FISCALÍA 👹 NI LOS TOCAN ES UNA PESADILLA  LLEGAR A ESOS LUGARES! 🦖💩👿🤬👿FUERA MORENA 💩 🤬 😈,2026-04-18T14:45:56Z,0,gobierno de Tampico,Justicia para Edith: salió a entrevista y murió; Fiscalía pidió mordida y ocultó pistas,Azteca Noticias,2026-04-18T04:55:15Z,2026-05-04 06:12:36
IeshK87LFSU,UgwXazjpBr8g-EsWJHB4AaABAg,@mariaguadalupearzate5439,"Ya deberían de quitar esas 72 para llevar a cabo las investigaciones en 3 días ya la persona secuestrada o desaparecida está al otro lado del planeta o muerta, es mucho tiempo son reglas o procedimientos inútiles y la ¡¡ Leyes !! Bien gracias, a ver hay están las cocecurncias.",2026-04-18T14:42:15Z,1,gobierno de Tampico,Justicia para Edith: salió a entrevista y murió; Fiscalía pidió mordida y ocultó pistas,Azteca Noticias,2026-04-18T04:55:15Z,2026-05-04 06:12:36
IeshK87LFSU,UgxcWG9XaFZdT4JJpWp4AaABAg,@salvadorperezramirez4643,Las autoridades siempre han sido una porquería pero en la actualidad es en grado superlativo,2026-04-18T14:37:13Z,3,gobierno de Tampico,Justicia para Edith: salió a entrevista y murió; Fiscalía pidió mordida y ocultó pistas,Azteca Noticias,2026-04-18T04:55:15Z,2026-05-04 06:12:36
IeshK87LFSU,Ugwd8TgWtmz5h24TD-F4AaABAg,@angelchavez5472,"Es la prueba de que no importa quien gobierne, es la sociedad mexicana la que esta podrida <br>Vivo en el edomex y les aseguro, son mas los malos.....",2026-04-18T14:34:17Z,8,gobierno de Tampico,Justicia para Edith: salió a entrevista y murió; Fiscalía pidió mordida y ocultó pistas,Azteca Noticias,2026-04-18T04:55:15Z,2026-05-04 06:12:36
IeshK87LFSU,UgwvI5LwZxcBDiQxCWp4AaABAg,@josolm7113,Labore un tiempo en la fiscalía peor en otro estado y es verdad dicen que a las 72 horas para que cuente como desaparición peor pues en ese lapso pueden pasar mil cosas lamentables. Tenemos una manga de puñetas ocupando cargos públicos deberias corréelos a todos los involucrados en la atención de este y muchos casos más.,2026-04-18T14:29:01Z,2,gobierno de Tampico,Justicia para Edith: salió a entrevista y murió; Fiscalía pidió mordida y ocultó pistas,Azteca Noticias,2026-04-18T04:55:15Z,2026-05-04 06:12:36
IeshK87LFSU,UgxSjm_loOhb4FBjZnx4AaABAg,@maxwellgc0369,Todos los que pidieron mordida deberían ir presos o tener penas peores,2026-04-18T14:24:19Z,49,gobierno de Tampico,Justicia para Edith: salió a entrevista y murió; Fiscalía pidió mordida y ocultó pistas,Azteca Noticias,2026-04-18T04:55:15Z,2026-05-04 06:12:36
IeshK87LFSU,Ugxcw3U2O9iK6s4o5ut4AaABAg,@SergioPonce-pi1rn,El personal de las fiscalía son tan corruptos que les gusta trabajar para estar pidiendo dinero para todo por el dolor de la gente,2026-04-18T14:23:18Z,18,gobierno de Tampico,Justicia para Edith: salió a entrevista y murió; Fiscalía pidió mordida y ocultó pistas,Azteca Noticias,2026-04-18T04:55:15Z,2026-05-04 06:12:36
IeshK87LFSU,Ugyp4OjVgakHCc9iCrl4AaABAg,@magoscardesatania8723,"Muchos de las soluciones que se pretenden hacer es post siempre, porque no se hace una prevención? Para que esperar a los hechos? Solo para lamentarse?, y esta prevención empieza de la familia, este es el mundo real y hay gente mala (eso no lo puedes cambiar) , si a tus hijos no les das las armas suficientes para tomar buenas decisiones va ocurrir estas tragedias.<br>En primera porque la chava va a ese lugar sin estar antes bien constatada de a donde va?<br>Si nos ponemos bien estrictos se podría decir que por falta de una mejor preparación para buscar un mejor trabajo termina buscando ese trabajo porque tal vez no tenga ni la prepa.<br>Son detalles que cuentan mucho, si queremos que esto cambien también hya qué hacer algo para que también las mujeres no se dejen engañar tan pronto.<br>Se que es necesidad pero creo que es más importante la vida que cualquier trabajo.<br>Hay hasta mejores opciones en esas toma de decisiones.<br>Porque no mejor prevenir antes que lamentar?",2026-04-18T14:19:18Z,0,gobierno de Tampico,Justicia para Edith: salió a entrevista y murió; Fiscalía pidió mordida y ocultó pistas,Azteca Noticias,2026-04-18T04:55:15Z,2026-05-04 06:12:36
IeshK87LFSU,Ugwp51iOpnxdwzAvnjd4AaABAg,@BeL_Sollen_Angel,El pueblo tiene que hacer justicia por mano propia contra las autoridades y corporaciones pues son nidos de delincuentes y corrupción solo así empezarán a funcionar para el pueblo.,2026-04-18T14:18:37Z,6,gobierno de Tampico,Justicia para Edith: salió a entrevista y murió; Fiscalía pidió mordida y ocultó pistas,Azteca Noticias,2026-04-18T04:55:15Z,2026-05-04 06:12:36
IeshK87LFSU,Ugwlm1HCzFNWk2ByYAB4AaABAg,@juanacruzmirafuentes8798,Esto no es posible autoridades 😮😮😮asesinos,2026-04-18T14:17:36Z,4,gobierno de Tampico,Justicia para Edith: salió a entrevista y murió; Fiscalía pidió mordida y ocultó pistas,Azteca Noticias,2026-04-18T04:55:15Z,2026-05-04 06:12:36
IeshK87LFSU,UgzZkj2IJPAeGo9_jUZ4AaABAg,@acT850,"Que poca Madr3... Es culpa de los morenarcos ya necesitamos sacarlos del gobierno son demasiado corruptos e ineptos como su mesías de 14años en la universidad, un Burrazo!",2026-04-18T14:15:20Z,0,gobierno de Tampico,Justicia para Edith: salió a entrevista y murió; Fiscalía pidió mordida y ocultó pistas,Azteca Noticias,2026-04-18T04:55:15Z,2026-05-04 06:12:36
IeshK87LFSU,Ugz_7GmzIWEjStWTmuJ4AaABAg,@javiersoto3069,Es las malditas fiscalías seven de correr a todos y meter al órgano militar como la guardia nacional,2026-04-18T14:11:16Z,1,gobierno de Tampico,Justicia para Edith: salió a entrevista y murió; Fiscalía pidió mordida y ocultó pistas,Azteca Noticias,2026-04-18T04:55:15Z,2026-05-04 06:12:36
IeshK87LFSU,UgxycUpoWGbHbN-NU3t4AaABAg,@MarcoCoconi,"Las fiscalías son extremadamente corruptas reciben dinero de los criminales y también extorsionan a las víctimas disque para acelerar la investigación, necesitamos fiscalías con buenos sueldos pero con controles de confianza y órganos internos de control para evitar la corrupción",2026-04-18T14:09:29Z,8,gobierno de Tampico,Justicia para Edith: salió a entrevista y murió; Fiscalía pidió mordida y ocultó pistas,Azteca Noticias,2026-04-18T04:55:15Z,2026-05-04 06:12:36
IeshK87LFSU,UgyIfEAwiIrKmUl86E54AaABAg,@ProviCional-c2j,No sé preocupen los hijos de los jueces y políticos están salvos y sanos 👍 solo es cuestión de esperar a que algún día cambien las leyes.,2026-04-18T14:08:41Z,1,gobierno de Tampico,Justicia para Edith: salió a entrevista y murió; Fiscalía pidió mordida y ocultó pistas,Azteca Noticias,2026-04-18T04:55:15Z,2026-05-04 06:12:36
IeshK87LFSU,UgydpNj-jNUTSpJv-RF4AaABAg,@leticialuengas9713,🙏🏻🙏🏻🙏🏻🙏🏻🙏🏻,2026-04-18T14:08:32Z,0,gobierno de Tampico,Justicia para Edith: salió a entrevista y murió; Fiscalía pidió mordida y ocultó pistas,Azteca Noticias,2026-04-18T04:55:15Z,2026-05-04 06:12:36
IeshK87LFSU,UgwAyYsNcvCimmWziP94AaABAg,@eduardomaciel188,La administradora y el guardia de seguridad tienen algo que ver. Ellos también tiene que enfrentar la ley.,2026-04-18T14:06:38Z,2,gobierno de Tampico,Justicia para Edith: salió a entrevista y murió; Fiscalía pidió mordida y ocultó pistas,Azteca Noticias,2026-04-18T04:55:15Z,2026-05-04 06:12:36
IeshK87LFSU,Ugx5HDmoLnM-7Aph0EJ4AaABAg,@LuisSanchez-l1y7l,"Y las Feminazis? Calladitas, no que muy unidas?",2026-04-18T14:02:19Z,2,gobierno de Tampico,Justicia para Edith: salió a entrevista y murió; Fiscalía pidió mordida y ocultó pistas,Azteca Noticias,2026-04-18T04:55:15Z,2026-05-04 06:12:36
IeshK87LFSU,UgwkNAm69cLyED7REhJ4AaABAg,@alfonsofranco1984,VIVA VIVA MORENA NO PASA NADA NO EXAGEREN 😢 YA NO MÁS MORENA DESTROZAN A MÉXICO 🇲🇽 😢,2026-04-18T13:57:34Z,1,gobierno de Tampico,Justicia para Edith: salió a entrevista y murió; Fiscalía pidió mordida y ocultó pistas,Azteca Noticias,2026-04-18T04:55:15Z,2026-05-04 06:12:36
IeshK87LFSU,UgyjgdXngXll2tC8vyN4AaABAg,@flowers333,Vayan a incendiar la fiscalia❤❤❤,2026-04-18T13:56:26Z,0,gobierno de Tampico,Justicia para Edith: salió a entrevista y murió; Fiscalía pidió mordida y ocultó pistas,Azteca Noticias,2026-04-18T04:55:15Z,2026-05-04 06:12:36
IeshK87LFSU,UgwSDVc9G8AZSqIv0eB4AaABAg,@lidiavelasco4386,🌹 como lo siento un abrazo 🙏 bendiciones hogala los castiguen 😡,2026-04-18T13:55:09Z,3,gobierno de Tampico,Justicia para Edith: salió a entrevista y murió; Fiscalía pidió mordida y ocultó pistas,Azteca Noticias,2026-04-18T04:55:15Z,2026-05-04 06:12:36
IeshK87LFSU,UgyvtQVo4l8Q434n0Kp4AaABAg,@doloreselenaflorescastillo6381,No quieren hacer su trabajo 😢sólo quieren ganar dinero que trista que no se sabe que tipo de gente se contrata y como seguridad son un fracaso,2026-04-18T13:44:01Z,0,gobierno de Tampico,Justicia para Edith: salió a entrevista y murió; Fiscalía pidió mordida y ocultó pistas,Azteca Noticias,2026-04-18T04:55:15Z,2026-05-04 06:12:36
IeshK87LFSU,UgxXoF2A7hzU_ii8g9l4AaABAg,@dorabautistabautista6420,Te faltó mencionar que empleados de fiscalía extorsionaron a la familia de Edith. .....y empleado de fiscalía fue retirado y suspendido de su cargo ....( DATO IMPORTANTE),2026-04-18T13:30:06Z,19,gobierno de Tampico,Justicia para Edith: salió a entrevista y murió; Fiscalía pidió mordida y ocultó pistas,Azteca Noticias,2026-04-18T04:55:15Z,2026-05-04 06:12:36
IeshK87LFSU,UgydeBlJnpLY2orrYup4AaABAg,@latecate-z8d,"Y porqueno investiga ala fiscalía,por la mordida por adelantado, entonces  edid era invertida porque pidierondinero ,a fiscalía ,fiscalía estaba hasiendo tiempo para matarla porque no soltaron el dinero, modo operandi fiscalía corrupta, esban luchando,  con lavida",2026-04-18T13:25:43Z,0,gobierno de Tampico,Justicia para Edith: salió a entrevista y murió; Fiscalía pidió mordida y ocultó pistas,Azteca Noticias,2026-04-18T04:55:15Z,2026-05-04 06:12:36
IeshK87LFSU,UgyJf6Gy1xpIgf0I_Yx4AaABAg,@NatividadRodriguezVazquez,Ay es donde las disque femenistas deverian de ir a las fiscalías a las estaciones de policías a destruir a pedir justicia y no a los lugares que ni al caso debería de destruir ni mucho quemar pero no son pentejas por saben que las van a meter a la cárcel de verdad da coraje 😡😡😡,2026-04-18T13:24:36Z,0,gobierno de Tampico,Justicia para Edith: salió a entrevista y murió; Fiscalía pidió mordida y ocultó pistas,Azteca Noticias,2026-04-18T04:55:15Z,2026-05-04 06:12:36
IeshK87LFSU,Ugz7_dGZCgXdfKPjCCB4AaABAg,@DiegoHernandez-yd6hs,Pura corrupción de este 👉 m*<b>*t</b> gobierno,2026-04-18T13:11:35Z,11,gobierno de Tampico,Justicia para Edith: salió a entrevista y murió; Fiscalía pidió mordida y ocultó pistas,Azteca Noticias,2026-04-18T04:55:15Z,2026-05-04 06:12:36
IeshK87LFSU,UgxWOTZIu5yGgcCgiGd4AaABAg,@EduardoRoman-g5m,Pura politiquería,2026-04-18T12:54:01Z,0,gobierno de Tampico,Justicia para Edith: salió a entrevista y murió; Fiscalía pidió mordida y ocultó pistas,Azteca Noticias,2026-04-18T04:55:15Z,2026-05-04 06:12:36
IeshK87LFSU,Ugx-gbf6T_oYWn8XjRF4AaABAg,@jesussaavedra7492,"Desafortunadamente es otro caso mas de a disfrutar lo votado, un gobierno mediocre y sin interes por la gente que se transmite a todas las instituciones y el como actuan dia a dia, desgraciadamente asi nuestro mexico con edta porqueria de presidente y gobierno",2026-04-18T12:52:56Z,0,gobierno de Tampico,Justicia para Edith: salió a entrevista y murió; Fiscalía pidió mordida y ocultó pistas,Azteca Noticias,2026-04-18T04:55:15Z,2026-05-04 06:12:36
IeshK87LFSU,Ugwkf-GzLRrHFmkYp7Z4AaABAg,@hanseinenlong9827,Soy Andrés Manuel López obradorista y si lo digo como es ... Estos de la fiscalía desde arriba hasta el de abajo deben de renunciar y ser enjuiciados. 72 HRS para entrar en un lugar que saben que ahí está ...... Esta chica si pudo haber sido rescatada.... Es que aquí se comprueba hay gente con responsabilidad sin preparación y corruptos y ambas cosas también mata,2026-04-18T11:55:13Z,0,gobierno de Tampico,Justicia para Edith: salió a entrevista y murió; Fiscalía pidió mordida y ocultó pistas,Azteca Noticias,2026-04-18T04:55:15Z,2026-05-04 06:12:36
IeshK87LFSU,Ugy7X4HSYIyTsug7G3p4AaABAg,@JoséLuisSalazarColorado,Que Mala Onda Muchos Pensamos Que Al Estar Una Mujer En El Poder Se Iban A Acabar Los Feminicidios Sabemos Que No Es Culpa De Claudia Pero Si Deberían De Inspeccionar A Quienes Tiene Abajo Para Acabar Con La Corrupción Y Esa Gente De Fiscalia También Deberían De Procesarlos Por Omisión Por No Actuar De Inmediato Y Por Pedir Dinero Pues Por Eso Cobran,2026-04-18T10:48:33Z,3,gobierno de Tampico,Justicia para Edith: salió a entrevista y murió; Fiscalía pidió mordida y ocultó pistas,Azteca Noticias,2026-04-18T04:55:15Z,2026-05-04 06:12:36
IeshK87LFSU,UgzWna2oWU8DHg900qt4AaABAg,@LuisHernandez-fd5xb,Pidió mordida ??? Y como sabes ??,2026-04-18T10:42:59Z,1,gobierno de Tampico,Justicia para Edith: salió a entrevista y murió; Fiscalía pidió mordida y ocultó pistas,Azteca Noticias,2026-04-18T04:55:15Z,2026-05-04 06:12:36
IeshK87LFSU,UgyvIuAyRYoT9-zuF4t4AaABAg,@MartinR-u9y,Hola ❤ ANNALU  Mamita  Que  terrible Es Loque está pasando En  Nuestro México  Micielo 🫴🌹 Yo creo  que  En  Nuestro Amado México  Es  El país Con Más ➕️  Maldad  En todo  El planeta  ⚘️Miamor ♥️  Esta  Repleto  y lleno  de toda Clase  de  de monios  de los peores  Que Ay  que  Triste  y  de Ces Perante  Es  Esto  🌺 Vida  Mia  ANNALU  AMOR 💘 SOLO DIOS  NOS PUEDE PROTEGER Y GUARDAR  DE TANTA  MALDAD 🤭 ANNALU AMOR 💘 BONITO GRACIAS  Y QUIDATE  MUNCHO MIAMOR  💗TEAMO 💝,2026-04-18T10:06:51Z,4,gobierno de Tampico,Justicia para Edith: salió a entrevista y murió; Fiscalía pidió mordida y ocultó pistas,Azteca Noticias,2026-04-18T04:55:15Z,2026-05-04 06:12:36
IeshK87LFSU,UgwvFha7vrgmIJnfdQR4AaABAg,@CathieVillas,Que detengan y metan a la carcel a la persona que estuvo en turno al ingreso del Edificio,2026-04-18T09:16:55Z,54,gobierno de Tampico,Justicia para Edith: salió a entrevista y murió; Fiscalía pidió mordida y ocultó pistas,Azteca Noticias,2026-04-18T04:55:15Z,2026-05-04 06:12:36
IeshK87LFSU,UgxakL0Mzt-9un6jQcF4AaABAg,@LauraSanchezGonzalez-sm9mf,"La familia le hizo su trabajo a la fiscalía, Godoy que vergüenza sirven para nada y para nada",2026-04-18T07:34:46Z,36,gobierno de Tampico,Justicia para Edith: salió a entrevista y murió; Fiscalía pidió mordida y ocultó pistas,Azteca Noticias,2026-04-18T04:55:15Z,2026-05-04 06:12:36
IeshK87LFSU,UgzTuJ7Pxh9k9RJyKlR4AaABAg,@elizabethmadrid8309,Pobres papás no hay palabras neta!!,2026-04-18T06:19:52Z,41,gobierno de Tampico,Justicia para Edith: salió a entrevista y murió; Fiscalía pidió mordida y ocultó pistas,Azteca Noticias,2026-04-18T04:55:15Z,2026-05-04 06:12:36
IeshK87LFSU,UgxGHemV6VJh8y8TtQV4AaABAg,@Mónica-b5t9t,Toda esa gente que nego todo es cómplice de los asesinos! Queremos justicia para Edith,2026-04-18T06:10:03Z,106,gobierno de Tampico,Justicia para Edith: salió a entrevista y murió; Fiscalía pidió mordida y ocultó pistas,Azteca Noticias,2026-04-18T04:55:15Z,2026-05-04 06:12:36
IeshK87LFSU,Ugy64nANFY3kC9IKydV4AaABAg,@JavierLara-l5e,México será el país más malo del mundo y no nos emos dado cuenta 😮😮😮😮😮,2026-04-18T06:03:19Z,5,gobierno de Tampico,Justicia para Edith: salió a entrevista y murió; Fiscalía pidió mordida y ocultó pistas,Azteca Noticias,2026-04-18T04:55:15Z,2026-05-04 06:12:36
IeshK87LFSU,Ugy73W_QsgY3ZYqMPtN4AaABAg,@JoelBeltranCorona,"Es muy indignante que las autoridades te pidan dinero para hacer su trabajo y lo más importante es que se pierda tanto tiempo y no se activen protocolos para iniciar una búsqueda, debe de haber justicia para la joven y la familia..",2026-04-18T05:34:25Z,28,gobierno de Tampico,Justicia para Edith: salió a entrevista y murió; Fiscalía pidió mordida y ocultó pistas,Azteca Noticias,2026-04-18T04:55:15Z,2026-05-04 06:12:36
IeshK87LFSU,UgxAOq7PbDXRBeZL16l4AaABAg,@arturocorrea-yb8mz,Esos lugares tienen años solicitando empleos nunca han hecho algo las autoridades no es nuevo,2026-04-18T05:28:25Z,10,gobierno de Tampico,Justicia para Edith: salió a entrevista y murió; Fiscalía pidió mordida y ocultó pistas,Azteca Noticias,2026-04-18T04:55:15Z,2026-05-04 06:12:36
IeshK87LFSU,UgzoTyX1WfKYjN7Q6I94AaABAg,@haloelmejorify,Maldita seas Claudia,2026-04-18T05:27:02Z,0,gobierno de Tampico,Justicia para Edith: salió a entrevista y murió; Fiscalía pidió mordida y ocultó pistas,Azteca Noticias,2026-04-18T04:55:15Z,2026-05-04 06:12:36
IeshK87LFSU,UgyLJtXMsHggVrylSeV4AaABAg,@brissvivas,JISTICIA YA BASTA DE TANTA INEPTITUD Y PEDIR MORDIDA POR HACER SU TRABAJO 🤬🤬🤬🤬<br>EXIJAMOS CORRAN A LAS &quot;AUTORIDADES&quot;,2026-04-18T05:25:31Z,47,gobierno de Tampico,Justicia para Edith: salió a entrevista y murió; Fiscalía pidió mordida y ocultó pistas,Azteca Noticias,2026-04-18T04:55:15Z,2026-05-04 06:12:36
0_xkHQ5pux8,Ugxc0U7in_UednxW6SV4AaABAg,@victordeleija3927,Exacto así debe de ser.... O chiflas o comes pinole,2026-04-16T15:10:08Z,1,gobierno de Tampico,¡Hey ahí les hablan!,ORT Radio,2026-04-16T15:07:22Z,2026-05-04 06:12:36
X10HeiB_b3g,UgzM-WlLzMSIZtS8RKh4AaABAg,@consultores.asociados,No dejan escuchar bien con esa música a mayor volumen,2026-04-29T15:28:14Z,0,gobierno de Tampico,CASINOS: RAPEROS Y ABOGADOS DE LA NARCO-TRANSFORMACIÓN | REPORTAJE,La Saga,2026-04-15T04:30:14Z,2026-05-04 06:12:36
X10HeiB_b3g,UgwpAlaHaEg9Y-sMK854AaABAg,@josemariobarronramirez2966,Estaba,2026-04-25T23:22:34Z,0,gobierno de Tampico,CASINOS: RAPEROS Y ABOGADOS DE LA NARCO-TRANSFORMACIÓN | REPORTAJE,La Saga,2026-04-15T04:30:14Z,2026-05-04 06:12:36
X10HeiB_b3g,UgzB9fqEcbCNBzy--M14AaABAg,@davidmganew,Bien por las autoridades estadounidenses. Haciendo su trabajo como siempre,2026-04-24T19:35:55Z,0,gobierno de Tampico,CASINOS: RAPEROS Y ABOGADOS DE LA NARCO-TRANSFORMACIÓN | REPORTAJE,La Saga,2026-04-15T04:30:14Z,2026-05-04 06:12:36
X10HeiB_b3g,UgyL6YPfP2sU-5-bDFN4AaABAg,@jonalbertsony1045,Viva México lleno de 🩸 con 💩,2026-04-21T20:09:25Z,0,gobierno de Tampico,CASINOS: RAPEROS Y ABOGADOS DE LA NARCO-TRANSFORMACIÓN | REPORTAJE,La Saga,2026-04-15T04:30:14Z,2026-05-04 06:12:36
X10HeiB_b3g,Ugxhwt9v8WkJhuLPN4N4AaABAg,@jonalbertsony1045,Viva México lleno de 🩸 con 💩,2026-04-21T20:04:37Z,0,gobierno de Tampico,CASINOS: RAPEROS Y ABOGADOS DE LA NARCO-TRANSFORMACIÓN | REPORTAJE,La Saga,2026-04-15T04:30:14Z,2026-05-04 06:12:36
X10HeiB_b3g,Ugy8nwlcD_2HfRpfB7h4AaABAg,@alexcr76,Ocultan desaparecidos<br>Callan a madres opositoras<br>Regañan a los que se manifiestan <br>Tienen fotos con abogados del co<br>Tapan descarrilamientos de trenes<br>Tapan Huachicol<br>Tapan derrames de petroleo<br>Recomiendan comer frijoles<br>Recomiendan no usar luz<br>Usan medicinas piratas para el cancer<br>Se asolean las patas en el palacio<br>Trajeron crisis a los hospitales<br>Tienen la corte del acordeon<br>Usan enbajadas como estancias a costa del erario <br>Espian los telefonos<br>Recomiendan usar gasolina verde<br><br>Claudia es una vil hiena con A,2026-04-20T14:41:09Z,0,gobierno de Tampico,CASINOS: RAPEROS Y ABOGADOS DE LA NARCO-TRANSFORMACIÓN | REPORTAJE,La Saga,2026-04-15T04:30:14Z,2026-05-04 06:12:36
X10HeiB_b3g,UgyMxtll9tddyO9DOcZ4AaABAg,@IngSaulo,Ahora todo tiene sentido cuando TRUMP dijo que Mexico era gobernado por carteles.,2026-04-20T07:49:28Z,0,gobierno de Tampico,CASINOS: RAPEROS Y ABOGADOS DE LA NARCO-TRANSFORMACIÓN | REPORTAJE,La Saga,2026-04-15T04:30:14Z,2026-05-04 06:12:36
X10HeiB_b3g,UgxJWMgFjJDnljiaVol4AaABAg,@eliasvazquez77,Allí están las fotos chairos idiotizados q más quieren? Babosos creídos de morenarcos,2026-04-19T19:03:58Z,0,gobierno de Tampico,CASINOS: RAPEROS Y ABOGADOS DE LA NARCO-TRANSFORMACIÓN | REPORTAJE,La Saga,2026-04-15T04:30:14Z,2026-05-04 06:12:36
X10HeiB_b3g,UgwDJGcE4_Bb9GbcULp4AaABAg,@gabrielagtz3628,ESTA PRESIDENTITO SIEMPRE SALE CON ESO... NO LO CONOZCO!!!<br>TODO  ESTO YA ES NORMAL EN ESTE GOBIERNO NEFASTO!!!,2026-04-19T14:04:41Z,0,gobierno de Tampico,CASINOS: RAPEROS Y ABOGADOS DE LA NARCO-TRANSFORMACIÓN | REPORTAJE,La Saga,2026-04-15T04:30:14Z,2026-05-04 06:12:36
X10HeiB_b3g,UgyqYInHziLP04ZbJaV4AaABAg,@TRIUNFA_EL_DIABLO,Habrá impunidad. Los presidentes de México siempre han pendejeado a los de otros países.,2026-04-18T21:53:46Z,1,gobierno de Tampico,CASINOS: RAPEROS Y ABOGADOS DE LA NARCO-TRANSFORMACIÓN | REPORTAJE,La Saga,2026-04-15T04:30:14Z,2026-05-04 06:12:36
X10HeiB_b3g,Ugxxy-qlCQ17NgMn5FF4AaABAg,@edgarvaldez5556,LENGUAJE JURÍDICO CANTIENFLEADO A MODO,2026-04-18T14:54:56Z,0,gobierno de Tampico,CASINOS: RAPEROS Y ABOGADOS DE LA NARCO-TRANSFORMACIÓN | REPORTAJE,La Saga,2026-04-15T04:30:14Z,2026-05-04 06:12:36
X10HeiB_b3g,Ugxbv1y3gtA0b8c9lu14AaABAg,@perromal.agradecido,Como les gusta la cisaña a éstos medíos.  La presidenta en sus recorridos no va a andar preguntando a que sé dedican... saludar a alguién no significa que sepa a que sé dedican,2026-04-18T13:33:57Z,0,gobierno de Tampico,CASINOS: RAPEROS Y ABOGADOS DE LA NARCO-TRANSFORMACIÓN | REPORTAJE,La Saga,2026-04-15T04:30:14Z,2026-05-04 06:12:36
X10HeiB_b3g,Ugzk0cJOrhCClvIJqnV4AaABAg,@enriquemariscal5713,Si doña patas de araña fuera pinocho la Nariz ya le llegara hasta el Oxxo.,2026-04-17T15:57:29Z,0,gobierno de Tampico,CASINOS: RAPEROS Y ABOGADOS DE LA NARCO-TRANSFORMACIÓN | REPORTAJE,La Saga,2026-04-15T04:30:14Z,2026-05-04 06:12:36
X10HeiB_b3g,UgyVeZScPSY20V9UrLt4AaABAg,@Ferofero8,🤡🤡🤡🤡 &quot; QUÉ PENILLA&quot; Por el senado !,2026-04-17T09:34:25Z,0,gobierno de Tampico,CASINOS: RAPEROS Y ABOGADOS DE LA NARCO-TRANSFORMACIÓN | REPORTAJE,La Saga,2026-04-15T04:30:14Z,2026-05-04 06:12:36
X10HeiB_b3g,UgyWQzlJtlbMEV2fwYB4AaABAg,@Ferofero8,🤡🤡🤡🤡 Dato : Si te toman DOS MIL FITOGRAFÍAS vas a requerir como DIESISEIS HORAS para posar ! 🤓🤓🤓,2026-04-17T09:32:33Z,0,gobierno de Tampico,CASINOS: RAPEROS Y ABOGADOS DE LA NARCO-TRANSFORMACIÓN | REPORTAJE,La Saga,2026-04-15T04:30:14Z,2026-05-04 06:12:36
X10HeiB_b3g,UgwLsGZC19mt9nlBT1x4AaABAg,@RobertoOchoaCardenas,"Así de podrido el gobierno de México ,",2026-04-16T20:12:32Z,0,gobierno de Tampico,CASINOS: RAPEROS Y ABOGADOS DE LA NARCO-TRANSFORMACIÓN | REPORTAJE,La Saga,2026-04-15T04:30:14Z,2026-05-04 06:12:36
X10HeiB_b3g,UgwE4c79wLP3snW4aDJ4AaABAg,@arturoivansanchez2083,Stfu focus on your president trump first,2026-04-16T15:46:59Z,0,gobierno de Tampico,CASINOS: RAPEROS Y ABOGADOS DE LA NARCO-TRANSFORMACIÓN | REPORTAJE,La Saga,2026-04-15T04:30:14Z,2026-05-04 06:12:36
X10HeiB_b3g,UgwPmvPb3yi7W4RsU0Z4AaABAg,@ricardocornelio3246,😂😂😂😂😂😂,2026-04-16T15:01:30Z,0,gobierno de Tampico,CASINOS: RAPEROS Y ABOGADOS DE LA NARCO-TRANSFORMACIÓN | REPORTAJE,La Saga,2026-04-15T04:30:14Z,2026-05-04 06:12:36
X10HeiB_b3g,UgwyYDFAqULoQFFO_GN4AaABAg,@clintonhood1193,Ya da flojera ver tantas noticias de impunidad y estarse quemando el hígado. Hasta cuando vamos abrir los ojosn,2026-04-16T14:00:09Z,0,gobierno de Tampico,CASINOS: RAPEROS Y ABOGADOS DE LA NARCO-TRANSFORMACIÓN | REPORTAJE,La Saga,2026-04-15T04:30:14Z,2026-05-04 06:12:36
X10HeiB_b3g,UgyRfVkPN9Ay9ZQyiQF4AaABAg,@adalbertoflores2341,Lo dijo el presidente Donald Trump. En México 🇲🇽. Los carteles gobiernan !,2026-04-16T10:25:43Z,0,gobierno de Tampico,CASINOS: RAPEROS Y ABOGADOS DE LA NARCO-TRANSFORMACIÓN | REPORTAJE,La Saga,2026-04-15T04:30:14Z,2026-05-04 06:12:36
X10HeiB_b3g,Ugz2G7N1oXPuh7HQH9V4AaABAg,@EutiquioChávez-t7x,😂😂😂😂😂😂 lo bueno que en el prian avían puros santos 😂😂😂😂 ? Y García luna,2026-04-16T10:06:55Z,0,gobierno de Tampico,CASINOS: RAPEROS Y ABOGADOS DE LA NARCO-TRANSFORMACIÓN | REPORTAJE,La Saga,2026-04-15T04:30:14Z,2026-05-04 06:12:36
X10HeiB_b3g,UgxTX-_3m165oIoOMGB4AaABAg,@Moonlightadict,"Si, fijate que se me ha fotografiado con gente cerca a mí,  que muchas vec3s no conozco. Es muy factible y más siendo ella quien es. No estoy diciendo si o no, tiene vínculos. Solo que si es verdad que   unas fotos no constituyen evidencia de vínculos. <br>Sobre los abogados, la ley garantiza una defensa a todo sujeto acusado.  Por eso, si bien, que los defiendan como es su trabajo.  Pero una cosa es defender criminales y otra completamente es ayudar con la administración ni mucho menos liderar sus organizaciones o lavando dinero.  Si este señor hizo todo esto que se le acusa, ya no es protegido por la ley como defensor.  Ahí ya es cómplice y debe ser sujeto a los mismos procesos penales.",2026-04-16T08:18:24Z,0,gobierno de Tampico,CASINOS: RAPEROS Y ABOGADOS DE LA NARCO-TRANSFORMACIÓN | REPORTAJE,La Saga,2026-04-15T04:30:14Z,2026-05-04 06:12:36
X10HeiB_b3g,UgyQ3kREuiyomSGFEON4AaABAg,@yull646,Claudia sheinbaund y Harfuch son A C SINOS de Carlos Manso.  No voten por Harfuch por favor.,2026-04-16T07:50:59Z,0,gobierno de Tampico,CASINOS: RAPEROS Y ABOGADOS DE LA NARCO-TRANSFORMACIÓN | REPORTAJE,La Saga,2026-04-15T04:30:14Z,2026-05-04 06:12:36
X10HeiB_b3g,Ugw4yQwfUpxCHkUKf6x4AaABAg,@maickcentral3m-k1t,Jajaja mentira alguien normal no puede acercarse a la presidenta de esa manera. Jajaja . lo que me sorprende es el pueblo que no ve lo que es visible. Cómo puede alguien mentir como si fuera normal. Pero lo peor es que creen que las mentiras le ganan a la verdad 😂,2026-04-16T06:58:12Z,0,gobierno de Tampico,CASINOS: RAPEROS Y ABOGADOS DE LA NARCO-TRANSFORMACIÓN | REPORTAJE,La Saga,2026-04-15T04:30:14Z,2026-05-04 06:12:36
X10HeiB_b3g,Ugwz9AdKCZHYwwXveuR4AaABAg,@JavierMireles-c6y,Y segun no lo conoce esta señora falsa,2026-04-16T06:14:31Z,0,gobierno de Tampico,CASINOS: RAPEROS Y ABOGADOS DE LA NARCO-TRANSFORMACIÓN | REPORTAJE,La Saga,2026-04-15T04:30:14Z,2026-05-04 06:12:36
X10HeiB_b3g,UgzMIJL65Jeev8hnNK14AaABAg,@vb-xb9ot,Mándelo s los mas contactos que tengan<br>...,2026-04-16T05:39:18Z,0,gobierno de Tampico,CASINOS: RAPEROS Y ABOGADOS DE LA NARCO-TRANSFORMACIÓN | REPORTAJE,La Saga,2026-04-15T04:30:14Z,2026-05-04 06:12:36
X10HeiB_b3g,UgwnUwSttSeHds3xpUl4AaABAg,@GilFonseca-d5m,Free maka,2026-04-16T05:36:53Z,0,gobierno de Tampico,CASINOS: RAPEROS Y ABOGADOS DE LA NARCO-TRANSFORMACIÓN | REPORTAJE,La Saga,2026-04-15T04:30:14Z,2026-05-04 06:12:36
X10HeiB_b3g,UgwgoPmBO4tdu3_wxBN4AaABAg,@MsNeither,"Así que Anabel, esa que la estúpida de Sheinbaum dice que inventa, fantasea y nunca le atina, tenía razón, ¿verdad?",2026-04-16T05:14:01Z,0,gobierno de Tampico,CASINOS: RAPEROS Y ABOGADOS DE LA NARCO-TRANSFORMACIÓN | REPORTAJE,La Saga,2026-04-15T04:30:14Z,2026-05-04 06:12:36
X10HeiB_b3g,UgyFojCwmrSyDn7G1JV4AaABAg,@FelipeGarcia-b9w3e,Tiene un chingo de dinero y no se puede poner otra dentadura esa parece de burro de la sirvienta de palasio,2026-04-16T04:57:29Z,1,gobierno de Tampico,CASINOS: RAPEROS Y ABOGADOS DE LA NARCO-TRANSFORMACIÓN | REPORTAJE,La Saga,2026-04-15T04:30:14Z,2026-05-04 06:12:36
X10HeiB_b3g,UgwhRiYaKnG2__Za82t4AaABAg,@mariomontanez7527,"Por kno agarran parejo &amp; son mas neutros si todos los partidos &amp; politikos roban &amp; matan igual &amp; todos han jalado para la maña xk solo con el actual si todos deven, sera por no compartio lo k roba con uds ?",2026-04-16T04:56:44Z,0,gobierno de Tampico,CASINOS: RAPEROS Y ABOGADOS DE LA NARCO-TRANSFORMACIÓN | REPORTAJE,La Saga,2026-04-15T04:30:14Z,2026-05-04 06:12:36
X10HeiB_b3g,UgwIMDM0osJkzHTAEtJ4AaABAg,@JohnDoeXx1910xX,Les van a meter unos misilazos directos a la casa a cada uno de estos,2026-04-16T04:53:40Z,0,gobierno de Tampico,CASINOS: RAPEROS Y ABOGADOS DE LA NARCO-TRANSFORMACIÓN | REPORTAJE,La Saga,2026-04-15T04:30:14Z,2026-05-04 06:12:36
X10HeiB_b3g,UgxWtJz1wFa0Uc83DuB4AaABAg,@caav8952,"Ya no saben ni que inventar, pero vamos a LUCHAR PARA CORTAR CON TODOS USTEDES.",2026-04-16T04:48:23Z,0,gobierno de Tampico,CASINOS: RAPEROS Y ABOGADOS DE LA NARCO-TRANSFORMACIÓN | REPORTAJE,La Saga,2026-04-15T04:30:14Z,2026-05-04 06:12:36
X10HeiB_b3g,UgzPO5v3zxM9gw1Kicd4AaABAg,@guitarrguz5348,Morena es lo peor que le puede estar pasando a el país.,2026-04-16T04:24:51Z,0,gobierno de Tampico,CASINOS: RAPEROS Y ABOGADOS DE LA NARCO-TRANSFORMACIÓN | REPORTAJE,La Saga,2026-04-15T04:30:14Z,2026-05-04 06:12:36
X10HeiB_b3g,UgzM3Xjxtqlc0VjmT0Z4AaABAg,@MariaE.Pastor,Y le dierón un premio que colmo!!En el partido Narcosatanico de Morena ya nada sorprende,2026-04-16T04:05:00Z,0,gobierno de Tampico,CASINOS: RAPEROS Y ABOGADOS DE LA NARCO-TRANSFORMACIÓN | REPORTAJE,La Saga,2026-04-15T04:30:14Z,2026-05-04 06:12:36
X10HeiB_b3g,UgwozBSFQ279hHWoV7l4AaABAg,@AbrahamMaríndelcampo,😂😂😂😂 que pta vergüenza 😳🙈🙉como mexicano 😢😢🤷🏻‍♂️,2026-04-16T02:46:15Z,0,gobierno de Tampico,CASINOS: RAPEROS Y ABOGADOS DE LA NARCO-TRANSFORMACIÓN | REPORTAJE,La Saga,2026-04-15T04:30:14Z,2026-05-04 06:12:36
X10HeiB_b3g,UgzRYQ1x5b7PWf4425h4AaABAg,@gregoriohernandezhernandez8733,MÁS CLARO NI EL AGUA MORENA ES UN NARCOGOBIERNO,2026-04-16T02:42:27Z,0,gobierno de Tampico,CASINOS: RAPEROS Y ABOGADOS DE LA NARCO-TRANSFORMACIÓN | REPORTAJE,La Saga,2026-04-15T04:30:14Z,2026-05-04 06:12:36
X10HeiB_b3g,Ugw4YWmmIdWLsTH8TvZ4AaABAg,@diegoalejandrodapg,El kikinverso,2026-04-16T01:59:26Z,0,gobierno de Tampico,CASINOS: RAPEROS Y ABOGADOS DE LA NARCO-TRANSFORMACIÓN | REPORTAJE,La Saga,2026-04-15T04:30:14Z,2026-05-04 06:12:36
X10HeiB_b3g,UgxuUagm0H5Ufa3XiJ14AaABAg,@sacalejugoatuinternet4593,Todo apunta al huachicol fiscal,2026-04-16T01:49:28Z,0,gobierno de Tampico,CASINOS: RAPEROS Y ABOGADOS DE LA NARCO-TRANSFORMACIÓN | REPORTAJE,La Saga,2026-04-15T04:30:14Z,2026-05-04 06:12:36
X10HeiB_b3g,UgwcMNQzJXiidLtkDjx4AaABAg,@teresarodriguez4902,"No pues cuando uno piensa que ya vio lo peor, siempre existe algo que lo supera, y estas son nuestras autoridades😮",2026-04-16T00:14:10Z,1,gobierno de Tampico,CASINOS: RAPEROS Y ABOGADOS DE LA NARCO-TRANSFORMACIÓN | REPORTAJE,La Saga,2026-04-15T04:30:14Z,2026-05-04 06:12:36
X10HeiB_b3g,UgzX_26S7z8UWVEOg794AaABAg,@AnaLeticiaOrtiz-y3w,Cómo se atreve a decir que no lo conoce!? Es ridículo!,2026-04-15T23:50:44Z,1,gobierno de Tampico,CASINOS: RAPEROS Y ABOGADOS DE LA NARCO-TRANSFORMACIÓN | REPORTAJE,La Saga,2026-04-15T04:30:14Z,2026-05-04 06:12:36
X10HeiB_b3g,UgyomCI6iQbHMcOeuTt4AaABAg,@humbertomedina5142,Los únicos sendejos que siguen creyendo son los miserables que reciben los programas sociales,2026-04-15T23:30:02Z,0,gobierno de Tampico,CASINOS: RAPEROS Y ABOGADOS DE LA NARCO-TRANSFORMACIÓN | REPORTAJE,La Saga,2026-04-15T04:30:14Z,2026-05-04 06:12:36
X10HeiB_b3g,UgzbqoHBVPrYxSsVjHd4AaABAg,@leonor6056,Hasta las chanclas!!,2026-04-15T23:04:33Z,0,gobierno de Tampico,CASINOS: RAPEROS Y ABOGADOS DE LA NARCO-TRANSFORMACIÓN | REPORTAJE,La Saga,2026-04-15T04:30:14Z,2026-05-04 06:12:36
X10HeiB_b3g,UgybIlItWI91cg_2xh94AaABAg,@rosemcruz4386,Creo Que son a  Los primero Que no deben de defender” Por Que a Los narc y no a Los otros si todos son criminales”! Oh”<br>no”les llaman asi <br>La ley” ?  Son asta Descarados!!! esos abogados es por que<br>Tienen dinero got it. lol. 😆 😂,2026-04-15T22:46:23Z,0,gobierno de Tampico,CASINOS: RAPEROS Y ABOGADOS DE LA NARCO-TRANSFORMACIÓN | REPORTAJE,La Saga,2026-04-15T04:30:14Z,2026-05-04 06:12:36
X10HeiB_b3g,UgyGHKxAiUYKPTCUrIp4AaABAg,@ppuente2191,La guerrillera compa de PETRO( presidente de colombia) solo se siente sonriente junto a esas finas personas 😊Pero al pueblo que le paga impuestos los regaña y desdeña😡😠😡😠😡😠,2026-04-15T22:38:15Z,0,gobierno de Tampico,CASINOS: RAPEROS Y ABOGADOS DE LA NARCO-TRANSFORMACIÓN | REPORTAJE,La Saga,2026-04-15T04:30:14Z,2026-05-04 06:12:36
X10HeiB_b3g,UgwX0JpvzhViS4Yblsx4AaABAg,@albertofernandez3586,Mira señito para tanto tú y cabezota de algodón saben bien de dónde viene la mayoría del dinero desde que iniciaron como morena debemos recordar así que no le hagas ala loca,2026-04-15T22:21:01Z,0,gobierno de Tampico,CASINOS: RAPEROS Y ABOGADOS DE LA NARCO-TRANSFORMACIÓN | REPORTAJE,La Saga,2026-04-15T04:30:14Z,2026-05-04 06:12:36
X10HeiB_b3g,UgxMscuANxoU_94XU7Z4AaABAg,@arturohernandeztapia7931,Gobierno 🐀 🐀 🐀 🐀 del cuatrote. Morena es la destrucción de México y de los Mexicanos. Morena fue creado por el mal nacido de Andres Manuel Lopez Obrador. RATA 🐀 🐀 🐀 🐀 🐀 🐀 🐀 RATOTOTOTA,2026-04-15T22:07:10Z,0,gobierno de Tampico,CASINOS: RAPEROS Y ABOGADOS DE LA NARCO-TRANSFORMACIÓN | REPORTAJE,La Saga,2026-04-15T04:30:14Z,2026-05-04 06:12:36
X10HeiB_b3g,UgyH1Ap_pUVCInBHcYB4AaABAg,@jibransantiago1289,"Por eso hagan lo que quieran, total.",2026-04-15T22:04:43Z,0,gobierno de Tampico,CASINOS: RAPEROS Y ABOGADOS DE LA NARCO-TRANSFORMACIÓN | REPORTAJE,La Saga,2026-04-15T04:30:14Z,2026-05-04 06:12:36
X10HeiB_b3g,UgwlAuuKycaWCr9kCE14AaABAg,@AdalbertoMartinez-ys1yq,MORENA urge purificar el partido sino vamos a valer chochos caiga quien caiga urgentemente 🤬🤬🤬🤬🤬,2026-04-15T21:58:55Z,0,gobierno de Tampico,CASINOS: RAPEROS Y ABOGADOS DE LA NARCO-TRANSFORMACIÓN | REPORTAJE,La Saga,2026-04-15T04:30:14Z,2026-05-04 06:12:36
X10HeiB_b3g,UgymgwnhpfLqy78KSPF4AaABAg,@roomierom5902,Le dice Claudia 😱 como la mamá del chapo... Le hablaba de tu a López Obrador 🤣😂🤣😂 de locos estos miserables cínicos.,2026-04-15T21:57:03Z,0,gobierno de Tampico,CASINOS: RAPEROS Y ABOGADOS DE LA NARCO-TRANSFORMACIÓN | REPORTAJE,La Saga,2026-04-15T04:30:14Z,2026-05-04 06:12:36
X10HeiB_b3g,UgyBBMVLlITc_Bu5CRZ4AaABAg,@roomierom5902,Es que estos miserables también como López Obrador le da 🏅 a Díaz Canel.... De verdad que esto es asqueroso morenarcos.,2026-04-15T21:56:16Z,0,gobierno de Tampico,CASINOS: RAPEROS Y ABOGADOS DE LA NARCO-TRANSFORMACIÓN | REPORTAJE,La Saga,2026-04-15T04:30:14Z,2026-05-04 06:12:36
X10HeiB_b3g,UgzuYp3zizRl16cJ5dl4AaABAg,@roomierom5902,Con la música tan FUERTE no se escucha bien 🙄,2026-04-15T21:55:04Z,0,gobierno de Tampico,CASINOS: RAPEROS Y ABOGADOS DE LA NARCO-TRANSFORMACIÓN | REPORTAJE,La Saga,2026-04-15T04:30:14Z,2026-05-04 06:12:36
X10HeiB_b3g,UgxU4aa3723tHsyecah4AaABAg,@roomierom5902,Secuestradores no atendemos...... 🙄 Que gusto que tengan algo de moral<br>No tienen madre,2026-04-15T21:53:28Z,0,gobierno de Tampico,CASINOS: RAPEROS Y ABOGADOS DE LA NARCO-TRANSFORMACIÓN | REPORTAJE,La Saga,2026-04-15T04:30:14Z,2026-05-04 06:12:36
X10HeiB_b3g,UgwqVQ00zklSNse0Odl4AaABAg,@roomierom5902,Y Claudia en la marranera se siente Alicia en el país de las maravillas..... Ridícula 🤡,2026-04-15T21:51:43Z,0,gobierno de Tampico,CASINOS: RAPEROS Y ABOGADOS DE LA NARCO-TRANSFORMACIÓN | REPORTAJE,La Saga,2026-04-15T04:30:14Z,2026-05-04 06:12:36
X10HeiB_b3g,UgxVYzlCv6pOCHiGAzt4AaABAg,@roomierom5902,Tienen una vorsacidad que dan asco.... Trump 🙏✈️⚖️🇺🇸 llevatelos  todos,2026-04-15T21:50:39Z,0,gobierno de Tampico,CASINOS: RAPEROS Y ABOGADOS DE LA NARCO-TRANSFORMACIÓN | REPORTAJE,La Saga,2026-04-15T04:30:14Z,2026-05-04 06:12:36
X10HeiB_b3g,Ugz5uVpL_yJIxZVWcH94AaABAg,@rosacalderon7489,Puras finísimas personas! 😮😮😮😮😮,2026-04-15T21:06:16Z,1,gobierno de Tampico,CASINOS: RAPEROS Y ABOGADOS DE LA NARCO-TRANSFORMACIÓN | REPORTAJE,La Saga,2026-04-15T04:30:14Z,2026-05-04 06:12:36
X10HeiB_b3g,Ugy3UdYirRiYdW1sYrl4AaABAg,@ferchonarv1016,Ya sabemos quién es el.patron de la abuela micha es el ratalito moreno😂,2026-04-15T20:43:35Z,0,gobierno de Tampico,CASINOS: RAPEROS Y ABOGADOS DE LA NARCO-TRANSFORMACIÓN | REPORTAJE,La Saga,2026-04-15T04:30:14Z,2026-05-04 06:12:36
X10HeiB_b3g,UgzYlF2aBstdoysgSQ14AaABAg,@robertoarevaloramirez6128,Y tampoco conoce al senado la  verdad asombra su cinismo de la presirvienta,2026-04-15T20:04:04Z,1,gobierno de Tampico,CASINOS: RAPEROS Y ABOGADOS DE LA NARCO-TRANSFORMACIÓN | REPORTAJE,La Saga,2026-04-15T04:30:14Z,2026-05-04 06:12:36
X10HeiB_b3g,UgxUGiWXkT69NgK_xcJ4AaABAg,@irmadelgadotafolla678,Esté gobierno no tiene madre,2026-04-15T19:37:04Z,1,gobierno de Tampico,CASINOS: RAPEROS Y ABOGADOS DE LA NARCO-TRANSFORMACIÓN | REPORTAJE,La Saga,2026-04-15T04:30:14Z,2026-05-04 06:12:36
X10HeiB_b3g,Ugz1WLSwuu7IOwr-X_F4AaABAg,@no-ce,"Oooorale cuatro mil fotografías, no pues ya ni hablar porque no sabe con quién se fue a revolcar, a no... a fotografíar. ...che empleada del pueblo, urge que se largue. El ruido de fondo no deja oír lo que dicen los personajes",2026-04-15T19:15:39Z,0,gobierno de Tampico,CASINOS: RAPEROS Y ABOGADOS DE LA NARCO-TRANSFORMACIÓN | REPORTAJE,La Saga,2026-04-15T04:30:14Z,2026-05-04 06:12:36
X10HeiB_b3g,UgwmqKGcyMQbjGR2y6J4AaABAg,@miguelangelromerogarnica9581,Completamente el gobierno de MORENA es el crimen organizado,2026-04-15T18:44:02Z,0,gobierno de Tampico,CASINOS: RAPEROS Y ABOGADOS DE LA NARCO-TRANSFORMACIÓN | REPORTAJE,La Saga,2026-04-15T04:30:14Z,2026-05-04 06:12:36
X10HeiB_b3g,UgxZPiNvvhfocswN2CR4AaABAg,@AngelCL996,Por qué no ladran nada de aureoles ? Jajajjaja,2026-04-15T18:32:43Z,0,gobierno de Tampico,CASINOS: RAPEROS Y ABOGADOS DE LA NARCO-TRANSFORMACIÓN | REPORTAJE,La Saga,2026-04-15T04:30:14Z,2026-05-04 06:12:36
X10HeiB_b3g,UgzK2Wip6_dP4PpAvAl4AaABAg,@eduardopadilla2777,Y los recibe también en su casa?en casa de la mamá?imas?🤔,2026-04-15T18:27:47Z,0,gobierno de Tampico,CASINOS: RAPEROS Y ABOGADOS DE LA NARCO-TRANSFORMACIÓN | REPORTAJE,La Saga,2026-04-15T04:30:14Z,2026-05-04 06:12:36
X10HeiB_b3g,UgxbQ6QIZdjqXYxWu7t4AaABAg,@WoahJustTakeItEasy,Mexico siempre a estado asi jajaja payasos,2026-04-15T18:16:15Z,0,gobierno de Tampico,CASINOS: RAPEROS Y ABOGADOS DE LA NARCO-TRANSFORMACIÓN | REPORTAJE,La Saga,2026-04-15T04:30:14Z,2026-05-04 06:12:36
X10HeiB_b3g,Ugy9o1wPGS2CkNlMuAJ4AaABAg,@proudcomputersciencebackground,"Lo dijo Xóchitl. Era, es verdad. Hasta lo nombraron en el Senado Embajador Internacional de La Paz. Y qué decir del monote de la Luz del Mundo. Y así la lista es larga.",2026-04-15T18:14:44Z,0,gobierno de Tampico,CASINOS: RAPEROS Y ABOGADOS DE LA NARCO-TRANSFORMACIÓN | REPORTAJE,La Saga,2026-04-15T04:30:14Z,2026-05-04 06:12:36
X10HeiB_b3g,UgwuLAA9pzYdmLXk-aV4AaABAg,@albertocruz4567,"A pero si fuera Calderón en la foto ya saben lo que diría.<br>&quot;Llegaron al descaro de tomarse fotos con ellos&quot;<br>&quot;Hasta lo premiaron en el senado de la república, acaso no sabían quién era?&quot;<br>&quot;Esta para no creer, como es posible. Etc. Etc&quot;.<br>&quot;Ahora resulta que no lo conocen y se toman fotos y conversan como si se conocieran bastante, acaso su equipo de seguridad no sabía que personaje era?&quot;.<br>Y así etc.etc.",2026-04-15T17:38:06Z,2,gobierno de Tampico,CASINOS: RAPEROS Y ABOGADOS DE LA NARCO-TRANSFORMACIÓN | REPORTAJE,La Saga,2026-04-15T04:30:14Z,2026-05-04 06:12:36
X10HeiB_b3g,Ugzifbj6BUWR1PJiJP94AaABAg,@JoséEurozaChester-v6c,… y como siempre .. lo hacen Senador o Diputado para que cuente con fuero … amor con amor se paga 👨🏽‍🦳,2026-04-15T17:22:29Z,1,gobierno de Tampico,CASINOS: RAPEROS Y ABOGADOS DE LA NARCO-TRANSFORMACIÓN | REPORTAJE,La Saga,2026-04-15T04:30:14Z,2026-05-04 06:12:36
X10HeiB_b3g,UgzMFAZrqWbg1bCEhmV4AaABAg,@luishc4056,Bueno la mierd siempre sale a flote ya no se puede ocultar lo que es MORENA y Claudia,2026-04-15T17:02:46Z,4,gobierno de Tampico,CASINOS: RAPEROS Y ABOGADOS DE LA NARCO-TRANSFORMACIÓN | REPORTAJE,La Saga,2026-04-15T04:30:14Z,2026-05-04 06:12:36
X10HeiB_b3g,UgwIFyt4dsuoqjfI4hh4AaABAg,@hiramespinoza8994,Jajajajajaja siempre hay una foto de criminales con polìticos de Morena. Sieeeeempre.,2026-04-15T16:54:54Z,0,gobierno de Tampico,CASINOS: RAPEROS Y ABOGADOS DE LA NARCO-TRANSFORMACIÓN | REPORTAJE,La Saga,2026-04-15T04:30:14Z,2026-05-04 06:12:36
X10HeiB_b3g,UgxvJAOtpvG1W9bQADh4AaABAg,@rumbasalgado4214,"No tiene madre el CINISMO de la presidente con &quot;a&quot;, está con él muy sonriente en una foto, y dice que no lo conoce!! <br>Al rato, si le conviene, va a desconocer al maldito lopezobrador!!",2026-04-15T16:48:05Z,0,gobierno de Tampico,CASINOS: RAPEROS Y ABOGADOS DE LA NARCO-TRANSFORMACIÓN | REPORTAJE,La Saga,2026-04-15T04:30:14Z,2026-05-04 06:12:36
X10HeiB_b3g,Ugy1hDQzxy7qeTQwoGV4AaABAg,@MelchorMartinez-h2g,Es bueno que Trump apriete a Claudia.,2026-04-15T16:33:27Z,0,gobierno de Tampico,CASINOS: RAPEROS Y ABOGADOS DE LA NARCO-TRANSFORMACIÓN | REPORTAJE,La Saga,2026-04-15T04:30:14Z,2026-05-04 06:12:36
X10HeiB_b3g,UgxlboNClFZE3EgJUp54AaABAg,@abcdef1659,ESA SEÑORA SIEMPRE SE HACE PENDJ,2026-04-15T16:30:07Z,0,gobierno de Tampico,CASINOS: RAPEROS Y ABOGADOS DE LA NARCO-TRANSFORMACIÓN | REPORTAJE,La Saga,2026-04-15T04:30:14Z,2026-05-04 06:12:36
X10HeiB_b3g,UgwbJBRz6fzEJexmJSN4AaABAg,@steveflowers-d1m,Bájenle a la música de fondo.,2026-04-15T16:25:29Z,0,gobierno de Tampico,CASINOS: RAPEROS Y ABOGADOS DE LA NARCO-TRANSFORMACIÓN | REPORTAJE,La Saga,2026-04-15T04:30:14Z,2026-05-04 06:12:36
X10HeiB_b3g,UgzqkjSNTL3Q3lApUrN4AaABAg,@nicolasterrones4443,"Y... Cuahutémoc, Joaquín Nazon, el Rey del Carbón, el Lider de la Barredora ..... Le sigo?",2026-04-15T16:22:39Z,2,gobierno de Tampico,CASINOS: RAPEROS Y ABOGADOS DE LA NARCO-TRANSFORMACIÓN | REPORTAJE,La Saga,2026-04-15T04:30:14Z,2026-05-04 06:12:36
X10HeiB_b3g,Ugzp66WKw66PaU-KsQN4AaABAg,@alfredopellicer2058,😮,2026-04-15T16:21:18Z,1,gobierno de Tampico,CASINOS: RAPEROS Y ABOGADOS DE LA NARCO-TRANSFORMACIÓN | REPORTAJE,La Saga,2026-04-15T04:30:14Z,2026-05-04 06:12:36
X10HeiB_b3g,UgzAX3vLfFKyQnDtyIp4AaABAg,@jorgecamargo9199,Estados Unidos ya tiene todo sobre Morena primero Irán después Cuba y después del mundial sigue la liberación de México,2026-04-15T16:18:53Z,0,gobierno de Tampico,CASINOS: RAPEROS Y ABOGADOS DE LA NARCO-TRANSFORMACIÓN | REPORTAJE,La Saga,2026-04-15T04:30:14Z,2026-05-04 06:12:36
X10HeiB_b3g,UgymlJZMo-RcG3DShk94AaABAg,@oscarcalderon8358,😂😂😂😂😂no succionen<br>El que tenga fotos con la presidenta<br>No quiere decir que se iban de fiesta juntos <br>Noo mamen 😂😂😂,2026-04-15T16:10:51Z,0,gobierno de Tampico,CASINOS: RAPEROS Y ABOGADOS DE LA NARCO-TRANSFORMACIÓN | REPORTAJE,La Saga,2026-04-15T04:30:14Z,2026-05-04 06:12:36
X10HeiB_b3g,UgxDEVqMb6ZhmLdMmc14AaABAg,@oneproduction20,esto es México ante el mundo. Y dejara de ser conocido el día que cambie.... al parecer a nuestro gobierno le interesa que México sea conocido ante el mundo,2026-04-15T16:09:52Z,2,gobierno de Tampico,CASINOS: RAPEROS Y ABOGADOS DE LA NARCO-TRANSFORMACIÓN | REPORTAJE,La Saga,2026-04-15T04:30:14Z,2026-05-04 06:12:36
X10HeiB_b3g,UgxuuemlvmFsxMkSupt4AaABAg,@RafaelEsquivel-l9r,El peor gobierno del mundo una vasca qué se esperan los mexicanos,2026-04-15T16:03:53Z,0,gobierno de Tampico,CASINOS: RAPEROS Y ABOGADOS DE LA NARCO-TRANSFORMACIÓN | REPORTAJE,La Saga,2026-04-15T04:30:14Z,2026-05-04 06:12:36
X10HeiB_b3g,UgxWfpw6OoATWphbL8N4AaABAg,@00Montse00,Narcocorridos del bienestar.....,2026-04-15T15:58:32Z,4,gobierno de Tampico,CASINOS: RAPEROS Y ABOGADOS DE LA NARCO-TRANSFORMACIÓN | REPORTAJE,La Saga,2026-04-15T04:30:14Z,2026-05-04 06:12:36
X10HeiB_b3g,UgyS_GH05nyl9SDUqch4AaABAg,@greldaiselachavezvelez7549,MAS CLARO ???         Nuevo Sistema de Justicia.  ???   De quien ???  🇦🇩🙏.   SOS,2026-04-15T15:56:59Z,4,gobierno de Tampico,CASINOS: RAPEROS Y ABOGADOS DE LA NARCO-TRANSFORMACIÓN | REPORTAJE,La Saga,2026-04-15T04:30:14Z,2026-05-04 06:12:36
X10HeiB_b3g,UgxeX9St6OgPOKfO5NB4AaABAg,@Eloisa-e4g,Síguelo negando claudia😂😂😂,2026-04-15T15:56:48Z,1,gobierno de Tampico,CASINOS: RAPEROS Y ABOGADOS DE LA NARCO-TRANSFORMACIÓN | REPORTAJE,La Saga,2026-04-15T04:30:14Z,2026-05-04 06:12:36
X10HeiB_b3g,UgzYUK4lO6mVFe8aRBt4AaABAg,@juditatapvaldes1421,Perooo como es posiible que suceda eso por favor..... Somos unos ridículos México es el asmereir del muundo,2026-04-15T15:54:45Z,0,gobierno de Tampico,CASINOS: RAPEROS Y ABOGADOS DE LA NARCO-TRANSFORMACIÓN | REPORTAJE,La Saga,2026-04-15T04:30:14Z,2026-05-04 06:12:36
X10HeiB_b3g,Ugz905TrckFPvMf1xNd4AaABAg,@Fredy_duran666,Jajajajaja como trata de ocultar lo que está a la vista de todos 😂 PRESIRVIENTA estúpida y descarada pero pronto su imperio de ratas va a caer y entonces México será como lo era antes .,2026-04-15T15:54:24Z,0,gobierno de Tampico,CASINOS: RAPEROS Y ABOGADOS DE LA NARCO-TRANSFORMACIÓN | REPORTAJE,La Saga,2026-04-15T04:30:14Z,2026-05-04 06:12:36
X10HeiB_b3g,UgyTIHTuAsrp9LUhc_x4AaABAg,@cinthyaperez6424,"El abogado del &quot;patron&quot; de nuestro Narcogobierno, que verguenza que algunos Ciudadanos Mexicanos sigan votando por estos partidos corruptos y que mantengamos y demos dinero para mantener estos Narcopartidos.",2026-04-15T15:53:05Z,1,gobierno de Tampico,CASINOS: RAPEROS Y ABOGADOS DE LA NARCO-TRANSFORMACIÓN | REPORTAJE,La Saga,2026-04-15T04:30:14Z,2026-05-04 06:12:36
X10HeiB_b3g,UgyGsaQvipRWpu9qnPZ4AaABAg,@JesúsAlejandroRodríguez-o5g,"Que asco de partido el que ha la mala se ha echo del poder en Mexico NARCOMORENA tiene secuestrado a nuestro pais MEXICO,ojala que los que apoyan a este partido ya se den cuenta hacia donde va el pais",2026-04-15T15:52:42Z,0,gobierno de Tampico,CASINOS: RAPEROS Y ABOGADOS DE LA NARCO-TRANSFORMACIÓN | REPORTAJE,La Saga,2026-04-15T04:30:14Z,2026-05-04 06:12:36
X10HeiB_b3g,UgwfStSXa2aySCpfWMx4AaABAg,@00Montse00,Y la mujer va a decir que ella no sabía? Cuando su jefe dijo a voz en cuello y muy orgulloso que el presidente siempre sabe todo lo que está pasando en el país?<br>Y ahora dentro de la lista de las cosas que no sabe la doctora 😩 tampoco sabe quiénes trabajan para ella?,2026-04-15T15:52:35Z,2,gobierno de Tampico,CASINOS: RAPEROS Y ABOGADOS DE LA NARCO-TRANSFORMACIÓN | REPORTAJE,La Saga,2026-04-15T04:30:14Z,2026-05-04 06:12:36
X10HeiB_b3g,UgxpYnM6hKcXpEUJ6PF4AaABAg,@CanalMasterin,"P*che changa cinica. Por cierto, la musica les quedo muy alta, dificulta escuchar con atención lo que narra el periodista.",2026-04-15T15:52:27Z,0,gobierno de Tampico,CASINOS: RAPEROS Y ABOGADOS DE LA NARCO-TRANSFORMACIÓN | REPORTAJE,La Saga,2026-04-15T04:30:14Z,2026-05-04 06:12:36
X10HeiB_b3g,UgzNzVaALBgVtcf96Yx4AaABAg,@albertobm9440,No cabe duda que... ESTÁBAMOS MEJOR CUANDO PENSÁBAMOS QUE ESTÁBAMOS PEOR!,2026-04-15T15:48:23Z,27,gobierno de Tampico,CASINOS: RAPEROS Y ABOGADOS DE LA NARCO-TRANSFORMACIÓN | REPORTAJE,La Saga,2026-04-15T04:30:14Z,2026-05-04 06:12:36
X10HeiB_b3g,UgwPl5dHOagEBcAqz2R4AaABAg,@Ange-i6h,"Pero da la casualidad que hemos visto muchos políticos que hacen trabajo de campo, como el GRAN CARLOS MANZO y este digno señor no tenía fotos con los NARCOS¡¡¡¡ A DIFERENCIA DE TODOS LOS MORENARCOS.",2026-04-15T15:44:54Z,0,gobierno de Tampico,CASINOS: RAPEROS Y ABOGADOS DE LA NARCO-TRANSFORMACIÓN | REPORTAJE,La Saga,2026-04-15T04:30:14Z,2026-05-04 06:12:36
X10HeiB_b3g,Ugz5xWyJqGduziV0tC94AaABAg,@RicardoBárcenas-p2p5r,Y eso que no lo conoces hipócrita,2026-04-15T15:38:49Z,0,gobierno de Tampico,CASINOS: RAPEROS Y ABOGADOS DE LA NARCO-TRANSFORMACIÓN | REPORTAJE,La Saga,2026-04-15T04:30:14Z,2026-05-04 06:12:36
X10HeiB_b3g,Ugzc8l_2IVzB2vvJjRp4AaABAg,@margaritacalderon5233,Favor de no poner música de fondo tan alta... impide oir la narración,2026-04-15T15:36:45Z,0,gobierno de Tampico,CASINOS: RAPEROS Y ABOGADOS DE LA NARCO-TRANSFORMACIÓN | REPORTAJE,La Saga,2026-04-15T04:30:14Z,2026-05-04 06:12:36
X10HeiB_b3g,UgxFDdm4r76v3mASwVR4AaABAg,@Guty-m9p2q,Jajajaja jajajaja ahora sí no la conozco jajaja,2026-04-15T15:35:13Z,1,gobierno de Tampico,CASINOS: RAPEROS Y ABOGADOS DE LA NARCO-TRANSFORMACIÓN | REPORTAJE,La Saga,2026-04-15T04:30:14Z,2026-05-04 06:12:36
X10HeiB_b3g,UgwTFetNo05tzQYv2wx4AaABAg,@juanJimenez-zx3ut,FUERA ARCOGOBIERNO DE MOERENA,2026-04-15T15:34:55Z,0,gobierno de Tampico,CASINOS: RAPEROS Y ABOGADOS DE LA NARCO-TRANSFORMACIÓN | REPORTAJE,La Saga,2026-04-15T04:30:14Z,2026-05-04 06:12:36
X10HeiB_b3g,UgyPHQR3WipARzL-MRt4AaABAg,@fdn1420,Que interesante!😅,2026-04-15T15:32:07Z,1,gobierno de Tampico,CASINOS: RAPEROS Y ABOGADOS DE LA NARCO-TRANSFORMACIÓN | REPORTAJE,La Saga,2026-04-15T04:30:14Z,2026-05-04 06:12:36
X10HeiB_b3g,UgyBsUOUgSF7_Tqmc3d4AaABAg,@2040Clara,TAMBIÉN VA A DECIR QUE NO CONOCE A LOS DE LA LUZ DEL MUNDO 🌍🌍🌍 !!!!,2026-04-15T15:29:55Z,2,gobierno de Tampico,CASINOS: RAPEROS Y ABOGADOS DE LA NARCO-TRANSFORMACIÓN | REPORTAJE,La Saga,2026-04-15T04:30:14Z,2026-05-04 06:12:36
X10HeiB_b3g,Ugw6ONpxMyf9PPk9_Xl4AaABAg,@hectoramparan1589,Las ratas del bienestar,2026-04-15T15:25:39Z,2,gobierno de Tampico,CASINOS: RAPEROS Y ABOGADOS DE LA NARCO-TRANSFORMACIÓN | REPORTAJE,La Saga,2026-04-15T04:30:14Z,2026-05-04 06:12:36
X10HeiB_b3g,Ugzl6FeLWyixB0ldj3N4AaABAg,@Dashgrin,VIVA LA CUARTA TRANSFORMACIÓN!!!!!!! LLEVARÓN LA ASQUEROSIDAD DEL GOBIERNO A OTRO NIVEL!!!!! ABORRECIBLE!!!!!!!,2026-04-15T15:19:45Z,16,gobierno de Tampico,CASINOS: RAPEROS Y ABOGADOS DE LA NARCO-TRANSFORMACIÓN | REPORTAJE,La Saga,2026-04-15T04:30:14Z,2026-05-04 06:12:36
X10HeiB_b3g,UgzxESR0etOca6Y1x_14AaABAg,@AngelFlores-kf2bj,Jaja esto lo hicieron las ratss del prian hajajaj,2026-04-15T15:18:21Z,0,gobierno de Tampico,CASINOS: RAPEROS Y ABOGADOS DE LA NARCO-TRANSFORMACIÓN | REPORTAJE,La Saga,2026-04-15T04:30:14Z,2026-05-04 06:12:36
X10HeiB_b3g,UgywJa1KRFB4A2NdL1N4AaABAg,@marthavillarreal9653,Apenas te distes cuenta el prianrdmc siempre trabajo con los grupos,2026-04-15T15:14:42Z,0,gobierno de Tampico,CASINOS: RAPEROS Y ABOGADOS DE LA NARCO-TRANSFORMACIÓN | REPORTAJE,La Saga,2026-04-15T04:30:14Z,2026-05-04 06:12:36
X10HeiB_b3g,Ugw8XzprziYKFrLMc3Z4AaABAg,@carmenmeza3293,En el congreso?! Y los integrantes de la &quot;oposición &quot;,2026-04-15T15:13:44Z,0,gobierno de Tampico,CASINOS: RAPEROS Y ABOGADOS DE LA NARCO-TRANSFORMACIÓN | REPORTAJE,La Saga,2026-04-15T04:30:14Z,2026-05-04 06:12:36
X10HeiB_b3g,UgwrtR-25ZG_BBpqTlV4AaABAg,@migueangelleon10,Azu mauser jajaja osea dicen que son abogados de narc0z y estan ligados a la visión de Lopez Obrador reverenda tonteria,2026-04-15T15:13:10Z,0,gobierno de Tampico,CASINOS: RAPEROS Y ABOGADOS DE LA NARCO-TRANSFORMACIÓN | REPORTAJE,La Saga,2026-04-15T04:30:14Z,2026-05-04 06:12:36
X10HeiB_b3g,UgzBJQIhddebYT6knjJ4AaABAg,@ArturoLangaricaReyes,😳😳😳😳,2026-04-15T15:11:11Z,2,gobierno de Tampico,CASINOS: RAPEROS Y ABOGADOS DE LA NARCO-TRANSFORMACIÓN | REPORTAJE,La Saga,2026-04-15T04:30:14Z,2026-05-04 06:12:36
X10HeiB_b3g,UgxhytFPOj1EiqTlerJ4AaABAg,@sarethenriquez9794,Y todos los mafiosos del PRIAN ? Acaso ya se olvidaron? Jajaja no más PRIAN,2026-04-15T15:07:57Z,0,gobierno de Tampico,CASINOS: RAPEROS Y ABOGADOS DE LA NARCO-TRANSFORMACIÓN | REPORTAJE,La Saga,2026-04-15T04:30:14Z,2026-05-04 06:12:36
X10HeiB_b3g,Ugztmjc-xY2p66XHU5d4AaABAg,@aliciaosorniotovar4534,🙉🙈🙊,2026-04-15T14:58:48Z,0,gobierno de Tampico,CASINOS: RAPEROS Y ABOGADOS DE LA NARCO-TRANSFORMACIÓN | REPORTAJE,La Saga,2026-04-15T04:30:14Z,2026-05-04 06:12:36
X10HeiB_b3g,UgxlgBNQZ9Gb4VasHZR4AaABAg,@jorgeol7217,"¿ Alguién duda de la complicidad del Amlismo morenismo y el crímen organizado ?<br>O trata de despistar y encubrir o es un dogmático fanático, o sea, un tonto.",2026-04-15T14:50:59Z,0,gobierno de Tampico,CASINOS: RAPEROS Y ABOGADOS DE LA NARCO-TRANSFORMACIÓN | REPORTAJE,La Saga,2026-04-15T04:30:14Z,2026-05-04 06:12:36
X10HeiB_b3g,UgxOxsao3qRRKuQIkJd4AaABAg,@LaQueta-m4o,"Rápido MORENA, denle una curul, activen la protección 😂😂😂😂😂",2026-04-15T14:46:59Z,0,gobierno de Tampico,CASINOS: RAPEROS Y ABOGADOS DE LA NARCO-TRANSFORMACIÓN | REPORTAJE,La Saga,2026-04-15T04:30:14Z,2026-05-04 06:12:36
X10HeiB_b3g,Ugyjr7Vha0Lk-HJ4mV14AaABAg,@LaQueta-m4o,MORENA ES EL CRIMEN ORGANIZADO,2026-04-15T14:44:48Z,0,gobierno de Tampico,CASINOS: RAPEROS Y ABOGADOS DE LA NARCO-TRANSFORMACIÓN | REPORTAJE,La Saga,2026-04-15T04:30:14Z,2026-05-04 06:12:36
X10HeiB_b3g,UgyQSDra_vnEgBbDHlh4AaABAg,@rodrigom3014,Desobediencia social eso deberían de hacer pero les gusta que se los chinguen !! 😂😂,2026-04-15T14:35:09Z,1,gobierno de Tampico,CASINOS: RAPEROS Y ABOGADOS DE LA NARCO-TRANSFORMACIÓN | REPORTAJE,La Saga,2026-04-15T04:30:14Z,2026-05-04 06:12:36
X10HeiB_b3g,UgypH9Nb3ChOtSUQeVF4AaABAg,@claudiaoliviasepulvedaarel4670,Hasta cuando tanta impunidad...,2026-04-15T14:33:08Z,5,gobierno de Tampico,CASINOS: RAPEROS Y ABOGADOS DE LA NARCO-TRANSFORMACIÓN | REPORTAJE,La Saga,2026-04-15T04:30:14Z,2026-05-04 06:12:36
X10HeiB_b3g,Ugw1a13RTdeuJZyM4YZ4AaABAg,@miriamvelazquez7906,hipócritas cínicos. buitres carroñeros,2026-04-15T14:30:46Z,0,gobierno de Tampico,CASINOS: RAPEROS Y ABOGADOS DE LA NARCO-TRANSFORMACIÓN | REPORTAJE,La Saga,2026-04-15T04:30:14Z,2026-05-04 06:12:36
X10HeiB_b3g,Ugxp4dWrm3KWTBELORx4AaABAg,@miriamvelazquez7906,xfavor el crimen organizado son asesinos. y obviamente son secuestradores. estos abogados son igualmente delincuentes. y Claudia dice que no conocen a estos delincuentes ? xfavor es evidente también López los tenía en su gobierno. y van a decir q no los conocía ja ja ja aquí en quieren engañar,2026-04-15T14:29:53Z,0,gobierno de Tampico,CASINOS: RAPEROS Y ABOGADOS DE LA NARCO-TRANSFORMACIÓN | REPORTAJE,La Saga,2026-04-15T04:30:14Z,2026-05-04 06:12:36
X10HeiB_b3g,UgxTLBp2bWbgrAKZsAF4AaABAg,@SA_MA,"y morena sigue solapándolos, que no diga pendejadas la presirvienta",2026-04-15T14:17:15Z,0,gobierno de Tampico,CASINOS: RAPEROS Y ABOGADOS DE LA NARCO-TRANSFORMACIÓN | REPORTAJE,La Saga,2026-04-15T04:30:14Z,2026-05-04 06:12:36
X10HeiB_b3g,UgybG9OBxXtfdGdhjkN4AaABAg,@JuanRuiz-e4u,"NADA QUE NO NOS PODAMOS IMAGINAR! <a href=""http://www.youtube.com/results?search_query=%23morena"">#MORENA</a>  Y SUS SOCIOS DE LA DELIORG.",2026-04-15T14:16:36Z,0,gobierno de Tampico,CASINOS: RAPEROS Y ABOGADOS DE LA NARCO-TRANSFORMACIÓN | REPORTAJE,La Saga,2026-04-15T04:30:14Z,2026-05-04 06:12:36
X10HeiB_b3g,Ugy75FW1y7mNXDYjBdp4AaABAg,@Nenucopelon17,Todos los gobiernos están embarrados en la delincuencia desde gobierno federal estatal municipal solo que muchos con bienestar tapan el ojo a el ciudadano,2026-04-15T14:16:21Z,15,gobierno de Tampico,CASINOS: RAPEROS Y ABOGADOS DE LA NARCO-TRANSFORMACIÓN | REPORTAJE,La Saga,2026-04-15T04:30:14Z,2026-05-04 06:12:36
X10HeiB_b3g,UgxNQxZILdkxuDhWueJ4AaABAg,@jaimegarcia6440,Narcopoliticos,2026-04-15T14:12:21Z,7,gobierno de Tampico,CASINOS: RAPEROS Y ABOGADOS DE LA NARCO-TRANSFORMACIÓN | REPORTAJE,La Saga,2026-04-15T04:30:14Z,2026-05-04 06:12:36
X10HeiB_b3g,UgyYMg0O9DbwYnzQoSV4AaABAg,@edgarnbd,Ta madre. Este morenista miembro de la delincuencia organizada ha tenido más premios que los que le dieron al García Luna!,2026-04-15T14:11:32Z,2,gobierno de Tampico,CASINOS: RAPEROS Y ABOGADOS DE LA NARCO-TRANSFORMACIÓN | REPORTAJE,La Saga,2026-04-15T04:30:14Z,2026-05-04 06:12:36
X10HeiB_b3g,UgxTrbwNB4nB2cMvzQB4AaABAg,@axtdxrdre,"<a href=""https://www.youtube.com/watch?v=X10HeiB_b3g&amp;t=143"">2:23</a> 😅😅😅😅😅 Ok",2026-04-15T14:09:53Z,1,gobierno de Tampico,CASINOS: RAPEROS Y ABOGADOS DE LA NARCO-TRANSFORMACIÓN | REPORTAJE,La Saga,2026-04-15T04:30:14Z,2026-05-04 06:12:36
X10HeiB_b3g,Ugx59ityzEwtKpft9GF4AaABAg,@ArmandoPerez-v8e,pues si y que diferencia ay de     ustedes y los criminales ninguna son iguales de corruptos y poreso los an asesinado lastima que les gane la ambición del dinero fácil,2026-04-15T14:05:38Z,0,gobierno de Tampico,CASINOS: RAPEROS Y ABOGADOS DE LA NARCO-TRANSFORMACIÓN | REPORTAJE,La Saga,2026-04-15T04:30:14Z,2026-05-04 06:12:36
X10HeiB_b3g,Ugw3lUnqEIzbQ44bxnR4AaABAg,@emanuelgutierrez8670,Estar coludido con este personaje es casi como estar coludido con García Luna por el cuál tanto critican al gobierno de Calderón,2026-04-15T14:02:45Z,7,gobierno de Tampico,CASINOS: RAPEROS Y ABOGADOS DE LA NARCO-TRANSFORMACIÓN | REPORTAJE,La Saga,2026-04-15T04:30:14Z,2026-05-04 06:12:36
X10HeiB_b3g,Ugw-xz0aC1g8FWYQVLN4AaABAg,@JoseHernandez-m9b7g,Información que llega de la señora Adela..debe ser cuestionada..más de cinco veces.. más ahora con la inteligencia artificial.. Tienen la Manera de Manejar a su favor y en contra de quienes quieran,2026-04-15T13:58:29Z,1,gobierno de Tampico,CASINOS: RAPEROS Y ABOGADOS DE LA NARCO-TRANSFORMACIÓN | REPORTAJE,La Saga,2026-04-15T04:30:14Z,2026-05-04 06:12:36
X10HeiB_b3g,UgxQCzBo0ua-WwMJEVl4AaABAg,@RosbyAguilar-xe9kb,"Grasias a Dios por limpiar México, grasias don trum 🎉🎉🎉",2026-04-15T13:58:15Z,0,gobierno de Tampico,CASINOS: RAPEROS Y ABOGADOS DE LA NARCO-TRANSFORMACIÓN | REPORTAJE,La Saga,2026-04-15T04:30:14Z,2026-05-04 06:12:36
X10HeiB_b3g,UgwSBnlpCho21nC8VXl4AaABAg,@santiagogarcia9903,Porque la kalaca nunca dise que estos grupos de narcos fueron creados desde Salinas. Y fue cuando Los que trabajaban para televisa y Azteca fueron Los que resivieron millones de pesos manchados de sangre.,2026-04-15T13:58:01Z,0,gobierno de Tampico,CASINOS: RAPEROS Y ABOGADOS DE LA NARCO-TRANSFORMACIÓN | REPORTAJE,La Saga,2026-04-15T04:30:14Z,2026-05-04 06:12:36
X10HeiB_b3g,Ugwv3ek-57NUySDFJvR4AaABAg,@mariarosales218,ELNARCOGOBIERNO DE MORENA<br>PREMIANDO A LA RATAS🐀🐀🐀 ILUSTRES DEL C.O.,2026-04-15T13:55:35Z,0,gobierno de Tampico,CASINOS: RAPEROS Y ABOGADOS DE LA NARCO-TRANSFORMACIÓN | REPORTAJE,La Saga,2026-04-15T04:30:14Z,2026-05-04 06:12:36
X10HeiB_b3g,UgwN6pBE8ThoxPpKHN94AaABAg,@juliansosa6929,Nos hacemos los sorprendidos?,2026-04-15T13:51:02Z,5,gobierno de Tampico,CASINOS: RAPEROS Y ABOGADOS DE LA NARCO-TRANSFORMACIÓN | REPORTAJE,La Saga,2026-04-15T04:30:14Z,2026-05-04 06:12:36
X10HeiB_b3g,UgyX6OrRiNZRl_idqSt4AaABAg,@marureyes1309,Pues fotos hay están ahí pruebas hay la presidente con Penilla  ni cómo negarlo este gobierno es un cártel,2026-04-15T13:49:50Z,0,gobierno de Tampico,CASINOS: RAPEROS Y ABOGADOS DE LA NARCO-TRANSFORMACIÓN | REPORTAJE,La Saga,2026-04-15T04:30:14Z,2026-05-04 06:12:36
X10HeiB_b3g,Ugy1hcHTHCvRXppmIU94AaABAg,@charlchelsie9489,Por eso a todos esos narcos que estos abogaduchos representan estan en prision aqui en USA. Porque Los narcos contratan muchos abogaduchos muy pen d jos que solo quieren dinero Y no hacen nada de bien su trabajo.<br>Un abogado Bueno da garantias de su trabajo Y nunca Deja su cliente en prision. Y estos a nadie importante Han sacado de prision,2026-04-15T13:49:37Z,2,gobierno de Tampico,CASINOS: RAPEROS Y ABOGADOS DE LA NARCO-TRANSFORMACIÓN | REPORTAJE,La Saga,2026-04-15T04:30:14Z,2026-05-04 06:12:36
X10HeiB_b3g,Ugw341yKySva4KXxqNh4AaABAg,@fazzette,Actuará la presidenta?,2026-04-15T13:49:22Z,1,gobierno de Tampico,CASINOS: RAPEROS Y ABOGADOS DE LA NARCO-TRANSFORMACIÓN | REPORTAJE,La Saga,2026-04-15T04:30:14Z,2026-05-04 06:12:36
X10HeiB_b3g,UgwhdD0FCL7x-F7AOUt4AaABAg,@ManyMont,A prisión en los Estados Unidos!! Cadena perpetua!!,2026-04-15T13:41:42Z,1,gobierno de Tampico,CASINOS: RAPEROS Y ABOGADOS DE LA NARCO-TRANSFORMACIÓN | REPORTAJE,La Saga,2026-04-15T04:30:14Z,2026-05-04 06:12:36
X10HeiB_b3g,UgxGycn2NMGLAyo_N3J4AaABAg,@claudiacabrera2038,"Criminales todos …todos embarrados…todos coludidos y son peores que los criminales mismos, porque se dan sus baños de pureza y por otro lado son criminales tal cual. Que aberrante lo que sucede en este país.",2026-04-15T13:38:26Z,0,gobierno de Tampico,CASINOS: RAPEROS Y ABOGADOS DE LA NARCO-TRANSFORMACIÓN | REPORTAJE,La Saga,2026-04-15T04:30:14Z,2026-05-04 06:12:36
X10HeiB_b3g,UgyrTn6ZkCyF9DDI77V4AaABAg,@ijml,Y qué harán al respecto derechairitos 😂?,2026-04-15T13:34:32Z,0,gobierno de Tampico,CASINOS: RAPEROS Y ABOGADOS DE LA NARCO-TRANSFORMACIÓN | REPORTAJE,La Saga,2026-04-15T04:30:14Z,2026-05-04 06:12:36
X10HeiB_b3g,Ugz7q4lMT0X5i3WRduR4AaABAg,@adrianvaskez3750,Ahora  resulta ke no sabe   🙃,2026-04-15T13:34:23Z,0,gobierno de Tampico,CASINOS: RAPEROS Y ABOGADOS DE LA NARCO-TRANSFORMACIÓN | REPORTAJE,La Saga,2026-04-15T04:30:14Z,2026-05-04 06:12:36
X10HeiB_b3g,Ugxi2tZ0v2qnoZPljll4AaABAg,@JuanRodriguezMartinez-d9w,Fotografía con claudia?,2026-04-15T13:34:02Z,0,gobierno de Tampico,CASINOS: RAPEROS Y ABOGADOS DE LA NARCO-TRANSFORMACIÓN | REPORTAJE,La Saga,2026-04-15T04:30:14Z,2026-05-04 06:12:36
X10HeiB_b3g,UgxrcevFtlAEb0UIyMR4AaABAg,@DarioAlejandroZarazuaGom-qm3hk,No tienen vergüenza,2026-04-15T13:31:40Z,1,gobierno de Tampico,CASINOS: RAPEROS Y ABOGADOS DE LA NARCO-TRANSFORMACIÓN | REPORTAJE,La Saga,2026-04-15T04:30:14Z,2026-05-04 06:12:36
X10HeiB_b3g,Ugx6XFAV6hD2EdrrNMZ4AaABAg,@Acuentaaayou,Puros idiotas escuchan etos pendejos sin sentor verguenza,2026-04-15T13:30:28Z,0,gobierno de Tampico,CASINOS: RAPEROS Y ABOGADOS DE LA NARCO-TRANSFORMACIÓN | REPORTAJE,La Saga,2026-04-15T04:30:14Z,2026-05-04 06:12:36
X10HeiB_b3g,UgynJFVpyUtyfRbmBXp4AaABAg,@DarioAlejandroZarazuaGom-qm3hk,"Exigimos CÁRCEL a todos estos, de morena",2026-04-15T13:28:54Z,6,gobierno de Tampico,CASINOS: RAPEROS Y ABOGADOS DE LA NARCO-TRANSFORMACIÓN | REPORTAJE,La Saga,2026-04-15T04:30:14Z,2026-05-04 06:12:36
X10HeiB_b3g,UgwybHmqZU65izDxV6h4AaABAg,@DarioAlejandroZarazuaGom-qm3hk,Damos gracias por CÁRCEL al traidor comunista de López Obrador y sus cómplices políticos gracias 🇺🇲🇺🇸🇲🇽🙏🇺🇸🇲🇽,2026-04-15T13:28:05Z,1,gobierno de Tampico,CASINOS: RAPEROS Y ABOGADOS DE LA NARCO-TRANSFORMACIÓN | REPORTAJE,La Saga,2026-04-15T04:30:14Z,2026-05-04 06:12:36
X10HeiB_b3g,Ugy6Z8Gsis3rm1HKG2R4AaABAg,@PerroNegro2011,"Lo siento por todas esas mujeres que creyeron y confiaron en una mujer que las salvaría de su penar en este país y justicia, pero sólomemte mentiras les dieron,y usaron su voto para sus intereses pde políticos corruptos",2026-04-15T13:27:11Z,1,gobierno de Tampico,CASINOS: RAPEROS Y ABOGADOS DE LA NARCO-TRANSFORMACIÓN | REPORTAJE,La Saga,2026-04-15T04:30:14Z,2026-05-04 06:12:36
X10HeiB_b3g,UgxahZea_o9pmrb69ZJ4AaABAg,@luiscardini,No es cierto es un invento de los neoliberales y Calderon,2026-04-15T13:26:28Z,1,gobierno de Tampico,CASINOS: RAPEROS Y ABOGADOS DE LA NARCO-TRANSFORMACIÓN | REPORTAJE,La Saga,2026-04-15T04:30:14Z,2026-05-04 06:12:36
X10HeiB_b3g,UgzOr7Q23JfXE-9LA8t4AaABAg,@jcb-vt3dj,"todos lo saben menos la dictadora, se hace endeja",2026-04-15T13:26:21Z,0,gobierno de Tampico,CASINOS: RAPEROS Y ABOGADOS DE LA NARCO-TRANSFORMACIÓN | REPORTAJE,La Saga,2026-04-15T04:30:14Z,2026-05-04 06:12:36
X10HeiB_b3g,UgzkU-1GrpPui8ootc14AaABAg,@JurgenHum,Premio por defensor de los abrazos!,2026-04-15T13:25:02Z,1,gobierno de Tampico,CASINOS: RAPEROS Y ABOGADOS DE LA NARCO-TRANSFORMACIÓN | REPORTAJE,La Saga,2026-04-15T04:30:14Z,2026-05-04 06:12:36
X10HeiB_b3g,UgyMCDT4gfCdOjH_MLJ4AaABAg,@joseluismorales3428,"Pues el equipo de seguridad los debería tener bien ubicados, de que sirve tanta reunión en las mañanas si no saben quién se acerca a la presidente.",2026-04-15T13:19:34Z,1,gobierno de Tampico,CASINOS: RAPEROS Y ABOGADOS DE LA NARCO-TRANSFORMACIÓN | REPORTAJE,La Saga,2026-04-15T04:30:14Z,2026-05-04 06:12:36
X10HeiB_b3g,Ugz_8H_Msv0Wt9g6jEx4AaABAg,@EugeniaLopez-y1d,Que vergüenza y miedo da cada vez como tienen este pobre país,2026-04-15T13:16:30Z,20,gobierno de Tampico,CASINOS: RAPEROS Y ABOGADOS DE LA NARCO-TRANSFORMACIÓN | REPORTAJE,La Saga,2026-04-15T04:30:14Z,2026-05-04 06:12:36
X10HeiB_b3g,Ugz-IaJrKfif8nbTL7V4AaABAg,@GustavoGarcia-qq4ec,"No son politicos son criminales, que se podia esperar de terroristas que pertenecieron al m19",2026-04-15T13:15:28Z,1,gobierno de Tampico,CASINOS: RAPEROS Y ABOGADOS DE LA NARCO-TRANSFORMACIÓN | REPORTAJE,La Saga,2026-04-15T04:30:14Z,2026-05-04 06:12:36
X10HeiB_b3g,UgxbJQ-x9sZG3VhjWyB4AaABAg,@malujuarez17,CUÁL PUEBLO HONRADO Y TRABAJADOR ?  EN MÉXICO YA HAY PURA GENTE HORRIBLE,2026-04-15T13:13:33Z,2,gobierno de Tampico,CASINOS: RAPEROS Y ABOGADOS DE LA NARCO-TRANSFORMACIÓN | REPORTAJE,La Saga,2026-04-15T04:30:14Z,2026-05-04 06:12:36
X10HeiB_b3g,UgzlFEoOSnWwb8-74PJ4AaABAg,@VictorPadilla-xx2qb,"A estos izquierdistas de m..erda les da amnesia cuando le sacan sus trapitos al sol, que curioso ¿no? Todos sabemos que el C.O. y este Gobierno son socios y son lo mismo, simplemente son dos carteles, también es indignante oir al abogaducho ese decir con descaro y gran cinismo de que defienden al C.O. de México, eso si es tener la cara bien dura.",2026-04-15T13:07:40Z,0,gobierno de Tampico,CASINOS: RAPEROS Y ABOGADOS DE LA NARCO-TRANSFORMACIÓN | REPORTAJE,La Saga,2026-04-15T04:30:14Z,2026-05-04 06:12:36
X10HeiB_b3g,Ugw2gbPzLIzc0sQJV9x4AaABAg,@javierplonedacuevas7934,"QUE YA VENGAN POR ELLOS TODOS, CERO IMPUNIDAD, ASÍ LO CACAREA LA ESCUALIDA",2026-04-15T13:07:13Z,1,gobierno de Tampico,CASINOS: RAPEROS Y ABOGADOS DE LA NARCO-TRANSFORMACIÓN | REPORTAJE,La Saga,2026-04-15T04:30:14Z,2026-05-04 06:12:36
X10HeiB_b3g,UgzvyvKRlTO08gTadI14AaABAg,@juvenciolopez8022,"Apoyo total a su presidenta Claudia sheinbaum,<br>Caspm a los golpeadores de México ya que no tienen un plan de estado eso se nota claramente<br><br>Deberían alistarse en lo militar en vez de hablar a lo dejo o estar golpeteando a su país",2026-04-15T13:05:03Z,0,gobierno de Tampico,CASINOS: RAPEROS Y ABOGADOS DE LA NARCO-TRANSFORMACIÓN | REPORTAJE,La Saga,2026-04-15T04:30:14Z,2026-05-04 06:12:36
X10HeiB_b3g,UgzlEmxWW3RzbgEur814AaABAg,@juvenciolopez8022,Bla bla bla,2026-04-15T13:03:26Z,0,gobierno de Tampico,CASINOS: RAPEROS Y ABOGADOS DE LA NARCO-TRANSFORMACIÓN | REPORTAJE,La Saga,2026-04-15T04:30:14Z,2026-05-04 06:12:36
X10HeiB_b3g,UgzS1AG_57lpTvz-AB94AaABAg,@indioandaluz,"La Saga debe tener un buen patrocinio, porque definitivamente el nivel periodistico es muy bajo😂😂😂",2026-04-15T12:51:57Z,3,gobierno de Tampico,CASINOS: RAPEROS Y ABOGADOS DE LA NARCO-TRANSFORMACIÓN | REPORTAJE,La Saga,2026-04-15T04:30:14Z,2026-05-04 06:12:36
X10HeiB_b3g,UgwM-5KaIBgGlA5EbVV4AaABAg,@Rdgzletnjo,Hasta el cuello está coludida explicaciónes de criminales,2026-04-15T12:51:11Z,4,gobierno de Tampico,CASINOS: RAPEROS Y ABOGADOS DE LA NARCO-TRANSFORMACIÓN | REPORTAJE,La Saga,2026-04-15T04:30:14Z,2026-05-04 06:12:36
X10HeiB_b3g,UgxHdgmxSF0c0pEWDyN4AaABAg,@JuanitaSolis-vy3md,Que ASCO DE GENTE,2026-04-15T12:51:06Z,5,gobierno de Tampico,CASINOS: RAPEROS Y ABOGADOS DE LA NARCO-TRANSFORMACIÓN | REPORTAJE,La Saga,2026-04-15T04:30:14Z,2026-05-04 06:12:36
X10HeiB_b3g,UgxpZ8F5dRBQi06v4Od4AaABAg,@JuanitaSolis-vy3md,NARCOPRESIDENTA,2026-04-15T12:49:27Z,0,gobierno de Tampico,CASINOS: RAPEROS Y ABOGADOS DE LA NARCO-TRANSFORMACIÓN | REPORTAJE,La Saga,2026-04-15T04:30:14Z,2026-05-04 06:12:36
X10HeiB_b3g,Ugz0sIQ9Q6ZN1XwQHXN4AaABAg,@ivanns123-n6r,El pueblo bueno y sabio...,2026-04-15T12:47:44Z,1,gobierno de Tampico,CASINOS: RAPEROS Y ABOGADOS DE LA NARCO-TRANSFORMACIÓN | REPORTAJE,La Saga,2026-04-15T04:30:14Z,2026-05-04 06:12:36
X10HeiB_b3g,UgztdWR7hWdsbm98InJ4AaABAg,@orochi01,"<a href=""https://www.youtube.com/watch?v=X10HeiB_b3g&amp;t=300"">5:00</a> granito de arena, ayudando a criminales 🤣🤡🤡🤡",2026-04-15T12:46:43Z,0,gobierno de Tampico,CASINOS: RAPEROS Y ABOGADOS DE LA NARCO-TRANSFORMACIÓN | REPORTAJE,La Saga,2026-04-15T04:30:14Z,2026-05-04 06:12:36
X10HeiB_b3g,UgyHbWa-Pd9E0c9gUER4AaABAg,@carlosesteves2101,Los vinculos del poder en sus mas altos niveles evidencian la corrupcion,2026-04-15T12:42:26Z,0,gobierno de Tampico,CASINOS: RAPEROS Y ABOGADOS DE LA NARCO-TRANSFORMACIÓN | REPORTAJE,La Saga,2026-04-15T04:30:14Z,2026-05-04 06:12:36
X10HeiB_b3g,UgyTdJnEfJdW26oCLct4AaABAg,@VeroBañuelos-q1j,De &quot;risa&quot; los de 4a ..... ya no puedo llorar...,2026-04-15T12:42:16Z,1,gobierno de Tampico,CASINOS: RAPEROS Y ABOGADOS DE LA NARCO-TRANSFORMACIÓN | REPORTAJE,La Saga,2026-04-15T04:30:14Z,2026-05-04 06:12:36
X10HeiB_b3g,Ugw3Qsxq6hfXhYixe5Z4AaABAg,@MartiinOlvera16,Porqué no dió la nota Adela?.... éste reportero está en problemas...son palabras mayores para el gobierno..,2026-04-15T12:40:41Z,0,gobierno de Tampico,CASINOS: RAPEROS Y ABOGADOS DE LA NARCO-TRANSFORMACIÓN | REPORTAJE,La Saga,2026-04-15T04:30:14Z,2026-05-04 06:12:36
X10HeiB_b3g,Ugwj8sADAlFPH_fMac94AaABAg,@erivancalderon3920,"Así de podridas y corruptas están nuestras autoridades a nivel municipal, estatal y federal,en el lejistalitvo,en judicial y en el ejecutivo 😢",2026-04-15T12:32:39Z,29,gobierno de Tampico,CASINOS: RAPEROS Y ABOGADOS DE LA NARCO-TRANSFORMACIÓN | REPORTAJE,La Saga,2026-04-15T04:30:14Z,2026-05-04 06:12:36
X10HeiB_b3g,UgxO7wWjpdCdX2Oml0Z4AaABAg,@jakemate1269,"Es una gran burla qué el gobierno halla dado un premio patria projusticia y equidad, desconozco el año que fue pero al saberse defensor del crimen organizado el gobierno mismo tuvo que revocar dicho premio sabiendo que el crimen organizado ha traído horror, desapariciones, claudia siempre excusandose",2026-04-15T12:30:05Z,3,gobierno de Tampico,CASINOS: RAPEROS Y ABOGADOS DE LA NARCO-TRANSFORMACIÓN | REPORTAJE,La Saga,2026-04-15T04:30:14Z,2026-05-04 06:12:36
X10HeiB_b3g,UgwtAa-sb8RbQt4x4zx4AaABAg,@AdanGarcia-md7bc,Sheimbaum es cmplice de penilla y aganle como quieran,2026-04-15T12:29:19Z,0,gobierno de Tampico,CASINOS: RAPEROS Y ABOGADOS DE LA NARCO-TRANSFORMACIÓN | REPORTAJE,La Saga,2026-04-15T04:30:14Z,2026-05-04 06:12:36
X10HeiB_b3g,Ugx3ZD2mCLA48uwoWI14AaABAg,@MsMariaCisneros,El gobierno trabaja para los delincuentes,2026-04-15T12:19:42Z,0,gobierno de Tampico,CASINOS: RAPEROS Y ABOGADOS DE LA NARCO-TRANSFORMACIÓN | REPORTAJE,La Saga,2026-04-15T04:30:14Z,2026-05-04 06:12:36
X10HeiB_b3g,Ugymk1yr490edoPSEkB4AaABAg,@AndreaMedina-e1s,JAJA JAJA es IA no se hagan qué la virgen les abla,2026-04-15T12:16:14Z,0,gobierno de Tampico,CASINOS: RAPEROS Y ABOGADOS DE LA NARCO-TRANSFORMACIÓN | REPORTAJE,La Saga,2026-04-15T04:30:14Z,2026-05-04 06:12:36
X10HeiB_b3g,UgwF0ec6OZVi2TqxV914AaABAg,@JoséBravo-q4v,"<a href=""http://www.youtube.com/results?search_query=%23fueramorena2027"">#fueramorena2027</a>",2026-04-15T12:12:43Z,1,gobierno de Tampico,CASINOS: RAPEROS Y ABOGADOS DE LA NARCO-TRANSFORMACIÓN | REPORTAJE,La Saga,2026-04-15T04:30:14Z,2026-05-04 06:12:36
X10HeiB_b3g,Ugz59ln0zw8sUYjg3Zd4AaABAg,@DorianAndryFloresCruz,"Es IA, abusados!!!!",2026-04-15T12:05:52Z,1,gobierno de Tampico,CASINOS: RAPEROS Y ABOGADOS DE LA NARCO-TRANSFORMACIÓN | REPORTAJE,La Saga,2026-04-15T04:30:14Z,2026-05-04 06:12:36
X10HeiB_b3g,UgzglHJqFfNoXHiJyvd4AaABAg,@mauroreal2436,Q POCA madre de este gobierno de cuarta,2026-04-15T11:45:41Z,7,gobierno de Tampico,CASINOS: RAPEROS Y ABOGADOS DE LA NARCO-TRANSFORMACIÓN | REPORTAJE,La Saga,2026-04-15T04:30:14Z,2026-05-04 06:12:36
X10HeiB_b3g,UgzQfdb1Mv_OBlql1LV4AaABAg,@VazquezSilva-nl8wp,De estos personajes esta formada la transformación de 4ta,2026-04-15T11:44:49Z,0,gobierno de Tampico,CASINOS: RAPEROS Y ABOGADOS DE LA NARCO-TRANSFORMACIÓN | REPORTAJE,La Saga,2026-04-15T04:30:14Z,2026-05-04 06:12:36
X10HeiB_b3g,UgwUbJlKhYcKWia3ZtJ4AaABAg,@68sergiomartinez,Cómo es posible que la presidenta sea parte de este grupo que vergüenza,2026-04-15T11:43:11Z,16,gobierno de Tampico,CASINOS: RAPEROS Y ABOGADOS DE LA NARCO-TRANSFORMACIÓN | REPORTAJE,La Saga,2026-04-15T04:30:14Z,2026-05-04 06:12:36
X10HeiB_b3g,Ugy5XwLrUvKDLqthI-h4AaABAg,@JorgeUscangaponce,No k los de eran diferentes y si lo son son los más corruptos de la historia 😠,2026-04-15T11:39:31Z,3,gobierno de Tampico,CASINOS: RAPEROS Y ABOGADOS DE LA NARCO-TRANSFORMACIÓN | REPORTAJE,La Saga,2026-04-15T04:30:14Z,2026-05-04 06:12:36
X10HeiB_b3g,UgyjzdWbQFgHMv6Ka_N4AaABAg,@lluvialsol7559,"Que casualidad, como siempre no sabe nada, lo único que sabe es recibir el moche que le recibe",2026-04-15T11:33:53Z,0,gobierno de Tampico,CASINOS: RAPEROS Y ABOGADOS DE LA NARCO-TRANSFORMACIÓN | REPORTAJE,La Saga,2026-04-15T04:30:14Z,2026-05-04 06:12:36
X10HeiB_b3g,UgzNTfYxya3V7C9dnfF4AaABAg,@marioesquivelr.4780,"Ya esta aplicando la vieja confiable de su amiga Sandra cuevas ,me tomo fotos con mucha gente que no conozco como el cabecita de algodón que  hasta le fue a besar la mano a la mamá del chapo 😂😂😂",2026-04-15T11:33:22Z,0,gobierno de Tampico,CASINOS: RAPEROS Y ABOGADOS DE LA NARCO-TRANSFORMACIÓN | REPORTAJE,La Saga,2026-04-15T04:30:14Z,2026-05-04 06:12:36
X10HeiB_b3g,UgzN2Cn-6Ok6BHABsGF4AaABAg,@xquenda1000,"De mal a peor está mujer, el gobierno de Estados Unidos está haciendo el trabajo que a ella le corresponde hacer pero llena su Bogotá hablando de soberanía, morena está podrido",2026-04-15T11:33:18Z,0,gobierno de Tampico,CASINOS: RAPEROS Y ABOGADOS DE LA NARCO-TRANSFORMACIÓN | REPORTAJE,La Saga,2026-04-15T04:30:14Z,2026-05-04 06:12:36
X10HeiB_b3g,UgzxDW-FwYbjN2QyuyJ4AaABAg,@roxanavilleda9870,El peje les dió trabajo a los criminales para volverlos “legales” y ya está lleno de esta gente viviendo del gobierno ahora ni cómo sacarlos de ahí.,2026-04-15T11:30:07Z,1,gobierno de Tampico,CASINOS: RAPEROS Y ABOGADOS DE LA NARCO-TRANSFORMACIÓN | REPORTAJE,La Saga,2026-04-15T04:30:14Z,2026-05-04 06:12:36
X10HeiB_b3g,UgwjtZZb0MlLAiim1JN4AaABAg,@ericplas9177,Narcogobierno del bienestar.🤑🤮,2026-04-15T11:28:21Z,0,gobierno de Tampico,CASINOS: RAPEROS Y ABOGADOS DE LA NARCO-TRANSFORMACIÓN | REPORTAJE,La Saga,2026-04-15T04:30:14Z,2026-05-04 06:12:36
X10HeiB_b3g,Ugw9jGyDjdLF7cjewV94AaABAg,@elsoldado9997,.<br><br>NO MR. PRESIDENT NO NO NOOOOOO PLEASE CON MIS NARCOS NO SE META <br><br><br><br><br><br><br><br>.<br>.,2026-04-15T11:10:44Z,0,gobierno de Tampico,CASINOS: RAPEROS Y ABOGADOS DE LA NARCO-TRANSFORMACIÓN | REPORTAJE,La Saga,2026-04-15T04:30:14Z,2026-05-04 06:12:36
X10HeiB_b3g,UgzOicRZiNq9mUdd-it4AaABAg,@Magis-u4r8y,Estamos jodidos como ciudadanos mexicanos nos gobierna el crimen organizado 😢😢,2026-04-15T11:09:24Z,3,gobierno de Tampico,CASINOS: RAPEROS Y ABOGADOS DE LA NARCO-TRANSFORMACIÓN | REPORTAJE,La Saga,2026-04-15T04:30:14Z,2026-05-04 06:12:36
X10HeiB_b3g,UgycQRGefJShQOgOMzB4AaABAg,@Anonymous-yp9ei,“Defendemos crimen organizado” O sea… El pueblo honrado y trabajador ya valió,2026-04-15T10:57:01Z,0,gobierno de Tampico,CASINOS: RAPEROS Y ABOGADOS DE LA NARCO-TRANSFORMACIÓN | REPORTAJE,La Saga,2026-04-15T04:30:14Z,2026-05-04 06:12:36
X10HeiB_b3g,Ugw5b4z-YmkmzdgCgBJ4AaABAg,@carmenpatriciabatarse73,Reconocimiento en el senado de la República y sheinbaum no sabe quién es? Y además colaborador de amlo...cómo que no sabe quién es?,2026-04-15T10:45:01Z,3,gobierno de Tampico,CASINOS: RAPEROS Y ABOGADOS DE LA NARCO-TRANSFORMACIÓN | REPORTAJE,La Saga,2026-04-15T04:30:14Z,2026-05-04 06:12:36
X10HeiB_b3g,UgwuS8asjBA8IIv9mlh4AaABAg,@rulasmorrita8890,"Salinas, zedillo,Fox, Calderón y peña nieto, comían en la misma mesa de los criminales eso callaban las televisoras o no chayotero",2026-04-15T10:40:16Z,0,gobierno de Tampico,CASINOS: RAPEROS Y ABOGADOS DE LA NARCO-TRANSFORMACIÓN | REPORTAJE,La Saga,2026-04-15T04:30:14Z,2026-05-04 06:12:36
X10HeiB_b3g,UgzMXstBCLRyblKYki54AaABAg,@CarlosHernandez-p5j5o,TOMELAAAAA😂 PRESIRVIENTA CON AAA🤣🤣,2026-04-15T10:25:25Z,7,gobierno de Tampico,CASINOS: RAPEROS Y ABOGADOS DE LA NARCO-TRANSFORMACIÓN | REPORTAJE,La Saga,2026-04-15T04:30:14Z,2026-05-04 06:12:36
X10HeiB_b3g,Ugx_5P7JoqYBHcQ3rtd4AaABAg,@AngelicaMontejo-yx4pc,"Muy amigos, que horror !",2026-04-15T10:14:36Z,3,gobierno de Tampico,CASINOS: RAPEROS Y ABOGADOS DE LA NARCO-TRANSFORMACIÓN | REPORTAJE,La Saga,2026-04-15T04:30:14Z,2026-05-04 06:12:36
X10HeiB_b3g,Ugw8yGc8uAi78ZIM23x4AaABAg,@blancadeltororuiz5872,Y los políticos de ese cartel cuando???,2026-04-15T10:05:13Z,0,gobierno de Tampico,CASINOS: RAPEROS Y ABOGADOS DE LA NARCO-TRANSFORMACIÓN | REPORTAJE,La Saga,2026-04-15T04:30:14Z,2026-05-04 06:12:36
X10HeiB_b3g,Ugzy5VTaHK0VWiChZkF4AaABAg,@blancadeltororuiz5872,Aja,2026-04-15T09:59:33Z,0,gobierno de Tampico,CASINOS: RAPEROS Y ABOGADOS DE LA NARCO-TRANSFORMACIÓN | REPORTAJE,La Saga,2026-04-15T04:30:14Z,2026-05-04 06:12:36
X10HeiB_b3g,UgxHxHovHgyrh3Tob7x4AaABAg,@Lorena-g5p,Nuestro querido gobierno.  Uno para todos y todos para uno. Merecido reconocimiento 😂😂😂😂😂,2026-04-15T09:58:58Z,5,gobierno de Tampico,CASINOS: RAPEROS Y ABOGADOS DE LA NARCO-TRANSFORMACIÓN | REPORTAJE,La Saga,2026-04-15T04:30:14Z,2026-05-04 06:12:36
X10HeiB_b3g,UgxKmZX1kcclF7XqflV4AaABAg,@andreaziranda8384,Pero el Prian robo mas. 😂,2026-04-15T09:57:55Z,1,gobierno de Tampico,CASINOS: RAPEROS Y ABOGADOS DE LA NARCO-TRANSFORMACIÓN | REPORTAJE,La Saga,2026-04-15T04:30:14Z,2026-05-04 06:12:36
X10HeiB_b3g,UgwfBZDmIhhKOu0MwkJ4AaABAg,@BeltránG-p2p,@adelamichalasaganarco<br>Pronto caerás eso q montas precisamente es un montaje,2026-04-15T09:49:21Z,0,gobierno de Tampico,CASINOS: RAPEROS Y ABOGADOS DE LA NARCO-TRANSFORMACIÓN | REPORTAJE,La Saga,2026-04-15T04:30:14Z,2026-05-04 06:12:36
X10HeiB_b3g,UgwNa4ZSvlUn1t-VYJV4AaABAg,@franc362,saquen conclusiones,2026-04-15T09:42:51Z,2,gobierno de Tampico,CASINOS: RAPEROS Y ABOGADOS DE LA NARCO-TRANSFORMACIÓN | REPORTAJE,La Saga,2026-04-15T04:30:14Z,2026-05-04 06:12:36
X10HeiB_b3g,Ugyj0nizIKwSrlJW4Jd4AaABAg,@ChurpiasMedallas,Todo Morena son verdaderos narcos terroristas disfrazados de suedo civiles por qué ni políticos no llegan a eso,2026-04-15T09:38:08Z,1,gobierno de Tampico,CASINOS: RAPEROS Y ABOGADOS DE LA NARCO-TRANSFORMACIÓN | REPORTAJE,La Saga,2026-04-15T04:30:14Z,2026-05-04 06:12:36
X10HeiB_b3g,UgzLdGYKqna-OTOFsTV4AaABAg,@GabrielaGarcia-pt5up,Todos son delincuentes y en el congreso todos son uno para todos y todos a robar lo que más puedan ! Que vergonzoso es mirar esto !,2026-04-15T09:14:45Z,0,gobierno de Tampico,CASINOS: RAPEROS Y ABOGADOS DE LA NARCO-TRANSFORMACIÓN | REPORTAJE,La Saga,2026-04-15T04:30:14Z,2026-05-04 06:12:36
X10HeiB_b3g,Ugya7-j_UnBGsQyWYDJ4AaABAg,@DanielMojareo-v4j,Échanos espantamos en México si ya sabemos que todos los políticos son narcos nada más que pues nos apendejan,2026-04-15T09:13:22Z,0,gobierno de Tampico,CASINOS: RAPEROS Y ABOGADOS DE LA NARCO-TRANSFORMACIÓN | REPORTAJE,La Saga,2026-04-15T04:30:14Z,2026-05-04 06:12:36
X10HeiB_b3g,UgwviGuIrOOcvbfEVBB4AaABAg,@lesbiasalas9249,"Se fijan como no ve de frente, porque sabe que todo lo que esta diciendo es mentira",2026-04-15T09:11:05Z,0,gobierno de Tampico,CASINOS: RAPEROS Y ABOGADOS DE LA NARCO-TRANSFORMACIÓN | REPORTAJE,La Saga,2026-04-15T04:30:14Z,2026-05-04 06:12:36
X10HeiB_b3g,UgywyC5Vn-4RtWgkXXx4AaABAg,@lesbiasalas9249,Cuidado Adela no al rato estés como Loret de Mola,2026-04-15T09:06:14Z,0,gobierno de Tampico,CASINOS: RAPEROS Y ABOGADOS DE LA NARCO-TRANSFORMACIÓN | REPORTAJE,La Saga,2026-04-15T04:30:14Z,2026-05-04 06:12:36
X10HeiB_b3g,UgxE2HLB2gDwTbwd2xt4AaABAg,@AlexisFlores148,Que fea musica de fondo,2026-04-15T08:47:25Z,0,gobierno de Tampico,CASINOS: RAPEROS Y ABOGADOS DE LA NARCO-TRANSFORMACIÓN | REPORTAJE,La Saga,2026-04-15T04:30:14Z,2026-05-04 06:12:36
X10HeiB_b3g,UgwcShzl3-qo_bhvwlx4AaABAg,@SergioPerezalba,El gobierno y los criminales son lo mismo,2026-04-15T08:45:06Z,0,gobierno de Tampico,CASINOS: RAPEROS Y ABOGADOS DE LA NARCO-TRANSFORMACIÓN | REPORTAJE,La Saga,2026-04-15T04:30:14Z,2026-05-04 06:12:36
X10HeiB_b3g,UgyMwPPxlaE_BTYAL7F4AaABAg,@freyazma,"Por qué creen que solo protegen a los criminales? Jajajaja. Que diran los chairos aplaudidores ante estos hechos, que es IA? 😂😂😂 Que no es verdad? Están escuchando lo que este tipo está diciendo? No lo conoce? 😂😂🤣🤣🤣🤣🤣 Si la sonrisa y el lenguaje corporal lo dice toooooodo!",2026-04-15T08:28:51Z,7,gobierno de Tampico,CASINOS: RAPEROS Y ABOGADOS DE LA NARCO-TRANSFORMACIÓN | REPORTAJE,La Saga,2026-04-15T04:30:14Z,2026-05-04 06:12:36
X10HeiB_b3g,UgwcknjDTLis3-MRcL54AaABAg,@OzielDioZ-x9f,Ya sabemos el pedo es que nadie hace nada la Claudia es criminal,2026-04-15T08:01:43Z,10,gobierno de Tampico,CASINOS: RAPEROS Y ABOGADOS DE LA NARCO-TRANSFORMACIÓN | REPORTAJE,La Saga,2026-04-15T04:30:14Z,2026-05-04 06:12:36
X10HeiB_b3g,UgzI3gg9uuw6VXyYAFt4AaABAg,@kairoward7738,Los chairos: es montaje gueyyyyy 😢,2026-04-15T08:00:19Z,6,gobierno de Tampico,CASINOS: RAPEROS Y ABOGADOS DE LA NARCO-TRANSFORMACIÓN | REPORTAJE,La Saga,2026-04-15T04:30:14Z,2026-05-04 06:12:36
X10HeiB_b3g,UgxpiFKsSfnRMcWzGi54AaABAg,@VictoriaEstrada-le8rg,Lagartija mentirosa,2026-04-15T07:47:49Z,12,gobierno de Tampico,CASINOS: RAPEROS Y ABOGADOS DE LA NARCO-TRANSFORMACIÓN | REPORTAJE,La Saga,2026-04-15T04:30:14Z,2026-05-04 06:12:36
X10HeiB_b3g,UgxCIRsDn8j7A4DqVW54AaABAg,@Cesar-fu1bp,"Ah que la prasadanta, nomas no da una la mentirosilla.... todo niega, aun con fotos y videos.......",2026-04-15T07:30:37Z,2,gobierno de Tampico,CASINOS: RAPEROS Y ABOGADOS DE LA NARCO-TRANSFORMACIÓN | REPORTAJE,La Saga,2026-04-15T04:30:14Z,2026-05-04 06:12:36
X10HeiB_b3g,UgyBpIm5ArWlVeDbJA94AaABAg,@EdgarChávezRuiz-u7f5t,Fuera estos criminales que están gobernando y el cabezilla y el que sigue con esto es el malandro criminal de Macuspana,2026-04-15T07:07:34Z,7,gobierno de Tampico,CASINOS: RAPEROS Y ABOGADOS DE LA NARCO-TRANSFORMACIÓN | REPORTAJE,La Saga,2026-04-15T04:30:14Z,2026-05-04 06:12:36
X10HeiB_b3g,UgzE79nOz11xt4tKhD54AaABAg,@oscarin.g.e.1973,Nos gobiernan delincuentes perfumados !!!!!!!,2026-04-15T07:05:43Z,1,gobierno de Tampico,CASINOS: RAPEROS Y ABOGADOS DE LA NARCO-TRANSFORMACIÓN | REPORTAJE,La Saga,2026-04-15T04:30:14Z,2026-05-04 06:12:36
X10HeiB_b3g,Ugzzv_kmxWlTnvBKiOd4AaABAg,@eddiedeassis5279,La UIF ya le bloqueó las cuentas bancarias a este abogado???🤔,2026-04-15T07:04:41Z,1,gobierno de Tampico,CASINOS: RAPEROS Y ABOGADOS DE LA NARCO-TRANSFORMACIÓN | REPORTAJE,La Saga,2026-04-15T04:30:14Z,2026-05-04 06:12:36
X10HeiB_b3g,Ugw263r5X3Vn2_mJ90Z4AaABAg,@aquilezmexica4717,Tenemos que levantarnos en armas no hay de otra,2026-04-15T07:01:46Z,2,gobierno de Tampico,CASINOS: RAPEROS Y ABOGADOS DE LA NARCO-TRANSFORMACIÓN | REPORTAJE,La Saga,2026-04-15T04:30:14Z,2026-05-04 06:12:36
X10HeiB_b3g,UgwL8LiAj5fauXG7yj14AaABAg,@eddiedeassis5279,"Que cinismo del abogado diciendo;defendemos al crimen organizado si!<br>No defendemos secuestradores!<br>No defendemos extorsionadores!<br>El <a href=""http://sr.abogado/"">sr.abogado</a> nos salió muy moral ético con sus declaracion.",2026-04-15T06:59:11Z,40,gobierno de Tampico,CASINOS: RAPEROS Y ABOGADOS DE LA NARCO-TRANSFORMACIÓN | REPORTAJE,La Saga,2026-04-15T04:30:14Z,2026-05-04 06:12:36
X10HeiB_b3g,UgyWwXiFpLpbbh50OiV4AaABAg,@enriquegomezreynaga9434,"Narcopresidenta, que esperan que diga, apoco creen que va a decir que si lo conoce y que son buenos amigos,",2026-04-15T06:56:53Z,2,gobierno de Tampico,CASINOS: RAPEROS Y ABOGADOS DE LA NARCO-TRANSFORMACIÓN | REPORTAJE,La Saga,2026-04-15T04:30:14Z,2026-05-04 06:12:36
X10HeiB_b3g,UgyNVu5XeYF6TvndqCJ4AaABAg,@luisaguilar5271,Cada vez se demuestra más que tenemos una Presidente mentirosa.,2026-04-15T06:54:16Z,25,gobierno de Tampico,CASINOS: RAPEROS Y ABOGADOS DE LA NARCO-TRANSFORMACIÓN | REPORTAJE,La Saga,2026-04-15T04:30:14Z,2026-05-04 06:12:36
X10HeiB_b3g,UgynEfrDsgREjUDiF4d4AaABAg,@analucilarosalesnavarro2999,Que ascoooooooooooo!! Puros delincuentes o están en el gobierno o son protegidos por narcomorena 🙈,2026-04-15T06:51:10Z,31,gobierno de Tampico,CASINOS: RAPEROS Y ABOGADOS DE LA NARCO-TRANSFORMACIÓN | REPORTAJE,La Saga,2026-04-15T04:30:14Z,2026-05-04 06:12:36
X10HeiB_b3g,UgwOe8BWE85l_ONtAEN4AaABAg,@angelesbenitez7363,"QUE DESCARO DIOS MÍO !🤦‍♀️ TRUMP TE NECESITAMOS , YA ESTAMOS HASTA LA MADRE DE TANTA MENTIRA Y CORRUPCIÓN CON ESTE GOBIERNO DE MIERD4 !!",2026-04-15T06:35:38Z,0,gobierno de Tampico,CASINOS: RAPEROS Y ABOGADOS DE LA NARCO-TRANSFORMACIÓN | REPORTAJE,La Saga,2026-04-15T04:30:14Z,2026-05-04 06:12:36
X10HeiB_b3g,UgwRDpNw8kHt4_ujQe54AaABAg,@salvadorgomezescalona3552,Es inteligencia artificial señora titina????😅,2026-04-15T06:34:55Z,0,gobierno de Tampico,CASINOS: RAPEROS Y ABOGADOS DE LA NARCO-TRANSFORMACIÓN | REPORTAJE,La Saga,2026-04-15T04:30:14Z,2026-05-04 06:12:36
X10HeiB_b3g,UgyFAvoNHCrS5NRWRc14AaABAg,@ErnestoIribe-p6s,Y todavia lo niega la presidente con A dee muujer. Que cinismo.,2026-04-15T06:33:23Z,24,gobierno de Tampico,CASINOS: RAPEROS Y ABOGADOS DE LA NARCO-TRANSFORMACIÓN | REPORTAJE,La Saga,2026-04-15T04:30:14Z,2026-05-04 06:12:36
X10HeiB_b3g,Ugz9vQ5FbK2qHbRlCwt4AaABAg,@donovanyates3242,"SI YA TIENE TRUMP TODAS LAS PRUEBAS COMO CON MADURO, QUÉ ESTÁ ESPERANDO PARA LLEVARSE A CLAUDIA Y A AMLO ?? 🇺🇸",2026-04-15T06:22:12Z,2,gobierno de Tampico,CASINOS: RAPEROS Y ABOGADOS DE LA NARCO-TRANSFORMACIÓN | REPORTAJE,La Saga,2026-04-15T04:30:14Z,2026-05-04 06:12:36
X10HeiB_b3g,Ugywo_2OBJr7rg0gJax4AaABAg,@NARANJA3712,4T Y MORENA...<br>POBREZA<br>MENTIRAS<br>IMPUNIDAD<br>CORRUPCION<br>DESTRUCCION<br>DELINCUENCIA<br>SIN PRINCIPIOS,2026-04-15T06:22:07Z,3,gobierno de Tampico,CASINOS: RAPEROS Y ABOGADOS DE LA NARCO-TRANSFORMACIÓN | REPORTAJE,La Saga,2026-04-15T04:30:14Z,2026-05-04 06:12:36
X10HeiB_b3g,UgygOjVK4VSqZ8b3IdB4AaABAg,@Myp2014,"La señora no recibe a las madres buscadoras pero se pavonea con el crimen organizado, como su mesías macuspano con la madre del Chapo, y hasta le dan la palabra con todo y premio en el senado. <a href=""http://www.youtube.com/results?search_query=%23fueranarcomorena"">#fueranarcomorena</a>",2026-04-15T06:19:05Z,105,gobierno de Tampico,CASINOS: RAPEROS Y ABOGADOS DE LA NARCO-TRANSFORMACIÓN | REPORTAJE,La Saga,2026-04-15T04:30:14Z,2026-05-04 06:12:36
X10HeiB_b3g,UgwbKi4ge-Jmz1D9rj54AaABAg,@rociopedraja1179,Ya están despertando ?,2026-04-15T06:18:26Z,0,gobierno de Tampico,CASINOS: RAPEROS Y ABOGADOS DE LA NARCO-TRANSFORMACIÓN | REPORTAJE,La Saga,2026-04-15T04:30:14Z,2026-05-04 06:12:36
X10HeiB_b3g,UgweOo7hdsqWHa7IqTp4AaABAg,@VirginiaGuevaraTorres-zr1xl,Se sentían intocables  pero llego Trump  gracias Trump,2026-04-15T06:18:12Z,1,gobierno de Tampico,CASINOS: RAPEROS Y ABOGADOS DE LA NARCO-TRANSFORMACIÓN | REPORTAJE,La Saga,2026-04-15T04:30:14Z,2026-05-04 06:12:36
X10HeiB_b3g,Ugx0N9fWjxtYBssD_zl4AaABAg,@gerardorangel5524,"Pero lo premian en el senado, así está dentro del gobierno",2026-04-15T06:12:37Z,31,gobierno de Tampico,CASINOS: RAPEROS Y ABOGADOS DE LA NARCO-TRANSFORMACIÓN | REPORTAJE,La Saga,2026-04-15T04:30:14Z,2026-05-04 06:12:36
X10HeiB_b3g,Ugx3QQXp2m4KsgBAKVF4AaABAg,@VioletaAngulo-w7c,Mm mas malandros y más  malandros y sin vergüenza .<br>De cuello blanco.,2026-04-15T06:08:25Z,3,gobierno de Tampico,CASINOS: RAPEROS Y ABOGADOS DE LA NARCO-TRANSFORMACIÓN | REPORTAJE,La Saga,2026-04-15T04:30:14Z,2026-05-04 06:12:36
X10HeiB_b3g,UgyybpGH89TkmcFVfMF4AaABAg,@userfiero-d3e,USA sabe en que andan y con quien andan los politicosde mexico .,2026-04-15T06:07:15Z,6,gobierno de Tampico,CASINOS: RAPEROS Y ABOGADOS DE LA NARCO-TRANSFORMACIÓN | REPORTAJE,La Saga,2026-04-15T04:30:14Z,2026-05-04 06:12:36
X10HeiB_b3g,Ugzg743DOvj4cteBcwJ4AaABAg,@VioletaAngulo-w7c,UTA hasta premio le dieron .<br>Nompues así como.<br>Ya valió México.,2026-04-15T06:07:01Z,26,gobierno de Tampico,CASINOS: RAPEROS Y ABOGADOS DE LA NARCO-TRANSFORMACIÓN | REPORTAJE,La Saga,2026-04-15T04:30:14Z,2026-05-04 06:12:36
X10HeiB_b3g,Ugww8OuE_MeXebAe8LN4AaABAg,@VioletaAngulo-w7c,De mal en peor.,2026-04-15T06:06:03Z,9,gobierno de Tampico,CASINOS: RAPEROS Y ABOGADOS DE LA NARCO-TRANSFORMACIÓN | REPORTAJE,La Saga,2026-04-15T04:30:14Z,2026-05-04 06:12:36
X10HeiB_b3g,UgwFY-tl_XwNKgbGbaV4AaABAg,@temolestas6700,Esto se va a poner bueno señores 😂,2026-04-15T06:05:25Z,8,gobierno de Tampico,CASINOS: RAPEROS Y ABOGADOS DE LA NARCO-TRANSFORMACIÓN | REPORTAJE,La Saga,2026-04-15T04:30:14Z,2026-05-04 06:12:36
X10HeiB_b3g,UgyYuoT8Npqz3bIOfhV4AaABAg,@mbhmex,Una imagen dice mas que mil palabras,2026-04-15T06:04:14Z,27,gobierno de Tampico,CASINOS: RAPEROS Y ABOGADOS DE LA NARCO-TRANSFORMACIÓN | REPORTAJE,La Saga,2026-04-15T04:30:14Z,2026-05-04 06:12:36
X10HeiB_b3g,UgzPpK6qvYRc7tqP2994AaABAg,@CarlosVazquez-rs2oz,Nadie inteligente te cree Shitbaum,2026-04-15T06:04:07Z,18,gobierno de Tampico,CASINOS: RAPEROS Y ABOGADOS DE LA NARCO-TRANSFORMACIÓN | REPORTAJE,La Saga,2026-04-15T04:30:14Z,2026-05-04 06:12:36
X10HeiB_b3g,UgwbALxMndW6tJXAs194AaABAg,@conejoblanco949,No esta foto ya la habían sacado?,2026-04-15T06:01:13Z,0,gobierno de Tampico,CASINOS: RAPEROS Y ABOGADOS DE LA NARCO-TRANSFORMACIÓN | REPORTAJE,La Saga,2026-04-15T04:30:14Z,2026-05-04 06:12:36
X10HeiB_b3g,UgwHyAsHoNZszcnoEP54AaABAg,@fernandadiostbendiga2519,SI TE VIENEN A CONTAR..COSITAS MALAS DE MI.... MANDA A TODOS A VOLAR🎶🎷🎶🎸🎹Y DILES QUE YO NO FUI ...🎶🎹🎸🎷🎶🎶🤣🤣,2026-04-15T05:51:57Z,0,gobierno de Tampico,CASINOS: RAPEROS Y ABOGADOS DE LA NARCO-TRANSFORMACIÓN | REPORTAJE,La Saga,2026-04-15T04:30:14Z,2026-05-04 06:12:36
X10HeiB_b3g,UgxjbxIIR7-ob0AP7q14AaABAg,@MariaGonzalez-uf1dr,"Qué cosas estamos viendo, siempre pensamos que ya es lo último y cada vez nos sorprenden estos morenistas<br>Dando reconocimiento a los criminales y a las madres buscadoras poco les falta para apedrearlas y encarcelarlas….😢",2026-04-15T05:51:09Z,0,gobierno de Tampico,CASINOS: RAPEROS Y ABOGADOS DE LA NARCO-TRANSFORMACIÓN | REPORTAJE,La Saga,2026-04-15T04:30:14Z,2026-05-04 06:12:36
X10HeiB_b3g,Ugys-Vk-pq-lqmyxEf54AaABAg,@newcruiser,...y la musica toda tenebrosa y tendenciosa para manipular a los ingenuos.,2026-04-15T05:50:34Z,0,gobierno de Tampico,CASINOS: RAPEROS Y ABOGADOS DE LA NARCO-TRANSFORMACIÓN | REPORTAJE,La Saga,2026-04-15T04:30:14Z,2026-05-04 06:12:36
X10HeiB_b3g,UgwNB08QpAtjF7zR43p4AaABAg,@LuisRuiz-j6y,"La narcochacha del malestar, yo no lo conozco 😂",2026-04-15T05:50:01Z,31,gobierno de Tampico,CASINOS: RAPEROS Y ABOGADOS DE LA NARCO-TRANSFORMACIÓN | REPORTAJE,La Saga,2026-04-15T04:30:14Z,2026-05-04 06:12:36
X10HeiB_b3g,Ugy5IGKqyPfBpArOMBt4AaABAg,@giselasanchez8938,Qué pena,2026-04-15T05:47:56Z,1,gobierno de Tampico,CASINOS: RAPEROS Y ABOGADOS DE LA NARCO-TRANSFORMACIÓN | REPORTAJE,La Saga,2026-04-15T04:30:14Z,2026-05-04 06:12:36
X10HeiB_b3g,UgyH5wyiP3w50BeP-dB4AaABAg,@noemartinez6797,Fuera Morena ‼️,2026-04-15T05:45:41Z,2,gobierno de Tampico,CASINOS: RAPEROS Y ABOGADOS DE LA NARCO-TRANSFORMACIÓN | REPORTAJE,La Saga,2026-04-15T04:30:14Z,2026-05-04 06:12:36
X10HeiB_b3g,UgzTwVKx9ypyiTvH0LV4AaABAg,@fernandadiostbendiga2519,🤢🤢🤮🤮🤮,2026-04-15T05:45:24Z,0,gobierno de Tampico,CASINOS: RAPEROS Y ABOGADOS DE LA NARCO-TRANSFORMACIÓN | REPORTAJE,La Saga,2026-04-15T04:30:14Z,2026-05-04 06:12:36
X10HeiB_b3g,UgzRE7GX30LKvB-TvsJ4AaABAg,@jeimerluna1630,Cuando uno se ve en la foto fácilmente sabe en donde se la tomo es volverla a vivir jaja,2026-04-15T05:45:08Z,1,gobierno de Tampico,CASINOS: RAPEROS Y ABOGADOS DE LA NARCO-TRANSFORMACIÓN | REPORTAJE,La Saga,2026-04-15T04:30:14Z,2026-05-04 06:12:36
X10HeiB_b3g,UgzeBXBP3tuFRTVW89N4AaABAg,@MrAutoptic,Asco da este gobierno,2026-04-15T05:41:04Z,27,gobierno de Tampico,CASINOS: RAPEROS Y ABOGADOS DE LA NARCO-TRANSFORMACIÓN | REPORTAJE,La Saga,2026-04-15T04:30:14Z,2026-05-04 06:12:36
X10HeiB_b3g,UgywAj2XQq6-gvTOtYl4AaABAg,@samanthalove777,"Pasando de los abrazos , a los apapachos ..<br>Premios y fotos con la señora de palacio , y luego se enojan cuando hasta en el extranjero se califica a el gobierno de morena como un de NARCOGOBIERNO .",2026-04-15T05:40:03Z,9,gobierno de Tampico,CASINOS: RAPEROS Y ABOGADOS DE LA NARCO-TRANSFORMACIÓN | REPORTAJE,La Saga,2026-04-15T04:30:14Z,2026-05-04 06:12:36
X10HeiB_b3g,UgxGD7wDuxKR46bKZNx4AaABAg,@MariaFernandaMora-e9x,Por ahí avisenle a la lagartija 🦎 que ya vimos sus amistades...,2026-04-15T05:38:23Z,0,gobierno de Tampico,CASINOS: RAPEROS Y ABOGADOS DE LA NARCO-TRANSFORMACIÓN | REPORTAJE,La Saga,2026-04-15T04:30:14Z,2026-05-04 06:12:36
X10HeiB_b3g,UgxqQBhM1Uo1R0UbH354AaABAg,@PatriciaR.E.-no9li,El Narcogobierno y delincuencia organizada son lo mismo,2026-04-15T05:36:42Z,16,gobierno de Tampico,CASINOS: RAPEROS Y ABOGADOS DE LA NARCO-TRANSFORMACIÓN | REPORTAJE,La Saga,2026-04-15T04:30:14Z,2026-05-04 06:12:36
X10HeiB_b3g,UgzD9Q-BivPsrm4_FC94AaABAg,@Tirso-j1l,"ESTO SE LLAMA GOLPE BLANDO O GUERRA ASIMÉTRICA DEL IMPERIO A LOS PAISES QUE NO LE BESAN EL K LO , O HABER DÍGANME ADONDE QUEDO EL CARTEL DE LOS SOLES , CREAN LA NARRATIVA CON LA AYUDA DE SUS PERIODISTAS SERVILES QUE SE VENDEN POR DINERO",2026-04-15T05:36:03Z,1,gobierno de Tampico,CASINOS: RAPEROS Y ABOGADOS DE LA NARCO-TRANSFORMACIÓN | REPORTAJE,La Saga,2026-04-15T04:30:14Z,2026-05-04 06:12:36
X10HeiB_b3g,Ugyldq5VJlgoFpq3Em14AaABAg,@erikaruiz6878,"Con razón,  y bien de acuerdo le quitaron la vida tan valiosa al &quot; licenciado Manzo&quot;, un hombre bueno y honesto....sabían que el IVA llegar para gobernador y después para presidente.",2026-04-15T05:35:55Z,1,gobierno de Tampico,CASINOS: RAPEROS Y ABOGADOS DE LA NARCO-TRANSFORMACIÓN | REPORTAJE,La Saga,2026-04-15T04:30:14Z,2026-05-04 06:12:36
X10HeiB_b3g,UgyR2DJCs8asdeB-i2h4AaABAg,@IgnacioVaca-nw5ru,"Cuando le conviene a Sor Claudia,  sabe santo y seña de lo q le preguntan. X eso no pasa de Ama de  🔑 🔑  del Palacio Nal 🤔",2026-04-15T05:34:41Z,0,gobierno de Tampico,CASINOS: RAPEROS Y ABOGADOS DE LA NARCO-TRANSFORMACIÓN | REPORTAJE,La Saga,2026-04-15T04:30:14Z,2026-05-04 06:12:36
X10HeiB_b3g,UgxHgFrJlWoM8nm-GYB4AaABAg,@erikaruiz6878,Que triztesa por eso está el país como está de lo peor un gobierno mafioso lo peor.,2026-04-15T05:34:25Z,11,gobierno de Tampico,CASINOS: RAPEROS Y ABOGADOS DE LA NARCO-TRANSFORMACIÓN | REPORTAJE,La Saga,2026-04-15T04:30:14Z,2026-05-04 06:12:36
X10HeiB_b3g,Ugxx6R58cyx4h5GnDRR4AaABAg,@silvanoguerrerorodriguez2755,Que asco de narcogobierno corruptos narcomorenistas,2026-04-15T05:33:43Z,124,gobierno de Tampico,CASINOS: RAPEROS Y ABOGADOS DE LA NARCO-TRANSFORMACIÓN | REPORTAJE,La Saga,2026-04-15T04:30:14Z,2026-05-04 06:12:36
X10HeiB_b3g,UgyX-NbuI0jMOK-3smV4AaABAg,@JHP1963,"Van a caer estos delincuentes disfrazados de políticos, FUERA LOS <a href=""http://www.youtube.com/results?search_query=%23morenarcos"">#MoreNarcos</a>!!!!!",2026-04-15T05:31:58Z,160,gobierno de Tampico,CASINOS: RAPEROS Y ABOGADOS DE LA NARCO-TRANSFORMACIÓN | REPORTAJE,La Saga,2026-04-15T04:30:14Z,2026-05-04 06:12:36
X10HeiB_b3g,Ugy-H9nCqHQsfdccnfp4AaABAg,@marcezamgut,😮 y lo premiaron en el senado 🤦🏻‍♀️,2026-04-15T05:29:38Z,63,gobierno de Tampico,CASINOS: RAPEROS Y ABOGADOS DE LA NARCO-TRANSFORMACIÓN | REPORTAJE,La Saga,2026-04-15T04:30:14Z,2026-05-04 06:12:36
X10HeiB_b3g,UgynFOgSSanC6tlC1nZ4AaABAg,@graceamarillas,ESE fulano tiene toda la cara y la finta de Delincuente. que barbaro  cada vez Morena mas manchado con criminales y envuelta en cosas turbias. YA HAY QUE SACAR A ESTOS MALDITOS DE MORENA,2026-04-15T05:29:24Z,27,gobierno de Tampico,CASINOS: RAPEROS Y ABOGADOS DE LA NARCO-TRANSFORMACIÓN | REPORTAJE,La Saga,2026-04-15T04:30:14Z,2026-05-04 06:12:36
X10HeiB_b3g,UgzFtPKHCzJjrMqFTdh4AaABAg,@TomWarrior-f1c,"Entre pillos y delincuentes se vean, han transformado a México en todo lo contrario que las personas le pedían a amlo en 2018.",2026-04-15T05:28:04Z,27,gobierno de Tampico,CASINOS: RAPEROS Y ABOGADOS DE LA NARCO-TRANSFORMACIÓN | REPORTAJE,La Saga,2026-04-15T04:30:14Z,2026-05-04 06:12:36
X10HeiB_b3g,Ugzf6ok5JnLoyWBa1Pl4AaABAg,@marcezamgut,La pregunta aquí es ¿Quién los acerca a ella? ¿Por qué están tan cerca de los políticos?,2026-04-15T05:27:48Z,45,gobierno de Tampico,CASINOS: RAPEROS Y ABOGADOS DE LA NARCO-TRANSFORMACIÓN | REPORTAJE,La Saga,2026-04-15T04:30:14Z,2026-05-04 06:12:36
X10HeiB_b3g,UgyrL_AvlIJPb63SibV4AaABAg,@josehumbertocabada9959,Gracias 👍   Sr. Donald Trumph la esperanza de Mexico contra la peste de narcogobierno y carteles.  Los mexicanos de bien que hemos padecido la horrible criminalidad se lo agradecemos,2026-04-15T05:24:08Z,8,gobierno de Tampico,CASINOS: RAPEROS Y ABOGADOS DE LA NARCO-TRANSFORMACIÓN | REPORTAJE,La Saga,2026-04-15T04:30:14Z,2026-05-04 06:12:36
X10HeiB_b3g,UgwSv4pyY1Ok8JW45gZ4AaABAg,@patthlizciasolis1607,Todos contra el cártel narcomorena de la 4ta 💩 deformada!!!!!👊🏼🤬🤬🤬🤬🤬🤬🤬🤬🤬🤬🤬🤬👎🏻,2026-04-15T05:21:14Z,1,gobierno de Tampico,CASINOS: RAPEROS Y ABOGADOS DE LA NARCO-TRANSFORMACIÓN | REPORTAJE,La Saga,2026-04-15T04:30:14Z,2026-05-04 06:12:36
X10HeiB_b3g,UgwPllrkWOOagRRZLQt4AaABAg,@teresaestrada2990,"Estos mafiosos que nos gobiernan no están aliados al crimen organizado, ellos son el crimen organizado",2026-04-15T05:19:27Z,165,gobierno de Tampico,CASINOS: RAPEROS Y ABOGADOS DE LA NARCO-TRANSFORMACIÓN | REPORTAJE,La Saga,2026-04-15T04:30:14Z,2026-05-04 06:12:36
X10HeiB_b3g,Ugy9o4liGdT7SVWou7Z4AaABAg,@yolandajimenez1972,Si esto es cierto .ES EL COLMO. 😡😡😡😡😡😡😡😡😡😡,2026-04-15T05:18:54Z,10,gobierno de Tampico,CASINOS: RAPEROS Y ABOGADOS DE LA NARCO-TRANSFORMACIÓN | REPORTAJE,La Saga,2026-04-15T04:30:14Z,2026-05-04 06:12:36
X10HeiB_b3g,UgyENf-m2sC8j6dJaRh4AaABAg,@reynamiranda7346,Sopas,2026-04-15T05:15:30Z,2,gobierno de Tampico,CASINOS: RAPEROS Y ABOGADOS DE LA NARCO-TRANSFORMACIÓN | REPORTAJE,La Saga,2026-04-15T04:30:14Z,2026-05-04 06:12:36
X10HeiB_b3g,UgwLh7pcUE7KqhNxoBB4AaABAg,@angellopez691,Presirviente de Obrador: &quot;Cabeza fria&quot;  xD,2026-04-15T05:08:43Z,34,gobierno de Tampico,CASINOS: RAPEROS Y ABOGADOS DE LA NARCO-TRANSFORMACIÓN | REPORTAJE,La Saga,2026-04-15T04:30:14Z,2026-05-04 06:12:36
X10HeiB_b3g,UgybzuxoTm4PipGfs6B4AaABAg,@DanielMacias-i6q,No le dabas el culo a mancera adelante micha,2026-04-15T04:52:50Z,0,gobierno de Tampico,CASINOS: RAPEROS Y ABOGADOS DE LA NARCO-TRANSFORMACIÓN | REPORTAJE,La Saga,2026-04-15T04:30:14Z,2026-05-04 06:12:36
X10HeiB_b3g,UgwwuqVR6JEgwn9zS8Z4AaABAg,@AllanPsls,"A esos no les van a congelar la uif 😂😂😂 este gobierno es el peor gobierno que hemos tenido, haber cuando se darán cuenta mexicanos",2026-04-15T04:49:17Z,95,gobierno de Tampico,CASINOS: RAPEROS Y ABOGADOS DE LA NARCO-TRANSFORMACIÓN | REPORTAJE,La Saga,2026-04-15T04:30:14Z,2026-05-04 06:12:36
p8-deuF414I,UgxdloWSaea9BmvdKP14AaABAg,@JaquelineP-r1c,Hola buenas tardes T Jacqueline un sentido pésame para toda su familia para Sergio sierva de Monterrey pastor a sus hijos a su esposa un sentido pésame para toda la familia,2026-04-14T04:37:26Z,0,gobierno de Tampico,Luto en el norte: fallece Paco Silva | Noticias MTY primera emisión,Imagen Noticias,2026-04-13T12:55:26Z,2026-05-04 06:12:36
p8-deuF414I,Ugzodk4CWxu7mierXHd4AaABAg,@FelipeSanchez-wz3dx,al segundo 34..se escucha mucho chiken..y nada más...,2026-04-13T18:16:57Z,0,gobierno de Tampico,Luto en el norte: fallece Paco Silva | Noticias MTY primera emisión,Imagen Noticias,2026-04-13T12:55:26Z,2026-05-04 06:12:36
p8-deuF414I,UgwDscwBVT6DGhgEnsJ4AaABAg,@maricelacoronel5737,🕊️🕊️🕊️🕊️🕊️,2026-04-13T16:25:14Z,1,gobierno de Tampico,Luto en el norte: fallece Paco Silva | Noticias MTY primera emisión,Imagen Noticias,2026-04-13T12:55:26Z,2026-05-04 06:12:36
p8-deuF414I,UgwF4ZF9wqo0GfgbO6x4AaABAg,@LissMirel,No sirve su Audio 😮,2026-04-13T16:20:11Z,0,gobierno de Tampico,Luto en el norte: fallece Paco Silva | Noticias MTY primera emisión,Imagen Noticias,2026-04-13T12:55:26Z,2026-05-04 06:12:36
p8-deuF414I,Ugw5saSKFX_Pbj7QeNB4AaABAg,@Jdjxjjxhxh,la tropa Tolombiana???? che inutil ni dar una nota sabes ajjajajajajaaj,2026-04-13T15:35:33Z,0,gobierno de Tampico,Luto en el norte: fallece Paco Silva | Noticias MTY primera emisión,Imagen Noticias,2026-04-13T12:55:26Z,2026-05-04 06:12:36
p8-deuF414I,UgzH4jEas4wc1Mo-Sb14AaABAg,@erickaldama7724,Por qué todos sus videos tienen problemas con el audio ??,2026-04-13T14:52:19Z,2,gobierno de Tampico,Luto en el norte: fallece Paco Silva | Noticias MTY primera emisión,Imagen Noticias,2026-04-13T12:55:26Z,2026-05-04 06:12:36
1jYD-PPWLns,UgyKG4q8fBtxZpgQzF54AaABAg,@PitisPetuchis,Ramses vidente el #1💜💜💜💜🙌🙌👏👏,2026-04-20T21:48:56Z,0,gobierno de Tampico,TAMPICO 🔥 CALOR EXTREMO ¡CUIDADO! 😱,Ramses vidente,2026-04-17T19:08:46Z,2026-05-04 06:12:36
1jYD-PPWLns,UgxWVbCrmHrjcQH66uJ4AaABAg,@H.ttrejo,Lo mejor para ti 👍🏻❤👍🏻,2026-04-18T06:45:29Z,0,gobierno de Tampico,TAMPICO 🔥 CALOR EXTREMO ¡CUIDADO! 😱,Ramses vidente,2026-04-17T19:08:46Z,2026-05-04 06:12:36
1jYD-PPWLns,UgwPJtnwHPyhptCP4794AaABAg,@marizamc5937,💜💜💜💜💜💜💜💜💜💜💜💜💜💜💜💜💜💜💜💜💜,2026-04-17T22:53:50Z,0,gobierno de Tampico,TAMPICO 🔥 CALOR EXTREMO ¡CUIDADO! 😱,Ramses vidente,2026-04-17T19:08:46Z,2026-05-04 06:12:36
1jYD-PPWLns,UgyuXToT3P8MtPk0nEh4AaABAg,@rosariorodriguez-dj1kf,😮😮😮😮😮 Bendiciones Chamoy 💜💜💜💜💜💜,2026-04-17T22:18:09Z,0,gobierno de Tampico,TAMPICO 🔥 CALOR EXTREMO ¡CUIDADO! 😱,Ramses vidente,2026-04-17T19:08:46Z,2026-05-04 06:12:36
1jYD-PPWLns,UgwlFdor5C8fSI1xJiF4AaABAg,@yerensanchez6522,Hola Ramsés saludos desde Hidalgo NL familia chamoy presente 💜💜💜,2026-04-17T20:09:39Z,0,gobierno de Tampico,TAMPICO 🔥 CALOR EXTREMO ¡CUIDADO! 😱,Ramses vidente,2026-04-17T19:08:46Z,2026-05-04 06:12:36
1jYD-PPWLns,UgyQwglxzFBOPEvIA6x4AaABAg,@amorcontreras7390,💜 buenas tardes RAMSÉS gracias bendecido día saluditos 💜🙏💜🙏💜,2026-04-17T19:49:55Z,0,gobierno de Tampico,TAMPICO 🔥 CALOR EXTREMO ¡CUIDADO! 😱,Ramses vidente,2026-04-17T19:08:46Z,2026-05-04 06:12:36
1jYD-PPWLns,UgyYYahwiQGYB-VHOVJ4AaABAg,@MariaguadalupeGarciasotelo,BUENAS TARDES RAMSES EXCELENTE FIN DE SEMANA DIOS BENDIGA TU DIA TU CAMINO Y TU VIDA FAM CHAMOY PRESENTE CON RAMSES,2026-04-17T19:17:35Z,1,gobierno de Tampico,TAMPICO 🔥 CALOR EXTREMO ¡CUIDADO! 😱,Ramses vidente,2026-04-17T19:08:46Z,2026-05-04 06:12:36
Jc1pfMGJUEk,Ugyva2uQh3kW212H4WN4AaABAg,@elheraldodemexico,"💰⚖ Con estos decomisos millonarios, ¿crees que quitarle bienes al crimen organizado realmente ayuda a debilitarlo o se necesitan otras estrategias? 🤔",2026-04-14T20:23:56Z,6,gobierno de Tampico,¡El narco se queda sin recursos! Confiscan más de 4 mil millones al crimen organizado en México,El Heraldo de México,2026-04-14T02:55:16Z,2026-05-04 06:12:36
Jc1pfMGJUEk,Ugy7mnjlD5qefokLInh4AaABAg,@Bionicokura,"Que igual hagan con el gobierno , que los dejen solo con lo básico e indispensable , pk todo se lo roban o desvían en sus obras que no dejan nada , como el chaifa y el tren maya , puro desvío",2026-04-29T17:34:45Z,0,gobierno de Tampico,¡El narco se queda sin recursos! Confiscan más de 4 mil millones al crimen organizado en México,El Heraldo de México,2026-04-14T02:55:16Z,2026-05-04 06:12:36
Jc1pfMGJUEk,UgzHW9YABq1yo0lLV7h4AaABAg,@MsMariaCisneros,Como si los delincuentes son los socios más grandes de los políticos de todos los niveles..o más bien son sus jefes,2026-04-23T01:13:43Z,0,gobierno de Tampico,¡El narco se queda sin recursos! Confiscan más de 4 mil millones al crimen organizado en México,El Heraldo de México,2026-04-14T02:55:16Z,2026-05-04 06:12:36
Jc1pfMGJUEk,Ugzngj7qHksRr9g3N7V4AaABAg,@patriciavillanueva1358,Pasa de mano en mano lo que confiscaron.  Ya que todo se queda con los gobernantes. Asi que de nada sirve. Es lo mismo.,2026-04-19T18:51:34Z,0,gobierno de Tampico,¡El narco se queda sin recursos! Confiscan más de 4 mil millones al crimen organizado en México,El Heraldo de México,2026-04-14T02:55:16Z,2026-05-04 06:12:36
Jc1pfMGJUEk,UgyhgrihT2BT7PNu4l14AaABAg,@oscarbritos6351,VAMOS 4T 🎉🎉🎉,2026-04-19T14:28:30Z,0,gobierno de Tampico,¡El narco se queda sin recursos! Confiscan más de 4 mil millones al crimen organizado en México,El Heraldo de México,2026-04-14T02:55:16Z,2026-05-04 06:12:36
Jc1pfMGJUEk,Ugy8VMxvi68skAvvsSx4AaABAg,@jhonnyblossom3034,Se lo quedan los politicos,2026-04-18T22:16:51Z,1,gobierno de Tampico,¡El narco se queda sin recursos! Confiscan más de 4 mil millones al crimen organizado en México,El Heraldo de México,2026-04-14T02:55:16Z,2026-05-04 06:12:36
Jc1pfMGJUEk,UgwSSHx4pjqWx8kLG6h4AaABAg,@sergiocastillo476,DEBEN DE CONGELAR LAS CUENTAS Y JUNTAR LAS ADUANAS DE MEXICO Y EU PARA QUE NO ENTREN ARMAS PARA ESTOS CRIMINALES Y SE BENEFICIEN LOS POLITICOS MEXICANOS,2026-04-18T00:35:55Z,0,gobierno de Tampico,¡El narco se queda sin recursos! Confiscan más de 4 mil millones al crimen organizado en México,El Heraldo de México,2026-04-14T02:55:16Z,2026-05-04 06:12:36
Jc1pfMGJUEk,Ugw8UtRirQZCatfGJdN4AaABAg,@Ramsés-i5g,Será que cumplirán al 100% con esto?????,2026-04-18T00:08:51Z,0,gobierno de Tampico,¡El narco se queda sin recursos! Confiscan más de 4 mil millones al crimen organizado en México,El Heraldo de México,2026-04-14T02:55:16Z,2026-05-04 06:12:36
Jc1pfMGJUEk,Ugy1t-Lkp_o0KDr6MfB4AaABAg,@adolfo.izzaguirre,"El Gobierno se lo quita a los Narcos; pero se lo quedan ellos. No es justicia y el país no se benficia, sólo cambia de dueños el dinero. De DELINCUENTE a DELINCUENTE. 🤝",2026-04-17T20:09:25Z,0,gobierno de Tampico,¡El narco se queda sin recursos! Confiscan más de 4 mil millones al crimen organizado en México,El Heraldo de México,2026-04-14T02:55:16Z,2026-05-04 06:12:36
Jc1pfMGJUEk,UgwLMjRz9uVMEwU_cNJ4AaABAg,@BrunoDias-i3p,Eso dice pero cuántas personas inocentes habrán perdido su casa,2026-04-17T18:49:31Z,0,gobierno de Tampico,¡El narco se queda sin recursos! Confiscan más de 4 mil millones al crimen organizado en México,El Heraldo de México,2026-04-14T02:55:16Z,2026-05-04 06:12:36
Jc1pfMGJUEk,Ugx9Qb8IHUBUQh_8dQ94AaABAg,@Josesito980,¿Y qué le hacen a todo ese dinero?,2026-04-17T17:26:33Z,0,gobierno de Tampico,¡El narco se queda sin recursos! Confiscan más de 4 mil millones al crimen organizado en México,El Heraldo de México,2026-04-14T02:55:16Z,2026-05-04 06:12:36
Jc1pfMGJUEk,Ugz8c_A9hQIvnLxQWk54AaABAg,@rafaelcamilo2197,Esta al mal el gobierno el honors ataca y ellos se van contra el pueblo lo mejor es matarlos matarlos,2026-04-17T13:07:00Z,0,gobierno de Tampico,¡El narco se queda sin recursos! Confiscan más de 4 mil millones al crimen organizado en México,El Heraldo de México,2026-04-14T02:55:16Z,2026-05-04 06:12:36
Jc1pfMGJUEk,UgxP6zTyKroo2nunZkR4AaABAg,@eduardovillalon7496,O sea que morena se queda sin patrimonio o cómo? 🤔,2026-04-17T12:25:49Z,0,gobierno de Tampico,¡El narco se queda sin recursos! Confiscan más de 4 mil millones al crimen organizado en México,El Heraldo de México,2026-04-14T02:55:16Z,2026-05-04 06:12:36
Jc1pfMGJUEk,UgzjkxlSAQaF8Q8Jv3B4AaABAg,@javier1960100,SIGUE RICARDO SALINAS PLIEGO Y ALITO MORENO Y MEKO CORTEZ,2026-04-17T08:15:43Z,0,gobierno de Tampico,¡El narco se queda sin recursos! Confiscan más de 4 mil millones al crimen organizado en México,El Heraldo de México,2026-04-14T02:55:16Z,2026-05-04 06:12:36
Jc1pfMGJUEk,Ugy8IW9m0nxBM63rLyd4AaABAg,@paisa55979,Menos mal que ya no esta en la suprema corte la corrupta narcoprianista  NORMA PIÑA  si no? Ya le hubiera Regresado el Dinero a sus cuates los criminales,2026-04-17T05:13:09Z,1,gobierno de Tampico,¡El narco se queda sin recursos! Confiscan más de 4 mil millones al crimen organizado en México,El Heraldo de México,2026-04-14T02:55:16Z,2026-05-04 06:12:36
Jc1pfMGJUEk,UgygBhJh8nEpGA9T_Nh4AaABAg,@luis-e3u5c,Jajajaja,2026-04-17T04:17:58Z,0,gobierno de Tampico,¡El narco se queda sin recursos! Confiscan más de 4 mil millones al crimen organizado en México,El Heraldo de México,2026-04-14T02:55:16Z,2026-05-04 06:12:36
Jc1pfMGJUEk,UgyENk5_qwl-ww88u194AaABAg,@HectorDiaz-rx6wq,Solo cambia el nombre en la cuenta… nuevos millonarios.,2026-04-17T03:02:46Z,0,gobierno de Tampico,¡El narco se queda sin recursos! Confiscan más de 4 mil millones al crimen organizado en México,El Heraldo de México,2026-04-14T02:55:16Z,2026-05-04 06:12:36
Jc1pfMGJUEk,UgyKC3V9sCNYTM5cFWx4AaABAg,@blancalandazuri2128,Eso no lo creo!! Porqué? Por qué son socios!! 🤷‍♀️🤷‍♀️🤷‍♀️,2026-04-17T02:32:47Z,0,gobierno de Tampico,¡El narco se queda sin recursos! Confiscan más de 4 mil millones al crimen organizado en México,El Heraldo de México,2026-04-14T02:55:16Z,2026-05-04 06:12:36
Jc1pfMGJUEk,UgybiX6uzOMoFJlfwE54AaABAg,@PedroBetancourt-r6t1g,Ya tienen más dinero para los juniors de morena 😊,2026-04-17T02:17:41Z,0,gobierno de Tampico,¡El narco se queda sin recursos! Confiscan más de 4 mil millones al crimen organizado en México,El Heraldo de México,2026-04-14T02:55:16Z,2026-05-04 06:12:36
Jc1pfMGJUEk,UgyQjxwyMg7U3iJlUvZ4AaABAg,@adrianag7275,"Ahora si se estan poniendo a trabajar y NO COMO ANTES que ahí seguro estaban coludidos los Narco gobiernos del PRIAN y quue seguro estos inmuebles sin duda son todavía algunas propiedades de esos ladrones, PRIANISTAS.",2026-04-17T01:55:10Z,0,gobierno de Tampico,¡El narco se queda sin recursos! Confiscan más de 4 mil millones al crimen organizado en México,El Heraldo de México,2026-04-14T02:55:16Z,2026-05-04 06:12:36
Jc1pfMGJUEk,UgzSzEJbCBtwDkCbA9J4AaABAg,@kokeman3557,Inguen su m2dr3 lacras HDP,2026-04-17T01:00:18Z,0,gobierno de Tampico,¡El narco se queda sin recursos! Confiscan más de 4 mil millones al crimen organizado en México,El Heraldo de México,2026-04-14T02:55:16Z,2026-05-04 06:12:36
Jc1pfMGJUEk,Ugyuyqu670NMdfnGVFp4AaABAg,@heramamtz7913,": p .., la CI3A de E3U .., u.U lo que importa ES la mente de las personas que acepten las reglas y leyes que imponen otros que no saben que existen .., u.u pu3tos .., Atte., Dios el todo poderoso .., !!",2026-04-17T00:49:28Z,0,gobierno de Tampico,¡El narco se queda sin recursos! Confiscan más de 4 mil millones al crimen organizado en México,El Heraldo de México,2026-04-14T02:55:16Z,2026-05-04 06:12:36
Jc1pfMGJUEk,Ugyq08ccOvkChAhuy214AaABAg,@carlosalbertmartinez2555,Patan agusto A rentar cuarto,2026-04-16T23:59:43Z,0,gobierno de Tampico,¡El narco se queda sin recursos! Confiscan más de 4 mil millones al crimen organizado en México,El Heraldo de México,2026-04-14T02:55:16Z,2026-05-04 06:12:36
Jc1pfMGJUEk,Ugy4lBjVAeXNQU1H3ih4AaABAg,@glbaynes1464,Desde que empezaron con narcobloqueos y a pedir piso … se hecharon el pueblo encima,2026-04-16T23:46:51Z,2,gobierno de Tampico,¡El narco se queda sin recursos! Confiscan más de 4 mil millones al crimen organizado en México,El Heraldo de México,2026-04-14T02:55:16Z,2026-05-04 06:12:36
Jc1pfMGJUEk,UgznZVyc_DstD0ZR3JF4AaABAg,@PemexXD,"entre todos los carteles, es como quitarle un baso de agua a una alberca olímpica",2026-04-16T22:49:54Z,2,gobierno de Tampico,¡El narco se queda sin recursos! Confiscan más de 4 mil millones al crimen organizado en México,El Heraldo de México,2026-04-14T02:55:16Z,2026-05-04 06:12:36
Jc1pfMGJUEk,UgwyImIXpQTf5gSUym14AaABAg,@noelia1779,El crimen organizado nunca se queda sin dinero.<br>Ellos nos siguen cobrando cuota a los mexicanos. En un corto tiempo se recuperan.<br>El gobierno debe detenerlos.<br>Quitarles un dinero no sirve,2026-04-16T22:33:28Z,2,gobierno de Tampico,¡El narco se queda sin recursos! Confiscan más de 4 mil millones al crimen organizado en México,El Heraldo de México,2026-04-14T02:55:16Z,2026-05-04 06:12:36
Jc1pfMGJUEk,UgyVjZol6RsNti7nlgx4AaABAg,@karlosruiz3292,Dicen eso para tranquilizar a la gente? O sera verdad,2026-04-16T22:16:13Z,0,gobierno de Tampico,¡El narco se queda sin recursos! Confiscan más de 4 mil millones al crimen organizado en México,El Heraldo de México,2026-04-14T02:55:16Z,2026-05-04 06:12:36
Jc1pfMGJUEk,Ugwim60u8KNgHgzFhAt4AaABAg,@bashkim7430,"puta, pues no sé a quién prefiero que los tenga jaja",2026-04-16T21:57:35Z,0,gobierno de Tampico,¡El narco se queda sin recursos! Confiscan más de 4 mil millones al crimen organizado en México,El Heraldo de México,2026-04-14T02:55:16Z,2026-05-04 06:12:36
Jc1pfMGJUEk,UgzxE5B9lZ2kAppo93h4AaABAg,@escar8892,"Noooo les creo nada!. Donde queda todo ese dinero?. Quitado a particulares por extorsiones, secuestros y trabajo forzados.... o sea venga tu reino....corruptos corruptos. Tanro peca el que mata la.vaca como el que le detiene la.pata....la.fiscalia es otro ratero",2026-04-16T21:47:55Z,0,gobierno de Tampico,¡El narco se queda sin recursos! Confiscan más de 4 mil millones al crimen organizado en México,El Heraldo de México,2026-04-14T02:55:16Z,2026-05-04 06:12:36
Jc1pfMGJUEk,UgweOeAW9PtMJUHC3i54AaABAg,@gengen3994,Con el pan y pri eso nunca. Pasaba XK está coluidos con los M. P. Y FISCALIA <br><br>DEBEN ATACAR PRIMERO EL DINERO FINANCIEROS <br>2 LOS LABARATORIOS Y EMPRESAS DONDE LABAN DINERO <br><br>3 ARMAMENTO DE u.s.a. y china<br>2,2026-04-16T20:26:23Z,0,gobierno de Tampico,¡El narco se queda sin recursos! Confiscan más de 4 mil millones al crimen organizado en México,El Heraldo de México,2026-04-14T02:55:16Z,2026-05-04 06:12:36
Jc1pfMGJUEk,Ugw0n2DbBh2GT4NzJ1t4AaABAg,@AlbertaHernandez-h6i,"Bienvenida LA LEY Y EL ORDEN, VIVA COMANDANTA SUPREMA D LAS FUERZAS ARMADAS D MÉXICO ❤",2026-04-16T20:23:30Z,1,gobierno de Tampico,¡El narco se queda sin recursos! Confiscan más de 4 mil millones al crimen organizado en México,El Heraldo de México,2026-04-14T02:55:16Z,2026-05-04 06:12:36
Jc1pfMGJUEk,Ugw7KZesOC4YDJfGNQN4AaABAg,@Lioncoppola,Hay que poner ojo a los jueces y exibirlos si llagan a regresar el dinero a las lacras!!!,2026-04-16T19:42:24Z,2,gobierno de Tampico,¡El narco se queda sin recursos! Confiscan más de 4 mil millones al crimen organizado en México,El Heraldo de México,2026-04-14T02:55:16Z,2026-05-04 06:12:36
Jc1pfMGJUEk,Ugx5gqpJZk3IZkkb2Tp4AaABAg,@AideGuevara-x9v6k,"A toda madre, lo k no te da  quita lo.",2026-04-16T19:07:29Z,0,gobierno de Tampico,¡El narco se queda sin recursos! Confiscan más de 4 mil millones al crimen organizado en México,El Heraldo de México,2026-04-14T02:55:16Z,2026-05-04 06:12:36
Jc1pfMGJUEk,UgyQTe0Vkufs7zN2JDR4AaABAg,@JonhDmTaylor,Para cuándo los políticos 😂,2026-04-16T18:12:42Z,1,gobierno de Tampico,¡El narco se queda sin recursos! Confiscan más de 4 mil millones al crimen organizado en México,El Heraldo de México,2026-04-14T02:55:16Z,2026-05-04 06:12:36
Jc1pfMGJUEk,UgweU-zlMg0-o6vi5ep4AaABAg,@marcelavargasperez287,Esa es la unico que los puede detener❤,2026-04-16T17:49:07Z,0,gobierno de Tampico,¡El narco se queda sin recursos! Confiscan más de 4 mil millones al crimen organizado en México,El Heraldo de México,2026-04-14T02:55:16Z,2026-05-04 06:12:36
Jc1pfMGJUEk,UgyJTpj7Itmo2osYaAF4AaABAg,@thecutecorner2385,"Esto es lo que debieron haber hecho desde hace 15 años, Calderón, Peña y AMLO nunca fueron por el dinero, siempre agarraba la pequeños capos. El problema es el dinero",2026-04-16T17:48:13Z,0,gobierno de Tampico,¡El narco se queda sin recursos! Confiscan más de 4 mil millones al crimen organizado en México,El Heraldo de México,2026-04-14T02:55:16Z,2026-05-04 06:12:36
Jc1pfMGJUEk,UgxI31mYCgp0pXtQ-zp4AaABAg,@azucenacruzaldana6942,Lo malo es que se los queda el gobierno... ojalá se le diera al país,2026-04-16T17:07:47Z,2,gobierno de Tampico,¡El narco se queda sin recursos! Confiscan más de 4 mil millones al crimen organizado en México,El Heraldo de México,2026-04-14T02:55:16Z,2026-05-04 06:12:36
Jc1pfMGJUEk,UgzOhZL-XKJxwHQ0cJJ4AaABAg,@LogistikosInmobiliaria,Guadalajara está llena de casas con autos sin placas ahí van a encontrar mucho dinero.,2026-04-16T16:29:49Z,9,gobierno de Tampico,¡El narco se queda sin recursos! Confiscan más de 4 mil millones al crimen organizado en México,El Heraldo de México,2026-04-14T02:55:16Z,2026-05-04 06:12:36
Jc1pfMGJUEk,UgyjYIp6cJhncVLePpV4AaABAg,@CarmenMuñoz-i1l,Y a los políticos que tienen propiedades y grandes cuentas en el banco cuando???,2026-04-16T16:04:29Z,17,gobierno de Tampico,¡El narco se queda sin recursos! Confiscan más de 4 mil millones al crimen organizado en México,El Heraldo de México,2026-04-14T02:55:16Z,2026-05-04 06:12:36
Jc1pfMGJUEk,UgwCMMsWdE6pEaO_MN54AaABAg,@hecrg3284,"Ni el CO se salva de las garras ambiciosas de morena, verdad presidenta con A??? 😂😂😂 Se aplaudiera si solo fuera al CO, pero estos satrapas morenistas arrasan parejo hasta con el pueblo!!!",2026-04-16T14:34:59Z,0,gobierno de Tampico,¡El narco se queda sin recursos! Confiscan más de 4 mil millones al crimen organizado en México,El Heraldo de México,2026-04-14T02:55:16Z,2026-05-04 06:12:36
Jc1pfMGJUEk,UgwZ5HPloeQLrxEd0Fd4AaABAg,@Bluebellswirll,4 millones no es nada,2026-04-16T13:48:47Z,0,gobierno de Tampico,¡El narco se queda sin recursos! Confiscan más de 4 mil millones al crimen organizado en México,El Heraldo de México,2026-04-14T02:55:16Z,2026-05-04 06:12:36
Jc1pfMGJUEk,UgxLbzsrSjHrpEVFZ2B4AaABAg,@TheJimmy365,Exponer nombre y apellido de los jueces....y imagen...es  necesario...?????? ...disculpen me olvidaba es 🇲🇽mex....😅😅😅😅😅😅😅😅😅,2026-04-16T13:19:28Z,0,gobierno de Tampico,¡El narco se queda sin recursos! Confiscan más de 4 mil millones al crimen organizado en México,El Heraldo de México,2026-04-14T02:55:16Z,2026-05-04 06:12:36
Jc1pfMGJUEk,Ugyb-wW9IcPUJ2Tqh8h4AaABAg,@jorgepreciado6984,El narco recibe solo de EEUU unos $ 4 000 000 000.00 M.N. a la semana,2026-04-16T13:08:19Z,2,gobierno de Tampico,¡El narco se queda sin recursos! Confiscan más de 4 mil millones al crimen organizado en México,El Heraldo de México,2026-04-14T02:55:16Z,2026-05-04 06:12:36
Jc1pfMGJUEk,Ugwy3JPy37S2L5NepPZ4AaABAg,@cronoscronos4781,"Su unoca debilidad es quitarle las armas que les da los gobierno  del norte, para tener pretexto de invadir...<br><br>Las armas empoderan a los criminales...<br><br>El dinero ya es algo que ya no saben que hacer con el, solo ellos quieren armas, vicios, y trafico...<br><br>Mas que comprar algo los arrebatan...<br><br>Tienen tabto que ya no saben como lavarlo...",2026-04-16T13:07:27Z,0,gobierno de Tampico,¡El narco se queda sin recursos! Confiscan más de 4 mil millones al crimen organizado en México,El Heraldo de México,2026-04-14T02:55:16Z,2026-05-04 06:12:36
Jc1pfMGJUEk,UgwGTvxisJLDxhcP5A54AaABAg,@angeldelaluzsantiago993,y a los politicos corruptos no les decomisan nada o que pex,2026-04-16T12:49:30Z,6,gobierno de Tampico,¡El narco se queda sin recursos! Confiscan más de 4 mil millones al crimen organizado en México,El Heraldo de México,2026-04-14T02:55:16Z,2026-05-04 06:12:36
Jc1pfMGJUEk,UgwiAx0ob177fj-_zip4AaABAg,@eduardolomeli8824,El pueblo lo paga la maña cobra  más  extorsiones  e impuestos  están en total poder de todas las presidencias  municipales I estatales todo  mexico,2026-04-16T11:33:56Z,0,gobierno de Tampico,¡El narco se queda sin recursos! Confiscan más de 4 mil millones al crimen organizado en México,El Heraldo de México,2026-04-14T02:55:16Z,2026-05-04 06:12:36
Jc1pfMGJUEk,UgxSUyTCnxxAijWRZWV4AaABAg,@jesuszuniga-t9l,"Voy a ir a poner mi denuncia en FGR ,de banco del bajio antes banco Union(Carlos Cabal Peniche) haber si ahora si me quieren atender o me siguen atacando !<br>Pues historicamente los notarios 3n la colonia san Angel Trabajan para estos grupos criminales.<br>Son familiares de o conocidos de los Sanchez Cordero Davila.<br>Estos robos nos provocaron pobreza de forma generacional y en este 2026 los de la alcadia Alvaro Obregon y Morena querian seguir robando y ejecutar un fideicomiso .<br>Ese fideicomiso fue creado para ir liquidando la propiedad de mi abuela a sus vecinos que invadieron el predio .actualmente lo convirtieron en: kinder de paga <br>Kinder publico<br>Casa de particular ligada a  antiguo cartel (jalisco o sinaloa) casa de particular.<br><br>Zuñiga 2026",2026-04-16T10:10:43Z,6,gobierno de Tampico,¡El narco se queda sin recursos! Confiscan más de 4 mil millones al crimen organizado en México,El Heraldo de México,2026-04-14T02:55:16Z,2026-05-04 06:12:36
Jc1pfMGJUEk,UgzU4d9KzIsF3iCTWVJ4AaABAg,@RoberAlonso-u6b,Excelente con ese dinero pueden comprar medicinas  para el sector salud  o......<br>Será que los políticos se lo van a robar,2026-04-16T05:51:28Z,2,gobierno de Tampico,¡El narco se queda sin recursos! Confiscan más de 4 mil millones al crimen organizado en México,El Heraldo de México,2026-04-14T02:55:16Z,2026-05-04 06:12:36
Jc1pfMGJUEk,UgyeBgl01JUMVmhY0Wp4AaABAg,@EstebangGa,Se va poner peor el asunto Eso lo van a recuperar aumentando las extorciones,2026-04-16T02:59:09Z,0,gobierno de Tampico,¡El narco se queda sin recursos! Confiscan más de 4 mil millones al crimen organizado en México,El Heraldo de México,2026-04-14T02:55:16Z,2026-05-04 06:12:36
Jc1pfMGJUEk,UgzYkl_T9YxdFqOr-k94AaABAg,@JavierAvila-o2g,MÉXICO ES TIERRA D LOBOS NO DE OBEJAS PENDEJAS,2026-04-16T02:48:39Z,1,gobierno de Tampico,¡El narco se queda sin recursos! Confiscan más de 4 mil millones al crimen organizado en México,El Heraldo de México,2026-04-14T02:55:16Z,2026-05-04 06:12:36
Jc1pfMGJUEk,UgzVOcv2143CQPbFef94AaABAg,@JavierAvila-o2g,SI FUERA ORGANIZADA NO PERDERÍAN NADA NI LOS CAPTURAR IAN PERO NO ES ASÍ HASEN PENDEJADAS Y LOS PENDEJOS Y PENDEJAS NO DURAN,2026-04-16T02:47:40Z,1,gobierno de Tampico,¡El narco se queda sin recursos! Confiscan más de 4 mil millones al crimen organizado en México,El Heraldo de México,2026-04-14T02:55:16Z,2026-05-04 06:12:36
Jc1pfMGJUEk,UgxY99A17Q3gjnulY-54AaABAg,@JavierAvila-o2g,QUE NO ES CRIMEN ORGANIZADO ES CRIMEN DESORGANIZADO X QUE HASEN PURAS PENDEJADAS Y ESTA DESORGANIZADO X PURO PENDENOTEEE,2026-04-16T02:45:38Z,1,gobierno de Tampico,¡El narco se queda sin recursos! Confiscan más de 4 mil millones al crimen organizado en México,El Heraldo de México,2026-04-14T02:55:16Z,2026-05-04 06:12:36
Jc1pfMGJUEk,Ugx7tWXNds0F58fY9pV4AaABAg,@manuelherrera1828,Informen que van hacer con el dinero es más importante,2026-04-16T02:29:34Z,0,gobierno de Tampico,¡El narco se queda sin recursos! Confiscan más de 4 mil millones al crimen organizado en México,El Heraldo de México,2026-04-14T02:55:16Z,2026-05-04 06:12:36
Jc1pfMGJUEk,Ugw9TE6IRXN1gR1OKGp4AaABAg,@hugomarban364,Ese dinero lo vuelven a reponer o hasta duplicar se saben todo tipo de mañas para hacerlo.,2026-04-15T23:49:30Z,3,gobierno de Tampico,¡El narco se queda sin recursos! Confiscan más de 4 mil millones al crimen organizado en México,El Heraldo de México,2026-04-14T02:55:16Z,2026-05-04 06:12:36
Jc1pfMGJUEk,Ugydq2MK2txL8-TeoaN4AaABAg,@djleonyleon,pero esos bienes se los quitan a otra pobre gente,2026-04-15T22:41:50Z,3,gobierno de Tampico,¡El narco se queda sin recursos! Confiscan más de 4 mil millones al crimen organizado en México,El Heraldo de México,2026-04-14T02:55:16Z,2026-05-04 06:12:36
Jc1pfMGJUEk,Ugye8P42snzsCkwxbwd4AaABAg,@elclonazepam_7,"Los debilita, pero mientras disparos unidos siga lavando el dinero sucio de esas lacras es un ciclo sin fin",2026-04-15T22:31:59Z,0,gobierno de Tampico,¡El narco se queda sin recursos! Confiscan más de 4 mil millones al crimen organizado en México,El Heraldo de México,2026-04-14T02:55:16Z,2026-05-04 06:12:36
Jc1pfMGJUEk,Ugyag5Nh1oRDPqZAMzp4AaABAg,@ÁngelArmandoLópez,Los únicos enojados por este echó son los narcosprianistas y narcoschayoteros terroristas vende patria besa hvs anaranjados,2026-04-15T22:10:53Z,0,gobierno de Tampico,¡El narco se queda sin recursos! Confiscan más de 4 mil millones al crimen organizado en México,El Heraldo de México,2026-04-14T02:55:16Z,2026-05-04 06:12:36
Jc1pfMGJUEk,Ugy7fTbm4140SIyFRC94AaABAg,@GuillermoTorres-mz9vi,La 4T les está dando en la mad**,2026-04-15T21:23:20Z,0,gobierno de Tampico,¡El narco se queda sin recursos! Confiscan más de 4 mil millones al crimen organizado en México,El Heraldo de México,2026-04-14T02:55:16Z,2026-05-04 06:12:36
Jc1pfMGJUEk,UgwAEMMZ5s-Yh3T073N4AaABAg,@myrna1284,CUIDADO CON LOS OBRADOR!!!! NO VAYA A DESAPARECER LOS MILLONES CONFISCADOS,2026-04-15T19:15:13Z,1,gobierno de Tampico,¡El narco se queda sin recursos! Confiscan más de 4 mil millones al crimen organizado en México,El Heraldo de México,2026-04-14T02:55:16Z,2026-05-04 06:12:36
Jc1pfMGJUEk,Ugz2A7z4sim4_GweKoJ4AaABAg,@elisagutierrez9024,"❤❤❤❤❤❤❤❤❤❤  Eso es lo mejor que pudieron ,haber hacho mexicanos,  y tambien tienen que hacer leyes duras ,pena de muerte a quien secuestre a un individuo, pena de muerte a un narcotraficantes  y pena de muerte a narcoterroristas  , y pena de muerte a los políticos  corruptos,  y no vendan terrenos  ni casas  a los extranjeros  ni a los estadounidenses  , he dicho ❤❤❤❤",2026-04-15T19:01:09Z,6,gobierno de Tampico,¡El narco se queda sin recursos! Confiscan más de 4 mil millones al crimen organizado en México,El Heraldo de México,2026-04-14T02:55:16Z,2026-05-04 06:12:36
Jc1pfMGJUEk,UgyUOr4EnYKqBcriNvB4AaABAg,@aronarellano6394,"Ahora entiendo x q lloraba, gritaba pataleaba el narco alito, hijo dl prian, le iban ha congelar su narcolana$$$$$$.......",2026-04-15T18:32:35Z,0,gobierno de Tampico,¡El narco se queda sin recursos! Confiscan más de 4 mil millones al crimen organizado en México,El Heraldo de México,2026-04-14T02:55:16Z,2026-05-04 06:12:36
Jc1pfMGJUEk,Ugy4Dnj4yGi-EHOwogZ4AaABAg,@josealvaradosilva4084,Y los políticos también entran en el juego,2026-04-15T17:49:25Z,31,gobierno de Tampico,¡El narco se queda sin recursos! Confiscan más de 4 mil millones al crimen organizado en México,El Heraldo de México,2026-04-14T02:55:16Z,2026-05-04 06:12:36
Jc1pfMGJUEk,UgwmAODo94_UH8rDmi54AaABAg,@miguelramos-z7w,V=V=0.,2026-04-15T17:05:13Z,0,gobierno de Tampico,¡El narco se queda sin recursos! Confiscan más de 4 mil millones al crimen organizado en México,El Heraldo de México,2026-04-14T02:55:16Z,2026-05-04 06:12:36
Jc1pfMGJUEk,UgzH3i3ky7QASOGOROB4AaABAg,@miguelramos-z7w,El crimen organizado es el mismo gobierno.,2026-04-15T17:04:34Z,18,gobierno de Tampico,¡El narco se queda sin recursos! Confiscan más de 4 mil millones al crimen organizado en México,El Heraldo de México,2026-04-14T02:55:16Z,2026-05-04 06:12:36
Jc1pfMGJUEk,Ugxg1slt2GRJvCABryJ4AaABAg,@gabrielaballesteros-m2m,Cualquier huachicolero tiene 4 mil millones...,2026-04-15T16:06:42Z,5,gobierno de Tampico,¡El narco se queda sin recursos! Confiscan más de 4 mil millones al crimen organizado en México,El Heraldo de México,2026-04-14T02:55:16Z,2026-05-04 06:12:36
Jc1pfMGJUEk,Ugz6yNguZGfN3V4YVi14AaABAg,@nochistlense1983,🎉🎉🎉🎉 exelente gracias a Dios,2026-04-15T15:57:24Z,0,gobierno de Tampico,¡El narco se queda sin recursos! Confiscan más de 4 mil millones al crimen organizado en México,El Heraldo de México,2026-04-14T02:55:16Z,2026-05-04 06:12:36
Jc1pfMGJUEk,UgwlIBw-WBSVNppNYG54AaABAg,@453erd,tambien los de los polititcos que no esten en su decalracion patrimonial,2026-04-15T15:41:09Z,0,gobierno de Tampico,¡El narco se queda sin recursos! Confiscan más de 4 mil millones al crimen organizado en México,El Heraldo de México,2026-04-14T02:55:16Z,2026-05-04 06:12:36
Jc1pfMGJUEk,Ugz2iL5-fQGtA_ECy-F4AaABAg,@453erd,y que pasa con esos bienes? quien se queda ese dinero?,2026-04-15T15:37:57Z,10,gobierno de Tampico,¡El narco se queda sin recursos! Confiscan más de 4 mil millones al crimen organizado en México,El Heraldo de México,2026-04-14T02:55:16Z,2026-05-04 06:12:36
Jc1pfMGJUEk,Ugxant5IBV-wMqY6NmR4AaABAg,@miguela.cuevas6629,Esto es gracias a Trump no se confundan,2026-04-15T15:19:00Z,2,gobierno de Tampico,¡El narco se queda sin recursos! Confiscan más de 4 mil millones al crimen organizado en México,El Heraldo de México,2026-04-14T02:55:16Z,2026-05-04 06:12:36
Jc1pfMGJUEk,UgxkMUD54R5EfKNkJNl4AaABAg,@RobertValenciaPIrob,Ese dinero a mis bolsillos no vuelve al menos que meta mas tiempo extra en .mi trabajo,2026-04-15T14:33:55Z,2,gobierno de Tampico,¡El narco se queda sin recursos! Confiscan más de 4 mil millones al crimen organizado en México,El Heraldo de México,2026-04-14T02:55:16Z,2026-05-04 06:12:36
Jc1pfMGJUEk,UgysBLYhW_SIQOIlkMp4AaABAg,@brisaprimavera,Y todo eso a dónde va?? Seguro a otros corruptos.,2026-04-15T14:08:26Z,11,gobierno de Tampico,¡El narco se queda sin recursos! Confiscan más de 4 mil millones al crimen organizado en México,El Heraldo de México,2026-04-14T02:55:16Z,2026-05-04 06:12:36
Jc1pfMGJUEk,Ugwb5v49nXaK8gVbhf94AaABAg,@tomkubin8870,Muy poco éxito este cantidad de vivenda   ilícitos tenemos en la ciudad de Mérida Yucatán en una cuadra,2026-04-15T13:48:23Z,3,gobierno de Tampico,¡El narco se queda sin recursos! Confiscan más de 4 mil millones al crimen organizado en México,El Heraldo de México,2026-04-14T02:55:16Z,2026-05-04 06:12:36
Jc1pfMGJUEk,UgxmzeVI6hs0Ixvs1y94AaABAg,@signalcx11,Ahora pasa a manos de Morena !,2026-04-15T12:55:27Z,1,gobierno de Tampico,¡El narco se queda sin recursos! Confiscan más de 4 mil millones al crimen organizado en México,El Heraldo de México,2026-04-14T02:55:16Z,2026-05-04 06:12:36
Jc1pfMGJUEk,UgwbAbe7Z97yS96Ajtp4AaABAg,@AndreaMedina-e1s,"Y espero que les sigan quitando todo a los NARCOS SICARIOS delincuentes funcionarios corruptos, que bien 👍 ADELANTE 👍",2026-04-15T12:37:35Z,9,gobierno de Tampico,¡El narco se queda sin recursos! Confiscan más de 4 mil millones al crimen organizado en México,El Heraldo de México,2026-04-14T02:55:16Z,2026-05-04 06:12:36
Jc1pfMGJUEk,UgxarK1i3_UYZMD3h6R4AaABAg,@kovoz7918,"Felicidad es no se detengan sin piedad, porque ellos son cínicos ladrones para despojar a la gente decente sin importarles dejarlos en la calle‼️",2026-04-15T03:17:30Z,14,gobierno de Tampico,¡El narco se queda sin recursos! Confiscan más de 4 mil millones al crimen organizado en México,El Heraldo de México,2026-04-14T02:55:16Z,2026-05-04 06:12:36
Jc1pfMGJUEk,UgyLw4yLSHm0c6khiP94AaABAg,@PhosphoRho23scorpiojordanriver,Y cuando van a legalizar más cannabis en agradecimiento?,2026-04-15T02:59:06Z,0,gobierno de Tampico,¡El narco se queda sin recursos! Confiscan más de 4 mil millones al crimen organizado en México,El Heraldo de México,2026-04-14T02:55:16Z,2026-05-04 06:12:36
Jc1pfMGJUEk,Ugz7ahjoSz9CuMi9PtJ4AaABAg,@SANDRALOPEZ-i1w,"No engañes a la gente, Heraldo. En la confiscación se hace una repartición entre los políticos de mayor rango y otros delincuentes asociados a ellos; o en su caso, lo devuelven por otros canales.<br>La gente es tan pero tan torpe, que todo lo que ve en las noticias, lo cree.",2026-04-15T00:09:09Z,4,gobierno de Tampico,¡El narco se queda sin recursos! Confiscan más de 4 mil millones al crimen organizado en México,El Heraldo de México,2026-04-14T02:55:16Z,2026-05-04 06:12:36
Jc1pfMGJUEk,UgwZ5BbZuFHUpxr-d894AaABAg,@anarcochakal,🧿,2026-04-14T21:14:45Z,0,gobierno de Tampico,¡El narco se queda sin recursos! Confiscan más de 4 mil millones al crimen organizado en México,El Heraldo de México,2026-04-14T02:55:16Z,2026-05-04 06:12:36
Jc1pfMGJUEk,Ugy28Efraf8YytOhP3B4AaABAg,@GHOST-uw3qc,wuentood ese dinero lo inviertan en herramientas nuevas para los soldados y marinos patrullas nuevas armamento más equipado aeronaves digo es un buen presupuesto,2026-04-14T20:33:09Z,0,gobierno de Tampico,¡El narco se queda sin recursos! Confiscan más de 4 mil millones al crimen organizado en México,El Heraldo de México,2026-04-14T02:55:16Z,2026-05-04 06:12:36
Jc1pfMGJUEk,UgyKzN6wEz_3YVkKnVx4AaABAg,@aaronmartinezgarza5693,Y pues también a los políticos no? Le quitan un tambo de agua a una presa,2026-04-14T20:15:13Z,19,gobierno de Tampico,¡El narco se queda sin recursos! Confiscan más de 4 mil millones al crimen organizado en México,El Heraldo de México,2026-04-14T02:55:16Z,2026-05-04 06:12:36
Jc1pfMGJUEk,Ugz7FXZbizVj0i4jM054AaABAg,@EriolHack,Y que hacen con ese dinero?,2026-04-14T19:11:06Z,8,gobierno de Tampico,¡El narco se queda sin recursos! Confiscan más de 4 mil millones al crimen organizado en México,El Heraldo de México,2026-04-14T02:55:16Z,2026-05-04 06:12:36
Jc1pfMGJUEk,UgwJY3SfC8Qba0XRu6B4AaABAg,@MauricioMartinez-l9m3y,Y nos chupamos el dedo o como 😂😂😂😂😂😂😂,2026-04-14T18:59:04Z,1,gobierno de Tampico,¡El narco se queda sin recursos! Confiscan más de 4 mil millones al crimen organizado en México,El Heraldo de México,2026-04-14T02:55:16Z,2026-05-04 06:12:36
Jc1pfMGJUEk,Ugz-hN9hstPYX9eB4Ch4AaABAg,@rosalbaogarrio4823,Apenas rodara por las calles  💰 y los malbados desearan morir y la muerte uira de ellos.,2026-04-14T18:28:07Z,3,gobierno de Tampico,¡El narco se queda sin recursos! Confiscan más de 4 mil millones al crimen organizado en México,El Heraldo de México,2026-04-14T02:55:16Z,2026-05-04 06:12:36
Jc1pfMGJUEk,Ugy9I_-1R-VuRV7NsPh4AaABAg,@carlosgee,"De ese dinero confiscado deben usarlo para comprar patrullas, armamento y salarios de policías,marinos y soldados. Usarlo para crear lugares de verdadera rehabilitación para personas con problemas de adicciones y también para crear fuentes de trabajo dignas para las prostitutas.",2026-04-14T17:49:30Z,2,gobierno de Tampico,¡El narco se queda sin recursos! Confiscan más de 4 mil millones al crimen organizado en México,El Heraldo de México,2026-04-14T02:55:16Z,2026-05-04 06:12:36
Jc1pfMGJUEk,UgysLtDk1JwMY-MPxsJ4AaABAg,@alegrisisisimo,Que novedad si hasta a los inocentes les quitan hasta la moto,2026-04-14T16:52:39Z,0,gobierno de Tampico,¡El narco se queda sin recursos! Confiscan más de 4 mil millones al crimen organizado en México,El Heraldo de México,2026-04-14T02:55:16Z,2026-05-04 06:12:36
Jc1pfMGJUEk,Ugz-nytgKqOg7e92_th4AaABAg,@fjkrdaamnuk5135,Muy bien ....tambien le quitaran  RICARDO SALINAS PLIEGO lo robado ????,2026-04-14T16:41:32Z,1,gobierno de Tampico,¡El narco se queda sin recursos! Confiscan más de 4 mil millones al crimen organizado en México,El Heraldo de México,2026-04-14T02:55:16Z,2026-05-04 06:12:36
Jc1pfMGJUEk,UgwXBtbDJHrZw4Cmdpl4AaABAg,@brandonpalacios5971,Ya les quitaron todo a los políticos ?,2026-04-14T16:32:54Z,20,gobierno de Tampico,¡El narco se queda sin recursos! Confiscan más de 4 mil millones al crimen organizado en México,El Heraldo de México,2026-04-14T02:55:16Z,2026-05-04 06:12:36
Jc1pfMGJUEk,Ugy_vy3EmQmkkhYCgFR4AaABAg,@ivan0oze886,El fin del PRIAN,2026-04-14T16:20:12Z,0,gobierno de Tampico,¡El narco se queda sin recursos! Confiscan más de 4 mil millones al crimen organizado en México,El Heraldo de México,2026-04-14T02:55:16Z,2026-05-04 06:12:36
Jc1pfMGJUEk,Ugy-fdb81d96GIoLpfN4AaABAg,@MiguelVargas-t1f,Y A clínicas LASIk cuando Esos se dedican a  ESTAFAR Operación LASIK AFECTADOS,2026-04-14T16:17:54Z,0,gobierno de Tampico,¡El narco se queda sin recursos! Confiscan más de 4 mil millones al crimen organizado en México,El Heraldo de México,2026-04-14T02:55:16Z,2026-05-04 06:12:36
Jc1pfMGJUEk,Ugwy3IG5xsL3bY4D8QB4AaABAg,@NoeliaAlsina-il6ky,"Y DE UNXS CORRUPTXS A OTRXS, COMO ES? MAS LA IGNORANCIA FANATISMO INSANIDAD",2026-04-14T16:16:31Z,0,gobierno de Tampico,¡El narco se queda sin recursos! Confiscan más de 4 mil millones al crimen organizado en México,El Heraldo de México,2026-04-14T02:55:16Z,2026-05-04 06:12:36
Jc1pfMGJUEk,UgxpBJ92xA_eG63kZ1x4AaABAg,@HernánmaTa-t9c,Todas las extorsiones son en efectivo ❤🎉,2026-04-14T16:09:56Z,5,gobierno de Tampico,¡El narco se queda sin recursos! Confiscan más de 4 mil millones al crimen organizado en México,El Heraldo de México,2026-04-14T02:55:16Z,2026-05-04 06:12:36
Jc1pfMGJUEk,Ugy_xRTW-vGtyt8s4oR4AaABAg,@miguelangelponceaguilar1712,😂😂😂😂 y eso que dicen los del prian y periodistas chayoteros que morena es narco gobierno 😂,2026-04-14T15:44:24Z,0,gobierno de Tampico,¡El narco se queda sin recursos! Confiscan más de 4 mil millones al crimen organizado en México,El Heraldo de México,2026-04-14T02:55:16Z,2026-05-04 06:12:36
Jc1pfMGJUEk,UgwaP5ztjfrmONVaoSp4AaABAg,@ShingoSAP,"Ahi es donde deben de atacar, es donde más les duele ☝",2026-04-14T15:43:15Z,15,gobierno de Tampico,¡El narco se queda sin recursos! Confiscan más de 4 mil millones al crimen organizado en México,El Heraldo de México,2026-04-14T02:55:16Z,2026-05-04 06:12:36
Jc1pfMGJUEk,UgywG5RS_C080Yd6ToV4AaABAg,@hilariocervantes7565,CHIUAHUA AL FIN PANISTA,2026-04-14T15:37:02Z,0,gobierno de Tampico,¡El narco se queda sin recursos! Confiscan más de 4 mil millones al crimen organizado en México,El Heraldo de México,2026-04-14T02:55:16Z,2026-05-04 06:12:36
Jc1pfMGJUEk,UgxsDoeRX-2qKX8hBel4AaABAg,@Pongajito.,"El PAN, EL pan naranja  y el PRI está bien atacados y los que están en MORENA que están de lacras también.",2026-04-14T15:16:49Z,2,gobierno de Tampico,¡El narco se queda sin recursos! Confiscan más de 4 mil millones al crimen organizado en México,El Heraldo de México,2026-04-14T02:55:16Z,2026-05-04 06:12:36
Jc1pfMGJUEk,UgyloAaxyznLfliSbPl4AaABAg,@hugojaeger2912,Esto intensificará el cobro de piso 😨,2026-04-14T15:16:18Z,5,gobierno de Tampico,¡El narco se queda sin recursos! Confiscan más de 4 mil millones al crimen organizado en México,El Heraldo de México,2026-04-14T02:55:16Z,2026-05-04 06:12:36
Jc1pfMGJUEk,UgyNZ8_vIZnpt-ZiwZ94AaABAg,@israelcorreagonzalez4614,K RARO K NO ESTE JALISCO OH CULIACAN,2026-04-14T14:58:30Z,0,gobierno de Tampico,¡El narco se queda sin recursos! Confiscan más de 4 mil millones al crimen organizado en México,El Heraldo de México,2026-04-14T02:55:16Z,2026-05-04 06:12:36
Jc1pfMGJUEk,UgzKxIHJk4ttLl9sYPp4AaABAg,@cesarlechugacruz8652,"Y si han hecho eso ¿porque aun no usan ese dinero para reparar el daño ocasionado a las familias, ciudadanía, pueblos y ciudades por sus actos delictivos o para equipar mejor a policías y ejército o usarlo en materia económica? De qué sirve confiscar ese dinero sino lo usan a beneficio de la población que en términos legales es dueña en su mayoría de ese dinero",2026-04-14T14:29:49Z,0,gobierno de Tampico,¡El narco se queda sin recursos! Confiscan más de 4 mil millones al crimen organizado en México,El Heraldo de México,2026-04-14T02:55:16Z,2026-05-04 06:12:36
Jc1pfMGJUEk,UgzXeqE-BeZL_-sHCuN4AaABAg,@BenjaminDominguez-x3z,Duro contra los priandejos 😂,2026-04-14T14:19:48Z,1,gobierno de Tampico,¡El narco se queda sin recursos! Confiscan más de 4 mil millones al crimen organizado en México,El Heraldo de México,2026-04-14T02:55:16Z,2026-05-04 06:12:36
Jc1pfMGJUEk,UgyamN270okLTHDk6Kp4AaABAg,@hi2dwf924,En donde más les duele a los lacras. El bolsillo,2026-04-14T14:02:02Z,69,gobierno de Tampico,¡El narco se queda sin recursos! Confiscan más de 4 mil millones al crimen organizado en México,El Heraldo de México,2026-04-14T02:55:16Z,2026-05-04 06:12:36
Jc1pfMGJUEk,UgwobofF2o-lcwk5JLp4AaABAg,@ArmandoRendonRivera,Solo eres un pobre ardido.,2026-04-14T13:59:11Z,0,gobierno de Tampico,¡El narco se queda sin recursos! Confiscan más de 4 mil millones al crimen organizado en México,El Heraldo de México,2026-04-14T02:55:16Z,2026-05-04 06:12:36
Jc1pfMGJUEk,UgybPS4Tr9fW22N05lJ4AaABAg,@isidoroarmandomartinezflor902,y a Los politicos tambien?,2026-04-14T13:55:41Z,28,gobierno de Tampico,¡El narco se queda sin recursos! Confiscan más de 4 mil millones al crimen organizado en México,El Heraldo de México,2026-04-14T02:55:16Z,2026-05-04 06:12:36
Jc1pfMGJUEk,Ugx_J-GQ568beElL-rZ4AaABAg,@eliseogonzalezortega5018,"La ley debe de aplicarse parejo y con más peso a todos los políticos corruptos que son todos por qué no hay político honesto y deben de investigar a todos los préstanombres por qué son cómplices, hay que reformar las leyes, también deben de tabularse los cargos públicos principalmente diputados, senadores, jueces etc",2026-04-14T13:53:21Z,13,gobierno de Tampico,¡El narco se queda sin recursos! Confiscan más de 4 mil millones al crimen organizado en México,El Heraldo de México,2026-04-14T02:55:16Z,2026-05-04 06:12:36
Jc1pfMGJUEk,UgxsQX00by2UR90SgI54AaABAg,@quetzalcoatl4lif315,El cartel de primor,2026-04-14T13:46:54Z,2,gobierno de Tampico,¡El narco se queda sin recursos! Confiscan más de 4 mil millones al crimen organizado en México,El Heraldo de México,2026-04-14T02:55:16Z,2026-05-04 06:12:36
Jc1pfMGJUEk,UgwP0kcPwTQ88W3I_5d4AaABAg,@VictorOjeda-cj7ur,Ojalá no pase como en los tiempos cuándo confiscaron al Chino.,2026-04-14T12:21:19Z,0,gobierno de Tampico,¡El narco se queda sin recursos! Confiscan más de 4 mil millones al crimen organizado en México,El Heraldo de México,2026-04-14T02:55:16Z,2026-05-04 06:12:36
Jc1pfMGJUEk,UgyIPDbvGmBQSOWJq0J4AaABAg,@LordmasterGDL,😂PARA QUE LO DISFRUTEN LOS LOPEZ BELTRAN😂 Y TODA LA PERRADA DE MORENARCOS😂,2026-04-14T12:16:51Z,7,gobierno de Tampico,¡El narco se queda sin recursos! Confiscan más de 4 mil millones al crimen organizado en México,El Heraldo de México,2026-04-14T02:55:16Z,2026-05-04 06:12:36
Jc1pfMGJUEk,Ugznc1ARNZwmYqAy-td4AaABAg,@pedrocabreragarcia7855,Osea que morena se quedó sin patrimonio?,2026-04-14T12:16:45Z,3,gobierno de Tampico,¡El narco se queda sin recursos! Confiscan más de 4 mil millones al crimen organizado en México,El Heraldo de México,2026-04-14T02:55:16Z,2026-05-04 06:12:36
Jc1pfMGJUEk,UgzdT2rOHMq7C1iORst4AaABAg,@adriansoto8409,Duro contra la delincuencia!,2026-04-14T11:11:07Z,41,gobierno de Tampico,¡El narco se queda sin recursos! Confiscan más de 4 mil millones al crimen organizado en México,El Heraldo de México,2026-04-14T02:55:16Z,2026-05-04 06:12:36
Jc1pfMGJUEk,Ugwis4GegQm3BWTtsCx4AaABAg,@Rodrigo_Da_Costa-fy3iv,"Y para cuando los bienes de los López Béltransa y todos los políticos de morena?, lo único que generan es que el CO se diversifique y se haga más insistente el acos0 a MiPymes mediante la extorsi0n, los miembros del CO intentarán moverse al dinero en efectivo, presta nombres, invasión de predios (sí, ya lo hacen, pero lo harán con mayor ahínco) y un sin fin de delitos que van en contra de la sociedad civil, común y corriente, pero en fin, hay que seguir disfrutando lo votado.",2026-04-14T08:38:13Z,6,gobierno de Tampico,¡El narco se queda sin recursos! Confiscan más de 4 mil millones al crimen organizado en México,El Heraldo de México,2026-04-14T02:55:16Z,2026-05-04 06:12:36
Jc1pfMGJUEk,Ugyebi32co8NBcLhBhZ4AaABAg,@Gilberto-fo3dl,Eso es nomas. Pero falta lo de alito yricardo anaya😊😊😊,2026-04-14T05:46:30Z,13,gobierno de Tampico,¡El narco se queda sin recursos! Confiscan más de 4 mil millones al crimen organizado en México,El Heraldo de México,2026-04-14T02:55:16Z,2026-05-04 06:12:36
iwhP51skkqM,UgzrypaT1RHZ0t3F9K94AaABAg,@fvictoriano,"Jajajajajajajajajajaja... en coordinación con Estados Unidos... naaaaaaaa, por órdenes de los gringos tienen que dar golpes a sus socios, este es un NARCOGOBIERNO",2026-04-16T03:56:06Z,0,gobierno de Tampico,UIF destapa red de casinos ligada al Cártel del Noreste,EXCELSIOR,2026-04-14T21:41:14Z,2026-05-04 06:12:36
iwhP51skkqM,UgxiLqReMqVjx4xRyxN4AaABAg,@DariusChancey,Claro que ese falso activista traficante de personas es todo un criminal. El gobierno del KKs lo protege. Sera porque le dan una moche al Peje por cada persona que trafican por Mexico. Recuerden que el KKs dejo entrar a miles de inmigrantes en todo su sexenio para ayudar a los a carteles hacer dinero y el tambien.,2026-04-15T04:46:21Z,0,gobierno de Tampico,UIF destapa red de casinos ligada al Cártel del Noreste,EXCELSIOR,2026-04-14T21:41:14Z,2026-05-04 06:12:36
iwhP51skkqM,UgxP7Rm05PtA6UPPq8t4AaABAg,@FlorJudith,Vayan a investigar a big bola Tlalnepantla,2026-04-15T04:41:45Z,0,gobierno de Tampico,UIF destapa red de casinos ligada al Cártel del Noreste,EXCELSIOR,2026-04-14T21:41:14Z,2026-05-04 06:12:36
iwhP51skkqM,UgwAvnyE0QspzZ0FU-V4AaABAg,@FC-rr5qo,Le dieron tres vueltas y media y no presentaron lo más importante de una nota periodística los datos que ubican y dan fe a la nota. Mala pinta de excelsior pareciera que es de relleno o bien propaganda,2026-04-15T00:25:00Z,1,gobierno de Tampico,UIF destapa red de casinos ligada al Cártel del Noreste,EXCELSIOR,2026-04-14T21:41:14Z,2026-05-04 06:12:36
iwhP51skkqM,UgztT0En9L3N7kIsnc14AaABAg,@lourdesvazquez3486,"MENTIRAS!!!!   NO FUE EL GOBIERNO D MÉXICO, ESTO FUE X USA!!!!",2026-04-14T23:09:47Z,4,gobierno de Tampico,UIF destapa red de casinos ligada al Cártel del Noreste,EXCELSIOR,2026-04-14T21:41:14Z,2026-05-04 06:12:36
iwhP51skkqM,UgxSQ9VMsAGJRYzUoAt4AaABAg,@lourdesvazquez3486,"MENTIRAS!!!!   NO FUE EL GOBIERNO D MÉXICO, ESTO FUE X USA!!!!",2026-04-14T23:09:36Z,6,gobierno de Tampico,UIF destapa red de casinos ligada al Cártel del Noreste,EXCELSIOR,2026-04-14T21:41:14Z,2026-05-04 06:12:36
iwhP51skkqM,Ugy7xa-rHhs9xg8lxDl4AaABAg,@MazatlanSinaloa-g7l,Lis casinos lavanderas,2026-04-14T22:49:30Z,1,gobierno de Tampico,UIF destapa red de casinos ligada al Cártel del Noreste,EXCELSIOR,2026-04-14T21:41:14Z,2026-05-04 06:12:36
iwhP51skkqM,UgybyH1KKM_viVh0dV94AaABAg,@martapatriciacisnerosgarci7181,"TODO NUESTRO APOYO A LAS AUTORIDADES , A LA UIF , QUE POR PRIMERA VEZ , ESTÁN TRABAJANDO , CAIGA QUIEN CAIGA 💪👏👏👏👏👏",2026-04-14T22:23:31Z,5,gobierno de Tampico,UIF destapa red de casinos ligada al Cártel del Noreste,EXCELSIOR,2026-04-14T21:41:14Z,2026-05-04 06:12:36
iwhP51skkqM,UgzjozTm-e5RsQ10ThZ4AaABAg,@GabrielaGarcia-pt5up,"Claro el gobierno levanta a estos criminales que lavan dinero porq les estorban para hacer sus malos negocios , mi denuncia de lavado de dinero de una empresa muy grande en la república mexicana no la han tomado en cuenta",2026-04-14T22:21:23Z,3,gobierno de Tampico,UIF destapa red de casinos ligada al Cártel del Noreste,EXCELSIOR,2026-04-14T21:41:14Z,2026-05-04 06:12:36
iwhP51skkqM,Ugxj8XT2wBk6fUOTKDl4AaABAg,@bernardinomarquez406,Y el casino de tafolla el del sombrero en Pátzcuaro?,2026-04-14T22:18:10Z,4,gobierno de Tampico,UIF destapa red de casinos ligada al Cártel del Noreste,EXCELSIOR,2026-04-14T21:41:14Z,2026-05-04 06:12:36
iwhP51skkqM,Ugy-DHkfDjX3CKaS1gp4AaABAg,@MultiCarlos765,Nel Fue USA aquí en Mexico se hacen Gueyes Están coludidos es del dominio publico …,2026-04-14T22:12:35Z,7,gobierno de Tampico,UIF destapa red de casinos ligada al Cártel del Noreste,EXCELSIOR,2026-04-14T21:41:14Z,2026-05-04 06:12:36
iwhP51skkqM,Ugz5CrGAH45Mf9NjSfp4AaABAg,@ATM999,El Excelsior generando reportajes y contenidos con Inteligencia Artificial. Acabáramos.,2026-04-14T22:10:32Z,3,gobierno de Tampico,UIF destapa red de casinos ligada al Cártel del Noreste,EXCELSIOR,2026-04-14T21:41:14Z,2026-05-04 06:12:36
iwhP51skkqM,Ugw6cTcOANsR2mPyj2B4AaABAg,@MartiniRoss-t2k,La.  Lavanderias.   😅😅😅😅😅😅de. Gobierno.  De. Eeuu😅😅😅😅,2026-04-14T22:08:57Z,3,gobierno de Tampico,UIF destapa red de casinos ligada al Cártel del Noreste,EXCELSIOR,2026-04-14T21:41:14Z,2026-05-04 06:12:36
aLuNcpid_lo,UgyeLG8_yVcPN4Ldr0N4AaABAg,@carmenroquechavez8713,Disculpen en la tele no se ve se quedo en negro la pantalla pero solo es el canal 356,2026-04-14T22:13:53Z,0,gobierno de Tampico,"Localizan con vida al alcalde de Taxco y a su padre | Alejandro Domínguez, 13 de abril de 2026",MILENIO,2026-04-14T04:47:06Z,2026-05-04 06:12:36
aLuNcpid_lo,Ugy3XKOnvgmWUsGcr_Z4AaABAg,@carmenroquechavez8713,Disculpen en la tele no se ve se quedo en negro la pantalla pero solo es el canal 356,2026-04-14T22:13:41Z,0,gobierno de Tampico,"Localizan con vida al alcalde de Taxco y a su padre | Alejandro Domínguez, 13 de abril de 2026",MILENIO,2026-04-14T04:47:06Z,2026-05-04 06:12:36
aLuNcpid_lo,UgzyWgYCcRWKaR9KBst4AaABAg,@RicardoPeregrino-pl8tf,y el gobierno mexicano lo sabe<br>y no hace nada<br>nada por su complicidad con el narco,2026-04-14T14:39:40Z,2,gobierno de Tampico,"Localizan con vida al alcalde de Taxco y a su padre | Alejandro Domínguez, 13 de abril de 2026",MILENIO,2026-04-14T04:47:06Z,2026-05-04 06:12:36
aLuNcpid_lo,Ugxkud6QGEXCM1Qv09h4AaABAg,@BastecSoyelcambio-v4c,😳😳😳🤦,2026-04-14T09:28:58Z,2,gobierno de Tampico,"Localizan con vida al alcalde de Taxco y a su padre | Alejandro Domínguez, 13 de abril de 2026",MILENIO,2026-04-14T04:47:06Z,2026-05-04 06:12:36
aLuNcpid_lo,UgyQsMVDGT4cAUzso4d4AaABAg,@deviguerrero7573,Estos cuates !pensiones de medio millón de pesos ?,2026-04-14T08:06:38Z,4,gobierno de Tampico,"Localizan con vida al alcalde de Taxco y a su padre | Alejandro Domínguez, 13 de abril de 2026",MILENIO,2026-04-14T04:47:06Z,2026-05-04 06:12:36
