{
  "clean_run_id": "E11_v3_clean",
  "comparacion_por_horizonte": [
    {
      "delta_direction_accuracy": 0.0,
      "delta_loss_h": -0.0013318809409614968,
      "delta_mae": -0.001043256837897466,
      "delta_risk_detection": 0.0,
      "delta_rmse": 0.0006195804782948011,
      "direction_accuracy_clean": 0.8076923076923077,
      "direction_accuracy_original": 0.8076923076923077,
      "horizonte_sem": 1,
      "loss_h_clean": 0.06352789895142741,
      "loss_h_original": 0.0648597798923889,
      "mae_clean": 0.09955552530093363,
      "mae_original": 0.1005987821388311,
      "risk_detection_clean": 0.8333333333333334,
      "risk_detection_original": 0.8333333333333334,
      "rmse_clean": 0.1334715620989028,
      "rmse_original": 0.132851981620608
    },
    {
      "delta_direction_accuracy": 0.0,
      "delta_loss_h": 0.0017871907612882487,
      "delta_mae": -0.0014964358171865033,
      "delta_risk_detection": 0.0,
      "delta_rmse": -0.0009176532924514424,
      "direction_accuracy_clean": 0.68,
      "direction_accuracy_original": 0.68,
      "horizonte_sem": 2,
      "loss_h_clean": 0.07328809377984288,
      "loss_h_original": 0.07150090301855463,
      "mae_clean": 0.1022292282866471,
      "mae_original": 0.1037256641038336,
      "risk_detection_clean": 0.7,
      "risk_detection_original": 0.7,
      "rmse_clean": 0.13556631887776677,
      "rmse_original": 0.1364839721702182
    },
    {
      "delta_direction_accuracy": 0.0,
      "delta_loss_h": -0.006649512738275423,
      "delta_mae": 0.0009883752147843289,
      "delta_risk_detection": 0.09090909090909083,
      "delta_rmse": 0.0008683088804896655,
      "direction_accuracy_clean": 0.7916666666666666,
      "direction_accuracy_original": 0.7916666666666666,
      "horizonte_sem": 3,
      "loss_h_clean": 0.06153166851057487,
      "loss_h_original": 0.0681811812488503,
      "mae_clean": 0.10453082524554753,
      "mae_original": 0.1035424500307632,
      "risk_detection_clean": 0.9090909090909091,
      "risk_detection_original": 0.8181818181818182,
      "rmse_clean": 0.13805900972736057,
      "rmse_original": 0.1371907008468709
    },
    {
      "delta_direction_accuracy": -0.04347826086956519,
      "delta_loss_h": 0.006597306111702436,
      "delta_mae": 0.0017348754590692933,
      "delta_risk_detection": -0.11111111111111116,
      "delta_rmse": 0.004007565183747341,
      "direction_accuracy_clean": 0.6521739130434783,
      "direction_accuracy_original": 0.6956521739130435,
      "horizonte_sem": 4,
      "loss_h_clean": 0.04549720301852302,
      "loss_h_original": 0.03889989690682059,
      "mae_clean": 0.1039158328779508,
      "mae_original": 0.1021809574188815,
      "risk_detection_clean": 0.6666666666666666,
      "risk_detection_original": 0.7777777777777778,
      "rmse_clean": 0.14352961934420363,
      "rmse_original": 0.1395220541604563
    }
  ],
  "l_total_radar_clean": 0.2438448642603682,
  "reference_run_id": "E1_v5_clean"
}