{
  "clean_run_id": "E11_v3_clean",
  "comparacion_por_horizonte": [
    {
      "delta_direction_accuracy": -0.049450549450549386,
      "delta_loss_h": 0.01197077650301507,
      "delta_mae": -0.024338103099433073,
      "delta_risk_detection": -0.16666666666666663,
      "delta_rmse": -0.033406558138687203,
      "direction_accuracy_clean": 0.8076923076923077,
      "direction_accuracy_original": 0.8571428571428571,
      "horizonte_sem": 1,
      "loss_h_clean": 0.06352789895142741,
      "loss_h_original": 0.05155712244841234,
      "mae_clean": 0.09955552530093363,
      "mae_original": 0.1238936284003667,
      "risk_detection_clean": 0.8333333333333334,
      "risk_detection_original": 1.0,
      "rmse_clean": 0.1334715620989028,
      "rmse_original": 0.16687812023759
    },
    {
      "delta_direction_accuracy": -0.012307692307692242,
      "delta_loss_h": 0.009882763256282179,
      "delta_mae": -0.011222384266632093,
      "delta_risk_detection": -0.13333333333333341,
      "delta_rmse": -0.010283326048135033,
      "direction_accuracy_clean": 0.68,
      "direction_accuracy_original": 0.6923076923076923,
      "horizonte_sem": 2,
      "loss_h_clean": 0.07328809377984288,
      "loss_h_original": 0.0634053305235607,
      "mae_clean": 0.1022292282866471,
      "mae_original": 0.1134516125532792,
      "risk_detection_clean": 0.7,
      "risk_detection_original": 0.8333333333333334,
      "rmse_clean": 0.13556631887776677,
      "rmse_original": 0.1458496449259018
    },
    {
      "delta_direction_accuracy": 0.125,
      "delta_loss_h": -0.012109329395517857,
      "delta_mae": -0.03133930383130508,
      "delta_risk_detection": -0.09090909090909094,
      "delta_rmse": -0.03734110412263114,
      "direction_accuracy_clean": 0.7916666666666666,
      "direction_accuracy_original": 0.6666666666666666,
      "horizonte_sem": 3,
      "loss_h_clean": 0.06153166851057487,
      "loss_h_original": 0.07364099790609273,
      "mae_clean": 0.10453082524554753,
      "mae_original": 0.1358701290768526,
      "risk_detection_clean": 0.9090909090909091,
      "risk_detection_original": 1.0,
      "rmse_clean": 0.13805900972736057,
      "rmse_original": 0.1754001138499917
    },
    {
      "delta_direction_accuracy": -0.07509881422924902,
      "delta_loss_h": 0.006591033722965142,
      "delta_mae": -0.028497992297474503,
      "delta_risk_detection": -0.16666666666666674,
      "delta_rmse": -0.042759612640781874,
      "direction_accuracy_clean": 0.6521739130434783,
      "direction_accuracy_original": 0.7272727272727273,
      "horizonte_sem": 4,
      "loss_h_clean": 0.04549720301852302,
      "loss_h_original": 0.03890616929555788,
      "mae_clean": 0.1039158328779508,
      "mae_original": 0.1324138251754253,
      "risk_detection_clean": 0.6666666666666666,
      "risk_detection_original": 0.8333333333333334,
      "rmse_clean": 0.14352961934420363,
      "rmse_original": 0.1862892319849855
    }
  ],
  "l_total_radar_clean": 0.2438448642603682,
  "reference_run_id": "E9_v2_clean"
}