{
  "clean_run_id": "E1_v3_clean",
  "comparacion_por_horizonte": [
    {
      "delta_direction_accuracy": -0.5357142857142857,
      "delta_loss_h": 0.06464807473125199,
      "delta_mae": 0.054523943418344475,
      "delta_risk_detection": -0.23076923076923084,
      "delta_rmse": 0.07053626558082998,
      "direction_accuracy_clean": 0.2857142857142857,
      "direction_accuracy_original": 0.8214285714285714,
      "horizonte_sem": 1,
      "loss_h_clean": 0.13963331285932473,
      "loss_h_original": 0.07498523812807274,
      "mae_clean": 0.16334368695171117,
      "mae_original": 0.1088197435333667,
      "risk_detection_clean": 0.5384615384615384,
      "risk_detection_original": 0.7692307692307693,
      "rmse_clean": 0.2045576753399985,
      "rmse_original": 0.1340214097591685
    },
    {
      "delta_direction_accuracy": -0.07407407407407407,
      "delta_loss_h": 0.012560519969394252,
      "delta_mae": 0.03867735267243344,
      "delta_risk_detection": -0.08333333333333337,
      "delta_rmse": 0.0520157884449364,
      "direction_accuracy_clean": 0.5185185185185185,
      "direction_accuracy_original": 0.5925925925925926,
      "horizonte_sem": 2,
      "loss_h_clean": 0.09702043148253928,
      "loss_h_original": 0.08445991151314503,
      "mae_clean": 0.14019404393266274,
      "mae_original": 0.1015166912602293,
      "risk_detection_clean": 0.5,
      "risk_detection_original": 0.5833333333333334,
      "rmse_clean": 0.1810362691606062,
      "rmse_original": 0.1290204807156698
    },
    {
      "delta_direction_accuracy": -0.3076923076923077,
      "delta_loss_h": 0.04846274788990647,
      "delta_mae": 0.061986251378955554,
      "delta_risk_detection": -0.16666666666666674,
      "delta_rmse": 0.06501796689169034,
      "direction_accuracy_clean": 0.5384615384615384,
      "direction_accuracy_original": 0.8461538461538461,
      "horizonte_sem": 3,
      "loss_h_clean": 0.1127663360384959,
      "loss_h_original": 0.06430358814858943,
      "mae_clean": 0.16270651598416505,
      "mae_original": 0.1007202646052095,
      "risk_detection_clean": 0.6666666666666666,
      "risk_detection_original": 0.8333333333333334,
      "rmse_clean": 0.19536944540712933,
      "rmse_original": 0.130351478515439
    },
    {
      "delta_direction_accuracy": -0.12,
      "delta_loss_h": 0.011137560173252521,
      "delta_mae": 0.0268095110120415,
      "delta_risk_detection": -0.10000000000000009,
      "delta_rmse": 0.025653619770496044,
      "direction_accuracy_clean": 0.6,
      "direction_accuracy_original": 0.72,
      "horizonte_sem": 4,
      "loss_h_clean": 0.048627492274408504,
      "loss_h_original": 0.03748993210115598,
      "mae_clean": 0.1286528780560598,
      "mae_original": 0.1018433670440183,
      "risk_detection_clean": 0.7,
      "risk_detection_original": 0.8,
      "rmse_clean": 0.16116541054097094,
      "rmse_original": 0.1355117907704749
    }
  ],
  "l_total_radar_clean": 0.39804757265476837,
  "reference_run_id": "E1_v2_clean"
}