{
  "clean_run_id": "E9_v2_clean",
  "comparacion_por_horizonte": [
    {
      "delta_direction_accuracy": 0.049450549450549386,
      "delta_loss_h": -0.01128825316688526,
      "delta_mae": 0.028337586284596872,
      "delta_risk_detection": 0.16666666666666663,
      "delta_rmse": 0.041698979470625425,
      "direction_accuracy_clean": 0.8571428571428571,
      "direction_accuracy_original": 0.8076923076923077,
      "horizonte_sem": 1,
      "loss_h_clean": 0.05155712244841234,
      "loss_h_original": 0.0628453756152976,
      "mae_clean": 0.12389362840036673,
      "mae_original": 0.09555604211576986,
      "risk_detection_clean": 1.0,
      "risk_detection_original": 0.8333333333333334,
      "rmse_clean": 0.16687812023759002,
      "rmse_original": 0.1251791407669646
    },
    {
      "delta_direction_accuracy": 0.09230769230769231,
      "delta_loss_h": -0.018395362327739154,
      "delta_mae": 0.009375835411578062,
      "delta_risk_detection": 0.2333333333333334,
      "delta_rmse": 0.013681004296823895,
      "direction_accuracy_clean": 0.6923076923076923,
      "direction_accuracy_original": 0.6,
      "horizonte_sem": 2,
      "loss_h_clean": 0.0634053305235607,
      "loss_h_original": 0.08180069285129986,
      "mae_clean": 0.11345161255327917,
      "mae_original": 0.1040757771417011,
      "risk_detection_clean": 0.8333333333333334,
      "risk_detection_original": 0.6,
      "rmse_clean": 0.1458496449259018,
      "rmse_original": 0.1321686406290779
    },
    {
      "delta_direction_accuracy": -0.125,
      "delta_loss_h": 0.006477975637544195,
      "delta_mae": 0.030969125849692858,
      "delta_risk_detection": 0.18181818181818177,
      "delta_rmse": 0.04142995592550697,
      "direction_accuracy_clean": 0.6666666666666666,
      "direction_accuracy_original": 0.7916666666666666,
      "horizonte_sem": 3,
      "loss_h_clean": 0.07364099790609273,
      "loss_h_original": 0.06716302226854853,
      "mae_clean": 0.13587012907685256,
      "mae_original": 0.1049010032271597,
      "risk_detection_clean": 1.0,
      "risk_detection_original": 0.8181818181818182,
      "rmse_clean": 0.17540011384999166,
      "rmse_original": 0.1339701579244847
    },
    {
      "delta_direction_accuracy": -0.011857707509881354,
      "delta_loss_h": 0.0029273223101376894,
      "delta_mae": 0.03007192482897772,
      "delta_risk_detection": 0.05555555555555558,
      "delta_rmse": 0.03850333245898749,
      "direction_accuracy_clean": 0.7272727272727273,
      "direction_accuracy_original": 0.7391304347826086,
      "horizonte_sem": 4,
      "loss_h_clean": 0.03890616929555788,
      "loss_h_original": 0.03597884698542019,
      "mae_clean": 0.13241382517542533,
      "mae_original": 0.1023419003464476,
      "risk_detection_clean": 0.8333333333333334,
      "risk_detection_original": 0.7777777777777778,
      "rmse_clean": 0.18628923198498548,
      "rmse_original": 0.147785899525998
    }
  ],
  "l_total_radar_clean": 0.22750962017362367,
  "reference_run_id": "E5_v4_clean"
}