{
  "clean_run_id": "E6_v1_clean",
  "comparacion_por_horizonte": [
    {
      "delta_direction_accuracy": -0.15384615384615385,
      "delta_loss_h": 0.03595739760581898,
      "delta_mae": 0.05632043004311242,
      "delta_risk_detection": -0.16666666666666663,
      "delta_rmse": 0.06378905029872026,
      "direction_accuracy_clean": 0.6153846153846154,
      "direction_accuracy_original": 0.7692307692307693,
      "horizonte_sem": 1,
      "loss_h_clean": 0.11378454019071477,
      "loss_h_original": 0.07782714258489579,
      "mae_clean": 0.16585580307469291,
      "mae_original": 0.1095353730315805,
      "risk_detection_clean": 0.5833333333333334,
      "risk_detection_original": 0.75,
      "rmse_clean": 0.19445483447933365,
      "rmse_original": 0.1306657841806134
    },
    {
      "delta_direction_accuracy": -0.07999999999999996,
      "delta_loss_h": -0.0016277576634553814,
      "delta_mae": 0.05711412916962659,
      "delta_risk_detection": 0.30000000000000004,
      "delta_rmse": 0.06252363431064734,
      "direction_accuracy_clean": 0.52,
      "direction_accuracy_original": 0.6,
      "horizonte_sem": 2,
      "loss_h_clean": 0.08131318847640163,
      "loss_h_original": 0.08294094613985702,
      "mae_clean": 0.1692079598130964,
      "mae_original": 0.1120938306434698,
      "risk_detection_clean": 0.9,
      "risk_detection_original": 0.6,
      "rmse_clean": 0.19936636579131414,
      "rmse_original": 0.1368427314806668
    },
    {
      "delta_direction_accuracy": -0.04166666666666663,
      "delta_loss_h": 0.025968999913246818,
      "delta_mae": 0.057284810676416,
      "delta_risk_detection": -0.09090909090909094,
      "delta_rmse": 0.06552582216494612,
      "direction_accuracy_clean": 0.625,
      "direction_accuracy_original": 0.6666666666666666,
      "horizonte_sem": 3,
      "loss_h_clean": 0.1061752886808066,
      "loss_h_original": 0.08020628876755978,
      "mae_clean": 0.1763564886454585,
      "mae_original": 0.1190716779690425,
      "risk_detection_clean": 0.7272727272727273,
      "risk_detection_original": 0.8181818181818182,
      "rmse_clean": 0.21286620923650562,
      "rmse_original": 0.1473403870715595
    },
    {
      "delta_direction_accuracy": -0.3043478260869565,
      "delta_loss_h": 0.026085646072188162,
      "delta_mae": 0.14138532825710223,
      "delta_risk_detection": 0.0,
      "delta_rmse": 0.14261887849323385,
      "direction_accuracy_clean": 0.43478260869565216,
      "direction_accuracy_original": 0.7391304347826086,
      "horizonte_sem": 4,
      "loss_h_clean": 0.06904537990631845,
      "loss_h_original": 0.04295973383413029,
      "mae_clean": 0.25377919406402244,
      "mae_original": 0.1123938658069202,
      "risk_detection_clean": 0.6666666666666666,
      "risk_detection_original": 0.6666666666666666,
      "rmse_clean": 0.29671738184750746,
      "rmse_original": 0.1540985033542736
    }
  ],
  "l_total_radar_clean": 0.3703183972542414,
  "reference_run_id": "E4_v1_clean"
}