{
  "clean_run_id": "E9_v2_clean",
  "comparacion_por_horizonte": [
    {
      "delta_direction_accuracy": 0.049450549450549386,
      "delta_loss_h": -0.013302657443976566,
      "delta_mae": 0.023294846261535634,
      "delta_risk_detection": 0.16666666666666663,
      "delta_rmse": 0.03402613861698203,
      "direction_accuracy_clean": 0.8571428571428571,
      "direction_accuracy_original": 0.8076923076923077,
      "horizonte_sem": 1,
      "loss_h_clean": 0.05155712244841234,
      "loss_h_original": 0.0648597798923889,
      "mae_clean": 0.12389362840036673,
      "mae_original": 0.1005987821388311,
      "risk_detection_clean": 1.0,
      "risk_detection_original": 0.8333333333333334,
      "rmse_clean": 0.16687812023759002,
      "rmse_original": 0.132851981620608
    },
    {
      "delta_direction_accuracy": 0.012307692307692242,
      "delta_loss_h": -0.00809557249499393,
      "delta_mae": 0.009725948449445562,
      "delta_risk_detection": 0.13333333333333341,
      "delta_rmse": 0.00936567275568359,
      "direction_accuracy_clean": 0.6923076923076923,
      "direction_accuracy_original": 0.68,
      "horizonte_sem": 2,
      "loss_h_clean": 0.0634053305235607,
      "loss_h_original": 0.07150090301855463,
      "mae_clean": 0.11345161255327917,
      "mae_original": 0.1037256641038336,
      "risk_detection_clean": 0.8333333333333334,
      "risk_detection_original": 0.7,
      "rmse_clean": 0.1458496449259018,
      "rmse_original": 0.1364839721702182
    },
    {
      "delta_direction_accuracy": -0.125,
      "delta_loss_h": 0.005459816657242433,
      "delta_mae": 0.03232767904608935,
      "delta_risk_detection": 0.18181818181818177,
      "delta_rmse": 0.03820941300312075,
      "direction_accuracy_clean": 0.6666666666666666,
      "direction_accuracy_original": 0.7916666666666666,
      "horizonte_sem": 3,
      "loss_h_clean": 0.07364099790609273,
      "loss_h_original": 0.0681811812488503,
      "mae_clean": 0.13587012907685256,
      "mae_original": 0.1035424500307632,
      "risk_detection_clean": 1.0,
      "risk_detection_original": 0.8181818181818182,
      "rmse_clean": 0.17540011384999166,
      "rmse_original": 0.1371907008468709
    },
    {
      "delta_direction_accuracy": 0.031620553359683834,
      "delta_loss_h": 6.272388737293966e-06,
      "delta_mae": 0.030232867756543824,
      "delta_risk_detection": 0.05555555555555558,
      "delta_rmse": 0.04676717782452919,
      "direction_accuracy_clean": 0.7272727272727273,
      "direction_accuracy_original": 0.6956521739130435,
      "horizonte_sem": 4,
      "loss_h_clean": 0.03890616929555788,
      "loss_h_original": 0.03889989690682059,
      "mae_clean": 0.13241382517542533,
      "mae_original": 0.1021809574188815,
      "risk_detection_clean": 0.8333333333333334,
      "risk_detection_original": 0.7777777777777778,
      "rmse_clean": 0.18628923198498548,
      "rmse_original": 0.1395220541604563
    }
  ],
  "l_total_radar_clean": 0.22750962017362367,
  "reference_run_id": "E1_v5_clean"
}