{
  "clean_run_id": "E9_v2_clean",
  "comparacion_por_horizonte": [
    {
      "delta_direction_accuracy": 0.049450549450549386,
      "delta_loss_h": -0.02113474688454716,
      "delta_mae": 0.02078540558200423,
      "delta_risk_detection": 0.25,
      "delta_rmse": 0.03830334077595121,
      "direction_accuracy_clean": 0.8571428571428571,
      "direction_accuracy_original": 0.8076923076923077,
      "horizonte_sem": 1,
      "loss_h_clean": 0.05155712244841234,
      "loss_h_original": 0.0726918693329595,
      "mae_clean": 0.12389362840036673,
      "mae_original": 0.1031082228183625,
      "risk_detection_clean": 1.0,
      "risk_detection_original": 0.75,
      "rmse_clean": 0.16687812023759002,
      "rmse_original": 0.1285747794616388
    },
    {
      "delta_direction_accuracy": 0.05230769230769228,
      "delta_loss_h": -0.019086965456430932,
      "delta_mae": 0.008028517098731161,
      "delta_risk_detection": 0.2333333333333334,
      "delta_rmse": 0.014001288736112893,
      "direction_accuracy_clean": 0.6923076923076923,
      "direction_accuracy_original": 0.64,
      "horizonte_sem": 2,
      "loss_h_clean": 0.0634053305235607,
      "loss_h_original": 0.08249229597999164,
      "mae_clean": 0.11345161255327917,
      "mae_original": 0.105423095454548,
      "risk_detection_clean": 0.8333333333333334,
      "risk_detection_original": 0.6,
      "rmse_clean": 0.1458496449259018,
      "rmse_original": 0.1318483561897889
    },
    {
      "delta_direction_accuracy": -0.125,
      "delta_loss_h": 0.0046920997329653324,
      "delta_mae": 0.027828974361466155,
      "delta_risk_detection": 0.18181818181818177,
      "delta_rmse": 0.03794343469737685,
      "direction_accuracy_clean": 0.6666666666666666,
      "direction_accuracy_original": 0.7916666666666666,
      "horizonte_sem": 3,
      "loss_h_clean": 0.07364099790609273,
      "loss_h_original": 0.0689488981731274,
      "mae_clean": 0.13587012907685256,
      "mae_original": 0.1080411547153864,
      "risk_detection_clean": 1.0,
      "risk_detection_original": 0.8181818181818182,
      "rmse_clean": 0.17540011384999166,
      "rmse_original": 0.1374566791526148
    },
    {
      "delta_direction_accuracy": 0.031620553359683834,
      "delta_loss_h": -0.0033474652927710305,
      "delta_mae": 0.03211686841650342,
      "delta_risk_detection": 0.16666666666666674,
      "delta_rmse": 0.04553899746018217,
      "direction_accuracy_clean": 0.7272727272727273,
      "direction_accuracy_original": 0.6956521739130435,
      "horizonte_sem": 4,
      "loss_h_clean": 0.03890616929555788,
      "loss_h_original": 0.04225363458832891,
      "mae_clean": 0.13241382517542533,
      "mae_original": 0.1002969567589219,
      "risk_detection_clean": 0.8333333333333334,
      "risk_detection_original": 0.6666666666666666,
      "rmse_clean": 0.18628923198498548,
      "rmse_original": 0.1407502345248033
    }
  ],
  "l_total_radar_clean": 0.22750962017362367,
  "reference_run_id": "E3_v2_clean"
}