{
  "clean_run_id": "E9_v2_clean",
  "comparacion_por_horizonte": [
    {
      "delta_direction_accuracy": 0.1428571428571428,
      "delta_loss_h": -0.040809457283753896,
      "delta_mae": -0.012862454082066363,
      "delta_risk_detection": 0.2857142857142857,
      "delta_rmse": -0.004622654684299482,
      "direction_accuracy_clean": 0.8571428571428571,
      "direction_accuracy_original": 0.7142857142857143,
      "horizonte_sem": 1,
      "loss_h_clean": 0.05155712244841234,
      "loss_h_original": 0.09236657973216623,
      "mae_clean": 0.12389362840036673,
      "mae_original": 0.1367560824824331,
      "risk_detection_clean": 1.0,
      "risk_detection_original": 0.7142857142857143,
      "rmse_clean": 0.16687812023759002,
      "rmse_original": 0.1715007749218895
    },
    {
      "delta_direction_accuracy": 0.0,
      "delta_loss_h": -0.008131840625557121,
      "delta_mae": 0.00249486419595836,
      "delta_risk_detection": 0.16666666666666674,
      "delta_rmse": -0.0133630643310155,
      "direction_accuracy_clean": 0.6923076923076923,
      "direction_accuracy_original": 0.6923076923076923,
      "horizonte_sem": 2,
      "loss_h_clean": 0.0634053305235607,
      "loss_h_original": 0.07153717114911783,
      "mae_clean": 0.11345161255327917,
      "mae_original": 0.1109567483573208,
      "risk_detection_clean": 0.8333333333333334,
      "risk_detection_original": 0.6666666666666666,
      "rmse_clean": 0.1458496449259018,
      "rmse_original": 0.1592127092569173
    },
    {
      "delta_direction_accuracy": -0.16666666666666674,
      "delta_loss_h": 0.0195305649852981,
      "delta_mae": 0.011670113408380464,
      "delta_risk_detection": 0.0,
      "delta_rmse": 0.010224218286111864,
      "direction_accuracy_clean": 0.6666666666666666,
      "direction_accuracy_original": 0.8333333333333334,
      "horizonte_sem": 3,
      "loss_h_clean": 0.07364099790609273,
      "loss_h_original": 0.05411043292079463,
      "mae_clean": 0.13587012907685256,
      "mae_original": 0.1242000156684721,
      "risk_detection_clean": 1.0,
      "risk_detection_original": 1.0,
      "rmse_clean": 0.17540011384999166,
      "rmse_original": 0.1651758955638798
    },
    {
      "delta_direction_accuracy": 0.09090909090909094,
      "delta_loss_h": -0.011554208164869371,
      "delta_mae": 0.009565169099295626,
      "delta_risk_detection": 0.16666666666666674,
      "delta_rmse": 0.01690667904397647,
      "direction_accuracy_clean": 0.7272727272727273,
      "direction_accuracy_original": 0.6363636363636364,
      "horizonte_sem": 4,
      "loss_h_clean": 0.03890616929555788,
      "loss_h_original": 0.05046037746042725,
      "mae_clean": 0.13241382517542533,
      "mae_original": 0.1228486560761297,
      "risk_detection_clean": 0.8333333333333334,
      "risk_detection_original": 0.6666666666666666,
      "rmse_clean": 0.18628923198498548,
      "rmse_original": 0.169382552941009
    }
  ],
  "l_total_radar_clean": 0.22750962017362367,
  "reference_run_id": "E9_v1_clean"
}