{
  "clean_run_id": "E9_v2_operativo_rebuild",
  "comparacion_por_horizonte": [
    {
      "delta_direction_accuracy": 0.1071428571428571,
      "delta_loss_h": -0.019521146661386594,
      "delta_mae": 0.004161313581804632,
      "delta_risk_detection": 0.15384615384615385,
      "delta_rmse": 0.01689307284790631,
      "direction_accuracy_clean": 0.8571428571428571,
      "direction_accuracy_original": 0.75,
      "horizonte_sem": 1,
      "loss_h_clean": 0.05155712244841234,
      "loss_h_original": 0.07107826910979893,
      "mae_clean": 0.12389362840036673,
      "mae_original": 0.1197323148185621,
      "risk_detection_clean": 1.0,
      "risk_detection_original": 0.8461538461538461,
      "rmse_clean": 0.16687812023759002,
      "rmse_original": 0.1499850473896837
    },
    {
      "delta_direction_accuracy": 0.02564102564102566,
      "delta_loss_h": -0.005871384371244834,
      "delta_mae": -0.00012430559709612765,
      "delta_risk_detection": 0.08333333333333337,
      "delta_rmse": -0.0021217508885290892,
      "direction_accuracy_clean": 0.6923076923076923,
      "direction_accuracy_original": 0.6666666666666666,
      "horizonte_sem": 2,
      "loss_h_clean": 0.0634053305235607,
      "loss_h_original": 0.06927671489480554,
      "mae_clean": 0.11345161255327917,
      "mae_original": 0.1135759181503753,
      "risk_detection_clean": 0.8333333333333334,
      "risk_detection_original": 0.75,
      "rmse_clean": 0.1458496449259018,
      "rmse_original": 0.1479713958144309
    },
    {
      "delta_direction_accuracy": 0.012820512820512775,
      "delta_loss_h": -0.03548014651487337,
      "delta_mae": -0.006039564090063648,
      "delta_risk_detection": 0.41666666666666663,
      "delta_rmse": 0.012271147950985245,
      "direction_accuracy_clean": 0.6666666666666666,
      "direction_accuracy_original": 0.6538461538461539,
      "horizonte_sem": 3,
      "loss_h_clean": 0.07364099790609273,
      "loss_h_original": 0.1091211444209661,
      "mae_clean": 0.13587012907685256,
      "mae_original": 0.1419096931669162,
      "risk_detection_clean": 1.0,
      "risk_detection_original": 0.5833333333333334,
      "rmse_clean": 0.17540011384999166,
      "rmse_original": 0.1631289658990064
    },
    {
      "delta_direction_accuracy": -0.032727272727272716,
      "delta_loss_h": 0.0019177859335863731,
      "delta_mae": -0.01101631377731388,
      "delta_risk_detection": -0.06666666666666665,
      "delta_rmse": 0.019162289657646492,
      "direction_accuracy_clean": 0.7272727272727273,
      "direction_accuracy_original": 0.76,
      "horizonte_sem": 4,
      "loss_h_clean": 0.03890616929555788,
      "loss_h_original": 0.03698838336197151,
      "mae_clean": 0.13241382517542533,
      "mae_original": 0.1434301389527392,
      "risk_detection_clean": 0.8333333333333334,
      "risk_detection_original": 0.9,
      "rmse_clean": 0.18628923198498548,
      "rmse_original": 0.167126942327339
    }
  ],
  "l_total_radar_clean": 0.22750962017362367,
  "reference_run_id": "E2_v3_clean"
}