{
  "clean_run_id": "E9_v2_operativo_rebuild",
  "comparacion_por_horizonte": [
    {
      "delta_direction_accuracy": 0.0,
      "delta_loss_h": 0.0,
      "delta_mae": 2.7755575615628914e-17,
      "delta_risk_detection": 0.0,
      "delta_rmse": 2.7755575615628914e-17,
      "direction_accuracy_clean": 0.8571428571428571,
      "direction_accuracy_original": 0.8571428571428571,
      "horizonte_sem": 1,
      "loss_h_clean": 0.05155712244841234,
      "loss_h_original": 0.05155712244841234,
      "mae_clean": 0.12389362840036673,
      "mae_original": 0.1238936284003667,
      "risk_detection_clean": 1.0,
      "risk_detection_original": 1.0,
      "rmse_clean": 0.16687812023759002,
      "rmse_original": 0.16687812023759
    },
    {
      "delta_direction_accuracy": 0.0,
      "delta_loss_h": 0.0,
      "delta_mae": -2.7755575615628914e-17,
      "delta_risk_detection": 0.0,
      "delta_rmse": 0.0,
      "direction_accuracy_clean": 0.6923076923076923,
      "direction_accuracy_original": 0.6923076923076923,
      "horizonte_sem": 2,
      "loss_h_clean": 0.0634053305235607,
      "loss_h_original": 0.0634053305235607,
      "mae_clean": 0.11345161255327917,
      "mae_original": 0.1134516125532792,
      "risk_detection_clean": 0.8333333333333334,
      "risk_detection_original": 0.8333333333333334,
      "rmse_clean": 0.1458496449259018,
      "rmse_original": 0.1458496449259018
    },
    {
      "delta_direction_accuracy": 0.0,
      "delta_loss_h": 0.0,
      "delta_mae": -5.551115123125783e-17,
      "delta_risk_detection": 0.0,
      "delta_rmse": -5.551115123125783e-17,
      "direction_accuracy_clean": 0.6666666666666666,
      "direction_accuracy_original": 0.6666666666666666,
      "horizonte_sem": 3,
      "loss_h_clean": 0.07364099790609273,
      "loss_h_original": 0.07364099790609273,
      "mae_clean": 0.13587012907685256,
      "mae_original": 0.1358701290768526,
      "risk_detection_clean": 1.0,
      "risk_detection_original": 1.0,
      "rmse_clean": 0.17540011384999166,
      "rmse_original": 0.1754001138499917
    },
    {
      "delta_direction_accuracy": 0.0,
      "delta_loss_h": 0.0,
      "delta_mae": 2.7755575615628914e-17,
      "delta_risk_detection": 0.0,
      "delta_rmse": -2.7755575615628914e-17,
      "direction_accuracy_clean": 0.7272727272727273,
      "direction_accuracy_original": 0.7272727272727273,
      "horizonte_sem": 4,
      "loss_h_clean": 0.03890616929555788,
      "loss_h_original": 0.03890616929555788,
      "mae_clean": 0.13241382517542533,
      "mae_original": 0.1324138251754253,
      "risk_detection_clean": 0.8333333333333334,
      "risk_detection_original": 0.8333333333333334,
      "rmse_clean": 0.18628923198498548,
      "rmse_original": 0.1862892319849855
    }
  ],
  "l_total_radar_clean": 0.22750962017362367,
  "reference_run_id": "E9_v2_clean"
}