{
  "clean_run_id": "E9_v2_operativo_rebuild",
  "comparacion_por_horizonte": [
    {
      "delta_direction_accuracy": 0.2802197802197802,
      "delta_loss_h": -0.06619076954203737,
      "delta_mae": -0.025182081501872858,
      "delta_risk_detection": 0.5,
      "delta_rmse": -0.012414731357063391,
      "direction_accuracy_clean": 0.8571428571428571,
      "direction_accuracy_original": 0.5769230769230769,
      "horizonte_sem": 1,
      "loss_h_clean": 0.05155712244841234,
      "loss_h_original": 0.1177478919904497,
      "mae_clean": 0.12389362840036673,
      "mae_original": 0.1490757099022396,
      "risk_detection_clean": 1.0,
      "risk_detection_original": 0.5,
      "rmse_clean": 0.16687812023759002,
      "rmse_original": 0.1792928515946534
    },
    {
      "delta_direction_accuracy": 0.05230769230769228,
      "delta_loss_h": -0.005024211839116666,
      "delta_mae": -0.009109755677569331,
      "delta_risk_detection": 0.033333333333333326,
      "delta_rmse": -0.016235627194267688,
      "direction_accuracy_clean": 0.6923076923076923,
      "direction_accuracy_original": 0.64,
      "horizonte_sem": 2,
      "loss_h_clean": 0.0634053305235607,
      "loss_h_original": 0.06842954236267737,
      "mae_clean": 0.11345161255327917,
      "mae_original": 0.1225613682308485,
      "risk_detection_clean": 0.8333333333333334,
      "risk_detection_original": 0.8,
      "rmse_clean": 0.1458496449259018,
      "rmse_original": 0.1620852721201695
    },
    {
      "delta_direction_accuracy": -0.16666666666666674,
      "delta_loss_h": 0.00533686178790696,
      "delta_mae": -0.012008733874187244,
      "delta_risk_detection": 0.09090909090909094,
      "delta_rmse": -0.012795160627020935,
      "direction_accuracy_clean": 0.6666666666666666,
      "direction_accuracy_original": 0.8333333333333334,
      "horizonte_sem": 3,
      "loss_h_clean": 0.07364099790609273,
      "loss_h_original": 0.06830413611818577,
      "mae_clean": 0.13587012907685256,
      "mae_original": 0.1478788629510398,
      "risk_detection_clean": 1.0,
      "risk_detection_original": 0.9090909090909091,
      "rmse_clean": 0.17540011384999166,
      "rmse_original": 0.1881952744770126
    },
    {
      "delta_direction_accuracy": 0.2490118577075099,
      "delta_loss_h": -0.027940098720778316,
      "delta_mae": -0.06586857691768716,
      "delta_risk_detection": 0.2777777777777778,
      "delta_rmse": -0.06189618376154432,
      "direction_accuracy_clean": 0.7272727272727273,
      "direction_accuracy_original": 0.4782608695652174,
      "horizonte_sem": 4,
      "loss_h_clean": 0.03890616929555788,
      "loss_h_original": 0.0668462680163362,
      "mae_clean": 0.13241382517542533,
      "mae_original": 0.1982824020931125,
      "risk_detection_clean": 0.8333333333333334,
      "risk_detection_original": 0.5555555555555556,
      "rmse_clean": 0.18628923198498548,
      "rmse_original": 0.2481854157465298
    }
  ],
  "l_total_radar_clean": 0.22750962017362367,
  "reference_run_id": "E7_v3_clean"
}