{
  "clean_run_id": "E5_v2_clean",
  "comparacion_por_horizonte": [
    {
      "delta_direction_accuracy": 0.0,
      "delta_loss_h": -0.00023032755082955103,
      "delta_mae": 0.0054116788810402855,
      "delta_risk_detection": 0.0,
      "delta_rmse": -0.002302401858979647,
      "direction_accuracy_clean": 0.8076923076923077,
      "direction_accuracy_original": 0.8076923076923077,
      "horizonte_sem": 1,
      "loss_h_clean": 0.06462945234155935,
      "loss_h_original": 0.0648597798923889,
      "mae_clean": 0.10601046101987138,
      "mae_original": 0.1005987821388311,
      "risk_detection_clean": 0.8333333333333334,
      "risk_detection_original": 0.8333333333333334,
      "rmse_clean": 0.13054957976162834,
      "rmse_original": 0.132851981620608
    },
    {
      "delta_direction_accuracy": -0.08000000000000007,
      "delta_loss_h": 0.010554066192213399,
      "delta_mae": 0.0021381380976598363,
      "delta_risk_detection": -0.09999999999999998,
      "delta_rmse": -0.001620944046261008,
      "direction_accuracy_clean": 0.6,
      "direction_accuracy_original": 0.68,
      "horizonte_sem": 2,
      "loss_h_clean": 0.08205496921076803,
      "loss_h_original": 0.07150090301855463,
      "mae_clean": 0.10586380220149344,
      "mae_original": 0.1037256641038336,
      "risk_detection_clean": 0.6,
      "risk_detection_original": 0.7,
      "rmse_clean": 0.1348630281239572,
      "rmse_original": 0.1364839721702182
    },
    {
      "delta_direction_accuracy": 0.0,
      "delta_loss_h": 0.002403040146023938,
      "delta_mae": 0.006756640295980179,
      "delta_risk_detection": 0.0,
      "delta_rmse": 0.0013411126834096676,
      "direction_accuracy_clean": 0.7916666666666666,
      "direction_accuracy_original": 0.7916666666666666,
      "horizonte_sem": 3,
      "loss_h_clean": 0.07058422139487423,
      "loss_h_original": 0.0681811812488503,
      "mae_clean": 0.11029909032674338,
      "mae_original": 0.1035424500307632,
      "risk_detection_clean": 0.8181818181818182,
      "risk_detection_original": 0.8181818181818182,
      "rmse_clean": 0.13853181353028057,
      "rmse_original": 0.1371907008468709
    },
    {
      "delta_direction_accuracy": -0.04347826086956519,
      "delta_loss_h": 0.005649995374173593,
      "delta_mae": 0.005919241784959783,
      "delta_risk_detection": -0.11111111111111116,
      "delta_rmse": 0.010641942308067198,
      "direction_accuracy_clean": 0.6521739130434783,
      "direction_accuracy_original": 0.6956521739130435,
      "horizonte_sem": 4,
      "loss_h_clean": 0.04454989228099418,
      "loss_h_original": 0.03889989690682059,
      "mae_clean": 0.10810019920384129,
      "mae_original": 0.1021809574188815,
      "risk_detection_clean": 0.6666666666666666,
      "risk_detection_original": 0.7777777777777778,
      "rmse_clean": 0.1501639964685235,
      "rmse_original": 0.1395220541604563
    }
  ],
  "l_total_radar_clean": 0.26181853522819576,
  "reference_run_id": "E1_v5_clean"
}