{
  "clean_run_id": "E1_v2_clean",
  "comparacion_por_horizonte": [
    {
      "delta_direction_accuracy": 0.0,
      "delta_loss_h": 0.002193631173265334,
      "delta_mae": 0.0002975281138548197,
      "delta_risk_detection": 0.0,
      "delta_rmse": -0.0024567067701775913,
      "direction_accuracy_clean": 0.8214285714285714,
      "direction_accuracy_original": 0.8214285714285714,
      "horizonte_sem": 1,
      "loss_h_clean": 0.07498523812807274,
      "loss_h_original": 0.07279160695480741,
      "mae_clean": 0.10881974353336672,
      "mae_original": 0.1085222154195119,
      "risk_detection_clean": 0.7692307692307693,
      "risk_detection_original": 0.7692307692307693,
      "rmse_clean": 0.1340214097591685,
      "rmse_original": 0.1364781165293461
    },
    {
      "delta_direction_accuracy": 0.0,
      "delta_loss_h": -0.0011655549216798705,
      "delta_mae": -0.0016850274652234626,
      "delta_risk_detection": 0.0,
      "delta_rmse": -0.0026403584580183825,
      "direction_accuracy_clean": 0.5925925925925926,
      "direction_accuracy_original": 0.5925925925925926,
      "horizonte_sem": 2,
      "loss_h_clean": 0.08445991151314503,
      "loss_h_original": 0.0856254664348249,
      "mae_clean": 0.10151669126022934,
      "mae_original": 0.1032017187254528,
      "risk_detection_clean": 0.5833333333333334,
      "risk_detection_original": 0.5833333333333334,
      "rmse_clean": 0.12902048071566982,
      "rmse_original": 0.1316608391736882
    },
    {
      "delta_direction_accuracy": 0.0,
      "delta_loss_h": -0.000837827002481889,
      "delta_mae": -0.004909539104557728,
      "delta_risk_detection": 0.0,
      "delta_rmse": -0.006844713086049281,
      "direction_accuracy_clean": 0.8461538461538461,
      "direction_accuracy_original": 0.8461538461538461,
      "horizonte_sem": 3,
      "loss_h_clean": 0.06430358814858943,
      "loss_h_original": 0.06514141515107132,
      "mae_clean": 0.10072026460520947,
      "mae_original": 0.1056298037097672,
      "risk_detection_clean": 0.8333333333333334,
      "risk_detection_original": 0.8333333333333334,
      "rmse_clean": 0.13035147851543902,
      "rmse_original": 0.1371961916014883
    },
    {
      "delta_direction_accuracy": 0.0,
      "delta_loss_h": -1.2878587279455123e-05,
      "delta_mae": -0.00015093313457939517,
      "delta_risk_detection": 0.0,
      "delta_rmse": -0.00013099426837320793,
      "direction_accuracy_clean": 0.72,
      "direction_accuracy_original": 0.72,
      "horizonte_sem": 4,
      "loss_h_clean": 0.03748993210115598,
      "loss_h_original": 0.03750281068843544,
      "mae_clean": 0.10184336704401831,
      "mae_original": 0.1019943001785977,
      "risk_detection_clean": 0.8,
      "risk_detection_original": 0.8,
      "rmse_clean": 0.1355117907704749,
      "rmse_original": 0.1356427850388481
    }
  ],
  "l_total_radar_clean": 0.26123866989096317,
  "reference_run_id": "E1_v2"
}