{
  "clean_run_id": "E7_v2_clean",
  "comparacion_por_horizonte": [
    {
      "delta_direction_accuracy": -0.15384615384615385,
      "delta_loss_h": 0.11464727820972838,
      "delta_mae": 7.7726086950919315,
      "delta_risk_detection": -0.16666666666666669,
      "delta_rmse": 11.175762808567342,
      "direction_accuracy_clean": 0.46153846153846156,
      "direction_accuracy_original": 0.6153846153846154,
      "horizonte_sem": 1,
      "loss_h_clean": 0.21913461538461537,
      "loss_h_original": 0.104487337174887,
      "mae_clean": 7.924552479507661,
      "mae_original": 0.1519437844157301,
      "risk_detection_clean": 0.4166666666666667,
      "risk_detection_original": 0.5833333333333334,
      "rmse_clean": 11.382901842639292,
      "rmse_original": 0.2071390340719503
    },
    {
      "delta_direction_accuracy": 0.24,
      "delta_loss_h": 0.020717748618979764,
      "delta_mae": 10.661079149622545,
      "delta_risk_detection": 0.3,
      "delta_rmse": 19.006406196554508,
      "direction_accuracy_clean": 0.6,
      "direction_accuracy_original": 0.36,
      "horizonte_sem": 2,
      "loss_h_clean": 0.16249999999999998,
      "loss_h_original": 0.1417822513810202,
      "mae_clean": 10.921483198305173,
      "mae_original": 0.2604040486826282,
      "risk_detection_clean": 0.6,
      "risk_detection_original": 0.3,
      "rmse_clean": 19.336680056746165,
      "rmse_original": 0.3302738601916567
    },
    {
      "delta_direction_accuracy": -0.08333333333333326,
      "delta_loss_h": 0.04121683528981698,
      "delta_mae": 9.503503487901801,
      "delta_risk_detection": 0.45454545454545464,
      "delta_rmse": 14.954692331489328,
      "direction_accuracy_clean": 0.5833333333333334,
      "direction_accuracy_original": 0.6666666666666666,
      "horizonte_sem": 3,
      "loss_h_clean": 0.1798863636363636,
      "loss_h_original": 0.1386695283465466,
      "mae_clean": 9.743418893344902,
      "mae_original": 0.2399154054431016,
      "risk_detection_clean": 0.8181818181818182,
      "risk_detection_original": 0.3636363636363636,
      "rmse_clean": 15.282590193296063,
      "rmse_original": 0.327897861806735
    },
    {
      "delta_direction_accuracy": -0.26086956521739135,
      "delta_loss_h": 0.05964108704194123,
      "delta_mae": 9.807950098819774,
      "delta_risk_detection": -0.5555555555555556,
      "delta_rmse": 14.544290670242178,
      "direction_accuracy_clean": 0.34782608695652173,
      "direction_accuracy_original": 0.6086956521739131,
      "horizonte_sem": 4,
      "loss_h_clean": 0.1204710144927536,
      "loss_h_original": 0.06082992745081237,
      "mae_clean": 10.09071155556653,
      "mae_original": 0.2827614567467568,
      "risk_detection_clean": 0.2222222222222222,
      "risk_detection_original": 0.7777777777777778,
      "rmse_clean": 14.896085391438833,
      "rmse_original": 0.3517947211966547
    }
  ],
  "l_total_radar_clean": 0.6819919935137326,
  "reference_run_id": "E6_v2_clean"
}