{
  "clean_run_id": "E7_v2_clean",
  "comparacion_por_horizonte": [
    {
      "delta_direction_accuracy": -0.39560439560439553,
      "delta_loss_h": 0.15512566593127192,
      "delta_mae": 7.817992465357416,
      "delta_risk_detection": -0.42948717948717946,
      "delta_rmse": 11.248306672908924,
      "direction_accuracy_clean": 0.46153846153846156,
      "direction_accuracy_original": 0.8571428571428571,
      "horizonte_sem": 1,
      "loss_h_clean": 0.21913461538461537,
      "loss_h_original": 0.06400894945334344,
      "mae_clean": 7.924552479507661,
      "mae_original": 0.1065600141502451,
      "risk_detection_clean": 0.4166666666666667,
      "risk_detection_original": 0.8461538461538461,
      "rmse_clean": 11.382901842639292,
      "rmse_original": 0.1345951697303669
    },
    {
      "delta_direction_accuracy": 0.007407407407407418,
      "delta_loss_h": 0.07816042894395517,
      "delta_mae": 10.820812719227044,
      "delta_risk_detection": 0.016666666666666607,
      "delta_rmse": 19.207223918384823,
      "direction_accuracy_clean": 0.6,
      "direction_accuracy_original": 0.5925925925925926,
      "horizonte_sem": 2,
      "loss_h_clean": 0.16249999999999998,
      "loss_h_original": 0.08433957105604481,
      "mae_clean": 10.921483198305173,
      "mae_original": 0.1006704790781292,
      "risk_detection_clean": 0.6,
      "risk_detection_original": 0.5833333333333334,
      "rmse_clean": 19.336680056746165,
      "rmse_original": 0.1294561383613403
    },
    {
      "delta_direction_accuracy": -0.22435897435897434,
      "delta_loss_h": 0.11248847283899421,
      "delta_mae": 9.641469893189162,
      "delta_risk_detection": -0.015151515151515138,
      "delta_rmse": 15.150906391809325,
      "direction_accuracy_clean": 0.5833333333333334,
      "direction_accuracy_original": 0.8076923076923077,
      "horizonte_sem": 3,
      "loss_h_clean": 0.1798863636363636,
      "loss_h_original": 0.06739789079736938,
      "mae_clean": 9.743418893344902,
      "mae_original": 0.1019490001557397,
      "risk_detection_clean": 0.8181818181818182,
      "risk_detection_original": 0.8333333333333334,
      "rmse_clean": 15.282590193296063,
      "rmse_original": 0.1316838014867373
    },
    {
      "delta_direction_accuracy": -0.37217391304347824,
      "delta_loss_h": 0.0829399815499994,
      "delta_mae": 9.98838649913208,
      "delta_risk_detection": -0.5777777777777778,
      "delta_rmse": 14.760230172488942,
      "direction_accuracy_clean": 0.34782608695652173,
      "direction_accuracy_original": 0.72,
      "horizonte_sem": 4,
      "loss_h_clean": 0.1204710144927536,
      "loss_h_original": 0.03753103294275419,
      "mae_clean": 10.09071155556653,
      "mae_original": 0.1023250564344506,
      "risk_detection_clean": 0.2222222222222222,
      "risk_detection_original": 0.8,
      "rmse_clean": 14.896085391438833,
      "rmse_original": 0.1358552189498907
    }
  ],
  "l_total_radar_clean": 0.6819919935137326,
  "reference_run_id": "E1_v4_clean"
}