{
  "clean_run_id": "E7_v2_clean",
  "comparacion_por_horizonte": [
    {
      "delta_direction_accuracy": -0.34615384615384615,
      "delta_loss_h": 0.15427483549222648,
      "delta_mae": 7.823953697368831,
      "delta_risk_detection": -0.4166666666666667,
      "delta_rmse": 11.250049861018685,
      "direction_accuracy_clean": 0.46153846153846156,
      "direction_accuracy_original": 0.8076923076923077,
      "horizonte_sem": 1,
      "loss_h_clean": 0.21913461538461537,
      "loss_h_original": 0.0648597798923889,
      "mae_clean": 7.924552479507661,
      "mae_original": 0.1005987821388311,
      "risk_detection_clean": 0.4166666666666667,
      "risk_detection_original": 0.8333333333333334,
      "rmse_clean": 11.382901842639292,
      "rmse_original": 0.132851981620608
    },
    {
      "delta_direction_accuracy": -0.08000000000000007,
      "delta_loss_h": 0.09099909698144534,
      "delta_mae": 10.81775753420134,
      "delta_risk_detection": -0.09999999999999998,
      "delta_rmse": 19.200196084575946,
      "direction_accuracy_clean": 0.6,
      "direction_accuracy_original": 0.68,
      "horizonte_sem": 2,
      "loss_h_clean": 0.16249999999999998,
      "loss_h_original": 0.07150090301855463,
      "mae_clean": 10.921483198305173,
      "mae_original": 0.1037256641038336,
      "risk_detection_clean": 0.6,
      "risk_detection_original": 0.7,
      "rmse_clean": 19.336680056746165,
      "rmse_original": 0.1364839721702182
    },
    {
      "delta_direction_accuracy": -0.20833333333333326,
      "delta_loss_h": 0.1117051823875133,
      "delta_mae": 9.639876443314138,
      "delta_risk_detection": 0.0,
      "delta_rmse": 15.145399492449192,
      "direction_accuracy_clean": 0.5833333333333334,
      "direction_accuracy_original": 0.7916666666666666,
      "horizonte_sem": 3,
      "loss_h_clean": 0.1798863636363636,
      "loss_h_original": 0.0681811812488503,
      "mae_clean": 9.743418893344902,
      "mae_original": 0.1035424500307632,
      "risk_detection_clean": 0.8181818181818182,
      "risk_detection_original": 0.8181818181818182,
      "rmse_clean": 15.282590193296063,
      "rmse_original": 0.1371907008468709
    },
    {
      "delta_direction_accuracy": -0.34782608695652173,
      "delta_loss_h": 0.08157111758593302,
      "delta_mae": 9.98853059814765,
      "delta_risk_detection": -0.5555555555555556,
      "delta_rmse": 14.756563337278376,
      "direction_accuracy_clean": 0.34782608695652173,
      "direction_accuracy_original": 0.6956521739130435,
      "horizonte_sem": 4,
      "loss_h_clean": 0.1204710144927536,
      "loss_h_original": 0.03889989690682059,
      "mae_clean": 10.09071155556653,
      "mae_original": 0.1021809574188815,
      "risk_detection_clean": 0.2222222222222222,
      "risk_detection_original": 0.7777777777777778,
      "rmse_clean": 14.896085391438833,
      "rmse_original": 0.1395220541604563
    }
  ],
  "l_total_radar_clean": 0.6819919935137326,
  "reference_run_id": "E1_v5_clean"
}