{
  "clean_run_id": "E7_v2_clean",
  "comparacion_por_horizonte": [
    {
      "delta_direction_accuracy": -0.11538461538461531,
      "delta_loss_h": 0.10152554973377627,
      "delta_mae": 7.776290270890343,
      "delta_risk_detection": -0.08333333333333331,
      "delta_rmse": 11.205186566990825,
      "direction_accuracy_clean": 0.46153846153846156,
      "direction_accuracy_original": 0.5769230769230769,
      "horizonte_sem": 1,
      "loss_h_clean": 0.21913461538461537,
      "loss_h_original": 0.1176090656508391,
      "mae_clean": 7.924552479507661,
      "mae_original": 0.1482622086173182,
      "risk_detection_clean": 0.4166666666666667,
      "risk_detection_original": 0.5,
      "rmse_clean": 11.382901842639292,
      "rmse_original": 0.1777152756484667
    },
    {
      "delta_direction_accuracy": -0.040000000000000036,
      "delta_loss_h": 0.09271555623702032,
      "delta_mae": 10.796426228049729,
      "delta_risk_detection": -0.20000000000000007,
      "delta_rmse": 19.174478929708368,
      "direction_accuracy_clean": 0.6,
      "direction_accuracy_original": 0.64,
      "horizonte_sem": 2,
      "loss_h_clean": 0.16249999999999998,
      "loss_h_original": 0.06978444376297965,
      "mae_clean": 10.921483198305173,
      "mae_original": 0.1250569702554452,
      "risk_detection_clean": 0.6,
      "risk_detection_original": 0.8,
      "rmse_clean": 19.336680056746165,
      "rmse_original": 0.1622011270377969
    },
    {
      "delta_direction_accuracy": -0.20833333333333326,
      "delta_loss_h": 0.10863359653928654,
      "delta_mae": 9.596573526095721,
      "delta_risk_detection": -0.09090909090909083,
      "delta_rmse": 15.09400508320404,
      "direction_accuracy_clean": 0.5833333333333334,
      "direction_accuracy_original": 0.7916666666666666,
      "horizonte_sem": 3,
      "loss_h_clean": 0.1798863636363636,
      "loss_h_original": 0.07125276709707705,
      "mae_clean": 9.743418893344902,
      "mae_original": 0.1468453672491815,
      "risk_detection_clean": 0.8181818181818182,
      "risk_detection_original": 0.9090909090909091,
      "rmse_clean": 15.282590193296063,
      "rmse_original": 0.1885851100920226
    },
    {
      "delta_direction_accuracy": -0.13043478260869568,
      "delta_loss_h": 0.05361531592762919,
      "delta_mae": 9.89231863030356,
      "delta_risk_detection": -0.33333333333333337,
      "delta_rmse": 14.647918704662704,
      "direction_accuracy_clean": 0.34782608695652173,
      "direction_accuracy_original": 0.4782608695652174,
      "horizonte_sem": 4,
      "loss_h_clean": 0.1204710144927536,
      "loss_h_original": 0.06685569856512441,
      "mae_clean": 10.09071155556653,
      "mae_original": 0.1983929252629698,
      "risk_detection_clean": 0.2222222222222222,
      "risk_detection_original": 0.5555555555555556,
      "rmse_clean": 14.896085391438833,
      "rmse_original": 0.2481666867761293
    }
  ],
  "l_total_radar_clean": 0.6819919935137326,
  "reference_run_id": "E7_v1_clean"
}