{
  "clean_run_id": "E8_v1_clean",
  "comparacion_por_horizonte": [
    {
      "delta_direction_accuracy": -0.20329670329670324,
      "delta_loss_h": 0.045108387383723664,
      "delta_mae": 0.042088730532293867,
      "delta_risk_detection": -0.2628205128205128,
      "delta_rmse": 0.035033751897008886,
      "direction_accuracy_clean": 0.6538461538461539,
      "direction_accuracy_original": 0.8571428571428571,
      "horizonte_sem": 1,
      "loss_h_clean": 0.1091173368370671,
      "loss_h_original": 0.06400894945334344,
      "mae_clean": 0.14864874468253897,
      "mae_original": 0.1065600141502451,
      "risk_detection_clean": 0.5833333333333334,
      "risk_detection_original": 0.8461538461538461,
      "rmse_clean": 0.16962892162737578,
      "rmse_original": 0.1345951697303669
    },
    {
      "delta_direction_accuracy": 0.007407407407407418,
      "delta_loss_h": 0.00706136165980889,
      "delta_mae": 0.035753347155045856,
      "delta_risk_detection": 0.016666666666666607,
      "delta_rmse": 0.03519041633195516,
      "direction_accuracy_clean": 0.6,
      "direction_accuracy_original": 0.5925925925925926,
      "horizonte_sem": 2,
      "loss_h_clean": 0.0914009327158537,
      "loss_h_original": 0.08433957105604481,
      "mae_clean": 0.13642382623317506,
      "mae_original": 0.1006704790781292,
      "risk_detection_clean": 0.6,
      "risk_detection_original": 0.5833333333333334,
      "rmse_clean": 0.16464655469329545,
      "rmse_original": 0.1294561383613403
    },
    {
      "delta_direction_accuracy": -0.05769230769230771,
      "delta_loss_h": 0.019811527732468304,
      "delta_mae": 0.032856065357739675,
      "delta_risk_detection": -0.10606060606060608,
      "delta_rmse": 0.03246018950760837,
      "direction_accuracy_clean": 0.75,
      "direction_accuracy_original": 0.8076923076923077,
      "horizonte_sem": 3,
      "loss_h_clean": 0.08720941852983768,
      "loss_h_original": 0.06739789079736938,
      "mae_clean": 0.13480506551347937,
      "mae_original": 0.1019490001557397,
      "risk_detection_clean": 0.7272727272727273,
      "risk_detection_original": 0.8333333333333334,
      "rmse_clean": 0.16414399099434568,
      "rmse_original": 0.1316838014867373
    },
    {
      "delta_direction_accuracy": -0.0678260869565217,
      "delta_loss_h": 0.0112228382873696,
      "delta_mae": 0.03211465922236993,
      "delta_risk_detection": -0.13333333333333341,
      "delta_rmse": 0.02946534249311264,
      "direction_accuracy_clean": 0.6521739130434783,
      "direction_accuracy_original": 0.72,
      "horizonte_sem": 4,
      "loss_h_clean": 0.04875387123012379,
      "loss_h_original": 0.03753103294275419,
      "mae_clean": 0.13443971565682053,
      "mae_original": 0.1023250564344506,
      "risk_detection_clean": 0.6666666666666666,
      "risk_detection_original": 0.8,
      "rmse_clean": 0.16532056144300333,
      "rmse_original": 0.1358552189498907
    }
  ],
  "l_total_radar_clean": 0.3364815593128823,
  "reference_run_id": "E1_v4_clean"
}