{
  "clean_run_id": "E8_v1_clean",
  "comparacion_por_horizonte": [
    {
      "delta_direction_accuracy": -0.15384615384615385,
      "delta_loss_h": 0.036425467504107606,
      "delta_mae": 0.04554052186417647,
      "delta_risk_detection": -0.16666666666666663,
      "delta_rmse": 0.04105414216573697,
      "direction_accuracy_clean": 0.6538461538461539,
      "direction_accuracy_original": 0.8076923076923077,
      "horizonte_sem": 1,
      "loss_h_clean": 0.1091173368370671,
      "loss_h_original": 0.0726918693329595,
      "mae_clean": 0.14864874468253897,
      "mae_original": 0.1031082228183625,
      "risk_detection_clean": 0.5833333333333334,
      "risk_detection_original": 0.75,
      "rmse_clean": 0.16962892162737578,
      "rmse_original": 0.1285747794616388
    },
    {
      "delta_direction_accuracy": -0.040000000000000036,
      "delta_loss_h": 0.008908636735862063,
      "delta_mae": 0.031000730778627056,
      "delta_risk_detection": 0.0,
      "delta_rmse": 0.03279819850350654,
      "direction_accuracy_clean": 0.6,
      "direction_accuracy_original": 0.64,
      "horizonte_sem": 2,
      "loss_h_clean": 0.0914009327158537,
      "loss_h_original": 0.08249229597999164,
      "mae_clean": 0.13642382623317506,
      "mae_original": 0.105423095454548,
      "risk_detection_clean": 0.6,
      "risk_detection_original": 0.6,
      "rmse_clean": 0.16464655469329545,
      "rmse_original": 0.1318483561897889
    },
    {
      "delta_direction_accuracy": -0.04166666666666663,
      "delta_loss_h": 0.01826052035671029,
      "delta_mae": 0.02676391079809297,
      "delta_risk_detection": -0.09090909090909094,
      "delta_rmse": 0.02668731184173087,
      "direction_accuracy_clean": 0.75,
      "direction_accuracy_original": 0.7916666666666666,
      "horizonte_sem": 3,
      "loss_h_clean": 0.08720941852983768,
      "loss_h_original": 0.0689488981731274,
      "mae_clean": 0.13480506551347937,
      "mae_original": 0.1080411547153864,
      "risk_detection_clean": 0.7272727272727273,
      "risk_detection_original": 0.8181818181818182,
      "rmse_clean": 0.16414399099434568,
      "rmse_original": 0.1374566791526148
    },
    {
      "delta_direction_accuracy": -0.04347826086956519,
      "delta_loss_h": 0.006500236641794881,
      "delta_mae": 0.034142758897898626,
      "delta_risk_detection": 0.0,
      "delta_rmse": 0.02457032691820002,
      "direction_accuracy_clean": 0.6521739130434783,
      "direction_accuracy_original": 0.6956521739130435,
      "horizonte_sem": 4,
      "loss_h_clean": 0.04875387123012379,
      "loss_h_original": 0.04225363458832891,
      "mae_clean": 0.13443971565682053,
      "mae_original": 0.1002969567589219,
      "risk_detection_clean": 0.6666666666666666,
      "risk_detection_original": 0.6666666666666666,
      "rmse_clean": 0.16532056144300333,
      "rmse_original": 0.1407502345248033
    }
  ],
  "l_total_radar_clean": 0.3364815593128823,
  "reference_run_id": "E3_v2_clean"
}