{
  "clean_run_id": "E8_v1_clean",
  "comparacion_por_horizonte": [
    {
      "delta_direction_accuracy": -0.11538461538461542,
      "delta_loss_h": 0.03129019425217132,
      "delta_mae": 0.039113371650958476,
      "delta_risk_detection": -0.16666666666666663,
      "delta_rmse": 0.038963137446762386,
      "direction_accuracy_clean": 0.6538461538461539,
      "direction_accuracy_original": 0.7692307692307693,
      "horizonte_sem": 1,
      "loss_h_clean": 0.1091173368370671,
      "loss_h_original": 0.07782714258489579,
      "mae_clean": 0.14864874468253897,
      "mae_original": 0.1095353730315805,
      "risk_detection_clean": 0.5833333333333334,
      "risk_detection_original": 0.75,
      "rmse_clean": 0.16962892162737578,
      "rmse_original": 0.1306657841806134
    },
    {
      "delta_direction_accuracy": 0.0,
      "delta_loss_h": 0.008459986575996684,
      "delta_mae": 0.024329995589705264,
      "delta_risk_detection": 0.0,
      "delta_rmse": 0.027803823212628642,
      "direction_accuracy_clean": 0.6,
      "direction_accuracy_original": 0.6,
      "horizonte_sem": 2,
      "loss_h_clean": 0.0914009327158537,
      "loss_h_original": 0.08294094613985702,
      "mae_clean": 0.13642382623317506,
      "mae_original": 0.1120938306434698,
      "risk_detection_clean": 0.6,
      "risk_detection_original": 0.6,
      "rmse_clean": 0.16464655469329545,
      "rmse_original": 0.1368427314806668
    },
    {
      "delta_direction_accuracy": 0.08333333333333337,
      "delta_loss_h": 0.007003129762277904,
      "delta_mae": 0.015733387544436872,
      "delta_risk_detection": -0.09090909090909094,
      "delta_rmse": 0.01680360392278618,
      "direction_accuracy_clean": 0.75,
      "direction_accuracy_original": 0.6666666666666666,
      "horizonte_sem": 3,
      "loss_h_clean": 0.08720941852983768,
      "loss_h_original": 0.08020628876755978,
      "mae_clean": 0.13480506551347937,
      "mae_original": 0.1190716779690425,
      "risk_detection_clean": 0.7272727272727273,
      "risk_detection_original": 0.8181818181818182,
      "rmse_clean": 0.16414399099434568,
      "rmse_original": 0.1473403870715595
    },
    {
      "delta_direction_accuracy": -0.08695652173913038,
      "delta_loss_h": 0.0057941373959935,
      "delta_mae": 0.022045849849900323,
      "delta_risk_detection": 0.0,
      "delta_rmse": 0.011222058088729725,
      "direction_accuracy_clean": 0.6521739130434783,
      "direction_accuracy_original": 0.7391304347826086,
      "horizonte_sem": 4,
      "loss_h_clean": 0.04875387123012379,
      "loss_h_original": 0.04295973383413029,
      "mae_clean": 0.13443971565682053,
      "mae_original": 0.1123938658069202,
      "risk_detection_clean": 0.6666666666666666,
      "risk_detection_original": 0.6666666666666666,
      "rmse_clean": 0.16532056144300333,
      "rmse_original": 0.1540985033542736
    }
  ],
  "l_total_radar_clean": 0.3364815593128823,
  "reference_run_id": "E4_v1_clean"
}