{
  "clean_run_id": "E8_v1_clean",
  "comparacion_por_horizonte": [
    {
      "delta_direction_accuracy": -0.15384615384615385,
      "delta_loss_h": 0.046271961221769506,
      "delta_mae": 0.05309270256676911,
      "delta_risk_detection": -0.25,
      "delta_rmse": 0.04444978086041118,
      "direction_accuracy_clean": 0.6538461538461539,
      "direction_accuracy_original": 0.8076923076923077,
      "horizonte_sem": 1,
      "loss_h_clean": 0.1091173368370671,
      "loss_h_original": 0.0628453756152976,
      "mae_clean": 0.14864874468253897,
      "mae_original": 0.09555604211576986,
      "risk_detection_clean": 0.5833333333333334,
      "risk_detection_original": 0.8333333333333334,
      "rmse_clean": 0.16962892162737578,
      "rmse_original": 0.1251791407669646
    },
    {
      "delta_direction_accuracy": 0.0,
      "delta_loss_h": 0.009600239864553842,
      "delta_mae": 0.03234804909147396,
      "delta_risk_detection": 0.0,
      "delta_rmse": 0.032477914064217545,
      "direction_accuracy_clean": 0.6,
      "direction_accuracy_original": 0.6,
      "horizonte_sem": 2,
      "loss_h_clean": 0.0914009327158537,
      "loss_h_original": 0.08180069285129986,
      "mae_clean": 0.13642382623317506,
      "mae_original": 0.1040757771417011,
      "risk_detection_clean": 0.6,
      "risk_detection_original": 0.6,
      "rmse_clean": 0.16464655469329545,
      "rmse_original": 0.1321686406290779
    },
    {
      "delta_direction_accuracy": -0.04166666666666663,
      "delta_loss_h": 0.02004639626128915,
      "delta_mae": 0.02990406228631967,
      "delta_risk_detection": -0.09090909090909094,
      "delta_rmse": 0.03017383306986099,
      "direction_accuracy_clean": 0.75,
      "direction_accuracy_original": 0.7916666666666666,
      "horizonte_sem": 3,
      "loss_h_clean": 0.08720941852983768,
      "loss_h_original": 0.06716302226854853,
      "mae_clean": 0.13480506551347937,
      "mae_original": 0.1049010032271597,
      "risk_detection_clean": 0.7272727272727273,
      "risk_detection_original": 0.8181818181818182,
      "rmse_clean": 0.16414399099434568,
      "rmse_original": 0.1339701579244847
    },
    {
      "delta_direction_accuracy": -0.08695652173913038,
      "delta_loss_h": 0.0127750242447036,
      "delta_mae": 0.032097815310372924,
      "delta_risk_detection": -0.11111111111111116,
      "delta_rmse": 0.01753466191700534,
      "direction_accuracy_clean": 0.6521739130434783,
      "direction_accuracy_original": 0.7391304347826086,
      "horizonte_sem": 4,
      "loss_h_clean": 0.04875387123012379,
      "loss_h_original": 0.03597884698542019,
      "mae_clean": 0.13443971565682053,
      "mae_original": 0.1023419003464476,
      "risk_detection_clean": 0.6666666666666666,
      "risk_detection_original": 0.7777777777777778,
      "rmse_clean": 0.16532056144300333,
      "rmse_original": 0.147785899525998
    }
  ],
  "l_total_radar_clean": 0.3364815593128823,
  "reference_run_id": "E5_v4_clean"
}