{
  "clean_run_id": "E5_v4_clean",
  "comparacion_por_horizonte": [
    {
      "delta_direction_accuracy": -0.038461538461538436,
      "delta_loss_h": 0.0024783396381236195,
      "delta_mae": -0.0023807142270732135,
      "delta_risk_detection": 0.0,
      "delta_rmse": -0.003184211617465793,
      "direction_accuracy_clean": 0.8076923076923077,
      "direction_accuracy_original": 0.8461538461538461,
      "horizonte_sem": 1,
      "loss_h_clean": 0.0628453756152976,
      "loss_h_original": 0.06036703597717398,
      "mae_clean": 0.09555604211576986,
      "mae_original": 0.09793675634284307,
      "risk_detection_clean": 0.8333333333333334,
      "risk_detection_original": 0.8333333333333334,
      "rmse_clean": 0.1251791407669646,
      "rmse_original": 0.1283633523844304
    },
    {
      "delta_direction_accuracy": 0.0,
      "delta_loss_h": -0.0001209900152253085,
      "delta_mae": -0.0008507797565607822,
      "delta_risk_detection": 0.0,
      "delta_rmse": -0.000860205893455368,
      "direction_accuracy_clean": 0.6,
      "direction_accuracy_original": 0.6,
      "horizonte_sem": 2,
      "loss_h_clean": 0.08180069285129986,
      "loss_h_original": 0.08192168286652517,
      "mae_clean": 0.10407577714170112,
      "mae_original": 0.1049265568982619,
      "risk_detection_clean": 0.6,
      "risk_detection_original": 0.6,
      "rmse_clean": 0.13216864062907793,
      "rmse_original": 0.1330288465225333
    },
    {
      "delta_direction_accuracy": 0.0,
      "delta_loss_h": -0.0033091166595650007,
      "delta_mae": -0.004741300851507563,
      "delta_risk_detection": 0.0,
      "delta_rmse": -0.0036098623683537,
      "direction_accuracy_clean": 0.7916666666666666,
      "direction_accuracy_original": 0.7916666666666666,
      "horizonte_sem": 3,
      "loss_h_clean": 0.06716302226854853,
      "loss_h_original": 0.07047213892811353,
      "mae_clean": 0.10490100322715974,
      "mae_original": 0.1096423040786673,
      "risk_detection_clean": 0.8181818181818182,
      "risk_detection_original": 0.8181818181818182,
      "rmse_clean": 0.1339701579244847,
      "rmse_original": 0.1375800202928384
    },
    {
      "delta_direction_accuracy": 0.08695652173913038,
      "delta_loss_h": -0.012578921896194736,
      "delta_mae": -0.003897327472230913,
      "delta_risk_detection": 0.2222222222222222,
      "delta_rmse": -0.0006468286846321447,
      "direction_accuracy_clean": 0.7391304347826086,
      "direction_accuracy_original": 0.6521739130434783,
      "horizonte_sem": 4,
      "loss_h_clean": 0.03597884698542019,
      "loss_h_original": 0.04855776888161493,
      "mae_clean": 0.10234190034644759,
      "mae_original": 0.1062392278186785,
      "risk_detection_clean": 0.7777777777777778,
      "risk_detection_original": 0.5555555555555556,
      "rmse_clean": 0.14778589952599797,
      "rmse_original": 0.1484327282106301
    }
  ],
  "l_total_radar_clean": 0.24778793772056618,
  "reference_run_id": "E5_v3_clean"
}