{
  "clean_run_id": "E5_v4_clean",
  "comparacion_por_horizonte": [
    {
      "delta_direction_accuracy": 0.0,
      "delta_loss_h": -0.0020144042770913057,
      "delta_mae": -0.005042740023061237,
      "delta_risk_detection": 0.0,
      "delta_rmse": -0.007672840853643392,
      "direction_accuracy_clean": 0.8076923076923077,
      "direction_accuracy_original": 0.8076923076923077,
      "horizonte_sem": 1,
      "loss_h_clean": 0.0628453756152976,
      "loss_h_original": 0.0648597798923889,
      "mae_clean": 0.09555604211576986,
      "mae_original": 0.1005987821388311,
      "risk_detection_clean": 0.8333333333333334,
      "risk_detection_original": 0.8333333333333334,
      "rmse_clean": 0.1251791407669646,
      "rmse_original": 0.132851981620608
    },
    {
      "delta_direction_accuracy": -0.08000000000000007,
      "delta_loss_h": 0.010299789832745224,
      "delta_mae": 0.0003501130378675138,
      "delta_risk_detection": -0.09999999999999998,
      "delta_rmse": -0.004315331541140277,
      "direction_accuracy_clean": 0.6,
      "direction_accuracy_original": 0.68,
      "horizonte_sem": 2,
      "loss_h_clean": 0.08180069285129986,
      "loss_h_original": 0.07150090301855463,
      "mae_clean": 0.10407577714170112,
      "mae_original": 0.1037256641038336,
      "risk_detection_clean": 0.6,
      "risk_detection_original": 0.7,
      "rmse_clean": 0.13216864062907793,
      "rmse_original": 0.1364839721702182
    },
    {
      "delta_direction_accuracy": 0.0,
      "delta_loss_h": -0.0010181589803017616,
      "delta_mae": 0.0013585531963965364,
      "delta_risk_detection": 0.0,
      "delta_rmse": -0.003220542922386216,
      "direction_accuracy_clean": 0.7916666666666666,
      "direction_accuracy_original": 0.7916666666666666,
      "horizonte_sem": 3,
      "loss_h_clean": 0.06716302226854853,
      "loss_h_original": 0.0681811812488503,
      "mae_clean": 0.10490100322715974,
      "mae_original": 0.1035424500307632,
      "risk_detection_clean": 0.8181818181818182,
      "risk_detection_original": 0.8181818181818182,
      "rmse_clean": 0.1339701579244847,
      "rmse_original": 0.1371907008468709
    },
    {
      "delta_direction_accuracy": 0.04347826086956519,
      "delta_loss_h": -0.0029210499214003954,
      "delta_mae": 0.00016094292756609063,
      "delta_risk_detection": 0.0,
      "delta_rmse": 0.008263845365541672,
      "direction_accuracy_clean": 0.7391304347826086,
      "direction_accuracy_original": 0.6956521739130435,
      "horizonte_sem": 4,
      "loss_h_clean": 0.03597884698542019,
      "loss_h_original": 0.03889989690682059,
      "mae_clean": 0.10234190034644759,
      "mae_original": 0.1021809574188815,
      "risk_detection_clean": 0.7777777777777778,
      "risk_detection_original": 0.7777777777777778,
      "rmse_clean": 0.14778589952599797,
      "rmse_original": 0.1395220541604563
    }
  ],
  "l_total_radar_clean": 0.24778793772056618,
  "reference_run_id": "E1_v5_clean"
}