{
  "clean_run_id": "E5_v4_clean",
  "comparacion_por_horizonte": [
    {
      "delta_direction_accuracy": -0.049450549450549386,
      "delta_loss_h": -0.0011635738380458421,
      "delta_mae": -0.011003972034475243,
      "delta_risk_detection": -0.012820512820512775,
      "delta_rmse": -0.009416028963402295,
      "direction_accuracy_clean": 0.8076923076923077,
      "direction_accuracy_original": 0.8571428571428571,
      "horizonte_sem": 1,
      "loss_h_clean": 0.0628453756152976,
      "loss_h_original": 0.06400894945334344,
      "mae_clean": 0.09555604211576986,
      "mae_original": 0.1065600141502451,
      "risk_detection_clean": 0.8333333333333334,
      "risk_detection_original": 0.8461538461538461,
      "rmse_clean": 0.1251791407669646,
      "rmse_original": 0.1345951697303669
    },
    {
      "delta_direction_accuracy": 0.007407407407407418,
      "delta_loss_h": -0.0025388782047449515,
      "delta_mae": 0.0034052980635719127,
      "delta_risk_detection": 0.016666666666666607,
      "delta_rmse": 0.002712502267737643,
      "direction_accuracy_clean": 0.6,
      "direction_accuracy_original": 0.5925925925925926,
      "horizonte_sem": 2,
      "loss_h_clean": 0.08180069285129986,
      "loss_h_original": 0.08433957105604481,
      "mae_clean": 0.10407577714170112,
      "mae_original": 0.1006704790781292,
      "risk_detection_clean": 0.6,
      "risk_detection_original": 0.5833333333333334,
      "rmse_clean": 0.13216864062907793,
      "rmse_original": 0.1294561383613403
    },
    {
      "delta_direction_accuracy": -0.01602564102564108,
      "delta_loss_h": -0.0002348685288208474,
      "delta_mae": 0.002952003071420045,
      "delta_risk_detection": -0.015151515151515138,
      "delta_rmse": 0.0022863564377473833,
      "direction_accuracy_clean": 0.7916666666666666,
      "direction_accuracy_original": 0.8076923076923077,
      "horizonte_sem": 3,
      "loss_h_clean": 0.06716302226854853,
      "loss_h_original": 0.06739789079736938,
      "mae_clean": 0.10490100322715974,
      "mae_original": 0.1019490001557397,
      "risk_detection_clean": 0.8181818181818182,
      "risk_detection_original": 0.8333333333333334,
      "rmse_clean": 0.1339701579244847,
      "rmse_original": 0.1316838014867373
    },
    {
      "delta_direction_accuracy": 0.019130434782608674,
      "delta_loss_h": -0.0015521859573340013,
      "delta_mae": 1.684391199699431e-05,
      "delta_risk_detection": -0.022222222222222254,
      "delta_rmse": 0.011930680576107272,
      "direction_accuracy_clean": 0.7391304347826086,
      "direction_accuracy_original": 0.72,
      "horizonte_sem": 4,
      "loss_h_clean": 0.03597884698542019,
      "loss_h_original": 0.03753103294275419,
      "mae_clean": 0.10234190034644759,
      "mae_original": 0.1023250564344506,
      "risk_detection_clean": 0.7777777777777778,
      "risk_detection_original": 0.8,
      "rmse_clean": 0.14778589952599797,
      "rmse_original": 0.1358552189498907
    }
  ],
  "l_total_radar_clean": 0.24778793772056618,
  "reference_run_id": "E1_v4_clean"
}