{
  "clean_run_id": "E5_v4_clean",
  "comparacion_por_horizonte": [
    {
      "delta_direction_accuracy": 0.0,
      "delta_loss_h": -0.0017840767262617546,
      "delta_mae": -0.010454418904101537,
      "delta_risk_detection": 0.0,
      "delta_rmse": -0.00537043899466369,
      "direction_accuracy_clean": 0.8076923076923077,
      "direction_accuracy_original": 0.8076923076923077,
      "horizonte_sem": 1,
      "loss_h_clean": 0.0628453756152976,
      "loss_h_original": 0.06462945234155935,
      "mae_clean": 0.09555604211576986,
      "mae_original": 0.1060104610198714,
      "risk_detection_clean": 0.8333333333333334,
      "risk_detection_original": 0.8333333333333334,
      "rmse_clean": 0.1251791407669646,
      "rmse_original": 0.1305495797616283
    },
    {
      "delta_direction_accuracy": 0.0,
      "delta_loss_h": -0.00025427635946817517,
      "delta_mae": -0.0017880250597922809,
      "delta_risk_detection": 0.0,
      "delta_rmse": -0.002694387494879269,
      "direction_accuracy_clean": 0.6,
      "direction_accuracy_original": 0.6,
      "horizonte_sem": 2,
      "loss_h_clean": 0.08180069285129986,
      "loss_h_original": 0.08205496921076803,
      "mae_clean": 0.10407577714170112,
      "mae_original": 0.1058638022014934,
      "risk_detection_clean": 0.6,
      "risk_detection_original": 0.6,
      "rmse_clean": 0.13216864062907793,
      "rmse_original": 0.1348630281239572
    },
    {
      "delta_direction_accuracy": 0.0,
      "delta_loss_h": -0.0034211991263256997,
      "delta_mae": -0.005398087099583657,
      "delta_risk_detection": 0.0,
      "delta_rmse": -0.004561655605795911,
      "direction_accuracy_clean": 0.7916666666666666,
      "direction_accuracy_original": 0.7916666666666666,
      "horizonte_sem": 3,
      "loss_h_clean": 0.06716302226854853,
      "loss_h_original": 0.07058422139487423,
      "mae_clean": 0.10490100322715974,
      "mae_original": 0.1102990903267434,
      "risk_detection_clean": 0.8181818181818182,
      "risk_detection_original": 0.8181818181818182,
      "rmse_clean": 0.1339701579244847,
      "rmse_original": 0.1385318135302806
    },
    {
      "delta_direction_accuracy": 0.08695652173913038,
      "delta_loss_h": -0.008571045295573988,
      "delta_mae": -0.005758298857393707,
      "delta_risk_detection": 0.11111111111111116,
      "delta_rmse": -0.002378096942525526,
      "direction_accuracy_clean": 0.7391304347826086,
      "direction_accuracy_original": 0.6521739130434783,
      "horizonte_sem": 4,
      "loss_h_clean": 0.03597884698542019,
      "loss_h_original": 0.04454989228099418,
      "mae_clean": 0.10234190034644759,
      "mae_original": 0.1081001992038413,
      "risk_detection_clean": 0.7777777777777778,
      "risk_detection_original": 0.6666666666666666,
      "rmse_clean": 0.14778589952599797,
      "rmse_original": 0.1501639964685235
    }
  ],
  "l_total_radar_clean": 0.24778793772056618,
  "reference_run_id": "E5_v2_clean"
}