{
  "clean_run_id": "E7_v1_clean",
  "comparacion_por_horizonte": [
    {
      "delta_direction_accuracy": -0.23076923076923084,
      "delta_loss_h": 0.052749285758450185,
      "delta_mae": 0.04766342647848708,
      "delta_risk_detection": -0.33333333333333337,
      "delta_rmse": 0.04486329402785871,
      "direction_accuracy_clean": 0.5769230769230769,
      "direction_accuracy_original": 0.8076923076923077,
      "horizonte_sem": 1,
      "loss_h_clean": 0.11760906565083909,
      "loss_h_original": 0.0648597798923889,
      "mae_clean": 0.14826220861731818,
      "mae_original": 0.1005987821388311,
      "risk_detection_clean": 0.5,
      "risk_detection_original": 0.8333333333333334,
      "rmse_clean": 0.1777152756484667,
      "rmse_original": 0.132851981620608
    },
    {
      "delta_direction_accuracy": -0.040000000000000036,
      "delta_loss_h": -0.0017164592555749814,
      "delta_mae": 0.021331306151611634,
      "delta_risk_detection": 0.10000000000000009,
      "delta_rmse": 0.025717154867578723,
      "direction_accuracy_clean": 0.64,
      "direction_accuracy_original": 0.68,
      "horizonte_sem": 2,
      "loss_h_clean": 0.06978444376297965,
      "loss_h_original": 0.07150090301855463,
      "mae_clean": 0.12505697025544524,
      "mae_original": 0.1037256641038336,
      "risk_detection_clean": 0.8,
      "risk_detection_original": 0.7,
      "rmse_clean": 0.16220112703779693,
      "rmse_original": 0.1364839721702182
    },
    {
      "delta_direction_accuracy": 0.0,
      "delta_loss_h": 0.0030715858482267544,
      "delta_mae": 0.04330291721841831,
      "delta_risk_detection": 0.09090909090909083,
      "delta_rmse": 0.051394409245151707,
      "direction_accuracy_clean": 0.7916666666666666,
      "direction_accuracy_original": 0.7916666666666666,
      "horizonte_sem": 3,
      "loss_h_clean": 0.07125276709707705,
      "loss_h_original": 0.0681811812488503,
      "mae_clean": 0.1468453672491815,
      "mae_original": 0.1035424500307632,
      "risk_detection_clean": 0.9090909090909091,
      "risk_detection_original": 0.8181818181818182,
      "rmse_clean": 0.1885851100920226,
      "rmse_original": 0.1371907008468709
    },
    {
      "delta_direction_accuracy": -0.21739130434782605,
      "delta_loss_h": 0.027955801658303824,
      "delta_mae": 0.09621196784408834,
      "delta_risk_detection": -0.2222222222222222,
      "delta_rmse": 0.10864463261567298,
      "direction_accuracy_clean": 0.4782608695652174,
      "direction_accuracy_original": 0.6956521739130435,
      "horizonte_sem": 4,
      "loss_h_clean": 0.06685569856512441,
      "loss_h_original": 0.03889989690682059,
      "mae_clean": 0.19839292526296984,
      "mae_original": 0.1021809574188815,
      "risk_detection_clean": 0.5555555555555556,
      "risk_detection_original": 0.7777777777777778,
      "rmse_clean": 0.24816668677612927,
      "rmse_original": 0.1395220541604563
    }
  ],
  "l_total_radar_clean": 0.3255019750760202,
  "reference_run_id": "E1_v5_clean"
}