{
  "clean_run_id": "E7_v1_clean",
  "comparacion_por_horizonte": [
    {
      "delta_direction_accuracy": -0.03846153846153855,
      "delta_loss_h": 0.013121728475952096,
      "delta_mae": -0.0036815757984119124,
      "delta_risk_detection": -0.08333333333333337,
      "delta_rmse": -0.029423758423483604,
      "direction_accuracy_clean": 0.5769230769230769,
      "direction_accuracy_original": 0.6153846153846154,
      "horizonte_sem": 1,
      "loss_h_clean": 0.11760906565083909,
      "loss_h_original": 0.104487337174887,
      "mae_clean": 0.14826220861731818,
      "mae_original": 0.1519437844157301,
      "risk_detection_clean": 0.5,
      "risk_detection_original": 0.5833333333333334,
      "rmse_clean": 0.1777152756484667,
      "rmse_original": 0.2071390340719503
    },
    {
      "delta_direction_accuracy": 0.28,
      "delta_loss_h": -0.07199780761804056,
      "delta_mae": -0.13534707842718294,
      "delta_risk_detection": 0.5,
      "delta_rmse": -0.1680727331538598,
      "direction_accuracy_clean": 0.64,
      "direction_accuracy_original": 0.36,
      "horizonte_sem": 2,
      "loss_h_clean": 0.06978444376297965,
      "loss_h_original": 0.1417822513810202,
      "mae_clean": 0.12505697025544524,
      "mae_original": 0.2604040486826282,
      "risk_detection_clean": 0.8,
      "risk_detection_original": 0.3,
      "rmse_clean": 0.16220112703779693,
      "rmse_original": 0.3302738601916567
    },
    {
      "delta_direction_accuracy": 0.125,
      "delta_loss_h": -0.06741676124946956,
      "delta_mae": -0.0930700381939201,
      "delta_risk_detection": 0.5454545454545454,
      "delta_rmse": -0.1393127517147124,
      "direction_accuracy_clean": 0.7916666666666666,
      "direction_accuracy_original": 0.6666666666666666,
      "horizonte_sem": 3,
      "loss_h_clean": 0.07125276709707705,
      "loss_h_original": 0.1386695283465466,
      "mae_clean": 0.1468453672491815,
      "mae_original": 0.2399154054431016,
      "risk_detection_clean": 0.9090909090909091,
      "risk_detection_original": 0.3636363636363636,
      "rmse_clean": 0.1885851100920226,
      "rmse_original": 0.327897861806735
    },
    {
      "delta_direction_accuracy": -0.13043478260869568,
      "delta_loss_h": 0.006025771114312038,
      "delta_mae": -0.08436853148378695,
      "delta_risk_detection": -0.2222222222222222,
      "delta_rmse": -0.10362803442052546,
      "direction_accuracy_clean": 0.4782608695652174,
      "direction_accuracy_original": 0.6086956521739131,
      "horizonte_sem": 4,
      "loss_h_clean": 0.06685569856512441,
      "loss_h_original": 0.06082992745081237,
      "mae_clean": 0.19839292526296984,
      "mae_original": 0.2827614567467568,
      "risk_detection_clean": 0.5555555555555556,
      "risk_detection_original": 0.7777777777777778,
      "rmse_clean": 0.24816668677612927,
      "rmse_original": 0.3517947211966547
    }
  ],
  "l_total_radar_clean": 0.3255019750760202,
  "reference_run_id": "E6_v2_clean"
}