{
  "clean_run_id": "E7_v1_clean",
  "comparacion_por_horizonte": [
    {
      "delta_direction_accuracy": -0.23076923076923084,
      "delta_loss_h": 0.04491719631787959,
      "delta_mae": 0.04515398579895567,
      "delta_risk_detection": -0.25,
      "delta_rmse": 0.04914049618682789,
      "direction_accuracy_clean": 0.5769230769230769,
      "direction_accuracy_original": 0.8076923076923077,
      "horizonte_sem": 1,
      "loss_h_clean": 0.11760906565083909,
      "loss_h_original": 0.0726918693329595,
      "mae_clean": 0.14826220861731818,
      "mae_original": 0.1031082228183625,
      "risk_detection_clean": 0.5,
      "risk_detection_original": 0.75,
      "rmse_clean": 0.1777152756484667,
      "rmse_original": 0.1285747794616388
    },
    {
      "delta_direction_accuracy": 0.0,
      "delta_loss_h": -0.012707852217011983,
      "delta_mae": 0.019633874800897233,
      "delta_risk_detection": 0.20000000000000007,
      "delta_rmse": 0.030352770848008026,
      "direction_accuracy_clean": 0.64,
      "direction_accuracy_original": 0.64,
      "horizonte_sem": 2,
      "loss_h_clean": 0.06978444376297965,
      "loss_h_original": 0.08249229597999164,
      "mae_clean": 0.12505697025544524,
      "mae_original": 0.105423095454548,
      "risk_detection_clean": 0.8,
      "risk_detection_original": 0.6,
      "rmse_clean": 0.16220112703779693,
      "rmse_original": 0.1318483561897889
    },
    {
      "delta_direction_accuracy": 0.0,
      "delta_loss_h": 0.0023038689239496535,
      "delta_mae": 0.03880421253379511,
      "delta_risk_detection": 0.09090909090909083,
      "delta_rmse": 0.051128430939407804,
      "direction_accuracy_clean": 0.7916666666666666,
      "direction_accuracy_original": 0.7916666666666666,
      "horizonte_sem": 3,
      "loss_h_clean": 0.07125276709707705,
      "loss_h_original": 0.0689488981731274,
      "mae_clean": 0.1468453672491815,
      "mae_original": 0.1080411547153864,
      "risk_detection_clean": 0.9090909090909091,
      "risk_detection_original": 0.8181818181818182,
      "rmse_clean": 0.1885851100920226,
      "rmse_original": 0.1374566791526148
    },
    {
      "delta_direction_accuracy": -0.21739130434782605,
      "delta_loss_h": 0.0246020639767955,
      "delta_mae": 0.09809596850404793,
      "delta_risk_detection": -0.11111111111111105,
      "delta_rmse": 0.10741645225132596,
      "direction_accuracy_clean": 0.4782608695652174,
      "direction_accuracy_original": 0.6956521739130435,
      "horizonte_sem": 4,
      "loss_h_clean": 0.06685569856512441,
      "loss_h_original": 0.04225363458832891,
      "mae_clean": 0.19839292526296984,
      "mae_original": 0.1002969567589219,
      "risk_detection_clean": 0.5555555555555556,
      "risk_detection_original": 0.6666666666666666,
      "rmse_clean": 0.24816668677612927,
      "rmse_original": 0.1407502345248033
    }
  ],
  "l_total_radar_clean": 0.3255019750760202,
  "reference_run_id": "E3_v2_clean"
}