{
  "clean_run_id": "E7_v1_clean",
  "comparacion_por_horizonte": [
    {
      "delta_direction_accuracy": -0.23076923076923084,
      "delta_loss_h": 0.05476369003554149,
      "delta_mae": 0.052706166501548316,
      "delta_risk_detection": -0.33333333333333337,
      "delta_rmse": 0.052536134881502106,
      "direction_accuracy_clean": 0.5769230769230769,
      "direction_accuracy_original": 0.8076923076923077,
      "horizonte_sem": 1,
      "loss_h_clean": 0.11760906565083909,
      "loss_h_original": 0.0628453756152976,
      "mae_clean": 0.14826220861731818,
      "mae_original": 0.09555604211576986,
      "risk_detection_clean": 0.5,
      "risk_detection_original": 0.8333333333333334,
      "rmse_clean": 0.1777152756484667,
      "rmse_original": 0.1251791407669646
    },
    {
      "delta_direction_accuracy": 0.040000000000000036,
      "delta_loss_h": -0.012016249088320205,
      "delta_mae": 0.020981193113744134,
      "delta_risk_detection": 0.20000000000000007,
      "delta_rmse": 0.030032486408719028,
      "direction_accuracy_clean": 0.64,
      "direction_accuracy_original": 0.6,
      "horizonte_sem": 2,
      "loss_h_clean": 0.06978444376297965,
      "loss_h_original": 0.08180069285129986,
      "mae_clean": 0.12505697025544524,
      "mae_original": 0.1040757771417011,
      "risk_detection_clean": 0.8,
      "risk_detection_original": 0.6,
      "rmse_clean": 0.16220112703779693,
      "rmse_original": 0.1321686406290779
    },
    {
      "delta_direction_accuracy": 0.0,
      "delta_loss_h": 0.004089744828528516,
      "delta_mae": 0.04194436402202181,
      "delta_risk_detection": 0.09090909090909083,
      "delta_rmse": 0.05461495216753792,
      "direction_accuracy_clean": 0.7916666666666666,
      "direction_accuracy_original": 0.7916666666666666,
      "horizonte_sem": 3,
      "loss_h_clean": 0.07125276709707705,
      "loss_h_original": 0.06716302226854853,
      "mae_clean": 0.1468453672491815,
      "mae_original": 0.1049010032271597,
      "risk_detection_clean": 0.9090909090909091,
      "risk_detection_original": 0.8181818181818182,
      "rmse_clean": 0.1885851100920226,
      "rmse_original": 0.1339701579244847
    },
    {
      "delta_direction_accuracy": -0.26086956521739124,
      "delta_loss_h": 0.03087685157970422,
      "delta_mae": 0.09605102491652223,
      "delta_risk_detection": -0.2222222222222222,
      "delta_rmse": 0.10038078725013128,
      "direction_accuracy_clean": 0.4782608695652174,
      "direction_accuracy_original": 0.7391304347826086,
      "horizonte_sem": 4,
      "loss_h_clean": 0.06685569856512441,
      "loss_h_original": 0.03597884698542019,
      "mae_clean": 0.19839292526296984,
      "mae_original": 0.1023419003464476,
      "risk_detection_clean": 0.5555555555555556,
      "risk_detection_original": 0.7777777777777778,
      "rmse_clean": 0.24816668677612927,
      "rmse_original": 0.147785899525998
    }
  ],
  "l_total_radar_clean": 0.3255019750760202,
  "reference_run_id": "E5_v4_clean"
}