{
  "clean_run_id": "E3_v2_clean",
  "comparacion_por_horizonte": [
    {
      "delta_direction_accuracy": 0.05769230769230771,
      "delta_loss_h": 0.0016136002231605662,
      "delta_mae": -0.01662409200019957,
      "delta_risk_detection": -0.09615384615384615,
      "delta_rmse": -0.021410267928044874,
      "direction_accuracy_clean": 0.8076923076923077,
      "direction_accuracy_original": 0.75,
      "horizonte_sem": 1,
      "loss_h_clean": 0.0726918693329595,
      "loss_h_original": 0.07107826910979893,
      "mae_clean": 0.10310822281836253,
      "mae_original": 0.1197323148185621,
      "risk_detection_clean": 0.75,
      "risk_detection_original": 0.8461538461538461,
      "rmse_clean": 0.12857477946163884,
      "rmse_original": 0.1499850473896837
    },
    {
      "delta_direction_accuracy": -0.026666666666666616,
      "delta_loss_h": 0.013215581085186098,
      "delta_mae": -0.008152822695827316,
      "delta_risk_detection": -0.15000000000000002,
      "delta_rmse": -0.01612303962464201,
      "direction_accuracy_clean": 0.64,
      "direction_accuracy_original": 0.6666666666666666,
      "horizonte_sem": 2,
      "loss_h_clean": 0.08249229597999164,
      "loss_h_original": 0.06927671489480554,
      "mae_clean": 0.10542309545454798,
      "mae_original": 0.1135759181503753,
      "risk_detection_clean": 0.6,
      "risk_detection_original": 0.75,
      "rmse_clean": 0.13184835618978888,
      "rmse_original": 0.1479713958144309
    },
    {
      "delta_direction_accuracy": 0.13782051282051277,
      "delta_loss_h": -0.0401722462478387,
      "delta_mae": -0.03386853845152976,
      "delta_risk_detection": 0.23484848484848486,
      "delta_rmse": -0.025672286746391576,
      "direction_accuracy_clean": 0.7916666666666666,
      "direction_accuracy_original": 0.6538461538461539,
      "horizonte_sem": 3,
      "loss_h_clean": 0.0689488981731274,
      "loss_h_original": 0.1091211444209661,
      "mae_clean": 0.10804115471538644,
      "mae_original": 0.1419096931669162,
      "risk_detection_clean": 0.8181818181818182,
      "risk_detection_original": 0.5833333333333334,
      "rmse_clean": 0.13745667915261484,
      "rmse_original": 0.1631289658990064
    },
    {
      "delta_direction_accuracy": -0.06434782608695655,
      "delta_loss_h": 0.005265251226357404,
      "delta_mae": -0.043133182193817315,
      "delta_risk_detection": -0.2333333333333334,
      "delta_rmse": -0.02637670780253573,
      "direction_accuracy_clean": 0.6956521739130435,
      "direction_accuracy_original": 0.76,
      "horizonte_sem": 4,
      "loss_h_clean": 0.04225363458832891,
      "loss_h_original": 0.03698838336197151,
      "mae_clean": 0.10029695675892189,
      "mae_original": 0.1434301389527392,
      "risk_detection_clean": 0.6666666666666666,
      "risk_detection_original": 0.9,
      "rmse_clean": 0.14075023452480326,
      "rmse_original": 0.167126942327339
    }
  ],
  "l_total_radar_clean": 0.26638669807440746,
  "reference_run_id": "E2_v3_clean"
}