{
  "clean_run_id": "E3_v2_clean",
  "comparacion_por_horizonte": [
    {
      "delta_direction_accuracy": 0.07692307692307698,
      "delta_loss_h": -0.00744001712211588,
      "delta_mae": -0.0030291911270243638,
      "delta_risk_detection": 0.0,
      "delta_rmse": -0.004309711449730469,
      "direction_accuracy_clean": 0.8076923076923077,
      "direction_accuracy_original": 0.7307692307692307,
      "horizonte_sem": 1,
      "loss_h_clean": 0.0726918693329595,
      "loss_h_original": 0.08013188645507538,
      "mae_clean": 0.10310822281836253,
      "mae_original": 0.1061374139453869,
      "risk_detection_clean": 0.75,
      "risk_detection_original": 0.75,
      "rmse_clean": 0.12857477946163884,
      "rmse_original": 0.1328844909113693
    },
    {
      "delta_direction_accuracy": 0.040000000000000036,
      "delta_loss_h": -0.001735288908363511,
      "delta_mae": -0.0016545087609601272,
      "delta_risk_detection": 0.0,
      "delta_rmse": -0.0024032465813442205,
      "direction_accuracy_clean": 0.64,
      "direction_accuracy_original": 0.6,
      "horizonte_sem": 2,
      "loss_h_clean": 0.08249229597999164,
      "loss_h_original": 0.08422758488835515,
      "mae_clean": 0.10542309545454798,
      "mae_original": 0.1070776042155081,
      "risk_detection_clean": 0.6,
      "risk_detection_original": 0.6,
      "rmse_clean": 0.13184835618978888,
      "rmse_original": 0.1342516027711331
    },
    {
      "delta_direction_accuracy": -0.04166666666666674,
      "delta_loss_h": 0.0006482269543644226,
      "delta_mae": 0.00013610642816953844,
      "delta_risk_detection": 0.0,
      "delta_rmse": 0.0009015422818603458,
      "direction_accuracy_clean": 0.7916666666666666,
      "direction_accuracy_original": 0.8333333333333334,
      "horizonte_sem": 3,
      "loss_h_clean": 0.0689488981731274,
      "loss_h_original": 0.06830067121876297,
      "mae_clean": 0.10804115471538644,
      "mae_original": 0.1079050482872169,
      "risk_detection_clean": 0.8181818181818182,
      "risk_detection_original": 0.8181818181818182,
      "rmse_clean": 0.13745667915261484,
      "rmse_original": 0.1365551368707545
    },
    {
      "delta_direction_accuracy": 0.04347826086956519,
      "delta_loss_h": -0.005978544016576326,
      "delta_mae": -0.002126451825392603,
      "delta_risk_detection": 0.11111111111111105,
      "delta_rmse": -0.0019121370259842507,
      "direction_accuracy_clean": 0.6956521739130435,
      "direction_accuracy_original": 0.6521739130434783,
      "horizonte_sem": 4,
      "loss_h_clean": 0.04225363458832891,
      "loss_h_original": 0.04823217860490524,
      "mae_clean": 0.10029695675892189,
      "mae_original": 0.1024234085843145,
      "risk_detection_clean": 0.6666666666666666,
      "risk_detection_original": 0.5555555555555556,
      "rmse_clean": 0.14075023452480326,
      "rmse_original": 0.1426623715507875
    }
  ],
  "l_total_radar_clean": 0.26638669807440746,
  "reference_run_id": "E3_v1_clean"
}