{
  "clean_run_id": "E3_v2_clean",
  "comparacion_por_horizonte": [
    {
      "delta_direction_accuracy": 0.0,
      "delta_loss_h": 0.007832089440570594,
      "delta_mae": 0.002509440679531433,
      "delta_risk_detection": -0.08333333333333337,
      "delta_rmse": -0.004277202158969151,
      "direction_accuracy_clean": 0.8076923076923077,
      "direction_accuracy_original": 0.8076923076923077,
      "horizonte_sem": 1,
      "loss_h_clean": 0.0726918693329595,
      "loss_h_original": 0.0648597798923889,
      "mae_clean": 0.10310822281836253,
      "mae_original": 0.1005987821388311,
      "risk_detection_clean": 0.75,
      "risk_detection_original": 0.8333333333333334,
      "rmse_clean": 0.12857477946163884,
      "rmse_original": 0.132851981620608
    },
    {
      "delta_direction_accuracy": -0.040000000000000036,
      "delta_loss_h": 0.010991392961437002,
      "delta_mae": 0.0016974313507143735,
      "delta_risk_detection": -0.09999999999999998,
      "delta_rmse": -0.004635615980429331,
      "direction_accuracy_clean": 0.64,
      "direction_accuracy_original": 0.68,
      "horizonte_sem": 2,
      "loss_h_clean": 0.08249229597999164,
      "loss_h_original": 0.07150090301855463,
      "mae_clean": 0.10542309545454798,
      "mae_original": 0.1037256641038336,
      "risk_detection_clean": 0.6,
      "risk_detection_original": 0.7,
      "rmse_clean": 0.13184835618978888,
      "rmse_original": 0.1364839721702182
    },
    {
      "delta_direction_accuracy": 0.0,
      "delta_loss_h": 0.0007677169242771009,
      "delta_mae": 0.004498704684623239,
      "delta_risk_detection": 0.0,
      "delta_rmse": 0.0002659783057439302,
      "direction_accuracy_clean": 0.7916666666666666,
      "direction_accuracy_original": 0.7916666666666666,
      "horizonte_sem": 3,
      "loss_h_clean": 0.0689488981731274,
      "loss_h_original": 0.0681811812488503,
      "mae_clean": 0.10804115471538644,
      "mae_original": 0.1035424500307632,
      "risk_detection_clean": 0.8181818181818182,
      "risk_detection_original": 0.8181818181818182,
      "rmse_clean": 0.13745667915261484,
      "rmse_original": 0.1371907008468709
    },
    {
      "delta_direction_accuracy": 0.0,
      "delta_loss_h": 0.0033537376815083245,
      "delta_mae": -0.0018840006599596115,
      "delta_risk_detection": -0.11111111111111116,
      "delta_rmse": 0.0012281803643469646,
      "direction_accuracy_clean": 0.6956521739130435,
      "direction_accuracy_original": 0.6956521739130435,
      "horizonte_sem": 4,
      "loss_h_clean": 0.04225363458832891,
      "loss_h_original": 0.03889989690682059,
      "mae_clean": 0.10029695675892189,
      "mae_original": 0.1021809574188815,
      "risk_detection_clean": 0.6666666666666666,
      "risk_detection_original": 0.7777777777777778,
      "rmse_clean": 0.14075023452480326,
      "rmse_original": 0.1395220541604563
    }
  ],
  "l_total_radar_clean": 0.26638669807440746,
  "reference_run_id": "E1_v5_clean"
}