{
  "clean_run_id": "E6_v2_clean",
  "comparacion_por_horizonte": [
    {
      "delta_direction_accuracy": 0.0,
      "delta_loss_h": -0.009297203015827787,
      "delta_mae": -0.013912018658962744,
      "delta_risk_detection": 0.0,
      "delta_rmse": 0.01268419959261674,
      "direction_accuracy_clean": 0.6153846153846154,
      "direction_accuracy_original": 0.6153846153846154,
      "horizonte_sem": 1,
      "loss_h_clean": 0.10448733717488701,
      "loss_h_original": 0.1137845401907148,
      "mae_clean": 0.15194378441573014,
      "mae_original": 0.1658558030746929,
      "risk_detection_clean": 0.5833333333333334,
      "risk_detection_original": 0.5833333333333334,
      "rmse_clean": 0.20713903407195033,
      "rmse_original": 0.1944548344793336
    },
    {
      "delta_direction_accuracy": -0.16000000000000003,
      "delta_loss_h": 0.06046906290461858,
      "delta_mae": 0.09119608886953179,
      "delta_risk_detection": -0.6000000000000001,
      "delta_rmse": 0.13090749440034258,
      "direction_accuracy_clean": 0.36,
      "direction_accuracy_original": 0.52,
      "horizonte_sem": 2,
      "loss_h_clean": 0.1417822513810202,
      "loss_h_original": 0.08131318847640163,
      "mae_clean": 0.2604040486826282,
      "mae_original": 0.1692079598130964,
      "risk_detection_clean": 0.3,
      "risk_detection_original": 0.9,
      "rmse_clean": 0.33027386019165667,
      "rmse_original": 0.1993663657913141
    },
    {
      "delta_direction_accuracy": 0.04166666666666663,
      "delta_loss_h": 0.03249423966573996,
      "delta_mae": 0.06355891679764314,
      "delta_risk_detection": -0.36363636363636365,
      "delta_rmse": 0.11503165257022943,
      "direction_accuracy_clean": 0.6666666666666666,
      "direction_accuracy_original": 0.625,
      "horizonte_sem": 3,
      "loss_h_clean": 0.13866952834654656,
      "loss_h_original": 0.1061752886808066,
      "mae_clean": 0.23991540544310164,
      "mae_original": 0.1763564886454585,
      "risk_detection_clean": 0.36363636363636365,
      "risk_detection_original": 0.7272727272727273,
      "rmse_clean": 0.327897861806735,
      "rmse_original": 0.2128662092365056
    },
    {
      "delta_direction_accuracy": 0.17391304347826086,
      "delta_loss_h": -0.00821545245550609,
      "delta_mae": 0.02898226268273446,
      "delta_risk_detection": 0.11111111111111116,
      "delta_rmse": 0.055077339349147214,
      "direction_accuracy_clean": 0.6086956521739131,
      "direction_accuracy_original": 0.4347826086956522,
      "horizonte_sem": 4,
      "loss_h_clean": 0.060829927450812366,
      "loss_h_original": 0.06904537990631845,
      "mae_clean": 0.28276145674675685,
      "mae_original": 0.2537791940640224,
      "risk_detection_clean": 0.7777777777777778,
      "risk_detection_original": 0.6666666666666666,
      "rmse_clean": 0.3517947211966547,
      "rmse_original": 0.2967173818475075
    }
  ],
  "l_total_radar_clean": 0.44576904435326614,
  "reference_run_id": "E6_v1_clean"
}