{
  "clean_run_id": "E6_v2_clean",
  "comparacion_por_horizonte": [
    {
      "delta_direction_accuracy": -0.1923076923076923,
      "delta_loss_h": 0.04164196155958941,
      "delta_mae": 0.05638774229996028,
      "delta_risk_detection": -0.25,
      "delta_rmse": 0.08195989330498574,
      "direction_accuracy_clean": 0.6153846153846154,
      "direction_accuracy_original": 0.8076923076923077,
      "horizonte_sem": 1,
      "loss_h_clean": 0.10448733717488701,
      "loss_h_original": 0.0628453756152976,
      "mae_clean": 0.15194378441573014,
      "mae_original": 0.09555604211576986,
      "risk_detection_clean": 0.5833333333333334,
      "risk_detection_original": 0.8333333333333334,
      "rmse_clean": 0.20713903407195033,
      "rmse_original": 0.1251791407669646
    },
    {
      "delta_direction_accuracy": -0.24,
      "delta_loss_h": 0.059981558529720355,
      "delta_mae": 0.15632827154092707,
      "delta_risk_detection": -0.3,
      "delta_rmse": 0.19810521956257876,
      "direction_accuracy_clean": 0.36,
      "direction_accuracy_original": 0.6,
      "horizonte_sem": 2,
      "loss_h_clean": 0.1417822513810202,
      "loss_h_original": 0.08180069285129986,
      "mae_clean": 0.2604040486826282,
      "mae_original": 0.1040757771417011,
      "risk_detection_clean": 0.3,
      "risk_detection_original": 0.6,
      "rmse_clean": 0.33027386019165667,
      "rmse_original": 0.1321686406290779
    },
    {
      "delta_direction_accuracy": -0.125,
      "delta_loss_h": 0.07150650607799802,
      "delta_mae": 0.13501440221594194,
      "delta_risk_detection": -0.4545454545454546,
      "delta_rmse": 0.19392770388225034,
      "direction_accuracy_clean": 0.6666666666666666,
      "direction_accuracy_original": 0.7916666666666666,
      "horizonte_sem": 3,
      "loss_h_clean": 0.13866952834654656,
      "loss_h_original": 0.06716302226854853,
      "mae_clean": 0.23991540544310164,
      "mae_original": 0.1049010032271597,
      "risk_detection_clean": 0.36363636363636365,
      "risk_detection_original": 0.8181818181818182,
      "rmse_clean": 0.327897861806735,
      "rmse_original": 0.1339701579244847
    },
    {
      "delta_direction_accuracy": -0.13043478260869557,
      "delta_loss_h": 0.024851080465392174,
      "delta_mae": 0.18041955640030924,
      "delta_risk_detection": 0.0,
      "delta_rmse": 0.20400882167065673,
      "direction_accuracy_clean": 0.6086956521739131,
      "direction_accuracy_original": 0.7391304347826086,
      "horizonte_sem": 4,
      "loss_h_clean": 0.060829927450812366,
      "loss_h_original": 0.03597884698542019,
      "mae_clean": 0.28276145674675685,
      "mae_original": 0.1023419003464476,
      "risk_detection_clean": 0.7777777777777778,
      "risk_detection_original": 0.7777777777777778,
      "rmse_clean": 0.3517947211966547,
      "rmse_original": 0.147785899525998
    }
  ],
  "l_total_radar_clean": 0.44576904435326614,
  "reference_run_id": "E5_v4_clean"
}