{
  "clean_run_id": "E6_v2_clean",
  "comparacion_por_horizonte": [
    {
      "delta_direction_accuracy": -0.24175824175824168,
      "delta_loss_h": 0.040478387721543566,
      "delta_mae": 0.04538377026548504,
      "delta_risk_detection": -0.2628205128205128,
      "delta_rmse": 0.07254386434158344,
      "direction_accuracy_clean": 0.6153846153846154,
      "direction_accuracy_original": 0.8571428571428571,
      "horizonte_sem": 1,
      "loss_h_clean": 0.10448733717488701,
      "loss_h_original": 0.06400894945334344,
      "mae_clean": 0.15194378441573014,
      "mae_original": 0.1065600141502451,
      "risk_detection_clean": 0.5833333333333334,
      "risk_detection_original": 0.8461538461538461,
      "rmse_clean": 0.20713903407195033,
      "rmse_original": 0.1345951697303669
    },
    {
      "delta_direction_accuracy": -0.23259259259259257,
      "delta_loss_h": 0.057442680324975404,
      "delta_mae": 0.15973356960449897,
      "delta_risk_detection": -0.2833333333333334,
      "delta_rmse": 0.20081772183031638,
      "direction_accuracy_clean": 0.36,
      "direction_accuracy_original": 0.5925925925925926,
      "horizonte_sem": 2,
      "loss_h_clean": 0.1417822513810202,
      "loss_h_original": 0.08433957105604481,
      "mae_clean": 0.2604040486826282,
      "mae_original": 0.1006704790781292,
      "risk_detection_clean": 0.3,
      "risk_detection_original": 0.5833333333333334,
      "rmse_clean": 0.33027386019165667,
      "rmse_original": 0.1294561383613403
    },
    {
      "delta_direction_accuracy": -0.14102564102564108,
      "delta_loss_h": 0.07127163754917717,
      "delta_mae": 0.13796640528736193,
      "delta_risk_detection": -0.4696969696969697,
      "delta_rmse": 0.19621406031999772,
      "direction_accuracy_clean": 0.6666666666666666,
      "direction_accuracy_original": 0.8076923076923077,
      "horizonte_sem": 3,
      "loss_h_clean": 0.13866952834654656,
      "loss_h_original": 0.06739789079736938,
      "mae_clean": 0.23991540544310164,
      "mae_original": 0.1019490001557397,
      "risk_detection_clean": 0.36363636363636365,
      "risk_detection_original": 0.8333333333333334,
      "rmse_clean": 0.327897861806735,
      "rmse_original": 0.1316838014867373
    },
    {
      "delta_direction_accuracy": -0.11130434782608689,
      "delta_loss_h": 0.023298894508058172,
      "delta_mae": 0.18043640031230623,
      "delta_risk_detection": -0.022222222222222254,
      "delta_rmse": 0.21593950224676403,
      "direction_accuracy_clean": 0.6086956521739131,
      "direction_accuracy_original": 0.72,
      "horizonte_sem": 4,
      "loss_h_clean": 0.060829927450812366,
      "loss_h_original": 0.03753103294275419,
      "mae_clean": 0.28276145674675685,
      "mae_original": 0.1023250564344506,
      "risk_detection_clean": 0.7777777777777778,
      "risk_detection_original": 0.8,
      "rmse_clean": 0.3517947211966547,
      "rmse_original": 0.1358552189498907
    }
  ],
  "l_total_radar_clean": 0.44576904435326614,
  "reference_run_id": "E1_v4_clean"
}