{
  "clean_run_id": "E6_v2_clean",
  "comparacion_por_horizonte": [
    {
      "delta_direction_accuracy": -0.15384615384615385,
      "delta_loss_h": 0.02666019458999122,
      "delta_mae": 0.04240841138414965,
      "delta_risk_detection": -0.16666666666666663,
      "delta_rmse": 0.07647324989133694,
      "direction_accuracy_clean": 0.6153846153846154,
      "direction_accuracy_original": 0.7692307692307693,
      "horizonte_sem": 1,
      "loss_h_clean": 0.10448733717488701,
      "loss_h_original": 0.07782714258489579,
      "mae_clean": 0.15194378441573014,
      "mae_original": 0.1095353730315805,
      "risk_detection_clean": 0.5833333333333334,
      "risk_detection_original": 0.75,
      "rmse_clean": 0.20713903407195033,
      "rmse_original": 0.1306657841806134
    },
    {
      "delta_direction_accuracy": -0.24,
      "delta_loss_h": 0.0588413052411632,
      "delta_mae": 0.1483102180391584,
      "delta_risk_detection": -0.3,
      "delta_rmse": 0.19343112871098986,
      "direction_accuracy_clean": 0.36,
      "direction_accuracy_original": 0.6,
      "horizonte_sem": 2,
      "loss_h_clean": 0.1417822513810202,
      "loss_h_original": 0.08294094613985702,
      "mae_clean": 0.2604040486826282,
      "mae_original": 0.1120938306434698,
      "risk_detection_clean": 0.3,
      "risk_detection_original": 0.6,
      "rmse_clean": 0.33027386019165667,
      "rmse_original": 0.1368427314806668
    },
    {
      "delta_direction_accuracy": 0.0,
      "delta_loss_h": 0.058463239578986775,
      "delta_mae": 0.12084372747405914,
      "delta_risk_detection": -0.4545454545454546,
      "delta_rmse": 0.18055747473517553,
      "direction_accuracy_clean": 0.6666666666666666,
      "direction_accuracy_original": 0.6666666666666666,
      "horizonte_sem": 3,
      "loss_h_clean": 0.13866952834654656,
      "loss_h_original": 0.08020628876755978,
      "mae_clean": 0.23991540544310164,
      "mae_original": 0.1190716779690425,
      "risk_detection_clean": 0.36363636363636365,
      "risk_detection_original": 0.8181818181818182,
      "rmse_clean": 0.327897861806735,
      "rmse_original": 0.1473403870715595
    },
    {
      "delta_direction_accuracy": -0.13043478260869557,
      "delta_loss_h": 0.017870193616682073,
      "delta_mae": 0.17036759093983664,
      "delta_risk_detection": 0.11111111111111116,
      "delta_rmse": 0.19769621784238112,
      "direction_accuracy_clean": 0.6086956521739131,
      "direction_accuracy_original": 0.7391304347826086,
      "horizonte_sem": 4,
      "loss_h_clean": 0.060829927450812366,
      "loss_h_original": 0.04295973383413029,
      "mae_clean": 0.28276145674675685,
      "mae_original": 0.1123938658069202,
      "risk_detection_clean": 0.7777777777777778,
      "risk_detection_original": 0.6666666666666666,
      "rmse_clean": 0.3517947211966547,
      "rmse_original": 0.1540985033542736
    }
  ],
  "l_total_radar_clean": 0.44576904435326614,
  "reference_run_id": "E4_v1_clean"
}