{
  "comparacion_por_horizonte": [
    {
      "delta_deteccion_caidas": 0.0,
      "delta_direction_accuracy": -0.0714285714285714,
      "delta_loss_h": 0.0062568066433352915,
      "delta_mae": -0.007144911670331336,
      "delta_rmse": 0.0022401360531701386,
      "deteccion_caidas_e12": 0.8571428571428571,
      "deteccion_caidas_reference": 0.8571428571428571,
      "direction_accuracy_e12": 0.7857142857142857,
      "direction_accuracy_reference": 0.8571428571428571,
      "horizonte_sem": 1,
      "loss_h_e12": 0.07314225686541448,
      "loss_h_reference": 0.06688545022207919,
      "mae_e12": 0.11863569024802444,
      "mae_reference": 0.12578060191835577,
      "reference_run_id": "E1_v4_clean",
      "rmse_e12": 0.16136509824098674,
      "rmse_reference": 0.1591249621878166,
      "rows_eval_aligned": 14
    },
    {
      "delta_deteccion_caidas": 0.16666666666666674,
      "delta_direction_accuracy": 0.15384615384615385,
      "delta_loss_h": -0.020663154361350723,
      "delta_mae": -0.004352509510088712,
      "delta_rmse": 0.003300963958106806,
      "deteccion_caidas_e12": 0.8333333333333334,
      "deteccion_caidas_reference": 0.6666666666666666,
      "direction_accuracy_e12": 0.7692307692307693,
      "direction_accuracy_reference": 0.6153846153846154,
      "horizonte_sem": 2,
      "loss_h_e12": 0.06124532882475043,
      "loss_h_reference": 0.08190848318610115,
      "mae_e12": 0.11844903383366369,
      "mae_reference": 0.1228015433437524,
      "reference_run_id": "E1_v4_clean",
      "rmse_e12": 0.1621171834073455,
      "rmse_reference": 0.15881621944923868,
      "rows_eval_aligned": 13
    },
    {
      "delta_deteccion_caidas": 0.0,
      "delta_direction_accuracy": -0.08333333333333326,
      "delta_loss_h": 0.009387346461412795,
      "delta_mae": 0.01803103533802633,
      "delta_rmse": 0.022591447802174397,
      "deteccion_caidas_e12": 1.0,
      "deteccion_caidas_reference": 1.0,
      "direction_accuracy_e12": 0.8333333333333334,
      "direction_accuracy_reference": 0.9166666666666666,
      "horizonte_sem": 3,
      "loss_h_e12": 0.06274468824052294,
      "loss_h_reference": 0.05335734177911015,
      "mae_e12": 0.14508689791223997,
      "mae_reference": 0.12705586257421364,
      "reference_run_id": "E1_v4_clean",
      "rmse_e12": 0.1875489419872445,
      "rmse_reference": 0.1649574941850701,
      "rows_eval_aligned": 12
    },
    {
      "delta_deteccion_caidas": -0.33333333333333337,
      "delta_direction_accuracy": -0.09090909090909094,
      "delta_loss_h": 0.017706663257652105,
      "delta_mae": 0.004987855294182192,
      "delta_rmse": -0.0009900677807021807,
      "deteccion_caidas_e12": 0.5,
      "deteccion_caidas_reference": 0.8333333333333334,
      "direction_accuracy_e12": 0.6363636363636364,
      "direction_accuracy_reference": 0.7272727272727273,
      "horizonte_sem": 4,
      "loss_h_e12": 0.055815354291676354,
      "loss_h_reference": 0.03810869103402425,
      "mae_e12": 0.12823510681134123,
      "mae_reference": 0.12324725151715904,
      "reference_run_id": "E1_v4_clean",
      "rmse_e12": 0.1698197634848001,
      "rmse_reference": 0.17080983126550228,
      "rows_eval_aligned": 11
    }
  ],
  "delta_l_total_radar_same_subset": 0.012687662001049427,
  "l_total_radar_e12_same_subset": 0.25294762822236416,
  "l_total_radar_reference_same_subset": 0.24025996622131474,
  "reference_run_id": "E1_v4_clean",
  "rows_horizonte_aligned": [
    {
      "horizonte_sem": 1,
      "rows_eval_aligned": 14
    },
    {
      "horizonte_sem": 2,
      "rows_eval_aligned": 13
    },
    {
      "horizonte_sem": 3,
      "rows_eval_aligned": 12
    },
    {
      "horizonte_sem": 4,
      "rows_eval_aligned": 11
    }
  ]
}