{
  "clean_run_id": "E7_v3_clean",
  "comparacion_por_horizonte": [
    {
      "delta_direction_accuracy": -0.1923076923076924,
      "delta_loss_h": 0.039920749405553915,
      "delta_mae": 0.03954033687065915,
      "delta_risk_detection": -0.25,
      "delta_rmse": 0.04862706741403999,
      "direction_accuracy_clean": 0.5769230769230769,
      "direction_accuracy_original": 0.7692307692307693,
      "horizonte_sem": 1,
      "loss_h_clean": 0.1177478919904497,
      "loss_h_original": 0.07782714258489579,
      "mae_clean": 0.14907570990223964,
      "mae_original": 0.1095353730315805,
      "risk_detection_clean": 0.5,
      "risk_detection_original": 0.75,
      "rmse_clean": 0.17929285159465339,
      "rmse_original": 0.1306657841806134
    },
    {
      "delta_direction_accuracy": 0.040000000000000036,
      "delta_loss_h": -0.014511403777179646,
      "delta_mae": 0.010467537587378742,
      "delta_risk_detection": 0.20000000000000007,
      "delta_rmse": 0.02524254063950271,
      "direction_accuracy_clean": 0.64,
      "direction_accuracy_original": 0.6,
      "horizonte_sem": 2,
      "loss_h_clean": 0.06842954236267737,
      "loss_h_original": 0.08294094613985702,
      "mae_clean": 0.12256136823084854,
      "mae_original": 0.1120938306434698,
      "risk_detection_clean": 0.8,
      "risk_detection_original": 0.6,
      "rmse_clean": 0.16208527212016952,
      "rmse_original": 0.1368427314806668
    },
    {
      "delta_direction_accuracy": 0.16666666666666674,
      "delta_loss_h": -0.011902152649374012,
      "delta_mae": 0.028807184981997275,
      "delta_risk_detection": 0.09090909090909083,
      "delta_rmse": 0.040854887405453066,
      "direction_accuracy_clean": 0.8333333333333334,
      "direction_accuracy_original": 0.6666666666666666,
      "horizonte_sem": 3,
      "loss_h_clean": 0.06830413611818577,
      "loss_h_original": 0.08020628876755978,
      "mae_clean": 0.14787886295103977,
      "mae_original": 0.1190716779690425,
      "risk_detection_clean": 0.9090909090909091,
      "risk_detection_original": 0.8181818181818182,
      "rmse_clean": 0.18819527447701256,
      "rmse_original": 0.1473403870715595
    },
    {
      "delta_direction_accuracy": -0.26086956521739124,
      "delta_loss_h": 0.023886534182205904,
      "delta_mae": 0.08588853628619231,
      "delta_risk_detection": -0.11111111111111105,
      "delta_rmse": 0.09408691239225622,
      "direction_accuracy_clean": 0.4782608695652174,
      "direction_accuracy_original": 0.7391304347826086,
      "horizonte_sem": 4,
      "loss_h_clean": 0.0668462680163362,
      "loss_h_original": 0.04295973383413029,
      "mae_clean": 0.19828240209311251,
      "mae_original": 0.1123938658069202,
      "risk_detection_clean": 0.5555555555555556,
      "risk_detection_original": 0.6666666666666666,
      "rmse_clean": 0.24818541574652983,
      "rmse_original": 0.1540985033542736
    }
  ],
  "l_total_radar_clean": 0.321327838487649,
  "reference_run_id": "E4_v1_clean"
}