{
  "clean_run_id": "E7_v3_clean",
  "comparacion_por_horizonte": [
    {
      "delta_direction_accuracy": -0.23076923076923084,
      "delta_loss_h": 0.0528881120980608,
      "delta_mae": 0.04847692776340855,
      "delta_risk_detection": -0.33333333333333337,
      "delta_rmse": 0.046440869974045396,
      "direction_accuracy_clean": 0.5769230769230769,
      "direction_accuracy_original": 0.8076923076923077,
      "horizonte_sem": 1,
      "loss_h_clean": 0.1177478919904497,
      "loss_h_original": 0.0648597798923889,
      "mae_clean": 0.14907570990223964,
      "mae_original": 0.1005987821388311,
      "risk_detection_clean": 0.5,
      "risk_detection_original": 0.8333333333333334,
      "rmse_clean": 0.17929285159465339,
      "rmse_original": 0.132851981620608
    },
    {
      "delta_direction_accuracy": -0.040000000000000036,
      "delta_loss_h": -0.0030713606558772644,
      "delta_mae": 0.018835704127014935,
      "delta_risk_detection": 0.10000000000000009,
      "delta_rmse": 0.025601299949951306,
      "direction_accuracy_clean": 0.64,
      "direction_accuracy_original": 0.68,
      "horizonte_sem": 2,
      "loss_h_clean": 0.06842954236267737,
      "loss_h_original": 0.07150090301855463,
      "mae_clean": 0.12256136823084854,
      "mae_original": 0.1037256641038336,
      "risk_detection_clean": 0.8,
      "risk_detection_original": 0.7,
      "rmse_clean": 0.16208527212016952,
      "rmse_original": 0.1364839721702182
    },
    {
      "delta_direction_accuracy": 0.04166666666666674,
      "delta_loss_h": 0.00012295486933547317,
      "delta_mae": 0.04433641292027657,
      "delta_risk_detection": 0.09090909090909083,
      "delta_rmse": 0.05100457363014166,
      "direction_accuracy_clean": 0.8333333333333334,
      "direction_accuracy_original": 0.7916666666666666,
      "horizonte_sem": 3,
      "loss_h_clean": 0.06830413611818577,
      "loss_h_original": 0.0681811812488503,
      "mae_clean": 0.14787886295103977,
      "mae_original": 0.1035424500307632,
      "risk_detection_clean": 0.9090909090909091,
      "risk_detection_original": 0.8181818181818182,
      "rmse_clean": 0.18819527447701256,
      "rmse_original": 0.1371907008468709
    },
    {
      "delta_direction_accuracy": -0.21739130434782605,
      "delta_loss_h": 0.02794637110951561,
      "delta_mae": 0.09610144467423101,
      "delta_risk_detection": -0.2222222222222222,
      "delta_rmse": 0.10866336158607354,
      "direction_accuracy_clean": 0.4782608695652174,
      "direction_accuracy_original": 0.6956521739130435,
      "horizonte_sem": 4,
      "loss_h_clean": 0.0668462680163362,
      "loss_h_original": 0.03889989690682059,
      "mae_clean": 0.19828240209311251,
      "mae_original": 0.1021809574188815,
      "risk_detection_clean": 0.5555555555555556,
      "risk_detection_original": 0.7777777777777778,
      "rmse_clean": 0.24818541574652983,
      "rmse_original": 0.1395220541604563
    }
  ],
  "l_total_radar_clean": 0.321327838487649,
  "reference_run_id": "E1_v5_clean"
}