{
  "clean_run_id": "E7_v3_clean",
  "comparacion_por_horizonte": [
    {
      "delta_direction_accuracy": -0.03846153846153855,
      "delta_loss_h": 0.003963351799734907,
      "delta_mae": -0.016780093172453242,
      "delta_risk_detection": -0.08333333333333337,
      "delta_rmse": -0.015161982884680208,
      "direction_accuracy_clean": 0.5769230769230769,
      "direction_accuracy_original": 0.6153846153846154,
      "horizonte_sem": 1,
      "loss_h_clean": 0.1177478919904497,
      "loss_h_original": 0.1137845401907148,
      "mae_clean": 0.14907570990223964,
      "mae_original": 0.1658558030746929,
      "risk_detection_clean": 0.5,
      "risk_detection_original": 0.5833333333333334,
      "rmse_clean": 0.17929285159465339,
      "rmse_original": 0.1944548344793336
    },
    {
      "delta_direction_accuracy": 0.12,
      "delta_loss_h": -0.012883646113724265,
      "delta_mae": -0.04664659158224785,
      "delta_risk_detection": -0.09999999999999998,
      "delta_rmse": -0.03728109367114457,
      "direction_accuracy_clean": 0.64,
      "direction_accuracy_original": 0.52,
      "horizonte_sem": 2,
      "loss_h_clean": 0.06842954236267737,
      "loss_h_original": 0.08131318847640163,
      "mae_clean": 0.12256136823084854,
      "mae_original": 0.1692079598130964,
      "risk_detection_clean": 0.8,
      "risk_detection_original": 0.9,
      "rmse_clean": 0.16208527212016952,
      "rmse_original": 0.1993663657913141
    },
    {
      "delta_direction_accuracy": 0.20833333333333337,
      "delta_loss_h": -0.03787115256262083,
      "delta_mae": -0.028477625694418723,
      "delta_risk_detection": 0.18181818181818177,
      "delta_rmse": -0.02467093475949303,
      "direction_accuracy_clean": 0.8333333333333334,
      "direction_accuracy_original": 0.625,
      "horizonte_sem": 3,
      "loss_h_clean": 0.06830413611818577,
      "loss_h_original": 0.1061752886808066,
      "mae_clean": 0.14787886295103977,
      "mae_original": 0.1763564886454585,
      "risk_detection_clean": 0.9090909090909091,
      "risk_detection_original": 0.7272727272727273,
      "rmse_clean": 0.18819527447701256,
      "rmse_original": 0.2128662092365056
    },
    {
      "delta_direction_accuracy": 0.04347826086956519,
      "delta_loss_h": -0.002199111889982258,
      "delta_mae": -0.05549679197090987,
      "delta_risk_detection": -0.11111111111111105,
      "delta_rmse": -0.04853196610097768,
      "direction_accuracy_clean": 0.4782608695652174,
      "direction_accuracy_original": 0.4347826086956522,
      "horizonte_sem": 4,
      "loss_h_clean": 0.0668462680163362,
      "loss_h_original": 0.06904537990631845,
      "mae_clean": 0.19828240209311251,
      "mae_original": 0.2537791940640224,
      "risk_detection_clean": 0.5555555555555556,
      "risk_detection_original": 0.6666666666666666,
      "rmse_clean": 0.24818541574652983,
      "rmse_original": 0.2967173818475075
    }
  ],
  "l_total_radar_clean": 0.321327838487649,
  "reference_run_id": "E6_v1_clean"
}