{
  "clean_run_id": "E7_v3_clean",
  "comparacion_por_horizonte": [
    {
      "delta_direction_accuracy": -0.23076923076923084,
      "delta_loss_h": 0.0549025163751521,
      "delta_mae": 0.053519667786469785,
      "delta_risk_detection": -0.33333333333333337,
      "delta_rmse": 0.05411371082768879,
      "direction_accuracy_clean": 0.5769230769230769,
      "direction_accuracy_original": 0.8076923076923077,
      "horizonte_sem": 1,
      "loss_h_clean": 0.1177478919904497,
      "loss_h_original": 0.0628453756152976,
      "mae_clean": 0.14907570990223964,
      "mae_original": 0.09555604211576986,
      "risk_detection_clean": 0.5,
      "risk_detection_original": 0.8333333333333334,
      "rmse_clean": 0.17929285159465339,
      "rmse_original": 0.1251791407669646
    },
    {
      "delta_direction_accuracy": 0.040000000000000036,
      "delta_loss_h": -0.013371150488622488,
      "delta_mae": 0.018485591089147435,
      "delta_risk_detection": 0.20000000000000007,
      "delta_rmse": 0.02991663149109161,
      "direction_accuracy_clean": 0.64,
      "direction_accuracy_original": 0.6,
      "horizonte_sem": 2,
      "loss_h_clean": 0.06842954236267737,
      "loss_h_original": 0.08180069285129986,
      "mae_clean": 0.12256136823084854,
      "mae_original": 0.1040757771417011,
      "risk_detection_clean": 0.8,
      "risk_detection_original": 0.6,
      "rmse_clean": 0.16208527212016952,
      "rmse_original": 0.1321686406290779
    },
    {
      "delta_direction_accuracy": 0.04166666666666674,
      "delta_loss_h": 0.0011411138496372347,
      "delta_mae": 0.042977859723880074,
      "delta_risk_detection": 0.09090909090909083,
      "delta_rmse": 0.054225116552527874,
      "direction_accuracy_clean": 0.8333333333333334,
      "direction_accuracy_original": 0.7916666666666666,
      "horizonte_sem": 3,
      "loss_h_clean": 0.06830413611818577,
      "loss_h_original": 0.06716302226854853,
      "mae_clean": 0.14787886295103977,
      "mae_original": 0.1049010032271597,
      "risk_detection_clean": 0.9090909090909091,
      "risk_detection_original": 0.8181818181818182,
      "rmse_clean": 0.18819527447701256,
      "rmse_original": 0.1339701579244847
    },
    {
      "delta_direction_accuracy": -0.26086956521739124,
      "delta_loss_h": 0.030867421030916005,
      "delta_mae": 0.09594050174666491,
      "delta_risk_detection": -0.2222222222222222,
      "delta_rmse": 0.10039951622053184,
      "direction_accuracy_clean": 0.4782608695652174,
      "direction_accuracy_original": 0.7391304347826086,
      "horizonte_sem": 4,
      "loss_h_clean": 0.0668462680163362,
      "loss_h_original": 0.03597884698542019,
      "mae_clean": 0.19828240209311251,
      "mae_original": 0.1023419003464476,
      "risk_detection_clean": 0.5555555555555556,
      "risk_detection_original": 0.7777777777777778,
      "rmse_clean": 0.24818541574652983,
      "rmse_original": 0.147785899525998
    }
  ],
  "l_total_radar_clean": 0.321327838487649,
  "reference_run_id": "E5_v4_clean"
}