{
  "clean_run_id": "E7_v3_clean",
  "comparacion_por_horizonte": [
    {
      "delta_direction_accuracy": 0.0,
      "delta_loss_h": 0.0001388263396105982,
      "delta_mae": 0.0008135012849214418,
      "delta_risk_detection": 0.0,
      "delta_rmse": 0.0015775759461866823,
      "direction_accuracy_clean": 0.5769230769230769,
      "direction_accuracy_original": 0.5769230769230769,
      "horizonte_sem": 1,
      "loss_h_clean": 0.1177478919904497,
      "loss_h_original": 0.1176090656508391,
      "mae_clean": 0.14907570990223964,
      "mae_original": 0.1482622086173182,
      "risk_detection_clean": 0.5,
      "risk_detection_original": 0.5,
      "rmse_clean": 0.17929285159465339,
      "rmse_original": 0.1777152756484667
    },
    {
      "delta_direction_accuracy": 0.0,
      "delta_loss_h": -0.001354901400302283,
      "delta_mae": -0.0024956020245966715,
      "delta_risk_detection": 0.0,
      "delta_rmse": -0.00011585491762738931,
      "direction_accuracy_clean": 0.64,
      "direction_accuracy_original": 0.64,
      "horizonte_sem": 2,
      "loss_h_clean": 0.06842954236267737,
      "loss_h_original": 0.06978444376297965,
      "mae_clean": 0.12256136823084854,
      "mae_original": 0.1250569702554452,
      "risk_detection_clean": 0.8,
      "risk_detection_original": 0.8,
      "rmse_clean": 0.16208527212016952,
      "rmse_original": 0.1622011270377969
    },
    {
      "delta_direction_accuracy": 0.04166666666666674,
      "delta_loss_h": -0.0029486309788912812,
      "delta_mae": 0.0010334957018582613,
      "delta_risk_detection": 0.0,
      "delta_rmse": -0.00038983561501004793,
      "direction_accuracy_clean": 0.8333333333333334,
      "direction_accuracy_original": 0.7916666666666666,
      "horizonte_sem": 3,
      "loss_h_clean": 0.06830413611818577,
      "loss_h_original": 0.07125276709707705,
      "mae_clean": 0.14787886295103977,
      "mae_original": 0.1468453672491815,
      "risk_detection_clean": 0.9090909090909091,
      "risk_detection_original": 0.9090909090909091,
      "rmse_clean": 0.18819527447701256,
      "rmse_original": 0.1885851100920226
    },
    {
      "delta_direction_accuracy": 0.0,
      "delta_loss_h": -9.430548788214033e-06,
      "delta_mae": -0.00011052316985729616,
      "delta_risk_detection": 0.0,
      "delta_rmse": 1.872897040053334e-05,
      "direction_accuracy_clean": 0.4782608695652174,
      "direction_accuracy_original": 0.4782608695652174,
      "horizonte_sem": 4,
      "loss_h_clean": 0.0668462680163362,
      "loss_h_original": 0.06685569856512441,
      "mae_clean": 0.19828240209311251,
      "mae_original": 0.1983929252629698,
      "risk_detection_clean": 0.5555555555555556,
      "risk_detection_original": 0.5555555555555556,
      "rmse_clean": 0.24818541574652983,
      "rmse_original": 0.2481666867761293
    }
  ],
  "l_total_radar_clean": 0.321327838487649,
  "reference_run_id": "E7_v1_clean"
}