{
  "clean_run_id": "E6_v1_clean",
  "comparacion_por_horizonte": [
    {
      "delta_direction_accuracy": -0.24175824175824168,
      "delta_loss_h": 0.049775590737371325,
      "delta_mae": 0.05929578892444781,
      "delta_risk_detection": -0.2628205128205128,
      "delta_rmse": 0.05985966474896676,
      "direction_accuracy_clean": 0.6153846153846154,
      "direction_accuracy_original": 0.8571428571428571,
      "horizonte_sem": 1,
      "loss_h_clean": 0.11378454019071477,
      "loss_h_original": 0.06400894945334344,
      "mae_clean": 0.16585580307469291,
      "mae_original": 0.1065600141502451,
      "risk_detection_clean": 0.5833333333333334,
      "risk_detection_original": 0.8461538461538461,
      "rmse_clean": 0.19445483447933365,
      "rmse_original": 0.1345951697303669
    },
    {
      "delta_direction_accuracy": -0.07259259259259254,
      "delta_loss_h": -0.003026382579643175,
      "delta_mae": 0.06853748073496718,
      "delta_risk_detection": 0.31666666666666665,
      "delta_rmse": 0.06991022742997385,
      "direction_accuracy_clean": 0.52,
      "direction_accuracy_original": 0.5925925925925926,
      "horizonte_sem": 2,
      "loss_h_clean": 0.08131318847640163,
      "loss_h_original": 0.08433957105604481,
      "mae_clean": 0.1692079598130964,
      "mae_original": 0.1006704790781292,
      "risk_detection_clean": 0.9,
      "risk_detection_original": 0.5833333333333334,
      "rmse_clean": 0.19936636579131414,
      "rmse_original": 0.1294561383613403
    },
    {
      "delta_direction_accuracy": -0.1826923076923077,
      "delta_loss_h": 0.03877739788343722,
      "delta_mae": 0.0744074884897188,
      "delta_risk_detection": -0.10606060606060608,
      "delta_rmse": 0.08118240774976831,
      "direction_accuracy_clean": 0.625,
      "direction_accuracy_original": 0.8076923076923077,
      "horizonte_sem": 3,
      "loss_h_clean": 0.1061752886808066,
      "loss_h_original": 0.06739789079736938,
      "mae_clean": 0.1763564886454585,
      "mae_original": 0.1019490001557397,
      "risk_detection_clean": 0.7272727272727273,
      "risk_detection_original": 0.8333333333333334,
      "rmse_clean": 0.21286620923650562,
      "rmse_original": 0.1316838014867373
    },
    {
      "delta_direction_accuracy": -0.2852173913043478,
      "delta_loss_h": 0.03151434696356426,
      "delta_mae": 0.15145413762957183,
      "delta_risk_detection": -0.13333333333333341,
      "delta_rmse": 0.16086216289761676,
      "direction_accuracy_clean": 0.43478260869565216,
      "direction_accuracy_original": 0.72,
      "horizonte_sem": 4,
      "loss_h_clean": 0.06904537990631845,
      "loss_h_original": 0.03753103294275419,
      "mae_clean": 0.25377919406402244,
      "mae_original": 0.1023250564344506,
      "risk_detection_clean": 0.6666666666666666,
      "risk_detection_original": 0.8,
      "rmse_clean": 0.29671738184750746,
      "rmse_original": 0.1358552189498907
    }
  ],
  "l_total_radar_clean": 0.3703183972542414,
  "reference_run_id": "E1_v4_clean"
}