{
  "clean_run_id": "E6_v1_clean",
  "comparacion_por_horizonte": [
    {
      "delta_direction_accuracy": -0.1923076923076923,
      "delta_loss_h": 0.05093916457541717,
      "delta_mae": 0.07029976095892305,
      "delta_risk_detection": -0.25,
      "delta_rmse": 0.06927569371236905,
      "direction_accuracy_clean": 0.6153846153846154,
      "direction_accuracy_original": 0.8076923076923077,
      "horizonte_sem": 1,
      "loss_h_clean": 0.11378454019071477,
      "loss_h_original": 0.0628453756152976,
      "mae_clean": 0.16585580307469291,
      "mae_original": 0.09555604211576986,
      "risk_detection_clean": 0.5833333333333334,
      "risk_detection_original": 0.8333333333333334,
      "rmse_clean": 0.19445483447933365,
      "rmse_original": 0.1251791407669646
    },
    {
      "delta_direction_accuracy": -0.07999999999999996,
      "delta_loss_h": -0.0004875043748982233,
      "delta_mae": 0.06513218267139528,
      "delta_risk_detection": 0.30000000000000004,
      "delta_rmse": 0.06719772516223624,
      "direction_accuracy_clean": 0.52,
      "direction_accuracy_original": 0.6,
      "horizonte_sem": 2,
      "loss_h_clean": 0.08131318847640163,
      "loss_h_original": 0.08180069285129986,
      "mae_clean": 0.1692079598130964,
      "mae_original": 0.1040757771417011,
      "risk_detection_clean": 0.9,
      "risk_detection_original": 0.6,
      "rmse_clean": 0.19936636579131414,
      "rmse_original": 0.1321686406290779
    },
    {
      "delta_direction_accuracy": -0.16666666666666663,
      "delta_loss_h": 0.039012266412258065,
      "delta_mae": 0.0714554854182988,
      "delta_risk_detection": -0.09090909090909094,
      "delta_rmse": 0.07889605131202093,
      "direction_accuracy_clean": 0.625,
      "direction_accuracy_original": 0.7916666666666666,
      "horizonte_sem": 3,
      "loss_h_clean": 0.1061752886808066,
      "loss_h_original": 0.06716302226854853,
      "mae_clean": 0.1763564886454585,
      "mae_original": 0.1049010032271597,
      "risk_detection_clean": 0.7272727272727273,
      "risk_detection_original": 0.8181818181818182,
      "rmse_clean": 0.21286620923650562,
      "rmse_original": 0.1339701579244847
    },
    {
      "delta_direction_accuracy": -0.3043478260869565,
      "delta_loss_h": 0.03306653292089826,
      "delta_mae": 0.15143729371757483,
      "delta_risk_detection": -0.11111111111111116,
      "delta_rmse": 0.14893148232150946,
      "direction_accuracy_clean": 0.43478260869565216,
      "direction_accuracy_original": 0.7391304347826086,
      "horizonte_sem": 4,
      "loss_h_clean": 0.06904537990631845,
      "loss_h_original": 0.03597884698542019,
      "mae_clean": 0.25377919406402244,
      "mae_original": 0.1023419003464476,
      "risk_detection_clean": 0.6666666666666666,
      "risk_detection_original": 0.7777777777777778,
      "rmse_clean": 0.29671738184750746,
      "rmse_original": 0.147785899525998
    }
  ],
  "l_total_radar_clean": 0.3703183972542414,
  "reference_run_id": "E5_v4_clean"
}