{
  "clean_run_id": "E6_v1_clean",
  "comparacion_por_horizonte": [
    {
      "delta_direction_accuracy": -0.1923076923076923,
      "delta_loss_h": 0.04109267085775527,
      "delta_mae": 0.06274758025633041,
      "delta_risk_detection": -0.16666666666666663,
      "delta_rmse": 0.06588005501769484,
      "direction_accuracy_clean": 0.6153846153846154,
      "direction_accuracy_original": 0.8076923076923077,
      "horizonte_sem": 1,
      "loss_h_clean": 0.11378454019071477,
      "loss_h_original": 0.0726918693329595,
      "mae_clean": 0.16585580307469291,
      "mae_original": 0.1031082228183625,
      "risk_detection_clean": 0.5833333333333334,
      "risk_detection_original": 0.75,
      "rmse_clean": 0.19445483447933365,
      "rmse_original": 0.1285747794616388
    },
    {
      "delta_direction_accuracy": -0.12,
      "delta_loss_h": -0.0011791075035900017,
      "delta_mae": 0.06378486435854838,
      "delta_risk_detection": 0.30000000000000004,
      "delta_rmse": 0.06751800960152524,
      "direction_accuracy_clean": 0.52,
      "direction_accuracy_original": 0.64,
      "horizonte_sem": 2,
      "loss_h_clean": 0.08131318847640163,
      "loss_h_original": 0.08249229597999164,
      "mae_clean": 0.1692079598130964,
      "mae_original": 0.105423095454548,
      "risk_detection_clean": 0.9,
      "risk_detection_original": 0.6,
      "rmse_clean": 0.19936636579131414,
      "rmse_original": 0.1318483561897889
    },
    {
      "delta_direction_accuracy": -0.16666666666666663,
      "delta_loss_h": 0.0372263905076792,
      "delta_mae": 0.0683153339300721,
      "delta_risk_detection": -0.09090909090909094,
      "delta_rmse": 0.07540953008389081,
      "direction_accuracy_clean": 0.625,
      "direction_accuracy_original": 0.7916666666666666,
      "horizonte_sem": 3,
      "loss_h_clean": 0.1061752886808066,
      "loss_h_original": 0.0689488981731274,
      "mae_clean": 0.1763564886454585,
      "mae_original": 0.1080411547153864,
      "risk_detection_clean": 0.7272727272727273,
      "risk_detection_original": 0.8181818181818182,
      "rmse_clean": 0.21286620923650562,
      "rmse_original": 0.1374566791526148
    },
    {
      "delta_direction_accuracy": -0.2608695652173913,
      "delta_loss_h": 0.026791745317989543,
      "delta_mae": 0.15348223730510052,
      "delta_risk_detection": 0.0,
      "delta_rmse": 0.15596714732270414,
      "direction_accuracy_clean": 0.43478260869565216,
      "direction_accuracy_original": 0.6956521739130435,
      "horizonte_sem": 4,
      "loss_h_clean": 0.06904537990631845,
      "loss_h_original": 0.04225363458832891,
      "mae_clean": 0.25377919406402244,
      "mae_original": 0.1002969567589219,
      "risk_detection_clean": 0.6666666666666666,
      "risk_detection_original": 0.6666666666666666,
      "rmse_clean": 0.29671738184750746,
      "rmse_original": 0.1407502345248033
    }
  ],
  "l_total_radar_clean": 0.3703183972542414,
  "reference_run_id": "E3_v2_clean"
}