{
  "clean_run_id": "E12_v3_clean",
  "comparacion_por_horizonte": [
    {
      "delta_direction_accuracy": -0.02197802197802201,
      "delta_loss_h": 0.009484106689003485,
      "delta_mae": 0.02494294419366945,
      "delta_risk_detection": 0.023809523809523725,
      "delta_rmse": 0.033357640201601424,
      "direction_accuracy_clean": 0.7857142857142857,
      "direction_accuracy_original": 0.8076923076923077,
      "horizonte_sem": 1,
      "loss_h_clean": 0.07434388658139239,
      "loss_h_original": 0.0648597798923889,
      "mae_clean": 0.12554172633250055,
      "mae_original": 0.1005987821388311,
      "risk_detection_clean": 0.8571428571428571,
      "risk_detection_original": 0.8333333333333334,
      "rmse_clean": 0.1662096218222094,
      "rmse_original": 0.132851981620608
    },
    {
      "delta_direction_accuracy": 0.08923076923076922,
      "delta_loss_h": -0.012222658173292711,
      "delta_mae": 0.014419867595511435,
      "delta_risk_detection": 0.13333333333333341,
      "delta_rmse": 0.027922075397416035,
      "direction_accuracy_clean": 0.7692307692307693,
      "direction_accuracy_original": 0.68,
      "horizonte_sem": 2,
      "loss_h_clean": 0.059278244845261924,
      "loss_h_original": 0.07150090301855463,
      "mae_clean": 0.11814553169934504,
      "mae_original": 0.1037256641038336,
      "risk_detection_clean": 0.8333333333333334,
      "risk_detection_original": 0.7,
      "rmse_clean": 0.16440604756763424,
      "rmse_original": 0.1364839721702182
    },
    {
      "delta_direction_accuracy": 0.04166666666666674,
      "delta_loss_h": -0.0068001335753404835,
      "delta_mae": 0.033707299018705755,
      "delta_risk_detection": 0.18181818181818177,
      "delta_rmse": 0.03278126183419175,
      "direction_accuracy_clean": 0.8333333333333334,
      "direction_accuracy_original": 0.7916666666666666,
      "horizonte_sem": 3,
      "loss_h_clean": 0.06138104767350981,
      "loss_h_original": 0.0681811812488503,
      "mae_clean": 0.13724974904946896,
      "mae_original": 0.1035424500307632,
      "risk_detection_clean": 1.0,
      "risk_detection_original": 0.8181818181818182,
      "rmse_clean": 0.16997196268106265,
      "rmse_original": 0.1371907008468709
    },
    {
      "delta_direction_accuracy": -0.059288537549407105,
      "delta_loss_h": 0.010217379624123606,
      "delta_mae": 0.02090374216946722,
      "delta_risk_detection": -0.11111111111111116,
      "delta_rmse": 0.029544609517744902,
      "direction_accuracy_clean": 0.6363636363636364,
      "direction_accuracy_original": 0.6956521739130435,
      "horizonte_sem": 4,
      "loss_h_clean": 0.04911727653094419,
      "loss_h_original": 0.03889989690682059,
      "mae_clean": 0.12308469958834872,
      "mae_original": 0.1021809574188815,
      "risk_detection_clean": 0.6666666666666666,
      "risk_detection_original": 0.7777777777777778,
      "rmse_clean": 0.1690666636782012,
      "rmse_original": 0.1395220541604563
    }
  ],
  "l_total_radar_clean": 0.24412045563110832,
  "reference_run_id": "E1_v5_clean"
}