{
  "clean_run_id": "E12_v3_clean",
  "comparacion_por_horizonte": [
    {
      "delta_direction_accuracy": -0.0714285714285714,
      "delta_loss_h": 0.010334937128048949,
      "delta_mae": 0.018981712182255445,
      "delta_risk_detection": 0.01098901098901095,
      "delta_rmse": 0.03161445209184252,
      "direction_accuracy_clean": 0.7857142857142857,
      "direction_accuracy_original": 0.8571428571428571,
      "horizonte_sem": 1,
      "loss_h_clean": 0.07434388658139239,
      "loss_h_original": 0.06400894945334344,
      "mae_clean": 0.12554172633250055,
      "mae_original": 0.1065600141502451,
      "risk_detection_clean": 0.8571428571428571,
      "risk_detection_original": 0.8461538461538461,
      "rmse_clean": 0.1662096218222094,
      "rmse_original": 0.1345951697303669
    },
    {
      "delta_direction_accuracy": 0.1766381766381767,
      "delta_loss_h": -0.025061326210782886,
      "delta_mae": 0.017475052621215834,
      "delta_risk_detection": 0.25,
      "delta_rmse": 0.034949909206293955,
      "direction_accuracy_clean": 0.7692307692307693,
      "direction_accuracy_original": 0.5925925925925926,
      "horizonte_sem": 2,
      "loss_h_clean": 0.059278244845261924,
      "loss_h_original": 0.08433957105604481,
      "mae_clean": 0.11814553169934504,
      "mae_original": 0.1006704790781292,
      "risk_detection_clean": 0.8333333333333334,
      "risk_detection_original": 0.5833333333333334,
      "rmse_clean": 0.16440604756763424,
      "rmse_original": 0.1294561383613403
    },
    {
      "delta_direction_accuracy": 0.02564102564102566,
      "delta_loss_h": -0.006016843123859569,
      "delta_mae": 0.035300748893729264,
      "delta_risk_detection": 0.16666666666666663,
      "delta_rmse": 0.03828816119432535,
      "direction_accuracy_clean": 0.8333333333333334,
      "direction_accuracy_original": 0.8076923076923077,
      "horizonte_sem": 3,
      "loss_h_clean": 0.06138104767350981,
      "loss_h_original": 0.06739789079736938,
      "mae_clean": 0.13724974904946896,
      "mae_original": 0.1019490001557397,
      "risk_detection_clean": 1.0,
      "risk_detection_original": 0.8333333333333334,
      "rmse_clean": 0.16997196268106265,
      "rmse_original": 0.1316838014867373
    },
    {
      "delta_direction_accuracy": -0.08363636363636362,
      "delta_loss_h": 0.01158624358819,
      "delta_mae": 0.020759643153898125,
      "delta_risk_detection": -0.13333333333333341,
      "delta_rmse": 0.0332114447283105,
      "direction_accuracy_clean": 0.6363636363636364,
      "direction_accuracy_original": 0.72,
      "horizonte_sem": 4,
      "loss_h_clean": 0.04911727653094419,
      "loss_h_original": 0.03753103294275419,
      "mae_clean": 0.12308469958834872,
      "mae_original": 0.1023250564344506,
      "risk_detection_clean": 0.6666666666666666,
      "risk_detection_original": 0.8,
      "rmse_clean": 0.1690666636782012,
      "rmse_original": 0.1358552189498907
    }
  ],
  "l_total_radar_clean": 0.24412045563110832,
  "reference_run_id": "E1_v4_clean"
}