{
  "clean_run_id": "E8_v2_clean",
  "comparacion_por_horizonte": [
    {
      "delta_direction_accuracy": -0.07692307692307698,
      "delta_loss_h": 0.0084366089977371,
      "delta_mae": 0.01563043167707008,
      "delta_risk_detection": 0.0,
      "delta_rmse": 0.025837395905997845,
      "direction_accuracy_clean": 0.7307692307692307,
      "direction_accuracy_original": 0.8076923076923077,
      "horizonte_sem": 1,
      "loss_h_clean": 0.0811284783306966,
      "loss_h_original": 0.0726918693329595,
      "mae_clean": 0.11873865449543258,
      "mae_original": 0.1031082228183625,
      "risk_detection_clean": 0.75,
      "risk_detection_original": 0.75,
      "rmse_clean": 0.15441217536763666,
      "rmse_original": 0.1285747794616388
    },
    {
      "delta_direction_accuracy": 0.0,
      "delta_loss_h": -0.014024456924927181,
      "delta_mae": 0.010375750229204506,
      "delta_risk_detection": 0.20000000000000007,
      "delta_rmse": 0.018540301792482894,
      "direction_accuracy_clean": 0.64,
      "direction_accuracy_original": 0.64,
      "horizonte_sem": 2,
      "loss_h_clean": 0.06846783905506446,
      "loss_h_original": 0.08249229597999164,
      "mae_clean": 0.11579884568375251,
      "mae_original": 0.105423095454548,
      "risk_detection_clean": 0.8,
      "risk_detection_original": 0.6,
      "rmse_clean": 0.1503886579822718,
      "rmse_original": 0.1318483561897889
    },
    {
      "delta_direction_accuracy": -0.08333333333333326,
      "delta_loss_h": 0.02258003375379751,
      "delta_mae": 0.026438767724436582,
      "delta_risk_detection": -0.09090909090909094,
      "delta_rmse": 0.021646516056527704,
      "direction_accuracy_clean": 0.7083333333333334,
      "direction_accuracy_original": 0.7916666666666666,
      "horizonte_sem": 3,
      "loss_h_clean": 0.0915289319269249,
      "loss_h_original": 0.0689488981731274,
      "mae_clean": 0.13447992243982299,
      "mae_original": 0.1080411547153864,
      "risk_detection_clean": 0.7272727272727273,
      "risk_detection_original": 0.8181818181818182,
      "rmse_clean": 0.1591031952091425,
      "rmse_original": 0.1374566791526148
    },
    {
      "delta_direction_accuracy": 0.0,
      "delta_loss_h": 0.002342006535933673,
      "delta_mae": 0.027447605859527283,
      "delta_risk_detection": 0.0,
      "delta_rmse": 0.029313197548255537,
      "direction_accuracy_clean": 0.6956521739130435,
      "direction_accuracy_original": 0.6956521739130435,
      "horizonte_sem": 4,
      "loss_h_clean": 0.044595641124262585,
      "loss_h_original": 0.04225363458832891,
      "mae_clean": 0.1277445626184492,
      "mae_original": 0.1002969567589219,
      "risk_detection_clean": 0.6666666666666666,
      "risk_detection_original": 0.6666666666666666,
      "rmse_clean": 0.17006343207305885,
      "rmse_original": 0.1407502345248033
    }
  ],
  "l_total_radar_clean": 0.28572089043694854,
  "reference_run_id": "E3_v2_clean"
}