{
  "clean_run_id": "E8_v2_clean",
  "comparacion_por_horizonte": [
    {
      "delta_direction_accuracy": 0.07692307692307687,
      "delta_loss_h": -0.027988858506370506,
      "delta_mae": -0.029910090187106414,
      "delta_risk_detection": 0.16666666666666663,
      "delta_rmse": -0.01521674625973915,
      "direction_accuracy_clean": 0.7307692307692307,
      "direction_accuracy_original": 0.6538461538461539,
      "horizonte_sem": 1,
      "loss_h_clean": 0.0811284783306966,
      "loss_h_original": 0.1091173368370671,
      "mae_clean": 0.11873865449543258,
      "mae_original": 0.148648744682539,
      "risk_detection_clean": 0.75,
      "risk_detection_original": 0.5833333333333334,
      "rmse_clean": 0.15441217536763666,
      "rmse_original": 0.1696289216273758
    },
    {
      "delta_direction_accuracy": 0.040000000000000036,
      "delta_loss_h": -0.022933093660789244,
      "delta_mae": -0.020624980549422578,
      "delta_risk_detection": 0.20000000000000007,
      "delta_rmse": -0.014257896711023593,
      "direction_accuracy_clean": 0.64,
      "direction_accuracy_original": 0.6,
      "horizonte_sem": 2,
      "loss_h_clean": 0.06846783905506446,
      "loss_h_original": 0.0914009327158537,
      "mae_clean": 0.11579884568375251,
      "mae_original": 0.1364238262331751,
      "risk_detection_clean": 0.8,
      "risk_detection_original": 0.6,
      "rmse_clean": 0.1503886579822718,
      "rmse_original": 0.1646465546932954
    },
    {
      "delta_direction_accuracy": -0.04166666666666663,
      "delta_loss_h": 0.004319513397087221,
      "delta_mae": -0.00032514307365641426,
      "delta_risk_detection": 0.0,
      "delta_rmse": -0.005040795785203195,
      "direction_accuracy_clean": 0.7083333333333334,
      "direction_accuracy_original": 0.75,
      "horizonte_sem": 3,
      "loss_h_clean": 0.0915289319269249,
      "loss_h_original": 0.08720941852983768,
      "mae_clean": 0.13447992243982299,
      "mae_original": 0.1348050655134794,
      "risk_detection_clean": 0.7272727272727273,
      "risk_detection_original": 0.7272727272727273,
      "rmse_clean": 0.1591031952091425,
      "rmse_original": 0.1641439909943457
    },
    {
      "delta_direction_accuracy": 0.04347826086956519,
      "delta_loss_h": -0.0041582301058612076,
      "delta_mae": -0.006695153038371315,
      "delta_risk_detection": 0.0,
      "delta_rmse": 0.004742870630055546,
      "direction_accuracy_clean": 0.6956521739130435,
      "direction_accuracy_original": 0.6521739130434783,
      "horizonte_sem": 4,
      "loss_h_clean": 0.044595641124262585,
      "loss_h_original": 0.04875387123012379,
      "mae_clean": 0.1277445626184492,
      "mae_original": 0.1344397156568205,
      "risk_detection_clean": 0.6666666666666666,
      "risk_detection_original": 0.6666666666666666,
      "rmse_clean": 0.17006343207305885,
      "rmse_original": 0.1653205614430033
    }
  ],
  "l_total_radar_clean": 0.28572089043694854,
  "reference_run_id": "E8_v1_clean"
}