{
  "clean_run_id": "E8_v2_clean",
  "comparacion_por_horizonte": [
    {
      "delta_direction_accuracy": 0.15384615384615385,
      "delta_loss_h": -0.0366194136597531,
      "delta_mae": -0.030337055406807006,
      "delta_risk_detection": 0.25,
      "delta_rmse": -0.024880676227016757,
      "direction_accuracy_clean": 0.7307692307692307,
      "direction_accuracy_original": 0.5769230769230769,
      "horizonte_sem": 1,
      "loss_h_clean": 0.0811284783306966,
      "loss_h_original": 0.1177478919904497,
      "mae_clean": 0.11873865449543258,
      "mae_original": 0.1490757099022396,
      "risk_detection_clean": 0.75,
      "risk_detection_original": 0.5,
      "rmse_clean": 0.15441217536763666,
      "rmse_original": 0.1792928515946534
    },
    {
      "delta_direction_accuracy": 0.0,
      "delta_loss_h": 3.829669238708533e-05,
      "delta_mae": -0.0067625225470959865,
      "delta_risk_detection": 0.0,
      "delta_rmse": -0.011696614137897687,
      "direction_accuracy_clean": 0.64,
      "direction_accuracy_original": 0.64,
      "horizonte_sem": 2,
      "loss_h_clean": 0.06846783905506446,
      "loss_h_original": 0.06842954236267737,
      "mae_clean": 0.11579884568375251,
      "mae_original": 0.1225613682308485,
      "risk_detection_clean": 0.8,
      "risk_detection_original": 0.8,
      "rmse_clean": 0.1503886579822718,
      "rmse_original": 0.1620852721201695
    },
    {
      "delta_direction_accuracy": -0.125,
      "delta_loss_h": 0.023224795808739138,
      "delta_mae": -0.013398940511216817,
      "delta_risk_detection": -0.18181818181818177,
      "delta_rmse": -0.02909207926787008,
      "direction_accuracy_clean": 0.7083333333333334,
      "direction_accuracy_original": 0.8333333333333334,
      "horizonte_sem": 3,
      "loss_h_clean": 0.0915289319269249,
      "loss_h_original": 0.06830413611818577,
      "mae_clean": 0.13447992243982299,
      "mae_original": 0.1478788629510398,
      "risk_detection_clean": 0.7272727272727273,
      "risk_detection_original": 0.9090909090909091,
      "rmse_clean": 0.1591031952091425,
      "rmse_original": 0.1881952744770126
    },
    {
      "delta_direction_accuracy": 0.21739130434782605,
      "delta_loss_h": -0.022250626892073612,
      "delta_mae": -0.0705378394746633,
      "delta_risk_detection": 0.11111111111111105,
      "delta_rmse": -0.07812198367347095,
      "direction_accuracy_clean": 0.6956521739130435,
      "direction_accuracy_original": 0.4782608695652174,
      "horizonte_sem": 4,
      "loss_h_clean": 0.044595641124262585,
      "loss_h_original": 0.0668462680163362,
      "mae_clean": 0.1277445626184492,
      "mae_original": 0.1982824020931125,
      "risk_detection_clean": 0.6666666666666666,
      "risk_detection_original": 0.5555555555555556,
      "rmse_clean": 0.17006343207305885,
      "rmse_original": 0.2481854157465298
    }
  ],
  "l_total_radar_clean": 0.28572089043694854,
  "reference_run_id": "E7_v3_clean"
}