{
  "clean_run_id": "E8_v2_clean",
  "comparacion_por_horizonte": [
    {
      "delta_direction_accuracy": -0.03846153846153855,
      "delta_loss_h": 0.0033013357458008125,
      "delta_mae": 0.00920328146385209,
      "delta_risk_detection": 0.0,
      "delta_rmse": 0.023746391187023264,
      "direction_accuracy_clean": 0.7307692307692307,
      "direction_accuracy_original": 0.7692307692307693,
      "horizonte_sem": 1,
      "loss_h_clean": 0.0811284783306966,
      "loss_h_original": 0.07782714258489579,
      "mae_clean": 0.11873865449543258,
      "mae_original": 0.1095353730315805,
      "risk_detection_clean": 0.75,
      "risk_detection_original": 0.75,
      "rmse_clean": 0.15441217536763666,
      "rmse_original": 0.1306657841806134
    },
    {
      "delta_direction_accuracy": 0.040000000000000036,
      "delta_loss_h": -0.01447310708479256,
      "delta_mae": 0.0037050150402827137,
      "delta_risk_detection": 0.20000000000000007,
      "delta_rmse": 0.013545926501604993,
      "direction_accuracy_clean": 0.64,
      "direction_accuracy_original": 0.6,
      "horizonte_sem": 2,
      "loss_h_clean": 0.06846783905506446,
      "loss_h_original": 0.08294094613985702,
      "mae_clean": 0.11579884568375251,
      "mae_original": 0.1120938306434698,
      "risk_detection_clean": 0.8,
      "risk_detection_original": 0.6,
      "rmse_clean": 0.1503886579822718,
      "rmse_original": 0.1368427314806668
    },
    {
      "delta_direction_accuracy": 0.04166666666666674,
      "delta_loss_h": 0.011322643159365126,
      "delta_mae": 0.015408244470780486,
      "delta_risk_detection": -0.09090909090909094,
      "delta_rmse": 0.011762808137583014,
      "direction_accuracy_clean": 0.7083333333333334,
      "direction_accuracy_original": 0.6666666666666666,
      "horizonte_sem": 3,
      "loss_h_clean": 0.0915289319269249,
      "loss_h_original": 0.08020628876755978,
      "mae_clean": 0.13447992243982299,
      "mae_original": 0.1190716779690425,
      "risk_detection_clean": 0.7272727272727273,
      "risk_detection_original": 0.8181818181818182,
      "rmse_clean": 0.1591031952091425,
      "rmse_original": 0.1473403870715595
    },
    {
      "delta_direction_accuracy": -0.04347826086956519,
      "delta_loss_h": 0.0016359072901322921,
      "delta_mae": 0.01535069681152898,
      "delta_risk_detection": 0.0,
      "delta_rmse": 0.015964928718785243,
      "direction_accuracy_clean": 0.6956521739130435,
      "direction_accuracy_original": 0.7391304347826086,
      "horizonte_sem": 4,
      "loss_h_clean": 0.044595641124262585,
      "loss_h_original": 0.04295973383413029,
      "mae_clean": 0.1277445626184492,
      "mae_original": 0.1123938658069202,
      "risk_detection_clean": 0.6666666666666666,
      "risk_detection_original": 0.6666666666666666,
      "rmse_clean": 0.17006343207305885,
      "rmse_original": 0.1540985033542736
    }
  ],
  "l_total_radar_clean": 0.28572089043694854,
  "reference_run_id": "E4_v1_clean"
}