{
  "clean_run_id": "E2_v2_clean",
  "comparacion_por_horizonte": [
    {
      "delta_direction_accuracy": -0.038461538461538436,
      "delta_loss_h": 0.003968301053802123,
      "delta_mae": 0.013111596964923172,
      "delta_risk_detection": 0.0,
      "delta_rmse": 0.016267991230219297,
      "direction_accuracy_clean": 0.7692307692307693,
      "direction_accuracy_original": 0.8076923076923077,
      "horizonte_sem": 1,
      "loss_h_clean": 0.06882808094619103,
      "loss_h_original": 0.0648597798923889,
      "mae_clean": 0.11371037910375427,
      "mae_original": 0.1005987821388311,
      "risk_detection_clean": 0.8333333333333334,
      "risk_detection_original": 0.8333333333333334,
      "rmse_clean": 0.1491199728508273,
      "rmse_original": 0.132851981620608
    },
    {
      "delta_direction_accuracy": -0.16000000000000003,
      "delta_loss_h": 0.015585074241477662,
      "delta_mae": 0.01817777136204478,
      "delta_risk_detection": 0.0,
      "delta_rmse": 0.01012527988613765,
      "direction_accuracy_clean": 0.52,
      "direction_accuracy_original": 0.68,
      "horizonte_sem": 2,
      "loss_h_clean": 0.0870859772600323,
      "loss_h_original": 0.07150090301855463,
      "mae_clean": 0.12190343546587838,
      "mae_original": 0.1037256641038336,
      "risk_detection_clean": 0.7,
      "risk_detection_original": 0.7,
      "rmse_clean": 0.14660925205635586,
      "rmse_original": 0.1364839721702182
    },
    {
      "delta_direction_accuracy": -0.08333333333333326,
      "delta_loss_h": 0.015764311306119563,
      "delta_mae": 0.055752420573648154,
      "delta_risk_detection": 0.0,
      "delta_rmse": 0.06872142816223081,
      "direction_accuracy_clean": 0.7083333333333334,
      "direction_accuracy_original": 0.7916666666666666,
      "horizonte_sem": 3,
      "loss_h_clean": 0.08394549255496986,
      "loss_h_original": 0.0681811812488503,
      "mae_clean": 0.15929487060441136,
      "mae_original": 0.1035424500307632,
      "risk_detection_clean": 0.8181818181818182,
      "risk_detection_original": 0.8181818181818182,
      "rmse_clean": 0.20591212900910172,
      "rmse_original": 0.1371907008468709
    },
    {
      "delta_direction_accuracy": -0.17391304347826086,
      "delta_loss_h": 0.023160874315318006,
      "delta_mae": 0.08969819675069399,
      "delta_risk_detection": -0.2222222222222222,
      "delta_rmse": 0.12382077856553678,
      "direction_accuracy_clean": 0.5217391304347826,
      "direction_accuracy_original": 0.6956521739130435,
      "horizonte_sem": 4,
      "loss_h_clean": 0.06206077122213859,
      "loss_h_original": 0.03889989690682059,
      "mae_clean": 0.1918791541695755,
      "mae_original": 0.1021809574188815,
      "risk_detection_clean": 0.5555555555555556,
      "risk_detection_original": 0.7777777777777778,
      "rmse_clean": 0.26334283272599307,
      "rmse_original": 0.1395220541604563
    }
  ],
  "l_total_radar_clean": 0.3019203219833318,
  "reference_run_id": "E1_v5_clean"
}