{
  "clean_run_id": "E2_v2_clean",
  "comparacion_por_horizonte": [
    {
      "delta_direction_accuracy": 0.0,
      "delta_loss_h": 1.2998304020239715e-05,
      "delta_mae": 7.616808922517038e-05,
      "delta_risk_detection": 0.0,
      "delta_rmse": -0.00016807735087220887,
      "direction_accuracy_clean": 0.7692307692307693,
      "direction_accuracy_original": 0.7692307692307693,
      "horizonte_sem": 1,
      "loss_h_clean": 0.06882808094619103,
      "loss_h_original": 0.06881508264217079,
      "mae_clean": 0.11371037910375427,
      "mae_original": 0.1136342110145291,
      "risk_detection_clean": 0.8333333333333334,
      "risk_detection_original": 0.8333333333333334,
      "rmse_clean": 0.1491199728508273,
      "rmse_original": 0.1492880502016995
    },
    {
      "delta_direction_accuracy": 0.0,
      "delta_loss_h": 0.0,
      "delta_mae": -1.3877787807814457e-17,
      "delta_risk_detection": 0.0,
      "delta_rmse": -2.7755575615628914e-17,
      "direction_accuracy_clean": 0.52,
      "direction_accuracy_original": 0.52,
      "horizonte_sem": 2,
      "loss_h_clean": 0.0870859772600323,
      "loss_h_original": 0.0870859772600323,
      "mae_clean": 0.12190343546587838,
      "mae_original": 0.1219034354658784,
      "risk_detection_clean": 0.7,
      "risk_detection_original": 0.7,
      "rmse_clean": 0.14660925205635586,
      "rmse_original": 0.1466092520563559
    },
    {
      "delta_direction_accuracy": 0.0,
      "delta_loss_h": 0.0,
      "delta_mae": -2.7755575615628914e-17,
      "delta_risk_detection": 0.0,
      "delta_rmse": 2.7755575615628914e-17,
      "direction_accuracy_clean": 0.7083333333333334,
      "direction_accuracy_original": 0.7083333333333334,
      "horizonte_sem": 3,
      "loss_h_clean": 0.08394549255496986,
      "loss_h_original": 0.08394549255496986,
      "mae_clean": 0.15929487060441136,
      "mae_original": 0.1592948706044114,
      "risk_detection_clean": 0.8181818181818182,
      "risk_detection_original": 0.8181818181818182,
      "rmse_clean": 0.20591212900910172,
      "rmse_original": 0.2059121290091017
    },
    {
      "delta_direction_accuracy": 0.0,
      "delta_loss_h": 0.0,
      "delta_mae": 0.0,
      "delta_risk_detection": 0.0,
      "delta_rmse": -5.551115123125783e-17,
      "direction_accuracy_clean": 0.5217391304347826,
      "direction_accuracy_original": 0.5217391304347826,
      "horizonte_sem": 4,
      "loss_h_clean": 0.06206077122213859,
      "loss_h_original": 0.06206077122213859,
      "mae_clean": 0.1918791541695755,
      "mae_original": 0.1918791541695755,
      "risk_detection_clean": 0.5555555555555556,
      "risk_detection_original": 0.5555555555555556,
      "rmse_clean": 0.26334283272599307,
      "rmse_original": 0.2633428327259931
    }
  ],
  "l_total_radar_clean": 0.3019203219833318,
  "reference_run_id": "E2_v1_clean"
}