{
  "clean_run_id": "E1_v4_clean",
  "comparacion_por_horizonte": [
    {
      "delta_direction_accuracy": 0.0357142857142857,
      "delta_loss_h": -0.010976288674729301,
      "delta_mae": -0.002259729383121578,
      "delta_risk_detection": 0.07692307692307687,
      "delta_rmse": 0.000573759971198351,
      "direction_accuracy_clean": 0.8571428571428571,
      "direction_accuracy_original": 0.8214285714285714,
      "horizonte_sem": 1,
      "loss_h_clean": 0.06400894945334344,
      "loss_h_original": 0.07498523812807274,
      "mae_clean": 0.10656001415024512,
      "mae_original": 0.1088197435333667,
      "risk_detection_clean": 0.8461538461538461,
      "risk_detection_original": 0.7692307692307693,
      "rmse_clean": 0.13459516973036686,
      "rmse_original": 0.1340214097591685
    },
    {
      "delta_direction_accuracy": 0.0,
      "delta_loss_h": -0.00012034045710021535,
      "delta_mae": -0.0008462121821000979,
      "delta_risk_detection": 0.0,
      "delta_rmse": 0.00043565764567055076,
      "direction_accuracy_clean": 0.5925925925925926,
      "direction_accuracy_original": 0.5925925925925926,
      "horizonte_sem": 2,
      "loss_h_clean": 0.08433957105604481,
      "loss_h_original": 0.08445991151314503,
      "mae_clean": 0.1006704790781292,
      "mae_original": 0.1015166912602293,
      "risk_detection_clean": 0.5833333333333334,
      "risk_detection_original": 0.5833333333333334,
      "rmse_clean": 0.12945613836134034,
      "rmse_original": 0.1290204807156698
    },
    {
      "delta_direction_accuracy": -0.038461538461538436,
      "delta_loss_h": 0.0030943026487799535,
      "delta_mae": 0.0012287355505301994,
      "delta_risk_detection": 0.0,
      "delta_rmse": 0.0013323229712982887,
      "direction_accuracy_clean": 0.8076923076923077,
      "direction_accuracy_original": 0.8461538461538461,
      "horizonte_sem": 3,
      "loss_h_clean": 0.06739789079736938,
      "loss_h_original": 0.06430358814858943,
      "mae_clean": 0.1019490001557397,
      "mae_original": 0.1007202646052095,
      "risk_detection_clean": 0.8333333333333334,
      "risk_detection_original": 0.8333333333333334,
      "rmse_clean": 0.13168380148673728,
      "rmse_original": 0.130351478515439
    },
    {
      "delta_direction_accuracy": 0.0,
      "delta_loss_h": 4.1100841598210036e-05,
      "delta_mae": 0.0004816893904323327,
      "delta_risk_detection": 0.0,
      "delta_rmse": 0.0003434281794157945,
      "direction_accuracy_clean": 0.72,
      "direction_accuracy_original": 0.72,
      "horizonte_sem": 4,
      "loss_h_clean": 0.03753103294275419,
      "loss_h_original": 0.03748993210115598,
      "mae_clean": 0.10232505643445063,
      "mae_original": 0.1018433670440183,
      "risk_detection_clean": 0.8,
      "risk_detection_original": 0.8,
      "rmse_clean": 0.1358552189498907,
      "rmse_original": 0.1355117907704749
    }
  ],
  "l_total_radar_clean": 0.2532774442495118,
  "reference_run_id": "E1_v2_clean"
}