{
  "clean_run_id": "E2_v3_clean",
  "comparacion_por_horizonte": [
    {
      "delta_direction_accuracy": -0.05769230769230771,
      "delta_loss_h": 0.006218489217410028,
      "delta_mae": 0.019133532679730975,
      "delta_risk_detection": 0.012820512820512775,
      "delta_rmse": 0.017133065769075667,
      "direction_accuracy_clean": 0.75,
      "direction_accuracy_original": 0.8076923076923077,
      "horizonte_sem": 1,
      "loss_h_clean": 0.07107826910979893,
      "loss_h_original": 0.0648597798923889,
      "mae_clean": 0.11973231481856207,
      "mae_original": 0.1005987821388311,
      "risk_detection_clean": 0.8461538461538461,
      "risk_detection_original": 0.8333333333333334,
      "rmse_clean": 0.14998504738968366,
      "rmse_original": 0.132851981620608
    },
    {
      "delta_direction_accuracy": -0.01333333333333342,
      "delta_loss_h": -0.0022241881237490962,
      "delta_mae": 0.009850254046541662,
      "delta_risk_detection": 0.050000000000000044,
      "delta_rmse": 0.011487423644212652,
      "direction_accuracy_clean": 0.6666666666666666,
      "direction_accuracy_original": 0.68,
      "horizonte_sem": 2,
      "loss_h_clean": 0.06927671489480554,
      "loss_h_original": 0.07150090301855463,
      "mae_clean": 0.11357591815037527,
      "mae_original": 0.1037256641038336,
      "risk_detection_clean": 0.75,
      "risk_detection_original": 0.7,
      "rmse_clean": 0.14797139581443086,
      "rmse_original": 0.1364839721702182
    },
    {
      "delta_direction_accuracy": -0.13782051282051277,
      "delta_loss_h": 0.04093996317211579,
      "delta_mae": 0.03836724313615303,
      "delta_risk_detection": -0.23484848484848486,
      "delta_rmse": 0.02593826505213545,
      "direction_accuracy_clean": 0.6538461538461539,
      "direction_accuracy_original": 0.7916666666666666,
      "horizonte_sem": 3,
      "loss_h_clean": 0.10912114442096608,
      "loss_h_original": 0.0681811812488503,
      "mae_clean": 0.14190969316691623,
      "mae_original": 0.1035424500307632,
      "risk_detection_clean": 0.5833333333333334,
      "risk_detection_original": 0.8181818181818182,
      "rmse_clean": 0.16312896589900636,
      "rmse_original": 0.1371907008468709
    },
    {
      "delta_direction_accuracy": 0.06434782608695655,
      "delta_loss_h": -0.0019115135448490722,
      "delta_mae": 0.04124918153385765,
      "delta_risk_detection": 0.12222222222222223,
      "delta_rmse": 0.02760488816688275,
      "direction_accuracy_clean": 0.76,
      "direction_accuracy_original": 0.6956521739130435,
      "horizonte_sem": 4,
      "loss_h_clean": 0.036988383361971515,
      "loss_h_original": 0.03889989690682059,
      "mae_clean": 0.14343013895273915,
      "mae_original": 0.1021809574188815,
      "risk_detection_clean": 0.9,
      "risk_detection_original": 0.7777777777777778,
      "rmse_clean": 0.16712694232733905,
      "rmse_original": 0.1395220541604563
    }
  ],
  "l_total_radar_clean": 0.28646451178754206,
  "reference_run_id": "E1_v5_clean"
}