{
  "clean_run_id": "E2_v3_clean",
  "comparacion_por_horizonte": [
    {
      "delta_direction_accuracy": -0.019230769230769273,
      "delta_loss_h": 0.002263186467628145,
      "delta_mae": 0.006098103804032973,
      "delta_risk_detection": 0.012820512820512775,
      "delta_rmse": 0.0006969971879841608,
      "direction_accuracy_clean": 0.75,
      "direction_accuracy_original": 0.7692307692307693,
      "horizonte_sem": 1,
      "loss_h_clean": 0.07107826910979893,
      "loss_h_original": 0.06881508264217079,
      "mae_clean": 0.11973231481856207,
      "mae_original": 0.1136342110145291,
      "risk_detection_clean": 0.8461538461538461,
      "risk_detection_original": 0.8333333333333334,
      "rmse_clean": 0.14998504738968366,
      "rmse_original": 0.1492880502016995
    },
    {
      "delta_direction_accuracy": 0.1466666666666666,
      "delta_loss_h": -0.017809262365226758,
      "delta_mae": -0.00832751731550313,
      "delta_risk_detection": 0.050000000000000044,
      "delta_rmse": 0.001362143758074974,
      "direction_accuracy_clean": 0.6666666666666666,
      "direction_accuracy_original": 0.52,
      "horizonte_sem": 2,
      "loss_h_clean": 0.06927671489480554,
      "loss_h_original": 0.0870859772600323,
      "mae_clean": 0.11357591815037527,
      "mae_original": 0.1219034354658784,
      "risk_detection_clean": 0.75,
      "risk_detection_original": 0.7,
      "rmse_clean": 0.14797139581443086,
      "rmse_original": 0.1466092520563559
    },
    {
      "delta_direction_accuracy": -0.054487179487179516,
      "delta_loss_h": 0.025175651865996226,
      "delta_mae": -0.017385177437495153,
      "delta_risk_detection": -0.23484848484848486,
      "delta_rmse": -0.042783163110095335,
      "direction_accuracy_clean": 0.6538461538461539,
      "direction_accuracy_original": 0.7083333333333334,
      "horizonte_sem": 3,
      "loss_h_clean": 0.10912114442096608,
      "loss_h_original": 0.08394549255496986,
      "mae_clean": 0.14190969316691623,
      "mae_original": 0.1592948706044114,
      "risk_detection_clean": 0.5833333333333334,
      "risk_detection_original": 0.8181818181818182,
      "rmse_clean": 0.16312896589900636,
      "rmse_original": 0.2059121290091017
    },
    {
      "delta_direction_accuracy": 0.23826086956521741,
      "delta_loss_h": -0.025072387860167078,
      "delta_mae": -0.04844901521683634,
      "delta_risk_detection": 0.34444444444444444,
      "delta_rmse": -0.09621589039865408,
      "direction_accuracy_clean": 0.76,
      "direction_accuracy_original": 0.5217391304347826,
      "horizonte_sem": 4,
      "loss_h_clean": 0.036988383361971515,
      "loss_h_original": 0.06206077122213859,
      "mae_clean": 0.14343013895273915,
      "mae_original": 0.1918791541695755,
      "risk_detection_clean": 0.9,
      "risk_detection_original": 0.5555555555555556,
      "rmse_clean": 0.16712694232733905,
      "rmse_original": 0.2633428327259931
    }
  ],
  "l_total_radar_clean": 0.28646451178754206,
  "reference_run_id": "E2_v1_clean"
}