{
  "clean_run_id": "E7_v1_clean",
  "comparacion_por_horizonte": [
    {
      "delta_direction_accuracy": -0.1923076923076924,
      "delta_loss_h": 0.0397819230659433,
      "delta_mae": 0.03872683558573768,
      "delta_risk_detection": -0.25,
      "delta_rmse": 0.04704949146785331,
      "direction_accuracy_clean": 0.5769230769230769,
      "direction_accuracy_original": 0.7692307692307693,
      "horizonte_sem": 1,
      "loss_h_clean": 0.11760906565083909,
      "loss_h_original": 0.07782714258489579,
      "mae_clean": 0.14826220861731818,
      "mae_original": 0.1095353730315805,
      "risk_detection_clean": 0.5,
      "risk_detection_original": 0.75,
      "rmse_clean": 0.1777152756484667,
      "rmse_original": 0.1306657841806134
    },
    {
      "delta_direction_accuracy": 0.040000000000000036,
      "delta_loss_h": -0.013156502376877363,
      "delta_mae": 0.012963139611975441,
      "delta_risk_detection": 0.20000000000000007,
      "delta_rmse": 0.025358395557130126,
      "direction_accuracy_clean": 0.64,
      "direction_accuracy_original": 0.6,
      "horizonte_sem": 2,
      "loss_h_clean": 0.06978444376297965,
      "loss_h_original": 0.08294094613985702,
      "mae_clean": 0.12505697025544524,
      "mae_original": 0.1120938306434698,
      "risk_detection_clean": 0.8,
      "risk_detection_original": 0.6,
      "rmse_clean": 0.16220112703779693,
      "rmse_original": 0.1368427314806668
    },
    {
      "delta_direction_accuracy": 0.125,
      "delta_loss_h": -0.00895352167048273,
      "delta_mae": 0.027773689280139013,
      "delta_risk_detection": 0.09090909090909083,
      "delta_rmse": 0.041244723020463114,
      "direction_accuracy_clean": 0.7916666666666666,
      "direction_accuracy_original": 0.6666666666666666,
      "horizonte_sem": 3,
      "loss_h_clean": 0.07125276709707705,
      "loss_h_original": 0.08020628876755978,
      "mae_clean": 0.1468453672491815,
      "mae_original": 0.1190716779690425,
      "risk_detection_clean": 0.9090909090909091,
      "risk_detection_original": 0.8181818181818182,
      "rmse_clean": 0.1885851100920226,
      "rmse_original": 0.1473403870715595
    },
    {
      "delta_direction_accuracy": -0.26086956521739124,
      "delta_loss_h": 0.023895964730994118,
      "delta_mae": 0.08599905945604963,
      "delta_risk_detection": -0.11111111111111105,
      "delta_rmse": 0.09406818342185566,
      "direction_accuracy_clean": 0.4782608695652174,
      "direction_accuracy_original": 0.7391304347826086,
      "horizonte_sem": 4,
      "loss_h_clean": 0.06685569856512441,
      "loss_h_original": 0.04295973383413029,
      "mae_clean": 0.19839292526296984,
      "mae_original": 0.1123938658069202,
      "risk_detection_clean": 0.5555555555555556,
      "risk_detection_original": 0.6666666666666666,
      "rmse_clean": 0.24816668677612927,
      "rmse_original": 0.1540985033542736
    }
  ],
  "l_total_radar_clean": 0.3255019750760202,
  "reference_run_id": "E4_v1_clean"
}