{
  "clean_run_id": "E7_v1_clean",
  "comparacion_por_horizonte": [
    {
      "delta_direction_accuracy": -0.2802197802197802,
      "delta_loss_h": 0.05360011619749565,
      "delta_mae": 0.04170219446707307,
      "delta_risk_detection": -0.34615384615384615,
      "delta_rmse": 0.04312010591809981,
      "direction_accuracy_clean": 0.5769230769230769,
      "direction_accuracy_original": 0.8571428571428571,
      "horizonte_sem": 1,
      "loss_h_clean": 0.11760906565083909,
      "loss_h_original": 0.06400894945334344,
      "mae_clean": 0.14826220861731818,
      "mae_original": 0.1065600141502451,
      "risk_detection_clean": 0.5,
      "risk_detection_original": 0.8461538461538461,
      "rmse_clean": 0.1777152756484667,
      "rmse_original": 0.1345951697303669
    },
    {
      "delta_direction_accuracy": 0.047407407407407454,
      "delta_loss_h": -0.014555127293065157,
      "delta_mae": 0.024386491177316033,
      "delta_risk_detection": 0.21666666666666667,
      "delta_rmse": 0.03274498867645664,
      "direction_accuracy_clean": 0.64,
      "direction_accuracy_original": 0.5925925925925926,
      "horizonte_sem": 2,
      "loss_h_clean": 0.06978444376297965,
      "loss_h_original": 0.08433957105604481,
      "mae_clean": 0.12505697025544524,
      "mae_original": 0.1006704790781292,
      "risk_detection_clean": 0.8,
      "risk_detection_original": 0.5833333333333334,
      "rmse_clean": 0.16220112703779693,
      "rmse_original": 0.1294561383613403
    },
    {
      "delta_direction_accuracy": -0.01602564102564108,
      "delta_loss_h": 0.0038548762997076685,
      "delta_mae": 0.044896367093441816,
      "delta_risk_detection": 0.07575757575757569,
      "delta_rmse": 0.056901308605285306,
      "direction_accuracy_clean": 0.7916666666666666,
      "direction_accuracy_original": 0.8076923076923077,
      "horizonte_sem": 3,
      "loss_h_clean": 0.07125276709707705,
      "loss_h_original": 0.06739789079736938,
      "mae_clean": 0.1468453672491815,
      "mae_original": 0.1019490001557397,
      "risk_detection_clean": 0.9090909090909091,
      "risk_detection_original": 0.8333333333333334,
      "rmse_clean": 0.1885851100920226,
      "rmse_original": 0.1316838014867373
    },
    {
      "delta_direction_accuracy": -0.24173913043478257,
      "delta_loss_h": 0.029324665622370218,
      "delta_mae": 0.09606786882851924,
      "delta_risk_detection": -0.24444444444444446,
      "delta_rmse": 0.11231146782623858,
      "direction_accuracy_clean": 0.4782608695652174,
      "direction_accuracy_original": 0.72,
      "horizonte_sem": 4,
      "loss_h_clean": 0.06685569856512441,
      "loss_h_original": 0.03753103294275419,
      "mae_clean": 0.19839292526296984,
      "mae_original": 0.1023250564344506,
      "risk_detection_clean": 0.5555555555555556,
      "risk_detection_original": 0.8,
      "rmse_clean": 0.24816668677612927,
      "rmse_original": 0.1358552189498907
    }
  ],
  "l_total_radar_clean": 0.3255019750760202,
  "reference_run_id": "E1_v4_clean"
}