{
  "clean_run_id": "E7_v1_clean",
  "comparacion_por_horizonte": [
    {
      "delta_direction_accuracy": -0.03846153846153855,
      "delta_loss_h": 0.003824525460124295,
      "delta_mae": -0.01759359445737471,
      "delta_risk_detection": -0.08333333333333337,
      "delta_rmse": -0.01673955883086689,
      "direction_accuracy_clean": 0.5769230769230769,
      "direction_accuracy_original": 0.6153846153846154,
      "horizonte_sem": 1,
      "loss_h_clean": 0.11760906565083909,
      "loss_h_original": 0.1137845401907148,
      "mae_clean": 0.14826220861731818,
      "mae_original": 0.1658558030746929,
      "risk_detection_clean": 0.5,
      "risk_detection_original": 0.5833333333333334,
      "rmse_clean": 0.1777152756484667,
      "rmse_original": 0.1944548344793336
    },
    {
      "delta_direction_accuracy": 0.12,
      "delta_loss_h": -0.011528744713421982,
      "delta_mae": -0.04415098955765115,
      "delta_risk_detection": -0.09999999999999998,
      "delta_rmse": -0.037165238753517155,
      "direction_accuracy_clean": 0.64,
      "direction_accuracy_original": 0.52,
      "horizonte_sem": 2,
      "loss_h_clean": 0.06978444376297965,
      "loss_h_original": 0.08131318847640163,
      "mae_clean": 0.12505697025544524,
      "mae_original": 0.1692079598130964,
      "risk_detection_clean": 0.8,
      "risk_detection_original": 0.9,
      "rmse_clean": 0.16220112703779693,
      "rmse_original": 0.1993663657913141
    },
    {
      "delta_direction_accuracy": 0.16666666666666663,
      "delta_loss_h": -0.03492252158372955,
      "delta_mae": -0.029511121396276985,
      "delta_risk_detection": 0.18181818181818177,
      "delta_rmse": -0.02428109914448298,
      "direction_accuracy_clean": 0.7916666666666666,
      "direction_accuracy_original": 0.625,
      "horizonte_sem": 3,
      "loss_h_clean": 0.07125276709707705,
      "loss_h_original": 0.1061752886808066,
      "mae_clean": 0.1468453672491815,
      "mae_original": 0.1763564886454585,
      "risk_detection_clean": 0.9090909090909091,
      "risk_detection_original": 0.7272727272727273,
      "rmse_clean": 0.1885851100920226,
      "rmse_original": 0.2128662092365056
    },
    {
      "delta_direction_accuracy": 0.04347826086956519,
      "delta_loss_h": -0.002189681341194044,
      "delta_mae": -0.055386268801052546,
      "delta_risk_detection": -0.11111111111111105,
      "delta_rmse": -0.04855069507137824,
      "direction_accuracy_clean": 0.4782608695652174,
      "direction_accuracy_original": 0.4347826086956522,
      "horizonte_sem": 4,
      "loss_h_clean": 0.06685569856512441,
      "loss_h_original": 0.06904537990631845,
      "mae_clean": 0.19839292526296984,
      "mae_original": 0.2537791940640224,
      "risk_detection_clean": 0.5555555555555556,
      "risk_detection_original": 0.6666666666666666,
      "rmse_clean": 0.24816668677612927,
      "rmse_original": 0.2967173818475075
    }
  ],
  "l_total_radar_clean": 0.3255019750760202,
  "reference_run_id": "E6_v1_clean"
}