{
  "clean_run_id": "E7_v2_clean",
  "comparacion_por_horizonte": [
    {
      "delta_direction_accuracy": -0.34615384615384615,
      "delta_loss_h": 0.15628923976931777,
      "delta_mae": 7.828996437391892,
      "delta_risk_detection": -0.4166666666666667,
      "delta_rmse": 11.257722701872327,
      "direction_accuracy_clean": 0.46153846153846156,
      "direction_accuracy_original": 0.8076923076923077,
      "horizonte_sem": 1,
      "loss_h_clean": 0.21913461538461537,
      "loss_h_original": 0.0628453756152976,
      "mae_clean": 7.924552479507661,
      "mae_original": 0.09555604211576986,
      "risk_detection_clean": 0.4166666666666667,
      "risk_detection_original": 0.8333333333333334,
      "rmse_clean": 11.382901842639292,
      "rmse_original": 0.1251791407669646
    },
    {
      "delta_direction_accuracy": 0.0,
      "delta_loss_h": 0.08069930714870012,
      "delta_mae": 10.817407421163473,
      "delta_risk_detection": 0.0,
      "delta_rmse": 19.204511416117086,
      "direction_accuracy_clean": 0.6,
      "direction_accuracy_original": 0.6,
      "horizonte_sem": 2,
      "loss_h_clean": 0.16249999999999998,
      "loss_h_original": 0.08180069285129986,
      "mae_clean": 10.921483198305173,
      "mae_original": 0.1040757771417011,
      "risk_detection_clean": 0.6,
      "risk_detection_original": 0.6,
      "rmse_clean": 19.336680056746165,
      "rmse_original": 0.1321686406290779
    },
    {
      "delta_direction_accuracy": -0.20833333333333326,
      "delta_loss_h": 0.11272334136781506,
      "delta_mae": 9.638517890117743,
      "delta_risk_detection": 0.0,
      "delta_rmse": 15.148620035371579,
      "direction_accuracy_clean": 0.5833333333333334,
      "direction_accuracy_original": 0.7916666666666666,
      "horizonte_sem": 3,
      "loss_h_clean": 0.1798863636363636,
      "loss_h_original": 0.06716302226854853,
      "mae_clean": 9.743418893344902,
      "mae_original": 0.1049010032271597,
      "risk_detection_clean": 0.8181818181818182,
      "risk_detection_original": 0.8181818181818182,
      "rmse_clean": 15.282590193296063,
      "rmse_original": 0.1339701579244847
    },
    {
      "delta_direction_accuracy": -0.3913043478260869,
      "delta_loss_h": 0.0844921675073334,
      "delta_mae": 9.988369655220083,
      "delta_risk_detection": -0.5555555555555556,
      "delta_rmse": 14.748299491912835,
      "direction_accuracy_clean": 0.34782608695652173,
      "direction_accuracy_original": 0.7391304347826086,
      "horizonte_sem": 4,
      "loss_h_clean": 0.1204710144927536,
      "loss_h_original": 0.03597884698542019,
      "mae_clean": 10.09071155556653,
      "mae_original": 0.1023419003464476,
      "risk_detection_clean": 0.2222222222222222,
      "risk_detection_original": 0.7777777777777778,
      "rmse_clean": 14.896085391438833,
      "rmse_original": 0.147785899525998
    }
  ],
  "l_total_radar_clean": 0.6819919935137326,
  "reference_run_id": "E5_v4_clean"
}