{
  "clean_run_id": "E7_v2_clean",
  "comparacion_por_horizonte": [
    {
      "delta_direction_accuracy": -0.34615384615384615,
      "delta_loss_h": 0.14644274605165586,
      "delta_mae": 7.821444256689299,
      "delta_risk_detection": -0.3333333333333333,
      "delta_rmse": 11.254327063177653,
      "direction_accuracy_clean": 0.46153846153846156,
      "direction_accuracy_original": 0.8076923076923077,
      "horizonte_sem": 1,
      "loss_h_clean": 0.21913461538461537,
      "loss_h_original": 0.0726918693329595,
      "mae_clean": 7.924552479507661,
      "mae_original": 0.1031082228183625,
      "risk_detection_clean": 0.4166666666666667,
      "risk_detection_original": 0.75,
      "rmse_clean": 11.382901842639292,
      "rmse_original": 0.1285747794616388
    },
    {
      "delta_direction_accuracy": -0.040000000000000036,
      "delta_loss_h": 0.08000770402000834,
      "delta_mae": 10.816060102850626,
      "delta_risk_detection": 0.0,
      "delta_rmse": 19.204831700556376,
      "direction_accuracy_clean": 0.6,
      "direction_accuracy_original": 0.64,
      "horizonte_sem": 2,
      "loss_h_clean": 0.16249999999999998,
      "loss_h_original": 0.08249229597999164,
      "mae_clean": 10.921483198305173,
      "mae_original": 0.105423095454548,
      "risk_detection_clean": 0.6,
      "risk_detection_original": 0.6,
      "rmse_clean": 19.336680056746165,
      "rmse_original": 0.1318483561897889
    },
    {
      "delta_direction_accuracy": -0.20833333333333326,
      "delta_loss_h": 0.1109374654632362,
      "delta_mae": 9.635377738629515,
      "delta_risk_detection": 0.0,
      "delta_rmse": 15.145133514143447,
      "direction_accuracy_clean": 0.5833333333333334,
      "direction_accuracy_original": 0.7916666666666666,
      "horizonte_sem": 3,
      "loss_h_clean": 0.1798863636363636,
      "loss_h_original": 0.0689488981731274,
      "mae_clean": 9.743418893344902,
      "mae_original": 0.1080411547153864,
      "risk_detection_clean": 0.8181818181818182,
      "risk_detection_original": 0.8181818181818182,
      "rmse_clean": 15.282590193296063,
      "rmse_original": 0.1374566791526148
    },
    {
      "delta_direction_accuracy": -0.34782608695652173,
      "delta_loss_h": 0.07821737990442469,
      "delta_mae": 9.99041459880761,
      "delta_risk_detection": -0.4444444444444444,
      "delta_rmse": 14.755335156914029,
      "direction_accuracy_clean": 0.34782608695652173,
      "direction_accuracy_original": 0.6956521739130435,
      "horizonte_sem": 4,
      "loss_h_clean": 0.1204710144927536,
      "loss_h_original": 0.04225363458832891,
      "mae_clean": 10.09071155556653,
      "mae_original": 0.1002969567589219,
      "risk_detection_clean": 0.2222222222222222,
      "risk_detection_original": 0.6666666666666666,
      "rmse_clean": 14.896085391438833,
      "rmse_original": 0.1407502345248033
    }
  ],
  "l_total_radar_clean": 0.6819919935137326,
  "reference_run_id": "E3_v2_clean"
}