{
  "clean_run_id": "E7_v2_clean",
  "comparacion_por_horizonte": [
    {
      "delta_direction_accuracy": -0.15384615384615385,
      "delta_loss_h": 0.10535007519390058,
      "delta_mae": 7.758696676432969,
      "delta_risk_detection": -0.16666666666666669,
      "delta_rmse": 11.188447008159958,
      "direction_accuracy_clean": 0.46153846153846156,
      "direction_accuracy_original": 0.6153846153846154,
      "horizonte_sem": 1,
      "loss_h_clean": 0.21913461538461537,
      "loss_h_original": 0.1137845401907148,
      "mae_clean": 7.924552479507661,
      "mae_original": 0.1658558030746929,
      "risk_detection_clean": 0.4166666666666667,
      "risk_detection_original": 0.5833333333333334,
      "rmse_clean": 11.382901842639292,
      "rmse_original": 0.1944548344793336
    },
    {
      "delta_direction_accuracy": 0.07999999999999996,
      "delta_loss_h": 0.08118681152359834,
      "delta_mae": 10.752275238492077,
      "delta_risk_detection": -0.30000000000000004,
      "delta_rmse": 19.13731369095485,
      "direction_accuracy_clean": 0.6,
      "direction_accuracy_original": 0.52,
      "horizonte_sem": 2,
      "loss_h_clean": 0.16249999999999998,
      "loss_h_original": 0.08131318847640163,
      "mae_clean": 10.921483198305173,
      "mae_original": 0.1692079598130964,
      "risk_detection_clean": 0.6,
      "risk_detection_original": 0.9,
      "rmse_clean": 19.336680056746165,
      "rmse_original": 0.1993663657913141
    },
    {
      "delta_direction_accuracy": -0.04166666666666663,
      "delta_loss_h": 0.073711074955557,
      "delta_mae": 9.567062404699444,
      "delta_risk_detection": 0.09090909090909094,
      "delta_rmse": 15.069723984059557,
      "direction_accuracy_clean": 0.5833333333333334,
      "direction_accuracy_original": 0.625,
      "horizonte_sem": 3,
      "loss_h_clean": 0.1798863636363636,
      "loss_h_original": 0.1061752886808066,
      "mae_clean": 9.743418893344902,
      "mae_original": 0.1763564886454585,
      "risk_detection_clean": 0.8181818181818182,
      "risk_detection_original": 0.7272727272727273,
      "rmse_clean": 15.282590193296063,
      "rmse_original": 0.2128662092365056
    },
    {
      "delta_direction_accuracy": -0.08695652173913049,
      "delta_loss_h": 0.05142563458643515,
      "delta_mae": 9.836932361502509,
      "delta_risk_detection": -0.4444444444444444,
      "delta_rmse": 14.599368009591325,
      "direction_accuracy_clean": 0.34782608695652173,
      "direction_accuracy_original": 0.4347826086956522,
      "horizonte_sem": 4,
      "loss_h_clean": 0.1204710144927536,
      "loss_h_original": 0.06904537990631845,
      "mae_clean": 10.09071155556653,
      "mae_original": 0.2537791940640224,
      "risk_detection_clean": 0.2222222222222222,
      "risk_detection_original": 0.6666666666666666,
      "rmse_clean": 14.896085391438833,
      "rmse_original": 0.2967173818475075
    }
  ],
  "l_total_radar_clean": 0.6819919935137326,
  "reference_run_id": "E6_v1_clean"
}