{
  "clean_run_id": "E7_v2_clean",
  "comparacion_por_horizonte": [
    {
      "delta_direction_accuracy": -0.3076923076923077,
      "delta_loss_h": 0.14130747279971959,
      "delta_mae": 7.8150171064760805,
      "delta_risk_detection": -0.3333333333333333,
      "delta_rmse": 11.252236058458678,
      "direction_accuracy_clean": 0.46153846153846156,
      "direction_accuracy_original": 0.7692307692307693,
      "horizonte_sem": 1,
      "loss_h_clean": 0.21913461538461537,
      "loss_h_original": 0.07782714258489579,
      "mae_clean": 7.924552479507661,
      "mae_original": 0.1095353730315805,
      "risk_detection_clean": 0.4166666666666667,
      "risk_detection_original": 0.75,
      "rmse_clean": 11.382901842639292,
      "rmse_original": 0.1306657841806134
    },
    {
      "delta_direction_accuracy": 0.0,
      "delta_loss_h": 0.07955905386014296,
      "delta_mae": 10.809389367661703,
      "delta_risk_detection": 0.0,
      "delta_rmse": 19.1998373252655,
      "direction_accuracy_clean": 0.6,
      "direction_accuracy_original": 0.6,
      "horizonte_sem": 2,
      "loss_h_clean": 0.16249999999999998,
      "loss_h_original": 0.08294094613985702,
      "mae_clean": 10.921483198305173,
      "mae_original": 0.1120938306434698,
      "risk_detection_clean": 0.6,
      "risk_detection_original": 0.6,
      "rmse_clean": 19.336680056746165,
      "rmse_original": 0.1368427314806668
    },
    {
      "delta_direction_accuracy": -0.08333333333333326,
      "delta_loss_h": 0.09968007486880381,
      "delta_mae": 9.62434721537586,
      "delta_risk_detection": 0.0,
      "delta_rmse": 15.135249806224504,
      "direction_accuracy_clean": 0.5833333333333334,
      "direction_accuracy_original": 0.6666666666666666,
      "horizonte_sem": 3,
      "loss_h_clean": 0.1798863636363636,
      "loss_h_original": 0.08020628876755978,
      "mae_clean": 9.743418893344902,
      "mae_original": 0.1190716779690425,
      "risk_detection_clean": 0.8181818181818182,
      "risk_detection_original": 0.8181818181818182,
      "rmse_clean": 15.282590193296063,
      "rmse_original": 0.1473403870715595
    },
    {
      "delta_direction_accuracy": -0.3913043478260869,
      "delta_loss_h": 0.07751128065862331,
      "delta_mae": 9.97831768975961,
      "delta_risk_detection": -0.4444444444444444,
      "delta_rmse": 14.74198688808456,
      "direction_accuracy_clean": 0.34782608695652173,
      "direction_accuracy_original": 0.7391304347826086,
      "horizonte_sem": 4,
      "loss_h_clean": 0.1204710144927536,
      "loss_h_original": 0.04295973383413029,
      "mae_clean": 10.09071155556653,
      "mae_original": 0.1123938658069202,
      "risk_detection_clean": 0.2222222222222222,
      "risk_detection_original": 0.6666666666666666,
      "rmse_clean": 14.896085391438833,
      "rmse_original": 0.1540985033542736
    }
  ],
  "l_total_radar_clean": 0.6819919935137326,
  "reference_run_id": "E4_v1_clean"
}