{
  "clean_run_id": "E1_1_v1_bayesian_base",
  "comparacion_por_horizonte": [
    {
      "delta_direction_accuracy": -0.038461538461538436,
      "delta_loss_h": 0.02072869122657668,
      "delta_mae": 0.01103138339728707,
      "delta_risk_detection": -0.16666666666666674,
      "delta_rmse": 0.003536771595730376,
      "direction_accuracy_clean": 0.7692307692307693,
      "direction_accuracy_original": 0.8076923076923077,
      "horizonte_sem": 1,
      "loss_h_clean": 0.08558847111896559,
      "loss_h_original": 0.0648597798923889,
      "mae_clean": 0.11163016553611817,
      "mae_original": 0.1005987821388311,
      "risk_detection_clean": 0.6666666666666666,
      "risk_detection_original": 0.8333333333333334,
      "rmse_clean": 0.13638875321633837,
      "rmse_original": 0.132851981620608
    },
    {
      "delta_direction_accuracy": -0.08000000000000007,
      "delta_loss_h": 0.004993034812535102,
      "delta_mae": 0.006982839984702213,
      "delta_risk_detection": 0.0,
      "delta_rmse": 0.004027336392172731,
      "direction_accuracy_clean": 0.6,
      "direction_accuracy_original": 0.68,
      "horizonte_sem": 2,
      "loss_h_clean": 0.07649393783108974,
      "loss_h_original": 0.07150090301855463,
      "mae_clean": 0.11070850408853582,
      "mae_original": 0.1037256641038336,
      "risk_detection_clean": 0.7,
      "risk_detection_original": 0.7,
      "rmse_clean": 0.14051130856239094,
      "rmse_original": 0.1364839721702182
    },
    {
      "delta_direction_accuracy": 0.08333333333333337,
      "delta_loss_h": -0.0042224757882546315,
      "delta_mae": 0.01188098422886115,
      "delta_risk_detection": 0.0,
      "delta_rmse": 0.013541023536891988,
      "direction_accuracy_clean": 0.875,
      "direction_accuracy_original": 0.7916666666666666,
      "horizonte_sem": 3,
      "loss_h_clean": 0.06395870546059566,
      "loss_h_original": 0.0681811812488503,
      "mae_clean": 0.11542343425962436,
      "mae_original": 0.1035424500307632,
      "risk_detection_clean": 0.8181818181818182,
      "risk_detection_original": 0.8181818181818182,
      "rmse_clean": 0.1507317243837629,
      "rmse_original": 0.1371907008468709
    },
    {
      "delta_direction_accuracy": 0.0,
      "delta_loss_h": 4.522101038358095e-06,
      "delta_mae": 0.007696277993884823,
      "delta_risk_detection": 0.0,
      "delta_rmse": 0.01418804061412296,
      "direction_accuracy_clean": 0.6956521739130435,
      "direction_accuracy_original": 0.6956521739130435,
      "horizonte_sem": 4,
      "loss_h_clean": 0.038904419007858945,
      "loss_h_original": 0.03889989690682059,
      "mae_clean": 0.10987723541276632,
      "mae_original": 0.1021809574188815,
      "risk_detection_clean": 0.7777777777777778,
      "risk_detection_original": 0.7777777777777778,
      "rmse_clean": 0.15371009477457925,
      "rmse_original": 0.1395220541604563
    }
  ],
  "l_total_radar_clean": 0.26494553341850996,
  "reference_run_id": "E1_v5_clean"
}