{
  "clean_run_id": "E9_v1_clean",
  "comparacion_por_horizonte": [
    {
      "delta_direction_accuracy": -0.09340659340659341,
      "delta_loss_h": 0.019674710399206735,
      "delta_mae": 0.033647859664070565,
      "delta_risk_detection": -0.0357142857142857,
      "delta_rmse": 0.042925995460250665,
      "direction_accuracy_clean": 0.7142857142857143,
      "direction_accuracy_original": 0.8076923076923077,
      "horizonte_sem": 1,
      "loss_h_clean": 0.09236657973216623,
      "loss_h_original": 0.0726918693329595,
      "mae_clean": 0.13675608248243307,
      "mae_original": 0.1031082228183625,
      "risk_detection_clean": 0.7142857142857143,
      "risk_detection_original": 0.75,
      "rmse_clean": 0.17150077492188948,
      "rmse_original": 0.1285747794616388
    },
    {
      "delta_direction_accuracy": 0.05230769230769228,
      "delta_loss_h": -0.01095512483087381,
      "delta_mae": 0.005533652902772801,
      "delta_risk_detection": 0.06666666666666665,
      "delta_rmse": 0.027364353067128366,
      "direction_accuracy_clean": 0.6923076923076923,
      "direction_accuracy_original": 0.64,
      "horizonte_sem": 2,
      "loss_h_clean": 0.07153717114911783,
      "loss_h_original": 0.08249229597999164,
      "mae_clean": 0.1109567483573208,
      "mae_original": 0.105423095454548,
      "risk_detection_clean": 0.6666666666666666,
      "risk_detection_original": 0.6,
      "rmse_clean": 0.15921270925691727,
      "rmse_original": 0.1318483561897889
    },
    {
      "delta_direction_accuracy": 0.04166666666666674,
      "delta_loss_h": -0.014838465252332768,
      "delta_mae": 0.016158860953085663,
      "delta_risk_detection": 0.18181818181818177,
      "delta_rmse": 0.02771921641126504,
      "direction_accuracy_clean": 0.8333333333333334,
      "direction_accuracy_original": 0.7916666666666666,
      "horizonte_sem": 3,
      "loss_h_clean": 0.05411043292079463,
      "loss_h_original": 0.0689488981731274,
      "mae_clean": 0.12420001566847207,
      "mae_original": 0.1080411547153864,
      "risk_detection_clean": 1.0,
      "risk_detection_original": 0.8181818181818182,
      "rmse_clean": 0.16517589556387985,
      "rmse_original": 0.1374566791526148
    },
    {
      "delta_direction_accuracy": -0.059288537549407105,
      "delta_loss_h": 0.008206742872098341,
      "delta_mae": 0.02255169931720781,
      "delta_risk_detection": 0.0,
      "delta_rmse": 0.028632318416205643,
      "direction_accuracy_clean": 0.6363636363636364,
      "direction_accuracy_original": 0.6956521739130435,
      "horizonte_sem": 4,
      "loss_h_clean": 0.05046037746042725,
      "loss_h_original": 0.04225363458832891,
      "mae_clean": 0.12284865607612971,
      "mae_original": 0.1002969567589219,
      "risk_detection_clean": 0.6666666666666666,
      "risk_detection_original": 0.6666666666666666,
      "rmse_clean": 0.16938255294100896,
      "rmse_original": 0.1407502345248033
    }
  ],
  "l_total_radar_clean": 0.2684745612625059,
  "reference_run_id": "E3_v2_clean"
}