{
  "clean_run_id": "E9_v1_clean",
  "comparacion_por_horizonte": [
    {
      "delta_direction_accuracy": -0.09340659340659341,
      "delta_loss_h": 0.02750679983977733,
      "delta_mae": 0.03615730034360197,
      "delta_risk_detection": -0.11904761904761907,
      "delta_rmse": 0.03864879330128149,
      "direction_accuracy_clean": 0.7142857142857143,
      "direction_accuracy_original": 0.8076923076923077,
      "horizonte_sem": 1,
      "loss_h_clean": 0.09236657973216623,
      "loss_h_original": 0.0648597798923889,
      "mae_clean": 0.13675608248243307,
      "mae_original": 0.1005987821388311,
      "risk_detection_clean": 0.7142857142857143,
      "risk_detection_original": 0.8333333333333334,
      "rmse_clean": 0.17150077492188948,
      "rmse_original": 0.132851981620608
    },
    {
      "delta_direction_accuracy": 0.012307692307692242,
      "delta_loss_h": 3.6268130563191225e-05,
      "delta_mae": 0.007231084253487202,
      "delta_risk_detection": -0.033333333333333326,
      "delta_rmse": 0.022728737086699063,
      "direction_accuracy_clean": 0.6923076923076923,
      "direction_accuracy_original": 0.68,
      "horizonte_sem": 2,
      "loss_h_clean": 0.07153717114911783,
      "loss_h_original": 0.07150090301855463,
      "mae_clean": 0.1109567483573208,
      "mae_original": 0.1037256641038336,
      "risk_detection_clean": 0.6666666666666666,
      "risk_detection_original": 0.7,
      "rmse_clean": 0.15921270925691727,
      "rmse_original": 0.1364839721702182
    },
    {
      "delta_direction_accuracy": 0.04166666666666674,
      "delta_loss_h": -0.014070748328055667,
      "delta_mae": 0.02065756563770886,
      "delta_risk_detection": 0.18181818181818177,
      "delta_rmse": 0.027985194717008943,
      "direction_accuracy_clean": 0.8333333333333334,
      "direction_accuracy_original": 0.7916666666666666,
      "horizonte_sem": 3,
      "loss_h_clean": 0.05411043292079463,
      "loss_h_original": 0.0681811812488503,
      "mae_clean": 0.12420001566847207,
      "mae_original": 0.1035424500307632,
      "risk_detection_clean": 1.0,
      "risk_detection_original": 0.8181818181818182,
      "rmse_clean": 0.16517589556387985,
      "rmse_original": 0.1371907008468709
    },
    {
      "delta_direction_accuracy": -0.059288537549407105,
      "delta_loss_h": 0.011560480553606665,
      "delta_mae": 0.020667698657248212,
      "delta_risk_detection": -0.11111111111111116,
      "delta_rmse": 0.029860498780552663,
      "direction_accuracy_clean": 0.6363636363636364,
      "direction_accuracy_original": 0.6956521739130435,
      "horizonte_sem": 4,
      "loss_h_clean": 0.05046037746042725,
      "loss_h_original": 0.03889989690682059,
      "mae_clean": 0.12284865607612971,
      "mae_original": 0.1021809574188815,
      "risk_detection_clean": 0.6666666666666666,
      "risk_detection_original": 0.7777777777777778,
      "rmse_clean": 0.16938255294100896,
      "rmse_original": 0.1395220541604563
    }
  ],
  "l_total_radar_clean": 0.2684745612625059,
  "reference_run_id": "E1_v5_clean"
}