{
  "clean_run_id": "E9_v1_clean",
  "comparacion_por_horizonte": [
    {
      "delta_direction_accuracy": 0.13736263736263743,
      "delta_loss_h": -0.025381312258283467,
      "delta_mae": -0.012319627419806523,
      "delta_risk_detection": 0.2142857142857143,
      "delta_rmse": -0.007792076672763937,
      "direction_accuracy_clean": 0.7142857142857143,
      "direction_accuracy_original": 0.5769230769230769,
      "horizonte_sem": 1,
      "loss_h_clean": 0.09236657973216623,
      "loss_h_original": 0.1177478919904497,
      "mae_clean": 0.13675608248243307,
      "mae_original": 0.1490757099022396,
      "risk_detection_clean": 0.7142857142857143,
      "risk_detection_original": 0.5,
      "rmse_clean": 0.17150077492188948,
      "rmse_original": 0.1792928515946534
    },
    {
      "delta_direction_accuracy": 0.05230769230769228,
      "delta_loss_h": 0.0031076287864404556,
      "delta_mae": -0.011604619873527691,
      "delta_risk_detection": -0.13333333333333341,
      "delta_rmse": -0.002872562863252215,
      "direction_accuracy_clean": 0.6923076923076923,
      "direction_accuracy_original": 0.64,
      "horizonte_sem": 2,
      "loss_h_clean": 0.07153717114911783,
      "loss_h_original": 0.06842954236267737,
      "mae_clean": 0.1109567483573208,
      "mae_original": 0.1225613682308485,
      "risk_detection_clean": 0.6666666666666666,
      "risk_detection_original": 0.8,
      "rmse_clean": 0.15921270925691727,
      "rmse_original": 0.1620852721201695
    },
    {
      "delta_direction_accuracy": 0.0,
      "delta_loss_h": -0.01419370319739114,
      "delta_mae": -0.023678847282567736,
      "delta_risk_detection": 0.09090909090909094,
      "delta_rmse": -0.023019378913132743,
      "direction_accuracy_clean": 0.8333333333333334,
      "direction_accuracy_original": 0.8333333333333334,
      "horizonte_sem": 3,
      "loss_h_clean": 0.05411043292079463,
      "loss_h_original": 0.06830413611818577,
      "mae_clean": 0.12420001566847207,
      "mae_original": 0.1478788629510398,
      "risk_detection_clean": 1.0,
      "risk_detection_original": 0.9090909090909091,
      "rmse_clean": 0.16517589556387985,
      "rmse_original": 0.1881952744770126
    },
    {
      "delta_direction_accuracy": 0.15810276679841895,
      "delta_loss_h": -0.016385890555908944,
      "delta_mae": -0.07543374601698277,
      "delta_risk_detection": 0.11111111111111105,
      "delta_rmse": -0.07880286280552085,
      "direction_accuracy_clean": 0.6363636363636364,
      "direction_accuracy_original": 0.4782608695652174,
      "horizonte_sem": 4,
      "loss_h_clean": 0.05046037746042725,
      "loss_h_original": 0.0668462680163362,
      "mae_clean": 0.12284865607612971,
      "mae_original": 0.1982824020931125,
      "risk_detection_clean": 0.6666666666666666,
      "risk_detection_original": 0.5555555555555556,
      "rmse_clean": 0.16938255294100896,
      "rmse_original": 0.2481854157465298
    }
  ],
  "l_total_radar_clean": 0.2684745612625059,
  "reference_run_id": "E7_v3_clean"
}