{
  "clean_run_id": "E5_v4_clean",
  "comparacion_por_horizonte": [
    {
      "delta_direction_accuracy": 0.05769230769230771,
      "delta_loss_h": -0.008232893494501334,
      "delta_mae": -0.02417627270279224,
      "delta_risk_detection": -0.012820512820512775,
      "delta_rmse": -0.024805906622719115,
      "direction_accuracy_clean": 0.8076923076923077,
      "direction_accuracy_original": 0.75,
      "horizonte_sem": 1,
      "loss_h_clean": 0.0628453756152976,
      "loss_h_original": 0.07107826910979893,
      "mae_clean": 0.09555604211576986,
      "mae_original": 0.1197323148185621,
      "risk_detection_clean": 0.8333333333333334,
      "risk_detection_original": 0.8461538461538461,
      "rmse_clean": 0.1251791407669646,
      "rmse_original": 0.1499850473896837
    },
    {
      "delta_direction_accuracy": -0.06666666666666665,
      "delta_loss_h": 0.01252397795649432,
      "delta_mae": -0.009500141008674176,
      "delta_risk_detection": -0.15000000000000002,
      "delta_rmse": -0.015802755185352957,
      "direction_accuracy_clean": 0.6,
      "direction_accuracy_original": 0.6666666666666666,
      "horizonte_sem": 2,
      "loss_h_clean": 0.08180069285129986,
      "loss_h_original": 0.06927671489480554,
      "mae_clean": 0.10407577714170112,
      "mae_original": 0.1135759181503753,
      "risk_detection_clean": 0.6,
      "risk_detection_original": 0.75,
      "rmse_clean": 0.13216864062907793,
      "rmse_original": 0.1479713958144309
    },
    {
      "delta_direction_accuracy": 0.13782051282051277,
      "delta_loss_h": -0.041958122152417565,
      "delta_mae": -0.037008689939756464,
      "delta_risk_detection": 0.23484848484848486,
      "delta_rmse": -0.029158807974521722,
      "direction_accuracy_clean": 0.7916666666666666,
      "direction_accuracy_original": 0.6538461538461539,
      "horizonte_sem": 3,
      "loss_h_clean": 0.06716302226854853,
      "loss_h_original": 0.1091211444209661,
      "mae_clean": 0.10490100322715974,
      "mae_original": 0.1419096931669162,
      "risk_detection_clean": 0.8181818181818182,
      "risk_detection_original": 0.5833333333333334,
      "rmse_clean": 0.1339701579244847,
      "rmse_original": 0.1631289658990064
    },
    {
      "delta_direction_accuracy": -0.02086956521739136,
      "delta_loss_h": -0.0010095363765513163,
      "delta_mae": -0.04108823860629161,
      "delta_risk_detection": -0.12222222222222223,
      "delta_rmse": -0.019341042801341024,
      "direction_accuracy_clean": 0.7391304347826086,
      "direction_accuracy_original": 0.76,
      "horizonte_sem": 4,
      "loss_h_clean": 0.03597884698542019,
      "loss_h_original": 0.03698838336197151,
      "mae_clean": 0.10234190034644759,
      "mae_original": 0.1434301389527392,
      "risk_detection_clean": 0.7777777777777778,
      "risk_detection_original": 0.9,
      "rmse_clean": 0.14778589952599797,
      "rmse_original": 0.167126942327339
    }
  ],
  "l_total_radar_clean": 0.24778793772056618,
  "reference_run_id": "E2_v3_clean"
}