{
  "clean_run_id": "E5_v4_clean",
  "comparacion_por_horizonte": [
    {
      "delta_direction_accuracy": 0.038461538461538436,
      "delta_loss_h": -0.014981766969598187,
      "delta_mae": -0.013979330915810634,
      "delta_risk_detection": 0.08333333333333337,
      "delta_rmse": -0.005486643413648795,
      "direction_accuracy_clean": 0.8076923076923077,
      "direction_accuracy_original": 0.7692307692307693,
      "horizonte_sem": 1,
      "loss_h_clean": 0.0628453756152976,
      "loss_h_original": 0.07782714258489579,
      "mae_clean": 0.09555604211576986,
      "mae_original": 0.1095353730315805,
      "risk_detection_clean": 0.8333333333333334,
      "risk_detection_original": 0.75,
      "rmse_clean": 0.1251791407669646,
      "rmse_original": 0.1306657841806134
    },
    {
      "delta_direction_accuracy": 0.0,
      "delta_loss_h": -0.0011402532885571581,
      "delta_mae": -0.00801805350176868,
      "delta_risk_detection": 0.0,
      "delta_rmse": -0.004674090851588875,
      "direction_accuracy_clean": 0.6,
      "direction_accuracy_original": 0.6,
      "horizonte_sem": 2,
      "loss_h_clean": 0.08180069285129986,
      "loss_h_original": 0.08294094613985702,
      "mae_clean": 0.10407577714170112,
      "mae_original": 0.1120938306434698,
      "risk_detection_clean": 0.6,
      "risk_detection_original": 0.6,
      "rmse_clean": 0.13216864062907793,
      "rmse_original": 0.1368427314806668
    },
    {
      "delta_direction_accuracy": 0.125,
      "delta_loss_h": -0.013043266499011247,
      "delta_mae": -0.014170674741882758,
      "delta_risk_detection": 0.0,
      "delta_rmse": -0.013370229147074808,
      "direction_accuracy_clean": 0.7916666666666666,
      "direction_accuracy_original": 0.6666666666666666,
      "horizonte_sem": 3,
      "loss_h_clean": 0.06716302226854853,
      "loss_h_original": 0.08020628876755978,
      "mae_clean": 0.10490100322715974,
      "mae_original": 0.1190716779690425,
      "risk_detection_clean": 0.8181818181818182,
      "risk_detection_original": 0.8181818181818182,
      "rmse_clean": 0.1339701579244847,
      "rmse_original": 0.1473403870715595
    },
    {
      "delta_direction_accuracy": 0.0,
      "delta_loss_h": -0.006980886848710101,
      "delta_mae": -0.010051965460472614,
      "delta_risk_detection": 0.11111111111111116,
      "delta_rmse": -0.0063126038282756425,
      "direction_accuracy_clean": 0.7391304347826086,
      "direction_accuracy_original": 0.7391304347826086,
      "horizonte_sem": 4,
      "loss_h_clean": 0.03597884698542019,
      "loss_h_original": 0.04295973383413029,
      "mae_clean": 0.10234190034644759,
      "mae_original": 0.1123938658069202,
      "risk_detection_clean": 0.7777777777777778,
      "risk_detection_original": 0.6666666666666666,
      "rmse_clean": 0.14778589952599797,
      "rmse_original": 0.1540985033542736
    }
  ],
  "l_total_radar_clean": 0.24778793772056618,
  "reference_run_id": "E4_v1_clean"
}