{
  "clean_run_id": "E5_v4_clean",
  "comparacion_por_horizonte": [
    {
      "delta_direction_accuracy": 0.038461538461538436,
      "delta_loss_h": -0.009366803722991715,
      "delta_mae": -0.0013605884311487515,
      "delta_risk_detection": 0.08333333333333337,
      "delta_rmse": -0.0029891172427077006,
      "direction_accuracy_clean": 0.8076923076923077,
      "direction_accuracy_original": 0.7692307692307693,
      "horizonte_sem": 1,
      "loss_h_clean": 0.0628453756152976,
      "loss_h_original": 0.07221217933828931,
      "mae_clean": 0.09555604211576986,
      "mae_original": 0.09691663054691861,
      "risk_detection_clean": 0.8333333333333334,
      "risk_detection_original": 0.75,
      "rmse_clean": 0.1251791407669646,
      "rmse_original": 0.1281682580096723
    },
    {
      "delta_direction_accuracy": 0.0,
      "delta_loss_h": 0.00012041007423045647,
      "delta_mae": 0.0008467017170837171,
      "delta_risk_detection": 0.0,
      "delta_rmse": -0.00028182179059857426,
      "direction_accuracy_clean": 0.6,
      "direction_accuracy_original": 0.6,
      "horizonte_sem": 2,
      "loss_h_clean": 0.08180069285129986,
      "loss_h_original": 0.0816802827770694,
      "mae_clean": 0.10407577714170112,
      "mae_original": 0.1032290754246174,
      "risk_detection_clean": 0.6,
      "risk_detection_original": 0.6,
      "rmse_clean": 0.13216864062907793,
      "rmse_original": 0.1324504624196765
    },
    {
      "delta_direction_accuracy": -0.04166666666666674,
      "delta_loss_h": 0.002573534802325028,
      "delta_mae": 0.0040933079475238415,
      "delta_risk_detection": 0.0,
      "delta_rmse": 0.0005074172956568979,
      "direction_accuracy_clean": 0.7916666666666666,
      "direction_accuracy_original": 0.8333333333333334,
      "horizonte_sem": 3,
      "loss_h_clean": 0.06716302226854853,
      "loss_h_original": 0.0645894874662235,
      "mae_clean": 0.10490100322715974,
      "mae_original": 0.1008076952796359,
      "risk_detection_clean": 0.8181818181818182,
      "risk_detection_original": 0.8181818181818182,
      "rmse_clean": 0.1339701579244847,
      "rmse_original": 0.1334627406288278
    },
    {
      "delta_direction_accuracy": 0.0,
      "delta_loss_h": -0.000798392887406657,
      "delta_mae": -0.001713642005659502,
      "delta_risk_detection": 0.0,
      "delta_rmse": -0.0015136212177210284,
      "direction_accuracy_clean": 0.7391304347826086,
      "direction_accuracy_original": 0.7391304347826086,
      "horizonte_sem": 4,
      "loss_h_clean": 0.03597884698542019,
      "loss_h_original": 0.03677723987282685,
      "mae_clean": 0.10234190034644759,
      "mae_original": 0.1040555423521071,
      "risk_detection_clean": 0.7777777777777778,
      "risk_detection_original": 0.7777777777777778,
      "rmse_clean": 0.14778589952599797,
      "rmse_original": 0.149299520743719
    }
  ],
  "l_total_radar_clean": 0.24778793772056618,
  "reference_run_id": "E5_v1_clean"
}