{
  "clean_run_id": "E5_v4_clean",
  "comparacion_por_horizonte": [
    {
      "delta_direction_accuracy": 0.0,
      "delta_loss_h": -0.0098464937176619,
      "delta_mae": -0.007552180702592642,
      "delta_risk_detection": 0.08333333333333337,
      "delta_rmse": -0.0033956386946742134,
      "direction_accuracy_clean": 0.8076923076923077,
      "direction_accuracy_original": 0.8076923076923077,
      "horizonte_sem": 1,
      "loss_h_clean": 0.0628453756152976,
      "loss_h_original": 0.0726918693329595,
      "mae_clean": 0.09555604211576986,
      "mae_original": 0.1031082228183625,
      "risk_detection_clean": 0.8333333333333334,
      "risk_detection_original": 0.75,
      "rmse_clean": 0.1251791407669646,
      "rmse_original": 0.1285747794616388
    },
    {
      "delta_direction_accuracy": -0.040000000000000036,
      "delta_loss_h": -0.0006916031286917784,
      "delta_mae": -0.0013473183128468874,
      "delta_risk_detection": 0.0,
      "delta_rmse": 0.00032028443928902584,
      "direction_accuracy_clean": 0.6,
      "direction_accuracy_original": 0.64,
      "horizonte_sem": 2,
      "loss_h_clean": 0.08180069285129986,
      "loss_h_original": 0.08249229597999164,
      "mae_clean": 0.10407577714170112,
      "mae_original": 0.105423095454548,
      "risk_detection_clean": 0.6,
      "risk_detection_original": 0.6,
      "rmse_clean": 0.13216864062907793,
      "rmse_original": 0.1318483561897889
    },
    {
      "delta_direction_accuracy": 0.0,
      "delta_loss_h": -0.0017858759045788625,
      "delta_mae": -0.0031401514882266612,
      "delta_risk_detection": 0.0,
      "delta_rmse": -0.0034865212281301183,
      "direction_accuracy_clean": 0.7916666666666666,
      "direction_accuracy_original": 0.7916666666666666,
      "horizonte_sem": 3,
      "loss_h_clean": 0.06716302226854853,
      "loss_h_original": 0.0689488981731274,
      "mae_clean": 0.10490100322715974,
      "mae_original": 0.1080411547153864,
      "risk_detection_clean": 0.8181818181818182,
      "risk_detection_original": 0.8181818181818182,
      "rmse_clean": 0.1339701579244847,
      "rmse_original": 0.1374566791526148
    },
    {
      "delta_direction_accuracy": 0.04347826086956519,
      "delta_loss_h": -0.00627478760290872,
      "delta_mae": 0.0020449435875256883,
      "delta_risk_detection": 0.11111111111111116,
      "delta_rmse": 0.007035665001194652,
      "direction_accuracy_clean": 0.7391304347826086,
      "direction_accuracy_original": 0.6956521739130435,
      "horizonte_sem": 4,
      "loss_h_clean": 0.03597884698542019,
      "loss_h_original": 0.04225363458832891,
      "mae_clean": 0.10234190034644759,
      "mae_original": 0.1002969567589219,
      "risk_detection_clean": 0.7777777777777778,
      "risk_detection_original": 0.6666666666666666,
      "rmse_clean": 0.14778589952599797,
      "rmse_original": 0.1407502345248033
    }
  ],
  "l_total_radar_clean": 0.24778793772056618,
  "reference_run_id": "E3_v2_clean"
}