titulo,fecha,iso_date,fuente,autor,url,url_google,thumbnail,texto,origen
"“¡Qué viva Altamira por muchos años más!”, la ciudad festeja su 277 aniversario - El Sol de México",2026-05-03 05:15,2026-05-03T05:15:00+00:00,El Sol de México,,https://oem.com.mx/elsoldetampico/local/que-viva-altamira-por-muchos-anos-mas-la-ciudad-festeja-su-277-aniversario-29778663,https://news.google.com/rss/articles/CBMiwAFBVV95cUxOY3ZjM1NTa21ibWlVWkU3Nkx3OTZEeDlsMVFscHBfTWZZY2tYakxjb3dXYS1Md0hqVjhBUnZIQUVVMDhfUkNsRDNjbkRKLVhsSnVZZTFPZWdqN3V1UDlPNEVDOUxjZGV2Wk1yT0RoaTVJYXQ4WVFHSjdxUkVEZTg5U0dUMDVuYkc4eGx1OE9DWGY3VzVlQ2xXNUpPMDZjaW1LX3pCRWFwTG53VlRzNGZUX2xjcF9sMzZxd2VjS2NKN0w?oc=5,,"Localsábado, 2 de mayo de 2026
“¡Qué viva Altamira por muchos años más!”, la ciudad festeja su 277 aniversario
Como parte de las celebraciones, entregaron la medalla post mortem al empresario y promotor futbolero Enrique de Hita
Miguel Díaz
Como parte de las celebraciones, entregaron la medalla post mortem al empresario y promotor futbolero Enrique de Hita
Miguel Díaz",GOOGLE_NEWS_RSS
"¿Te vendieron un boleto que no existe? Advierten 'spec ticketing', fraude en eventos de entretenimiento - Milenio",2026-05-03 03:28,2026-05-03T03:28:00+00:00,Milenio,,https://www.milenio.com/negocios/ticketmaster-advierte-boletos-especulativos-en-eventos-entretenimiento,https://news.google.com/rss/articles/CBMipgFBVV95cUxQQ0liMVU2X19KamFwcTI4Q1VPT1JLR1JlcjRqclVoanktVFR1aDdIYnJBTGJTdkZYSmFNcEtmME9TWVFnWWUxcGRza3pnTG1LeXBuS0tuYWI5QVNJVnM5NWNjeXhDRGRmVWltbEJLd1VuWE1CX3QxWENEakZmTnc5RHQ1Mi1UdlktanJOckFPR2RxTDU5RTFVVnhrUnNpLWZZVnNLY3pR0gGmAUFVX3lxTFBKWFozTTZ2T3ZJeHZSMlU3ZVlrbkhCSnQtNWFNSGQ0S1RnMmdsT3M5em5DRmx6WGYyaTdxSGRMeGVSN3hkLVVvZWlXdFpPRzlTQzF5NTFUT3pFRDcxUVhEVkdSbV93VXhtNEE3YlJqWW5hWjFmaTBTNGFZT1VvM3BLN3VaZEV3aXpBQ3FFVUtONGI0WlA1dG5iWlk0eEhaSkFoTEVPUWc?oc=5,,"Mientras miles de fans buscan conseguir entradas para conciertos y festivales, revendedores y bots aprovechan la alta demanda para ofrecer boletos que en realidad no poseen.
Los llamados “boletos especulativos” se convirtieron en una de las prácticas más cuestionadas dentro de la industria del entretenimiento en vivo.
Ante este panorama, Ticketmaster advirtió sobre el crecimiento del llamado spec ticketing una práctica que consiste en publicar boletos a la venta antes incluso de que exista disponibilidad oficial.
Pero, ¿qué son los boletos especulativos?
De acuerdo con la taquillera los boletos especulativos ocurren cuando los vendedores crean listados de boletos aunque en realidad no poseen esas entradas.
Explicó que estas personas están apostando o especulando a que podrán obtener los boletos más adelante y luego revenderlos a los fans.
“Cualquier persona que afirme vender estos boletos está cometiendo fraude”, resaltó la empresa.
¿Cómo perjudica el spec ticketing a los fans?
Los boletos especulativos obligan a los fans reales a competir con estafadores y revendedores que intentan obtener boletos para cumplir con los listados especulativos que ya vendieron.
“Estos vendedores buscan impedir que los fans consigan boletos a través de una fuente legítima como Ticketmaster”, explicó.
Destacó que esta venta también genera pánico al hacer creer a los fans que los boletos solo están disponibles a través de precios inflados de reventa, incluso cuando los boletos aún no salen oficialmente a la venta.
“Estos listados suelen aparecer tan pronto como se anuncia una gira, dando la impresión de que los boletos se están vendiendo rápidamente o que los fans ya se los perdieron”, dijo la taquillera.
¿Cómo identificar y combatir los boletos especulativos?
Con el objetivo de evitar que más consumidores caigan en estas prácticas Ticketmaster dio una lista de recomendaciones.
“Cuando estés listo para comprar boletos, no confíes en revendedores individuales o sitios web que afirmen tener boletos antes de que hayan salido oficialmente a la venta al público”, dijo.
“Estos listados no son boletos reales que el vendedor posea”, agregó.
Indicó que algunos sitios crean productos que afirman “reservar boletos por adelantado”, pero en realidad son listados especulativos disfrazados.
“Esto genera confusión entre los fans y es engañoso”, dijo.
Señaló que para combatir los boletos especulativos, los consumidores deben comprar siempre en canales oficiales cuando los boletos salgan a la venta al público.
Además de revisar el sitio web del artista para confirmar dónde se venden sus boletos y evita comprar en sitios no oficiales.
HCM",GOOGLE_NEWS_RSS
Clima estable con viento moderado Tamaulipas este 3 de mayo - Milenio,2026-05-03 02:05,2026-05-03T02:05:01+00:00,Milenio,,https://www.milenio.com/el-clima/clima-tamaulipas-pronostico-temperaturas-3-mayo-2026,https://news.google.com/rss/articles/CBMijgFBVV95cUxNZngwdG5IdU9VaXhlQ192a282Nm9WY29ERWdtZWRfUHVOdDVha2NxRFdQWEZ3VWpudDJkU2Q4X2JmZjhJQmx6WFAyREs4cUhTRTRkb1RYS1JHWTBOVnJRTG1aNWJGbTVIR0F2VUZTRF9hQmo5Q1lHaXJFanZuREJ6S1pJMWxfdXh1a2NSTkZn0gGOAUFVX3lxTFBkRmpvRGFhTlNCR0R5WFJEbVlpNWdfMm50T1lxVDM1aldXQjNldEd5NjlkaXowbnVSdS1uaVROZ3JrVjF3aWJhckxqcjNLT01IcDBIak5CZDYxTEVTbG5jMENEbHRDWXdZWk9hWkVBazgxaUp6Nmc3T0lWaFhQVHZVeWJRdU16SktxaERCOEE?oc=5,,"El tiempo de hoy en Tamaulipas presenta condiciones estables para este 3 de mayo, con un ambiente templado a cálido, cielo parcialmente nublado y sin pronóstico de lluvias. A lo largo del día se mantendrán temperaturas agradables en la mayor parte del estado, con mañanas frescas y tardes ligeramente cálidas. Además, se esperan rachas de viento moderadas derivadas de efectos residuales del evento de “Norte”, lo que podría generar ligeros cambios en la sensación térmica.
Este panorama favorece actividades al aire libre, aunque se recomienda estar atentos a las condiciones del viento, especialmente en zonas abiertas o costeras.
¿Cuál es la temperatura hoy en Tamaulipas por regiones?
En cuanto a la temperatura hoy en Tamaulipas, el comportamiento será relativamente uniforme, con variaciones según la región:
Zona centro
En Ciudad Victoria se pronostica una temperatura máxima de 26°C y una mínima de 17°C. Las primeras horas del día serán frescas, mientras que por la tarde el clima será más templado y cómodo.
Zona norte (frontera)
En la región fronteriza, los valores serán ligeramente más altos durante el día:
- Reynosa: 29°C / 19°C
- Nuevo Laredo: 27°C / 17°C
- Matamoros: 26°C / 21°C
Estas ciudades registrarán las temperaturas más elevadas del estado durante la tarde, aunque sin alcanzar niveles extremos de calor.
Zona sur
En la zona conurbada del sur:
- Tampico: 27°C / 23°C
- Ciudad Madero: 27°C / 23°C (estimado)
Aquí el clima será más húmedo, con noches menos frescas en comparación con otras regiones.
En general, las mañanas oscilarán entre 17°C y 21°C, mientras que por la tarde se alcanzarán valores entre 26°C y 29°C, consolidando un día con temperaturas agradables en todo el estado.
¿Cómo estará el viento hoy en Tamaulipas?
El viento será uno de los factores más relevantes en el clima hoy en Tamaulipas. Se prevé una velocidad sostenida de 10 a 20 km/h, con rachas que podrían alcanzar entre 30 y 50 km/h.
Estas condiciones están asociadas a los efectos remanentes del evento de “Norte”, lo que significa que podrían presentarse cambios en la intensidad del viento a lo largo del día. En zonas costeras o abiertas, las ráfagas podrían sentirse con mayor fuerza, influyendo en la sensación térmica y generando un ambiente ligeramente más fresco.
¿Habrá lluvias hoy en Tamaulipas?
Para este 3 de mayo, el pronóstico indica que no se esperan lluvias en Tamaulipas. El cielo se mantendrá parcialmente nublado, con presencia de nubes y periodos de sol a lo largo del día.
Esta combinación permitirá disfrutar de un clima estable, sin condiciones severas ni precipitaciones, lo que representa una mejora respecto a días con mayor inestabilidad.
Clima mañana 4 de mayo en Tamaulipas
Las condiciones observadas como la estabilidad atmosférica, ausencia de lluvias y temperaturas moderadas sugieren un patrón climático tranquilo en el corto plazo. Sin embargo, debido a la presencia de viento moderado y nubosidad variable, se recomienda mantenerse atento a futuras actualizaciones del clima mañana en Tamaulipas.",GOOGLE_NEWS_RSS
"Luis Razo, del ayuno a marcar goles clave para la Jaiba Brava - Milenio",2026-05-03 00:57,2026-05-03T00:57:59+00:00,Milenio,,https://www.milenio.com/deportes/futbol/luis-razo-ayuno-marcar-goles-clave-jaiba-brava,https://news.google.com/rss/articles/CBMijwFBVV95cUxQN2ZiUVNlRDBHQmIzb0hrS2pxTEFUdnZLV3cyRzMyRDJfNzNscENLZFRKdll0S1RaV0dUa1doTTdUTHFVV3FkZDdfYW45clJ5N0dCMHRxTGlGcktiZHM4Tjl5SmUzQmxZVHNleE9LajlLYmRqMDk0SjNEcnV2SHpWME9fdVlseVVzdGN5X3p4UdIBjwFBVV95cUxNbTVkX3Zpb1VLOE1EQXc1SHVmOWZLQklqc0dzLXlCd0EwM2dqSHJ0MzNaRnEwMWMwVWUzSXJtbTltQi1IeHNEMVhrclBGX1FXUmJFOXZRakhrVmtFemhGVG9MS1NwY3lTWEducVZZRE5ySmFOVTViUEdxc0pudUVfMFItMmlLckhoVFRqNHJwOA?oc=5,,"El sector ofensivo había representado para la Jaiba Brava del Tampico-Madero una dolencia en el Clausura 2026. Mientras elementos de la defensa y el medio campo cargaron con la cuota goleadora en la fase regular, el cuestionamiento estuvo sobre los hombres del ataque, principalmente Luis Razo, jugador que llegó con ruido para reforzar esta línea.
Ante la exigencia de dar resultados para el equipo campeón de la Liga de Expansión, el originario de Irapuato y proveniente de Mineros de Zacatecas arribó a la zona sur de Tamaulipas con la alta expectativa, como por otro lado cubrir la salida de uno de los baluartes en el trono obtenido en diciembre pasado, Eduardo “Edú” Pérez, el MVP del Apertura 2025, hoy en las filas del Querétaro de la Liga Mx.
En prácticamente 13 jornadas, a pesar de los esfuerzos individuales y la insistencia del director técnico Marco Antonio “Chima” Ruiz por darle minutos, su contribución era nula. El propio entrenador le dio el voto de confianza.
“Los delanteros de esos vivimos y sabemos que en cualquier momento la racha se puede romper. Estoy tranquilo y sabiendo que cuando caiga un gol, vendrá lo demás”, había declarado el “Wiwi” a mitad de la campaña.
El panorama para el artillero tuvo un giro de 180 grados en el último mes. Apareció por fin en un marcador en la visita a los Alebrijes de Oaxaca, con un tanto importante que puso a los celestes a tiro de piedra de buscar en la última jornada el pase a la Liguilla. Una semana después se consumó.
Ya en la fase final su participación ha sido fundamental. Lo hizo en la vuelta de los cuartos de final allá en el Guaycura, liquidando al Atlético La Paz con su anotación. El pasado jueves en el Tamaulipas, como auténtico cazador, espero el momento para empujar la pelota al fondo de la cabaña del Cancún FC y encabezar la remontada.
De esta manera, Razo ha convertido tres anotaciones en los últimos cinco compromisos de los jaibomaderenses. Cada uno ha sido determinante en el sueño aún vigente del conjunto tamaulipeco por acceder a su tercera final consecutiva en la división.
Junto a sus compañeros, van ilusionados a Quintana Roo en busca de ese boleto, en una de las aduanas más complicadas del país.",GOOGLE_NEWS_RSS
"Díaz Ordaz, la primera ciudad tamaulipeca totalmente electrificada - Milenio",2026-05-02 23:35,2026-05-02T23:35:00+00:00,Milenio,,https://www.milenio.com/estados/primer-ciudad-de-tamaulipas-totalmente-electrificada,https://news.google.com/rss/articles/CBMijAFBVV95cUxPeTlhT09GZnlGX0hCZjk1RVBqRTZwUHh3amp2Q181OGxaT01peUFrTk9KU245YTl3RENwSC1IZXRwN21Cb1RlQzVsYm90bmxOOW5RMkJCbVg4SnFFSkxmTkh4NDRMUmpUa3YxdUJPX3cwSi12ZHRsejF4NDFFVHl4dHREcmU3aUZZVC1GWdIBjAFBVV95cUxNUVFfWERWRFRvSnl2dmx0dWszNHdrUGlXam9GY1FsUldEWDd6ejVVQzBBb1lDTlJHRW5oMlRvc0NEX21iUGFZam5LR3ZPakFNblRmSVg1SGZyZllPbkZMakJVd3lLSHZWb2phRDRtanlpTGJjS3l1Wk8tVVNjNkZzeG1Icm8zWW4wUjJZbQ?oc=5,,"Tamaulipas ya cuenta con su primer municipio totalmente electrificado. Los habitantes de Díaz Ordaz, ubicado en la frontera chica, son los beneficiados con el programa lanzado por las autoridades estatales junto con la Comisión Federal de Electricidad (CFE), mismo que se aplica en comunidades de 18 ciudades que manifiestan la falta de acceso al servicio de energía.
Esta localidad, donde habitan más de 12 mil personas, completó el proceso al llevar el suministro a las últimas familias registradas por las autoridades, combinado también con la instalación de equipo fotovoltaico, permitiendo con ello un uso más práctico y de ahorro en el consumo, informó la Secretaría de Desarrollo Energético.
“Terminamos con la electrificación total del municipio de Díaz Ordaz y en breve el gobernador Américo Villarreal dará la declaratoria. Ha sido un esfuerzo concurrente, con diferentes capacidades y atribuciones, para darle fortaleza a una base de datos única que favoreció al desarrollo del proyecto”, dijo el titular de la dependencia, Walter Ángel Jiménez.
Fundado en 1968 y al poniente de Reynosa, la actividad económica predominante en Díaz Ordaz se focaliza en la agricultura y la pesca, ubicándose en la zona hidrológica del Río Bravo. En su momento fue una de las castigadas por la inseguridad.
Se convierte en el primer ayuntamiento en lograr el objetivo tras arrancar la estrategia en febrero del presente año, quedando pendiente otras comunidades contempladas que requieren una labor especial debido a la dificultad para acceder a las mismas por las condiciones de los dos caminos o bien, encontrar hogares en las faldas de la Sierra Madre Oriental, muy alejados de la mancha urbana.
Este plan anunciado a principios de la administración del gobernador Américo Villarreal Anaya, tiene casi 2 mil familias integradas en los 43 municipios. A través de los censos realizados desde el último año, se comprobó la falta de energía eléctrica, disponiendo en algunos casos ampliar la infraestructura de la CFE, como en otros colocar paneles solares.
Regiones como Palmillas, Güémez, Miquihuana, Aldama, González, Llera, aunado a ejidos alrededor de la capital Ciudad Victoria, más otros en la franja fronteriza con los Estados Unidos, están considerados para cumplir con la meta. Hasta el momento, la cobertura alcanza un 99.3 por ciento de la población tamaulipeca.
AA",GOOGLE_NEWS_RSS
Guerrero reporta ataques de cocodrilos en playas de Costa Chica - Milenio,2026-05-02 23:27,2026-05-02T23:27:11+00:00,Milenio,,https://amp.milenio.com/estados/alertan-cocodrilos-guerrero-colocan-senaletica-preventiva,https://news.google.com/rss/articles/CBMikwFBVV95cUxNUUktWGFLc1FLNHMzZ2VtRkNGc2VQaU8xMXpBNTFIck5MandSbm9nY0xOSTZCdFlTQUd2bmZISHdKOG1ucElyZlFGNEdOaDhYZmRVVXZhbC0wMG1uNTVWNjc0Vm53ck43ZEFrcWFXc05rQmJFRzhnb0QwakRKNXFRMWpBbEZ0TFBaSlA1UGx3N25mU0HSAZMBQVVfeXFMTVFJLVhhS3NRSzRzM2dlbUZDRnNlUGlPMTF6QTUxSHJOTGp3Um5vZ2NMTkk2QnRZU0FHdm5mSEh3SjhtbnBJcmZRRjRHTmg4WGZkVVV2YWwtMDBtbjU1VjY3NFZud3JON2RBa3FhV3NOa0JiRUc4Z29EMGpESjVxUTFqQWxGdExQWkpQNVBsdzduZlNB?oc=5,,"Alejandro Palma Pacheco, delegado regional de la Secretaría de Medio Ambiente y Recursos Naturales (Semaren) de Guerrero en la Costa Chica, advirtió sobre la presencia de cocodrilos en la laguna de Chautengo, en la playa de Pico del Monte y Llano de la Barra.
Señaló que en fechas recientes se han registrado varios ataques de estos reptiles.
Alertan por cocodrilos y refuerzan prevención
Por ello, comenzaron a colocar señalética preventiva para advertir a pobladores y bañistas sobre el riesgo. Esta acción, se realiza por instrucciones de la gobernadora y el secretario de Medio Ambiente y Recursos Naturales, Ángel Almazán Juárez.
“Estamos llevando a cabo esta actividad en Pico del Monte y en la laguna de Chautengo. Colocamos señalética para advertir a pobladores y bañistas que tomen precauciones, porque últimamente en esta área se han registrado ataques de cocodrilos”, dijo en un video difundido en redes sociales, aunque no se informó el número exacto de ataques.
Más tarde, la página oficial de la Semaren difundió fotografías y un texto en el que se advierte del riesgo.
""Se realizaron trabajos de señalización en las playas Pico del Monte y Llano de la Barra, en el municipio de Florencio Villarreal, para alertar a los bañistas sobre la presencia de cocodrilos"".
En respuesta, el secretario Almazán Juárez reconoció la labor de las personas responsables y reiteró el objetivo de fortalecer la seguridad de la población y fomentar la convivencia responsable con la fauna silvestre.
Prevención y seguridad para las personas
El gobierno mexicano a través de la Coordinación Estatal de Protección Civil, ha emitido una serie de recomendaciones fundamentales para garantizar la seguridad de las personas en zonas de avistamiento de cocodrilos.
La medida principal es informarse antes de ingresar a cualquier cuerpo de agua para verificar si es un hábitat potencial de estos reptiles.
Asimismo, se prohíbe nadar en sitios donde se haya reportado su presencia y se recomienda evitar acampar cerca de las orillas del agua para prevenir encuentros peligrosos.
Para mantener una distancia segura y evitar incidentes, las autoridades recalcan la importancia de no alimentar a los cocodrilos en su medio silvestre, ya que esto altera su comportamiento natural.
Además, es importante no tocar, capturar o interactuar con ellos bajo ninguna circunstancia.
Finalmente, si se viaja en bote, es vital no inclinarse sobre el agua ni sacar ninguna parte del cuerpo fuera de la embarcación, minimizando así cualquier riesgo.
LGG",GOOGLE_NEWS_RSS
Guerrero reporta ataques de cocodrilos en playas de Costa Chica - Milenio,2026-05-02 23:27,2026-05-02T23:27:00+00:00,Milenio,,https://www.milenio.com/estados/alertan-cocodrilos-guerrero-colocan-senaletica-preventiva,https://news.google.com/rss/articles/CBMikwFBVV95cUxPM1hFYUlIdC1rN0ZqbU9YckNBaF8zUXdtZ0M3YURTSVZVM0hXTWhvaXZWa1pCZGJ4b0FRMWdKd3k1b0R2VWZXdDRpdUhhOWo1UDBmMU1QTno1S09HT2ZVR1lTMTBYeHdaX1FnQzV3d0hJOUxqVWVETW1fMFhZWXpxZmdsRlpnTVFzR0hfNURGd3JKN1nSAZMBQVVfeXFMTVFJLVhhS3NRSzRzM2dlbUZDRnNlUGlPMTF6QTUxSHJOTGp3Um5vZ2NMTkk2QnRZU0FHdm5mSEh3SjhtbnBJcmZRRjRHTmg4WGZkVVV2YWwtMDBtbjU1VjY3NFZud3JON2RBa3FhV3NOa0JiRUc4Z29EMGpESjVxUTFqQWxGdExQWkpQNVBsdzduZlNB?oc=5,,"Alejandro Palma Pacheco, delegado regional de la Secretaría de Medio Ambiente y Recursos Naturales (Semaren) de Guerrero en la Costa Chica, advirtió sobre la presencia de cocodrilos en la laguna de Chautengo, en la playa de Pico del Monte y Llano de la Barra.
Señaló que en fechas recientes se han registrado varios ataques de estos reptiles.
Alertan por cocodrilos y refuerzan prevención
Por ello, comenzaron a colocar señalética preventiva para advertir a pobladores y bañistas sobre el riesgo. Esta acción, se realiza por instrucciones de la gobernadora y el secretario de Medio Ambiente y Recursos Naturales, Ángel Almazán Juárez.
“Estamos llevando a cabo esta actividad en Pico del Monte y en la laguna de Chautengo. Colocamos señalética para advertir a pobladores y bañistas que tomen precauciones, porque últimamente en esta área se han registrado ataques de cocodrilos”, dijo en un video difundido en redes sociales, aunque no se informó el número exacto de ataques.
Más tarde, la página oficial de la Semaren difundió fotografías y un texto en el que se advierte del riesgo.
""Se realizaron trabajos de señalización en las playas Pico del Monte y Llano de la Barra, en el municipio de Florencio Villarreal, para alertar a los bañistas sobre la presencia de cocodrilos"".
En respuesta, el secretario Almazán Juárez reconoció la labor de las personas responsables y reiteró el objetivo de fortalecer la seguridad de la población y fomentar la convivencia responsable con la fauna silvestre.
Prevención y seguridad para las personas
El gobierno mexicano a través de la Coordinación Estatal de Protección Civil, ha emitido una serie de recomendaciones fundamentales para garantizar la seguridad de las personas en zonas de avistamiento de cocodrilos.
La medida principal es informarse antes de ingresar a cualquier cuerpo de agua para verificar si es un hábitat potencial de estos reptiles.
Asimismo, se prohíbe nadar en sitios donde se haya reportado su presencia y se recomienda evitar acampar cerca de las orillas del agua para prevenir encuentros peligrosos.
Para mantener una distancia segura y evitar incidentes, las autoridades recalcan la importancia de no alimentar a los cocodrilos en su medio silvestre, ya que esto altera su comportamiento natural.
Además, es importante no tocar, capturar o interactuar con ellos bajo ninguna circunstancia.
Finalmente, si se viaja en bote, es vital no inclinarse sobre el agua ni sacar ninguna parte del cuerpo fuera de la embarcación, minimizando así cualquier riesgo.
LGG",GOOGLE_NEWS_RSS
Desde cocina económica despachaban huachicol en Hidalgo - Milenio,2026-05-02 21:26,2026-05-02T21:26:38+00:00,Milenio,,https://www.milenio.com/policia/cocina-economica-despachaban-huachicol-actopan-hidalgo,https://news.google.com/rss/articles/CBMijwFBVV95cUxNWTNpejlCQ2x0Y0RHaUtBVWFBZHpqZS1TSDZpOWlKN3ctenZDQV9Gajh5Sy03Nmx6bTJteDBRdG83THJzSHhvYXNndmhwTkg5VUtOUlRkaUdGS1F3RHVYUVBKWkRLUXpxaDZfYUZvc3JWajJ0ZksyMnF5aVJieHFmZGNBVVJaMWdnZlR4VEc5VdIBjwFBVV95cUxNWG1fbEN1MDJOSXJXY1BpRGllNjZrMFZiTnFoWHRkazRGX0daWjJkWl9oU05uTGR5Q1hadDdCOGp1TjRzVjcwMm1aV3ZBcnI3dzlWdFpkYndBU2F3eExrcEFIWTg0c0RoZlFjNXAxaFlHRWxvdEptWEt5SjA1blZjNmx6cTdxQ3E1eTctVVJjWQ?oc=5,,"Autoridades federales y estatales aseguraron un inmueble en la comunidad de Daxtha, en el municipio de Actopan, Hidalgo, donde presuntamente operaba un punto de almacenamiento y distribución ilegal de hidrocarburo que habría utilizado como fachada una cocina económica.
El operativo se realizó en coordinación con la Secretaría de la Defensa Nacional, la Guardia Nacional, la Fiscalía General de la República y la Procuraduría de Justicia de Hidalgo, como parte de una orden técnica de investigación. En el lugar fueron detenidas dos personas, cuya situación legal será definida por las autoridades competentes.
De acuerdo con los reportes oficiales, durante la intervención fue asegurado un inmueble, así como aproximadamente 400 litros de hidrocarburo. En el sitio también se localizaron 20 contenedores llenos y 140 recipientes vacíos con capacidad de 20 litros cada uno, presuntamente utilizados para el almacenamiento y distribución del combustible. Además, las autoridades aseguraron 36 empaques con pastillas psicotrópicas y un vehículo posiblemente relacionado con las actividades investigadas.
Las indagatorias apuntan a que el lugar no solo era utilizado como centro de resguardo, sino también como un punto de distribución encubierto, donde la venta de combustible ilegal podría haberse realizado bajo la apariencia de un negocio de alimentos.
Las autoridades señalaron que este caso forma parte de las acciones para combatir el robo y comercialización ilícita de hidrocarburos en Hidalgo.",GOOGLE_NEWS_RSS
Colapsa restaurante en playa Bagdad; reportan 15 personas afectadas - Milenio,2026-05-02 20:21,2026-05-02T20:21:00+00:00,Milenio,,https://www.milenio.com/comunidad/colapsa-restaurante-playa-bagdad-reportan-15-personas-afectadas,https://news.google.com/rss/articles/CBMingFBVV95cUxPSXk1WGhrMUpIUy1BQUFKVmg3VTFNRzBIQUVHQmN5SXplMzk2LXRVdWtETVFkcVFwME1wWEs5bzZKOGxqOXZkaHNZdnplTW0zU1RhYlpkVXpmWnppWDZhRDNLb2NZMkRFMXctZG1VQVNzME85aXV0WEtxTTFMaUZwMVFfUldFOHh0c2tiY3ljUHFGMzEwUkF5UHBFeVgtUdIBngFBVV95cUxNQUl0aGpsX0QzaGVteG5qSVVUT1VjY2xoRUNhQWFtNEZpMEw5YldxLThBWnlZUE1Oc3BHR3F5QjVKOFZ5ZUtHVHVDR3FWSTRlY2dZVlM5ZDI5N0dDOGpHVkhzNFc5akdwZFh3TTVpYU9rM0hWSC1waTZCYlBLR3A4ZzhCakxpa3l4OU9TTGt5YldBZEwydm14T0JOdk8xQQ?oc=5,,"Autoridades de emergencia y corporaciones de auxilio atendieron el reporte del colapso de un restaurante ubicado en la Playa Bagdad, en el municipio de Matamoros, informó la Vocería de Seguridad de Tamaulipas.
De manera preliminar, las autoridades señalaron que 15 personas fueron valoradas en el sitio debido a crisis nerviosas derivadas del incidente; sin embargo, ninguna requirió traslado a un hospital y todas se retiraron por sus propios medios.
¿Qué pasó en Playa Bagdad de Matamoros?
El incidente movilizó a elementos de Protección Civil, cuerpos de emergencia y personal de auxilio, quienes acordonaron el área para realizar las labores correspondientes y descartar mayores riesgos en la zona.
Hasta el momento no se han dado a conocer las causas que originaron el colapso de la estructura del restaurante, por lo que serán las autoridades competentes quienes determinen el origen del incidente mediante las investigaciones correspondientes. Sin embargo, podría haber afectado el ingreso del frente frío 48 a Tamaulipas tras derivarse un evento de ""Norte"" con vientos intensos de 70 a 90 km/h.
Autoridades piden evitar la zona en Playa Bagdad
La Vocería de Seguridad de Tamaulipas exhortó a la ciudadanía a evitar el área mientras continúan las revisiones y trabajos de seguridad, además de atender en todo momento las indicaciones emitidas por Protección Civil y corporaciones de emergencia.
Las autoridades mantienen presencia en el lugar para garantizar la seguridad de visitantes y prestadores de servicios en este punto turístico de Matamoros.",GOOGLE_NEWS_RSS
Familiares buscan justicia tras asesinato de mujer afuera de su trabajo en San Nicolás; piden captura de su es - Milenio,2026-05-02 19:50,2026-05-02T19:50:00+00:00,Milenio,,https://www.milenio.com/policia/familiares-exigen-justicia-tras-feminicidio-en-san-nicolas-nl,https://news.google.com/rss/articles/CBMimAFBVV95cUxNZDZqaENSdEZ6dlZuMXBWQXZSWVBUSXA3S2dxTXVVYlBUdE16TTR2dXVSeUVnR0J3WUE1S2dqWDBTX2R0Q1hteFhEaHBSMGpyMmVWWUJwOUY2dWw4d3JIcVA0Zjlhdm9maS0xMTJIV1RNRUU0ZGhzOUUyNzQ2OUY3Zmhzaktvd2NpR1kzUUpGRlRxR1ZhOGlXY9IBmAFBVV95cUxNWWwwa0xDT3ZpSm4wdDRRTWRPTUtUUGVKZHUtQjFnbDRkVHJvR3A3Z3BGQzZTTTNQX3lfTUNjSjRBb05hd0VQQ0ZiRjlKcUx0ZExUT0dfXzNiME1OSksxXzV5cGVldDJvLTFIT29PZXdUWnNnT2xPUDg5VVlxTzhTWjdSUDdsQVlsbWVMWkpWcWdoMGZzLVkwQQ?oc=5,,"A Sofía se le enrasan los ojos al recordar a su hermana Rosa Aidé. Un sentimiento de tristeza e impotencia la inunda, pero también el coraje, la indignación... el temor.
A su mente llega el momento en el que, la mañana del viernes, le llamaron para informarle que su hermana estaba grave en un hospital particular de San Nicolás, tras sufrir al menos siete heridas causadas con un machete.
""Yo me enteré por una llamada desconocida, que me dijeron que mi hermana estaba en el hospital Nogalar. Que no localizaban a sus hijos. Fue todo lo que me dijeron. Me colgaron"", comentó Sofía Mendoza hermana de la víctima.
Fue un ataque directo, mortal con premeditación, alevosía y ventaja, contra Rosa Aidé Mendoza Sifuentes, de 45 años.
El presunto responsable: su propio esposo, Juventino, de 50.
""Sí, fue directo, porque mi hermana iba a esperar a la parada del camión. La tomó por la espalda y ella no se percató de que él iba atrás"", señaló el ama de casa.
Luego de que, durante las últimas dos o tres semanas sufrió acoso constante, malos tratos y hasta golpizas, el jueves, Rosa Aidé decidió alejarse de su hogar, en la colonia Paraje San José, de García, y se dirigió a la casa de sus hermanos, en la colonia Los Altos, de Monterrey.
Esa noche se fue a su trabajo, en una jabonera de la avenida República Mexicana y vía a Matamoros, en San Nicolás.
El sujeto la esperó para atacar.
""Hasta que llegó el momento que la golpeó, hace como 15 días. Ella dijo que la había golpeado. Le habló a la patrulla, pero la patrulla no hizo nada. El policía dijo que no podían hacer nada, porque ya no tenía sangre. El error de ella fue haberse lavado la cara y haberse cambiado"", agregó.
Juventino y Rosa Aidé tuvieron tres hijos, y tenían ya dos nietos pequeños.
Ella siempre sufrió de violencia de parte de su marido, originario de Tampico, Tamaulipas, y donde supuestamente cometió un crimen hace más de 30 años, sin que pagara por su delito.
Los familiares de Rosa Aidé exigen justicia, y les piden a las autoridades reforzar la búsqueda del sospechoso, pues en algún momento ellos también fueron amenazados.
""Pues lo que queremos es respuesta. Que lo encuentren lo más rápido posible, porque ella, antes de que pasara eso, me comentó que también nosotros corremos riesgos, como hermanos de ella"", expresó Sofía.
""(Juventino) Es una persona muy peligrosa, y lo que hizo no tiene nombre. Es el mayor delito que puede cometer un individuo así"", aseveró, por su parte, Juan Manuel, también hermano de la mujer ultimada con arma punzocortante.
El ama de casa y obrera de la empresa jabonera será recordada siempre con cariño y gratitud.
""Muy amorosa. Ella trabajó por sus hijos... por sus nietos. Eso sí: Que quede muy claro: ella no le fue infiel a él, porque eso sí lo están comentando mucho, que a lo mejor fue infidelidad, y no es así"", detalló la hermana.
Los deudos piden también el apoyo de la comunidad y de las instituciones para solventar los gastos funerarios, pues son personas de escasos recursos económicos.
""Pagar el hospital, que es privado, y muchas cosas, que ahorita no tengo ni cabeza para estar pensando. Hay muchas necesidades... sí"".
El apoyo para esta familia se puede hacer llegar al número de cuenta:
5428-7801-2551-5247
De Mercado Pago
Esmeralda Zurita Mendoza
Sobrina de Rosa Aidé
Hombre asesina a su esposa tras atacarla con un machete afuera de su trabajo en San Nicolás
Rosa Aidé de 44 años, falleció en un hospital privado luego de ser atacada con un objeto punzocortante por su esposo al exterior de su trabajo en San Nicolás.
El ataque ocurrió al exterior de una fábrica de jabones sobre la avenida República Mexicana, justo cuando la mujer concluía su turno laboral nocturno y se disponía a regresar a su domicilio en la colonia Parajes San José, en el municipio de García
Trascendió que Rosa Aidé ya había presentado una denuncia previa por violencia familiar ante las autoridades en un intento por detener a Juventino ""N"", de 50 años
La víctima fue ayudada por personas que fueron testigos de la agresión y fue llevada a un hospital cercano, donde momentos más tarde, falleció.
ecl",GOOGLE_NEWS_RSS
"Vuelca ambulancia en la México-Tampico, a la altura de Huejutla - Milenio",2026-05-02 18:11,2026-05-02T18:11:04+00:00,Milenio,,https://www.milenio.com/comunidad/vuelca-ambulancia-en-la-carretera-mexico-tampico,https://news.google.com/rss/articles/CBMiigFBVV95cUxPVjM3NU1zTXZLc0x1Ym5BX2d6U0M5N1gySFNyT3d5YVlPVlZ6S2tWVFZwM2RYSHhYNTl3elVic0JMcWF5LWlHZ01YbUw1ellOajZUZG14VU9GdklGZzJjby1CRzhWaVFYbjJHMmZzekRIY01zbW44azVYNWVIdmNDSFh6M3d6a01OQWfSAYoBQVVfeXFMTUczT0tKVC1VYkMtSXNjZXUzVVVSVW1JSnl6UVhfUDJZWDRkY2dtN1lCQ1R4UUZlXzEtS2NscVc0QmRMRG1VbW5PMTNaNHFldThsM0Z0SFJMNVFvNVlJRmhXUkVZQklQN01SUkpVVkkwN0d4NFhsdDFlUjZBNjQ4dm85R19NNHFKbDF3?oc=5,,"Una ambulancia del municipio de Tepehuacán de Guerrero volcó la mañana de este sábado sobre la carretera federal México-Tampico, a la altura de Tehuetlán, en el municipio de Huejutla de Reyes, Hidalgo.
De acuerdo con los primeros reportes, en la unidad solo viajaba el conductor, quien logró salir por su propio pie a través de la puerta del copiloto. Fue valorado en el lugar y se reporta con lesiones leves.
Autoridades de seguridad y cuerpos de emergencia acudieron al sitio para auxiliar y abanderar la zona.
La volcadura se atribuye preliminarmente al pavimento mojado (debido a las lluvias que comenzaron a registrarse durante la noche y hasta la mañana de hoy), por ello, exhortan a los automovilistas que circulan por la México-Tampico a extremar precauciones, reducir la velocidad y mantener distancia.",GOOGLE_NEWS_RSS
SICT y Gobierno de Tamaulipas avanzan en la conectividad - Milenio,2026-05-02 17:43,2026-05-02T17:43:42+00:00,Milenio,,https://www.milenio.com/comunidad/sict-y-gobierno-de-tamaulipas-avanzan-en-la-conectividad,https://news.google.com/rss/articles/CBMilAFBVV95cUxQOWM3S0dZWXRPWlA4VXUyOTNjSjFiUndvM0pDSEg0NVBqZHR5eVNXaXVRUmVuLTRfSGdheWVDM2x4T1RUbl9NUXN2blcwV2dIVWtVOFNPUGd2RDBwLTFwRWpwM1BiajFiSHE0MnFOM0VPYkRvbWVvdDVaMEFqY1QwUGNOUERHb2tvWUVIbHBQd3loNVlp0gGUAUFVX3lxTFBYNzZkNUVtTWdkTkFMU25Uem51NlpoWXZxdHhGWW5XZ0h6NGp5V2NWeHBNb1Uwdzc5SGhNX2RYN0Y1eDNNOWl2Rmc4TENCUm84aTh6bVk3SGZPdE41WTJ5bDVWOVA0QTQ0c01naE5xdHlqbTlrdmFXQU5OZDFPV1hPc1JqdVp5MU9zN3hlZHVUeGRySDc?oc=5,,"El Gobierno Federal, a través de la Secretaría de Infraestructura, Comunicaciones y Transportes (SICT) y el Gobierno del Estado de Tamaulipas, encabezado por el gobernador Américo Villarreal Anaya, avanzan en una agenda de proyectos estratégicos que fortalecerá la conectividad, el comercio y el desarrollo regional en los próximos años.
El secretario de Obras Públicas de Tamaulipas, Pedro Cepeda Anaya, destacó los resultados de las gestiones realizadas ante la SICT para concretar proyectos estratégicos que beneficiarán a miles de tamaulipecos.
“Estamos trabajando de la mano con la Secretaría de Infraestructura, Comunicaciones y Transportes para detonar obras que Tamaulipas necesita y que tendrán un impacto real en la economía y en la vida de las familias tamaulipecas”, señaló el funcionario.
Entre los acuerdos alcanzados destaca el desdoblamiento de la concesión del Puente Internacional del Comercio-Nuevo Laredo III, considerado el puente comercial más importante de América y el principal punto de cruce de mercancías entre México y Estados Unidos.
La concesión de su operación será formalizada en mayo de 2026, otorgando al Gobierno de Tamaulipas una extensión de la operación de este puente, por 30 años adicionales, destacó Cepeda Anaya. En materia de conservación carretera, la SICT ejecuta actualmente una inversión de 2,000 millones de pesos destinada al mantenimiento y conservación de carreteras federales en el estado, para la mejora de la seguridad vial, garantizando condiciones óptimas para el transporte de personas y mercancías.
Respecto al “Puente Magueyes”, ubicado en la carretera que conecta Tamaulipas con Nuevo León, el secretario Cepeda Anaya reiteró el compromiso de la dependencia federal es concluir su construcción mediante el uso de economías presupuestales del ejercicio fiscal 2026.
“Es una obra que quedó inconclusa hace varios años y representa un riesgo para quienes transitan por esa carretera; concluirla es una prioridad”, afirmó.
El Gobierno de Tamaulipas trabaja en paralelo en la adquisición del derecho de vía pendiente y en la actualización de los Estudios de Manifestación de Impacto Ambiental (MIA) ante la Semarnat.
yc",GOOGLE_NEWS_RSS
Recortan 14 mil empleos en pymes tamaulipecas en el último año - Milenio,2026-05-02 14:22,2026-05-02T14:22:24+00:00,Milenio,,https://www.milenio.com/negocios/ano-pymes-tamaulipas-despiden-14-mil-empleados,https://news.google.com/rss/articles/CBMihgFBVV95cUxOZ0I5bmZxeEc4NHJxd3ctWGpHTUY2bUxJS2h3NllXZDFLenRRM3c2a21uTzdqRzE0NTJZbGN4TDdxVU5zdVJWRFkzb2xuS1FCaWY5dnBpZ2QtNW0zeXFvalFIbHZOaW5CQWtlazFncExvSmVnb3pVdXRFNEZuYUhGMFZ6Sk9Td9IBhgFBVV95cUxPZDB0RUJWQjF4ZGE4T1Vwckk0b3lsQzNlWUtRMlhkZjlEZGkxODR5Y3M1SW5EZllxNGkzZXVUT0RFMDBpeVhSUHQ0dGN2bEJmZFhwc3FBVlFrWXgtOG5HczZ4Sk5RSER0X1c2dlZRQ1pGVkhPVW9sV2VuYml5ZkVxVGFBVnhjZw?oc=5,,"El impacto en la reducción de empleos formales en Tamaulipas durante el último año se registra en las pymes, al recortar más de 14 mil posiciones durante el último año, derivado en el cierre de negocios y la baja de patrones ante el Instituto Mexicano Seguro Social (IMSS), indicado por empresarios del ramo comercial.
Siendo negocios que requieren desde 1 y hasta los mil empleados, redujeron su nómina entre 2025 y los primeros meses del presente 2026. Con datos de la Secretaría del Trabajo y Previsión Social (STPS), fue factor para la disminución de la afiliación anual hasta de un 1.7 por ciento.
El mayor golpe se dio en los establecimientos que atienden de 500 a mil trabajadores. Se dieron de baja a 6 mil 873 elementos, significando una caída de 7.32 por ciento en los recientes 12 meses. Un caso similar sucedió en patrones con 50 obreros o profesionistas, obligados a despedir a 5 mil 160 (su contribución disminuyó 3.92 por ciento).
Los micro comercios que abren oportunidad a 5 tamaulipecos, sea mujeres u hombres, también fueron perjudicados en el período. Los empleadores debieron prescindir de los servicios de 2 mil 102.
En contraparte, el seguro social confirmó que lograron cubrirse casi 2 mil 500 posiciones, principalmente en unidades económicas de 50 a 250 trabajadores, cifra insuficiente para revertir la situación laboral que se registró en este lapso.
La Canaco Tampico advirtió que con estas cifras, la falta de inversión y el castigo al sector de las pymes en cuanto a reformas laborales y la aplicación de impuestos, impidiéndoles mantener los empleos como también el crecimiento de los negocios. En ciudades como Tampico, Matamoros y Nuevo Laredo se generaron los principales problemas, al grado de retirarse más de mil 700 patrones del listado del IMSS.
Precisamente el ramo comercial fue uno de los sectores golpeados. Su personal se redujo 0.28 por ciento, aunque hubo otros casos como la industria extractiva (petróleo y gas) que perdió el 10 por ciento de sus obreros. La única actividad productiva que tuvo un aumento fue la electricidad y agua potable, aumentando 1.6 por ciento.",GOOGLE_NEWS_RSS
La Grilla - Milenio,2026-05-02 06:55,2026-05-02T06:55:57+00:00,Milenio,,https://www.milenio.com/opinion/editoriales/se-dice-en-la-grilla-tamaulipas/la-grilla_1147,https://news.google.com/rss/articles/CBMilAFBVV95cUxNVkFrend1RWNLODBhRWNnb1lMV3g4U3BiREVhaTZRVWJCeGNyV1R3SmItd1VIUkljUTJ4RnF4M3FBbTlWTC1hN1FpdVljVFdEVGpZbnNjT2l2ZXJQU0dhSmk4LU1xUUlvajByNDNjcXQzS2dxODNuLXBEeUJuUlJDeEJwRWVUYVpEWWhtcjlKOXctSmF60gGUAUFVX3lxTE5VVll5dm5GUHpGaXY3RXBCN28wZXBZRXVxOTBjbWllXzgzc2lVcEI3ZnZabi03SUxJd0NiSEFKZUw5aFFGT3FGQ21ROXc5dnJfYVZucG5ya1NSTkZ3Z0hPLURVZ1FZLUVDams1VnlPcVVSS0hHV0VQTXMzUGRiV1UwX3FkaG54WDE0NnpoWDg3R245WS0?oc=5,,"Que el rostro amable de la Fiscalía de Justicia de Tamaulipas se dejó ver el pasado 30 de abril, cuando policías investigadores y personal de la Fennam se dedicaron a repartir juguetes a niños en la zona centro de Tampico. Una escena poco habitual en la ciudad que, por lo mismo, llamó la atención de los transeúntes.
Que en la reciente sesión ordinaria del Congreso local, el PAN aseguró que existen presiones a beneficiarios de programas sociales en Reynosa y otras ciudades del estado para favorecer a Morena. Gerardo Peña señala que se condicionan los apoyos para obtener respaldo político, por lo que demandó una investigación.
Que, aunque se dice concentrado en su función actual y presume ser institucional, el secretario de Educación, Miguel Ángel Valdez García, no cierra la puerta a la posibilidad de ser considerado como prospecto a un cargo de elección popular en Tamaulipas, ya sea una diputación federal o incluso la senaduría, según dejó entrever esta semana.
Que hay un ex político muy interesado en la transparencia del gobierno municipal de Tampico, quien ha llegado a presentar más de 200 solicitudes de información que van desde la productividad de los regidores hasta diversas áreas de la administración. ¿Qué intenciones tendrá Mario Leal? Se dice que ya anda buscando partido para competir en las próximas elecciones.
Que en Tampico hubo personajes que le levantaron el perfil a la Nueva CROC durante su desfile por el Día del Trabajo. Por un lado, Alejandro Pineda Hernández, secretario general de Petromex; Francisco Javier Tobías Sigala, secretario del Exterior; y Juan Dionisio Cruz, director del Tec Madero. Dicen que ese sindicato quiere mostrar un músculo que aún no tiene.
Que los documentos emitidos por la Auditoría Superior del Estado (ASE) están dirigidos a Benjamín González Balderas, ex titular de Logística en la administración de Adrián Oseguera, por observaciones durante su participación en el Ayuntamiento de Ciudad Madero. El caso pasó de requerimiento a citatorio, en espera de que acuda a rendir cuentas ante los ciudadanos de la urbe petrolera.",GOOGLE_NEWS_RSS
Trabajadora de limpia en Tampico combina empleo y estudios para mejorar su futuro y sacar adelante a sus hijos - Milenio,2026-05-02 03:32,2026-05-02T03:32:00+00:00,Milenio,,https://www.milenio.com/comunidad/madre-soltera-tampico-limpieza-estudia-hijos,https://news.google.com/rss/articles/CBMihAFBVV95cUxQSGJraTZwWXlOZ012eUJjalYzSUMwZmlBNEJxSFljbDdJankxS3ItX0lQUnZiSWUySDVoZ3ByMHRDc1FUZl9FbWJmYTdqYVhZYi1PVWJmdWpnRWVhZjFtaURXSFVkTUNJSWdKN1NpMnJENEo0SVA5aFFlUjFsQThka0NrMTLSAYQBQVVfeXFMTnM1V05FOEpNQ3RKR3RabUMyTm1ydG9vUkVSWnhMdXpfbzlDbk11NGpzVmVtVkg1VnZ4WkFyVU1oVjFYOVdSRnhyWUZ1ZXpkRWd0ckVyRFBhZXNjc1FXR3ViQkpiSFRZcEltVGpzOXlnSDBPdWFEalk3a0tqdlNyQzZOLTl2?oc=5,,"Gabriela es madre soltera, tiene dos hijos. Sale a las calles a trabajar como todos los días, con fortaleza, amor propio, pero sobre todo con fe y esperanza. Es parte del departamento de limpia del ayuntamiento de Tampico y hoy, en el Día del Trabajo, ""no se vale descansar"", dice.
Gabriela combina empleo con estudios para superarse
Hace siete meses logró un trabajo; busca un porvenir para poder sostener los estudios de sus hijos quienes cursan la primaria y la secundaria, pero a la vez estudia la carrera de Contador Público los domingos porque quiere superarse y dar lo mejor a sus pequeños.
Desde las 8 de la mañana hasta las 4 de la tarde, su labor es recoger la basura que hay en calles y avenidas, llueve, truene o esté el sol a plomo.
""Como actualmente estudio; estaba buscando oportunidades de trabajo porque, como tengo dos hijos, y hace 7 meses que estoy en servicios públicos del ayuntamiento de Tampico"".
Con 34 años de edad, sabe que es un trabajo digno y reconfortante porque, aunque la gente no lo aprecie, es un digno trabajo.
""Este es un trabajo digno y honrado; es difícil porque andamos en el sol, con lluvia, pero pues mientras tenga un sustento, pues por mientras; ya más adelante buscaré un trabajo donde no pase mucho tiempo en el sol.""
En el Día del Trabajo recibe un ingreso extra
En la conmemoración del Día del Trabajo, Gabriela tiene una motivación más, le pagarán doble sueldo algo que le ayudará a tener un poco más de ingreso en su bolsillo. “Ahora nos tocó a nosotros trabajar. Sí, nos pagan un poco más por este día, eso pues motiva”.
La jornada laboral del día uno de mayo, inició para la madre de familia, en el cruce de las calles, Estrella y bulevar Adolfo López Mateos. Viste zapato-tenis blancos, pantalón de mezclilla, blusa de manga larga, gorra y mochila donde guarda agua y su lonche.
Su motivación es sacar adelante a sus hijos
“Empezamos aquí y vamos a caminar hasta el seguro social. Hoy nos tocó recoger basuritas en banquetas y camellones del bulevar. Me gusta mi trabajo, es cansado pero mientras me dé para comer y para sacar a mis hijos adelante”.
Cada paso que da en sus recorrido, están llenos de satisfacción y orgullo porque sabe que le depara un mejor destino. Su prioridad, sacar a sus hijos adelante y después ejercer como una profesionista.
Una labor silenciosa que sostiene la ciudad
En su trabajo de limpia en la ciudad, no solo es ella la que realiza esta labor callada pero importante en la ciudad, también laboran personas de todas las edades que buscan ese ingreso extra, hombres y mujeres, madres solteras.
“El mensaje es que hay que echarle ganas al trabajo, que quienes lo tienen lo valoren. Sea lo que sea, mientras sea un trabajo honrado, es digno”, dice mientras sigue caminando entre el ruido de motores y el bullicio de la ciudad, y recogiendo basuritas de la calle que va depositando una a una en una gran bolsa plástica negra sin mirar atrás.
JETL",GOOGLE_NEWS_RSS
"Buster, el perrito salchicha que cambió la vida de un abuelito en Tampico - Milenio",2026-05-02 01:48,2026-05-02T01:48:00+00:00,Milenio,,https://amp.milenio.com/comunidad/perro-salchicha-tampico-cambia-vida-adulto,https://news.google.com/rss/articles/CBMiggFBVV95cUxNUjhGQTlnZWtBNGh1LVV1dDduenhSVXVlR1ZtTWd3VUNndXNCVDh3VVZVSkNNMjR6NWRpb09aZ2hFRTNTbVBsVU5FR2M1V1JfXzFFeHQ4MWVabWJBNUk3cFBYOWdkZlBlOGFzeV8ydjRjVm0ySXUwZllIbTRJdWZPdHNB0gGCAUFVX3lxTE1SOEZBOWdla0E0aHUtVXV0N256eFJVdWVHVm1NZ3dVQ2d1c0JUOHdVVlVKQ00yNHo1ZGlvT1pnaEVFM1NtUGxVTkVHYzVXUl9fMUV4dDgxZVptYkE1STdwUFg5Z2RmUGU4YXN5XzJ2NGNWbTJJdTBmWUhtNEl1Zk90c0E?oc=5,,"Fue adoptado cuando tenía 10 meses de nacido. Al paso del tiempo, Buster, un perrito salchicha, se convirtió en un integrante más de una familia al ser el motivo para que la vida de don Ramón Díaz de León, diera un giro de 360 grados.
Fiesta perruna en la Laguna del Carpintero
En el jardín de los perros, ubicado en los terrenos de la Laguna del Carpintero, se realizó una fiesta; el motivo, la celebración del cumpleaños de Buster, donde tuvo muchos invitados, más de 15 lomitos de su misma raza, además de don Ramón, un abuelito de 75 años.
Buster, fue vestido para la ocasión, portaba un gorrito con bordes multicolores con el número tres, lentes oscuros y camisa blanca con dibujos de huellas de patitas, huesos y corazones azules.
Un encuentro que cambió todo
Todo estaba listo para la gran celebración, pero antes, Jesús Díaz, su dueño, platica que Buster es un perrito adoptado. Aunque él buscaba un perrito Beagle, ya que su padre, don Ramón, tenía uno de dicha raza y murió.
“Estábamos en busca de un perrito Beagle porque mi papá tuvo un derrame cerebral y luego murió su perrito Beagle, cayó en depresión, incluso estaba de mal humor, pero Buster lo sacó de ese estado, cambió totalmente su forma de ver la vida, tan es así que aquí está celebrando este cumpleaños. Yo quería encontrar un perrito igual pero al no haber, dio la casualidad que daban en adopción un Beagle y a Buster. Queríamos adoptar a los dos pero nos ganaron el Beagle y le dimos la oportunidad a nuestro salchicha”.
Comenta que fue una casualidad encontrar a Buster en facebook quien ya es querido por toda su familia, especialmente por su papá y su esposa, María Fernanda pues fue un regalo para ella ya que era su sueño tener un salchicha desde que la conoció.
“La reacción de mi papá fue de felicidad. La verdad es que Buster convive el 85 por ciento del día con él porque mi papá está jubilado. Ven la televisión juntos, casi todo lo hacen juntos, juegan pelota en el patio de la casa, se la pasan en el sofá acostados”, dice Jesús.
El amor de un perro adoptado
“Los perritos que son adoptados dan muchísimo amor a nuestras vidas, son muy nobles"", afirma la esposa de Jesús, María Fernanda, quien también pasó por una situación difícil de salud.
“Buster ya pasó por una cirugía de un ganglio inflamado, tuvo un gusano de corazón; es un guerrero, hemos estado luchando juntos con mucho amor y mucho cariño”.
Una de las pocas casualidades que pasan en la vida le tocó a la familia de Buster, pues el peludito nació un 20 de abril, misma fecha del cumpleaños de don Ramón Díaz de León y la esposa de Jesús.
Buster, estrella en redes sociales
Buster es integrante del Club Salchi Amigos de Tampico, pero además tiene su página de tiktok donde aparece caracterizado de varios personajes y se hace llamar Busterstyle.
En la fiesta de Buster hubo de todo: le cantaron las mañanitas, partieron el pastel, ofrecieron golosinas, bocadillos, agua, refrescos y también recibió muchos regalos de sus amigos, pero el más importante es el de contar con una familia que valora la vida.
JETL",GOOGLE_NEWS_RSS
Integrantes del Frente Popular Tierra y Libertad se manifiestan en el Centro Monterrey - Milenio,2026-05-02 00:10,2026-05-02T00:10:00+00:00,Milenio,,https://www.milenio.com/comunidad/marchan-integrantes-frente-popular-tierra-libertad-centro-monterrey,https://news.google.com/rss/articles/CBMiowFBVV95cUxQZFR5Znp2SGltQjlPbERFTkptQ3ZVUU5pYTJqM3BQaXp2aWNEaVFmTjRnN09Ic1A4RnRZVUxNMDN6N3o0YjQtR1BvN0JLYndfNWVkbzhqOVVjQUt1Q3c1TUhOSXM2amlzMTdNR2d2elhiN3dlUDAwQlRCdzlqRUdoQ3R2NWFMdy1jb0g5MXQxejZreEhObXJRNjVnS2ZVbVl6aWNr0gGjAUFVX3lxTE1jcDIzWWI1QkpvcVN6aG41Mkg1NTJ5YmVIU25TNGJzbm5VVV9JTHNwTzk2M05qNUEwS0Q4N1IwdUpkZ2xRMDFObVNsWXh4djRKZlN5WTRSV3NzalFnWGE0bDFndnVSdlNBVnhENUU4SGU5SnlpS0tJQkRJVW5IeENnRmY0VWxlRENGVFhjbUtBLTQ5R3BMa0tSdFJITUJ2YWR4ZU0?oc=5,,"Cientos de integrantes del Frente Popular Tierra y Libertad recorrieron calles y avenidas del Centro de Monterrey con motivo de la marcha tradicional del 1 de mayo por el Día del Trabajo.
El contingente se reunió pasada las 17:00 horas del viernes frente a la Plaza de Colegio Civil.
Los manifestantes salieron minutos antes de las 18:00 horas de la avenida Juárez y la calle Washington en dirección al sur, resguardados por elementos de Tránsito de Monterrey.
Luego se incorporaron a Ocampo al oriente para continuar su recorrido por Zaragoza al norte, hasta llegar frente al Palacio de Gobierno.
Durante su mensaje, Alberto Anaya, coordinador nacional del Partido del Trabajo, recordó las iniciativas que han permitido mejores oportunidades laborales y anticipó que se prevé una lucha durante las próximas elecciones.
“Se viene ya también la lucha en el 2027 por la renovación del Congreso de la Unión, diputados federales, se viene la lucha por renovar 17 gubernaturas, incluyendo aquí Nuevo León y también se viene la lucha por renovar las presidencias municipales y los diputados a nivel local”.
Anaya recalcó que el Partido del Trabajo irán en coalición con el Partido Verde y Morena para sumar esfuerzos en Nuevo León.
“Es una gran jornada en que hemos decidido cerrar fuerzas en el marco de la coalición con el Partido Verde, Morena y el Partido del Trabajo porque consideramos que solamente mantenimiento esa conexión va a ser posible seguir avanzando entre importantes”.
El evento finalizó en punto de las 19:00 horas y más tarde agentes viales reabrieron la circulación a los conductores, en el Centro de la Ciudad.
Implementan cierres viales por marchas del Día del Trabajo
La Secretaría de Seguridad y Protección Ciudadana de Monterrey advirtió que este viernes se implementarían cierres viales en el transcurso de la jornada, en el primer cuadro de la ciudad, principalmente en el área de la Macroplaza.
La Dirección de Tránsito de Monterrey solicitó a los conductores hacer caso a los señalamientos e indicaciones de los oficiales, buscar alternativas viales, disminuir la velocidad o evitar las calles del Centro de Monterrey.
grt",GOOGLE_NEWS_RSS
Tampiqueñas ganan oro en Tiro con Arco en la Olimpiada Nacional - Milenio,2026-05-01 23:32,2026-05-01T23:32:03+00:00,Milenio,,https://www.milenio.com/deportes/tampiquenas-ganan-medalla-oro-tiro-arco-olimpiada-nacional,https://news.google.com/rss/articles/CBMilgFBVV95cUxOU2YxXzBtSVJqazlrRzRTTjBpLXhuSVd0OHFKSVU1c3BkZERHZ1lWd0hhUzhWeGNuaWZIWUVBMEtzSUJZSk5ZVXdsSU5uRVlXcERkc3N3SDZsbXVYZEV1dnNpUWxzZjhsb3J3V1FZeXAtT2VmWXNSTUpfNFdaLW9vamFDN1k2VVc3bTZJYllJaXdLVGFmQ1HSAZYBQVVfeXFMUFBRZ1dpUUhIamotVllkdzQzMEtReFhFbV9zb1doT3hRQXJaYURNX2J1d1ZqV3JLMk5XQ1NaZEhib1hvRzQ2OGNQNHRXTUtORFdtUXd2VG5BWkozRHJleGZNbDYwSUhwcTlDYkpDcTZzSFFLS0ZFcjRSS0tYX0tYWENFRTF1QjFPbnFqNkVtSklUQjAzdTln?oc=5,,"El nombre de Tamaulipas y de Tampico, resonó fuerte en Apizaco, Tlaxcala, luego de que, Alicia Castillo Hernández, Mariana Gatica Gochicoa y Natalia Cruz García, lograran subir a lo más alto del podio para recibir la medalla de oro en Tiro con Arco (Arco Compuesto Sub14) por equipos durante la Olimpiada Nacional 2026.
Tampiqueñas demuestran buen nivel ante rivales de alta experiencia
La actuación de las “chicas super poderosas” sorprendió a propios y extraños pues las expectativas eran buenas pero resultaron ser excelentes después de tener una competencia fuerte ante rivales de mucha experiencia en esta disciplina.
Alicia, Mariana y Natalia, lucharon codo a codo para ir escalando posiciones en la eliminatoria dejando en el camino a equipos con jerarquía hasta llegar a la gran final.
Una puntería afinada que les otorgó el oro
Bajo la instrucción de su entrenador, Jorge Torres, de la academia Arcum, las tres integrantes del equipo tamaulipeco llegaron a la final con puntería afinada y a pesar de ser su debut en la máxima competencia Infantil Juvenil que se realiza en México, mostraron carácter y turno tras turno fueron sumando puntos que en suma les dieron 216 suficientes para bañarse en oro; el segundo lugar fue para las representantes de Yucatán con la suma de 214 unidades, mientras que en tercero terminó Jalisco con 204.
Las felicitaciones por el resonado triunfo no esperaron y fue Manuel Virues, director general del INDE, el primero en aplaudir tan importante logro de las pequeñas gigantes del Tiro con Arco.
JETL",GOOGLE_NEWS_RSS
Gobierno abre taller para aterrizar recorte a comisiones en gasolina - Milenio,2026-05-01 22:15,2026-05-01T22:15:00+00:00,Milenio,,https://www.milenio.com/negocios/gobierno-abre-taller-aterrizar-recorte-comisiones-gasolina,https://news.google.com/rss/articles/CBMilgFBVV95cUxQVEd2N2ZrdjNfdGcxY241QWE3cklUTHlZUmFuOGQxVzZReEtyM2hVRTFNQzdzT1dpalRUZ29SQ0YzeVVJcGhkTTVIR3lWY0lMbnFKYm54QlNleTlzcWlkNUJucTJsaXY2MThsVFpTcjlueWw1N3FydkV6b0IxUi0zRjgyNE5PVllnd01EdUJYc0FjV2tCQVHSAZYBQVVfeXFMTjE2UFcyX0t6M0kyMXlHNGRQc3dpcHpTSDVvbm9GUVE1dVpZTlQ1U0x4TmxVOXRrU19INW0xTWVCSl9vdDFLQ3A2SGRGR3FlYlhvaHYxX0pUZ3ZVLUtXZGd6M1JlTXUzcTh5Tlc0WDBXUS1OQmdQZXN5NmtvZXFhZktTcHM0ay1pMVNIS3N3dHp4Y2k0cUVB?oc=5,,"El gobierno de México convocó a los empresarios del sector gasolinero a participar en un taller informativo sobre los alcances de la nueva disposición que reduce las comisiones en pagos electrónicos en la venta de combustibles.
En un comunicado enviado por Petróleos Mexicanos (Pemex), se expuso que la invitación está dirigida a permisionarios de expendio de gasolinas y diésel, quienes podrán conocer los efectos de la “Resolución que adiciona la Décima Bis a las Disposiciones de Carácter General aplicables a las Redes de Medios de Disposición”, publicada en el Diario Oficial de la Federación (Dof) el 27 de abril de 2026 y actualmente en vigor.
De acuerdo con la autoridad, esta medida impacta directamente en las comisiones cobradas por transacciones realizadas mediante tarjetas y otros medios electrónicos, un componente relevante en la estructura de costos del sector.
Taller simulador de implementación digital
El taller se realizará el sábado 2 de mayo de 2026 en modalidad remota, con horario que será notificado posteriormente vía correo electrónico a los participantes registrados.
Para asistir, será necesario completar previamente el registro en línea y contar con una conexión estable a internet.
Las autoridades precisaron que se otorgará un sólo acceso por razón social o persona física, por lo que el registro deberá efectuarse utilizando el RFC vinculado al permiso vigente.
Con esta iniciativa, el Gobierno busca facilitar la implementación de la nueva regulación, así como resolver dudas operativas y financieras derivadas de la reducción en las comisiones.
Asimismo, reiteró su compromiso de mantener una coordinación permanente con el sector gasolinero, en un contexto donde los costos de operación y los mecanismos de pago son factores clave para la estabilidad del mercado de combustibles y su impacto en los consumidores.
KL",GOOGLE_NEWS_RSS
Vecinos bloquean Avenida Central en Ecatepec para exigir devolución de 31 animales - Milenio,2026-05-01 20:25,2026-05-01T20:25:00+00:00,Milenio,,https://www.milenio.com/comunidad/bloquean-avenida-central-piden-entrega-de-animales-asegurados-ecatepec,https://news.google.com/rss/articles/CBMipwFBVV95cUxNaGNIeDgxTzJaYk1zcUQteUlyM0dFYy1KZFRsZGFLOVl3MXdtU3JYVy1zUm02NFhZR285ZHM3aHlISGhwWGhHMlNZNE44VVU0Q3owVnUtQU0zZTZDdEpLeXVIWjVPR00za0w1cjVGRm1DSVVTek40UEtnSDcxYWttOWFHbElPU2VISW42eWFtZ0hYd1FHdE82TjYwNUp6cHV1QlpVTllHUdIBpwFBVV95cUxPN29qSU5FT0JubFNjQlBwMl9KTlRlS2djbDdYdEFjaXhPUUtaeVFmY3ZCQUx1aTdBaDY1Nk1idkk3MWFNemZjdzBIX1RBYTZWN0ZabjAwck9HcDN0VDNJdUZZOXBOTFZxZHA2Z2t0VV81eUFfRjZmVmdLaEp5OFlHOUZqVkV6cnM4QUM0aGpSS3lHcWJhMnVqOUlJMVVlZkZ6YXd6OHMyMA?oc=5,,"Vecinos del municipio de Ecatepec mantienen un bloqueo sobre Avenida Central para exigir la devolución de 31 animales asegurados hace un mes durante un cateo a un inmueble ubicado en la colonia Ciudad Azteca.
La protesta se lleva a cabo sobre los carriles laterales a la altura de la plaza comercial Center Plaza, donde participan colectivos animalistas “Patitas callejeras Ecatepec” y médicos veterinarios.
Señalan que animales no sufrían maltrato tras retiro por la FGJEM
Los manifestantes señalaron que los ejemplares nunca sufrieron maltrato al interior del refugio como fue señalado por la Fiscalía Mexiquense para su retiro el 14 de marzo.
Explicaron que desde esa fecha, los animales, entre ellos 22 gatos y 9 gatos, se encuentra en el centro de bienestar animal de Ecatepec, donde presuntamente se encuentran en hacinamiento.
Afectaciones viales
Los quejosos impiden la circulación sobre los carriles laterales en dirección a Ciudad Azteca, lo que ha complicado a la circulación principalmente de unidades de transporte público.
“Vivos los queremos”, son parte de las consignas que lanzan a los automovilistas que circulan en la zona.
Algunos automovilistas han utilizado calles aledañas a la colonia Fuentes de Aragón para continuar sus trayectos. Hasta el momento no hay presencia de autoridades en la zona.
kr",GOOGLE_NEWS_RSS
Zayn Malik cancela conciertos de su tour tras ser hospitalizado: ¿Está México incluido? - Milenio,2026-05-01 19:04,2026-05-01T19:04:00+00:00,Milenio,,https://www.milenio.com/espectaculos/musica/zayn-malik-conciertos-cancelados-hospitalizacion-esta-mexico-incluido,https://news.google.com/rss/articles/CBMiswFBVV95cUxQRktUYm81ZHEwRzloT3J6NHFSLXdWU1JDTjFDUDlweFRFU3QzQ3RuQ2dsTVFmaHpHVEpEWlJkZjFGUnBUZnlfcnNnTFFiZXNJRTBtVlJCQzh2RmlFWllwME1tX3RBcURUeXBHMHUtMWV0MlNlTnRqZ1liNGVxQThfRXBzdWNXdkthc1Z6ZF8tRDlwdWswcVNmeHhnNV9OaFpURzB3RlZ5T3ZrWGNrc3BCbVUwZ9IBswFBVV95cUxQNERSSFFhcGFuLWU2TW8zZ2dfVndSZFd6OEhldTJQWXlLbzVzVGpKdGRWNzB5TmpjRWUzOWVoY3F1TU0xSDNvdXB2M1pISDJQU2c1NDk2TzhrWFpONjQxaUNBMlhFLUdwUDFfZ0RNZ3pDZkd5ZFJ6bmdVYjJPZ2pheG8xNnQzZjhZRkVSR3o5QndyY0pkRi12MmhqVjVCZXlhSkpGXy1oS2oySUlrUmdTTENJSQ?oc=5,,"El tour más ambicioso en la carrera solista de Zayn Malik acaba de sufrir cambios importantes. El cantante británico ha reducido varias fechas de su gira The Konnakol Tour, lo llevó incluso a ser hospitalizado, lo que encendió la preocupación entre sus fans a nivel global.
La noticia se confirmó luego de que el propio artista anunciara que debía ajustar su calendario para priorizar su recuperación en una historia de sus redes sociales.
Te contamos si las fechas en México sufrieron alguna cancelación.
¿Por que Zayn Malik recortó fechas de su tour?
La decisión de Zayn Malik de modificar su gira está directamente relacionada con un problema de salud que lo llevó a ser hospitalizado días antes del inicio de su tour.
De acuerdo con la información más reciente, Zayn Malik fue hospitalizado por una enfermedad no especificada, y hasta ahora ni él ni su equipo han dado un diagnóstico oficial.
Ahora, de acuerdo a los recortes de su tour, el propio cantante compartió un mensaje a través de Instagram donde explicó su situación y confirmó que se encuentra en proceso de recuperación:
""He estado en casa recuperándome y estoy bien, y estaré mejor y más fuerte que antes"", escribió, agradeciendo también el apoyo de sus fans durante este proceso.
En ese mismo comunicado, Zayn dejó claro que tuvo que replantear su agenda para poder continuar con la gira sin comprometer su salud:
""He tenido que revisar mi calendario para los próximos meses y reducir el número de shows del tour"", explicó, señalando que su prioridad es poder presentarse en la mayor cantidad de fechas posible sin afectar su recuperación.
Este contexto explica por qué la gira sufrió ajustes importantes, incluyendo la cancelación total de su etapa en Estados Unidos, mientras que otras fechas internacionales —como las de México— se mantienen, por ahora, dentro del calendario:
""Quiero asegurarme de que todavía salgo y ver a tantos de ustedes como pueda.
Estoy deseando tocar estos espectáculos para ti, y espero ver al resto de vosotros alrededor del mundo muy pronto"", confirmó en redes.
¿Qué conciertos han sido cancelados?
Tras la confirmación de los ajustes en su calendarios, todas las fechas en Estados Unidos se han cancelado y se ajustaron conciertos en Reino Unido, así que sí se redujo el número total de shows de la gira
Originalmente, el tour estaba planeado como una gira global mucho más extensa, pero ahora será más limitada en número de presentaciones.
¿México sigue incluido en la gira?
Sí. A pesar de los recortes, México sí sigue dentro del tour y, hasta ahora, no hay anuncios de cancelación para el país.
De hecho, las fechas en territorio mexicano continúan programadas como parte de la gira internacional. Entre ellas destacan presentaciones en:
- Monterrey (14 de junio)
- Guadalajara (17 de junio)
- Ciudad de México (20 de junio)
Además, reportes recientes señalan que los shows en México forman parte de la siguiente etapa del tour tras Europa, lo que refuerza que siguen en pie pese a los cambios.
The Konnakol Tour fue anunciado como el regreso de Zayn a los escenarios con una gira global en apoyo a su quinto álbum de estudio. Sin embargo, los recientes ajustes han cambiado el panorama del tour, reduciendo su alcance pero manteniendo fechas clave en distintas regiones, incluida Latinoamérica.
Este contexto ha generado incertidumbre entre los fans, especialmente en países donde el artista ha cancelado presentaciones en el pasado, como ocurrió en México en 2025 por temas de salud.",GOOGLE_NEWS_RSS
"Sindicatos exigen mejores salarios, salud y justicia laboral durante marchas del Día del Trabajo en Tamaulipas - Milenio",2026-05-01 18:22,2026-05-01T18:22:00+00:00,Milenio,,https://www.milenio.com/estados/trabajadores-exigen-mejores-condiciones-laborales-dia-del-trabajo,https://news.google.com/rss/articles/CBMingFBVV95cUxNTzNTSUN5NmR3V1d1NFhlV0c5eU5UUmtNVFJpZHhnd1l5UC1TcnN3REF4eTgwb09BNHRaamViZUd6YS1vZ2lMT2EzRDVSZ2xGNmMxNTMzOGxKOVRoWFVTemFuUHJkR1BVc1RYdkN5RXYtLXd5bkxUdTZFNm01dmZGNGFXQlUtUlZIZ0pHSzk4RWNBNk1xQ2dsUnNNLXNTZ9IBngFBVV95cUxNUHQ3UG9MdzJMdW1UaV8yMTVZVWlXWXNEYXpEdDl3SXgyd013bkdOUmZRMy1MWGJnODVnVjBBbmxkYl9zUGl4REFScy1FZXVjaVRPaVFPTmtORmhGMVpOcjdqLUZXSHNycVNBSnZteFFEV215eG5DeVdLTE5VUlVhWk10ajVMT2xPNlJxNVNPUElZN1M4MHFxOUVVMHI5QQ?oc=5,,"En Tampico se realizaron desfiles, concentraciones y mítines en diversos puntos, en los cuales se escuchó la necesidad de justicia laboral, más empleos, mejores salarios, mejores condiciones de salud, vivienda y que se acaben las huelgas.
La concentración de la CTM fue encabezada por Edmundo García Román, líder de dicho sindicato en Tamaulipas, que fue acompañado por los diversos sindicatos que se suman y que existen en el puerto.
En dicho evento se exigieron mejores condiciones de salud para los trabajadores debido a que faltan muchas cosas en los hospitales, desde medicinas, equipo y personal, esto en voz de Concepción Romero, líder del Sindicato de la Salud del Canseco.
El sindicato guinda, el STRM de Tampico, realizó una marcha desde la sede de la Federación hasta la presidencia municipal porteña.
Ya en la plaza de Armas, el sindicato de Trabajadores de Telmex hicieron un mitin, en el cual invitaron a los trabajadores del Monte de Piedad, que desde hace siete meses están en huelga, así que exigen justicia.
En Reynosa exigen jornadas de 40 horas con dos días de descanso
Aunque Tampico no fue el único municipio de Tamaulipas que participó en la marcha por del Día del Trabajo, en Reynosa el desfile arrancó a las 9 am en la calle Heron Ramírez a la altura de la calle Nayarit donde recorrieron varias calles hasta llegar a la plaza principal de la ciudad.
Estuvo encabezado por el Lic. Carlos Peña Ortiz, la senadora Maki Ortiz Domínguez, Reynaldo Garza Elizondo, Secretario General de la Federación de Trabajadores de Reynosa.
En desfile participaron diversos sindicatos como lo son del sector maquiladora, sindicato de electricistas, CTM, asociaciones y sindicatos de fotógrafos y presa así como representantes de diversas cámaras de comercio.
Dentro de las protestas demandaron mejores servicios de salud ante el IMSS y el ISSTE, exigieron jornadas de 40 horas con dos días de descanso, empleados de CFE y PEMEX exigieron mejores pensiones y más Justas.
Piden crear in fideicomiso para las empresas extranjeras
Mientras que en Matamoros, los trabajadores de los diferentes sindicatos de Matamoros en voz de Rocío Escobar Domínguez, secretaria de organización y estadística de la Federación Regional de Trabajadores de Matamoros, exigieron al Gobierno Federal y Estatal, crear in fideicomiso para las empresas extranjeras para evitar que obreros se queden a la deriva laboral, sin una liquidación, sin un pago de antigüedad e incluso sin jubilaciones, como ha sucedido como Componentes Universales, Edemsa y Trico.
ICGC",GOOGLE_NEWS_RSS
Fuerza laboral en oficios envejece en Tamaulipas y sin cambio generacional - Milenio,2026-05-01 16:25,2026-05-01T16:25:00+00:00,Milenio,,https://www.milenio.com/negocios/oficios-tamaulipas-riesgo-envejecen-trabajadores-relevo,https://news.google.com/rss/articles/CBMikgFBVV95cUxONC00dXNTN2FoSDlsOHNWaVhMbXhid3BPUms3bW44aDJfWk92aFNPNzdRMFpTVWpJZ2d3aXpTaVFRSklUbFZjYXBPSUdBZnFyUWVuZVVpMnRHbXo1T2VCRnY0ZUtiMGdoN1N4LXhwNVdTWTJiTDNJV0hjRWZPMWJ5Sk1RUFhXRTNsMF9CWVpzdGUyQdIBkgFBVV95cUxPQzRmdWwxT09WOERPUG5rSDh0aTdCV0dTNlVGdW4zWW5TY1NWSnU0QmFHajFuYWFVMmFldXN0REVmakw1QlJ5RlBCZDdabnZESFBtX1RPZnVVdEZQRHVwRW5jWklfdTliRFhRLW81V0R5NDBiQlpuaWVXVVBrMHNiNS1OOUExQTFKaVBtVkZfVEtRQQ?oc=5,,"La fuerza laboral dedicada a oficios específicos en Tamaulipas envejece y está en riesgo de disminuir hacia los próximos años. Labores de plomeros, eléctricos del hogar, carpinteros, hasta costureras y zapateros se focalizan en personas mayores de 60 años, sin un cambio generacional al ahuyentar a los jóvenes diversos factores para involucrarse en estas tareas.
Los bajos ingresos, la falta de prestaciones y el atractivo que presenta la tecnología y otras carreras, es un hándicap que además de disminuir el número de especialistas alerta sobre el encarecimiento de estos trabajos, advirtieron especialistas en economía del estado como de España, al hacer una evaluación de esta tendencia en el marco del Día del Trabajo.
“Esos oficios no son atractivos para los jóvenes pues no cumplen con las condiciones de trabajo que ellos están solicitando hoy en día. Es más sencillo dedicarse a temas de tecnología y emprendimiento; contrasta cuando se solicita un servicio de este tipo y los ingresos son de 300 pesos por el trabajo, ahuyentándolos”, explicó Jorge Pérez Cruz, integrante del Colegio de Economistas y Especialistas en la entidad.
Vacantes laborales excluyen oficios tradicionales
Esto se refleja en las bolsas de trabajo. En el Servicio Nacional de Empleo (SNE) en Tamaulipas muchas de las peticiones de empresas, desde pymes hasta las grandes compañías, las áreas profesionistas además de pedir obreros en la industria forman parte de las vacantes disponibles, alrededor de 500 por semana y en diferentes municipios. En ninguna aparecen los referidos oficios.
Historias reales evidencian la problemática
Hay casos como don Mauro. Tiene 67 años y sus percepciones las consigue a través de “chambitas”: logró la experiencia empírica en arreglar fugas de agua, instalar la red eléctrica y detalles de albañilería en hogares. Siempre va solo.
“Logré sacar la carrera de mis hijos que se dedican a las profesiones, totalmente alejados de la actividad que me dedico. Nadie más en mi familia se dedica a este trabajo y me alcanza para llevar de comer a mi casa y a mi esposa. Hay otras personas que se dedican a lo mismo y la situación es la misma, nos hacemos viejos y nadie sigue nuestros pasos”, indicó.
Informalidad impacta productividad y crecimiento
El tema es una parte de todo el estudio que realizó Raúl Lorente Campos del Departamento de Sociología de la Universidad de Valencia. Dentro de las situaciones analizadas en el entorno nacional y latinoamericano referentes a la informalidad, los oficios presentan poco valor pues por la hora trabajada su ingreso es poco, afectando incluso la productividad de cada ciudad, estado o nación.
“Se necesita hacer más productiva la hora de trabajo en los oficios, con mejores percepciones. Vemos situaciones donde este trabajador llega y, al ir con el cliente, resulta que le faltó una herramienta o un insumo para comenzar de inmediato. Eso pega”, acotó.
Estos trabajadores integran la población económicamente activa de México etiquetada en la informalidad. En el último reporte del Instituto Nacional de Estadística y Geografía (Inegi), solo en la entidad el porcentaje se ubica en el 46 por ciento, alrededor de 800 mil tamaulipecos, sin embargo, la tasa en el país ya se ubica en el 56 por ciento.
“Un ejemplo es México y Brasil, que tienen crecimientos económicos anuales similares, sin embargo, mientras el país sudamericano logró reducir su informalidad en 8 millones de personas, acá se incrementó hasta en 6 millones de habitantes. Esto pone mal al país”, externó Lorente Campos.
Urgen políticas públicas para rescatar los oficios
No todo parece estar perdido. El sector público y privado tienen la oportunidad de incentivar desde la niñez con acciones concretas que despierten el interés de niños y jóvenes por ser plomeros, carpinteros o costureros.
“La única manera de poder incentivar es a través de las escuelas con una política pública actividades como la plomería, la carpintería, la electricidad e incluso la costura, que también se ha perdido esa promoción entre los niños y jóvenes”, acotó Pérez Cruz.
Baja productividad limita crecimiento económico
Y como impacto económico, la muestra se encuentra en una evaluación sobre la productividad laboral presentada hace unos días por el organismo “México ¿Cómo vamos?”. Los trabajadores en esta región del noreste del país generan 241.7 pesos anuales, cifra que apenas representa la mitad de lo registrado en Campeche, cuyo estado registra 514.9 pesos.
“Sí logra liberar sus cadenas productivas, México puede llegar hasta un 4 por ciento de crecimiento económico anual. Adicionalmente, enfoque sus energías en fomentar la formalización a través de la mejora de los salarios y alinear las condiciones de trabajo al resto de los integrantes de la OCDE. Eso hace atractivo que la gente quiera ver como positivo volverse formal”, puntualizó el investigador español.
SJHN",GOOGLE_NEWS_RSS
Cocodrilos amenazan entorno en fraccionamiento de Ciudad Madero - Milenio,2026-05-01 15:12,2026-05-01T15:12:00+00:00,Milenio,,https://www.milenio.com/comunidad/cocodrilo-ataca-arrastra-perro-ciudad-madero-vecinos-alertan,https://news.google.com/rss/articles/CBMimgFBVV95cUxQOHpFWV9WY0IxeGZHalJMQWZNbFRjb0pyVXpUbGNzOGZuclhpRzhVSzZWUDVUOUNuX3BFQ1hzdEM3bEwtcnIxczdleXlpR0E3aUQzTmM3UlViUUI4WnJwOWFKYkFDdDFSdEk1WjlQZWdVYy1VclRZbkY3a0Z2MEs2cXBIS3NGdFNBN1ZBVFp1UmNacW93YnpuWjFR0gGaAUFVX3lxTE1GRkRDOUJVdVBBWkQ5WWN6bWp4R2dUR3BiMEQyQUJ6eVIxY0JjMmo5SldYNDNQUENFS1AtbTA2WWZoM0VqbF85eVpiZUJlYzZ1eF9za0VaODR0djRyblh1Q1RYV0Nlb19JTk52bkhCejMwZUNRc3cxU3YwZU85WGhIblRQelQ4SHd4X2lUOG1FWlZNcUptR3hXRWc?oc=5,,"En el fraccionamiento Miramápolis, de Ciudad Madero, la rutina de una tarde cualquiera terminó en cuestión de segundos. El campo principal, donde los niños corren y se persiguen sin demasiadas preocupaciones, tiene a unos metros un cuerpo de agua que ya no es paisaje, sino amenaza.
Arturo Mar Herrera lo cuenta sin rodeos, pero con la resignación de quien ha visto repetirse la escena. El martes, su perro “Negro” corrió detrás de los niños hacia los juegos, como lo hacía siempre. Era parte del entorno, un animal inquieto, cercano, doméstico. Nadie anticipó el quiebre. Al aproximarse al agua, el perro fue alcanzado por un cocodrilo.
“El perro persiguió a los niños como siempre, se acercó un poco hacia la orilla y ellos poco después escucharon que empezó a ladrar el perro y a la vez que un cocodrilo lo llevaba, y que lo arrastra para adentro”, comenta mientras camina cuidadosamente por el terreno.
Antecedentes de ataques en el fraccionamiento Miramápolis
No es la primera vez. Hace tres años, Arturo perdió a otra de sus mascotas en circunstancias similares. Entonces, como ahora, el cuerpo de agua estaba ahí, integrado a la vida del fraccionamiento, pero sin una barrera efectiva que delimitara el riesgo. Hoy existe un cercado, aunque deteriorado y parcialmente abierto. Una contención insuficiente frente a un entorno que exige lo contrario.
“Ahora está abierto, porque destruyen todo y ahí están las consecuencias”, añade en entrevista para MILENIO Tamaulipas.
El cuerpo de “Negro” permanece en el agua, visible, como una evidencia incómoda de lo ocurrido. Solo queda la imagen y la repetición de un patrón que no ha sido corregido del todo. La preocupación de Arturo no se detiene en el pasado. Apunta hacia lo que sigue.
Niños siguen en riesgo por cercanía con hábitat
En ese mismo espacio donde ocurrió el ataque, los niños continúan jugando. La proximidad entre la zona recreativa y el hábitat del cocodrilo no ha cambiado. Tampoco las condiciones que permiten que el riesgo persista.
“Sólo espero que el presidente tome cartas en el asunto y que arreglen la cerca. La preocupación es que a la próxima vaya a ser un niño, aquí hay muchos. Imagínate, no alcanzan a correr y no sólo es un cocodrilo, hay varios”, señaló con máxima preocupación.
SJHN",GOOGLE_NEWS_RSS
Fiscalía de Tamaulipas sin tecnología para investigación criminal - Milenio,2026-05-01 14:57,2026-05-01T14:57:00+00:00,Milenio,,https://www.milenio.com/estados/fiscalia-tamaulipas-necesita-tecnologia-investigacion-criminal,https://news.google.com/rss/articles/CBMimgFBVV95cUxOSk1qTnZBR3ZMNVo4YnZ3Z2p6c3BfeDBGTGNWMVh4SjF4aW16dW9oY0NiUUs5SHd4MTdGNVZrZ0h3MnpkN2puNDRhaXlvQVBKVjd2V1lmdTV0eHdkNlhEeWpiWHlUSGxuRUVmZVExbFBQaWxuOVdYOGdWb0dmaW1CRWI1b1BZSGxuY2RQcnZ4NnlOY0ZQZFl4SzZB0gGaAUFVX3lxTE1BSUNmaDdCQVY0MFdZQXBMUW5ZM3NuV3B3Z0dYckkyVEk1ZXFFdktJdkJiSkIyRmdlamFtX2hsN3A2bXM5RDVtdzZHbXdQbVZfVzBQOFBRaExBNG9LdF9wOTBEWlM2ODgxQllwLUZkR3hSMzlseGYzM2ZFb2RDOW9VSlhoTWh3THlpMG1TRHQ0eW11S29ha01kenc?oc=5,,"La Fiscalía de Tamaulipas tiene la mitad de las herramientas tecnológicas necesarias para lograr investigaciones criminales de calidad, de acuerdo con el estudio Justicia Digital realizado por el organismo México Evalúa.
Herramientas básicas para una investigación criminal
Los sistemas, herramientas o aplicaciones básicas que se revisaron incluyeron huellas digitales, cámaras corporales de policías, identificación facial, de ADN y de armas, toma de denuncia y documentación de casos.
Además, gestión de casos, desbloqueo y extracción de datos de teléfonos celulares, recepción de denuncias en tiempo real, rastreo de direcciones IP, apoyos visuales para audiencias, seguimiento en tiempo real de patrullas y análisis de big data.
El organismo no gubernamental, al analizar las capacidades tecnológicas de las fiscalías en su función de investigar delitos y llevar casos con solidez probatoria a juicio, revisó las funciones de cuatro perfiles clave: el ministerio público, policía de investigación, peritos y analistas de datos.
¿Qué herramientas para investigaciones tiene la FGJT?
Encontró que la Fiscalía General de Justicia de Tamaulipas (FGJT) cuenta con un sistema de gestión, carpeta digital, denuncia en línea, automatización de huellas dactilares, identificación de personas a partir de muestras de ADN, mecanismos de identificación balística, así como herramientas para el desbloqueo y la extracción de datos de teléfonos celulares.
¿Qué herramientas necesita la Fiscalía de Tamaulipas?
Sin embargo, la FGJT no respondió si da seguimiento a patrullas en tiempo real, y sus policías no tienen cámaras corporales. Además, carece de tecnología para el rastreo de direcciones IP, el reconocimiento facial, mecanismo para tomar las denuncias en el lugar de los hechos, para generar apoyos visuales para las audiencias y análisis de big data.
Este último, apuntó México Evalúa, es muy importante porque las fiscalías reciben miles de casos todos los años y estos sistemas les ayudan a analizar información que les permita relacionar casos, imputados, víctimas, lugares, modus operandi de la criminalidad e indicios.
“El uso de herramientas de análisis de big data en la justicia criminal ha transformado de manera significativa la forma en que las instituciones investigan, previenen y persiguen el delito, al permitir el procesamiento masivo de datos heterogéneos provenientes de fuentes policiales, judiciales, forenses, financieras y digitales”.
¿Para que sirven?
Estas herramientas, dijo, facilitan la identificación de patrones delictivos, vínculos entre actores, trayectorias criminales y zonas de riesgo. También permiten el análisis temporal y geoespacial de fenómenos complejos que superan la capacidad del análisis tradicional.
Por otro lado, refiere que es necesario el seguimiento en tiempo real de patrullas y uso de cámaras que registren las acciones del personal, lo que además de brindarles seguridad, muestre sus entrevistas, inspecciones, localización de personas y objetos, así como la preservación del lugar de los hechos en coordinación con los servicios periciales.
México Evalúa expone que muy pocas entidades federativas desarrollaron capacidades de gestión basadas en la innovación tecnológica.
“Estamos ante un panorama de rezago digital que impacta en el escaso uso de pruebas obtenidas digitalmente y en consecuencia, su escasa utilización orientada al éxito de casos”.
La agrupación concluye que el desarrollo tecnológico para fortalecer la investigación criminal en las fiscalías no ha sido una prioridad, ni existen políticas uniformes para propiciarlo
AA",GOOGLE_NEWS_RSS
"Muere mujer en choque y volcadura tras persecución en San Nicolás hasta Apodaca, NL - Milenio",2026-05-01 13:06,2026-05-01T13:06:00+00:00,Milenio,,https://www.milenio.com/policia/persecucion-san-nicolas-apodaca-nl-mujer-muerta-choque-volcadura,https://news.google.com/rss/articles/CBMinAFBVV95cUxPM0ctVWJ3VzlwUlNlMXROSW04OHE2MWZwZks5ZmRmd2o0ZzRfRlhoWlVNRHRUaXJYYWxwcFhuNTdUeFQ2dmVkWU9ZSVAzVVo1eHRqTzUweHNWdHQyTWphNDdWUXpzdnQtUTRWZzNyUFVGQS1vdUtzNndDMnlRWDZ0M0VRNTFiVEp0Z2FTVzlKNndyN2I3d25kVFdxeDXSAZwBQVVfeXFMUDFvYkFzWUcwT0FNTk5kVU4yXzRlZ1BRZEp4X1Jqa284VFNKcDhPb2dhd3MtdElVUkxxWV8wNmd6eEIwVG5BUENkamZ3cG8tWnJQZEFnY0RLTmswZEJrV1I2YkZvVHVmazhXQl9RLXYtRzgwR0lydnJGV1A5eDRZcVYwaDBPT1lvcnRsRER5eTJNdTFaemRyU3pQLWkx?oc=5,,"Durante una persecución policiaca desde San Nicolás hasta Apodaca, una mujer murió luego de que el automóvil en el que se desplazaba, ella como acompañante, trepó a un camellón y se estrelló contra un árbol en la zona de Santa Rosa.
Los hechos ocurrieron poco antes de las 04:00 horas del viernes en la carretera a Santa Rosa, o bulevar Humberto Ramos Lozano, entre avenida Avante Apodaca y América, en la colonia Ex Hacienda Santa Rosa.
Tras el percance, el conductor, supuestamente armado, quedó ileso y fue detenido, mientras que otra femenina resultó con lesiones y fue hospitalizada bajo custodia.
Dentro del vehículo Nissan Tsuru de color blanco quedó el cadáver de la sospechosa, prensado, a causa del impacto y volcadura.
Todo comenzó sobre la avenida López Mateos y Casa Blanca, en territorio nicolaíta, donde el sistema de monitoreo del C-4 local lanzó la alerta sobre la presencia del automóvil, descrito en diversos eventos delictivos, principalmente robos con violencia.
Los policías le marcaron el alto al conductor, pero él, por el contrario, presuntamente los amenazó con una pistola y emprendió la huida.
A lo largo de más de 10 kilómetros se registró la persecución, a través de avenidas como Adolfo López Mateos, Carlos Salinas de Gortari, Estardo Guajardo y Humberto Ramos.
Finalmente y después de varios cerrones, el auto compacto colisionó en forma lateral con una patrulla, y el sospechoso perdió el control del volante.
Tras el estrellamiento y volcadura las autoridades tomaron el control de la situación y solicitaron el auxilio para la mujer lesionada.
Motociclista sale lesionada tras derrapar en Guadalupe
Una joven resultó lesionada luego de derrapar en su motocicleta la mañana del viernes de asueto por el Día del Trabajo en el municipio de Guadalupe, en Nuevo León.
El accidente se registró sobre la Vía a Tampico, a la altura del Parque Industrial FINSA.
De acuerdo con los primeros reportes, la mujer circulaba rumbo al municipio de Juárez cuando, presuntamente por el pavimento resbaladizo, perdió el control de la unidad y cayó sobre su costado izquierdo.
Tras el percance, la joven de 22 años presentó una lesión en el hombro izquierdo, por lo que recibió atención en el lugar por parte de los cuerpos de auxilio.
Posteriormente, paramédicos de la Cruz Verde la trasladaron a un hospital de la localidad para una valoración médica.
Al sitio acudieron elementos de Protección Civil de Nuevo León, quienes, junto con los rescatistas, revisaron la zona y descartaron riesgos adicionales.
nrm/dat",GOOGLE_NEWS_RSS
Inicia otra veda del camarón tras navegar un mal año - Milenio,2026-05-01 12:44,2026-05-01T12:44:00+00:00,Milenio,,https://www.milenio.com/comunidad/crisis-pesca-camaron-tampico-cae-captura-veda,https://news.google.com/rss/articles/CBMihgFBVV95cUxPZGtpRy05a2FpeThyaGNwUm5uOEsxa2Y1ZmpUNTFkVnp6Y3RyRWYydVptWXFBeEpkclVLS2RHQWRUbWFhQkRHSGk0di1WWlQ4YnREMXJMZ3ExeklxSGZqV0U4d2pNVFozU1gxaFNUUDdUUG83RERCSWxfSVlCV0MtbUtkN05tUdIBhgFBVV95cUxOaDBlMmpoNkhJS2M4QzJXbldtTG1KMVBzY1hia0d2T1hjc1MwSkExLVZ3Qkl1dUZLdm9QRzUtbXczaGpReURJZS1jRUhMMkx1emlKMHRMaXRoRVlJX1RCTlg3aWU5WVRobFI0WlJQOVBoaTl4ZHJnSTRjTUpjOFgtLUVZV3NZZw?oc=5,,"La pesca de camarón se desplomó, ya que si una embarcación hace un par de años llegaba con 10 toneladas, para 2025-2026, después de una veda histórica, apenas se logró pescar 3 toneladas del llamado oro rosado, aunado a la disminución en la flota, ya que se estima que de los 180 barcos apenas 120 son los que salen a la mar.
Refieren empresarios del ramo que ha sido un mal año para el sector dedicado a la pesca de camarón, en el marco del inicio de la veda a partir de este 1 de mayo. La baja en la captura, aseguran, ha generado que el 40% de los empresarios estén endeudados, por eso están atracados en los muelles de la colonia Morelos.
Baja captura del “oro rosado” golpea al sector
La captura fue como viajes normales, no como una corrida. La veda fue muy larga, pero pudo haber sido más corta o alargarla más; eso no influyó mucho, pero simplemente no hubo producto.
“Pero el inicio de la veda también trae consigo afectaciones a los pescadores y a las despicadoras de la Morelos, ya que se estima que por lo menos 1000 estén fuera de los programas que entrega el gobierno federal a través de Bienpesca, aseguró Aureliana Nuñez, líder del sector.
Despicadoras enfrentan nueva veda sin respaldo; esperan apoyos
Además, de las 2 mil despicadoras que tienen un trabajo en colonias como Morelos y Vicente Guerrero, van a tener que comenzar una nueva veda sin el apoyo del gobierno federal y también endeudadas, ya que para hacerle frente a la larga veda del año pasado, tuvieron que adquirir créditos o pedir prestado para salir adelante.
Los protagonistas que le dan fuerza a este sector productivo emblemático de Tampico esperan que todo pueda cambiar, desde una mejor y mayor captura del oro rosado, hasta que el gobierno estatal pueda cumplir con sus promesas de apoyos a las mujeres que mantienen a sus familias mediante la labor de despique.
Nueva veda de camarón inicia con incertidumbre
Los problemas con la veda de camarón son complejos, ya que hay una serie de afectaciones que tienen que ver con las acciones de las autoridades.
“Mientras tanto, la nueva veda llega con el 50% de despicadoras. Este 1 de mayo inicia la veda de camarón en el Golfo de México y los empresarios del ramo aseguran que la pesca después de la veda interminable del año pasado se desplomó”, exponen.
SJHN",GOOGLE_NEWS_RSS
La Grilla - Milenio,2026-05-01 09:31,2026-05-01T09:31:06+00:00,Milenio,,https://www.milenio.com/opinion/editoriales/se-dice-en-la-grilla-tamaulipas/la-grilla_1146,https://news.google.com/rss/articles/CBMilAFBVV95cUxQS1dXLS02Tno5ZmtfUlZmd193UVdvOHBESHo0UlZ0NnZIeXJ5SUEzdWt3TzJrQm16WmdKdE1LUU16ODdycV9HTXBoYnFrR1Nkc3p2RmhubFk0cHdHODUxeGlHV0dsUldtS2I2WlBYc0d0dFp1ZElCNUR5VUFYSThXMWZMUkNxTE5EZEZ0WjJ0RG43QlRo0gGUAUFVX3lxTE9zQm9pVW9fbEVuNDNNRkVkWkI3cHUzOElkUGZaeV9yT253dDhSbDJwbUI0d3g1RGY5eGpLRVJoNTJhWE5qc1gwUkxSRWhPQ25yTmU2MFdKU1hfMkVWRndNc3hYa3ZvY0JXZm9hR0NEc0FrVEtadDZNVGxzT2o2VFEweEZmU3hTSWJaQkZfbjFvUlZYeXE?oc=5,,"Que llega mayo y con él la promesa de que la presidenta Claudia Sheinbaum visite la zona para inaugurar el nuevo hospital de Madero; se espera que el anuncio hecho por el secretario de Obras Públicas, Pedro Cepeda, sea el definitivo y no otro amago, como cuando el coordinador del IMSS-Bienestar, Marggid Rodríguez, aseguró que ya se habían reunido con la “avanzada” y solo terminó ilusionando a los ciudadanos.
Que tras la salida de Frida Denisse Gómez Puga, quien saltó a las ""grandes ligas"" al ser electa consejera nacional del INE, el Instituto Electoral de Tamaulipas designó de manera provisional a Ricardo Zapata como encargado del Órgano Interno de Control; esto, mientras el Congreso local destraba el proceso para nombrar a la persona que ocupará la titularidad de forma definitiva.
Que quien de plano tiró la casa por la ventana fue la alcaldesa Mónica Villarreal durante el festejo del Día del Niño. El Auditorio Municipal porteño lució a reventar para consentir al sector más sensible de la población con fiesta y juguetes, logrando un evento que cumplió con las expectativas, especialmente para las familias de las colonias más vulnerables.
Que Ciro Hernández lanzó un dardo en redes sociales al afirmar que él siempre ha estado presente para ayudar, “a diferencia de otros que aparecen solo cada década o en tiempos electorales”. ¿A quién se habrá referido? Dicen los que saben que no le cayó nada en gracia la reaparición de Griselda Carrillo en el escenario político de la ciudad industrial.
Que Gregorio Pego, regidor en Tampico, parece creer que su organización tiene el mismo peso que la CTM y por ello insiste en organizar eventos paralelos a los de la fuerza sindical más grande del país; sin embargo, aunque desfile por el centro del puerto, lo que le falta es liderazgo. Dicen que es uno de los elementos que busca la reelección, pero como los números no le dan, es capaz de ""tirarse al piso"" con tal de seguir viviendo del erario.
Que las giras de Gloria Garza con la militancia panista tamaulipeca intentan mantener vivo el interés por la renovación del Comité Estatal; no obstante, se ha topado con el malestar de los simpatizantes ante las trabas que pone el “cabecismo” para evitar, a toda costa, que se lance la convocatoria.",GOOGLE_NEWS_RSS
Del auge petrolero al desgaste sindical: Tamaulipas se convirtió en cuna olvidada de lucha por derechos labora - Milenio,2026-05-01 07:35,2026-05-01T07:35:00+00:00,Milenio,,https://www.milenio.com/estados/sur-tamaulipas-cuna-sindicalismo-crisis-laboral-mexico,https://news.google.com/rss/articles/CBMijwFBVV95cUxQYzBKY1VuTU1ma3J4R1BES3czbkJ5VzJibHVEX2dORkxRWFBoMTNSRUt2Qmt0bWU1NmdMbk9FYWV5WVJ2TU5kSFdrRGpYX2xtZUUwQkZKaTZNSU5UR1BESGFvNjZKUHpySEt0VTdZLUprY0JESVdHbEFZeXp2X2NPcGdRaGdIbmhtdUJnYTJnNNIBjwFBVV95cUxNaGktUXd2b1VpendOeDNWYXpKTmEtSnhJOTR4ODRqaWI5WVBGMXBDb0ZSOWppTTV4bE5iVjNpczRpalROSXViUHhRd0gxbGx4MUQ0RmlTRFlwSF9VM2huM3dVX0pLS1BabEEteTl2UUZQcEVUdzJ3UXUxVHRydzR0dTkxT0s2VGxITERtMGJlYw?oc=5,,"En la memoria industrial del país, el sur de Tamaulipas ocupa un lugar que rara vez se dimensiona en su justa proporción: no solo fue zona petrolera, sino laboratorio del sindicalismo moderno en México.
Así lo plantea la cronista de Ciudad Madero, Carolina Infante Pacheco, al reconstruir una historia donde la inconformidad obrera dejó de ser dispersa para convertirse en una organización con capacidad real de presión.
Origen del sindicalismo moderno en México
A inicios del siglo XX, en plena expansión de compañías extranjeras como El Águila o la Huasteca Petroleum Company, las condiciones laborales en la región eran de explotación: jornadas extenuantes, ausencia total de prestaciones y salarios precarios.
Ese contexto detonó las primeras formas de resistencia colectiva que, entre 1917 y 1919, derivaron en huelgas petroleras que no solo exigían mejoras, sino que confrontaban directamente a los intereses extranjeros.
“Somos cuna del sindicalismo”, sostiene Infante Pacheco. En esta región se gestó el primer contrato colectivo de trabajo reconocido a nivel nacional, base de lo que después sería el andamiaje laboral en México.
La conformación de la Sección Uno del Sindicato Petrolero en Ciudad Madero simboliza ese punto de quiebre, donde la organización obrera adquirió estructura, liderazgo y capacidad de negociación.
Conflicto y consolidación obrera
Pero el proceso no estuvo exento de violencia. La llamada tragedia del 13 de enero —episodio que, según la memoria local, implicó la muerte de trabajadores en circunstancias aún no esclarecidas— refleja el nivel de confrontación que alcanzó la lucha. No fue un movimiento lineal ni institucional: fue, en buena medida, una disputa abierta entre capital extranjero y trabajadores sin derechos.
“Ese cúmulo de tensiones abonó el terreno para decisiones de Estado, como la expropiación petrolera de 1938, encabezada por Lázaro Cárdenas, que no puede entenderse sin la presión sostenida de estos movimientos obreros”, subraya Carolina Infante.
Señala que el sindicalismo emergido del sur de Tamaulipas no solo transformó la industria petrolera, sino que se extendió a otros sectores: electricistas, transportistas y obreros de la construcción. Fue, en términos históricos, un punto de irradiación.
Desgaste y pérdida de fuerza sindical
Sin embargo, el contraste con el presente es inevitable. Aquella mística de lucha colectiva —basada en derechos, organización y confrontación al poder económico— se ha diluido, advierte la cronista.
La pérdida de cohesión, la burocratización sindical y los señalamientos de corrupción han desdibujado el papel de los sindicatos como contrapeso real.
“El declive no es solo simbólico. La transformación económica de la región —de enclave petrolero a zona de servicios— también redujo el peso político del obrero organizado. A ello se suma un cambio generacional: el desconocimiento de estos episodios históricos entre los jóvenes rompe la continuidad de la memoria colectiva”.
¿Qué queda de aquella lucha que conquistó derechos laborales? Para Infante, la respuesta pasa por recuperar la memoria. “No puedes querer lo que no conoces”, resume.
En un país donde los derechos laborales suelen darse por sentados, el origen de esas conquistas —forjado en lugares como Ciudad Madero— sigue siendo una deuda pendiente en la narrativa pública.
Entre memoria histórica y realidad actual
Si el sur de Tamaulipas fue detonador del despertar obrero, hoy también es espejo de su desgaste. En esa tensión entre origen y presente se juega, en buena medida, el futuro del sindicalismo en México.
Ese origen combativo, donde la zona sentó las bases del sindicalismo nacional, contrasta con el escenario actual.
A más de un siglo de aquellas luchas, las condiciones laborales enfrentan nuevos desafíos que ya no pasan solo por el reconocimiento de derechos, sino por su efectividad real.
Hoy, advierte la investigadora del Colegio de la Frontera Norte en Matamoros, Cirila Quintero Ramírez, el problema central ya no es conquistar derechos, sino que estos alcancen para vivir.
Nuevos desafíos laborales en México
A 140 años de las protestas obreras de Chicago —origen del Día del Trabajo—, la lucha por condiciones laborales dignas sigue lejos de resolverse en México.
Para la especialista, el país llega a este 1 de mayo en un escenario marcado por la incertidumbre económica, la precarización laboral y un deterioro persistente del poder adquisitivo.
El problema central no es menor: aunque el salario mínimo ha aumentado en los últimos años, ese avance ha sido absorbido por la inflación. En la práctica, sostiene, los ingresos actuales no garantizan condiciones de vida dignas. “Se necesitarían al menos dos o tres salarios mínimos para cubrir lo básico”, advierte. La consecuencia es directa: incluso quienes tienen empleo formal enfrentan dificultades para sostener a sus familias.
Informalidad y vulnerabilidad estructural
A este escenario se suma una fractura estructural del mercado laboral. “Más de la mitad de la fuerza de trabajo en México opera en la informalidad, sin acceso a seguridad social, prestaciones ni pensión. Es, en los hechos, un sistema dual donde la legislación protege a una minoría, mientras la mayoría queda fuera de cualquier red de protección”.
La frontera norte de Tamaulipas refleja con claridad esta vulnerabilidad. El cierre reciente de plantas maquiladoras ha generado desempleo y un efecto dominó sobre sectores como comercio y servicios.
“Pero el problema no radica únicamente en los conflictos laborales, sino en la alta dependencia de factores externos: decisiones corporativas, aranceles y ajustes en las cadenas globales de valor”.
Modelo económico y crisis del sindicalismo
Desde esta perspectiva, Quintero Ramírez cuestiona el modelo de atracción de inversiones. Durante décadas, la prioridad ha sido generar empleo sin evaluar su calidad o permanencia.
“No se trata solo de cuántos empleos llegan, sino en qué condiciones y por cuánto tiempo”, señala. El riesgo es evidente: inversiones que se instalan con incentivos públicos y se retiran sin asumir los costos sociales.
En paralelo, el sindicalismo enfrenta un desgaste visible. Las grandes movilizaciones obreras han perdido fuerza y, aunque persisten conflictos, la capacidad de organización se ha debilitado. “Conquistas históricas como la jornada laboral siguen en disputa. Reducir horas no garantiza necesariamente mejores condiciones si no se traduce en descansos efectivos”.
El trasfondo, añade, es un modelo productivo que no ha evolucionado. “México continúa anclado en una economía de ensamblaje, con baja especialización y alta dependencia externa”. La transición hacia industrias de mayor valor agregado sigue pendiente, al igual que el fortalecimiento de sectores alternativos.
Perspectivas y deuda pendiente
De cara a los próximos años, el panorama no es alentador, advierte. La posible relocalización de inversiones, el impacto de políticas comerciales internacionales y la volatilidad económica global configuran un escenario de riesgo. En ese contexto, la pregunta de fondo es inevitable: ¿hacia dónde va el modelo laboral mexicano?
Para Cirila Quintero, la respuesta pasa por replantear la estrategia desde su base: salarios dignos, regulación efectiva de la inversión y una visión de largo plazo que articule desarrollo económico con bienestar social. De lo contrario, advierte, el país seguirá conmemorando el 1 de mayo no como una celebración de derechos, sino como recordatorio de una deuda persistente con sus trabajadores.
JETL",GOOGLE_NEWS_RSS
"Desde Moris Dieck, hasta Chayanne y El 'Buki'; esta es la agenda de eventos y conciertos en MAYO en Tampico - Milenio",2026-05-01 06:15,2026-05-01T06:15:00+00:00,Milenio,,https://www.milenio.com/estilo/conciertos-eventos-tampico-agenda-mayo-2026,https://news.google.com/rss/articles/CBMif0FVX3lxTFBBbmlJUjRzMEREUTVBdXF5aVU2b0JIaE9RQWpMSVVkd3AzNWc1Nko1UDdxMG1TZEtNTUlsVkhNaDh3am4xTnNJWjZDeGZEeVBZY2FCZjFSY0thb3RYYUdlZjduM3lhczdvcWFYaFpmNThjLXZjQ0s2YTdWTjRQNVHSAX9BVV95cUxOcWZ1S3NjbUhRbzh2ZndPbmdqMGV1WllyazJEbGVrbTN5Ni1kRlZlM0tkR1lrZ3oxRjJqcGlLZUdpaTZ3a01ic0lRV004ZUx5eF9tNlBVWDBDWDNua01DRFRPcUlCWnp3cGtlQm1qZm9ibUVHbS1HZ0hBZDFvc2Jr?oc=5,,"Tras una histórica temporada de fiestas y espectáculos que puso los reflectores sobre la zona sur de Tamaulipas durante la Semana Santa, la expectativa por lo que resta del año no hace más que crecer.
Entre la oferta de entretenimiento que se avecina, los nombres de Chayanne y Marco Antonio Solís ""El Buki"" resuenan con fuerza, perfilándose desde ahora como dos de los conciertos más esperados del año; citas obligadas que prometen congregar a miles de fanáticos y generar una derrama económica importante para la región.
Y es que, luego de que el mes de abril estuvo cargado de conciertos que mantuvieron el ritmo a tope, el mes de mayo no se quedará atrás.
La agenda cultural y de entretenimiento para el quinto mes del año demuestra que hay eventos para todos los gustos y edades; desde la nostalgia del pop noventero y el rock alternativo, hasta conferencias de finanzas y espectáculos familiares, consolidando a Tampico como la capital del espectáculo en el estado.
¿Qué conciertos habrá en Tampico este mes de mayo?
Aquí te presentamos la lista de los próximos eventos confirmados que no te puedes perder en la zona:
- 01 de mayo: Los Dutis en Tampico
02 de mayo: Vagón Chicano en Altamira
02 de mayo: Melanie (La Venenito) en El Cantarito
03 de mayo: Super Cachorros, obra en Teatro Metropolitano
- 03 de mayo: Jesucristo Superstar, Teatro Experimental
- 08 de mayo: Moris Dieck en el Hotel Hotsson
- 12 de mayo: Chayanne en el Recinto Ferial.
- 16 de mayo: Tampico Country Fest en Recinto Ferial
- 17 de mayo: 31 Minutos (Tributo) en el Auditorio de Madero
- 21 de mayo: Película Chairel, premier en cine de Tampico
- 22 de mayo: Magneto en Velaria de ExpoTampico
- 22 de mayo: Los Mesmos Show - Auditorio de Tampico
- 23 de mayo: Enjambre en ExpoTampico
- 29 de mayo: Marco Antonio Solís ""El Buki"" en Estadio Tamaulipas
- 30 de mayo: Mario Galaxy (Show en vivo) en Auditorio de Tampico
Con esta agenda, mayo se perfila para ser un mes de grandes experiencias, por lo que te recomendamos asegurar tus accesos con tiempo para no quedarte fuera de estos eventos.",GOOGLE_NEWS_RSS
Jaiba Brava remonta y toma ventaja en la semifinal sobre Cancún FC - Milenio,2026-05-01 05:08,2026-05-01T05:08:00+00:00,Milenio,,https://www.milenio.com/deportes/futbol/resultado-jaiba-brava-vs-cancun-fc-cronica-semifinal,https://news.google.com/rss/articles/CBMilwFBVV95cUxPYk84aXNfaDRHNXVQLTQtQkhvR1NSSzhhaU1hdVM2RVdUOFBOY2RxTnVTaFpMLTZVSjVBZnJyZEd1UDVXN2p2cE9TRHBqT21EVXgxTFREZ3dZenlKczgtcmZDRXRWTnFvN0VyMXk2Z01WUnNfNVdWOU5MQ3k3Y2kwUWNVXzBUbmtqbHRmUFlIR0o0LUtMTDUw0gGXAUFVX3lxTFBtRnBfN0dZLTNfWHBDUXlSVFpZWHZoSm50eklLQjdSMndXd0hXWkg3bXNDbG1CMm5ZV1JGTVZhSWlCaUZBZ0pHNnVnbVZSbWJ2YjZFVnluS3FYQUpmX1o0Rk1SR0FfRFpoU3VTemhwTjhTMnl6LUYxbGhqZndpX1Mwdndxblo1TGlMX0FKNWxjMEh3RG1pSU0?oc=5,,"El temple y experiencia sacó a flote a la Jaiba Brava del Tampico-Madero. Cuando se necesitaba, aparecieron las individualidades y el juego colectivo, remontando al Cancún FC y toma ventaja en la ida de la semifinal del Clausura 2026, al imponerse por 2 goles a 1, la noche de este jueves en el Estadio Tamaulipas y culminar una jornada de festejo por 60 años de inauguración del inmueble.
Jaiba Brava impone experiencia y pega primero en la semifinal
Tercer triunfo del campeón de la Liga de Expansión en esta Liguilla, en esta ocasión con categoría ante la exigencia de un rival que siempre esperó las oportunidades para crear peligro, pero sus mejores jugadores perdieron fondo y, ahí, sacaron renta de la localía.
Respetando el esfuerzo que ha hecho el equipo en los recientes tres partidos entre ellos los cuartos de final, el cuerpo técnico conservó el once estelar de los últimos compromisos, poniendo gente de experiencia como Sergio “La Morsa” Flores y Pablo Saldívar. Esto permitió a Edson Torres jugar más adelantado de su posición habitual.
La agresividad celeste marcó la tónica de los primeros 13 minutos y ahí fue cuando se tuvo la primera oportunidad clara del conjunto local, combinándose Alonso Escoboza con Luis Razo. El “Wiwi” hizo la personal por la banda izquierda y puso un centro donde su compañero quedó solo, pero su cabezazo fue a las manos de Christopher Andrade.
Cancún aprovecha errores y genera peligro
Los quintanarroenses apostaron al error y esa ventana se les abrió en el 21, tras un resbalón de José Alberto López que le permitió a Christopher Trejo enfilarse hacia la meta local. Se le nublaron las ideas a la hora de la verdad, sacó un disparo que parecía peligroso y terminó prácticamente en el tiro de esquina.
“Kampa” Ruiz evita la caída antes del descanso
El mismo atacante tuvo una segunda opción sobre el 40, al ganar por velocidad tanto a López como a Diego García en una pelota en tres cuartos de cancha. Tras hacer un quiebre, sacó un disparo de media distancia que provocó la primera intervención de Gerardo “Kampa” Ruiz, desviando el intento.
Entre pequeñas pinceladas pero mucha rigidez, los porteños propusieron y arrinconaron al rival con su propia cancha. Escoboza y Néstor Corona cambiaron de posiciones por las bandas y al equipo le faltó concretar el penúltimo pase, permitiendo así tirar al arco.
Error defensivo abre el marcador para Cancún FC
Las oportunidades aprovechadas y desaprovechadas siempre se traducen en el marcador. Primero, Antonio Portales terminó un cabezazo en tiro de esquina en las manos de Andrade. Un minuto más tarde, una incorporación del colombiano Francisco Melendre por la banda derecha provocó el error, al confundirse “Kampa” con Toño, dejó el balón a la deriva y para Trejo la tercera fue la vencida, empujando el esférico y abrir la eliminatoria en el 51.
La respuesta vino de inmediato 3 minutos más tarde. Un cambio de balón a segundo poste llegó a Corona, un testarazo muy peligroso coste contrario que rechazó Rodrigo Reyes, pero muy vivo Razo estuvo presente para empujarla y emparejar la pizarra. Marcador justo, cada uno capitalizó los errores contrarios.
Las circunstancias le inclinaron la cancha y el marcador a los jaibomaderenses. Las salidas de Melendre y José Rodríguez le quitaron potencia al ataque cancunense. A partir de ahí, la incorporación de Deivoon Magaña y Michel Rodríguez le cambiaron la fisonomía a la ofensiva.
Edson Torres firma la remontada en el cierre
El canterano de Chivas, curtido en esta clase de encuentros y a la hora de la verdad, aportó ese gramo. En el 81, desbordó por la derecha para quitarse a Bruce El-mesmari, lo desparramó y cuando entró al área vio solo a Edson en la media luna. Sin ser su mejor pierna, el último impactó de derecha y entre un mar de piernas entró al costado de Andrade quien reaccionó tarde al disparo. Se consumó la remontada.
Entre algunos sustos, los últimos intentos de los quintanarroenses poco lograron lubricar para terminar con la paridad. El primer capítulo terminó con esta historia que falta complementarse el domingo en la tarde en la Andrés Quintana Roo, una aduana que pone al monarca las piedras en su intento de llegar a una tercera final consecutiva.
JETL",GOOGLE_NEWS_RSS
¿Boletos listos? CHAYANNE regresa a TAMPICO; lo que debes saber del CONCIERTO en el Recinto Ferial - Milenio,2026-05-01 03:31,2026-05-01T03:31:31+00:00,Milenio,,https://www.milenio.com/espectaculos/musica/chayanne-tampico-2026-fecha-boletos-debes,https://news.google.com/rss/articles/CBMijgFBVV95cUxQNGdpNmxGZXRMQmt1VUxRXzVVazJCZ05BVC1XSzBUUVJoaU83NTk1c0o1QUt5UnJmQXJXNVEtMnNIS1NyZUt3Rl9TM1NvbDl3YktlR3paWmYzT3RIV3Y2WmNqLV9SU0hhbUo4UjNSRVU3Sjd1aVMwdkMtenBja2ZJdWNTMzVoUkl4NzVlMjZR0gGOAUFVX3lxTFBjRWRXOWtFRjR1ektMRlJ0aVZic0dfLUFGdXQxdll6TmlpX2k4SnZyTzAtZXlYVG9XNW1KQ2NGQUNYSEVBTHV4SWNtRXEtN3NadF85NFNZTUoxNXNSLUNGWl9zYWNCTTRCODBZTlczVWJfTUlFVVJLZ2w5UjJtTlVQYVRBdmg0Qm9na21PdkE?oc=5,,"El regreso de Chayanne a Tampico es uno de los eventos musicales más esperados en el sur de Tamaulipas este 2026.
Luego de cambios en su programación, el espectáculo forma parte de su gira internacional y ha generado alta expectativa entre los fans que buscan conocer detalles sobre boletos, sede, accesos y logística del evento.
El cantante puertorriqueño llegará con su tour “Bailemos Otra Vez” y se presentará ante más de 17 mil fanáticos, marcando su retorno a la región tras la suspensión del show anterior debido a condiciones climáticas adversas.
¿Cuándo será el concierto de Chayanne en Tampico?
El concierto se realizará el próximo 12 de mayo de 2026 en el Recinto Ferial de Tampico, espacio que sustituye al Estadio Tamaulipas, donde originalmente se llevaría a cabo la presentación suspendida el año pasado.
¿A qué hora inicia el concierto?
El evento está programado para iniciar a las 21:30 horas, por lo que se recomienda a los asistentes llegar con anticipación para evitar contratiempos por tráfico o filas de acceso.
¿Dónde está el Recinto Ferial de Tampico y cómo llegar?
El Recinto Ferial se ubica dentro del área de la Laguna del Carpintero, sobre el bulevar Adolfo López Mateos, en la colonia Obrera de Tampico. (A un costado del centro de convenciones, ExpoTampico y el Teatro Metropolitano)
Para llegar, existen diversas opciones:
- Transporte público con rutas hacia el centro de Tampico
- Taxi o plataformas como Uber o DiDi
- Vehículo particular, con acceso a estacionamientos cercanos
Desde la central camionera, el trayecto es de aproximadamente cinco minutos en automovil. Para quienes viajan por carretera, el recinto es visible al descender del Puente Tampico. Y para quienes llegarán al Aeropuerto de Tampico, el recinto se encuentra sobre el mismo bulevar López Mateos en dirección al sur hasta la Laguna del Carpintero.
¿Aun hay boletos disponibles? ¿Se tienen que imprimir los accesos para el Concierto de Chayanne en Tampico?
La empresa organizadora informó que varias zonas ya se encuentran agotadas; sin embargo, aún hay localidades disponibles en puntos de venta oficiales y en línea.
Un punto importante es que no habrá acceso con boletos digitales. Todos los asistentes deberán contar con boletos impresos, ya que incluyen medidas de seguridad para evitar falsificaciones.
En caso de no haber impreso el acceso, los usuarios pueden acudir a taquilla o puntos autorizados hasta dos horas antes del concierto para realizar el proceso.
¿Cómo cambiar boletos de la fecha anterior?
Para quienes compraron entradas para la fecha cancelada, el canje se realiza en el centro comercial Tres Arcos, en el local Klass Sport, bajo los siguientes horarios:
- Lunes a viernes: 11:00 a 17:00 horas
- Sábado: 10:00 a 14:00 horas
Las fechas disponibles para el canje son del 27 de abril al 2 de mayo de 2026, sin posibilidad de prórroga posterior.
Para completar el proceso, se debe presentar:
- Boleto original (compras físicas)
- Identificación oficial, número de orden y correo electrónico (compras en línea)
Cabe señalar que boletos de cortesía no son válidos para este trámite.
Así será el acomodo por zonas; Recinto Ferial de Tampico se transforma para recibir a Chayanne
De acuerdo con la agencia que organiza el concierto en Tampico, All In Promotions, el nuevo acomodo de asientos estará asignado conforme al boleto que cada persona compró anteriormente, por lo que los asistentes no perderán su localidad, sino que serán reubicados en zonas equivalentes dentro del Recinto Ferial.
El layout contempla áreas diferenciadas por tipo de acceso, considerando cercanía al escenario, visibilidad y capacidad del lugar. La empresa promotora detalló que este ajuste permite aprovechar mejor el espacio del recinto, manteniendo el orden y la distribución adecuada para un evento de gran formato como el de Chayanne este 12 de mayo de 2026.
????✨ El Recinto Ferial se transforma para recibir a Chayanne; Así será el un nuevo acomodo de asientos#Chayanne #Tampico https://t.co/o54P7eqYG3 pic.twitter.com/vkwYccWf5G
— Milenio Tamaulipas (@MilenioTam) December 19, 2025
Mapa del concierto: Ubica tu zona en el concierto de Chayanne
El mapa oficial distribuido por Showbiz Ticket México muestra una distribución clara dividida por colores y secciones para facilitar el flujo el día del evento.
Mientras que el área de Campo de Pie (en color rosa vibrante) se ubica al centro para una experiencia inmersiva, los laterales se dividen entre las secciones de Plateas, Zona Sombra y Zona Sol, flanqueando el núcleo del espectáculo.
Finalmente, las secciones de Cabecera Sur en la parte posterior completan el aforo, garantizando que todos los ángulos del Recinto Ferial ofrezcan una vista óptima hacia el escenario.
Esta es la lista de objetos prohibidos para ingresar al concierto
Para que tu única preocupación sea cantar a todo pulmón y disfrutar de una noche inolvidable, es fundamental que conozcas las normativas de seguridad del recinto.
Con el fin de garantizar el bienestar de todos los asistentes y agilizar el acceso, se han establecido ciertas restricciones sobre los artículos permitidos. A continuación, te detallamos la lista de objetos que deberás dejar en casa para evitar contratiempos en la entrada y vivir la fiesta al máximo.
- Líquidos de cualquier tipo
- Armas
- Botellas, objetos de cristal
- Cigarros de cualquier tipo
- Mascotas
- Fuegos artificiales
- Dispositivos laser
- Proyectiles
- Drogas
- Computadoras
- Paraguas
- Mochilas
- Cargadores
- Alimentos
- Cámaras profesionales y drones
Recomendaciones para asistir al concierto de Chayanne en Tampico
Ante la alta afluencia esperada, organizadores sugieren:
- Llegar con tiempo suficiente
- Revisar previamente la zona asignada en el boleto
- Utilizar transporte alternativo para evitar congestionamientos
- Considerar el costo de estacionamiento
Al final del día, el regreso de Chayanne es mucho más que un setlist de éxitos; es la prueba de fuego para que el Recinto Ferial se levante como el nuevo gran escenario del sur de Tamaulipas. Tras años de sequía en eventos de esta magnitud, ver a Luis Miguel ""El Sol"" y ahora al ""Papá de México"" en la zona, marca un antes y un después para la cartelera local.
Para Tampico, la noche de este mayo de 2026 no solo será de baile y nostalgia, sino la confirmación de que la ciudad está lista para volver a las ligas mayores del espectáculo.",GOOGLE_NEWS_RSS
"Afición de la Jaiba Brava arma “carnita asada” por los 60 años del Estadio Tamaulipas, previo a semifinal - Milenio",2026-05-01 02:05,2026-05-01T02:05:00+00:00,Milenio,,https://www.milenio.com/deportes/extra-cancha/aficion-jaiba-brava-arma-carne-asada-aniversario-tamaulipas,https://news.google.com/rss/articles/CBMiqAFBVV95cUxPSXE5NGFGNW5QMVBJYzF4N0lJX1FrRmFYNDVySTJwY3lPczlxNHEyeUUwYWdxZVRZUUFUN0IxTlV0OUQwZV9ZZGlwTkZWVHlNNEpmaGVDcVFkZzFnQUtLTjZON1p5d3NzUEJydXZBQjRxVndNSHpLREFzSWx1RmlteWZYQ3psRHctS2FPWER0VnpWeDR3bG5XeVZZODFZeDFEcVNDTmV3U03SAagBQVVfeXFMTjdYeV9FVDM5T0NPZ05ydnZFdEFaTHZlT2hMRmZGRWVmREdZa3R5bGxSNlUzcExFMkJXOGpNX2dWYWdza3RnZFRZTFdfWG1sODRVeEVhU2lfWDNxTFlyNnNlUjJGSGJHTmdkY1dSMUoxT3JmRGp0UXVSZllHbmx6YlhseWN0a3pWdU5sX0RaOGZYTkJubFJnRkQ0Tk9LbTJkSW9wQi1GcWUx?oc=5,,"En un ambiente de fiesta y pasión futbolera, aficionados de la Jaiba Brava organizaron una carnita asada para celebrar los 60 años del Estadio Tamaulipas, en la antesala del partido de semifinal frente a Cancún FC.
La reunión, que tuvo lugar en los alrededores del estadio, reunió a familias completas, grupos de amigos y seguidores del Tampico-Madero que comenzaron a vivir desde temprano la emoción de un encuentro decisivo.
Fiesta previa con sabor a liguilla
Con camisetas celestes y tambores, los aficionados transformaron el festejo en una auténtica previa de liguilla, donde se celebró el aniversario del estadio junto al buen momento que vive el equipo.
El ambiente reflejó la ilusión de la afición celeste, que confía en que su equipo pueda avanzar a la final y seguir escribiendo historia en el futbol mexicano.
????????Y se armó la carnita asada previo a la semifinal de la Liga de Expansión MX entre la Jaiba Brava y el Cancún FC
— Milenio Tamaulipas (@MilenioTam) May 1, 2026
????Aficionados se reunieron en los alrededores del Estadio Tamaulipas para celebrar sus 60 años como mejor saben, con carnita asada y pura pasión futbolera.… pic.twitter.com/s19kkhlq4n
Una ilusión encendida rumbo a la semifinal
El partido ante Cancún FC llega con alta expectativa luego de que la Jaiba Brava ha mostrado un desempeño sólido en la fase final, lo que ha reavivado la esperanza entre sus seguidores.
La convivencia previa también funcionó como punto de unión para la afición, que busca hacer pesar la localía en un escenario emblemático como el Estadio Tamaulipas, justo en una fecha significativa por su 60 aniversario.
Con el humo de asadores y los gritos de aliento, el mensaje de que la Jaiba no está sola ha quedado claro y su gente ya juega su propio partido desde las afueras del estadio.
JETL",GOOGLE_NEWS_RSS
Bloqueo en autopista Tuxpan Tampico por protesta de pescadores - Milenio,2026-04-30 23:03,2026-04-30T23:03:39+00:00,Milenio,,https://www.milenio.com/videos/comunidad/pescadores-veracruz-bloquean-autopista-tuxpan-tampico-falta-apoyos,https://news.google.com/rss/articles/CBMiqwFBVV95cUxPc0pkdTJUZWZFdUZUdVVrOHZ0UVZ0TGg4cmhMV2I0YnlYVjlFSmdyUW5uWHVRQ09JVWlBbFBmMk9mYkduSkdGNlBmT0xwUWtRZTlOcWdXWkZYUlo1YU05c0NrbHRidk53SUpPVlVVaFJxNzNqbm9aVE5vZW0waWZUUFdmcnRMeXJhMWJzTVBYUUVlZUg0Z3RkcDJLd0puRzd1SmxZWGlQeGNMT2vSAasBQVVfeXFMTm45LUZGUVYtNFR1dUFNLWJtdm8xeXNoU1hMdThLN2pNcVlkRkt1Ml9tUGpEaTZjdTRtOXhrY21LZFFmaVQ0cE5SVE93MTROVUtyMmRMMHQ5c21naF9jcHkxSnA2emYtd3pJRnU2a2xnT2N6ZlFoWlhiVmI4NzVXY2Vqc2E0SHhZbDFlYzM4YTV1YzE4SDI1NXhPZS03UHo0Yk1BQ1VDZ0cwZzdF?oc=5,,"-
Pescadores de Veracruz bloquean la autopista Tuxpan-Tampico por falta de apoyos
-
La autopista Tuxpan-Tampico fue escenario de un bloqueo de 14 horas por pescadores que denuncian el abandono oficial tras el derrame en la sonda de Campeche que afectó Veracruz.
- México /",GOOGLE_NEWS_RSS
"Rebeca, niña que cambia el celular por trompo - Milenio",2026-04-30 22:23,2026-04-30T22:23:00+00:00,Milenio,,https://www.milenio.com/estados/nina-cambia-celular-jugar-trompo-tampico,https://news.google.com/rss/articles/CBMifEFVX3lxTFBDLXRtNXdmTnRxZ21HR21VMU5kdi0ybk5NVldYbWp3Vk13N25Ca0FYSVBGcW0zQTFLa2s4ZkpHbEk4TnNWVmxZQTFxcF9KdGdDS1UwYlNIVkQ2YXpyUnNVT1EtMzh5aU94cWhqS1M4a3hYTElXZG5EUFpiVnDSAXxBVV95cUxOZi13RHdRUUpLTEJpaUdPdXp5cjlNTlYwd1h2cDNaR0FRVnFmNTkyVXo0RDhMTHpTZkdnaG1SSHJucEg1NmRkNExKZHNDcVpFT3NpUllfTmcyV3hIQ3BLZ3l4SUdUMFpyZDRvVl9CV21raGZHdHVxblhnTzlw?oc=5,,"Con una gorra de color rosa, a medida plaza de Armas, Rebeca de 8 años llama la atención de los peatones. “Mira lo que hizo”, dice una niña que va agarrada de la mano de su mamá cuando la ve hacer “el Boomerang”, una suerte popular en los niños de los noventas.
Su padre celebra con orgullo sus trucos
Su papá, Roland Rivera, la observa orgulloso y la graba con su celular. La menor hasta se motiva más, baila el trompo fosforescente sobre el suelo y con la cuerda hace el “cohete”, el trompo cae en su mano y sigue bailando. Le salió perfecto la suerte a la niña.
Su padre cuenta que es una forma en la que la menor que estudia el tercer grado de primaria, se mantiene lejos de los videojuegos y del celular, algo que es muy común entre los estudiantes de esa edad, pero que algunos padres utilizan como si fuera una niñera virtual.
Rebeca tiene ya 8 años, aprendió a bailar el trompo a los 7 y cada vez más perfecciona sus habilidades, tal como lo hacían los niños de los noventas y los ochentas cada temporada de verano, que se veían en las plazas, en las calles y en zonas donde se reunían a jugar.",GOOGLE_NEWS_RSS
Estudiantes hidalguenses llevan proyectos a torneos internacionales - Milenio,2026-04-30 21:42,2026-04-30T21:42:41+00:00,Milenio,,https://www.milenio.com/comunidad/estudiantes-hidalguenses-llevan-proyectos-torneos-internacionales,https://news.google.com/rss/articles/CBMioAFBVV95cUxOWkttVkxtNmY0cG9INGVySjl0Qi05TzVFODF2c3JkYlFRUUI4TTRxaUtqVWUzRy1rVU5UcVRucVhsMXlaTEVQSlVyV3VsTWpiNXVfSXU5U2t6Z1pWV0MyVGN5VU9KNUNEYnBXdE1sRTVtbTJtUlZCYXU5MGZ1VDk1NEdKVW9rMm82X3ZaRms5blZlYWhoM2I0X2ZFbmhhR1hR0gGgAUFVX3lxTE5wOG9UNmZJYU5kQjhtTGUxSWJ3X2hUYVh5cGJ1SHVDaS1SdUVOQ1E0b0FOV1R6eU1ITEM4b1pUTUM5SXlhamxraW50ZWphc3p5SjZ0ZXJRaTVnZUViNWFzTUJfWk1SRnRTeUJmbHYwOUNjVTVLbVRaMTJMVkNvTXBOS1lYSVBuaWNoaTVhWHhkSk1qdXdENlAxZmRTZEh6czI?oc=5,,"Un grupo de estudiantes de Hidalgo que obtuvo resultados destacados en la Expociencias Nacional 2025 recibió reconocimientos en el Congreso local. Se trata de niñas, niños y jóvenes que participaron en el encuentro realizado en diciembre en Tampico y que este año acudirán a competencias internacionales en países como Tailandia, Reino Unido, Sudáfrica, Colombia y Costa Rica.
Durante la ceremonia se subrayó que estos proyectos surgieron en aulas, laboratorios y entornos comunitarios, con procesos de prueba, error y ajustes constantes. Las iniciativas presentadas formaron parte de una muestra nacional de más de 300 propuestas, donde trabajos como “Espiral Dorada de Pitágoras” y “Escudo del Cuarzo” lograron posicionarse.
Desde el ámbito legislativo se planteó que el reto es evitar que ideas con potencial se queden sin apoyo. En ese sentido, se señaló la necesidad de generar condiciones para que estudiantes con propuestas científicas puedan desarrollarlas y competir en escenarios internacionales.
En el acto también se destacó el papel de las familias y docentes en el proceso formativo, al asumir costos, acompañamiento y orientación en el desarrollo de los proyectos. La participación en estos concursos se vinculó con una tendencia de mayor involucramiento de jóvenes en áreas científicas y tecnológicas.
Por su parte, representantes de programas de formación científica en el estado señalaron que la ciencia se ha convertido en una herramienta para resolver problemas y proyectar talento local en escenarios globales, más allá de su enseñanza como asignatura escolar.
En voz de los estudiantes, se planteó que los proyectos presentados reflejan interés por investigar, proponer soluciones y mejorar el entorno inmediato, con una perspectiva de impacto colectivo.
En esta edición fueron reconocidos Alejandra Espino Godínez, María José Álvarez Pérez, Grizel Valeria Pérez Alonso, Sebastián Cantera González, Bárbara Loany Labra Serrano, Kaylin Tovar Abad, Juan Antonio Aguilar Cruz, Xocoyotzin Ángeles Mejía, Evelin Yamileth Tapia Osorio, Itzel Erandi Basurto García y Arlette Domínguez Pérez.
En paralelo, durante abril se informó sobre el trabajo de la directiva del Congreso encabezada por la diputada Paloma Barragán, quien asumió la presidencia con el objetivo de mantener el ritmo legislativo. En ese periodo se planteó la necesidad de sostener acuerdos entre distintas posturas y garantizar la continuidad de la agenda parlamentaria.
La legisladora destacó que el funcionamiento del Congreso depende del trabajo coordinado entre diputaciones, personal técnico y áreas administrativas, en un esquema donde las decisiones se construyen a partir del diálogo y la negociación.",GOOGLE_NEWS_RSS
Padre se disfraza de rana junto a su hija por Día del Niño; fue a dejarla a la escuela - Milenio,2026-04-30 20:47,2026-04-30T20:47:00+00:00,Milenio,,https://www.milenio.com/virales/familia-ranitas-tampico-padre-hija-disfrazan,https://news.google.com/rss/articles/CBMiggFBVV95cUxNYlA3cmNvWU1BSFBNMWVnQjg3dW50V3FMYmh1amlESVotYjI2ZGh6V2g4TDh5YWlOc1EyZ1kyOTc4cmhFTzFjWTE3OVVfMWllS1lzMmVoeko4V0VoSjhlaGc5bTU4VjQ2blkyVG5MZkZnQ0k3a1ljb0xGZDc1Tkk3LUlB0gGCAUFVX3lxTFBuQXAwYTV5aWlBVTB3ZW9ycENYbnYweVY4VWZ1Z2ZlcDk4NFhTelhtOE1Mc2pQcVh1b2U5MHBuQnlVd2lDUUxxSmg3VzRXZkVKZHl2MEZVZVpLMTFnTUhZZjZWeHhXeXZmTW1mdy1BU2x6dUNDdmRudU9GcERaUXRwN2c?oc=5,,"Un momento de ternura vivieron los vecinos de la escuela primaria Eliseo Zamudio López en Tampico al ver a esta familia de ranitas llegando listas para el festival del Día del Niño. El hecho causo tanta ternura que usuarios tomaron fotografías que en unos minutos se hicieron virales en redes.
Padre se disfraza de rana en Tampico
Durante el marco del Día del Niño, es de esperarse que el festejo se realice no solo en casa, sino en negocios, escuelas, plazas y lugares clave de las ciudades. Ante este hecho, el padre de familia decidió darle un día único a su pequeña.
Vecinos de la primaria Eliseo Zamudio López en Tampico, Tamaulipas pudieron apreciar el momento en que el padre de familia llegó junto a su hija disfrazados de ranitas verdes para el festival escolar. Unas imágenes que sin duda causan ternura y para muchas personas, no son anticonceptivas.
La fotografías tomaron el poder en redes sociales causando sensación en los usuarios compartiéndolas y felicitando al padre por el acto pequeño pero significativo para su hija. Pues según ciudadanos, este es un recuerdo que la pequeña atesorará por mucho tiempo; asimismo pusieron de ejemplo al padre por hacer que su hija tenga días especiales mencionando que los padres no solo deben proveer sino estar presentes.
Negocios en busca de la familia de ranitas en Tampico
Este acto de amor causó ternura incluso para negocios de la zona sur de Tamaulipas, pues en publicaciones de Facebook señalan que una tienda de comida rápida los está buscando para regalarles un combo de pollo por el Día del Niño.
El origen de la ranita verde
Aunque rana verde con lunares y paliacate no es un personaje especifico de alguna caricatura, película o serie se hizo viral en redes sociales, especialmente en TikTok y Facebook.
Su origen se debe a un disfraz casero o una botarga utilizada en fiestas infantiles; alguien la grabó y el contenido comenzó a circular hasta volverse popular.
Se hizo viral por su diseño llamativo y gracioso: el color verde típico de una rana, combinado con lunares y un paliacate en diferentes colores. Esa mezcla la volvió perfecta para memes, videos y stickers.
Los videos con estas botargas iniciaron en Corea donde chicos y chicas disfrazados salían a realizar trends de bailes para Tiktok, de ahí su popularidad despegó aún más.",GOOGLE_NEWS_RSS
Pescadores advierten con nuevo bloqueo; esta vez tomarán casetas de cobro al norte de Veracruz - Milenio,2026-04-30 20:15,2026-04-30T20:15:00+00:00,Milenio,,https://www.milenio.com/estados/bloqueran-casetas-cobro-norte-veracruz-advierten-pescadores,https://news.google.com/rss/articles/CBMilgFBVV95cUxOWnU3c3dIQk0yMl91R1VVeFNDcHo0dFVtcG14NDF1Vmx4ZU1uS0JscHRGX0psRVBqNkdOVkdqMXlWMTI1cHpPUE8yVjJTWUJOUmgzcGdSQjNJOEZLRGxZZ0RHVmhkaFFfcE5CcFVKQWlHOUtabFFLN3RIWkdvUWVpeFh3OFlkTVpBTEtqdmRuZmhLUnJmcUHSAZYBQVVfeXFMTWxPR3NPYm9IVFc3ckpIZUZuTGJIbWN2TWxKRENLUTJ0LUFLQTk1ME5HRzA0NnUxMVZib0o3bTZJS3JFN2k2alE0dTUzd0RFUmxndXFBOFJqbDhpb1F6SmZpeVJWcGw1M29yY0c1ckZhSXZPQVhuNzA3cEp1NVQ1QVladnNFc1BDT3FaZjd4ZGRScGdLOThB?oc=5,,"Pescadores del norte de Veracruz advierten que podrían intensificar sus protestas con el bloqueo de casetas de cobro, ante la falta de respuesta a sus demandas por parte de las autoridades.
¿Dónde bloquearán?
El posible cierre abarcaría desde el puente de Tampico hasta el municipio de Tuxpan, Veracruz, lo que representaría una afectación importante para la circulación en esta vía federal.
Ángel Pérez, pescador con 35 años de experiencia, señaló que hasta ahora no se ha logrado ningún acuerdo, pese a las afectaciones económicas que enfrenta el sector tras el derrame de hidrocarburo registrado en el Golfo de México. Indicó que la principal exigencia es la entrega de apoyos económicos para hacer frente a las pérdidas.
¿Bloquearon hoy la carretera Tampico-Tuxpan?
Durante este jueves, la circulación en la carretera Tampico–Tuxpan se mantiene libre, sin bloqueos, a pesar de la inconformidad manifestada el día de ayer . Los pescadores indicaron que esperarán en las próximas horas avances en las negociaciones de lo contrario, procederán con el cierre de casetas como medida de presión.
ICGC",GOOGLE_NEWS_RSS
Pescadores cierran la Tampico-Tuxpan; exigen indemnización - Milenio,2026-04-30 19:11,2026-04-30T19:11:00+00:00,Milenio,,https://www.milenio.com/estados/bloquean-carretera-tampico-tuxpan-derrame-golfo-mexico,https://news.google.com/rss/articles/CBMijwFBVV95cUxPU0FzaXVicFJRQUZFd2NManZJWkNabnJWN2xkWWJRYko3ak01ZFhobFY3a09wMEtJeEFtczh6OGNuamZJak1BQnppbmhmZzRPd0hYY2c2VWRKeHZSSlVBaWZwUmR3XzRTSjhUbUdXemhpUnNHcDhDUWV2NTZrLWw0QlpuVldwamJ2Z2QzUjdpa9IBjwFBVV95cUxQLXhTRjdZYUdtaDl1VVFsYlN5VGtNdjhLQlRRazBPQjFPMzVTRWp2LW5YQ3Bsb0JvYmc3MThxVXpNMXN5OGFteXFuQ0x1OUp6cHZxS2hTVS04cWJkMDFhQlhPRFlWMFB0UWdxS2RlNXJ1NXVraWNaR3A4dEtnTGk1bXdsLXhOTmszT1NPSEdoTQ?oc=5,,"Cientos de pescadores de Pueblo Viejo y otras zonas norveracruzanas, bloquearon este miércoles la mañana la carretera Tampico-Tuxpan a la altura de la plaza de los cañones para denunciar que, a un mes que se registró el derrame de hidrocarburo en el Golfo de México que afectó a la laguna de Tamiahua, no han recibido ningún apoyo más de 2 mil perjudicados.
Desde las 8 de la mañana bloquearon para demandar ayuda, al señalar que la producción pesquera ha disminuido en más de un 60 por ciento.
Piden intervención directa de la gobernadora Rocío Nahle
Ante esta situación que generó largas filas de vehículos, tráileres e incluso discusiones con motociclistas que querían pasar hacia Tampico, sin importar la intensidad del calor, el hambre o donde permanecerían por horas, demandaban a la gobernadora Rocío Nahle su apoyo, ya que señalaban que no fueron “gotitas”, sino plastas de crudo las que acabaron con el recurso pesquero.
Colocaron sillas y lonas en sus camionetas y sacaron sus coches dispuestos a esperar, exigir y hacer lo que fuera necesario para recibir una respuesta, pero sobre todo ayuda, ya que señalaron los apoyos económicos de 15 mil pesos solo llegaron para más de 800 pescadores en el sur del estado, pero no a la zona norte, una región que siempre ha sido olvidada, tal como lo recalcó Graciela, con el rostro cubierto con una playera y lentes por temor a represalias.
“Queremos una respuesta, pero bien, no solo promesas, estamos hartos de que siempre nos excluyan, nos olviden y no nos apoyen, se le olvida al gobierno que todo esto es costa, que todo está afectado por el crudo y que cientos de familias la estamos pasando muy mal, por eso queremos a un secretario de estado que tenga el nivel para comprometerse y resolver, o de ser posible a la gobernadora, alguien que solucione nuestras demandas no más promesas, queremos soluciones”.
Bloqueos simultáneos en la región norte de Veracruz
Después de más de tres horas de bloqueo, se acercó al sitio Javier González Mujica, quien se presentó ante los inconformes como delegado de política regional de la Secretaría de Gobierno de Veracruz, quien les confirmó a los pescadores que habría una reunión con autoridades del gobierno estatal, Petróleos Mexicanos, la Secretaría de Agricultura y Desarrollo Rural, entre otras instancias en Veracruz, pero que liberaran la arteria, lo cual rechazaron, señalando que las autoridades tenían que hacer presencia y dialogar ante todos.
Más tarde se acordó una reunión entre todas las partes en Tuxpan para establecer compromisos, o de lo contrario no se liberarían los ejes carreteros bloqueados en Pueblo Viejo, Naranjos, Tuxpan y Poza Rica, ya que fue una acción multitudinaria y simultánea.
Las pérdidas y daños colaterales tras bloqueo
Los transportistas aseguran que un día perdido de trabajo debido a un bloqueo les puede costar $1 millón, tomando en cuenta que se afecta a aproximadamente 300 unidades que prestan su servicio desde la frontera hasta el sureste.
Arturo Puente, delegado nacional en Tamaulipas de la Conatram, indicó que es complicado poder saber las afectaciones exactas luego de un bloqueo, pero se estima que son un centenar de unidades las que transitan por esa ruta en un día.
12 horas de bloqueo
Fue alrededor de las 10 de la noche cuando se retiró el bloqueo en su totalidad, aunque no se confirmó algún acuerdo; en total fueron 12 horas de bloqueo.
“Esta ruta comunica a todo el sureste y parte del Centro de la República Mexicana. En cálculos superficiales hablamos de 200 o 300 unidades, porque recordemos que es una confederación nacional”, expuso el empresario integrante de la Conatram.
Son unidades que transportan materiales ya terminados hasta el sureste mexicano, los cuales no pueden pasar debido al bloqueo que se desarrolla después del Puente Tampico, en el lado veracruzano.
“De la frontera van productos terminados normalmente, porque recordemos que la industria está en el norte, perfiles, aceros, todo lo que es la industria para fabricar, lo que necesita la industria para transformar”, recalcó el representante de dicha cámara.
Indicó que como mínimo para el sector del transporte de carga se habla de una pérdida de $1 millón aproximadamente, lo que ya es mucho dinero para el sector.
Aunado a las afectaciones que puede representar para los trabajadores del volante que se tienen que esperar a temperaturas extremas, ya que la sensación térmica alcanza hasta los 40 grados centígrados.
SJHN,AA",GOOGLE_NEWS_RSS
La propuesta turística de Grupo Xcaret - Milenio,2026-04-30 18:19,2026-04-30T18:19:12+00:00,Milenio,,https://www.milenio.com/negocios/financial-times/grupo-xcaret-innovacion-cultura-propuesta-turistica-mexico,https://news.google.com/rss/articles/CBMiqwFBVV95cUxOV2lxckktamRZbW8wNVJ4M3JhM2hBRmhMREZzZVpFWk1qQ29oVUE4VWlta0JRN200NlY1SVZJR191eWl5UHRFcXFGckFfYWp3d1hueHpEck4ySEp0RVhiZHVjMGlrMVhjQkttSENrblZEeFc2ZnhiYkZkMHU1Q01scVFhdEI4MFFxYUJVSEF0RkVWZzc0S3VkVFBfVmR6R19sMDlSblJ2Y21NVk3SAasBQVVfeXFMTzlXRnVkR3o3MTBZc3V1MzBuQzVncmVsMC1ya3VrQTdScDE4RmpiX0JlU0pBNXZuWFRtWExkT1dTNlprU2I5SHBmVjl3Z0NrM2lGOWljcC1jUFZjdHBJUGQybnZSTW9tWU0wOXpzSzdQakhmSlhURGVUM0lYbDJ6ekxPTUZGcGRFcUR6S21ud3VPdWdJSGotSzJGNDhQbjlPWDZsR2xOd1ZXWUhR?oc=5,,"En el marco del Tianguis Turístico, Lizeth Álvarez Gorosave, directora ejecutiva Comercial de Grupo Xcaret, destacó el papel estratégico de este encuentro como la principal vitrina de promoción turística del país hacia mercados nacionales e internacionales.
La directiva subrayó que el evento permite mostrar la diversidad de la oferta mexicana —desde experiencias hoteleras hasta gastronómicas y de entretenimiento—, además de fortalecer la colaboración entre actores clave de la industria como aerolíneas, hoteles y parques.
Frente a los retos mundiales y de seguridad, Álvarez afirmó que México mantiene su competitividad gracias a la riqueza de su oferta cultural, natural y gastronómica, así como al trabajo coordinado entre empresas y autoridades para garantizar la experiencia del visitante.
En cuanto al crecimiento del grupo, señaló que, a 35 años de su fundación, Grupo Xcaret ha fortalecido su presencia con hoteles, parques y tours que en conjunto recibieron cerca de cinco millones de visitantes en 2025.
La ejecutiva destacó que la cultura es el eje central de su propuesta turística, al integrar tradiciones, gastronomía y naturaleza en experiencias que buscan convertir a los visitantes en embajadores de México.
¿Por qué es tan importante el Tianguis Turístico?
Estamos muy contentos de haber participado en el Tianguis Turístico. Este evento es la ventana más importante de promoción turística de México hacia los principales mercados, tanto nacionales como internacionales.
Para nosotros representa una vitrina donde podemos mostrar lo mejor del país: nuestras experiencias hoteleras, gastronómicas y de entretenimiento.
Además, es un espacio donde coincidimos con otros actores clave de la industria —hoteles, aerolíneas, cruceros, parques— y en conjunto proyectamos la riqueza turística de México.
ella dice...“Estamos comprometidos en mostrar
Lo mejor de nuestro país al mundo”.
¿Qué buscan lograr en esta edición?
Queremos seguir posicionando a México como una potencia turística mundial. Tenemos un país extraordinario, con una oferta diversa y única.
El Caribe mexicano, por ejemplo, es un gran punto de entrada, con alta conectividad internacional.
Desde Grupo Xcaret, queremos que se nos vea como un destino en sí mismo: ofrecemos hoteles, parques, gastronomía y experiencias integrales bajo un concepto que incluye todo.
Pero también mantenemos nuestro compromiso con el sector: nuestros parques están abiertos a todos los visitantes, independientemente de dónde se hospeden.
El mensaje es claro: México tiene una oferta de altísima calidad, segura y diversa, y estamos comprometidos en mostrar lo mejor de nuestro país al mundo.
¿Cómo se mantiene competitivo México ante los retos de seguridad y el contexto global?
México es un país vasto y diverso, con una oferta única. Cada empresa, incluyendo la nuestra, tiene el compromiso de diferenciarse en servicio, calidad e infraestructura, pero también en garantizar la seguridad del visitante.
Aunque existen retos, muchos de ellos focalizados, la industria trabaja de forma coordinada con autoridades para fortalecer la experiencia del turista. También hay un esfuerzo constante por comunicar lo positivo de México.
Al final, lo que ofrecemos —cultura, naturaleza, gastronomía y hospitalidad— es tan sólido que sigue posicionándonos como un destino altamente competitivo a nivel mundial.
¿Qué impacto ha tenido su expansión reciente en el crecimiento del grupo?
Este año cumplimos 35 años como grupo. Actualmente contamos con tres hoteles que suman 2 mil 773 habitaciones, siete parques y tres tours, además de experiencias marítimas. En 2025, atendimos aproximadamente a cinco millones de visitantes, gracias al trabajo de más de 18 mil colaboradores.
La reciente expansión de Hotel Xcaret México, que prácticamente duplicó su capacidad, nos permitió crecer alrededor de 20 por ciento en ingresos. Esto responde a nuestra apuesta por la calidad, la innovación y experiencias multigeneracionales.
XXXXXXXXXXXX
¿Qué tan relevante ha sido la cultura en su crecimiento y en la oferta turística del país?
Es fundamental. La esencia del turismo es compartir lo que somos como país.
Desde su origen, Grupo Xcaret tiene como propósito transmitir el amor por México. Buscamos que cada visitante se convierta en un embajador del país, viviendo experiencias que integren cultura, gastronomía, naturaleza y tradiciones.
La difusión cultural no solo es importante para nosotros, sino para toda la industria turística. Es lo que inspira a los viajeros a descubrir nuevos destinos.
Han desarrollado un colectivo con chefs reconocidos como Karime López. ¿Cómo ha evolucionado esta apuesta?
La gastronomía se ha convertido en uno de nuestros pilares estratégicos. Hoy contamos con un colectivo de 23 chefs, en su mayoría mexicanos, que enriquecen nuestra oferta culinaria.
Buscamos demostrar que el concepto “todo incluido” puede ser de alta calidad, ofreciendo experiencias gastronómicas sofisticadas y representativas de distintas regiones del país.
Actualmente, nuestros chefs suman alrededor de 35 estrellas Michelin. Además, hemos obtenido nuestros propios reconocimientos de la guía gastronómica para los restaurantes de los hoteles.
También organizamos eventos como “Apapacho”, nuestra feria gastro-cultural, donde reunimos a chefs nacionales e internacionales para celebrar la cocina mexicana.
MGS",GOOGLE_NEWS_RSS
Denuncian construcción irregular en Villas del Sol de Altamira por invasión de área común - Milenio,2026-04-30 16:36,2026-04-30T16:36:00+00:00,Milenio,,https://www.milenio.com/comunidad/altamira-denuncian-construccion-irregular-villas-sol,https://news.google.com/rss/articles/CBMijwFBVV95cUxQNE9jTTUtdUpLb3BLalFjaXpEeHB5Y3pOaXd4UENDZ1VxRm1pOTNWOTIxWmpCSE54V0wyWC1qbzlUd0IxNXpRXzV3NXJYN0YzbzdlbEN2cHRIWDUtdmx6b1hUV3VPYm1BTnhYZVlmOHFldnNkeEF4SnVUV0ppU1ZsakJxSndrQVBPQVVFYmc1SdIBjwFBVV95cUxNbW1nbmFCenNsNURSVzAtcDdEcWUzNnA1QW5GS3BnVTBLc1dsbVY4aGdzR216TE01M05lejZFandmNTI4aEYwN005UGRQc1BNTzFFMnRQVmVEc19UMjRSTDM4N0lhdHN3dVkwcWhPaXAyZFBBd194MHQ3YWxLX3dPWUpCTUdSNGl5bXBHNWVRVQ?oc=5,,"Vecinos se apropiaron de un área verde en el fraccionamiento Villas del Sol, en el municipio de Altamira. Además de construir un cuarto donde habilitaron una tienda, ahora buscan levantar un segundo piso para extender su vivienda, lo que ha derivado en denuncias ante autoridades sin que, hasta el momento, se haya frenado la obra.
Una pareja de adultos mayores del fraccionamiento Villas del Sol denunció una presunta construcción irregular en su edificio, situación que, aseguran, podría dejarlos sin luz natural ni ventilación en su vivienda.
José Sáenz Osorio, quien adquirió su departamento en 2009, señaló que el inmueble ubicado sobre la calle Villa Guadalupe número 501 cuenta con un sobrante registrado en las escrituras como área común. Sin embargo, la vecina del nivel inferior ocupó ese espacio para construir una tienda y ahora busca ampliar la edificación.
Obra afectaría iluminación y mantenimiento
El afectado explicó que esta situación impacta directamente en su vivienda, ya que gran parte de la entrada de luz y aire en su sala proviene de una ventana lateral que quedaría bloqueada en caso de concretarse la obra.
Además, indicó que la ampliación le impediría realizar trabajos básicos de mantenimiento como impermeabilización o pintura.
Autoridades intervienen sin frenar construcción
Ante el conflicto, Sáenz Osorio acudió a la Dirección de Obras Públicas de Altamira, donde le recomendaron reportar cualquier avance en la construcción. En una ocasión, personal municipal acudió al sitio y suspendió la instalación de paneles solares; no obstante, el denunciante aseguró que no se ha logrado detener la edificación principal.
Caso llega a la Fiscalía de Tamaulipas
El caso fue canalizado posteriormente al área de mediación de la Fiscalía General de Justicia del Estado de Tamaulipas. En una primera cita realizada el 31 de marzo, la vecina no presentó documentación. En un segundo encuentro, el 24 de abril, acudió con escrituras que, según su postura, respaldan su derecho sobre el espacio. De acuerdo con lo expuesto durante la mediación, la mujer habría consultado con un arquitecto, quien le indicó la posibilidad de construir hasta tres niveles en el área en disputa.
Por su parte, el afectado sostiene que en sus documentos ese espacio aparece como área común, por lo que cuestiona la legalidad de la obra.
El adulto mayor, ya jubilado, recalcó su preocupación ante la falta de recursos para enfrentar un proceso legal prolongado, por lo que solicitó la intervención del alcalde de Altamira, Armando Martínez Manríquez, a fin de que se investigue la situación y se determine si la construcción cuenta con sustento legal.
SJHN",GOOGLE_NEWS_RSS
Foco rojo por dengue en 30 colonias; realizan barrido casa por casa - Milenio,2026-04-30 14:54,2026-04-30T14:54:00+00:00,Milenio,,https://www.milenio.com/ciencia-y-salud/foco-rojo-dengue-30-colonias-tampico,https://news.google.com/rss/articles/CBMiggFBVV95cUxOYTBLdDdMMWdOQkt1bmxMTFk2MkVVR3ZFWGV4X1liRlFlSnFuTzNBN3NTeTVvSmR5dnNReFV3VzlNeEVZcmlkT1FwMzZnNnhFRDgwUm9VQXZNMUtINUJ0UmMtanR5ZnhwX3hsT21IVk1iNk9FUDF4NWU1V0Q0SXFKR2p30gGCAUFVX3lxTFB0bW1yVFVJU1B4N1YwQy1qMm1SSEVQQkpSdXA0Vzh1dUZQZTN5cXNWeFhDMDJma2htdDVIV3Y3TF9GQmJscUhXUUJaSk00bFQtcG5GQzdHVHVXN2dWT2FkU2s2c1NHR3VKNzgycnFZVjZyREFZY3dOSXFLMEF0ZHBodVE?oc=5,,"Una brigada conformada por Bienestar Social de Tampico y el Distrito de Salud para el Bienestar II comenzaron a llevar la lucha contra el dengue casa por casa, ya que en una primera etapa serán 30 colonias consideradas focos rojos y después toda la ciudad.
Ya comenzaron a visitar diversos sectores de Tampico, aseguró Dorena Caballero Bonilla, comisionada de Salud, sobre todo en las que se representa un mayor riesgo histórico, además de donde hay más solicitudes por la presencia de mosquitos.
“Las acciones enfocadas a la atención contra el dengue están trabajando. El municipio de Tampico con labores específicas están trabajando, se ve reflejado en la presencia de las autoridades que llevan a cabo”, expuso la autoridad.
La aplicación de abate
Detalló que el personal ingresa a los patios con el consentimiento de los ciudadanos con el fin de aplicar el abate, el cual evita la proliferación del mosco que afecta a la población con enfermedades como dengue y chikungunya, además de la fumigación.
Son acciones de coordinación que ya están en proceso por Tampico, ya que tienen la meta de disminuir la incidencia de las enfermedades transmitidas por vector, además de responder a la ciudadanía ante tanto mosco en las colonias.
Tampico y Madero ayudan contra nube de moscos.
Los municipios de Tampico y Ciudad Madero han tenido que cerrar filas contra el exceso de mosquitos con insecticida, camionetas, equipos para, la fumigación y hasta la gasolina, para ayudar a las áreas de Salud.
Una reunión realizada en la sede del Distrito de la Salud para el Bienestar Número II a cargo de Marco Antonio Robles, determinó que ante las quejas de los ciudadanos por la gran cantidad de moscos que han salido a las calles, es posible cerrar filas entre estado y municipio.
Ofelia Cantú, directora de Salud de Tampico, que fue acompañada por Dorena Caballero, comisionada de Salud en el municipio, aseguró que el municipio está aportando insecticida para matar a un mosco cada vez más resistente.
Explicó que mientras la secretaría de Salud de Tamaulipas utiliza el malatión para matar los moscos y sea utilizado por el personal de vectores, el municipio ha tenido que adquirir Bifentrina, con el fin de hacer un compuesto más fuerte para eliminar a un mosco más resistente.
Además de dicho apoyo, Tampico y Ciudad Madero han dispuesto de unidades de Servicios Públicos, Salud, gasolina y personal para atacar al mosquito que ha sacado de quicio a los ciudadanos en los últimos días en todas partes, lo que hace difícil las actividades al aire libre.
Destaca que Rosalba Hernández, directora de Salud de Madero, indicó que además de las camionetas que ha prestado el municipio, también han proporcionado equipo, personal e insumos para que el área de Vectores del Distrito de la Salud para el Bienestar Número II lleven a cabo las acciones.
Mosco culex
Sergio Uriegas, responsable de Vectores a nivel Tamaulipas, destacó que el mosco que está apareciendo es el culex, una especie que no propaga enfermedades como el dengue, pero sí genera molestias entre la población que busca hacer actividades al aire libre
AA",GOOGLE_NEWS_RSS
Jaiba Brava recibe a Cancún FC ilusionado por seguir haciendo historia - Milenio,2026-04-30 14:20,2026-04-30T14:20:01+00:00,Milenio,,https://www.milenio.com/deportes/futbol/jaiba-brava-cancun-fc-ilusionan-seguir-historia,https://news.google.com/rss/articles/CBMikAFBVV95cUxQRDRwRy1MNDNpV0J6UVNMNVhiVWo2OVlSQURyVXk4b2RmZjhjeENFT1g2aEstOGpHcExzXzA1N21KemxBbEdKSUZLM1lrMmdZRlBMMXRPX0E5YnNRbzUzV0lGcHB1Z0o4ZVNYMnVRcGV1ZWhQaG9ma3ZvY0xVRHBFMi0tbUR0cWFXazVvb1BJNFLSAZABQVVfeXFMTlRDbmlLTDkxelYyRzZqNzJIdEV0QnR4R3NONGJsSVpmTzJWQXJCZk5DTWFjU3JPc3lCVkZkdXJ0X3pGUndxUnF6MVlhWEl6OVo2cnk1Vng5ZTZGc3FBWWRNVk1ubHl2S1NsSXd0UEVmd1NCeVM4QTBsY1d4eDlZVXVXODhhNHNIVmlFVkw1SW94?oc=5,,"En las caras de los jugadores de la Jaiba Brava del Tampico-Madero durante la práctica realizada la mañana de este miércoles, hay un reflejo de lo manifestado por la directiva días antes. Las sonrisas, buen ambiente, combinada con la ilusión y el compromiso de hacer historia, está plasmada en la plantilla que busca una nueva proeza, una tercera final consecutiva en la Liga de Expansión.
El camino para alcanzar esa instancia arranca esta noche ante uno de los rivales más duros, constantes, equilibrados y todavía con vida en la categoría, Cancún FC. El duelo pactado a las 21:05 horas marca también un momento especial para el club y los fanáticos: coincide con la celebración del Estadio Tamaulipas, inmueble que cumple 60 años y esta semifinal sirve de conmemoración.
Más allá de la efeméride, la directiva hizo su labor de garantizar la permanencia de la franquicia en esta región e ir más allá. El director deportivo Pedro Luis Beltrán fue categórico al obtener la certificación como equipo integrante de la Liga, al adquirir los derechos de Cimarrones de Sonora, pensando en trabajar para llegar a la Liga Mx.
Antes, en el terreno de juego, la misión es revalidar la corona y aspirar a un hecho sin precedente en el poco tiempo que tiene este formato en el fútbol mexicano, tener al primer bicampeón.
“Hay mucha ilusión con hacer historia, dejar un legado en el equipo y el bicampeonato es algo que no ha logrado nadie, en el corazón en cada integrante del club está el objetivo claro, tenemos un gran rival en puerta, intentaremos en el Tamaulipas hacer un gran partido y cerrar la eliminatoria el domingo”, indicó.
Dentro del entrenamiento efectuado en el Coloso de la Unidad Nacional, el conjunto dirigido por Marco Antonio “Chima” Ruiz concluyó su etapa de preparación. Mucha alegría se dio en los integrantes de la plantilla, nuevamente en una experiencia de este nivel y la mayoría la conoce a la perfección, al pasar por una antesala a la final en esta escuadra como en otros conjuntos.
Este encuentro de ida significa mucho para los dos protagonistas. Los celestes requieren sacar una ventaja para ir con tranquilidad a la vuelta, el domingo en el Andrés Quintana Roo, una aduana muy complicada por la calidad del plantel que comanda el ecuatoriano Miguel Bravo.
Las Iguanas volvieron a colocarse entre los dos mejores de la clasificación general por segundo torneo, solventando los cuartos de final sobre el Tapatío. Arribaron el pasado martes por la noche a la zona sur, efectuaron un entrenamiento el miércoles y aclimatarse ante las condiciones esperadas en esta parte del país.
Diplomático canadiense con la celeste
En tanto, durante la participación en la instalación del Grupo de la Amistad, anoche en la Cámara de Diputados, el embajador de Canadá en México Cameron MacKay recibió una playera del conjunto tamaulipeco, entregado por el diputado federal Chucho Nader, tras su participación en la reunión celebrada en San Lázaro.
El diplomático recibió la casaca conmemorativa con la famosa “jaiba mecánica”, misma que también cuenta con el logo de campeón de la Liga de Expansión.",GOOGLE_NEWS_RSS
Foco rojo por dengue en 30 colonias de Tampico; realizan barrido casa por casa - Milenio,2026-04-30 13:38,2026-04-30T13:38:21+00:00,Milenio,,https://www.milenio.com/comunidad/combate-dengue-tampico-brigadas-casa-casa-fumigacion,https://news.google.com/rss/articles/CBMijwFBVV95cUxNNXBmUXNNM1JHZXNfQ1R6SWNWeFNrY0ZJYTlGYVUzbmcwdUVkN180YTR4ekpReF9fZFgwVU0xcmI1aGlXYnZURDNzYmRDakt3bWt1TmpPU25kM051RGFQbkJaOXE4QWhPUnFWWWNIMnNMV05PaWRnWDMzeDVnRXdvR1ljQ2R6bDVyUVZHd1p6QdIBjwFBVV95cUxNaXJ2RVVlemFMUlFaYTlLbF9nS0xaeVpsNEdUdER4UG4xVDJ5V21senhHY3dBSU9LNnV6cGczaVZVQjYtVTZLTnFwSGJ4TUFSa3lMRi0zd3Nhb3FoY3pyV1pHMUxLZjlvRzBqaFhpOVF6Vm1mbHZhbEVFSUllXzFrVGdVUFBDV0xNRUVlc2Y5WQ?oc=5,,"Una brigada conformada por Bienestar Social de Tampico y el Distrito de Salud para el Bienestar II comenzaron a llevar la lucha contra el dengue casa por casa, ya que en una primera etapa serán 30 colonias consideradas focos rojos y después toda la ciudad.
Ya comenzaron a visitar diversos sectores de Tampico, aseguró Dorena Caballero Bonilla, comisionada de Salud, sobre todo en las que se representa un mayor riesgo histórico, además de donde hay más solicitudes por la presencia de mosquitos.
“Las acciones enfocadas a la atención contra el dengue están trabajando. El municipio de Tampico con labores específicas están trabajando, se ve reflejado en la presencia de las autoridades que llevan a cabo”, expuso la autoridad.
Aplican abate y fumigación en viviendas
Detalló que el personal ingresa a los patios con el consentimiento de los ciudadanos con el fin de aplicar el abate, el cual evita la proliferación del mosco que afecta a la población con enfermedades como dengue y Chikungunya, además de la fumigación.
Son acciones de coordinación que ya están en proceso por Tampico, ya que tienen la meta de disminuir la incidencia de las enfermedades transmitidas por vector, además de responder a la ciudadanía ante tanto mosco en las colonias.
Refuerzan acciones Tampico y Madero
Los municipios de Tampico y Ciudad Madero han tenido que cerrar filas contra el exceso de mosquitos con insecticida, camionetas, equipos para la fumigación y hasta la gasolina, para ayudar a las áreas de Salud.
Una reunión realizada en la sede del Distrito de la Salud para el Bienestar Número II a cargo de Marco Antonio Robles, determinó que ante las quejas de los ciudadanos por la gran cantidad de moscos, es necesario fortalecer la coordinación entre estado y municipio.
Mosquitos más resistentes complican control
Ofelia Cantú, directora de Salud de Tampico, aseguró que el municipio está aportando insecticida para combatir a un mosquito cada vez más resistente.
Explicó que mientras la Secretaría de Salud de Tamaulipas utiliza malatión, el municipio ha adquirido Bifentrina para reforzar la efectividad y eliminar al insecto.
Además de dicho apoyo, Tampico y Ciudad Madero han dispuesto de unidades de Servicios Públicos, Salud, gasolina y personal para atacar al mosquito que ha generado molestias entre la población.
Rosalba Hernández, directora de Salud de Madero, indicó que el municipio también ha proporcionado equipo e insumos para fortalecer las labores del área de Vectores.
Sergio Uriegas, responsable de Vectores en Tamaulipas, destacó que el mosquito predominante es el culex, una especie que no transmite dengue, pero sí genera molestias entre la población, dificultando las actividades al aire libre.
SJHN",GOOGLE_NEWS_RSS
Estadio Tamaulipas: la disputa legal por su propiedad que llegó a AMLO - Milenio,2026-04-30 13:30,2026-04-30T13:30:02+00:00,Milenio,,https://www.milenio.com/deportes/futbol/estadio-tamaulipas-y-la-disputa-legal-que-llego-a-amlo,https://news.google.com/rss/articles/CBMimgFBVV95cUxQM1RtV1EtX2EwNnA4Q0tyaXJCbnF2TGpaNDZlS091dW5DaUlyemRpX1hISlByeTZNbll2SERtOUVYdzJ4cUxXLXFCT25ra0pwSUQ3bTRGaGo2RC1TVHFpX2xISmtfalg1ZWNLR3dPZUVERXJZeWhLcUJYa3RZTjVDVWtjQWs2ZC1tdmgtQVZaOTFncUx3V1JVQzFR0gGaAUFVX3lxTFBjbGJySTczNWxGQlNodWdrSDEzYXNwZkRHQ3VDR0hrWi0wcW1PZTM1SGliSzZmWGlGX2NpejByUS1CN240Vk1OM2VGckRBMHVnVnZuSklCZFBRcldRUUhrVlU2RDVLbDZkSTVuMDAxXzd1LURGaThlbFNCbk1GVjJ5cGRNcnpzajhQT05GakdQcTItbUVJd01EaWc?oc=5,,"Dentro de los grandes recintos construidos en el estado durante el último siglo, el más emblemático por su historia, anécdotas, eventos, figuras políticas, deportivas, así como del entretenimiento y hasta involucrado en una disputa legal, es el Estadio Tamaulipas, inmueble único en su tipo en el mundo al estar compartido por dos municipios.
Edificado para partidos de fútbol profesional, es un testigo silencioso de las hazañas logradas por las escuadras de este deporte en diferentes categorías, sea Primera, Segunda o Tercera División, como a la par de la presencia de cantantes y agrupaciones de gran trascendencia a nivel nacional e internacional.
Al cumplir 60 años de su inauguración, algunos vestigios de modernidad actualizan el llamado Coloso de la Unidad Nacional, cuyos antiguos cimientos atesoran las historias de miles de personas que gritaron goles, corearon las canciones de su artista favorito, acudieron a mítines y misas. Todo eso atendió en este tiempo.
Fue a mediados de la década de los Sesenta cuando esta idea fue impulsada por uno de los arquitectos más reconocidos en cuanto proyectos de esta envergadura en el país, Felipe Arregui, quien diseñó y levantó inmuebles como el Jalisco en Guadalajara, el Nou Camp en León y el Sergio León Chávez en Irapuato. Apoyado por otro colega de profesión en la arquitectura, Paulino Lomas Delgado, dieron paso al plan.
Eligieron un terreno muy cercano al Aeropuerto Internacionales “Francisco Javier Mina”. Alejado de las cabeceras municipales, todavía sin proyectarse el crecimiento de la marcha urbana, se realizó el hueco y comenzó a darle forma a través del cemento y piedra. Apoyado por los clubes Jaibos del Tampico FC y Orinegros de Ciudad Madero, rivales en la cancha, el acuerdo era utilizarlo como su casa.
Mientras la afición se empezaba a despedir del antiguo Estadio Tampico, localizado sobre la avenida Ejército mexicano (hoy reside el Centro Deportivo Español, un supermercado y una plaza comercial), la concepción quedó lista para preparar una flamante inauguración, coincidiendo con el día del niño, es decir, el 30 de abril de 1966.
Uno de los acuerdos fue repartirlo en las dos ciudades. La cancha y cabecera norte le pertenece a Ciudad Madero y el sur a Tampico, siendo el límite la línea de cal a la mitad del terreno de juego. En la Sala de Regidores del ayuntamiento porteño, se tiene un mapa que muestra con exactitud la división.
Para esto se organizó un partido estelar que tuvo a un combinado de las escuadras locales enfrentando al AS Mónaco de Francia. El conjunto galo hizo valer su categoría y terminó imponiéndose 2-0. Desde ahí, comenzó el andar.
Celestes y orinegros tuvieron una convivencia de contrastes compartiendo el mismo hogar. En una dura rivalidad, una guerra civil, se toleraban, pero un factor en común fue crear un ambiente y pasión que provocaba cada semana llenos en la tribuna. Sus dueños empezaron a tener problemas económicos para sostener las franquicias por constantes ascensos y descensos.
La última víctima fue el Tampico FC. Cuando perdieron la categoría en 1981, apareció el Sindicato Petrolero, primero adquiriendo la franquicia de Atletas Campesinos (Querétaro), fundando la Jaiba Brava del Tampico-Madero; lo tercero, se apropió del estadio. Ahí comenzó la disputa con Paulino.
Muchas versiones surgieron sobre el conflicto. El arquitecto acusó a los dirigentes Joaquín Hernández Galicia y Salvador Barragán Camacho de “quitarle a la mala” el escenario al cual invirtió en su momento. Nunca se mostró un documento de operación de compraventa, comodato o donación del predio.
El pleito prosiguió cuando el club estaba en su mejor momento, con dos finales de liga, al consumarse el Quinazo en 1989. Desfilaron 13 dueños de la franquicia de 1990 al 2024, hasta que cayó en manos de empresarios locales.
En los últimos años, retirado del deporte y cualquier otro ámbito, el también constructor y participante directo de esta infraestructura se dedicó a compartir anécdotas. Hizo un último intento en el sexenio federal pasado por cambiar el curso de la historia.
“Le solicité al presidente Andrés Manuel López Obrador intervenir en el caso, pidiendo atender mi petición para tener de nueva cuenta la propiedad”, declaró Lomas Delgado en 2020. Falleció 4 años después, sin respuesta alguna.
Pese a esto, el Tamaulipas sigue vigente. Lo mismo recibió finales que a Luis Miguel. Esa permanencia va para largo con los inversionistas actuales, decididos a mejorarlo y tener juegos de la Liga Mx, una promesa de 30 años sin cumplirse.",GOOGLE_NEWS_RSS
Economía en Tamaulipas se ubica entre las 10 mejores de México - Milenio,2026-04-30 13:16,2026-04-30T13:16:14+00:00,Milenio,,https://www.milenio.com/negocios/economia-tamaulipas-ubica-10-mejores-mexico,https://news.google.com/rss/articles/CBMiggFBVV95cUxQYWk5eDl1ZXhzLVZrcjBPY08xU3dpNk5NU3hXVjVSOEdVSmxFZ3c1RU1RWTVuMURYdmV6ZkhjbzFfM1JVVUlKZHFUX0kyUUtjNG54N3diREQyaHl1dThfZ2N0T2plNFo0ZjdUODJERVZGM1ZxRUVxZXU1Z2tTYnVubG9B0gGCAUFVX3lxTFBkZXlPbDFpWE1aYV94ZmFVS2NweXpVZUk2dFh0dEVfQ0otY21ldVF2WFUxVThBUUo4S2VrVzREa2ZQZi1MRGdkWG01ZWlpd0ZKQVR6UW1uV2JFV0otSkk0UVVDVXRnbWhaM1JMVlBIeUx2Wlk4c04zVzZtb0hYalJzMmc?oc=5,,"La economía en Tamaulipas terminó entre los 10 estados con mayor crecimiento, impulsado por el ramo primario que integran desde el sector del campo y la pesca, además de cerrar con un saldo positivo el movimiento de venta de mercancías, informó el Instituto Nacional de Estadística y Geografía (Inegi). A la vez, presentó su mejor año en materia económica tras la pandemia del covid-19,
En el índice trimestral publicado este miércoles, se destaca que la región en el noreste del país tuvo mejor desempeño a diferencia de mercados con mayor población como Nuevo León, Jalisco y el Estado de México. Durante el 2025 registró incrementos en actividades industriales referentes a la minería, además de la construcción y el suministro de energía.
Dentro del mencionado balance, el estado presentó un aumento de 3.3 por ciento al cierre de diciembre, aunque para el organismo “México ¿cómo vamos?”, este resultado se quedó corto a la expectativa anual que es superar el 4 por ciento, considerado este límite por el potencial ante su ubicación geográfica y sus sectores productos.
Tamaulipas concluyó el ejercicio como la sexta economía nacional, detrás de Sinaloa (12 por ciento y siendo el líder en este periodo), Hidalgo, Nayarit, Ciudad de México y Tabasco, sin embargo, se colocó arriba de Nuevo León (2.3), Jalisco (1.8) y Edomex (1.1). Se fueron ocho estados con decremento, particularmente Campeche, Quintana Roo y Coahuila.
Sin embargo, tras el boom registrado en el 2021 al abrirse el mercado por la emergencia sanitaria de un año anterior, el estado logró una estabilidad. Entre 2022 y 2023 se dio una caída de hasta 2.4 por ciento; desde entonces suma 24 meses en saldo positivo, indicó la referida asociación civil en su semáforo.
Durante el cuarto trimestre de 2025, y con cifras ajustadas por estacionalidad, las entidades federativas que registraron los mayores incrementos en su actividad económica, a tasa trimestral, fueron:
— INEGI INFORMA (@INEGI_INFORMA) April 29, 2026
▪️5.7% Nayarit
▪️4.8% Oaxaca e Hidalgo
???? Consulta el boletín de indicador:… pic.twitter.com/osCbSCqBqn
La agricultura, ganadería y pesca fue el eslabón principal de la economía, al subir 9 por ciento en los recientes 12 meses, expuso el Inegi. También hubo una aportación del sector secundario integrado por la manufactura, la producción petrolera, de gas natural, electricidad y la minería, al subir 7.8 por ciento.
Uno de los aspectos negativos que arrastró el estado en el año fue el comercio, servicio y turismo, con una tendencia negativa que se rompió en la recta final. concluyó con un ligero aumento, 0.1 por ciento.",GOOGLE_NEWS_RSS
¿Cómo cambiarán los medidores de luz en México? CFE prevé modernización con Bluetooth | Beneficios - Milenio,2026-04-30 12:43,2026-04-30T12:43:00+00:00,Milenio,,https://www.milenio.com/comunidad/medidor-luz-cfe-cambiara-mexico-asi-sera-modernizacion-con-bluetooth,https://news.google.com/rss/articles/CBMipAFBVV95cUxOOTBHbkVTVkdmRzV6b3g1SkcwdXV5T3hOUXB3aEJjUlBPc0F5cGhRQXNRVnFYVFRWTXNNSkxtUmpDUkJZSEpia21TbFZMUzZ2WUpwNndUNlhEZ1NLWmpCeTc3X0xkbTFTN2FHNXl1akJSYWdabC03bTJpVVhZckoySmhWeFFLd3I2bFVrVzd3SG4xZXg4eEFSTWhhSGYyZ1F0R0ZCbNIBpAFBVV95cUxNeDNRU2k0Q1FKRDlYN3lIVlU0VW1zNzlVem5UbTZTNlBPTDdkQU9iVjNfcnVTeDM4V3dpRUZ1UjdweUI2OFIxaXpPZE5LbUMyb0NlRjVWUnY3RXFXNjFveTZrS3plNE96alN4b0FIMjhYdko2dGtZZUR3VEhwNXVXOXVvSEVlMkZPVjFBd01FVF9XLUhaLU5iV0VidHhLbWFWOGV2SA?oc=5,,"La Comisión Federal de Electricidad (CFE) anunció que uno de los proyectos que se contemplan para mejora e innovación en el servicio eléctrico de México es la modernización de los medidores de luz a través de un protocolo Bluetooth.
Este es un proyecto del que la CFE ha anunciado algunos atisbos de cómo será y de los beneficios que este cambio traerá consigo para la población mexicana.
¿Cómo cambiarán los medidores de luz de la CFE?
De acuerdo con un boletín publicado por la CFE, el cambio en los medidores de luz en México se centra en un proceso de modernización tecnológica que busca hacer la medición más eficiente, autónoma y conectada.
Estos nuevos sistemas traerán beneficios consigo. Aquí te explicamos en qué consistirá el proceso de cambio, según lo compartido por la Comisión.
¿En qué consiste la conectividad Bluetooth?
La innovación principal radica en la implementación de una arquitectura denominada Amade (Arquitectura de Medición Autónoma para Distribución de Energía).
Estos medidores utilizarán tecnología Bluetooth para comunicarse. Sin embargo, la interacción no quedará aquí, pues se podrá tener una interacción directa con los usuarios.
De acuerdo con la explicación del boletín, el medidor se podrá conectar a los asistentes virtuales de Smart Home, lo que permitirá que cada persona gestione y consulte la información de su consumo de energía de manera directa desde sus dispositivos.
Otro de los puntos destacados en la conectividad, es que estaría diseñado para ser autosustentable. Y es que, un solo medidor podría funcionar como un punto de acceso para gestionar hasta 500 más.
¿Cuáles serán los beneficios de estos medidores?
El cambio permitirá que la CFE realice operaciones críticas de forma remota, sin necesidad de asistencia de personal técnico en tu domicilio.
Es decir que, podrás tener lecturas, cortes y reconexiones desde la distancia y disponibles las 24 horas del día; pues, de este modo, se tendrá una mayor facilidad de labores así aún cuando los medidores estén dentro de edificios o lugares de difícil acceso.
""Este proyecto permite que los usuarios de CFE se conecten a su medidor de energía eléctrica mediante un Asistente virtual de Smart Home, que gestiona la información relacionada con sus consumos de energía eléctrica. Al implementarse, facilitará realizar lecturas, cortes y reconexiones a distancia las 24 horas del día, incluso en medidores ubicados dentro de edificios o domicilios. Con esto también mejora el servicio de facturación al cliente"", explica CFE.
¿Pagarás más luz con estos medidores?
Este nuevo modelo de comunicación no afectará la durabilidad del equipo, ya que está diseñado para tener la misma vida útil que un medidor convencional, según explicó la Comisión.
No obstante, a pesar de que CFE aún no ha dado detalles (aunque con la promesa de darlos más adelante), si puntualiza que también se busca optimizar el servicio de facturación y que no se pague de más en el recibo de luz al garantizar de datos precisos sobre el consumo.
Todos estos cambios no son únicos ni aislados, ya que en realidad forman parte de toda una estrategia de modernización que la CFE contempla para las Redes Generales de Distribución en México.
YRH",GOOGLE_NEWS_RSS
Woodside Energy: proyecto Trión sigue firme pese a conflicto en Medio Oriente - Milenio,2026-04-30 12:26,2026-04-30T12:26:51+00:00,Milenio,,https://www.milenio.com/negocios/woodside-energy-trion-firme-pese-conflicto-oriente,https://news.google.com/rss/articles/CBMiiwFBVV95cUxNS0JPeTJHcEhjbXU2VmRYOVNKamE1dmRqaFdxUXJ0U3Y1THlRVHR2TGN2NkJ4MUF2eTB5Nm94bnp3Y0MxQ2MzTFR1ZGpqaHU5UnZFRDV0UGdjamYxY212aFhveGUtbS0tbE9SUDM0Yi1PQ1ZhUFQxbE5NM09JUEFicVBYYXg3Qlo0OWRv0gGLAUFVX3lxTE9PMDRlU19VWXlJTUZUbmNndmdxS1l4YlVnYTJCVlBLSkd4aTh6N0ZGVDMyZjBJZ25JUnNMaEp6N05WQlhoZHh3QUtqODQyRTNoeFlkbVllTEIzLWNlMjNJSHI2OVUteWktR1lCU0NMYUFRQ3RJODhsYmFwd0VqNnlMR2trRDJ1Z1l2bUE?oc=5,,"El proyecto Trión frente a costas de Tamaulipas sigue firme pese al conflicto en Medio Oriente y las repercusiones de la situación bélica en la industria petrolera global, informó la compañía australiana Woodside Energy. Reporta un avance del 56 por ciento en su plan de desarrollo, incluido nuevos módulos de su plataforma de producción.
Dicha firma encargada de operar la estrategia ubicada en el Cinturón Plegado Perdido, a 120 kilómetros al oriente de Matamoros, ha invertido durante el primer trimestre del presente 2026 más de 171 millones de dólares, Impulsado por el arranque de perforación de 24 pozos submarinos y las maniobras de la infraestructura utilizarse en esta área.
“Iniciamos la campaña de perforación en Trion y completamos la elevación e instalación de dos módulos de superficie en la unidad de producción flotante (FPU). El proyecto se encuentra completado en un 56 por ciento y tiene como objetivo la primera producción de petróleo en 2028. El conflicto en Medio Oriente no está teniendo actualmente un impacto material en costos, ni en el calendario del proyecto"", declaró Liz Westcott, CEO de Woodside Energy.
La situación que involucra a Estados Unidos e Irán ha tenido repercusiones en el ramo, con el incremento del precio del barril a nivel global y arrastrando hasta el costo por litro de los combustibles.
En cuanto a los detalles de la infraestructura a utilizarse la construcción de la plataforma que de acuerdo a las proyecciones tendrá las mismas dimensiones que el Estadio Azteca o Banorte, alcanzó “hitos clave”, al completarse la fabricación de la estructura del casco y se izaron e instalaron con éxito dos módulos de la superestructura de 6 mil toneladas métricas.
Continuó la fabricación de los bloques estructurales de almacenamiento y descarga flotantes; la boya de amarre de la torreta desconectable está prácticamente terminada y las pruebas de acoplamiento han finalizado.
Cabe señalar que en marzo pasado, en evento realizado en el puerto de Altamira, comenzaron las primeras acciones en aguas ultraprofundas del Golfo de México, al proyectar 24 perforaciones de pozos.
A su vez, lanzaron una plataforma para la inscripción de proveedores locales, además de preparar un nuevo curso de certificación dirigido a pymes interesadas en colaborar en el proyecto.",GOOGLE_NEWS_RSS
Otra batalla Morena vs. PAN - Milenio,2026-04-30 07:41,2026-04-30T07:41:06+00:00,Milenio,,https://www.milenio.com/opinion/victor-hugo-duran/sin-codigo/otra-batalla-morena-vs-pan,https://news.google.com/rss/articles/CBMikAFBVV95cUxORGtGYTB1VUtfUFczbV9fSzRfQ0hZdVFKRjN0TFFOWXFqQ1JVRnJXSWtNRHMyekdiaWJxcjJxcDJubXdPT0ttSmF3WlF6OXRxUGxCdENKN1pEN0dDNVlLNGs5OVp6TGhpRlV2MXI1ZWpmc19iWkxWcVVzenNqOTNqaXA3Zk95cGpmdllFTkU3Q2TSAZABQVVfeXFMTlp3Qm5scHB0cjUxUEdTZk1JTXA2c201enJVeEVIYjhsNFVWb0F5UExzajRSZjdVV1JLTjdqU1NIN1RaZkdrMnJoRXN4RDhseTNFMko1d2tXZmZNT0c5QXdLMkNsbU9fMGV4MmJ2STFYUXkwWG1RZDFuWWE1dGZHcmhvRlA5eE5BRGtkem5VMF9i?oc=5,,"La situación relacionada con la CIA, Estados Unidos, los gobiernos de Chihuahua y Sinaloa, ambos unos escándalos donde los gobiernos tanto del vecinos el norte como de México salen “raspados” en su imagen, desde la frialdad, se ve como un adelanto del entorno político que viene hacia la elección del 2027 en nuestro país.
El nuevo agarrón que trae a la 4T y sus opositores, una oda de dimes y diretes de niveles industriales, ha desatado esa conversación de acusaciones y de ensuciar la imagen de los rivales.
Esto se acompaña de la influencia de Donald Trump, un “Darth Vader” enfundado en traje caro, actuando como un líder imperialista, intenta permear en una ciudadanía que antes (2016 al 2020) y durante la actual administración trata como su servidumbre.
La reacción de Marú Campos y de Rubén Rocha es la misma: negando todo, nada sabe o descalifican las acusaciones. Los gobernadores, sin importar nuevamente la afiliación política, están en el ojo del huracán y, legalmente, protegidos por el fuero.
Así pinta el entorno hacia la convención nacional morenista de este fin de semana en la Ciudad de México, la cual ratificará a Ariadna Montiel como la nueva dirigente. Ahí se prevé la presencia de Américo Villarreal Anaya y consejeros nacionales tamaulipecos.
Y en esa defensa de intereses, en nuestro estado vaya que se cuecen las habas a su manera. Charo Gonzalez, diputada local panista plurinominal otorgado por el ex gobernador Francisco García Cabeza de Vaca, sale más a defender a quien le otorgó el lugar en lugar de proponer temas de relevancia.
Hace poco apareció el regidor porteño Juan Pizaña a revirar mucho de sus dichos. “Es mejor salir a la calle y conocer lo que sucede en la ciudad”, le refutó.
Caso diferente en el organismo azul es Mon Marón. El edil relanzó su casa de gestión y atención llamado “MoviMon” y replica esa frase de conocer desde el propio habitante sus reales necesidades.
Ha visitado colonias y empieza a hacer ruido en esa competencia del PAN porteño hacia la alcaldía, cuyos sondeos (aseguran) andan a la par de Chucho Nader.
Y para cerrar, la batalla por Altamira se amplía. A la lista que integran Blanca Guzmán, Banca Narro, Francisco Pérez, Ciro Hernández, Abelardo Garcés y Marcelo Abundis, se suma Griselda Carrillo. ¿Quién sucederá a Armando Martínez?",GOOGLE_NEWS_RSS
La Grilla - Milenio,2026-04-30 07:40,2026-04-30T07:40:47+00:00,Milenio,,https://www.milenio.com/opinion/editoriales/se-dice-en-la-grilla-tamaulipas/la-grilla_1145,https://news.google.com/rss/articles/CBMilAFBVV95cUxQeWtfX2xkUHNibGt6MkdzQW5pNWNFSm9IelhFU0JLdENObFd0VTJ3N2xRMVdMR0hGVzQ0dkNsRmNDdUNuMktJcTBRUDEzUG1OVlNpVjloVWZDR2puT1FIZERWX3NWM0JiWjU4aW90QWtSVGpLWVNDTnBGN0hZdVRqVlRUVHFsYmMzSnduazB4aGdEVWxX0gGUAUFVX3lxTE1XNzdLZjFYbjZRd2RHdDF6ZDVZSms3LUszMzdGQlRBNzNNNEQ0VVkyX3dPVEJwajRyVTMzY1otc1k2TnNtenlHWDlqeFhJS3hqOEVYb1ppcGRLdHk5bENKM29zR0dEMC1MaXBvU1Y1cW9Dc1VBVVg4OERoLWEtelJZdWQ5RUlJZUFta1ZjSUxYLWV6RmY?oc=5,,"Que la Universidad Autónoma de Tamaulipas dejó de ser solo academia para convertirse en pieza clave del desarrollo económico del estado, con respaldo total del gobierno de Américo Villarreal Anaya. Los datos del rector Dámaso Anaya Alvarado —matrícula, inversión e investigación— mandan una señal clara al sector privado: hay talento, infraestructura y vinculación para atraer inversión. No es discurso, es alineación institucional.
Que existe un pendiente relacionado con el cobro de la tarifa de energía eléctrica, el cual ha comenzado a afectar a los ciudadanos, pese a que no se justifica un incremento significativo; sin embargo, es un tema que debe regularse porque impacta directamente a la población del sur de Tamaulipas.
Que las autoridades tienen que entrar en calor, porque la administración porteña, encabezada por la edil Mónica Villarreal, estuvo en un evento realizado en Acapulco, relacionado con la mejora de las acciones turísticas.
Que diputados del sur de Tamaulipas como Marcelo Abundiz, Úrsula Salazar Mojica, Pepe Schekaibán y otros legisladores se reunieron este miércoles en un Foro de Participación Ciudadana, donde buscaron atender las necesidades de la población.
Que, como dice la canción, “para abril o para mayo”, los azules esperaban ver claro el resultado, de la mano del CEN, en el proceso para renovar su dirigencia estatal, pero las demoras continúan. Se dice que la convocatoria saldrá entre el 5 y 6 de mayo, aunque a estas alturas ya pocos lo creen, y el desgaste interno crece al interpretar la tardanza como un ajuste de cálculos políticos desde la cúpula.
Que al PRI estatal ya solo le quedan alrededor de 20 mil afiliados, y la cifra podría seguir disminuyendo debido a la depuración de padrones que realiza el INE, donde se han detectado duplicidades, renuncias e incluso registros sin consentimiento. Más que un trámite, esta actualización perfila el verdadero estado del instituto político.
Que en materia de seguridad en Tamaulipas, los elementos parecen tener un día de campo: en la zona sur del estado no hay delitos que perseguir; sin embargo, les ha faltado trabajo a tal grado que terminan deteniendo a sujetos en mercados, colonias y hasta en áreas públicas, donde se supone debería existir vigilancia.",GOOGLE_NEWS_RSS
Detienen a hombre por presunto abuso a menor en Tamaulipas - Milenio,2026-04-30 05:27,2026-04-30T05:27:00+00:00,Milenio,,https://www.milenio.com/policia/detienen-tamaulipas-hombre-acusado-abuso-sexual-menor,https://news.google.com/rss/articles/CBMijgFBVV95cUxPTUtqMWNHSmVHUGdNQk5vTGNONnRLTFByaTVTM29RV2VGOE05Y29JNnZ1LWczRF9BcTUtSW12NTg4b0ZkZmNJaTkzTFR4SG9fM3ZQQmFIa1c4cXh5d2xkSjdQWVprNWJfbjBsQ3hIREhMM3RUc0NpVVNYblJkd184WW9iM0NWV3haSmI5WDVR0gGOAUFVX3lxTE1xSF92VHlnVndNc3E3NFhlel9WZTByQS04TVBrWjV0a2tPT09SWGVOOVRrMmZsNno0LVJBS0xnZV9Cb3oya3FIQV8ta1lwVzUzVm5WTDJwU3puMHhISmY3S3ZzM0VWakVRRVlMYVVxWGppUGt2WV8xMGpib2wtSWlCVUIzVllVT0lMcUQ1aEE?oc=5,,"Un hombre identificado como Juan Esteban “Z” fue detenido por elementos de la Policía de Investigación, luego de que un juez emitiera una orden de aprehensión en su contra por su probable participación en el delito de abuso sexual agravado en perjuicio de una persona menor de edad.
Hechos habrían ocurrido en el entorno familiar
De acuerdo con las investigaciones, los hechos habrían ocurrido en más de una ocasión dentro del entorno familiar de la víctima. El primer incidente se habría registrado el 19 de diciembre de 2024 y el último el 29 de agosto de 2025, periodo en el que el señalado presuntamente aprovechó su cercanía y relación de confianza para cometer las agresiones.
Orden de aprehensión fue autorizada por un juez
La carpeta de investigación fue integrada por la Fiscalía Especializada en Delitos contra Niñas, Niños y Adolescentes y Delitos contra las Mujeres por Razones de Género, la cual reunió datos de prueba que fueron presentados ante un juez de control. Con base en estos elementos, se autorizó la orden de aprehensión.
Tras su localización, agentes investigadores ejecutaron un operativo para detener al imputado, quien ya quedó a disposición de la autoridad judicial correspondiente para continuar con el proceso penal.
La Fiscalía estatal reiteró que mantiene acciones para atender este tipo de delitos y garantizar el acceso a la justicia para las víctimas menores de edad.
JETL",GOOGLE_NEWS_RSS
Colocan la primera piedra del proyecto 'Cici Aquapark' en Guerrero - Milenio,2026-04-30 05:17,2026-04-30T05:17:08+00:00,Milenio,,https://www.milenio.com/estados/colocan-piedra-proyecto-cici-aquapark-guerrero,https://news.google.com/rss/articles/CBMihAFBVV95cUxOWXMycVpXRTRZOEdyOC1XdDR6Q2xFSjhjdmxGbGFYb0Nmb3ctR3g2SmhWY2dUWE0wbmVjbDkwOWoxN2lQTW1nS2R2TTZWSmJab3pfd05oOEpqeUlBNkxNUzlKOTdaeGNacnE0R3MyeVlTMjQxRHBOenJId01ZWFpqTkhTbTnSAYQBQVVfeXFMTTd6RF83czRlZTFqVHBzNUdrVVlkOFRQWU04eHluNzZrcThNVWhJMzNQd2tJOVhKY1ZaSlpHd1l4bnVXSVFydVlTYUNERl9aWWFoNm9vX0I4VVQ0b1hKM1NuSkQ2MU9rczN2QUtSblR4VGh5d29YaWI4ckV0Sjc0Q3U5ZFJE?oc=5,,"La gobernadora de Guerrero, Evelyn Salgado Pineda, junto a la secretaria de Turismo federal, Josefina Rodríguez Zamora, y el director general del Fondo Nacional de Fomento al Turismo (Fonatur), Sebastián Ramírez Mendoza, colocaron la primera piedra del proyecto Cici Aquapark.
Es una obra que busca recuperar un ícono de la memoria colectiva mexicana, así como reactivar este importante atractivo turístico de Acapulco; surge derivada de la coordinación de esfuerzos entre las distintas instancias.
“Hoy el CICI renace como parte de esa visión del Acapulco que queremos, de un Acapulco que lo tenga todo, que tenga diversión para adultos, pero también tenga diversión para los más pequeños, para los niños, diversión para los adultos mayores, para las personas con discapacidad. Un Acapulco para todas y para todos, eso es lo que estamos construyendo y eso es lo que queremos”, expresó la mandataria en su mensaje.
Asimismo, expresó su reconocimiento a todas y todos los que hicieron posible echar a andar este proyecto, porque dijo, es una acción que refleja todo el esfuerzo y el corazón, en un sitio que tiene un gran significado para las familias acapulqueñas y todo México.
Turismo se construye con identidad
Josefina Rodríguez Zamora señaló que este proyecto es el resultado de una suma de voluntades, en donde el trabajo coordinado se traduce en acciones concretas para la recuperación y fortalecimiento del destino. Se refirió además, a las experiencias que las diversas generaciones de visitantes han tenido la oportunidad de disfrutar en este emblemático espacio.
Por esto, subrayó que el turismo no sólo se construye con infraestructura, sino también con memoria, identidad y momentos compartidos.
“Acapulco, como lo hemos dicho siempre, no es solo el presente; Acapulco es nuestro destino turístico por excelencia. Aquí empezó el viaje, aquí empezó el turismo, y hoy, con la suma de esfuerzos entre inversionistas y los gobiernos estatal y federal, tenemos la oportunidad de volver a recordar, de volver a vivirlo y de volver a soñar"", declaró Rodríguez Zamora.
Proyecto fortalece oferta para visitantes
El titular de Fonatur subrayó esta coordinación y la labor fundamental del gobierno para eliminar trabas burocráticas, facilitando los procesos administrativos y dando solución a conflictos que se habían mantenido por años, lo que permite que la inversión privada mexicana encuentre un camino libre de obstáculos para apostar decididamente por el desarrollo de Acapulco.
Dijo que con esta renovación, el puerto no sólo recupera un símbolo de identidad, sino que fortalece su oferta para visitantes de fin de semana y cruceristas internacionales.
Además de que el proyecto está diseñado para que las familias acapulqueñas se reapropien de este espacio, generando un impacto social positivo, lo cual representa un paso firme hacia la modernización de la infraestructura turística, enfocada siempre en el beneficio directo de la población.
Por otra parte, el director general de Sofmar Fun, Luis Javier Santoyo, dijo que este es el comienzo de una nueva etapa para un espacio que forma parte de la memoria activa y colectiva de México, particularmente de Acapulco.
“Nos honra ser parte de este momento y contribuir, desde nuestro ámbito al desarrollo del destino. Este proyecto no sería posible sin la colaboración y la confianza de las autoridades, agradecemos profundamente el respaldo institucional y el trabajo coordinado que hoy nos reúne”, añadió Javier Santoyo.
El oficial mayor de la Secretaría de Finanzas y Administración (Sefina), Ricardo Salinas Méndez coincidió al señalar que este es un símbolo de las y los acapulqueños, que cobrará vida nuevamente gracias a todo el apoyo y coordinación, para consolidar un proyecto de este nivel.
“Con una inversión de más de 10 millones de dólares, hoy se coloca la primera piedra, se llenará de empleo, desarrollo y esperanza a esta zona. Acapulco lo merece y Acapulco lo sabrá agradecer”, añadió Salinas Méndez.
¿Qué atractivos brindará la obra?
De acuerdo a lo informado, esta obra contará con una remodelación en siete mil 222 metros, con atracciones principales como toboganes de velocidad, toboganes cerrados, río lento, alberca de olas, área infantil con toboganes y spray zone. También se tiene programada la intervención de la estructura existente y la creación de mil 236 metros cuadrados para uso comercial.
Acompañaron a la gobernadora, el secretario de Turismo del estado, Simón Quiñones Orozco; la presidenta del DIF Guerrero, Liz Adriana Salgado Pineda, entre otros.
MAHS",GOOGLE_NEWS_RSS
Día del Niño bajo calor intenso: así el clima este 30 de abril - Milenio,2026-04-30 03:17,2026-04-30T03:17:00+00:00,Milenio,,https://www.milenio.com/el-clima/clima-tamaulipas-pronostico-temperaturas-30-abril-2026,https://news.google.com/rss/articles/CBMikAFBVV95cUxPTHlPOGdFb2FlSHFCV3llSzhvY0hER0ppSXFaaXc3UnpLX0pBa3JVVldHZjlPZzF3Z19kSENmSUF2cGdWdWlhMlFnM19XRXlOTmJBZ1ZhbWRyRDhrdzBRUTJxeGctMjZySzAzV0FiRTQyekRMVnNnVnJjYTlqdWZOQk04bjN2azZtLTQwRU5VM0fSAZABQVVfeXFMT2F3cVFqR2U2ekxsYjFGYXk5bTZoRjA2d1BjSlVvb1RTdHREOG04dDAwbzVabnB2ckZ5LV9nRW43eFFxeGE2N0pCeEtPWW5tMkl1VlQ4ZURiNFlZREtzbDBueERHTnY2d3hGQlJCWk82MzdUTkxQWEFqRlIwNVVfcklSM3IxX3A0bU5YeFk2cjkx?oc=5,,"Este Día del Niño, en lugar de brisa fresca y juegos al aire libre sin preocupaciones, Tamaulipas vive una jornada marcada por el calor intenso. Este jueves 30 de abril, niñas, niños y familias deberán celebrar con precaución, ya que el clima estará dominado por temperaturas extremas, viento fuerte y la posibilidad de lluvias aisladas.
Aquí te contamos el panorama completo del tiempo de hoy en Tamaulipas y lo que viene para mañana.
¿Cuál es la temperatura hoy en Tamaulipas?
El ambiente en Tamaulipas se mantiene de caluroso a extremadamente caluroso, con temperaturas máximas que alcanzan entre los 40 y 45 grados Celsius en distintas regiones del estado.
Por zonas, el comportamiento térmico es el siguiente:
Frontera (Reynosa, Matamoros, Nuevo Laredo):
Máximas: 40°C a 45°C
Mínimas: 24°C a 28°C
Centro (Ciudad Victoria y alrededores):
Máximas: 41°C a 45°C
Mínimas: 23°C a 27°C
Sur (Tampico, Madero, Altamira):
Máximas: 38°C a 42°C
Mínimas: 25°C a 28°C
Estas condiciones generan un ambiente bochornoso, especialmente durante la tarde, con sensaciones térmicas aún más elevadas debido a la humedad y el viento cálido.
Lluvias 30 de abril en Tamaulipas
Aunque predomina el calor, el ingreso del frente frío número 48 al noreste del país comenzará a generar cambios en la atmósfera.
Para este jueves, se pronostican:
- Intervalos de chubascos de 5 a 25 mm
- Descargas eléctricas
- Posibles granizadas en algunas zonas
Las lluvias serán dispersas e intermitentes, por lo que no se presentarán en todo el estado al mismo tiempo. Sin embargo, representan un ligero alivio ante las altas temperaturas.
Viento 30 de abril en Tamaulipas
El viento será otro factor importante en el clima de hoy en Tamaulipas.
Se espera:
- Velocidades sostenidas de 30 a 40 km/h
- Rachas de 50 a 70 km/h
Dirección predominante del sur (evento de “Surada”)
Este fenómeno intensifica la sensación de calor y eleva el riesgo de incendios, además de posibles tolvaneras en zonas abiertas.
¿Qué riesgos hay por el clima hoy en Tamaulipas?
Las condiciones actuales implican varios riesgos:
- Golpes de calor
- Incendios por viento y ambiente seco
- Tormentas eléctricas con posible granizo
- Reducción de visibilidad por neblina matutina
Se recomienda evitar actividades prolongadas al sol, especialmente en niñas y niños, mantenerse hidratados y tomar precauciones.
Clima mañana viernes 1 de mayo en Tamaulipas
Para mañana viernes, se prevé el fin de la onda de calor, aunque el ambiente seguirá siendo caluroso y muy bochornoso.
Pronóstico por regiones:
Frontera:
- Máximas: 33°C a 37°C
- Mínimas: 22°C a 25°C
Centro:
- Máximas: 35°C a 39°C
- Mínimas: 22°C a 25°C
Región cañera:
- Máximas: 36°C a 40°C
- Mínimas: 23°C a 26°C
Sur:
- Máximas: 31°C a 35°C
- Mínimas: 24°C a 27°C
Además, persistirá el viento del sur con rachas de 35 a 50 km/h, presencia de neblina matutina y riesgo de incendios, con sensaciones térmicas de 40°C a 44°C.
????OLA DE CALOR TERMINARÁ EL VIERNES
— Protección Civil Tamaulipas (@PCTamaulipas) April 30, 2026
Persistirá el ambiente caluroso y muy bochornoso , con sensaciones térmicas de 40° a 44° durante las tardes.
????️????Además, continuará el evento “Surada” de 35 a 50 km/h. Se prevé presencia de neblina matutina y persiste el riesgo de incendios. pic.twitter.com/R0epAB3pLa",GOOGLE_NEWS_RSS
"Tras más de 12 horas, pescadores retiran bloqueo en carretera Tuxpan-Tampico, en Pueblo Viejo - Milenio",2026-04-30 03:11,2026-04-30T03:11:00+00:00,Milenio,,https://www.milenio.com/estados/retiran-bloqueo-carretera-tuxpan-tampico-29-abril-2026,https://news.google.com/rss/articles/CBMijwFBVV95cUxPRElUdUJPNkJaSndZUng0WU9ZQXFqNnVJOVBpODNDcTUxMkRQb1R6dFpXd2NoMGFCcE1VLTFSVUlpLXMtYmpnZWpUYkFNMDh2Y2g4QXBxUTFFOGxseFVrM3NzWUhjbDF3X0dzZTk2OHVfRm96OE5ZSTNwLUNOLUFRQVhGT0pwRmtQY211alQ4TdIBjwFBVV95cUxOVVZ3VXBJalBDbEtVVENidmROTklaWEI1aHZPdnJJdUJpTmpXS2ZyTjdzMEsyOC1XMFo4YTdod3FzM2t4clcyMGlNZnJ5SHBaeG8yNWlfX1dxcHBQLTQ1X2d3bHpoS0ZmSUNpWEU3QzNpU0JjN3diNnFWNnpGOEJ4RUtMb1ZZRTRxWnNEVkxMdw?oc=5,,"Luego de más de 12 horas de bloqueo, pescadores del norte de Veracruz decidieron retirar la protesta que mantenían en la carretera Tampico–Tuxpan, a la altura del municipio de Pueblo Viejo, restableciendo así la circulación en esta importante vía de comunicación.
La afectación se concentró en el tramo correspondiente a la carretera Poza Rica–Tampico, específicamente en la zona de la Plaza de Cobro del Puente Tampico, en el kilómetro 186, donde el cierre generó largas filas y complicaciones para transportistas y automovilistas.
¿Por qué se retiraron los manifestantes?
De acuerdo con los propios manifestantes, la decisión de liberar la vialidad se tomó a pesar de no haber alcanzado un acuerdo con las autoridades, lo que deja abierta la posibilidad de que las protestas puedan reanudarse en las próximas horas o días si no se atienden sus demandas.
Carretera Tuxpan-Tampico libre, pero con carga vehicular tras manifestación: Capufe
Tras el retiro de los manifestantes, Caminos y Puentes Federales (Capufe) informó que la circulación fue reabierta en ambos sentidos, aunque se mantiene carga vehicular en la zona debido al congestionamiento acumulado durante el tiempo que permaneció cerrado el paso.
Buenas noches. Carretera Poza Rica - Tampico, Plaza de Cobro Puente Tampico, km 186. Se retiran los manifestantes, por lo que se restablece la circulación en ambos sentidos. En la zona se registra carga vehicular. Maneja con precaución. Para más información llama al 074.
— CAPUFE (@CAPUFE) April 30, 2026
Autoridades recomiendan a los conductores extremar precauciones y considerar tiempos adicionales de traslado, mientras se normaliza el flujo vehicular en esta vía clave que conecta el norte de Veracruz con el sur de Tamaulipas.
¿Por qué bloquearon la carretera Tuxpan-Tampico los pescadores?
Este miércoles 29 de abril de 2026, cientos de pescadores del municipio de Pueblo Viejo, Veracruz, iniciaron un bloqueo total en la carretera federal Tampico-Tuxpan, una de las vías de comunicación más importantes del norte del estado.
La movilización, que comenzó alrededor de las 08:00 horas, tiene como objetivo denunciar la crisis económica y ambiental que atraviesan tras un derrame de hidrocarburos ocurrido hace más de un mes en el Golfo de México.
El origen del conflicto: Un desastre ambiental
De acuerdo con los manifestantes, el derrame de crudo no fue un incidente menor, sino que provocó la llegada de grandes ""plastas"" de hidrocarburo a la laguna de Tamiahua. Este ecosistema es el principal sustento de la región, y la contaminación ha generado consecuencias devastadoras para la fauna marina.
Los pescadores reportan que la producción pesquera ha sufrido una caída estrepitosa de más del 60%. Al haber poco producto y ante el temor de la contaminación del mismo, las ventas se han desplomado, dejando a más de 2,000 familias sin su principal fuente de ingresos.
¿Qué exigen los pescadores?
La principal demanda es la intervención directa del Gobierno del Estado, específicamente de la gobernadora Rocío Nahle.
Denuncian que mientras a los pescadores del sur del estado se les han otorgado apoyos económicos de hasta 15 mil pesos, las familias del norte han sido ignoradas.
Exigen que se realicen trabajos efectivos de limpieza y remediación del daño ambiental en la laguna de Tamiahua y solicitan un subsidio directo para mitigar las pérdidas económicas sufridas durante las últimas semanas.",GOOGLE_NEWS_RSS
Empresa de Tamaulipas apoya estrategia para bajar precio del Diésel - Milenio,2026-04-30 02:11,2026-04-30T02:11:00+00:00,Milenio,,https://www.milenio.com/negocios/grupo-garel-participara-estrategia-bajar-precio-gasolina,https://news.google.com/rss/articles/CBMikwFBVV95cUxON2J1NTNPaml4Mk5Jb28tZ0N4NXVWUGsxc3RTRm5kZERTOHZzSjNrN002emttUjdOajg0VWdxaTd5eHV1Vml1d3ZtemNsSHhjeEkwakJyS0UzNUM5c2RERVBJREJfVURFeFFaVVM3cDhSWEVtRzBLaUZWUTNLNzJPaXNQY1pHWlVXWkpJWXJna0FKNkXSAZMBQVVfeXFMTUx1dUNxY0hjS3BMVWY4M0dBOUJKSG9COTgxM1pNSllMMlZSV2hHX19iTGl3ZFZhWG41UHZBRjA2SVZKVVM4ZWpnVFpPcWV1SDF3NEIwb21kdUNScGlvcUJCZnB6V2o1eVF1V2Y2WDI0VXNDZkpOMFpyWUFjRTBrNnFkOU4tM3g1OVRvbUN2c3pYX0lR?oc=5,,"El corporativo gasolinero tamaulipeco Grupo Garel confirmó su participación en la estrategia del gobierno federal para reducir el precio del diesel en estaciones de servicio del país, acordado hace unos días junto a la Presidenta Claudia Sheinbaum Pardo y autoridades de energía, fijándose como máximo el litro en un costo de 27 pesos.
Tope de 27 pesos al diésel
En el evento que se efectuó la tarde del pasado lunes en Palacio Nacional, se acordó ir poco a poco ajustando la tarifa para los consumidores, principalmente unidades de transporte de carga. Esto aminora el impacto en el barril de crudo por situaciones externas y evitará una mayor inflación en productos de la canasta básica.
¿Cuándo bajará de precio la gasolina?
La mandataria externó que esto es a partir de la próxima semana y poco a poco se va a ir ajustando para llegar a los 27 pesos. Grupo Garel, corporativo con 53 años de experiencia en el suministro de energía para la movilidad, informó que se sumará a estas acciones, las cuales generarán beneficios para la economía de los mexicanos.
Este acuerdo se suma al vigente para mantener el precio máximo de la gasolina regular por debajo de los 24 pesos. La firma establecida en la zona sur de Tamaulipas, con presencia en estados del noreste de México, añadió que reitera su compromiso con la economía del país y el bienestar de los mexicanos.
Dicho plan se acordó tras un encuentro en el que participaron funcionarios de la Secretaría de Hacienda y Crédito Público, Secretaría de Energía, Servicio de Administración Tributaria, Agencia de Seguridad, Energía y Ambiente, Comisión Nacional de Energía, Petróleos Mexicanos, Guardia Nacional y Secretaría de la Defensa Nacional, así como representantes de la industria gasolinera.
¿Por qué aumentó el precio de la gasolina?
La presidenta explicó que el incremento en los combustibles responde al conflicto bélico en Medio Oriente y expresó su expectativa de que la normalidad energética se restablezca en el corto plazo.
Ante este escenario, indicó que tanto el gobierno como el sector gasolinero acordaron implementar medidas para mitigar el impacto en la economía de las familias mexicanas mientras persistan estas condiciones.
“Aquí nos ayudaron los empresarios gasolineros, los bancos y las empresas de vales, porque bajaron sus comisiones y así, todos caminamos por México”, afirmó.
AA",GOOGLE_NEWS_RSS
Esteban Andrada complica su regreso a Rayados con el castigo en España - Milenio,2026-04-30 01:27,2026-04-30T01:27:00+00:00,Milenio,,https://www.milenio.com/futbol/liga-mx/esteban-andrada-complica-su-regreso-a-rayados-con-su-castigo-en-espana,https://news.google.com/rss/articles/CBMirgFBVV95cUxOQkVhY1o0VnFvdzVrZWlaQ0JTYy1wODFvTXcyQVpvN1h3QzJQMl9ERzBXSXd1Sm1wOFNDaWh4Ul9FMFBCQW1KajB0T0syY1hjNnJHQjA3RW5iSTVyTUplVHREUVlRVk5Xay1IMmhESl9ENzJscVYyRG9kbWpoRlZGZFp3ZGdfTGVBMmV6blNPdExrd2l1OXNwam1sZS1zTERpcVl6RWhfbF9uejdaOXfSAa4BQVVfeXFMUFpIVF8zVG9Rdk04d0ZCc1hqcjdkX0FVUVY1ZkliWHNyUUhmRnFQbmpFbEZzZVhtUFBLalotcW04cS1EajBpb1FaX2dWRE1ONUNEY1BkS1VZYVVDQ2ZUeVFVcmxEUm1zNlFGVWVKcDBMRHZsbFBBMUpZUC15NGhGb3pGbG1uMG9NcVVvVzM0TTZEVTZCS2hwQ3AwczFSN3JLSXVEWF83bVZuMTMyNjFn?oc=5,,"El caso de Esteban Andrada ha generado un nuevo foco de atención en Rayados, luego de que se recordara la dura sanción que recibió en el futbol español. El guardameta argentino fue castigado con 13 partidos de suspensión tras golpear a un compañero de profesión durante su paso por la segunda división de España, situación que hoy podría tener repercusiones directas en su futuro con el club albiazul.
A pesar de que Andrada mantiene contrato vigente con Rayados hasta el año 2027, la gravedad de la sanción ha encendido alertas dentro de la institución. Desde la directiva se analiza el alcance legal del castigo, considerando que el nivel de la sanción podría abrir una vía para una posible rescisión unilateral del vínculo contractual.
Fuentes cercanas al club señalan que actualmente se están explorando alternativas legales para determinar si este caso puede ser considerado como una falta grave que justifique la terminación del contrato. Sin embargo, el proceso no es inmediato, ya que requiere un análisis detallado y el respaldo jurídico correspondiente antes de tomar cualquier decisión definitiva.
A la par de este escenario, en Rayados también existe cautela debido a la inminente llegada de un nuevo director técnico. La directiva considera fundamental contar con el visto bueno del próximo entrenador antes de definir el futuro del arquero argentino, ya que su opinión será clave en la planificación deportiva del equipo.
Otro punto relevante en la situación de Andrada es el tema administrativo relacionado con su pase internacional, el cual actualmente pertenece al Real Zaragoza. Rayados todavía tiene la posibilidad de ejercer acciones sobre este registro, lo que añade un elemento más de complejidad al caso.
En este contexto, el regreso de Esteban Andrada al equipo se vuelve cada vez más complicado. Entre el análisis legal, la espera por la decisión del nuevo entrenador y los factores administrativos, el panorama del arquero argentino en Rayados permanece incierto y lejos de resolverse en el corto plazo.
CIG",GOOGLE_NEWS_RSS
"“Se vale llorar muchachos, esto no se ve todos los días"": Tamaulipas vuelve a una final nacional después de 14 - Milenio",2026-04-30 00:24,2026-04-30T00:24:00+00:00,Milenio,,https://www.milenio.com/deportes/tamaulipas-avanza-a-la-final-de-la-olimpiada-nacional-de-futbol,https://news.google.com/rss/articles/CBMinAFBVV95cUxNLXJsOVdYeXhhMXFPdzVJaVlvSnh2a2poYkFzd29YcGNsOHdrdGNSQ01PVHNVdVV5ZFpJemg3OUJ2TVppeXFadXg2UUVjRHFzNUI3VnpHVFQ3emhHcGZIeUZpWGlXLWU4WE9RN0hsc1hPQlBFOEFoNGtaRzZtZWF3WkRCS2drMEw4c2Ntbk0zb1JiUmE2d2l0T1c3MFjSAZwBQVVfeXFMUFBmYTFGTUFuVmRYMGdPTkM4NXk5dzF4OEZxWVlHSXNmSzFITVJMM0NwaW9HQlcwVzBWdUd2MTVna0o0VnNpRkpoUG9tVmxLTHhjU21VSVdVdlZfYkEzWHJBNjVRdjl6Q3cxWUJHRlRqcXBDdGdPNWhJSDFuRnlGQTFuNjNkbVdhZGpDTy12QWppMFZERHJRbnhNbm51?oc=5,,"Si alguien en Tamaulipas ha tenido emociones a granel en el fútbol, es Miguel Mendoza San Luis, quien ostenta ser el mejor forjador de talentos, no solo deportistas de alto rendimiento, sino también hombres de bien.
Tamaulipas vuelve a una final tras 14 años
El deporte da revanchas, dicen los expertos, y Mendoza San Luis así lo reafirma pues nuevamente una selección de Tamaulipas, después de 14 años, se vuelve a instalar en una final de la competencia más importante en el país en el ámbito Infantil y Juvenil, la Olimpiada Nacional, después de vencer 2-1 al representativo de Querétaro.
La competencia que tiene como sede la Ciudad de Puebla, registró una semifinal llena de alto nivel competitivo en el que se presentaron 16 equipos de diferentes entidades, pero fue Tamaulipas quien hizo mejor las cosas en el terreno de juego.
Remontada con carácter tamaulipeco
La dupla en la dirección técnica conformada por el DT Luis Rodríguez y Miguel Mendoza, tuvo qué remar contra la corriente pues se vio abajo en el marcador cuando apenas se cumplían los primeros 20 minutos de juego, sin embargo, al 30´ los tamaulipecos emparejaron el marcador 1-1 con un remate de cabeza dentro del área.
Al minuto 10 de la parte complementaria, Rodrigo Gómez, anotó el gol definitivo tras una jugada a balón parado, aprovechando un tiro de esquina para definir con precisión y colocar el marcador 2-1. Tras el silbatazo final, llegaron los festejos “se vale llorar muchachos, esto no se ve todos los días"", dijo emocionado Miguel Mendoza.
Plantilla con talento de todo Tamaulipas
El conjunto tamaulipeco está conformado por diez jugadores de Reynosa, dos de Matamoros, dos de Tampico: Ricardo Marroquin y Luis Pérez; dos de Altamira: Andrei Guzmán y Lucas Cruz; dos de Ciudad Madero: Josimar López y Christopher Tapia.
La final por la medalla de oro se jugará ante la selección de Coahuila el 26 de mayo en el estadio CU de la UNAM, casa de los Pumas, en el marco del Mundial Social promovido por la Comisión Nacional de Cultura Física y Deporte (CONADE).
JETL",GOOGLE_NEWS_RSS
Analizan reubicar primaria en Ciudad Madero por riesgo de refinería - Milenio,2026-04-29 23:47,2026-04-29T23:47:00+00:00,Milenio,,https://www.milenio.com/comunidad/buscan-reubicar-primaria-ciudad-madero-cercania-refineria,https://news.google.com/rss/articles/CBMilgFBVV95cUxNRWFCVGU1VHVOUTNicHl1Z1ZSY2F2REZYRTJQSTIzV1dIWnZ1OWFOSTFSUndYSERzWTB4dWFLZnVLNE5fQ3owSU15bmxTRy14Y1lER0M1MlhxeEpveW5LSWdwSloyQzByQWVQdnVOZGhEcUVOMy12cGh2cjVuYlpUU3o1OXJGYmNveUhxZ0FVRXRTWnFsaWfSAZYBQVVfeXFMUEdJWThjVHVEZG1zYk1saHNZb05Sa1pvam05UUdfRFROM1J6WUZ3NzNoa0FRRnFVNkxfcTF2dGFESi01bE5VMWtCa3FNWGprbk1Ob1pFTXpncEVJbm81UU5hWkZBZVRqVG15dDBrcmx0MmV5d1czVzFPSTNoU3ZadFdLTjZHa0E3TW95My0zX2hBX09YVndR?oc=5,,"La comunidad educativa de la primaria “Aurelia García Rodríguez”, ubicada sobre la avenida Álvaro Obregón en Ciudad Madero, se mantiene abierta a una posible reubicación del plantel debido a su cercanía con la Refinería Francisco I. Madero, lo que consideran un factor de riesgo ante eventuales contingencias y por la exposición a emisiones contaminantes.
La directora del plantel, Sixta Bautista Juárez, señaló que, aunque hasta el momento no se han registrado afectaciones directas a alumnos o personal, existe preocupación por las condiciones del entorno industrial que rodea a la escuela.
“De hecho hace 2 años estuvo aquí gobierno del Estado, estuvo Protección Civil y la Secretaría de Educación. Venían a pues a que les informáramos, las preguntas que nos hicieron: cuántos alumnos, de dónde vienen y bueno, se les dijo que vienen de 34 colonias de esta ciudad, incluidas tres colonias de Tampico y dos de Altamira. Yo espero, de verdad, que Dios ilumine a nuestro gobernador, el doctor Américo Villarreal Anaya y sí voltee a ver que sí necesitamos la reubicación”
Escuela de 107 años queda rodeada por industria
Indicó que el plantel, con 107 años de antigüedad, cinco más que la fundación de Villa Cecilia, hoy Ciudad Madero, ha operado durante décadas sin incidentes mayores relacionados con la refinería. Sin embargo, reconoció que el crecimiento de la infraestructura industrial ha dejado a la escuela prácticamente rodeada por estas instalaciones.
“Nuestras puertas sellan, están los niños dentro del salón y salen solo unos minutos, cuando hay emanaciones, suspendemos educación física, pero ustedes saben que se suspende educación física también por el exceso de calor. Entonces, siempre estamos muy al pendiente”
La directora subrayó que existe disposición de la comunidad escolar para un cambio de sede, siempre y cuando se contemple el traslado integral de alumnos, docentes y personal, y no una dispersión en otros planteles, como se planteó en el pasado sin concretarse.
“Los papás en aquel momento que vinieron las autoridades, los papas pedían que se reubicara la escuela con todos. Porque en aquel momento querían que se fueran los niños, nada más a otras escuelas”.
Realizan simulacro de incendio como medida preventiva
Este miércoles, la escuela llevó a cabo un simulacro por un conato de incendio en la sala de cómputo. En punto de las 9 de la mañana, la directora activó la campana para iniciar el protocolo de evacuación, como parte del segundo ejercicio de este tipo en el ciclo escolar.
JETL",GOOGLE_NEWS_RSS
¡Atención! Más de 25 colonias sin agua en Altamira este miércoles: horarios y zonas afectadas - Milenio,2026-04-29 22:53,2026-04-29T22:53:07+00:00,Milenio,,https://www.milenio.com/comunidad/corte-agua-altamira-29-abril-2026-colonias-afectadas-horario,https://news.google.com/rss/articles/CBMimgFBVV95cUxNME52VndSZVlUUll4ZTVhbGhMdVpxaTdkNXROWmpHX1FkMGstWE1kRk1OZzZ3N1lSbjgzV2VCM0NQTkY0UGR4LUxtYlRkS2kxMXhHUTdQTzdiM1pZay15RE1wdEdBOElDM2hncEJFWFVDRHF4Mm41V0d3bDd2QTVoV2prNUFSeEVhb1dJcDVZRFhveXhwNHI4OVBn0gGaAUFVX3lxTE53dDI5NWhTZWpPUHZaQWNUZXVScTh4MklYejVGZ0VTeHAtRWQ5bm93SS1RRTZ2OTM2VlZQNGdFT2F2amtHVi10SWhVUE5HR0E2TWh0N3hWaEd1eUZHOTFpOGw4ek9XRXdZbVc4Z25nc3FWeF9GOVVjYVF3cDcxY2NrUllJTEFMNVNSQTZHUFdwTGpPTVJVQmZuVWc?oc=5,,"El suministro de agua potable se verá interrumpido en diversas colonias de Altamira este miércoles 29 de abril, debido a trabajos de mejora en la infraestructura hidráulica. Autoridades piden a la población tomar precauciones ante el paro temporal.
¿Cuándo inicia y cuándo termina el corte de agua?
De acuerdo con el aviso oficial mediante las redes sociales de Comapa Altamira, el corte comenzará el miércoles 29 de abril a las 8:00 de la mañana y tendrá una duración estimada de 10 horas aproximadamente
Se espera que el servicio comience a restablecerse de manera gradual durante la tarde noche del mismo día, aunque la presión podría tardar más en normalizarse completamente.
¿Qué colonias de Altamira y Tampico estarán sin agua?
El corte afectará a más de 25 colonias. Entre las principales zonas impactadas se encuentran:
- Tampico–Altamira
- Ganadera
- Floresta
- Loma Bonita
- Españita
- Real Campestre
- Central de Abastos
- Punta Laguna
- Náutico
- Serapio Venegas
- Jazmín
- Valle Dorado
- Gemma
- Benito Juárez
- Tamaulipas
- Plomeros
- Albañiles
- Miramar
- Habitacional
- Morelos
- Bahía
- Nuevo Tampico
- Primavera
- Santa Elena
- Contadero
- Guadalupe Cervantes
- Nuevo Madero
- Fresnos
¿Por qué habrá corte de agua en Altamira este miércoles 29 de abril?
El organismo informó que el paro se debe a trabajos en la planta Laguna de la Puerta, específicamente:
- Instalación de una válvula en el libramiento poniente
- Colocación de una válvula tipo “Tee” en el fraccionamiento Real Campestre
- Estas acciones buscan mejorar la distribución del agua y prevenir fallas futuras en la red hidráulica.
¿Qué impacto tendrá el corte en Altamira el miércoles 29 de abril?
Se prevé que el corte afecte a miles de habitantes en la zona conurbada, incluyendo áreas habitacionales y comerciales. Se recomienda a negocios, escuelas y hogares almacenar agua con anticipación.
¿Habrá pipas o alternativas de suministro?
Hasta el momento, no se ha confirmado un programa especial de pipas durante el corte. Sin embargo, se recomienda a la población, almacenar agua suficiente para uso básico, reducir el consumo durante las horas previas, mantenerse informados a través de canales oficiales.
JETL",GOOGLE_NEWS_RSS
Juguetes tradicionales pierden demanda en Tampico ante tecnología previo al Día del Niño - Milenio,2026-04-29 19:10,2026-04-29T19:10:00+00:00,Milenio,,https://www.milenio.com/comunidad/ventas-juguetes-caen-tampico-ninos-prefieren-tecnologia,https://news.google.com/rss/articles/CBMikwFBVV95cUxOMUxSY2d1aDRyWElEN2hOVXg1YnJiMjRRckoySm04Nlg2LWQ3TVZWWkN2ejVXZXNmS1dwRkJtSVc4RHBwNXV3SVJvTFcxWHN0Tk1TME5OMVVVS3hlczhjUDZhWnVzYzNfaDVnbGlHd2lHbUlmMHZjTzhYZ3lyTi0yYXd2WW4wX3VfVzllUGJmUXdXVEXSAZMBQVVfeXFMTlhFNHFxckVscVlfc08waHluMnhRZmQ3Ykx6T196TjFSYk9RMzFhSmV5ZFQ3aFRvRzhQM0JwMkNERFAzQk1CUWkxY1ZLZEZlMnRqTDJOQnlqdnVvYWxrM0V5NjRnQWpNUFhyenJHamtLdUtVSC1TQUJqTl9LNGRFaUYxcG5XRHF0VlBZdHBkQkZoY0pn?oc=5,,"Los comerciantes de muñecas, carritos y pelotas aseguran que el Día del Niño no representa un aumento en ventas, al menos en el preámbulo, ya que han tenido una baja de hasta 60% porque los niños de hoy prefieren celulares.
La señora Amelia Ordoñez, responsable de Novedades Nady, indicó que las ventas han caído entre 50% y 60% en juguetes tradicionales como carritos y figuras de plástico, debido al cambio en las preferencias.
Niños prefieren tecnología sobre juguetes clásicos
“Los niños en este momento ya no quieren este tipo de juguetes, los que se llaman tradicionales; lo que quieren es que sus papás les regalen teléfonos, videojuegos, Xbox, quieren tecnología”, externó la comerciante.
Aseguró que lo único que puede salvar las ventas son las pelotas, ya que cada reja cuesta alrededor de $35 y es lo que más se compra para regalar en fiestas o celebraciones del Día del Niño.
En esta temporada, escuelas y gobiernos organizan eventos alusivos, siendo las pelotas de plástico los artículos más populares para obsequiar.
Comercios buscan atraer clientes con descuentos
Durante recorridos por el Centro de Tampico se ha detectado que algunos negocios intentan incentivar las ventas previas al 30 de abril, principalmente con mercancía de importación y promociones de hasta el 20%.
Aumentos en costos impactan al comercio
La comerciante señaló que otro factor que influye en la baja de ventas es el aumento en fletes, combustible y otros insumos, lo que complica la situación económica.
“A la mera hora las familias deciden qué comprar en lo que tiene que ver con juguetes, pero no siempre funciona, al no existir capacidad para hacer gastos”, manifestó.
Indicó que, en este tipo de celebraciones, el gasto suele enfocarse más en la convivencia familiar, beneficiando a restaurantes y negocios de comida rápida como pizzas, hamburguesas y pollo frito.
SJHN",GOOGLE_NEWS_RSS
¿Van a regresar? Quejas de los usuarios llevan a replantear rutas en Tampico - Milenio,2026-04-29 18:48,2026-04-29T18:48:19+00:00,Milenio,,https://www.milenio.com/comunidad/cambios-transporte-publico-tampico-replantearan-rutas,https://news.google.com/rss/articles/CBMikAFBVV95cUxQVHdLd3NBSi1mQkl1UHpVNGhXMmtmem1ZZmdUUHdJdHJFOEtxZVc1Q2dwRHVKYzQzdV82VktzdGpTaEU5US16S0hmekQ1U1VxXy1pRV9YNl9zTlFMLVRJdE1QcURDaE5XTDRyZFNoSHlHZEJLc05vZ2tQVktDUlNsRXdDNlhZNXFldWlOZ0ZwVFTSAZABQVVfeXFMUElkei15c0JWX1pJa016QUsyQUMyQ3dzV25XTzlaY2g5TUlIX1pVdXZqYzJzZHIySHJHbXN4anVEMWxkdlUwRW9fMWw0SnNxTVdyd0E3Qk0wdE5FSXpIWm1welUxV1J1SDZyVzhGNGRXbVN0U1h2VGFOV0UxTHVzLTk4amdRQ1BnalB0TXBYRnZk?oc=5,,"La Comisión de Transporte de Tampico propuso replantear las modificaciones que se hicieron en las rutas del norte de la ciudad, ya que han generado quejas en redes sociales de parte de ciudadanos que batallan para llegar a sus trabajos.
Guillermina Arriaga, comisionada de Transporte, aseguró que se debe replantear y que no todas las rutas pasen frente al Issste, ya que en redes se dieron cuenta que sí afectaron de Transporte Público vamos a ver cómo vamos a poder atender a todas las necesidades de la gente que se quedó sin transporte”, enfatizó la autoridad tampiqueña.
Recalcó que se tiene que ver cuál fue el estudio y la metodología para hacer el cambios en las rutas con el fin de hacer las modificaciones correspondientes, que puedan beneficiar a la mayor cantidad de ciudadanos.
Si bien se solicitó que se cambiarán los recorridos para pasar frente al nuevo Hospital, se tiene que evaluar regresar una o dos a su ruta normal para no afectar a los trabajadores que a ciertos ciudadanos de colonias del norte.
“Como presidenta de la Comisión tienen que llegar desde las colonias hasta la carretera Tampico-Mante. ""
De acuerdo a la autoridad de Transporte se buscó beneficio a la población, hay otros ciudadanos que lo demostraron de forma negativa en Facebook o WhatsApp, ya que tuvieron complicaciones a partir del fin de semana anterior.
Hay ciudadanos a los que no cayó nada bien el cambio de rutas en las colonias del norte, como Juan Manuel, que tiene que caminar 13 cuadras desde su casa en la colonia 2 de Junio hasta la carretera TampicoMante, para poder tomar un coche que lo lleve a su trabajo, en una tienda a un costado del Aeropuerto.
Desde la cercanía de su vivienda, cerca del parque de la citada colonia, aseguró que había dos autobuses que lo dejaban a algunos metros de su trabajo y fueron dos de los cuales cambiaron el recorrido luego de “un estudio” realizado por Transporte Público, para pasar frente al nuevo hospital del Issste.
Parece fácil caminar para una persona joven, pero sí impacta en un momento en el cual las temperaturas superan los 30 grados centígrados por la mañana y en algún momento alcanzan hasta los 40 grados centígrados de sensación térmica por la tarde.
Manuel refiere que fue una mala planeación, porque dejaron a muchas personas sin transporte hacia dicha zona de la ciudad desde las colonias pegadas al Libramiento como Tancol, La Paz, 2 de Junio, partes de Tancol, Jardines de Champayán, entre otras.",GOOGLE_NEWS_RSS
Apenas vuelve el calor y recibos de CFE llegan con altos cobros en Tampico - Milenio,2026-04-29 15:22,2026-04-29T15:22:00+00:00,Milenio,,https://www.milenio.com/comunidad/recibos-luz-disparan-tampico-pese-reciente-inicio-calor,https://news.google.com/rss/articles/CBMikwFBVV95cUxQSWxTWFpqRF9kcnZRYXd5R1d1U21KZy1rZF9ILVF4enVFZ200RlNHWTJvZE9SaWdudmdEd3U5U25GRXM5LWVjRXhmUjdGU3RwX0FHczU3WG9acFhLYzZtZWRuYnpQdkhUc0Z5TDMzX2V6SnVBS2NfUHJ1amt4RUJKbjYxVEgwbmNUOWl4YjhPYl9CUWvSAZMBQVVfeXFMUG15SnhlazBIbzhVdlplclpMem9aZlFqc2lNM3pMRVNHUmtQX3ZuS3ppdm1ENkVQVklaZ0hqLS1lTHEwcC1uRk1aV2JKaTdnSVpQQjItU1A2OERESGFJYW1qMTYtVmpjOERHbzl2RG1fdGctWDBGTG5MOXB2RFhZT29yZVY4dk1SNEMzR3g5SjBSYm5J?oc=5,,"El calor apenas tiene una semana que se ha vuelto casi insoportable para algunas personas, pero hay familias que reportan un aumento superior al 100% en las tarifas de energía eléctrica doméstica.
Una usuaria del residencial Bancario, que se encuentra en la zona norte de Tampico, refirió que “el recibo más reciente que se tiene que pagar en este mes de abril le llegó en $2 mil, cuando pagaba normalmente $1 mil, aunque no se ha utilizado mucho el clima”.
Colonias del norte de Tampico reportan incrementos
En el mismo sector, pero en Tancol, la ciudadana Evelyn destacó que notaron un aumento considerable en el recibo que manda cada dos meses la Comisión Federal de Electricidad (CFE), ya que “normalmente se pagan entre $600 y $700, pero ahora llegó de $1,140”.
En este sector de la ciudad ya se representó un aumento de por lo menos el 70% de una tarifa normal, al menos a lo que están habituadas dichas familias en la zona norte de Tampico, lo cual no entienden, al asegurar: “no tenemos clima y tampoco aire acondicionado”.
Más colonias se suman a las quejas
Desde la colonia Magdaleno Aguilar, también en la zona norte de Tampico, los reportes de los ciudadanos son de aumentos considerables en el cobro de la energía, poco antes de que empezara el calor extremo en la ciudad, lo que llevó posteriormente a un mayor uso de climas.
Detalló un ciudadano, persona de la tercera edad, que regularmente paga $1,567 y ahora el recibo le llegó en $2,221. Es una situación que en este momento es generalizada en diversos sectores de Tampico.
En Tamaulipas, la onda de calor, de acuerdo a la información de autoridades de Protección Civil, tiene aproximadamente una semana. Sin embargo, algunos de los recibos expedidos por la empresa productiva del Estado ya estaban en las puertas o buzones de los ciudadanos antes de ese momento.
La lucha de los legisladores de Tamaulipas se mantiene desde hace años, ya que no han logrado que las tarifas en una región con calor extremo, como el sur de la entidad debido a la alta humedad, puedan disminuir.
Detectan cobros elevados en otros municipios
Recientemente en Tamaulipas se detectaron cobros elevados en al menos cuatro municipios, entre ellos González y Xicoténcatl.
Otro de los casos fue Altamira, que de acuerdo con información oficial, no había reportado el cambio de infraestructura con tecnología LED.
SJHN",GOOGLE_NEWS_RSS
"Vamos por la Liga Mx, lo pelearemos a muerte: directiva de Jaiba Brava - Milenio",2026-04-29 15:20,2026-04-29T15:20:01+00:00,Milenio,,https://www.milenio.com/deportes/futbol/liga-mx-pelearemos-muerte-directiva-jaiba-brava,https://news.google.com/rss/articles/CBMikAFBVV95cUxNQVk4bDg3b2RDTUxHdjFadHB2UWpaeUVfeVVrWEZ4WlZkbXVYZVVEYmRsRURvWnRuMWJhMTJOZW94NllUd2Z2WWFaazNJYXpqQ2l5X2p1bUEwWndSUm15MzZQVzNfaVYxN1V1Tm9yRVNmMWZQMUV2VlFkVG4tb2lTeTJNX3pDaExMR1ljaVJKV2nSAZABQVVfeXFMTTBaaWxmd2dwMDN1VDBvNUlQSGVMdkt5d0x6TnpSRzNDb1laZzYtSktOQVZqU29kc09LcTR3M1ViZ1FZeU5ESkJub3dCa211bEpkZnFIU2ZsallUWDlITFpQTmxSTGpBc2hiQUdYMlhiS2NtNUxPSW1sODJGZUtRZ0d1RUFHWlJkMzFzczY2OV9R?oc=5,,"El proyecto de llevar a la Jaiba Brava del Tampico-Madero a la Liga Mx dio el paso más sólido hacia ese objetivo, catalogado por la directiva. A la espera de las reglas que impondrá la Federación Mexicana de Futbol (FMF) para buscar el ascenso, la adquisición del certificado como franquicia de Liga de Expansión es el paso más sólido hacia esa meta.
Para esto, dijo el director deportivo de la institución tamaulipeca, Pedro Luis Beltrán, la inversión garantiza la permanencia del club en la zona sur de Tamaulipas. Ahora, se avanzará en mejorar el Estadio Tamaulipas, crear las fuerzas básicas y un equipo femenil, contar con instalaciones propias y cubrir los aspectos administrativos.
“Lo visto con esta nueva administración de socios y empresarios de la región, desde lo deportivo con buenos resultados y el administrativo de adquirir los derechos, habla de una seriedad en el proyecto y queremos la Primera División, es el objetivo de todos los integrantes del club. Esas dos partes nos llevará a ello”, apuntó.
El lograr el certificado al llegar a un acuerdo con Cimarrones de Sonora tras dos años de negociaciones, avalado por el Comité Ejecutivo, le permite a la institución quitarse la etiqueta de invitado y ahora es un miembro más, con voz y voto, dándole derecho a participar en las planeaciones deportivas y el avance de la categoría.
“Obviamente vamos por certificarnos hacia lo que viene, hacerlo en todas las aristas del club en el corto o mediano plazo y estar en Liga Mx. Esta plaza es histórica, lo vemos cada fin de semana y la merece, pero sabemos que se debe trabajar en equipos interiores, femenil, infraestructura deportiva y financiera. Hay mucho por crecer, pero se dio un paso sólido para el futuro de la Jaiba Brava”, recalcó.
El conjunto en todos los rubros tiene un ascenso luego de la venta hecha por Grupo Orlegi en el 2022. Bicampeón en Liga Premier en 2023 y 2024, motivo que le permitió ocupar este sitio y a dos años de su retorno ha tiene un título, un subcampeonato y la posibilidad de un trofeo de Campeón de Campeones.
Como sucede con el resto de las instituciones que participan en la división de plata del fútbol mexicano, existe la incertidumbre sobre el cómo podrán ser parte del máximo circuito, un tema sin abordarse en la última Asamblea de dueños la semana pasada. En tanto, la institución celeste no pretende dormirse en sus laureles y enfocará acciones hacia ciertos aspectos de infraestructura.
“Trabajamos en el plan de acción del Estadio Tamaulipas, tiene muchas áreas de mejora a realizar, de forma paralela e independiente a los lineamientos de la Federación. También queremos que se flexibilice la situación de la certificación. Si dicen que es un equipo que debe cumplirla y gane para encontrar un espacio, lo pelearemos a muerte. Esperamos que este verano tengamos las reglas claras y cómo trabajar”, apuntó el director deportivo.",GOOGLE_NEWS_RSS
En mayo termina construcción del nuevo Hospital Civil de Ciudad Madero - Milenio,2026-04-29 14:30,2026-04-29T14:30:01+00:00,Milenio,,https://www.milenio.com/negocios/mayo-termina-construccion-hospital-civil-madero,https://news.google.com/rss/articles/CBMihwFBVV95cUxPaFdxYlhENXdBNUU0VjdCZEtMQUtjRDhfV3VBWjhDaXZoOVdHLXJKNU5UT2U0akx5MGloRWJZOW55TWc3VGNiTm4wVHc3N0QzOVo0RjZvQnZLMEpvTzZLQWhZU2NrcDV1b1lDNFdYZ3pqXzlITVR2V2NkYk1vLVJxWEpJR2R3ZFXSAYcBQVVfeXFMUHkwQVZvcml5bFluRWx4VElCakFBWlJCT0NZVERTdnFaRGxnR1FjQ2E3bHRMMHlOWW1XeGF5OWhoV3pQam5Db2xJd2ZJOXlnMWV4UGNIdVdmWkdqTWtpR1RfeUM4U21DWWRwXzlKYUxLeVJhcmtCRTk5dThDS0l5dTJ0U1pxeVdB?oc=5,,"En la primera semana de mayo se terminará la construcción del nuevo hospital civil de Ciudad Madero. El nuevo plazo fue puesto por la Secretaría de Obras Públicas de Tamaulipas. Con esto, terminarán 11 años de espera para pacientes como habitantes de la zona sur y estados vecinos de contar con sitio adicional para el acceso a la salud pública.
La obra cuyo costo aumentó a casi 800 millones de pesos, entre aportaciones federales y estatales, se encuentra en la fase de finalizar el área de oncología, una de las especialidades que tendrá dicho nosocomio, informó Pedro Cepeda Anaya. Tras cumplir este plazo, se anunciará la inauguración oficial y abrirá la atención a la región Huasteca.
“Ese proyecto tiene muchos años que se ha venido realizando. Nosotros entramos en esta administración y para la primera semana de mayo estará totalmente terminado. Nos faltará confirmar la fecha en que el gobernador (Américo Villarreal Anaya) invite a la presidenta (Claudia Sheinbaum Pardo) y venga a la inauguración”, enfatizó.
La infraestructura que se esperaba entregar durante el sexenio de Enrique Peña Nieto, presentó diversas fallas lo cual derivó en denuncias contra las constructoras Tzaulan y M Tres, luego de una revisión hecha por la consultora HQ control, alargando con ellos su entrega y aumentando el costo del recinto hasta el doble.
“Falta edificar el espacio para el área oncológica, además del equipo a implementar. Esto es una ventaja pues tendrá una especialidad este nosocomio y nos da la oportunidad de atender a gente tanto del estado como de regiones de Veracruz y San Luis Potosí”, añadió Cepeda Anaya.
Del resto de las áreas, el 85 por ciento del equipo de salud ya está dentro del hospital. Tanto al sector privado regional y a los involucrados en el sistema de salud, se dieron cuenta de estos avances.
“Todo es totalmente nuevo, falta una mínima parte que en este mes llegará. Son 90 camas que estarán disponibles”, puntualizó.",GOOGLE_NEWS_RSS
EU emite alerta por violencia tras detención de líder delincuencial en Reynosa - Milenio,2026-04-29 14:25,2026-04-29T14:25:39+00:00,Milenio,,https://www.milenio.com/comunidad/eu-emite-alerta-violencia-reynosa-tamaulipas,https://news.google.com/rss/articles/CBMihAFBVV95cUxOdHpUd1gyMGRUdTRzTmpLNUd1WlFXQUw5ZWtxY1luOUxOaWdQXzdJOTlhOFVhQ3VaZ1ZnV2hFMl9XOVNWamhIN1h3WXpkcmFWTmkwbTdaU0tCWnY0WFZfczRLOFpmYm9GTzJVNHgzYk5YUnktMVBOZXpIdUtEbExEVVhZaTbSAYQBQVVfeXFMTVpaZ0FnNl9iZEhaZXhrcGVfSlYyM2dfS3F1QXlpOG84d1M4SlJJR2RoR1NFUlR0UFZJWDBiUTJ2V25CbUtSVXdsYldGcEFIaWxreHpvak9CQkE5STd4bzI0VGVRVUNIZmFiUWxaTjJRM0FOMmc0aHc1SmFxUjRlcmNjNkFD?oc=5,,"Por los bloqueos que se generaron tras la detención del Metro 9, integrante de una célula delictiva del Cártel del Golfo, Estados Unidos otra vez elevó a nivel 4 la alerta para sus ciudadanos y la recomendación es no viajar a Tamaulipas por terrorismo, delincuencia y secuestro.
Ante la gravedad de los disturbios, las autoridades estadounidenses ordenaron a sus empleados gubernamentales restringir totalmente sus movimientos en la ciudad y áreas circundantes, en una alerta que subieron en la página oficial del Consulado en Matamoros.
“Se ha ordenado a los empleados del gobierno de los Estados Unidos evitar la gran zona de Reynosa”, dicta el comunicado oficial, subrayando que la vigilancia debe ser máxima en todo momento.
El Departamento de Estado reiteró que Tamaulipas permanece bajo el “Nivel 4” de su aviso de viajes, la categoría más restrictiva que recomienda “No viajar por terrorismo, delincuencia y secuestro”, bajo ninguna circunstancia.
En la alerta se recomienda a sus ciudadanos evitar las zonas de mayor afluencia y áreas conflictivas dentro del municipio de Reynosa. Para quienes deben transitar por la zona, las directrices de seguridad sugieren mantener un perfil bajo en todo momento, evitando llamar la atención innecesariamente, y elevar el nivel de vigilancia personal mediante una observación constante de los alrededores.
En caso de encontrarse en una situación de riesgo inminente o requerir apoyo inmediato, se recordó que la línea de emergencias 911 se encuentra operativa y es el canal oficial para solicitar el despliegue de las autoridades locales o servicios de asistencia.
Van cuatro alertas que ha emitido EU en Tamaulipas
De acuerdo con las alertas que se han emitido en las páginas oficiales de sus consulados en Tamaulipas, desde el 2025 se han contabilizado por lo menos cuatro a la entidad, que concentra advertencias por crímenes de alto impacto y hasta el riesgo para la movilidad.
La primera del 2026 fue el pasado 27 de enero de 2026 y no solo mencionó un nivel 4 con la advertencia de “No viajar” a municipios, como Reynosa, Río Bravo, Valle Hermoso y San Fernando “debido a delitos (tiroteos) y secuestros”, sino que además advertía sobre “evitar mover o tocar artefactos explosivos improvisados”.
yc",GOOGLE_NEWS_RSS
Suman 178 investigaciones por abuso sexual en escuelas de Tamaulipas - Milenio,2026-04-29 14:12,2026-04-29T14:12:18+00:00,Milenio,,https://www.milenio.com/comunidad/casos-abuso-sexual-escuelas-tamaulipas-178-investigaciones,https://news.google.com/rss/articles/CBMilwFBVV95cUxPamFiS0g5ck04eWRkbjdibVZ0bS1LZFFhWl9yb3k4NFhOYmtlNUlXWUloYTNGLVg1dk9vSFhqSDB0V1JjaE04dXpZazVKc2Y5dDlmbDNKTXQ3VFFRcFg2MUxnQ0VMTUFuQVhIX2ZCT2NWU1ZUeXpDZ0JIdEgxdFBRN2N1bDlwUzJrSGZpYWpGUUI0eXAtLWVn0gGXAUFVX3lxTE5FaUdXcGxHV3pIc3FNTVk2YkRhdkZYdjBvUllnQnBhOENVSjJZNTI5ZWdGREpmS3J4MkJvaEtmdEozRHlKNWlJcDB5Q2lhd3pRTWZkaV9sSnNKX1ozb2FrUko5T2xzVTJDSFI0NlVaUzAwTWlXYkRzck01STFfazBxUDdFTHdfV1dNLS0yUWVlbkRTeTQ0c1U?oc=5,,"La Secretaría de Educación en Tamaulipas (SET) reconoció la existencia de 178 denuncias por abuso sexual en el ámbito escolar, al tiempo que aseguró la aplicación de protocolos estrictos para atender estos casos y prevenir nuevas agresiones.
De acuerdo con el titular de la SET, Miguel Ángel Valdéz García, se han registrado cuatro presuntos casos de abuso sexual cuya denuncia fue iniciada directamente por la dependencia, mismos que ya son atendidos por las instancias correspondientes.
Sin embargo, agregó el funcionario, cifras de la Fiscalía General de Justicia del Estado revelan una dimensión mayor del problema, al reportar un total de 178 carpetas de investigación abiertas durante 2024 y 2025 por delitos relacionados.
En rueda de prensa posterior a su comparecencia ante el Congreso del Estado, el secretario dijo que, ante cualquier señal o denuncia, se activa de inmediato el protocolo de protección escolar, el cual contempla la separación preventiva del presunto agresor, así como la notificación a las autoridades competentes.
Asimismo, indicó que los casos se trabajan de manera coordinada con la Fiscalía especializada en delitos contra niñas, niños y adolescentes, así como en violencia de género, a fin de garantizar que las investigaciones se desarrollen conforme a la ley.
Respecto a las sanciones, precisó que la inhabilitación de docentes o personal educativo solo procede cuando existe una resolución firme por parte de la autoridad judicial, aunque subrayó que las medidas preventivas se aplican desde el inicio de las denuncias.
En torno a señalamientos específicos, como el de un presunto directivo con múltiples denuncias, la autoridad educativa informó que, tras una revisión preliminar con la Fiscalía, no se encontraron registros formales en su contra.
Pese a ello, el funcionario reiteró que la postura institucional es de “cero tolerancia” frente a cualquier forma de violencia en las escuelas, incluyendo abuso y acoso en todas sus manifestaciones.
Entre las acciones preventivas, destacó lineamientos como evitar que alumnos permanezcan a solas con adultos, mantener supervisión constante en espacios sensibles como sanitarios, y fortalecer mecanismos de detección temprana.
El tema, reconoció, “no es exclusivo de Tamaulipas”, pero insistió en que ello no debe minimizarse, por lo que se trabaja en la armonización de protocolos con autoridades federales para reforzar la protección de la comunidad escolar.
Alinean carreras con polo de desarrollo en Altamira
Al comparecer ante el Pleno Legislativo con motivo de la glosa del cuarto informe de gobierno, Miguel Ángel Valdez, indicó que se está alineando la oferta educativa, particularmente en nivel medio superior y superior, con las necesidades reales del desarrollo económico, con énfasis en regiones estratégicas como Altamira que será impulsada como polo de crecimiento.
Expuso que el objetivo es corregir el desfase histórico entre la formación académica y el mercado laboral, evitando la sobreoferta de carreras tradicionales con baja demanda y promoviendo nuevas opciones vinculadas a sectores productivos.
Como parte de esta estrategia, detalló que en Altamira ya se abrieron al menos seis carreras relacionadas con actividades clave como logística, náutica e ingeniería portuaria, anticipando la demanda de capital humano que generará el desarrollo industrial y portuario en la zona. Este mismo modelo, dijo, se está replicando en otras regiones como Matamoros.
Valdez García explicó que este proceso se articula a través de la Comisión Estatal para la Planeación de la Educación Superior (Coepes), donde participan instituciones educativas, sector productivo y dependencias gubernamentales, con el fin de armonizar la formación profesional con las oportunidades laborales reales.
Reconoció que actualmente existe un problema estructural de inserción laboral, ya que muchos egresados tardan varios años en encontrar empleo en su área y, cuando lo logran, perciben salarios iniciales que oscilan entre 8 mil y 14 mil pesos mensuales. Ante ello, indicó que la política educativa también busca fomentar el emprendimiento, al considerar que no todos los profesionistas lograrán colocarse en el mercado formal.
El secretario señaló que el modelo educativo está en transición hacia esquemas más flexibles, que incluyen microcredenciales, formación dual —que combina estudio y práctica en empresas— y una actualización constante de contenidos, ante la previsión de que los conocimientos adquiridos en una carrera ya no tendrán vigencia prolongada.
Subrayó que estas acciones forman parte de la estrategia “Tamaulipas Educa”, orientada a fortalecer la vinculación entre educación y desarrollo regional, con la intención de que los egresados no solo accedan a un empleo, sino que respondan a las necesidades productivas del estado en el corto y mediano plazo.
Violencia y neurodivergencia, grandes desafíos
El secretario reconoció que el sistema educativo enfrenta desafíos estructurales que van desde la violencia en las escuelas hasta el incremento de casos de neurodivergencia,
Admitió que la violencia escolar se ha convertido en una de las principales problemáticas, al reflejar dinámicas sociales y familiares que terminan por trasladarse a las aulas. Por otra parte, apuntó que la neurodivergencia entre la población estudiantil, exige nuevas respuestas pedagógicas y mayor capacidad institucional.
“El sistema educativo no puede quedarse inmóvil”, sostuvo, al plantear la necesidad de abandonar inercias burocráticas frente a estos fenómenos.
No evadió el tema de rezagos, mencionando que alrededor del 30% de los planteles educativos presenta carencias en infraestructura básica, en un sistema que atiende a cerca de un millón de estudiantes en casi siete mil escuelas. Frente a ello, aseguró que la administración estatal busca cerrar estas brechas antes de que concluya el sexenio.
En términos de expansión, subrayó que el estado alcanzó el tercer lugar nacional en cobertura de educación superior y anunció la apertura de nuevos planteles de nivel medio superior, así como la instalación de una sede del Instituto Politécnico Nacional en modalidad virtual, con la que se busca ampliar el acceso en regiones históricamente rezagadas.
A esto se suma una inversión superior a 827 millones de pesos en infraestructura educativa, destinada a la rehabilitación, equipamiento y mantenimiento de escuelas, además del avance en conectividad, con acceso a internet en todos los planteles, incluyendo zonas rurales.
En el ámbito docente, informó la asignación de nuevas plazas, promociones y basificaciones, en un intento por reducir el rezago en personal educativo y atender la demanda en las aulas.",GOOGLE_NEWS_RSS
"Deportados 163 veces en este año, niños y adolescentes de Tamaulipas, dice estadística - Milenio",2026-04-29 13:37,2026-04-29T13:37:00+00:00,Milenio,,https://www.milenio.com/estados/repatriacion-menores-tamaulipas-supera-100-ano,https://news.google.com/rss/articles/CBMihAFBVV95cUxQVVEzbTItOFlNX0o4Y0FpcXM5T25VNDlTdXlXbFBKX1QtTWQtTWtybEJydTJlQVM3QXJkcndMWUUzSENLejljc3M4Q0t0RmlLd0UxdXBEQ2YteHhwX09ZZGthWm5TOG41OFBoVDZsX0V3eEt3UjRhUFRkLTc0SGtZVFg3eU3SAYQBQVVfeXFMTzlHNzE0THk2enVzVVEtQ19jcGxrVjRhUEdNZlBqVHRXYWVsejluek9VbGZNNVA1OEhKX0hyazNldEFoeDktNmhDQ3pWb0E4OEl2bXV4Q3A5Z3FUWnB6VUJGYlZlSGpJSUNmYmxFYk9IZDF1ckotU3BycnRnNmFNeTVwOEpW?oc=5,,"Entre enero y febrero de 2026 se registraron 163 eventos de repatriación de niños y adolescentes tamaulipecos por parte de autoridades de Estados Unidos; funcionarios de Migración han advertido que el fenómeno debe ser investigado por instancias federales, porque puede tratarse de algo más que migración.
Aunque representa una cifra 40% menor respecto al mismo periodo de 2025, cuando se reportaron 272, la Red por los Derechos de la Infancia (Redim) subraya que el fenómeno está presente y continúa siendo motivo de preocupación.
Cruces fronterizos concentran devoluciones
Según estadísticas de la Secretaría de Gobernación, por los puentes de Nuevo Laredo, Matamoros y Reynosa se registraron un total de 66 devoluciones de menores mexicanos en general durante el primer bimestre del presente año, pero en los retornos efectuados a través de toda la frontera norte del país, 163 casos correspondieron a niños y adolescentes de origen tamaulipeco.
De este último grupo, 161 registros pertenecen a menores de 12 a 17 años de edad y dos a niños de once. Además, del primer bloque etario, fueron 158 casos de menores no acompañados, mientras los más pequeños no viajaban solos.
Detectan múltiples intentos de cruce
El director del Instituto Tamaulipeco para los Migrantes, Juan José Rodríguez Alvarado, precisó que un mismo menor puede aparecer en varios eventos de repatriación, porque persisten en el intento de internarse al vecino país, aunque deja entrever que puede influir en ello otro trasfondo.
En el pasado mes de enero, el servidor público precisó que hasta 40 intentos individuales de cruces a los Estados Unidos se han detectado en adolescentes no acompañados, lo que dijo, se ha reportado a autoridades federales para sujetarse a las investigaciones correspondientes.
“Nosotros no tenemos facultades, hemos encontrado la idea absurda de que los niños y adolescentes son migrantes y no lo son, los están utilizando y ahí ya tendrán que entrar otras instancias para deslindar responsabilidades, en su mayoría son de Matamoros”, declaró en un encuentro con mujeres periodistas.
Fenómeno con implicaciones más allá de la migración
A su vez, el organismo no gubernamental Redim expuso que durante 2025, las entidades en las que se reportaron más repatriaciones de menores fueron Tamaulipas, Chiapas y Guerrero, basado a su vez en datos del Instituto Nacional de Migración.
Para este colectivo, la deportación de niños y adolescentes desde Estados Unidos no es solo un tema migratorio, sino un problema de derechos humanos, porque muchas veces se realiza sin garantías suficientes y puede poner en riesgo su integridad.
“La cifra de menores repatriados ha disminuido en los primeros meses de este año en comparación al 2025, pero el fenómeno sigue presente, es una problemática que no se ha erradicado a pesar de las políticas del presidente de Estados Unidos”, subraya.
SJHN",GOOGLE_NEWS_RSS
Mercado gasolinero en Tamaulipas crece lento en primer trimestre del año - Milenio,2026-04-29 13:12,2026-04-29T13:12:00+00:00,Milenio,,https://www.milenio.com/negocios/mercado-gasolinero-tamaulipas-crece-lento-trimestre,https://news.google.com/rss/articles/CBMijAFBVV95cUxOWmtyRGJVUlN5S183NmppR2FjSXVhLS0xUDdyRnpaQzBsd0xGZzZ3TV82MEJkUkJWeGZjNUN0NnN6Y3FIVTZaMDlZODBwQU8tMTVaNTlBUy1WdUxJVmJiUWpXYUpPUE5MVHp1ZU41eHBIcElUZ1VLZjd3dUhNMXh1azZHem45bnpHdVRzZNIBjAFBVV95cUxQbzd5S0w3X1l2MVl3bDhjWHU0ZVZRQThCRmlWQ09rS3pyZ3J3c1JmX0QzbUllUzZYd3B1NzF2djJGdHZJVjBHLWpoaHV3ZWxxS1FYRDE0SC1DaHZRTEE1ZkZGeWtZeWM5WWM3aVFsN3BxekxiTzlBYndRN1NObi1LQWNfUEpWR2VSTGVObw?oc=5,,"Tamaulipas se ubicó dentro de los estados con un menor crecimiento del mercado gasolinero durante el primer trimestre del 2026. La Comisión Nacional de Energía (CNE) confirmó la puesta en marcha de tres nuevas estaciones de servicio entre enero y marzo del presente año, mientras en otras regiones el número fue mayor.
En el reporte hasta este periodo, otras regiones del país como Estado de México y Nuevo León tuvieron la mayor cantidad de solicitudes avaladas por la instancia federal para la entrada de estaciones de servicio tanto de franquicia Pemex como de marcas distintas mexicanas y extranjeras, liderando esta lista de acuerdo con los mencionado por la plataforma Petrointelligence.
Referente a la esquina del noreste del país, los nuevos establecimientos para el despacho de combustibles es una de las cantidades más bajas presentadas durante casi una década, tomando en cuenta que se elevó esta línea de negocio a partir de la reforma energética implementada desde el 2017. En otras ocasiones, como sucedió entre 2022 y 2023, las autorizaciones rebasaron los dos dígitos.
Pemex es el principal producto al cual acceden los clientes, con una participación arriba del 65 por ciento, complementado por franquicias privadas como Gulf, Mobil, Petro Seven, entre otras.
Dicho avance general en el país, informó la plataforma, tiene al Estado de México como el lugar con más gasolineras atendiendo a los consumidores y para este trimestre se agregaron 8, cifra similar en Nuevo León. En Jalisco y la Ciudad de México, considerados los de mayor demanda por el número de habitantes y vehículos, fueron menores las aperturas.
Les compartimos la ""Fotografía del sector gasolinero en México"" en su versión al cierre de MARZO del 2026:https://t.co/rgMxejyQJw pic.twitter.com/wxeRRWyNut
— PETROIntelligence (@PTRIntelligence) April 27, 2026
“Estimamos en este año un incremento del 3 por ciento del mercado gasolinero a nivel estatal. Existen proyectos que solamente esperaban el permiso para abrir, mientras otros avanzan en el proceso de construcción para terminarlo con inmediatez”, declaró José Ángel García Elizondo, presidente de la Comisión de Política Energética en la Onexpo.
Al mismo tiempo, aseguró que se han hecho todas las gestiones ante la CNE por destrabar muchos de los permisos que empresarios, tanto en la entidad como en otras partes del país, han entregado y con la intención de ampliar la cobertura de petrolíferos.
“Varios permisos estuvieron pendientes de recibir una autorización por parte de la Comisión Nacional de Energía para operar. Hoy vemos que los mismos empiezan a fluir y eso permite que el mercado vaya creciendo. A nivel nacional son 300 solicitudes que salieron”, puntualizó.",GOOGLE_NEWS_RSS
La Grilla - Milenio,2026-04-29 08:45,2026-04-29T08:45:53+00:00,Milenio,,https://www.milenio.com/opinion/editoriales/se-dice-en-la-grilla-tamaulipas/la-grilla_1144,https://news.google.com/rss/articles/CBMilAFBVV95cUxOX0IzaEgzY0NXeFg2d1FqcXZuVHpQQTZ1LU9YVmw2Zk5OMGRjQVh5ZHZYZ2NsTGg3dEpvVHh2akp6QkMzWDNNeXR4Yi1EOWZJdDlYLVppZEg3dzM5RmI3bzNYTEQtMERHUS1nZXNQcm5OMnJDTkh1aDVvWjR0SDlLOHl6WGVIZHVFV1FoV0FKelVmZG0y0gGUAUFVX3lxTE9PRXJ3b0lFempmU1l4MWxwOHVobjhVNmFfSU5uTGlWUnEzY1ZUQkg1WXNOcGhUajdhS29oczNEcWtSZjlZYVA1bHdaV2dXa19MVHpPYTBOUUlYU3NIVWJWaFFWU3E5QWh4SkM4N2lLUm9oRWZlVW1oUWFOWEh6SUdpX0RqNTNReUxzMXhvX1pzQkFSZTM?oc=5,,"Que la reunión de Américo Villarreal con el nuevo titular de Aduanas confirmó que Tamaulipas busca meterse de lleno a la mesa grande del comercio exterior. No fue casual poner sobre la mesa el Puerto Interior y la API de Matamoros, proyectos llamados a mover inversión, logística y poder regional. En política hablar de aduanas es hablar de dinero, control y futuro. El mensaje es claro: el estado quiere dejar de ser solo frontera de paso para convertirse en plataforma estratégica del país.
Que el secretario de Educación, Miguel Ángel Valdez García, se echó a la bolsa hasta a los legisladores de oposición al decir con franqueza que de niño quería ser diputado y, al presentarse por primera vez a comparecer ante el Congreso del Estado, de alguna manera se le había cumplido. Expresión que conmovió a todos los políticos ahí reunidos y a su porra, encabezada por Arnulfo Rodríguez.
Que, por cierto, en la comparecencia ante el Pleno Legislativo, la diputada local de Morena, Blanca Anzaldúa, no desaprovechó la ocasión para insistir en que la violencia contra los profesores debe ser prevenida y sancionada, para evitar que pasen casos como en otros estados, pues “a los maestros los están matando”. Y es que la también docente asegura que la sufren con los papás de los alumnos problemáticos.
Que hay ciudadanos que se estresan porque tienen una serie de preocupaciones y acuden a la Oficina Fiscal de Tampico, la cual está a cargo de Fernando Manzur, una de las dependencias que está hasta el tope de procedimientos todos los días. El titular no se raja, a tal grado que ya lo promueven para temas políticos, porque 2027 está muy cerca.
Que en materia de seguridad hay una serie de problemáticas que se registran en las colonias de Tampico, las cuales recaen en la edil Amelia Trejo, quien les tiene que dar seguimiento y, por supuesto, mantener el respaldo de la Guardia Estatal, porque el delito común en la zona sur se mantiene y hay que ponerle freno.
Que en la zona hay una problemática muy marcada en el transporte público y el delegado en el sur, Francisco Gojón Medina, parece sentirse protegido porque no responde a los cuestionamientos de la población. Hay ciudadanos que dicen que lo regresen a Victoria, porque le queda grande la encomienda.",GOOGLE_NEWS_RSS
¿Cuáles son los juguetes más buscados por el Día del Niño? Mercado Libre revela lista - Milenio,2026-04-29 03:02,2026-04-29T03:02:57+00:00,Milenio,,https://www.milenio.com/negocios/cuales-son-los-juguetes-mas-buscados-por-el-dia-del-nino,https://news.google.com/rss/articles/CBMikwFBVV95cUxQdUh6TXZkajRGVWZwZW51dkFyRlM3andUNlZVZzU4MnJIWDQzU0FTeWpGcXFGWEpZRWsyRHR0RDNSMms4WmFjQTVNUjY0OWdIX0RNYTZQSUpTbHU0RllaVnRQWGs2amRzQkI3NUhEOVlhYzJtRWxHb2tyYkI4YmpTZjdNT1U4bnZGbWZiclVKS0k4N1XSAZMBQVVfeXFMT2lmV283M0FZcURPbHk5ZHQ1UzlfeXJicHRwOWxQalRHOE1zSXMtMUxRT0NOY0VWeW80QTJ6cFBwNTlGTGpuQVV2RzdmVmNxSXlvN2gtMWUzdDh3clNzeExqV21WbUhwMEFuUndDMk9fV0FVNVh6LTZxdlpuRnE4WXRZejBTVFFlUXE5MWZBTTg4QWhR?oc=5,,"A pocos días del Día del Niño, Mercado Libre revela los juguetes más buscados en su plataforma. Lego lidera con más de 400 mil búsquedas en el mes.
Por otro lado, los juguetes como Pokémon y Barbie confirman que los clásicos no pierden pisada. Además, Funko y Marvel empatan casi en el cuarto y quinto lugar, y Bratz regresa con más de 30 mil búsquedas, dejando el top cinco de marcas de juguetes en abril de 2026 de la siguiente manera:
- Lego
- Pokémon
- Barbie
- Funko
- Marvel
Cabe destacar que Stitch, el personaje de Disney, aparece en el octavo lugar y Beyblade cierra el top 10, prueba de que los juguetes de combate mantienen su atractivo generacional.
Otras marcas registraron un crecimiento en búsquedas comparado con el año pasado, entre las que resaltan:
- Danesa, Pokémon y los Fugglers, con un crecimiento mayor a 900 por ciento.
- Los Labubu, conquistaron al mundo subiendo un 500 por ciento.
- Los Ositos Cariñositos, regresaron con un repunte de casi 400 por ciento.
McDonald's se une festejos del Mundial
Por otro lado, este año hay un invitado inesperado en el ranking de búsquedas de juguetes: el Álbum Panini 2026, con más de 42 mil búsquedas.
La fiebre por el futbol convierte a este álbum en uno de los regalos más buscados para el Día del Niño. Cabe destacar que en Mercado Libre, ya figura entre los productos más agregados al carrito en la categoría de juguetes.
Con relación al Álbum de Panini, McDonald's se une para celebrar la tradición más esperada del Mundial. A partir del 28 de abril, al agrandar cualquier McTrío, los consumidores podrán recibir sin costo adicional un sobre oficial de figuritas del álbum, el cual incluirá contenido exclusivo, como:
- Figuritas de jugadores
- Una edición especial con marco dorado
- Acceso a experiencias digitales
Mercado Libre cuenta con más de 2 mil 300 tiendas oficiales en el marketplace, y otorga a los compradores acceso directo a los productos originales, con garantía de autenticidad, precio oficial y respaldo del servicio al cliente de la plataforma.
ksh",GOOGLE_NEWS_RSS
Abren carrera de IA en CONALEP Tamaulipas; buscan formar talento tecnológico - Milenio,2026-04-29 01:36,2026-04-29T01:36:00+00:00,Milenio,,https://www.milenio.com/estados/conalep-tamaulipas-abre-carrera-inteligencia-artificial,https://news.google.com/rss/articles/CBMikAFBVV95cUxNOExhYlVGODAzVUM2d0w5UUlVNFdhenJMczhFSWkwRTFvWUNrZnp5X1BJNGhmblpxYmJNbnhMblZiYlkzdzRybGhUSDBaUjZVZlZBWjh4TE1OS0FrdFJlQTExZ0pTUGpGemlRSFpOOS1TQWpkSE16Z1RsaHpSRjV2MzF3V0RkZkFTT2lsMExoUkvSAZABQVVfeXFMUGpCSVl6R05XeFRkMjVTUUFTR0RRU3V3QW41TkV0VkFtWHpySTlSSEduQU8wTVV2dWhiMlp4X1pvT2NsTnF0RXJFWWxzbF9uODdaeExCeGc4Q2VMYm5xWjlIRVFMTFhLSU1nRHhieUVxWnlod0NmQVdBRDBSZ2p1UHZEN2xkT2E5ajZPZ0dpVjN5?oc=5,,"A partir del próximo ciclo escolar, el CONALEP Tamaulipas abrirá en Ciudad Victoria una nueva carrera enfocada en Ciencia de Datos e Inteligencia Artificial, una opción que apunta directo a uno de los mercados laborales con mayor crecimiento.
CONALEP le entra a la formación en inteligencia artificial
Mientras cada vez más empresas demandan perfiles capaces de analizar información y automatizar procesos, el subsistema técnico busca adelantarse y formar a jóvenes con habilidades que ya son clave en la economía digital.
Una respuesta a lo que pide la industria
Desde la dirección del sistema, encabezada por Fernando Arizpe Pedraza, se plantea que esta nueva carrera responde a una necesidad concreta, la de preparar estudiantes que no solo entiendan la tecnología, sino que sepan aplicarla para resolver problemas reales.
El enfoque estará en áreas como análisis de datos, desarrollo tecnológico e inteligencia artificial, disciplinas que hoy marcan la diferencia en sectores productivos que van desde la industria hasta los servicios.
Buscan cerrar la diferencia entre aulas y mercado laboral
Con esta incorporación, el CONALEP en el estado amplía su oferta educativa, que ya incluye otras especialidades técnicas como Mecatrónica y Autotransporte, diseñadas con base en la vocación económica regional.
Las nuevas carreras se diseñan con base en estudios avalados por el Programa de las Naciones Unidas para el Desarrollo, lo que busca asegurar que los programas estén alineados con tendencias globales y necesidades reales del mercado.
El reto ahora será que esta nueva carrera logre traducirse en oportunidades concretas para los estudiantes y en talento útil para una economía que ya no espera.
JETL",GOOGLE_NEWS_RSS
Banco Plata incorpora pagos y depósitos en efectivo en Oxxo a través de Tapi - Milenio,2026-04-29 01:02,2026-04-29T01:02:38+00:00,Milenio,,https://www.milenio.com/negocios/banco-plata-incorpora-pagos-depositos-efectivo-oxxo-tapi,https://news.google.com/rss/articles/CBMikwFBVV95cUxNR0xJbGllbEEySFJOUW5hWl9mNlQzbS1aUEdaS0NWVlpJVm5LQ0ZXbWVzMF82ci16M1JUUDZPUHhLUXAyTzhNN1pQWDhZeUMwV296WkFvTHlsNWhIdXZHUFR3NlBqbHpaOFFLSkJGTWpBRUxnLUh3a2FDRHJNa1UtT0FiVFZ4TTJWLUFJQm44YThaVWPSAZMBQVVfeXFMUG8tTjFRTnZuYnBYZ1ExLTM1Z0QyWGxyZHFYQXNITXIwdEZKYlZJLVRGNjQxM1hfd2xfU01QY19wNWRaZEY3MjZWc2pTd1VBc3FOQXNwVUptYzhBcHE5dXplTnJFLUYwb2hDYnJtYS1oN1JHRkhwczBsS1BkNmltek9reF95d1QyaXcyZU12THVwNkk0?oc=5,,"Desde este martes todos los usuarios de Banco Plata ahora podrán hacer pagos y depósitos en efectivo en las más de 24 mil sucursales de las tiendas de autoservicio Oxxo.
En un comunicado en conjunto, se explicó que esta colaboración junto con la infraestructura tecnológica de Tapi, beneficia a más de 3.5 millones de usuarios quienes ahora pueden realizar dichas operaciones financieras por hasta 5 mil pesos en un horario de 6:00 a las 22:00 horas, aunque esto está sujeto a disponibilidad.
Atención al cliente de OXXO se expande
Además, explicó que a través de Tapi, la red de atención a estos clientes se expande al integrar las más de 24 mil tiendas OXXO con otros 16 mil puntos adicionales ya operativos para pagos y depósitos en efectivo.
Esto significa que en conjunto, se configura una cobertura superior a 40 mil puntos a nivel nacional.
“En un país donde el ecosistema de pagos opera de manera híbrida (digital y física), la colaboración con Oxxo, a través de tapi, fortalece la construcción de un sistema verdaderamente incluyente al acercar la tecnología a la vida cotidiana de millones de personas” señala Luis Rodríguez, director de Desarrollo de Negocios en Banco Plata.
“Este servicio se integra a la propuesta de valor de la compañía en materia de servicios financieros, gracias a nuestra cercanía a través de la red de tiendas y presencia en todo el país. Por lo que, la ampliación de la oferta de servicios en OXXO contribuye al avance de la inclusión financiera”, comentó Eduardo Velasco, director de Servicios de Oxxo México.
Por último, el documento recordó que además del pago con efectivo y depósitos en cuentas de Banco Plata, Oxxo facilita múltiples operaciones, como:
- Pago de servicios
- Recepción de remesas
- Envíos de dinero
“Somos una Institución de Banca Múltiple que opera de manera digital. Nuestra promesa en México es elevar los estándares de los productos y servicios financieros mediante la innovación, una atención al cliente de excelencia y mayores beneficios para su dinero”, señala Banco Plata en su página web.
KL",GOOGLE_NEWS_RSS
Banco Mundial y Sectur firman acuerdos para impulsar inversión en sector turístico - Milenio,2026-04-29 00:17,2026-04-29T00:17:33+00:00,Milenio,,https://www.milenio.com/negocios/banco-mundial-sectur-firman-impulsar-inversion-turismo,https://news.google.com/rss/articles/CBMikAFBVV95cUxOYXBDOXBWclBjaVUwMTN3X3ZXVnNxT3dLeGJ4TWZEcEw4ejhzdDFrNGxHd1p6alBGbnlSRWUwMm5IajByVXBPM212UGZoSWRWNHYzMWlkMkpiNXdiZmhDLTNtTVdaWmlOZTJvTEE5TEdBTlhoZzN2cXROX1l2a3VJTWpfTDNfZTBDNGlxdlQ4Q2vSAZABQVVfeXFMT3BONGRZZGtkcEJJVHM0Z01hbzRodzJYTFBXOXRhLWdZSzVJbUxUVlV3TDRKZ0xaNzlvRHNpNXJDblVTOGpvNzBDSmd5OGRWSkRtS1dTWUtKU3NraHV2Zlg2YVR6TGxGYm1hdjBrbkF3cF90SW9HUUU2dm9BVjl1M1AwYlZ4eWdhenJjMkRKWkR5?oc=5,,"La Corporación Financiera Internacional (IFC), miembro del Grupo Banco Mundial, informó que firmó con la Secretaría de Turismo federal (Sectur) un memorando de entendimiento para impulsar la inversión, creación de empleos y sostenibilidad del sector.
El acuerdo establece un marco de colaboración para apoyar las prioridades de desarrollo turístico del país mediante el fortalecimiento de destinos, la promoción de prácticas competitivas y resilientes, así como el impulso a cadenas de valor que integren a micro, pequeñas y medianas empresas (MIPyMEs).
""Lo anterior es con el objetivo de fomentar el crecimiento del sector y la generación de empleos de calidad"", señaló el IFC en un comunicado.
Arranca el Tianguis Turístico con innovación
El organismo indicó que este documento se suscribió en el marco del Tianguis Turístico donde también se contempla el análisis de mecanismos para promover la eficiencia energética y mejores estándares laborales en destinos turísticos existentes.
Además, señaló que el memorándum igualmente establece el impulso a nuevos destinos, contribuyendo a una mayor resiliencia del sector frente a impactos económicos y climáticos.
El IFC afirmó que con Sectur explorarán oportunidades para aprovechar la experiencia global y el conocimiento técnico del grupo del Banco Mundial en estados y ciudades estratégicas, incluyendo Acapulco, Michoacán y otros destinos prioritarios.
""Las áreas de colaboración potencial incluyen el fortalecimiento de la preparación para la inversión de proyectos turísticos, la movilización de capital privado y el desarrollo de proveedores locales"", afirmó.
Josefina Rodríguez Zamora, Secretaria de Turismo, afirmó que para resolver los grandes retos del turismo se requiere coordinación, confianza y trabajo conjunto entre sector privado y organismos internacionales.
""Esta alianza con el Grupo Banco Mundial demuestra que, cuando sumamos capacidades y compartimos una visión común, podemos construir un turismo más fuerte, incluyente y con beneficios reales para las comunidades"", indicó.
“El turismo cuenta con un enorme potencial para impulsar la creación de empleos de calidad en México, sobre todo si se desarrolla de manera sostenible y con una mayor participación del sector privado,” dijo Sanaa Abouzaid, directora regional de IFC para México, Centroamérica y República Dominicana.
KL",GOOGLE_NEWS_RSS
¿Son peligrosas? Reportan enjambre en restaurante de zona centro de Tampico - Milenio,2026-04-28 23:01,2026-04-28T23:01:00+00:00,Milenio,,https://www.milenio.com/estados/enjambre-abejas-restaurante-centro-tampico-moviliza-bomberos,https://news.google.com/rss/articles/CBMilwFBVV95cUxOOW4zWS0wV19LVFQ2dG85bG14QmpyaW1KRkFMb2J1ZzQ1VV9Fck1aWjdVcXlGckdaSTF6NzNmSGJ0WDFoNzZ0clFaajlUcVozQk1MUThldW9HcXhoUFZLc3R5RGQxYjMzSlNmMVNjYUNiZTRKOGdaY2E0dzJ5SkFPa1RXUHhiY0hucXRvRy0tSTVCTTBvbTFR0gGXAUFVX3lxTE1YZFVFUllXajlZMDJDMTIwR19maURfZUprR2lmbV9oYW11bXZDc2RMN2lLOTNnVVVGOUhRV0NFQzVhZjdWTzRaVkcwWUFlZlpvYnVQczlxVU9wUm1NZ045SEt5MlY3Nk1CZWJiSURhT01hVHQtOW1fTVNDcVZ4aTNaa0QtSUQxVndCeUlxMV9DVEExZW1YY0U?oc=5,,"Tampico /
La presencia de un enjambre en la calle peatonal Salvador Díaz Mirón, en la zona centro de Tampico, movilizó al cuerpo de bomberos del municipio la tarde de este martes.
Las abejas se encontraban en la marquesina de un popular establecimiento de comida rápida, área que fue acordonada por elementos de la corporación para evitar que la ciudadanía se acercara.
Abejas europeas no representan alta agresividad
El comandante de la dependencia, Héctor Guzmán Curiel, explicó que estos ejemplares están de paso y no permanecen en el sitio de manera definitiva. Sin embargo, precisó que, si la estancia se prolonga, procederán a retirarlas durante la noche.
De igual forma, puntualizó que su comportamiento no es agresivo al tratarse de abejas europeas, a diferencia de la conducta de las africanas.
JETL",GOOGLE_NEWS_RSS
"Beneficio neto de GM cae 5.7% en el primer trimestre, a 2 mil 627 millones de dólares - Milenio",2026-04-28 19:59,2026-04-28T19:59:00+00:00,Milenio,,https://www.milenio.com/negocios/beneficio-neto-de-gm-cae-en-primer-trimestre,https://news.google.com/rss/articles/CBMigwFBVV95cUxNQzJmNXNlN1hBM3JNdlNDM2xGdHdRb00xcTJmMGFoQ2hQX3RWLURjRWs4N0NRdE1UcEdLRmlBWkZLdmlPbUljOFdqQi0zdVE3LUdGUWhCR191c2ZLelpfWnlPVk11WVY5NnpEOElrSHZUS3FJa2k2bXNVend6UXdTSFA3b9IBgwFBVV95cUxNbmV6UHE4cGlqekR2YzBxN3NrQXY5ZlYtVzc4RzdnZE0yMTZfQ2RYSGgydGcxUVU5MlFaNXA5SDhNbFk0OGdIYkhyUUZjcTROZVFzZ1NBRGVodDdabFhZYldaMVgtcC1KZ3gxc0k4R0ZiT3g1bVhjSDN4YXdPUGh1RExXbw?oc=5,,"El gigante de la automoción General Motors (GM) obtuvo un beneficio neto de 2 mil 627 millones de dólares en el primer trimestre de 2026, 5.7 porciento menos interanual, aunque elevó sus previsiones anuales gracias a que recuperará unos 500 millones de dólares por los aranceles pagados en 2025.
Al descenso de los beneficios trimestrales también contribuyó la reorganización de su estrategia de vehículos eléctricos, donde registró 1 mil 77 millones de dólares en ajustes por el realineamiento de su capacidad de producción.
La compañía informó de unos ingresos de 43 mil 624 millones de dólares entre enero y marzo, (0.9 porciento menos interanual), mientras que su resultado operativo ajustado (EBIT) creció 21.9 porciento, hasta 4 mil 253 millones de dólares, impulsado por el desempeño del negocio principal y efectos favorables del tipo de cambio.
De estos 4 mil 253 millones de dólares, 3 mil 661 millones de dólares correspondieron a Norteamérica, 123 millones de dólares a las operaciones en el resto del mundo y 688 millones de dólares a GM Financial, el brazo financiero de la compañía.
La presidenta y consejera delegada de GM, Mary Barra, explicó en una carta a los accionistas que el EBIT ajustado superó las expectativas de la compañía, ""incluso tras excluir los 500 millones del ajuste arancelario"".
Barra también destacó que GM obtuvo su sexto trimestre consecutivo de beneficios en China.
GM explicó que ha revisado al alza sus previsiones para 2026 tras la decisión del Tribunal Supremo de EE.UU. sobre determinados aranceles aplicados bajo la Ley de Poderes Económicos de Emergencia Internacional (IEEPA), lo que reducirá el impacto estimado de estos gravámenes.
La compañía espera ahora unos costes arancelarios de entre 2 mil 500 y 3 mil 500 millones de dólares, frente a los entre 3 mil y 4 mil millones previstos anteriormente.
Como consecuencia, el grupo elevó su previsión de EBIT ajustado anual a una horquilla de entre 13 mil 500 y 15 mil 500 millones de dólares y su beneficio por acción ajustado a entre 11.50 y 13.50 dólares.
Precisamente, el impacto de los aranceles impuestos por la Administración del presidente estadounidense Donald Trump es la principal razón por la que el beneficio neto del primer trimestre del año fue casi 6 porciento inferior al del mismo periodo de 2025.
En el primer trimestre, el margen operativo ajustado de GM en Norteamérica alcanzó el 10.1 porciento. La compañía, además, destacó su liderazgo en ventas en Estados Unidos, con 626 mil 429 vehículos entregados.
No obstante, el beneficio neto se vio presionado por mayores costes, especialmente arancelarios y logísticos, así como por un descenso del volumen de ventas mayoristas.
La empresa también anunció el pago de un dividendo trimestral de 0.18 dólares por acción, que se abonará el 18 de junio.
GM subrayó que mantiene una perspectiva positiva para el conjunto del ejercicio pese a la incertidumbre macroeconómica, apoyada en su rendimiento operativo, la recuperación de mercados internacionales como Brasil y la mejora de la rentabilidad en China.
En Sudamérica, GM vendió de enero a marzo 95 mil vehículos, 10 mil más que hace un año. De esta cifra, 61 mil corresponden a Brasil.
En todo el mundo, GM vendió en el primer trimestre 1 millón 295 vehículos.
MVDJT",GOOGLE_NEWS_RSS
Cinco jóvenes mexicanos competirán en Ecuador en el arte marcial Judo - Milenio,2026-04-28 19:04,2026-04-28T19:04:21+00:00,Milenio,,https://www.milenio.com/comunidad/jovenes-tamaulipecos-competiran-ecuador-arte-marcial-judo,https://news.google.com/rss/articles/CBMilgFBVV95cUxQcThOdmpycS1QR1RFc2RHbVl4T0JaV0VHZ195SXoyS1RxY1lLQWdRd0VOMWM2VTVSTVo0aWJtOHpUM1ZGZ3ZBcm04d3Bfa1M4R2laSEQySWJPTUhudWY3ZmxGX3VsaEk2MlNZank5b0RsZ0ZqTzBEVmt5cXlHUEJQMVdpTEtwazQ2UWhVc3V2c0c4MHpaWGfSAZYBQVVfeXFMUDVTYXU2T3kxRnBOUG9PTmhkVHd3WWE2TThzdVBhOFhRQTl4Tnp3bzNSem9HTU84cHZhSGFNXzlXMTNWUW5OZHNQaV9KYnNPdkJTZm1HRE5vSnZqWG94OVlIOUFETld0TWF1UlRPM0JuTllaNEFhdDdWa00wNzVSME9EeWFqSno3cDA4UmtQTElneE5jOHBn?oc=5,,"Un grupo de jóvenes judocas de la Unidad Deportiva de Tampico representa a Tamaulipas en una competencia panamericana que se desarrolla en Ecuador, donde este día entran en acción.
Los atletas forman parte del equipo dirigido por el maestro Eduardo Araujo, padre del judoca del mismo nombre que recientemente obtuvo un triunfo internacional en Guatemala.
En esta justa participan cinco representantes tampiqueños: Bella Solís, Axel González, Rafael García y Alberto Zamora, quienes buscan destacar a nivel internacional y poner en alto el nombre de la entidad.
A través de su equipo, los deportistas enviaron un mensaje para invitar a la ciudadanía a brindar su apoyo y buenas vibras durante su participación en el torneo, confiando en lograr buenos resultados.
¿Qué significa judocas?
Los judocas (o yudocas) son practicantes de judo, un arte marcial japonés creado por Jigoro Kano en 1882 enfocado en derribos, agarres y sumisiones. Destacan por su disciplina, buscando el equilibrio físico y mental.",GOOGLE_NEWS_RSS
Tren impacta camioneta en cruce ferroviario de Altamira - Milenio,2026-04-28 18:25,2026-04-28T18:25:00+00:00,Milenio,,https://www.milenio.com/comunidad/tren-embiste-camioneta-altamira-conductor-resulta-lesiones,https://news.google.com/rss/articles/CBMilwFBVV95cUxOY0tPbHZSMmJoM2hkZ3VDd1lXNlBkN1BlMmVHRE50c1ZUYXZhRnNhaXZTZXZMal9UbXdsZUl6by1rbXA3eS1oUkVmZEZpaWpmYWs0QUhDaEdLcHhJX3F3RjhMaTNqOEIwbWVvV1NiaVNDUXBNS0VqNW92bmRqRGpYMWVlY1dueFlPaDZzLUl2Q2tpZHkzMjZj0gGXAUFVX3lxTE1qSG1CLS05Z1gwSUpTYnUyblE5b25CSVYwMzQyWFFmTXB3S0ktYTVnVGR2VzN5WC1HS0xjdTd0czMxZ0lLTHVvX1JoWFVLVGlzVXV3QU9tQW95X29BbTFYZzJUd05WV1dCVkJOT2dJSlZlcTJKRHBiRTdrVnJGcEpHcXhIUW01dnBucmRzcW9iUEFFdGdGdGc?oc=5,,"Un tren embistió a una camioneta en un cruce ferroviario del sector Miramar de Altamira, lo que generó una importante movilización de cuerpos de emergencia la mañana de este martes.
La unidad involucrada, una RAM 700 roja, quedó con daños tras el impacto y su conductor logró salir por su propio pie, presentando únicamente golpes leves.
Elementos de Protección Civil del municipio acudieron para atender la emergencia y asegurar la zona mientras se realizaban las maniobras correspondientes.
Posible omisión de señales
De acuerdo con los primeros reportes, el conductor no habría advertido las señales ferroviarias en este punto, donde ya se han registrado percances similares.
Ante ello, autoridades reiteraron el llamado a extremar precauciones al conducir, especialmente en cruces con vías férreas, para evitar incidentes que puedan derivar en consecuencias mayores.
SJHN",GOOGLE_NEWS_RSS
Olivia Rodrigo hace historia: 'Drop Dead' se suma a sus sencillos que debutan en el número uno del Billboard H - Milenio,2026-04-28 16:50,2026-04-28T16:50:00+00:00,Milenio,,https://www.milenio.com/espectaculos/famosos/olivia-rodrigo-debuta-con-drop-dead-numero-uno-billboard-hot-100,https://news.google.com/rss/articles/CBMirgFBVV95cUxPbmk3TmZVVXFjMVBISXIxeW00MjR1WlQxM2E3aGxGaGFfZ3ZGR0JneFJybjVONjZIdU42aXlFZDYzRjd0RThDZ3V4R0VDeV9hSGJIZFJSRDNQTnpQZjJKOEg1MHVnV0ZjQWplR2IwY2ZxcEIyS0F3QlhDWmplcGxuWlp0NEpjS1pxNWVwVGdBWlBTbUFzQ2FndUlBX0pyQWxoLTkzSjhhNk44eG95N0HSAa4BQVVfeXFMTWhyejdHcGJYSkpfdk14a3NiWWNnQldzVUhla1k4NHFXdEpBWmw4SGdHY2JQdlZWOC13SzZxV0hvSkJBejAwUEJEMlUwcnI2bGUxX1B2ZUJSYWJtSGFSYTBWODY4MnRWS05nOHVDOENibEpWcXMtbFFTZ1k5WXBpeW8zZFZuTjdtRGpDMkRYZTNyUS1vZVl5YkFrVjVwaE1YY1pxaFVwNHZibUxIVzVB?oc=5,,"Olivia Rodrigo se convierte en la primera artista en la historia en debutar directamente en el número uno del Billboard Hot 100 con los sencillos principales de sus tres álbumes: 'Drivers License' 'Vampire' y 'Drop Dead'. Un logro que confirma una racha excepcional y demuestra cómo, desde su debut, la estrella pop ha sostenido un ascenso a lo largo de tres eras consecutivas.
Con apenas 23 años, Olivia Rodrigo, originaria de California, es hoy reconocida como la 'Princesa del pop' de las nuevas generaciones. Su carrera comenzó en la actuación con proyectos de Disney, pero fue su salto a la música con 'Drivers License' lo que la catapultó al estrellato mundial. Desde entonces, su capacidad para traducir emociones íntimas en himnos generacionales la ha colocado como una de las figuras más auténticas.
Su más reciente lanzamiento, 'Drop Dead', inició su recorrido en las listas el 17 de abril con una recepción positiva por parte del público, marcando el regreso de Olivia Rodrigo con nueva música. El tema funciona como carta de presentación de su tercer álbum, 'You Seem Pretty Sad for a Girl So in Love', cuyo lanzamiento está programado para el 12 de junio de 2026.
La discografía de Olivia Rodrigo
El debut de Olivia Rodrigo llegó en 2021 con 'Sour', un álbum que capturó el desamor adolescente, la inseguridad y la intensidad emocional de sus primeras experiencias. Con una mezcla de baladas confesionales y pop alternativo.
Fue uno de los álbumes más vendidos de 2021. Su álbum debut pasó cinco semanas no consecutivas en el puesto número uno en Billboard 200 y encabezando las listas en 18 países. Además, recibió siete nominaciones y ganó tres en los Grammy.
Dos años después, en 2023, presentó 'Guts', una etapa más cruda y explosiva que reflejó su transición hacia la adultez. En este disco, la artista explora la rabia, la frustración y las contradicciones de crecer bajo el ojo público, apostando por sonidos más cercanos al pop rock y una actitud más desafiante, ya que su carrera principalmente se impulsó como actriz infantil.
El nuevo record de Olivia Rodrigo en el top uno del Billboard Hot 100
El cuarteto que define esta racha de éxitos iniciales en la carrera de Olivia Rodrigo está conformado por 'Drivers License', 'Good 4 U', 'Vampire' y 'Drop Dead', sencillos que, aunque pertenecen a distintas etapas, comparten un mismo sello: marcar con fuerza el inicio de cada era.
De este modo la joven estrella de pop mantiene su ascenso superando la marca de grandes como Mariah Carey, quien llevaba la delantera en este record, de este modo se coloca como el tercer artista femenina con más estrenos en el primer lugar.
Actualmente, el ranking lo lideran Taylor Swift con ocho debuts en el número uno, seguida de Ariana Grande con siete. Conoce un poco más sobre la popularidad en plataformas de streaming de cada sencillo de Olivia Rodrigo.
'Drivers License' y 'Good 4 you'
Como parte de su primer álbum con el que se estrenó en la industria de la música 'Drivers License' le dio una gran bienvenida y abrio paso como el número uno al igual que 'Good 4 you' tema que pertenece al mismo disco.
Es una balada sobre el desamor tras una ruptura, en la que Olivia narra el dolor de ver a su ex seguir adelante con alguien más mientras ella sigue procesando lo que quedó pendiente.
'Vampire'
Esta canción que narra el desgaste emocional de una relación es el sexto sencillo de la 'princesa del pop', el cual repitió la hazaña en 2023 como parte de su álbum Guts posicionándose en el número uno de esta famosa lista.
'Drop Dead'
En pocos días, la balada se convierte en un himno generacional en este 2026, no solo por su icónico video filmado en el Palacio de Versalles bajo la dirección de Petra Collins -cuya estética ha influido en el universo visual de 'Euphoria'-, sino también por su alcance global, con Australia y Reino Unido como algunos de los territorios donde más resuena.",GOOGLE_NEWS_RSS
Dueños de la Jaiba Brava: toca a la afición llenar el Estadio Tamaulipas - Milenio,2026-04-28 14:31,2026-04-28T14:31:00+00:00,Milenio,,https://www.milenio.com/deportes/futbol/duenos-jaiba-brava-toca-aficion-llenar-estadio-tamaulipas,https://news.google.com/rss/articles/CBMingFBVV95cUxNa1d2WlNvdmpGOGFULUdLNy1mc091cmh6OGNza0xTejhCMmFsYlh1aDUzVGF6SjBBMDdsLUE3SXBCb0wtOGVaTmI0dTVhRkRlY0NmSGRCNUhGZnNENVhtTEVyd0FNU3lRd0o4UHk1Q2tyU3ZOV3NTSWsxZmpvejlMbUJUSGVWVWRYVU0yWmxQYVAwem9nSUtlM21YVkVWd9IBngFBVV95cUxQUzVVdjRmd1ZxNzk5OTU0SDVSYmd4RGFncUZoOERyVF9rb3c5ZHAtQlVFcEV2YVNGWWt5bEI1Znk3MkQwcHFFMEdDVjgzQml5cHZ4NG1jc1N5dWFVbGFiM0hLX0V4TDVzSjNaUEE2SGszbkZWOTNJbVpaaW9vSHNBaWZtMXRCSnZ3ZWpvWUljcG9MUnFJWjg4WEpCWE1BUQ?oc=5,,"Los propietarios de la Jaiba Brava del Tampico-Madero consolidaron los primeros objetivos de la franquicia desde el ámbito administrativo, ser un integrante de la Liga de Expansión y aspirar en un futuro hacer miembro de la Liga Mx, mientras en lo deportivo el cuerpo técnico y jugadores luchan por llegar a una nueva final.
El Consejo de Administración integrado por 18 empresarios locales destacan el esfuerzo por tener este espectáculo deportivo en la región sur de Tamaulipas. Ahora, mencionaron, es turno de la afición en hacer su parte y retratarse en el Estadio Tamaulipas en los siguientes compromisos, empezando por este jueves cuando en la semifinal se enfrenten al Cancún FC.
Arturo Elizondo Naranjo, uno de los miembros de este grupo de dueños de capital, destaca la solidez que tiene el plan tras hacerse de la propiedad de la institución hace dos años y medio. Hoy, su deseo es contar con el respaldo masivo de los seguidores porteños en la grada del Coloso de la Unidad Nacional.
“Empezamos con un gran empuje, pero necesitamos de toda la raza, de toda la fanaticada. Los directivos, cuerpo técnico y jugadores hacen todo lo posible, sin embargo, queremos que el público, los asistentes vayan al estadio y lo llenen. Eso deseamos y vamos trabajando en darles un buen equipo”, apuntó.
Mientras la escuadra obtenía el pase a la semifinal al eliminar Atlético La Paz, confirmándose los días y horarios de la eliminatoria frente a las Iguanas y que arrojará a uno de los finalistas del Clausura 2026, se oficializó en la última asamblea de dueños la adquisición de un certificado que le da voz y voto dentro de la liga, cerrando la operación de compra con Cimarrones de Sonora.
Esto ha sido un impulso al plan que tras la obtención del título en el pasado Apertura, después de un arranque irregular, en el terreno de juego los dirigidos por Marco Antonio “Chima” Ruiz empiezan a mostrar un mejor fútbol que los pone en la antesala de otra serie por el campeonato, soñando con una tercera final consecutiva.
“Hay algunos resultados que no se entienden, pero así es el futbol, lo importante es que contamos con un conjunto sólido, armado, motivado, echado para adelante para ganar en esta ocasión”, manifestó Elizondo Naranjo.
La escuadra ya trabaja en forma para el primer duelo frente al conjunto quintanarroense pactado para este jueves a las 21:05 horas.",GOOGLE_NEWS_RSS
Cocodrilos ya aparecen en sitios de Tampico donde no eran avistados - Milenio,2026-04-28 14:00,2026-04-28T14:00:01+00:00,Milenio,,https://www.milenio.com/comunidad/aumenta-riesgo-cocodrilos-laguna-chairel-tampico,https://news.google.com/rss/articles/CBMiigFBVV95cUxQLUxNdWlUN3lwdng5Y3FVeXU5Nm1iSnV3d1gwdEx4Nm1BMmJydnRoejVRZWMtdy1TQ2JtUGVvV1l5bktyc25GNmxyYU9MS2ZtY0hrMVd0eEdKNW5GREdiUnhTaXR6eEVRRUVja2VzcUhGTVhDMVNaTlJOWnI5RmNXN0ZkX2lUaWxnMHfSAYoBQVVfeXFMT2tseVlLdnMtN3Y5bDVvbVJRVDdiS1ZPVEtLU3JZMnR4UXFwZEFZMlhEWm02SEhFM1M1aWMwMEtWUUQ4TS04QXhJd1FOVlZuSjR6R1BSZk1NRE1vT25TSFVmT1piNTkwc2h0Uk04Nk5nUEk5b2RWMk40d3hhOTYwUEg0OUJlSUotcUdB?oc=5,,"En los últimos dos años han aparecido cocodrilos en zonas de la ciudad en las cuales no era común, lo que representa un mayor riesgo en colonias cercanas a los ríos Tamesí y la laguna del Chairel.
Fernando Arturo Sánchez González, líder de la colonia Fray Andrés de Olmos, aseguró que en la cercanía de los parques Chairel y Fray Andrés de Olmos, aumentó la presencia de los cocodrilos ya que no era común observarlos.
“Aquí en la laguna del Chairel han aparecido con el paso de los años algunos cocodrilos, hemos tomado fotografías y videos, muy cercanos aquí a la orilla, en donde está el parque Fray Andrés”, detalló el ciudadano.
Ahora se ven en las orillas de la laguna del Chairel, lo que ya significa un riesgo para los colonos y para los bañistas, ya que se practican actividades como el canotaje y el esquí acuático en dicho cuerpo de agua.
“Los ciudadanos vienen, aquí se practica canotaje, kayak, esquí, así como otras actividades, que está bien porque es un sitio turístico, pero se tienen que poner señales de que hay presencia de saurios ya en dicha área de la ciudad”, recalcó.
Posibles causas del incremento de cocodrilos
Ante este aumento de presencia y avistamiento de saurios, el ciudadano aseguró que se relaciona a factores como el crecimiento en el número de esta especie y porque cuando salían los cocodrilos de otros lugares, los iban a aventar a la laguna del Chairel.
“Parece ser que los animales vienen desde la parte de arriba del sistema lagunario, desde la laguna de Champayán, en Altamira. También, durante la pasada administración pasada, los Bomberos tiraban los cocodrilos que se salían de su hábitat ahí en el Chairel”, explicó.
Proponen medidas de contención y señalización
Hoy busca un proyecto de contención mediante una reja, una valla como la que existe en la laguna del Carpintero en aproximadamente 600 metros de la orilla, la cual requiere una inversión de aproximadamente $1 millón.
Llamado a reforzar la seguridad pública
Al ser un tema de seguridad pública se requiere también la colocación de señaléticas, para que la gente sepa del riesgo, ya que los muchachos de las secundarias cercanas se hacen la pinta y se van a nadar a la laguna, sin saber que hay cocodrilos.
SJHN",GOOGLE_NEWS_RSS
Cambio de rutas del transporte público en Tampico hace que usuarios caminen hasta 13 cuadras - Milenio,2026-04-28 13:37,2026-04-28T13:37:58+00:00,Milenio,,https://www.milenio.com/comunidad/afecta-modificacion-rutas-transporte-publico-tampico,https://news.google.com/rss/articles/CBMijwFBVV95cUxPNmlGVGpUN2J3V19Wb0t1QlVMdnVpanFqN2xrMWpPNHR4UWVzYTJQazhLM0J1bG9RVHJIMWJPbmswSlNVSmdsR1YybWlTQktLbi1NMUtqTGtVQlVLRHdTTGpqQ0FjdTRxY3UtQ2RCaDA1V2FBclhFM29nVTM3dW5wMy1yNUp1OTlEZkFpQkdwY9IBjwFBVV95cUxNZFJ0QkJhS3lodU5obmZid3VJN2pZUXpwM0hxbWpuWEFTNF9kQlFFUWhzTVVLZW9KMlFSdG5MUWpLNy14T2swMUlxQ0QtY2hHc1RiYnlST1pyUE1fN0cwTWVWMmRnS29kc2h0OUlkUWVMZDJ2QllQNS1XUlphMFNsQnR2SHFGWmEtYUJoWDZzOA?oc=5,,"Hay ciudadanos a los que no cayó nada bien el cambio de rutas en las colonias del norte, como Juan Manuel, que tiene que caminar 13 cuadras desde su casa en la colonia 2 de Junio hasta la carretera Tampico-Mante, para poder tomar un coche que lo lleve a su trabajo, en una tienda a un costado del Aeropuerto de Tampico.
Desde la cercanía de su vivienda, cerca del parque de la citada colonia, aseguró que había dos autobuses que lo dejaban a algunos metros de su trabajo y fueron dos de los cuales cambiaron el recorrido luego de “un estudio” realizado por Transporte Público, para pasar frente al nuevo hospital del Issste.
Parece fácil caminar para una persona joven, pero sí impacta en un momento en el cual las temperaturas superan los 30 grados centígrados por la mañana y en algún momento alcanzan hasta los 40 grados centígrados de sensación térmica por la tarde.
Manuel refiere que fue una mala planeación, porque dejaron a muchas personas sin transporte hacia dicha zona de la ciudad desde las colonias pegadas al Libramiento como Tancol, La Paz, 2 de Junio, partes de Tancol, Jardines de Champayán, entre otras.
Era la forma en que familias llegaban a los negocios de la carretera Tampico-Mante y centros comerciales que se encuentran cercanos al Aeropuerto de Tampico, desde trabajadores hasta los clientes, que ahora tendrán que invertir más en pasaje o como Manuel, caminar hasta 13 cuadras para llegar a la carretera.
Sin quejas formales
Hasta ahora no hay quejas formales ante la Comisión de Transporte en Tampico, reconoció Guillermina Arriaga Moreno, responsable de la citada área; sin embargo, la molestia sí se externa en redes sociales: “Mal hecho, dejó sola la avenida Champayán y hay mucho pasaje que sube en esa zona, sin contar que hay más semáforos y hace más tiempo en el recorrido”, señalan usuarios.
Las quejas están enfocadas a que se dejó de prestar servicio de transporte en una zona de la ciudad que no tenía problemas, refieren. Incluso, señalan que no es que esté mal, pero sí afectaron sobre todo a personas que laboran en negocios y oficinas que se encuentran sobre la carretera Tampico-Mante, desde Las Américas hasta la colonia Arenal.
El hecho de que los ciudadanos tengan que caminar no es una problemática aislada y es un tema pendiente que los ciudadanos ya han externado a la Delegación de Transporte Público, como lo que ocurre en la parte de Echeverría que está pegada al Libramiento.
yc",GOOGLE_NEWS_RSS
"Tamaulipas, en top 5 de estados con caída en la afiliación de empleados al IMSS - Milenio",2026-04-28 13:26,2026-04-28T13:26:00+00:00,Milenio,,https://www.milenio.com/negocios/tamaulipas-top-5-caida-afiliacion-empleados-imss,https://news.google.com/rss/articles/CBMiiAFBVV95cUxPT3lucmtoNGx1a21waW56WGNUZFUtOHdLRXNWVFZJTmxGa2tqMzhReVRZMm0tSXJrU292NXEtZzBzNUtHa1o0THUtQ2d5NWhfRGp2TnhIbUFpVndZQzlCWFp0NWxucDN0WUhnWVRDcnB4NV82YkdCWmhfSVI4N3ZkWUZVQ0lwVlly0gGIAUFVX3lxTE1FNjZXem9QOUdYdmkxY1E3WVBQV3ZvZVNkOWwyb1hjVkNMNzVPZXRZVUpzUFlPd3BiTVRXOXVDYjN5enk0dmtnQ0Zma0FVTFhPVGlXRG5ZNnRXNzNxRjg3N0piSkFET19iUklxN0p4czVXQXVNSTluSHk4d3h2b3ZQbG1WMUpreDI?oc=5,,"La reducción del empleo formal en Tamaulipas, un asunto que se refleja en la mitad del territorio nacional, pone al estado como el cuarto con el mayor desplome de afiliaciones al Instituto Mexicano del Seguro Social (IMSS). Solamente es superado por Guerrero, Campeche y Coahuila, aunado a incumplir en la estrategia del gobierno federal de impulsar el ramo de la manufactura.
Al evaluar los datos que entregó dicha dependencia como la Secretaría del Trabajo y Previsión Social (STPS), el organismo “México ¿Cómo vamos?” explicó que esta entidad también fue la menor productora de nuevas fuentes laborales entre enero y marzo del presente año, impactando también en otras áreas como el campo, el transporte y los servicios sociales.
Referente tan solo a la inscripción de elementos ante el Seguro Social, la fuerza laboral tamaulipeca ha reducido su presencia 2.4 por ciento anual. Esta tasa es la cuarta más baja, mientras Guerrero (6.7 por ciento), Campeche (5.1) y Coahuila (2.8 por ciento) encabezan esta lista de manera negativa. Su tendencia es distinta al Estado de México, cuyo crecimiento supera el 5 por ciento.
Los empleadores en el estado solamente crearon 161 puestos en estos tres meses, siendo la menor cantidad en las 32 entidades federativas.
Lo anterior se reflejó en el ámbito nacional. Al primer trimestre se crearon 207 mil 604 puestos de trabajo, el acumulado más bajo para un arranque de año desde el 2005, excluyendo años de crisis como la financiera (2008–2009) y la pandemia del covid-19 (2020).
???? Generación de empleo formal arranca débil en 2026, semáforo en rojo al primer trimestre
— México, ¿cómo vamos? (@MexicoComoVamos) April 27, 2026
El Semáforo Económico de generación de puestos de trabajo formal se encuentra en rojo. ????
???? Consulta la #PublicaciónMCV ➡️ https://t.co/dQBY3avRJK
“La política industrial propuesta en el Plan México debe revisar los retos a la inversión que se traducen en menor empleo de calidad (registrado en el IMSS) y menor prosperidad para las familias mexicanas”, explicó el documento.
Parte de esto se dio con los casos registrados en la frontera, a raíz de los cierres de plantas de manufactura en Matamoros producto de problemas financieros como las fábricas de autopartes ligadas a First Brands Group y accidentes.",GOOGLE_NEWS_RSS
Observaciones por 40 mdp en auditorías en Tamaulipas; abren 16 investigaciones - Milenio,2026-04-28 12:56,2026-04-28T12:56:00+00:00,Milenio,,https://www.milenio.com/politica/auditorias-tamaulipas-detectan-irregularidades-40-mdp,https://news.google.com/rss/articles/CBMijwFBVV95cUxQbWFpOGhkaXcyZTdZVl80cmpfMWtqUnB0VzBEemM3TGpYVm9hTzhzUDJJM000MG1WWW9wSmlqcElBOW92RFA1ZmtPMWNOMW85Wk5URTdrWjRLeXFUUkZHcXQ0X3VncC1xWW1HekVGQkM0QzBneVBHb2hlV3EwUUJmVGZOdUo1S0drNlRyMTJBTdIBjwFBVV95cUxNa0VTOGdtUmVRZXVDQjgwUTQtWFIwajVndFlNTnozemFLeU5TX2VKNXJPbTdRdUVFNFhLS0FQcGNYRkJsSWhkRWFEWVoxZ2duTmpDSWVxbXRTU1NyS3puWVkweFRHNml4eHRCbDN1ZGtEcmZmbldjT1YxMTJaVmxrQkR0ZmhvWmF2dTFrdHZQQQ?oc=5,,"Secretarías, universidades e institutos descentralizados fueron objeto de auditorías de desempeño por parte de la Secretaría Anticorrupción y Buen Gobierno, en las que se detectaron observaciones por 40.1 millones de pesos, abriéndose 16 expedientes de investigación administrativa.
De acuerdo con el informe entregado al Congreso del Estado, las revisiones abarcaron los ejercicios fiscales 2024 y 2025 e incluyeron a las Secretarías de Educación y Turismo, la Universidad de Seguridad y Justicia, el Instituto Tamaulipeco para la Cultura y las Artes y el Instituto de las Mujeres en Tamaulipas.
Asimismo, la Universidad Tecnológica de Altamira, la Universidad Politécnica de Altamira, la Comisión de Parques y Biodiversidad, el Centro Regional de Formación Docente (Cretam) y la Universidad Politécnica de Victoria, según detalla el informe.
Acciones para verificar el uso de recursos
“Se han llevado a cabo acciones de fiscalización orientadas a verificar el cumplimiento de la normatividad en el ejercicio del gasto público, así como a fortalecer el manejo responsable de los recursos. Como parte de este esfuerzo, durante el periodo de marzo a diciembre de 2025 se concluyeron 10 auditorías practicadas a diversos entes públicos, correspondientes a los ejercicios fiscales 2024 y 2025”, se expuso.
Se precisó que, derivado de estos trabajos, se determinaron 34 observaciones por un monto de 40 millones 186 mil 186.46 pesos, que dieron origen a los 16 expedientes de investigación administrativa.
Estrategias de auditoría implementadas en 2025
La Secretaría Anticorrupción y Buen Gobierno explicó que en 2025, se implementaron dos estrategias, la de auditorías de desempeño y la de usuario simulado, de las cuales se desprendieron observaciones determinadas por los órganos internos de control y comisarios de las entidades.
Modelo de usuario simulado y medidas correctivas
Se adoptaron las estrategias para fiscalizar a los ejecutores del gasto, alcanzando además a siete dependencias y cinco entidades con el modelo de usuario simulado para trazar recomendaciones y también medidas preventivas y correctivas.
El objetivo es medir el impacto del recurso público que se está destinando a un programa presupuestario, con el fin de determinar su eficacia, eficiencia y el cumplimiento de metas establecidas.
Auditorías en proceso para 2025
Se indicó que, de manera adicional, se encuentran en proceso de ejecución tres auditorías correspondientes al programa 2025, dirigidas a la Secretaría de Bienestar Social —específicamente al Programa S123 Bienestar Alimenticio del ejercicio fiscal 2022—, al Instituto Registral y Catastral del Estado de Tamaulipas y a la Secretaría de Desarrollo Rural, Pesca y Acuacultura.
SJHN",GOOGLE_NEWS_RSS
Puertos tamaulipecos retroceden movimiento de carga al arrancar el 2026 - Milenio,2026-04-28 12:22,2026-04-28T12:22:46+00:00,Milenio,,https://www.milenio.com/negocios/puertos-tamaulipecos-retroceden-movimiento-carga-arrancar-2026,https://news.google.com/rss/articles/CBMimwFBVV95cUxPTmI4OVFfWUh2Tk12c2d0amNjb3NUU2NCZlg4NldnSGJjYnpsT3EzVlQ0VkxOM0lGNGdDMGk0dFV4cUNuSjdHSTZfNE9KMHRieDNoQ21fSnJiTkZMb2hhSGZPUlhYRlQtZnZsQ29nVkZJM24tSHpuMEFxNVVmZzBRRHlmVXl3SUEwNjV0UDRlbVNuWG03dVcwbk1nZ9IBmwFBVV95cUxQR2JuNjM3bzdfRE41SlVtbHNsZzVCNTBvczd4YXF5a0dFdm96R0VhVG5MZ24xbk5HSUR5WVJ0WnNrZlBhOFpBb3ZMX3p1c01nMHhoZTVRX0p3V3p0MXc3dDdnWXdwOW5Ta3lIazJ3NkpIMDlJTkVwV0NldVRacWVCZldCTTYzc1dvRW13TzNYLXpONWQ0MUdmWGRjRQ?oc=5,,"El movimiento general de carga en los puertos de altura en Tamaulipas se encuentra al primer trimestre del 2026 con déficit en comparación al mismo periodo del año pasado. Altamira y Tampico siguen rezagados en su intento de mejorar sus números continuando la afectación de la situación geopolítica, pese a arrancar nuevas líneas de negocio.
La Subsecretaría de Asuntos Marítimos y Portuarios, el nuevo ente creado por la Secretaría de Marina que regula la actividad, publicó los datos referentes al periodo de enero a marzo. En el mismo, ambos puntos ubicados en el Golfo de México se encuentran con una caída alrededor del 3 por ciento en promedio, con productos específicos sin crecimiento.
En este caso, para Altamira que presenta el mayor volumen, si bien ya entraron al modelo de petróleo y derivados con la terminales de almacenaje de combustibles de la firma estadounidense Valero, aunado a elevar sus números en los graneles agrícolas, se redujo casi 20 por ciento la exportación de automóviles fabricados en plantas nacionales, como de manera mínima en contenedores.
De esta forma acumulan 4.3 millones de toneladas, cifra que representa 3.8 por ciento por debajo de lo mostrado en el 2025, dio a conocer el reporte.
Integrado en la lista de los cuatro puertos con mayor capacidad para la recepción de mercancías en el país, Manzanillo (retroceso de 1.6 por ciento) también trae una caída en este trimestre, caso contrario de Lázaro Cárdenas (24.7 por ciento) y Veracruz (0.8 por ciento), elevando sus números.
Asipona Altamira está enfocado en aumentar la capacidad del recinto al realizar la ampliación de su canal de navegación norte, alistando 6 nuevos muelles y lograr que privados aterricen sus proyectos en los próximos meses.
Referente a Tampico, sigue en los mismos niveles del período enero marzo del año anterior, en 1.5 millones de toneladas, aunque en la comparativa retrocedió 2.5 por ciento. La atención en fluidos petroquímicos prácticamente se desplomó un 95 por ciento, contrastando con aumentar la carga general, los graneles agrícolas y minerales, además de los petrolíferos.
En este caso, la oficina está enfocada en redirigir los esfuerzos en materia turística, desde la remodelación del edificio de la ex Aduana, realizar la licitación para la inversión privada y promover el destino como un sitio adecuado para el arribo de cruceros.",GOOGLE_NEWS_RSS
La Grilla - Milenio,2026-04-28 07:47,2026-04-28T07:47:11+00:00,Milenio,,https://www.milenio.com/opinion/editoriales/se-dice-en-la-grilla-tamaulipas/la-grilla_1143,https://news.google.com/rss/articles/CBMilAFBVV95cUxQSThYOF9VZ2stNmNKY0VOQTU4Rmk5bHlWVmt6dXNZNHJUTHd5WF9yYS1tSjVQc1JHWnVZX3QxYXJKWUNnRWRHUGk3YkFzbldoNnYwVnVmNkxBcC1WQlpQSk1rZ3RzaXd5S1FncEtyVTBUc1NNYUtDR3RNWDBwTWt4alBOQmR0VDJUYmdadHZmRWNIVmNu0gGUAUFVX3lxTE9yalpTS1lLOGthX3hJVDFmSjl2ZTAyMEJLZWdQSHdFUFRkMTFPZF9Yem9HSVBVd0w4eHpxeDJ1S3c2c3VPOEF6aDBweFUweXVOa0NKQ3dQZ1hSY20tRVFROW5UV2k4aWtiYVRNWGwtaFFaS0lyQWZ2dE5tMk1ZUXRiWExtYnVjSDA5OFZoWWpkaWZ6dWY?oc=5,,"Que con Rubén Pérez, Gladys Torres, Guadalupe Hernández, Evaristo Vera, Francisco Ruiz, Armando Barrón, Javier Hernández y Alberto Córdoba, el proceso para elegir al contralor de la Fiscalía entra en una etapa donde los requisitos en papel ya no bastan; ahora siguen las entrevistas. Lo que realmente está en juego es si el órgano de control funcionará como un contrapeso auténtico o terminará siendo una simple figura decorativa.
Que cuentan voces en la zona sur que abundan las quejas y señalamientos —algunos de ellos graves— contra el delegado regional de la Guardia Estatal. Las críticas no solo apuntan a la falta de organización y los errores en la administración del complejo, sino también a los yerros de sus coordinadores, especialmente en los municipios de Altamira y Tampico.
Que dijo mi mamá que siempre sí. Después de que Griselda Carrillo asegurara que no tenía interés en competir por un cargo en 2027 y, sobre todo, que ya no militaba en el PRI, anunció en redes sociales que ahora su corazón es guinda. Así es: la exdiputada y exfuncionaria pública se afilió formalmente a Morena.
Que la reaparición de Carrillo en el mapa político de la urbe industrial tiene inquietos a los “suspirantes” de Altamira, el municipio donde más manos se levantan por la estafeta que dejará el alcalde Armando Martínez. Su llegada implica que también entre en escena el empresario y mandamás del Grupo Multimodal, Enrique de Hita Sánchez.
Que por las tardes se realizan eventos sobre la erradicación de la violencia como parte del plan para prevenir el delito familiar, labor que ha demostrado buena coordinación entre el Instituto de la Mujer, dirigido por Libby Zacil Adame y Cuitláhuac Ortega, comisionado en Derechos Humanos. La meta urgente es frenar los índices de violencia familiar que se han disparado en el sur del estado.
Que el coordinador de MC en la zona, Édgar Treviño, asegura que este año ha sido especial para el Movimiento Naranja. Relata que, a diferencia del pasado, cuando tenían que salir a buscar perfiles, ahora son los propios aspirantes y empresarios quienes se acercan al partido buscando representación ante los tiempos políticos que se avecinan.",GOOGLE_NEWS_RSS
¡Sí se pudo! Abuelitos se graduan en Tampico; concluyen primaria y secundaria - Milenio,2026-04-28 04:45,2026-04-28T04:45:00+00:00,Milenio,,https://www.milenio.com/comunidad/adultos-mayores-se-graduan-primaria-secundaria-tampico-dif,https://news.google.com/rss/articles/CBMilwFBVV95cUxNTl9QV1JTZ19TZkJGNzIza1BSNlBzb0NBY0NVelA3VmNaTGdtTVNmdi1wUXEzeUdKLUxPRXh3VV85d1ZQcjQ5OGgyOEpnVDJVS2ZWQTJERWtUc0FnenVEaE1NamZKTC14cmRaZllSbDVhV1UzLVpYZnNRbUVrdlRKNlRmZk41T25lTkVMUzR4NTA3QkItbTRV0gGXAUFVX3lxTFBsRGVRUjhuU202b2JlbF9wU1FZZHZUOGJJdDdFTzJaVzFMV25nSEhWZTZXdkNDeE1wdElhSVpDdzlRRk53NlZ3TDNIRkVUcTlIS0dlNl9XekVrSWJCTzlMbUtTQVk0cXYyV0ptVjNTVmRsaXBxVE9XQlFaZFRWSTZqc0R5ai1KakJsUGYzUERGSk5XS2dySlE?oc=5,,"La educación para adultos mayores en Tampico continúa abriendo oportunidades para quienes buscan concluir sus estudios básicos, demostrando que el aprendizaje no tiene edad. En este contexto, un grupo de personas logró completar un importante ciclo académico gracias a un programa impulsado por autoridades locales.
Con entusiasmo y orgullo, 11 adultos mayores de la Estancia “Frente Democrático” culminaron sus estudios de primaria y secundaria, en un logro que ha sido reconocido por el sistema DIF de Tampico como un ejemplo de perseverancia y superación.
Adultos mayores concluyen estudios básicos en Tampico
De acuerdo con información del DIF municipal, este avance es resultado del trabajo conjunto con el Instituto Tamaulipeco de Educación para Adultos, organismo encargado de brindar alternativas educativas a personas que no pudieron concluir su formación en etapas anteriores.
El programa educativo inició hace aproximadamente un año en la Casa Club “Esfuerzo Obrero”, donde los beneficiarios comenzaron su proceso de alfabetización y regularización académica.
“Su esfuerzo y alegría por aprender son un ejemplo de vida para todo Tampico”, destacó el DIF en su comunicado oficial.
Impulsan educación sin límite de edad
Las autoridades resaltaron que este tipo de iniciativas buscan garantizar el acceso a la educación en todas las etapas de la vida, especialmente en sectores que históricamente han tenido menos oportunidades.
El proyecto contó con el respaldo de la presidenta del DIF Tampico, Luz Adriana Villarreal Anaya, quien ha promovido programas enfocados en el desarrollo integral de los adultos mayores.
“Hoy demostramos que con voluntad no hay límites”, se señaló como parte del mensaje institucional.",GOOGLE_NEWS_RSS
Indignación en Tamaulipas por muerte de jaguarundi en Reserva de la Biósfera El Cielo - Milenio,2026-04-28 02:12,2026-04-28T02:12:00+00:00,Milenio,,https://www.milenio.com/ciencia-y-salud/que-es-el-jaguarundi-y-por-que-esta-en-riesgo-en-tamaulipas,https://news.google.com/rss/articles/CBMioAFBVV95cUxONU5oVVhLaUJxc0lic3FLSlpZZDlZU3ozZG9jZ3hSdjlBUkd1SlJRTzBoZG1hWTRNY3dYSzdSOFZlX3Jrb19QSFFWR1A3N09xWDhaZnV1dkdsNzY0Q2huM2lERm1DWFhFWi1FODRFRVVZd3dma2VlODBZNXpBb0RURGI5cGVGNlQ4X1VzWURDTzgxWjNTZU9wVDM2T2JnaFVD0gGgAUFVX3lxTE1YcmF5cGxNOUhwOGdoT3REWTVYTXBFVXVaaVRlQmhJU2U1RjQ2SVpMZzlfVFRuNkFUMTRJejZCVVNQcE9FTlJzWGRUMkZtTnRvUTM3Wl9UNkFrcDJCSXRzMndOd3JZaS12cVBBblU1M05wWjBQcE1ySmFmc1k5dmhQT0xLeVlWR0lvMzdtYWdLcHNtRDNnb2J5UU94ekxYSUY?oc=5,,"En días recientes, la muerte de un ejemplar de jaguarundi encendió las alertas entre habitantes y defensores del medio ambiente en el municipio de Gómez Farías. Aquí te contamos los detalles del caso que ha generado indignación.
La fauna silvestre en Tamaulipas enfrenta riesgos constantes derivados de la actividad humana, especialmente en zonas naturales protegidas donde el tránsito vehicular representa una amenaza creciente.
Denuncian exceso de velocidad
Habitantes de Gómez Farías, Tamaulipas señalaron directamente a la imprudencia de los conductore como la causa de la muerte del ejemplar. A través de mensajes difundidos en redes sociales, lamentaron el hecho y pidieron mayor conciencia sobre la riqueza natural de la región.
“Hoy 23 de abril de 2026 lamentablemente perdimos otra especie más, víctima del exceso de velocidad y de la falta de empatía”, expresaron.
La denuncia también pone sobre la mesa un problema recurrente en zonas protegidas: la falta de control en la velocidad de vehículos que atraviesan áreas donde habita fauna silvestre.
¿Qué es el jaguarundi y por qué está en riesgo?
El jaguarundi, también conocido como onza, jaju o gato nutria, es un felino de tamaño mediano que se distingue por su cuerpo alargado y su apariencia similar a la de un pequeño puma.
Puede medir entre 50 y 70 centímetros de largo, más una cola que alcanza hasta 60 centímetros, con un peso que va de los 3.5 a los 9 kilogramos.
Una de sus características más llamativas es la variación en su pelaje, que puede ir desde tonos rojizos hasta gris oscuro o casi negro, incluso dentro de una misma camada. Su cabeza es pequeña, con orejas redondeadas y patas cortas.
¿Dónde habita?
Esta especie se distribuye desde el sur de Estados Unidos hasta gran parte de América del Sur. En México, su presencia abarca regiones que van desde Sonora hasta Chiapas, así como estados del noreste como Nuevo León y Tamaulipas.
A pesar de su amplia distribución, el jaguarundi está catalogado como especie “Amenazada” en la Norma Oficial Mexicana NOM-059 , debido principalmente a la pérdida de hábitat y a riesgos como atropellamientos en carreteras.
Llamado a proteger la fauna silvestre
La Reserva de la Biósfera El Cielo es considerada un santuario ecológico que alberga una gran diversidad de especies, muchas de ellas en riesgo. Sin embargo, el crecimiento de la infraestructura vial y la falta de cultura ambiental siguen representando amenazas directas.
Ciudadanos han insistido en la necesidad de implementar medidas más estrictas, como señalización adecuada, reductores de velocidad y campañas de concientización, para evitar que estos hechos continúen repitiéndose.",GOOGLE_NEWS_RSS
Primera Zona Naval cambia de mando con nuevo comandante en el sur de Tamaulipas - Milenio,2026-04-28 01:49,2026-04-28T01:49:00+00:00,Milenio,,https://www.milenio.com/estados/zona-naval-tamaulipas-cambia-comandante-fernando-rodriguez,https://news.google.com/rss/articles/CBMilAFBVV95cUxNXzJoUTBMU2pYY25BeTRzQVUxaGJSWTVIVWlmenZDTHlhMnp3RngtTHRfTGQ5bzhDbXJRNHlhWWNsUFdPTXZiWVo0akRYRGlMVlFPTDFnNllBYnZYa3BMa1dYRlpQclo5VWl5aDlqRUpaMkVkdWd0MUczLVZKYXhDUHJocUNlVzRpUjA5N3dQbFRDbU5V0gGUAUFVX3lxTE5mN0NnRlQ0UXpLdGotNENJUGVZa0V4WEREaDcyOURNUEhvY2wzSzJ2TE9FUnpMTFB4aDdsSG9UdVd5OWRRMlNCS2V4U3J1RmkwQmdWXy10eDd6UDRkUnp3X1MwYVdPc0MydVRteVQ1WHllOE1JQWxvbDJleEQ1VTJhaEhZNFJGVVRNX21laGpUSDhqTl8?oc=5,,"En las instalaciones de la Primera Zona Naval, se llevó a cabo la Ceremonia de Entrega de Mando de Armas, acto en el que se dio la bienvenida al Vicealmirante de Aeronáutica Naval, Piloto Aviador Diplomado de Estado Mayor, Fernando Rodríguez Cuevas, como nuevo Comandante de la Primera Zona Naval.
Durante la ceremonia estuvieron presentes autoridades navales y civiles, entre ellas el Contralmirante Gerardo Romero Santana, Jefe de Estado Mayor de la Primera Zona Naval; el Contralmirante Marco Antonio Rodríguez Cureño, Comandante de la Base Aeronaval de La Pesca; el Vicealmirante en retiro Fidel Maldonado López, director general de Asipona Altamira; el Vicealmirante en retiro Jaime Herrera Romo, director de ASIPONA Tampico; así como los alcaldes de Altamira y Ciudad Madero, Armando Martínez y Erasmo González Robledo, respectivamente.
Destacan coordinación entre autoridades y fuerzas armadas
Destacaron la importancia de mantener una coordinación estrecha entre los distintos órdenes de gobierno y las fuerzas armadas, subrayando el papel fundamental de la Secretaría de Marina en las labores de seguridad y desarrollo regional.
Refuerzan estrategia de seguridad en el sur de Tamaulipas
La ceremonia simboliza la continuidad de las labores estratégicas de la Secretaría de Marina en la zona, fortaleciendo la cooperación institucional y la estabilidad en el sur de Tamaulipas.
JETL",GOOGLE_NEWS_RSS
Gabriela Jiménez festeja a niñas y niños en Azcapotzalco - Milenio,2026-04-27 22:18,2026-04-27T22:18:35+00:00,Milenio,,https://www.milenio.com/comunidad/gabriela-jimenez-festeja-ninas-ninos-azcapotzalco,https://news.google.com/rss/articles/CBMiiwFBVV95cUxNTkdrY1d6NXV2em5mRHkyZWt1d0lsTC1yMUhEbUg3Y19CTUtDR2RaQm1yNlJiRFg2am4tRTBzNEdYUldWeFNYaEdXNHR4Vi1aX1R3NWdad3p3cF9GYWFheThDaHhac2EyZTcyT1FZNVN4Q3FycUQ0Q2xXaHplaVlvcEk4LU1idTJ0ZmZN0gGLAUFVX3lxTE1xaGhpcnFYNVNoSS1QT1h1QW9PcWVteFE5OFRPYjRFMUhMUmJCZzU3WVM0WWZ0QkktV191SFBidEpJVlJmOWF2U0F0TUtaNU4tRm9HTjhvTnJzWk1sVmlCUUlPVzNtdjZMRzNoazVNRWpBMHp4RkMwUG1ZQkhpWHl1Y29kTmZoMjA1NDQ?oc=5,,"La vicecoordinadora del Grupo Parlamentario de Morena en la Cámara de Diputados, Gabriela Jiménez Godoy, encabezó festejos por el Día de las Infancias en Azcapotzalco, donde madres y padres de familia le solicitaron apoyo para mejorar servicios básicos como pavimentación, agua, seguridad, poda de árboles, escuelas y hospitales.
Los encuentros se realizaron durante el fin de semana en las colonias San Andrés de las Salinas y San Pedro Xalpa, donde la legisladora convivió con niñas, niños y familias en actividades con juegos, concursos, dulces, juguetes, pastel y palomitas.
En su mensaje, Gabriela Jiménez invitó a las niñas y niños a realizar una visita guiada a la Cámara de Diputados para conocer el Pleno, el museo y la biblioteca legislativa, con el propósito de acercarlos al trabajo legislativo.
En el encuentro, madres y padres de familia pidieron la intervención de Jiménez Godoy para atender problemas de servicios en Azcapotzalco, entre ellos pavimentación, acceso al agua, seguridad, poda de árboles y fortalecimiento de planteles escolares y hospitales.
La legisladora respondió que trabajará de la mano con la ciudadanía y, con el simbolismo de “súper diputada”, se comprometió a impulsar acciones para rescatar y transformar la demarcación.
De acuerdo con la diputada federal, el objetivo de los festejos fue promover la convivencia comunitaria y fortalecer el tejido social en la demarcación.
Durante las actividades, Jiménez Godoy estuvo acompañada por las diputadas Marisela Zúñiga Cerón y María Damaris Silva Santiago, así como por el magistrado Lázaro Tenorio Godínez, proveniente de Metepec, Hidalgo.
El magistrado ofreció brindar asesorías jurídicas a las familias asistentes, como parte de las acciones de cercanía planteadas durante los festejos.
MVDJ",GOOGLE_NEWS_RSS
Ola de calor se intensifica en Tamaulipas; estas serán las temperatura máxima de esta semana - Milenio,2026-04-27 21:41,2026-04-27T21:41:00+00:00,Milenio,,https://www.milenio.com/el-clima/ola-calor-temperatura-maxima-tamaulipas-semana,https://news.google.com/rss/articles/CBMihgFBVV95cUxOTm5tZGlFcXhERDhBMGRfT052eWNWenNxY19fMXNSRzhEV1JZc0dCQTJ5Sk8wdkUzV19RTWZhU1huWkJ0NjliOVpWbVhuWHdWRGFfWXhaZDFaYnNWNFN3N3AyUWVteVljMllkVkg4RnhKRjBRa3RSUWZrMjk2ZlZ0d2FqRDdaQdIBhgFBVV95cUxQYlNFeU5oRVAtSnlrSXQwUVVhTVB4ZkhtRHpJMlFRazVvTndYVGFZa3RETHY5U3Y4QWdZT2cyWkhHalBqbTVmTmpnazJTREhlbEpnX3Q3T3BwTjBvNFBqaDlrcGpBa1ZWcnRtNktEZ1FTWDJaaURESFZjaEdhc0tHOVFnYU9fZw?oc=5,,"El calor no dará tregua en Tamaulipas durante los próximos días. De acuerdo con el pronóstico del Servicio Meteorológico Nacional, la entidad enfrentará temperaturas extremas que podrían superar los 45 grados Celsius, especialmente en la zona suroeste.
Este incremento se debe a una circulación anticiclónica en niveles medios de la atmósfera, la cual se mantendrá sobre gran parte del país, favoreciendo un ambiente de caluroso a extremadamente caluroso y manteniendo activa la onda de calor en la región.
Temperaturas máximas para este lunes y martes
Entre el lunes 27 y martes 28 de abril, se prevén temperaturas máximas superiores a los 45°C en algunas zonas del estado.
Temperaturas máximas para el miércoles
Para el periodo del martes 28 al miércoles 29, los valores oscilarán entre los 40 y 45°C, acompañados de rachas de viento de 30 a 40 km/h, con posibles tolvaneras y chubascos aislados.
Además, la interacción del frente frío número 47 con una línea seca en el noreste del país y la corriente en chorro subtropical generará condiciones de inestabilidad, con lluvias intermitentes y fuertes rachas de viento en Tamaulipas y estados vecinos como Nuevo León y Coahuila.
Temperaturas máximas para el jueves
Durante el miércoles y jueves, la onda de calor persistirá en gran parte del estado, manteniendo temperaturas elevadas y sensación térmica que podría alcanzar entre los 43 y 47 grados, lo que incrementa los riesgos a la salud, especialmente por golpes de calor y deshidratación.
Para el viernes, se prevé un ligero cambio en las condiciones, ya que un nuevo sistema frontal se aproximará al norte del país, lo que favorecerá un descenso gradual de las temperaturas y el debilitamiento de la onda de calor en la región.
Estás serán las temperaturas máximas por onda de calor en Tamaulipas del 27 de abril al 1 de mayo:
- Norte (Reynosa, Nuevo Laredo, Matamoros): 34° / 38°
- Centro (Ciudad Victoria): 37° / 41°
- Cañera (Mante, Xicoténcatl, González, Antiguo y Nuevo Morelos, Ocampo y Gómez Farías) 38° / 42°
- Sur (Tampico, Madero y Altamira): 32° / 36°
Ante este panorama, autoridades recomiendan evitar la exposición prolongada al sol, mantenerse hidratado, usar ropa ligera y tomar precauciones ante los cambios bruscos de clima, así como estar atentos a posibles lluvias y rachas de viento.",GOOGLE_NEWS_RSS
Cancún FC vs. Jaiba Brava. Días y horarios de la semifinal - Milenio,2026-04-27 20:54,2026-04-27T20:54:00+00:00,Milenio,,https://www.milenio.com/deportes/cancun-fc-vs-jaiba-brava-horarios-semifinal,https://news.google.com/rss/articles/CBMiggFBVV95cUxOY2FHdXhsZGlFTkJMYngwZDNXc1VzaHRaSF96LW9UMU9oeC1BN0poRW5sVlZyRHZvTEFYMnc0ejVJT0k1MW0zZjhDNGkweDNQQ09QekVEcTZTR1RzM2Q2bGtPUzFMNDlWcV9NSjhfczczU0tmeFlxSmNGRGJSMERWeWh30gGCAUFVX3lxTE9EUDN6b0Q0d19OQ2hHT3VTZUZGQlF4TE1VM2lxN1A1em5XX2ZsdjIyWEY4dmVBTkktNHpzQmp6ODB5N1dhXzNUT1Fnek1HeHdTRG1sQ2RBU0I1RmJoSHVmdTZROHRBRGxvd013UENJN2hGWmhKMkJQcUpMM0hEY2hyYVE?oc=5,,"La semifinales del Clausura 2026 entregará un partido entre los dos equipos más regulares dentro del último año futbolístico en la Liga de Expansión. En esa confrontación directa, Cancún FC y la Jaiba Brava del Tampico-Madero pelearán en 180 minutos por el pase a la gran final del torneo, duelo que en teoría luce más parejo.
Con historias distintas dentro del fútbol mexicano, ambos ya saben lo que es alcanzar la cima de la división de plata. Para esta ocasión, el choque tiene mucha trascendencia por los objetivos que ambas franquicias plantearon, no sólo coronarse en este semestre sino también aspirar a un segundo trofeo, el de Campeón de Campeones.
Tras salir avantes en los cuartos de final, este lunes se terminaron los días y horarios de los dos compromisos, caso similar en la otra llave que tendrá como aspirantes a los Alteños de Tepatitlán, líder de la competición durante la fase regular y Mineros de Zacatecas, la escuadra sorpresa dentro de la Liguilla.
¿Cuándo será el partido de ida entre Jaiba Brava y Cancún FC?
Se determinó que el primer juego se efectuará este jueves a las 21:05 horas en la cancha del Estadio Tamaulipas. Será la tercera semifinal consecutiva que se vivirá en el Coloso de la Unidad Nacional, al repetir la hazaña lograda tanto en el Clausura 2025 como en el Apertura del mismo año.
El partido de vuelta y que pinta como el definitivo para entregar el pase a la serie por el título se programó a las 17:00 horas del domingo en el Andrés Quintana Roo. En ambos escenarios se espera una gran entrada.
¿Cómo llegan Cancún FC y Jaiba Brava a la semifinal?
Cancún FC fue segundo lugar de la tabla general al coleccionar 27 puntos. En la última semana despachó al tapatío, al vencerlo por global de 2 goles a 1. Regresa a esta instancia 4 años después, cuando en el 2022 obtuvo el campeonato.
Los celestes quieren repetir una tercera final de manera consecutiva. Solo han perdido un partido en los últimos 10 compromisos y la base de jugadores cuenta con experiencia en esta clase de encuentros. Terminaron quintos en la clasificación y eliminaron al Atlético La Paz.",GOOGLE_NEWS_RSS
Arranca registro para pensión del Bienestar de Adultos Mayores en Torreón | Calendario y TODOS los requisitos - Milenio,2026-04-27 20:53,2026-04-27T20:53:50+00:00,Milenio,,https://www.milenio.com/estados/registro-pension-bienestar-torreon-abril-fechas-documentos,https://news.google.com/rss/articles/CBMilAFBVV95cUxNdTdMUGZldFBQYmFJVjVha0J1X2UxVjFUVG8wWE1JOHJWRHI3clBDb1JjOWkwcHNmRm5zTk5XNl91aHhqcGxrczJqakpMTjZpN0M3bEJDMGFhLUppc3ZGc05oU205U19sM3N0TlZ5eWI3MnBBSW8tUWk0ai1CWmhFWU1qdU00Rkx1dlE3UEJueHF0aE5B0gGUAUFVX3lxTFBIODg3VWhOYXVieVppS3lBdVRkMUFrVEpJUlctelNQUHZSVGhuQl9mcWo1SFpQaGV5MW1vbXJOZ09CeTlWbHlfVTl1cnRIT2hPNnctam9GSThWZk8zZEJTOTV2aUJxZFdqZ2tCbHBsdnFxVXpRTlV3X1hNel9kc3JBTzRKZmgtTFlwUWQzaWRZNURkdkQ?oc=5,,"Este lunes la directora regional del Bienestar en La Laguna de Coahuila informó sobre el arranque de registros para la pensión del Bienestar en Torreón.
Serán los adultos que tengan cumplidos los 65 años a marzo y abril, quienes podrán registrarse para recibir la el apoyo económico que brinda el gobierno federal, mismo que a este 2026 es de $6,400 pesos bimestrales (cada dos meses).
Requisitos para el registro
Quienes vayan a realizar el registro deberán acudir a realizarlo en la antigua Facultad de Ciencias Políticas y Sociales de Torreón, ubicada en el buelvar Revolución y calle Donato Guerra, además de llevar original y copia de los siguientes documentos:
- Identificación oficial vigente
- Curp de reciente impresión
- Acta de nacimiento
- Comprobante de domicilio
- Dos teléfonos de contacto
Calendario y horario de resgitro
Además, deben tomar en cuenta que el registro es por orden, tomando en cuenta la primer letra del apellido, y podrán asistir a la ubicación en un horario de 10:00 de la mañan a 4:00 de la tarde.
- Lunes 27 - A, B y C
- Martes 28 - D, E, F, G, y H
- Miércoles 29 - I, J, K, L y M
- Jueves 30 - N, Ñ, O, P, Q y R
- Viernes 1 mayo - S, T, U, V, W, X, Y y Z
- Sábado 2 mayo - Todas las letras
- Domingo 3 mayo - Todas las letras
aarp",GOOGLE_NEWS_RSS
"Cumplir lo que prometemos, el compromiso: gobernador de Tamaulipas - Milenio",2026-04-27 20:39,2026-04-27T20:39:00+00:00,Milenio,,https://www.milenio.com/politica/americo-villarreal-destaca-puerto-aduanas-transporte-tamaulipas,https://news.google.com/rss/articles/CBMinAFBVV95cUxOREEwaXBJTFZkVllGRVd4V092SlhCZF9aUTNwU0s0WlZLTGx6dHJxLWM2dS11bjlFWFNNSU4zLUZIU0ZuM3M3SURKNDhuY2Vnbk9IMVplYkdlc21maXVPNFNnUV9sYVRNaEE2S3NFbDRRRlR2R0VScVBObmFXbWx1S01rRVh0RFBkcVRjVU1MUHlIR09OcVkwUTFlblLSAZwBQVVfeXFMTzFzZU9mZWhPMGtHT2hGbzdDUDhnRUhCUWVzUlR2ZXVab2VwanZRU0haTExqb2VGTzZGRVJ0eUd6WjZIUTlsSkY0aU16ejVRb0czOW81U0dmRTFFeHpNT0ZvRGpmdTU5VTVJSGFvVHZfUWVRSVhYVXB6d3diQldTcFBGUXBGYnpDdEVSVGNrS3FDbFUtSnp4VUlMNU9C?oc=5,,"Durante la segunda emisión de la serie Obras que Transforman Tamaulipas, del programa ""Diálogos con Américo"", el gobernador Américo Villarreal Anaya destacó el desarrollo del Puerto del Norte en Matamoros, la Agencia Nacional de Aduanas en Nuevo Laredo, el Puerto Interior Multimodal en Victoria y la modernización del transporte público.
La tarde de este domingo, a través de la señal de Radio Tamaulipas Multicast, el gobernador del Estado aseguró que todos estos proyectos están planeados y orientados a favorecer el desarrollo social de Tamaulipas y que todas estas acciones se traduzcan en desarrollo y bienestar para las y los tamaulipecos.
""El compromiso es que todo lo que prometemos lo cumplimos"", afirmó en respuesta a la participación de la audiencia.
Puerto del Norte abre nuevas rutas comerciales en Matamoros
Al referirse al Puerto del Norte, indicó que luego de más de 22 años, la nueva aduana marítima de Tamaulipas es ya una realidad, ""es un puerto hecho y derecho; es una realidad"", expresó y reiteró que esta obra abre nuevas rutas al comercio, fortalece la conexión con mercados globales y amplía las capacidades del estado para atraer mejores inversiones y la generación de más empleos.
Nueva sede de Aduanas fortalece comercio internacional en Nuevo Laredo
Sobre la Agencia Nacional de Aduanas de México, que requirió una inversión de más de 4,500 mdp, en Nuevo Laredo, Américo Villarreal expresó que la nueva sede de la ANAM es el reconocimiento a Tamaulipas como eje del comercio internacional de México, fortalece su papel en el desarrollo logístico y su capacidad operativa y coordinación para el comercio exterior.
Puerto Interior impulsará industria en Ciudad Victoria
Respecto al Puerto Interior en Ciudad Victoria, afirmó que este proyecto en un área de 1,332 hectáreas de propiedad estatal permitirá integrar al centro del estado a una nueva dinámica de crecimiento y desarrollo y posicionar a la capital como punto estratégico para la industria, abriendo la puerta a la instalación de empresas y detonar el crecimiento regional.
Modernización del transporte público inicia con ruta Conecta
Para finalizar, expuso que ya se dio el primer paso para la modernización del transporte público con la presentación de las seis unidades de la ruta Conecta, las cuales son más eficientes, con mejor rendimiento, generan menos contaminación y ofrecen un transporte más digno a las y los tamaulipecos.
Agregó que esta ruta se ampliará a Reynosa y a la zona conurbada del sur, como parte del desarrollo de todo un proyecto para eficientizar la movilidad en Tampico, Ciudad Madero y Altamira, «estoy seguro de que lo podemos consolidar en esta administración», afirmó.
SJHN",GOOGLE_NEWS_RSS
Paseo Dominical de la Sedena reúne a 900 personas en el 15 Batallón en Tampico - Milenio,2026-04-27 20:00,2026-04-27T20:00:00+00:00,Milenio,,https://www.milenio.com/comunidad/paseo-dominical-sedena-reune-900-personas-tampico,https://news.google.com/rss/articles/CBMiiwFBVV95cUxPUzkxN1IzOXBqeHdvYUN5TXR4aU9mSEtpLTBjdHV0NGFiNl9iQ3FxNFFjLWMwbzV6RHRidXpqRGtFOE9YNldtalJReTE5dlptaElyNk9Xc1hUR1lQSGgtRkRsc3hvMGJwWFkxN1dwVmxCTm5SeFRmY0FkNUxBSVZHRC1xSmVDendlZUdn0gGLAUFVX3lxTE5WZ2s5blU4SkVtbjBrNHBlS1dUQjFhN2kzblQtS1dIYWNubFRFcGxNc2IteUViUTl2Rnd2TFZsN0VmdklrX0U4dW40S1huMjVSYXdIWnZ2Yy0zSjY1QWt5d0g2U1VLMTlsdHY0S0dkcVdNSzhrYTdqNWhmWGdobUVVMkpoOWJMUzludFk?oc=5,,"Un total de 900 personas fueron las que acudieron al Paseo Dominical organizado por la Secretaría de la Defensa Nacional (Sedena) en el 15 Batallón de Infantería, en la cual demostraron parte de su labor en seguridad y apoyo a la población.
La mañana de este domingo las instalaciones militares abrieron sus puertas para las familias, así que fueron recibidos por las fuerzas castrenses, que hicieron demostraciones sobre sus actividades, lo que generó una respuesta positiva de la población.
En un par de horas durante la mañana de este domingo, los militares se robaron la atención de los niños y hasta de sus papás, en una serie de actividades que sacó de la rutina a las familias, pero que ya bien sirve para sembrar esa semilla del amor al país.
Exhiben equipo, vehículos y estación meteorológica
La estación aérea meteorológica fue el primer punto, una mini pista de combate, las casas de campaña, el binomio canófilo, el módulo de sanidad, la demostración de los vehículos tácticos, entre otros aspectos, que llamaron la atención de los ciudadanos.
Demostraciones de binomios caninos y búsqueda de estupefacientes
Entre pruebas de agilidad, demostraciones de los binomios caminos y la búsqueda de estupefacientes, los niños pudieron conocer parte de la labor que desarrollan los militares día a día, al servicio de la patria, además del despliegue del Plan DN-III-E.
Se espera que estas actividades se realicen con frecuencia a lo largo del año, con el objetivo de crear un vínculo con la ciudadanía y generar mayor confianza, ya que las fuerzas castrenses tienen varios años haciéndose cargo de la seguridad en el país.
SJHN",GOOGLE_NEWS_RSS
Puerto de Altamira prepara muelles para atraer inversión - Milenio,2026-04-27 18:06,2026-04-27T18:06:54+00:00,Milenio,,https://www.milenio.com/comunidad/puerto-altamira-prepara-muelles-atraer-inversion,https://news.google.com/rss/articles/CBMiigFBVV95cUxPVzhDZWgzaVVYb1RCaWNMMjBnSmQ1QmhfV083MzNKcVBqalpyNk9KTU5hUTFKS2I1Rm42eFAyUVR4ZDRQeF9HTVVHLVNfdFZHeDFrbkUxWlc1YjdJdGliQzJfZGZWeXpicFNwcWZERG5McW1uejh6VXYwUVpEU3ZLY2d0eTBLN2Eyd2fSAYoBQVVfeXFMTmJFUnRPSU1RVWRSTjNWVndqSmRpM2RlWF9RZWdfSklhLTFUVTJIYWo4bW9Lb3Bpck5ZNmZJYnFsRng2WTRGQUdxSlA4V3Z4RnZ2QWlBalJmdXJlaXVaLXpSYnpaSzhxSnpGa21zMkJPVGZIWnFfS3VnYmJNdnRSeTdRTlVZdFVHTnNR?oc=5,,"El puerto de Altamira contará con seis nuevos muelles y permitirá el arribo de empresas al interior, al pasar a una nueva fase del acondicionamiento de los puntos de atraque ubicados en el canal de navegación norte. La primera etapa quedó lista, donde se invirtió alrededor de 88 millones de pesos.
La Administración del Sistema Portuario Nacional (Asipona) local informó a la Secretaría de Marina el proyecto, cuyo objetivo es ampliar la infraestructura actual y permitir que nuevos corporativos tengan la posibilidad de aterrizar para la importación y exportación de mercancía diversa, integrado también dentro de la estrategia del Plan México.
Dicha ampliación, dio a conocer la Subsecretaría de Asuntos Marítimos y Portuarios, consiste en aumentar la capacidad de profundidad para buques de mayor calado y los trabajos consisten en contar con 13 metros de profundidad, así como un ancho de plantilla de 300 metros. A través de un video publicado en sus redes sociales detallaron las maniobras actuales.
La obra permitirá acceder a otras terminales en desarrollo y al mismo tiempo contar con seis nuevos frentes de agua. Cabe señalar que el punto marítimo en el Golfo de México, uno de los cuatro con mayor movimiento en el país, cuenta con una extensión de mil hectáreas, mientras su capacidad actual no rebasa el 30 por ciento.
La exportación de automóviles y la carga contenerizada son sus principales líneas de negocio, abriendo el mercado del almacenamiento de combustibles en este 2026.
La autoridad federal informó que desde el 2025 se realizaron las primeras maniobras entre ellas a la adecuación del terreno como también la excavación en 640 metros de longitud, por 200 metros de ancho y 8 metros de profundidad.
La inversión alcanzó los 88.8 millones de pesos durante el mencionado ejercicio. El objetivo de esta infraestructura es facilitar las nuevas zonas con los puntos de atraque y permitir el arribo de empresas, anunciado en su momento por el director general Fidel Maldonado.
yc",GOOGLE_NEWS_RSS
Maquiladoras cerradas en Matamoros: solo el 15% de obreros han sido reubicados - Milenio,2026-04-27 17:50,2026-04-27T17:50:48+00:00,Milenio,,https://www.milenio.com/comunidad/maquiladoras-cerradas-matamoros-15-obreros-reubicados,https://news.google.com/rss/articles/CBMikAFBVV95cUxNT2F4MDhoc0tCc0h3bGxjbXVua0FhMDRkQmIyNGE2UWpyUkxkZ2VhYWNqWFBnWlgtcHd2LUhqd3JvWmJKaFFvbi1zYWpQazd0elF3TkE2SEJwdlBlR3ItVnVpMUdwZURFMVRKSFA2SHc5YUhUcDVadG5EOERqRkE2ZFpFOWNjbzRhUWV5NHVHODjSAZABQVVfeXFMTWFNSnJMbEVqV3JsTmk4eWJuRTJ4c1JRZC1mZ3ctYzdLeFZ3X1FUVllQVDVUVjR6MXhmZWhyRmkxUklNR0I4T3QtRHRnU0FlREIxTml5dF9NU0RPN1FPTWRDbGZkU0pCOWlQMGRVdXhtajdqVS1RbmxYaUhkQ096VEVjSmw4ckFLOTlXMTNhaXJo?oc=5,,"La situación para más de 4 mil trabajadores involucrados en las empresas maquiladoras de Matamoros, que pertenecieron al corporativo estadounidense First Brands Group, está sin una solución clara de ser liquidados o lograr su reincorporación a otras actividades laborales, esto a tres meses de estallar el conflicto en el norte de Tamaulipas.
Mientras la Secretaría de Trabajo en la entidad informó que apenas el 15 por ciento del personal que colaboró tanto en Tridonex como en Trico fue recolocado, para el sector de la construcción el caso inhibe el arribo de nuevas inversiones mencionadas en su momento por las autoridades municipales, lo cual compensará el recorte de empleo formal.
“En respaldo con el servicio nacional de empleo llevamos un porcentaje de colocación del 15 por ciento de estos 4 mil trabajadores que lastimosamente perdieron su fuente de ingresos ante la quiebra de la empresa. Seguimos buscando otras opciones para poder reincorporar a la fuerza laboral al resto de los elementos”, dijo el titular de la dependencia, Gerardo Illoldi Reyes.
Fue el pasado 26 de enero cuando Tridonex canceló operaciones en su complejo ubicado en esta ciudad, luego que la firma norteamericana se declaró en bancarrota, a raíz de un fraude cometido por sus principales directivos.
Arrastró a 25 manufactureras de partes automotrices que dotan de insumos a Ford y General Motors. Tridonex se unió mes y medio después.
Los casos se encuentran en el estatus de huelga, tomados por el Movimiento 30+22 encabezado por Susana Prieto Terrazas, mientras el segundo ha entrado en defensa de los derechos de los obreros el Sjoiim.
Ninguno ha logrado algún pago compensatorio ante el alto número de desempleados que todavía se mantienen afuera de las instalaciones resguardando el equipo.
A su vez, la Secretaría de Desarrollo Económico municipal indicó que existen cuatro planes de particulares extranjeros pretenden llegar a territorio matamorense en los próximos meses. Esto permitirá, de acuerdo con cálculos, la incorporación de 6 mil personas a una vacante formal.
“El trabajo en proyectos de sector privado ha estado muy tranquilo en el inicio de este año. Nos preocupa la situación que se vive en Matamoros con el cierre de las maquiladoras, ahuyenta la inversión y aunque se habla del arribo de nuevas empresas, esto hace difícil despertar el anónimo de los empresarios por llegar”, declaró Pablo Haro Panduro, presidente de la Delegación estatal de la Cámara Mexicana de la Industria de la Construcción (CMIC).
yc",GOOGLE_NEWS_RSS
Expertos vigilan con lupa que construcciones en Tampico no violen reglamentos - Milenio,2026-04-27 17:35,2026-04-27T17:35:22+00:00,Milenio,,https://www.milenio.com/comunidad/vigilan-que-construcciones-en-tampico-no-violen-reglamentos,https://news.google.com/rss/articles/CBMimAFBVV95cUxPZEtEeEdLSlhpMGg4aWVwLURmRVUxMXA0eHJQb1ZISzEwVlIxMkMxUkJES01JRXZsTTFoeGR3R2pnYy1tb3Nua0NZdFRiREFjeHlHb19IUlMtR2YtWWhqeXdKaUFuNmtsZEVYT05tRGcxR0tTMjNrQ0M5MVRPcG9sTVA0bXluQjNaa0V1WnBSalhjM2EzbGY3WdIBmAFBVV95cUxQZDU5MGljaFI2Mnppd2ltR1N3bzlMdGFXSlUzUFNLYkVSTGQyUWhhQWhNV1pYLVFCS05OTUszNThUSlRSLXlhOE1FNGhIMWFJNEJFQWh2QzExRXJzdUN2WmdVNWF3UDFYRXEwdkMzMzh0NGJpT3VjUS1RejdTWmdjeURJRi1ZTWlFdkFzTTRiQ2V0cUFNazREWQ?oc=5,,"El Plan de Ordenamiento Territorial de Tampico es el más analizado por colegios de especialistas, constructores, académicos y ciudadanos, quienes han hecho sus observaciones y generado las correcciones, así que estiman tenerlo listo en 15 días.
Se estima que en un par de semanas pueda ser terminado el POT de Tampico, un documento que por primera ocasión se ha puesto a disposición de los especialistas para su culminación, aseguró Rogelio Ontiveros Arredondo, secretario de Obras Públicas.
¿Qué es el Plan de Ordenamiento Territorial?
Este documento especifica, con todo detalle, los temas relacionados con los usos del suelo, la densidad deseable de población, la estructura vial metropolitana, la designación de corredores urbanos, la altura máxima permitida de las construcciones y el coeficiente de ocupación y utilización del suelo, por citar los más importantes.
Explicó el funcionario que “lleva un avance del 98% con los últimos ajustes por parte de los profesionistas que están a cargo del proyecto y de parte de la autoridad, que hemos hecho algunas observaciones. Pero además, también la ciudadanía, ya terminamos las consultas ciudadanas que estaban programadas”.
Participaron los Colegios de Ingenieros, Colegios de Arquitectos, Notarios, Inmobiliarios, especialistas de la UAT y otras universidades, Cmic y los ciudadanos, sobre todo habitantes de colonias residenciales, que tenían algunas inconformidades.
“En las sesiones que se hicieron abiertas a la ciudadanía hubo mucha participación, además de los oficios que hemos atendido de los ciudadanos”, externó el secretario de Obras Públicas, con lo cual se evidencia que es uno de los documentos que más interés despiertan en la ciudadanía.
Aunque el documento aún no se ha hecho público a la ciudadanía, es uno de los más vigilados por los habitantes de una ciudad que casi ya no tiene reservas territoriales, que una de las opciones es crecer de manera vertical construyendo en los pocos espacios disponibles.
“A petición de algunos organismos camarales, colegios y algunos profesionistas del urbanismo, es decir, arquitectos, expertos en desarrollo urbano, nos han pedido reuniones para darnos a conocer o darnos a conocer algunas dudas y nosotros, de alguna manera, con nuestros asesores poder aclararlas”, sostuvo.
Fue la semana pasada que se realizó una reunión para la exposición del Plan de Ordenamiento Territorial a los integrantes de la Cámara Mexicana de la Industria de la Construcción, quienes expusieron sus dudas y también señalaron aspectos que se deben corregido.
Asimismo, se tiene lista una presentación de lo que será el POT enfocado a los síndicos y regidores de la administración, además de otros funcionarios, para detallarles el documento y puedan ser interlocutores con la población.",GOOGLE_NEWS_RSS
Desisten con suspensión condicional a implicado en caso Ezequiel en Tampico - Milenio,2026-04-27 17:18,2026-04-27T17:18:00+00:00,Milenio,,https://www.milenio.com/estados/niegan-suspension-condicional-proceso-implicado-caso-ezequiel,https://news.google.com/rss/articles/CBMimAFBVV95cUxQMnVGM3Fndl9xNFJ1N3I5aUhCbS12elZwRHh0X1ctcnp0YkZiQ3VObXBMREM4NE9Tc3JPQmVXbnd3aldueHM4Ni1BVFpib014SHpBOHB1Rk4xeEJTX1ZzSlczZkdLRzNKN2Y1M1R3cmlRWko1TEo0U1poSGJDQjZqbXk2MG41S2hoRERZQ2lNSVRoX2U0Vk8xNtIBmAFBVV95cUxPcG5YeUJ3T0dqcEpnWndRcHNpZG9FVVZLMkhrQXFpQkpxVTNhTWdEbkVwQkdBMFo4bl9xdXFWZEdaTnlzcFJZVlBEMDBibXBQT0FTbWdmXzQ1dWVSajA5eXFmbTR6RVFtdDlKa0s4c21fb2FzZ2Q3UEFnU28zYkRuQjA1TEJjeHoyVGNUYU94TTl5eUZNRDQ0OA?oc=5,,"La suspensión condicional del proceso solicitada por Rogelio “T” , elemento de la Secretaría de Marina y presunto cómplice en la muerte de Ezequiel, no se concretó durante una audiencia realizada este lunes en el Centro Integral de Justicia de Altamira.
¿Por qué acusan al elemento de Marina?
El imputado,vinculado a proceso por el delito de encubrimiento, habría ayudado a escapar a Juan de Dios “N”, señalado como el presunto responsable de atropellar al joven de 23 años el pasado 28 de marzo en la colonia Morelos, en Tampico.
Desde temprana hora, familiares y amigos de la víctima se manifestaron en las instalaciones de la Fiscalía General de Justicia de Tamaulipas, ubicadas en la colonia La Pedrera. Con pancartas en mano, exigieron justicia y la localización del principal implicado, al grito de “¡Él sabe dónde está!”.
Sigue sin dar información sibre el paradero del responsable
La audiencia se desarrolló en menos de una hora. De acuerdo con Hugo Aldair García, abogado de la viuda de la víctima, Eneri Balleza, el elemento de la Marina no cumplía con los requisitos para acceder a la suspensión condicional del proceso, ya que no ha proporcionado información sobre el paradero del presunto responsable ni ha garantizado la reparación del daño. Ante ello, se desistió y Rogelio “T” permanecerá en prisión preventiva, mientras continúa el proceso en su contra.
Balleza consideró esto como un avance en la búsqueda de justicia, aunque advirtió que las manifestaciones continuarán hasta esclarecer completamente el caso en el que Ezequiel perdió la vida mientras compraba la cena para su familia.
Por ahora, el proceso judicial sigue su curso con el marino privado de la libertad, mientras persiste la incertidumbre por la falta de información sobre el paradero de Juan de Dios “N”.
ICGC",GOOGLE_NEWS_RSS
"""México mágico"", Aquí te decimos los pueblos mágicos que debes visitar - Milenio",2026-04-27 17:11,2026-04-27T17:11:37+00:00,Milenio,,https://www.milenio.com/estilo/viajes/mexico-magico-conoce-pueblos-magicos-debes-visitar,https://news.google.com/rss/articles/CBMikgFBVV95cUxPaDc1Yi01U0ZjektsUlhVWHY5cUR1U2JXYUs2UnZUSEoyR2p2bWpHZS1xQi1mUUx3U2xrbU5ZV2s2cTB5R1BETkNlQ19KNlpUcnlmX3BIdlQxUUZ5c0tROXNpUkxtX1hnVzhOYkUzYWtvX1Nhc19RMU5hOVdoNldSNEE0dWRoN2ljc3FNY0xVQzhlZ9IBkgFBVV95cUxQdjFhdVJXOXNaTld0NVVCYm82d01yTFBzeG9ZYkhSVXZpWHoyUGxqbUtma01aOFE5ZWpqNEkzSkQ2OWNzeDNGSTRuRmNWOURYT1JLNi1JZzBVRWpZeFA5dnFEOGZSUEtFX21qSnBNRWhBVm9TT3BKMFExQk5nY2sweVVsZ2hCQ0pGaVdoNXRSNm5XZw?oc=5,,"Viajar por México es, en realidad, viajar por muchos países al mismo tiempo. Basta tomar una carretera y avanzar unos cuantos kilómetros para que el paisaje cambia, para que el aire huela distinto y para que la historia se cuente con otra voz.
En ese mosaico infinito, hay lugares donde el tiempo parece ir más despacio, donde las tradiciones no se observan: se viven. Ahí están los Pueblos Mágicos.
Son 177, dispersos a lo largo del país como pequeñas cápsulas de identidad. Cada uno guarda algo irrepetible: una receta heredada, una calle que ha visto siglos pasar, un paisaje que parece detenido entre la memoria y el presente. En ellos, México no se explica, se siente.
Pero este 2026, hay algo diferente. Los viajeros ya no buscan únicamente escapar, buscan reconectar.
el dato...77 Pueblos Mágicos tiene México
Distribuidos en 31 estados.
Quieren silencio, autenticidad, experiencias que no se puedan replicar en otro lugar. Y en medio de esa transformación, incluso la inteligencia artificial —alimentada por millones de búsquedas, reseñas y rutas— ha volteado a ver hacia estos pueblos para responder una pregunta sencilla: ¿a dónde ir para vivir México de verdad?
La respuesta no es un solo destino, sino un recorrido por cinco Pueblos Mágicos que te encantarán en cada rincón.
El resplandor amarillo del Tren Maya
Empieza en el sureste, donde el sol cae sobre fachadas doradas. En Izamal, Yucatán, el amarillo no es solo un color, es una atmósfera.
Las pirámides mayas conviven con conventos coloniales y calles tranquilas que invitan a caminar sin prisa. Hoy, con la llegada del Tren Maya, este lugar deja de ser un secreto y se abre como una puerta accesible hacia la historia.
El santuario del lujo sustentable
Más al sur, el agua cambia de tono con la luz del día. Bacalar, en Quintana Roo, no necesita presentación cuando la laguna se pinta de siete colores distintos. Pero lo que realmente lo define no es su belleza, sino la manera en que se protege.
Aquí, el lujo no es exceso: es equilibrio. Navegar en silencio, mirar los estromatolitos —los organismos más antiguos del planeta— y entender que viajar también puede ser un acto de cuidado.
Misticismo y bienestar en el desierto
El recorrido da un giro inesperado hacia el centro del país, donde el desierto habla en susurros. En Mineral de Pozos, el viento atraviesa antiguas haciendas mineras y transforma el paisaje en algo casi onírico.
Este pueblo, que alguna vez fue abandonado, hoy vuelve a la vida como refugio de quienes buscan detenerse, respirar y, quizá, escucharse a sí mismos.
El regreso a las raíces artesanales
Después, el viaje se vuelve más íntimo. En Pátzcuaro, Michoacán, la tradición no está en vitrinas, está en las manos de quienes moldean el cobre, la madera, la cerámica. Aquí, cada objeto cuenta una historia, y cada platillo es memoria compartida. Es un lugar que no se visita, se aprende.
El refugio bohemio del Pacífico
Y finalmente, el camino llega al Pacífico, donde el ritmo cambia otra vez. En Todos Santos, en Baja California Sur, el mar convive con el arte, el surf con la gastronomía, y la vida se mueve con una cadencia distinta.
Es el tipo de destino donde los días no se cuentan por horas, sino por momentos: una comida, una conversación al atardecer.
Más para disfrutar y vivir
Sin embargo, mientras estos destinos emergen con fuerza, hay otros que nunca se han ido.
San Miguel de Allende sigue seduciendo con su elegancia; Tequila mantiene viva la esencia de una tradición que se bebe; Tepoztlán continúa atrayendo a quienes buscan algo más que una escapada; Valladolid, San Cristóbal de las Casas y Taxco permanecen como postales vivas que siempre encuentran nuevas formas de sorprender.
Quizá la IA solo pone en palabras algo que siempre ha estado ahí: que México no se agota. Que siempre hay un camino distinto, un pueblo por descubrir, una historia que aún no se ha contado.
Las cifras también muestran un crecimiento sólido. Frontera alcanzó 90 por ciento de ocupación, Bernal 85 por ciento y Tepoztlán 71.6 por ciento. En Quintana Roo registró 771 operaciones aéreas, con ocupación superior a 97 por ciento en Cancún y arriba de 76 por ciento se encuentra Tulum y Cozumel.
Guerrero logró su mejor nivel hotelero desde 2019, mientras que Mazatlán reportó 88.5 por ciento de ocupación.
En el fondo, viajar por los Pueblos Mágicos no es solo recorrer el país… es regresar a él, una y otra vez, como si fuera la primera.
MGS",GOOGLE_NEWS_RSS
"Tampico, Madero y Altamira alcanzan hasta 44 grados de temperatura ¡Calor intenso! - Milenio",2026-04-27 15:49,2026-04-27T15:49:42+00:00,Milenio,,https://www.milenio.com/comunidad/tampico-madero-altamira-alcanzan-44-grados-temperatura,https://news.google.com/rss/articles/CBMikgFBVV95cUxOeFo5aDI4SzNJYUlpSGdNQk91Z2NiV09rTTBMajhadnViRGthMnJVSmNBUF9CcVdMV2g4Rm1kSkJPY3dVZHZOeXRMV2NWTmJEUXBhVzJCbTMteGRESlVyMS1uMnFlUWxSOWpkbDJZS3BiOUg4cnAxYjJGYzhNRExBNVZKSVVLLUtBYlZLRGwtUWt5QdIBkgFBVV95cUxNU19nQnBlQVJnSzdObi1mX0lfQUwyQ2YwLWxPaWhnY3pNenVUTGhVdm9uMC1nYnFwSHpJdzRnWTI0T2pfeUY5SGxqY01abzl4QnYzWHdGUXhlUXFyT3ZnMkFoaGRWX0tyUlVXTXpKRXhULXpJV04wVjMxQW4xV3o1cXFwTk9jWFVHZWdsY2dNcl9SQQ?oc=5,,"La zona sur de Tamaulipas ha alcanzado el día con calor más intenso en el año con sensación térmica de hasta 44 grados, lo que también representa un adelanto en las altas temperaturas a comparación del 2025, cuando el termómetro marcó 45 grados pero en el mes de mayo.
De acuerdo al historial que marca el especialista en meteorología, Alexander Dadderio, aún estamos a distancia del récord histórico de 52 grados centígrados en la zona Sur, que se registró en el 2022 y que permaneció durante casi cuatro meses.
Este año se adelantó el calor por el denominado fenómeno del niño. Hemos alcanzado en la zona Sur hasta 44 grados centígrados de sensación térmica pero por ejemplo en Villa Cuauhtémoc han alcanzado hasta los 50 grados, que son lugares relativamente cercanos. Mientras más alejados estén del mar es como se va a sentir más calor”.
De acuerdo al meteorólogo estas condiciones de calor van a continuar hasta aproximadamente el primero de mayo, cuando se espera el ingreso de un frente frío que si bien es cierto no traerá bajas temperaturas por lo menos detendrá la ola de calor que se siente actualmente.
Las sensaciones térmicas históricas más altas se presentan en Mazatlán y Guaymas Sonora, dónde logran llegar hasta 62°. En la zona sur son muy altas, pero, aún lejos de los récords nacionales.
Al respecto el comandante de voluntarios zona sur de Tamaulipas, Enrique Sierra, detalló que se han estado haciendo recomendaciones sobre todo aquellos que trabajan a cielo abierto, para que se rehidraten, comen sombra y usen gorras, debido a que es en los tiempos de calor cuando se disparan las atenciones.
“Por el momento no tenemos atenciones por golpes de calor o desvanecimientos en la vía pública sin embargo lo que puedo decir es que es precisamente cuando suben las temperaturas, cuando se registran estos incidentes y para esto la gente tiene que estar consciente y protegerse”.
Recomendaciones para bañistas en Miramar
Incrementan recomendaciones a bañistas en playa Miramar de Ciudad Madero ante la ola de calor registrada y los rayos solares que podrían generar quemaduras en la piel por la exposición sin tomar previsiones.
El director de Protección Civil en este municipio Ricardo Aguilar, mencionó que se les pide usar bloqueador, no exponerse por demasiado tiempo y rehidratarse constantemente durante este fin de semana que han recibido a miles de familias pese a nuestra temporada vacacional.
Dijo que en caso de presentar síntomas de un posible golpe de calor tienen que retirarse el exceso de ropa, buscar un lugar fresco y con sombra, así como usar trapos húmedos en el cuerpo, y si el malestar continúa tienen que acudir a un médico.
Cabe hacer mención que en años anteriores se han registrado quemaduras de primero y segundo grado en la piel que han requerido atención en el hospital, principalmente aquellos que se quedan dormidos sin ningún tipo de sombra.
En temas relacionados con Protección Civil aprovechó para hacer un llamado a la gente para que tengan mucho cuidado con los tanques de gas y evitar fugas que pueden terminar en incendios. Para esto Ricardo Aguirre recomendó poner los cilindros en lugares estables, mantenerlos lejos de cualquier llama o chispa de fuego, darles mantenimiento constante y siempre tener extintores en casa.
yc",GOOGLE_NEWS_RSS
"Por irregularidades en Salud, inhabilitan a un exfuncionario en Tamaulipas - Milenio",2026-04-27 15:27,2026-04-27T15:27:24+00:00,Milenio,,https://www.milenio.com/comunidad/inhabilitan-a-exfuncionario-de-salud-en-tamaulipas,https://news.google.com/rss/articles/CBMijAFBVV95cUxNaEktMHY3NDRRMVVVZm0xNUcyMndpR19kNXJTUDlSOTlIaTZjU2lmVlJ3Zk53NXlsRy1WakJwajg0aWo4RGNudVJyVXJBZ0RPbkh0MmpYeTlVQk04T2RIamE3NkQ5d2ExcG5YUXcyTjJMbzB3ZmMtYUNnaFBKWUZzVkZNYmN1T21XZEljUdIBjAFBVV95cUxOdm10akZxaW1GaXdNaXduTlBRb3NhNlJkYUdoQTlNenVEMTBLQmoxYlJEOUtXaGhFaUxiYTIyRnNhaWdjcXhZcU5GMkE1UVZhTFZmRW1yVTUxNTdISXFqQm50N1pjSkRQcDN6amQ3eEZpaHhMMGNjOTk3TjBlUXNBR2JWUWh0UXRUZU92aw?oc=5,,"Por faltas administrativas en el manejo de recursos del Fondo de Aportaciones para los Servicios de Salud (Fassa) durante el ejercicio fiscal 2021 en Tamaulipas, la entonces Contraloría Gubernamental y hoy Secretaría Anticorrupción y Buen Gobierno inhabilitó a un exfuncionario de la administración de Francisco García Cabeza de Vaca, además de sancionar a otros exservidores públicos por irregularidades en distintas dependencias.
La Plataforma Nacional de Transparencia (PNT) informa que Pablo David Castro Camargo fue inhabilitado por ocho meses para desempeñar empleo, cargo o comisión en el servicio público y para participar en adquisiciones, arrendamientos, servicios u obras públicas, debido a que como director de Recursos Financieros adscrito a la Secretaría de Salud en el pasado sexenio estatal, incurrió en una presunta omisión e incumplimiento.
La Auditoría Superior de la Federación (ASF) detectó un reintegro extemporáneo de recursos no ejercidos del Fassa 2021 a la Tesorería, efectuado entre abril y junio del año siguiente, y señaló que la entonces administración estatal infringió la normativa del fondo, lo que generó un probable daño a la hacienda pública por 195 millones 533 mil 900 pesos.
Aunque el informe de la PNT no detalla el porcentaje exacto que no se regresó en tiempo y forma a las arcas federales, se indica que en el rubro de sueldos no se acreditó en su totalidad el pago del impuesto sobre la renta y quedaron pendientes de aclarar recursos en pólizas de fondeo y dispersión de nómina.
Además, no se aclaró el destino de recursos para materiales y suministros, transferencias, asignaciones, subsidios y otras ayudas, así como bienes muebles, inmuebles e intangibles, y tampoco se acreditó la devolución y pago correspondiente a la cancelación de cheques, sumándose la falta de documentación que compruebe los bienes a entregar pactados en contratos y pedidos.
Entre los contratos revisados se incluyeron la compra de materiales y suministros de laboratorio para el programa de micobacteriosis, medicinas y productos farmacéuticos para el departamento de vacunación universal y equipo dental para el programa de salud bucal.
Otros ex servidores públicos sancionados
Asimismo, otras irregularidades derivaron en sanciones a ex servidores públicos de diversas dependencias del gobierno anterior.
Félix Cuéllar Mercado, jefe de la Delegación del Instituto Tamaulipeco de Vivienda y Urbanismo (Itavu) en Río Bravo, fue inhabilitado por no presentar en tiempo y forma su declaración patrimonial de conclusión, mientras que Nury Oralia Pérez García, directora adscrita a la Secretaría de Educación, recibió una amonestación privada por la misma falta pero en su modalidad de modificación, violando con ello la Ley de Responsabilidades Administrativas.
Por incumplir la declaración patrimonial de salida, Nelia Amaranda Torres León, jefa de departamento de Planeación y Seguimiento de la Dirección de Relaciones Públicas de la Coordinación de Comunicación Social, y María Teresa Guerra Cortázar, secretaria técnica del DIF Tamaulipas, recibieron una inhabilitación temporal de tres meses para desempeñar cargos públicos y participar en adquisiciones, servicios u obras gubernamentales.
yc",GOOGLE_NEWS_RSS
“¿Me puedes dar el pasaje?”: Con molestia de usuarios arranca cambio de rutas por nuevo Issste en Tampico - Milenio,2026-04-27 14:42,2026-04-27T14:42:02+00:00,Milenio,,https://www.milenio.com/estados/cambio-rutas-issste-tampico-provoca-inconformidad,https://news.google.com/rss/articles/CBMiiAFBVV95cUxOLWs1eF9YT1djT1pqWUtmSHhMSUs1RHBWSEREYS1aLW1KUXFfMlM3V3llelpsU0RzVVh6MmkwaDVnNEIzanFWQVJZSnVpTUtjU0QzMVZncE0tbUR1bTlGbHlSRlhVTXZxMjkyVVpHVFBibS16OTdmSWpmVGh2WkdQUEN1NHRWZzM10gGIAUFVX3lxTE5yQktLMUJYVzhfWGs0el9DYWRxN1VJQW5CMjRsVE8wamRIWEU0R2xGVUVsVXJsd1U5TUxhQnhpS1ZBQkgteFRSX2JPckVxenBEOUJYY3d1WmZvQ1UyQWtGV0lsUDg1Y0NLWG52SVljYzBvY1RRZDl4Nkx5NS16bXQ3Q0hzZm1jZFM?oc=5,,"Entre corajes de usuarios así comenzó el cambio de circulación de algunas rutas en la zona norte de Tampico, luego de rediseñarlas para que pasen forzosamente frente al nuevo Hospital del Issste, en la colonia Colinas de San Gerardo.
Todo iba bien en la ruta Tampico-Tancol, que lleva a la gente desde el norte de la ciudad hasta el Centro de Tampico, utilizando prácticamente el 50% del recorrido por la avenida Hidalgo, el resto, por calles y avenidas entre las colonias.
La sorpresa se la llevaron algunos usuarios este fin de semana, que comenzaron con los cambios en el recorrido. El autobús normalmente es vuelta hacia la izquierda en la esquina del Arteli, el que está sobre Rivera de Champayán.
Nuevas rutas en Tampico afectan acceso a Tancol y Batallón
Ahora se tiene que ir hacia la derecha, es decir, ya no va a pasar por el 15 Batallón de Infantería y tampoco por la entrada a Tancol. Un joven se para y le pregunta “¿Me puedes regresar el dinero del pasaje”, el conductor, dice que no moviendo la cabeza.
“¿Ya cambiaron la ruta?”, vuelve a preguntar el joven luego de que su petición no tuvo efecto, que por cierto, tendrá que caminar hasta la entrada a Tancol, un punto al que apenas el autobús llegaba sin ningún problema. “¡Son mamad*s güey!”, expone el joven luego de bajarse del transporte y hacer un corte de manga.
Aviso de modificación de ruta Tampico-Tancol entra en vigor
En el respaldo del asiento del chofer, hay un par de hojas blancas con un mensaje dedicado a los usuarios: “A partir del sábado 25 de abril 2026 la ruta Tampico-Tancol modificará su ruta” y paso siguiente, informa por dónde van a dejar de pasar.
Un adulto mayor, de una forma más sutil, le pregunta al chófer “¿Ya no vas para el Batallón?” Y le dicen que no, así que sin hacer aspavientos, le dice al chofer que lo deje en la siguiente esquina, porque va para el lado contrario de su destino.
Nuevo recorrido prioriza Hospital del Issste en Tampico
La nueva ruta pasa por el Cementerio Jardín del Rosario, el Cobst 15, el Velatorio del IMSS y, por supuesto, por el nuevo Hospital del Issste, el cual de acuerdo a las autoridades está muy cerca de su terminación y entrega.
Para otros el cambio fue positivo, por el nuevo recorrido ya había usuarios esperando el autobús Tancol, una zona donde es muy difícil encontrar transporte, ya que solo pasaba una ruta que tiene pocas unidades, así que encontrarse una y en fin de semana, es una verdadera fortuna.
Más cambios en rutas de Tampico continuarán esta semana
A partir de este lunes se van a sumar más rutas con el cambio de recorrido en las colonias de la zona norte de Tampico, lo que va a continuar generando inconformidad de parte de los ciudadanos.
SJHN",GOOGLE_NEWS_RSS
Tamaulipas en el Tianguis Turístico - Milenio,2026-04-27 08:47,2026-04-27T08:47:01+00:00,Milenio,,https://www.milenio.com/opinion/victor-hugo-duran/sin-codigo/tamaulipas-en-el-tianguis-turistico_2,https://news.google.com/rss/articles/CBMinwFBVV95cUxQa1VoWFJZcE92M0hRU3JYSVZpcVJrWm15MmItSENBNFk1ZDZmLUZ4ejFma0xkME82YU1IMkxpbmJQUHcxWVp1OGVhZGlXR3h6TG5Obk5MTHRUaTNNbXhkNTFTbzVXaU1GVndSckRhcjM3eFN1Sms3SXIzTWVqQ3V2bUVab0xUTXJXdXJ2LW8xSGo3WjUzQkJpQW9rLURoRUXSAZ8BQVVfeXFMTjd0MnVJUXJxdGRmLTJ5bTE2aFAwR2FYakF5UVFxZEpYYTNUT2IzSVhueklKZldCczBDeGdlVVZ0Rm9oMzVwaEs5b1NZWk50NjNmZHk4dlBLVEZ2bjgwX011UDVPbFVCUzBuQll6alVLYTNfYkxJcmtoZ296NHNTZkVvZWRFNjM0WHppR3dSVmNRaUE2NWUzSk9BUDBKTXVv?oc=5,,"Este lunes se pondrá en marcha en Acapulco la nueva edición del Tianguis Turístico, el evento del sector más grande que congrega esta industria en el país y donde se esperan noticias importantes para Tamaulipas, al prepararse como uno de los sitios de reunión de promotores de los Pueblos Mágicos, rumbo a la próxima convención del programa para finales de año en Tampico.
La comitiva que encabezará el secretario de Turismo estatal Benjamín Hernández Rodríguez, junto con el municipio que preside Mónica Villarreal Anaya, dará a conocer los aspectos que pretenden mostrarle tanto a los representantes de 177 poblados integrados dentro de la referida iniciativa, como a invitados especiales. Recordemos que en Hidalgo, a finales del 2025, se confirmó esta sede.
El evento también marca un preámbulo de las acciones a aplicar de manera general hacia el evento más importante por recibir el país en prácticamente 40 años, la Copa del Mundo de la FIFA. El interés de la instancia federal que dirige Josefina Rodríguez, es aprovechar la presencia de visitantes de al menos 12 países y conocer cada uno de los destinos.
En este caso, la llamada esquina del noreste del país tiene la visión de captar a visitantes japoneses, suecos, tunecinos, checos y coreanos que tendrán partidos de sus representativos nacionales en Monterrey, sin dejar a un lado la atracción de paseantes foráneos cuya primera parada es la Ciudad de México.
Algunas noticias que surgieron en el ámbito turístico y con referencia hacia la región sur se encuentran en la infraestructura. Por un lado, la confirmación del proyecto de la cadena hotelera Marriott a instalarse en Altamira, tras el encuentro de los inversionistas con el alcalde Armando Martínez Manríquez. Se tendrá la torre más alta de la entidad y la complementa una plaza comercial.
Un segundo punto a mencionar son las maniobras realizadas por el puerto de Altamira para acondicionar los frentes de agua en el canal de navegación norte. La Asopina, cuyo director es Fidel Maldonado, alista seis nuevos muelles y se suma a la estrategia de Polos de Desarrollo del Bienestar, a fin de potencializar las terminales disponibles para el ramo petroquímico e industrial.",GOOGLE_NEWS_RSS
