{
  "clean_run_id": "E4_v2_clean",
  "comparacion_por_horizonte": [
    {
      "delta_direction_accuracy": -0.038461538461538436,
      "delta_loss_h": 0.012326750960921534,
      "delta_mae": 0.005182703350643525,
      "delta_risk_detection": -0.08333333333333337,
      "delta_rmse": -6.0318943366083344e-05,
      "direction_accuracy_clean": 0.7692307692307693,
      "direction_accuracy_original": 0.8076923076923077,
      "horizonte_sem": 1,
      "loss_h_clean": 0.07718653085331044,
      "loss_h_original": 0.0648597798923889,
      "mae_clean": 0.10578148548947462,
      "mae_original": 0.1005987821388311,
      "risk_detection_clean": 0.75,
      "risk_detection_original": 0.8333333333333334,
      "rmse_clean": 0.1327916626772419,
      "rmse_original": 0.132851981620608
    },
    {
      "delta_direction_accuracy": -0.12,
      "delta_loss_h": 0.02193213063464859,
      "delta_mae": 0.006554572895559982,
      "delta_risk_detection": -0.19999999999999996,
      "delta_rmse": -0.007048611728211057,
      "direction_accuracy_clean": 0.56,
      "direction_accuracy_original": 0.68,
      "horizonte_sem": 2,
      "loss_h_clean": 0.09343303365320323,
      "loss_h_original": 0.07150090301855463,
      "mae_clean": 0.11028023699939359,
      "mae_original": 0.1037256641038336,
      "risk_detection_clean": 0.5,
      "risk_detection_original": 0.7,
      "rmse_clean": 0.12943536044200715,
      "rmse_original": 0.1364839721702182
    },
    {
      "delta_direction_accuracy": 0.0,
      "delta_loss_h": 0.010594088400621524,
      "delta_mae": 0.007476618969899679,
      "delta_risk_detection": -0.09090909090909094,
      "delta_rmse": -0.0014850503545101867,
      "direction_accuracy_clean": 0.7916666666666666,
      "direction_accuracy_original": 0.7916666666666666,
      "horizonte_sem": 3,
      "loss_h_clean": 0.07877526964947182,
      "loss_h_original": 0.0681811812488503,
      "mae_clean": 0.11101906900066288,
      "mae_original": 0.1035424500307632,
      "risk_detection_clean": 0.7272727272727273,
      "risk_detection_original": 0.8181818181818182,
      "rmse_clean": 0.13570565049236072,
      "rmse_original": 0.1371907008468709
    },
    {
      "delta_direction_accuracy": -0.04347826086956519,
      "delta_loss_h": 0.009047861558409087,
      "delta_mae": 0.015168080926796015,
      "delta_risk_detection": -0.11111111111111116,
      "delta_rmse": 0.01755420914118222,
      "direction_accuracy_clean": 0.6521739130434783,
      "direction_accuracy_original": 0.6956521739130435,
      "horizonte_sem": 4,
      "loss_h_clean": 0.047947758465229674,
      "loss_h_original": 0.03889989690682059,
      "mae_clean": 0.11734903834567752,
      "mae_original": 0.1021809574188815,
      "risk_detection_clean": 0.6666666666666666,
      "risk_detection_original": 0.7777777777777778,
      "rmse_clean": 0.1570762633016385,
      "rmse_original": 0.1395220541604563
    }
  ],
  "l_total_radar_clean": 0.29734259262121515,
  "reference_run_id": "E1_v5_clean"
}