{
  "clean_run_id": "E4_v2_clean",
  "comparacion_por_horizonte": [
    {
      "delta_direction_accuracy": 0.0,
      "delta_loss_h": -0.0006406117315853471,
      "delta_mae": -0.0037538875421058715,
      "delta_risk_detection": 0.0,
      "delta_rmse": 0.002125878496628514,
      "direction_accuracy_clean": 0.7692307692307693,
      "direction_accuracy_original": 0.7692307692307693,
      "horizonte_sem": 1,
      "loss_h_clean": 0.07718653085331044,
      "loss_h_original": 0.07782714258489579,
      "mae_clean": 0.10578148548947462,
      "mae_original": 0.1095353730315805,
      "risk_detection_clean": 0.75,
      "risk_detection_original": 0.75,
      "rmse_clean": 0.1327916626772419,
      "rmse_original": 0.1306657841806134
    },
    {
      "delta_direction_accuracy": -0.039999999999999925,
      "delta_loss_h": 0.01049208751334621,
      "delta_mae": -0.0018135936440762113,
      "delta_risk_detection": -0.09999999999999998,
      "delta_rmse": -0.007407371038659655,
      "direction_accuracy_clean": 0.56,
      "direction_accuracy_original": 0.6,
      "horizonte_sem": 2,
      "loss_h_clean": 0.09343303365320323,
      "loss_h_original": 0.08294094613985702,
      "mae_clean": 0.11028023699939359,
      "mae_original": 0.1120938306434698,
      "risk_detection_clean": 0.5,
      "risk_detection_original": 0.6,
      "rmse_clean": 0.12943536044200715,
      "rmse_original": 0.1368427314806668
    },
    {
      "delta_direction_accuracy": 0.125,
      "delta_loss_h": -0.0014310191180879617,
      "delta_mae": -0.008052608968379615,
      "delta_risk_detection": -0.09090909090909094,
      "delta_rmse": -0.011634736579198779,
      "direction_accuracy_clean": 0.7916666666666666,
      "direction_accuracy_original": 0.6666666666666666,
      "horizonte_sem": 3,
      "loss_h_clean": 0.07877526964947182,
      "loss_h_original": 0.08020628876755978,
      "mae_clean": 0.11101906900066288,
      "mae_original": 0.1190716779690425,
      "risk_detection_clean": 0.7272727272727273,
      "risk_detection_original": 0.8181818181818182,
      "rmse_clean": 0.13570565049236072,
      "rmse_original": 0.1473403870715595
    },
    {
      "delta_direction_accuracy": -0.08695652173913038,
      "delta_loss_h": 0.004988024631099382,
      "delta_mae": 0.00495517253875731,
      "delta_risk_detection": 0.0,
      "delta_rmse": 0.0029777599473649052,
      "direction_accuracy_clean": 0.6521739130434783,
      "direction_accuracy_original": 0.7391304347826086,
      "horizonte_sem": 4,
      "loss_h_clean": 0.047947758465229674,
      "loss_h_original": 0.04295973383413029,
      "mae_clean": 0.11734903834567752,
      "mae_original": 0.1123938658069202,
      "risk_detection_clean": 0.6666666666666666,
      "risk_detection_original": 0.6666666666666666,
      "rmse_clean": 0.1570762633016385,
      "rmse_original": 0.1540985033542736
    }
  ],
  "l_total_radar_clean": 0.29734259262121515,
  "reference_run_id": "E4_v1_clean"
}