{
  "clean_run_id": "E4_v2_clean",
  "comparacion_por_horizonte": [
    {
      "delta_direction_accuracy": -0.08791208791208782,
      "delta_loss_h": 0.013177581399966998,
      "delta_mae": -0.0007785286607704806,
      "delta_risk_detection": -0.09615384615384615,
      "delta_rmse": -0.0018035070531249864,
      "direction_accuracy_clean": 0.7692307692307693,
      "direction_accuracy_original": 0.8571428571428571,
      "horizonte_sem": 1,
      "loss_h_clean": 0.07718653085331044,
      "loss_h_original": 0.06400894945334344,
      "mae_clean": 0.10578148548947462,
      "mae_original": 0.1065600141502451,
      "risk_detection_clean": 0.75,
      "risk_detection_original": 0.8461538461538461,
      "rmse_clean": 0.1327916626772419,
      "rmse_original": 0.1345951697303669
    },
    {
      "delta_direction_accuracy": -0.032592592592592506,
      "delta_loss_h": 0.009093462597158417,
      "delta_mae": 0.00960975792126438,
      "delta_risk_detection": -0.08333333333333337,
      "delta_rmse": -2.0777919333136996e-05,
      "direction_accuracy_clean": 0.56,
      "direction_accuracy_original": 0.5925925925925926,
      "horizonte_sem": 2,
      "loss_h_clean": 0.09343303365320323,
      "loss_h_original": 0.08433957105604481,
      "mae_clean": 0.11028023699939359,
      "mae_original": 0.1006704790781292,
      "risk_detection_clean": 0.5,
      "risk_detection_original": 0.5833333333333334,
      "rmse_clean": 0.12943536044200715,
      "rmse_original": 0.1294561383613403
    },
    {
      "delta_direction_accuracy": -0.01602564102564108,
      "delta_loss_h": 0.011377378852102438,
      "delta_mae": 0.009070068844923188,
      "delta_risk_detection": -0.10606060606060608,
      "delta_rmse": 0.004021849005623412,
      "direction_accuracy_clean": 0.7916666666666666,
      "direction_accuracy_original": 0.8076923076923077,
      "horizonte_sem": 3,
      "loss_h_clean": 0.07877526964947182,
      "loss_h_original": 0.06739789079736938,
      "mae_clean": 0.11101906900066288,
      "mae_original": 0.1019490001557397,
      "risk_detection_clean": 0.7272727272727273,
      "risk_detection_original": 0.8333333333333334,
      "rmse_clean": 0.13570565049236072,
      "rmse_original": 0.1316838014867373
    },
    {
      "delta_direction_accuracy": -0.0678260869565217,
      "delta_loss_h": 0.010416725522475481,
      "delta_mae": 0.015023981911226919,
      "delta_risk_detection": -0.13333333333333341,
      "delta_rmse": 0.02122104435174782,
      "direction_accuracy_clean": 0.6521739130434783,
      "direction_accuracy_original": 0.72,
      "horizonte_sem": 4,
      "loss_h_clean": 0.047947758465229674,
      "loss_h_original": 0.03753103294275419,
      "mae_clean": 0.11734903834567752,
      "mae_original": 0.1023250564344506,
      "risk_detection_clean": 0.6666666666666666,
      "risk_detection_original": 0.8,
      "rmse_clean": 0.1570762633016385,
      "rmse_original": 0.1358552189498907
    }
  ],
  "l_total_radar_clean": 0.29734259262121515,
  "reference_run_id": "E1_v4_clean"
}