{
  "comparacion_global_vs_benchmarks": [
    {
      "clean_run_id": "E11_v1_clean",
      "comparacion_por_horizonte": [
        {
          "delta_direction_accuracy": 0.0,
          "delta_loss_h": 0.0,
          "delta_mae": 2.7755575615628914e-17,
          "delta_risk_detection": 0.0,
          "delta_rmse": -2.7755575615628914e-17,
          "direction_accuracy_clean": 0.8076923076923077,
          "direction_accuracy_original": 0.8076923076923077,
          "horizonte_sem": 1,
          "loss_h_clean": 0.0648597798923889,
          "loss_h_original": 0.0648597798923889,
          "mae_clean": 0.10059878213883112,
          "mae_original": 0.1005987821388311,
          "risk_detection_clean": 0.8333333333333334,
          "risk_detection_original": 0.8333333333333334,
          "rmse_clean": 0.13285198162060796,
          "rmse_original": 0.132851981620608
        },
        {
          "delta_direction_accuracy": 0.0,
          "delta_loss_h": 0.0,
          "delta_mae": -4.163336342344337e-17,
          "delta_risk_detection": 0.0,
          "delta_rmse": 0.0,
          "direction_accuracy_clean": 0.68,
          "direction_accuracy_original": 0.68,
          "horizonte_sem": 2,
          "loss_h_clean": 0.07150090301855463,
          "loss_h_original": 0.07150090301855463,
          "mae_clean": 0.10372566410383356,
          "mae_original": 0.1037256641038336,
          "risk_detection_clean": 0.7,
          "risk_detection_original": 0.7,
          "rmse_clean": 0.1364839721702182,
          "rmse_original": 0.1364839721702182
        },
        {
          "delta_direction_accuracy": 0.0,
          "delta_loss_h": 0.0,
          "delta_mae": 2.7755575615628914e-17,
          "delta_risk_detection": 0.0,
          "delta_rmse": 2.7755575615628914e-17,
          "direction_accuracy_clean": 0.7916666666666666,
          "direction_accuracy_original": 0.7916666666666666,
          "horizonte_sem": 3,
          "loss_h_clean": 0.0681811812488503,
          "loss_h_original": 0.0681811812488503,
          "mae_clean": 0.10354245003076323,
          "mae_original": 0.1035424500307632,
          "risk_detection_clean": 0.8181818181818182,
          "risk_detection_original": 0.8181818181818182,
          "rmse_clean": 0.13719070084687093,
          "rmse_original": 0.1371907008468709
        },
        {
          "delta_direction_accuracy": 0.0,
          "delta_loss_h": 6.938893903907228e-18,
          "delta_mae": 2.7755575615628914e-17,
          "delta_risk_detection": 0.0,
          "delta_rmse": 5.551115123125783e-17,
          "direction_accuracy_clean": 0.6956521739130435,
          "direction_accuracy_original": 0.6956521739130435,
          "horizonte_sem": 4,
          "loss_h_clean": 0.038899896906820594,
          "loss_h_original": 0.03889989690682059,
          "mae_clean": 0.10218095741888153,
          "mae_original": 0.1021809574188815,
          "risk_detection_clean": 0.7777777777777778,
          "risk_detection_original": 0.7777777777777778,
          "rmse_clean": 0.13952205416045635,
          "rmse_original": 0.1395220541604563
        }
      ],
      "l_total_radar_clean": 0.24344176106661447,
      "reference_run_id": "E1_v5_clean"
    },
    {
      "clean_run_id": "E11_v1_clean",
      "comparacion_por_horizonte": [
        {
          "delta_direction_accuracy": -0.049450549450549386,
          "delta_loss_h": 0.013302657443976566,
          "delta_mae": -0.02329484626153558,
          "delta_risk_detection": -0.16666666666666663,
          "delta_rmse": -0.03402613861698203,
          "direction_accuracy_clean": 0.8076923076923077,
          "direction_accuracy_original": 0.8571428571428571,
          "horizonte_sem": 1,
          "loss_h_clean": 0.0648597798923889,
          "loss_h_original": 0.05155712244841234,
          "mae_clean": 0.10059878213883112,
          "mae_original": 0.1238936284003667,
          "risk_detection_clean": 0.8333333333333334,
          "risk_detection_original": 1.0,
          "rmse_clean": 0.13285198162060796,
          "rmse_original": 0.16687812023759
        },
        {
          "delta_direction_accuracy": -0.012307692307692242,
          "delta_loss_h": 0.00809557249499393,
          "delta_mae": -0.009725948449445632,
          "delta_risk_detection": -0.13333333333333341,
          "delta_rmse": -0.00936567275568359,
          "direction_accuracy_clean": 0.68,
          "direction_accuracy_original": 0.6923076923076923,
          "horizonte_sem": 2,
          "loss_h_clean": 0.07150090301855463,
          "loss_h_original": 0.0634053305235607,
          "mae_clean": 0.10372566410383356,
          "mae_original": 0.1134516125532792,
          "risk_detection_clean": 0.7,
          "risk_detection_original": 0.8333333333333334,
          "rmse_clean": 0.1364839721702182,
          "rmse_original": 0.1458496449259018
        },
        {
          "delta_direction_accuracy": 0.125,
          "delta_loss_h": -0.005459816657242433,
          "delta_mae": -0.03232767904608938,
          "delta_risk_detection": -0.18181818181818177,
          "delta_rmse": -0.03820941300312078,
          "direction_accuracy_clean": 0.7916666666666666,
          "direction_accuracy_original": 0.6666666666666666,
          "horizonte_sem": 3,
          "loss_h_clean": 0.0681811812488503,
          "loss_h_original": 0.07364099790609273,
          "mae_clean": 0.10354245003076323,
          "mae_original": 0.1358701290768526,
          "risk_detection_clean": 0.8181818181818182,
          "risk_detection_original": 1.0,
          "rmse_clean": 0.13719070084687093,
          "rmse_original": 0.1754001138499917
        },
        {
          "delta_direction_accuracy": -0.031620553359683834,
          "delta_loss_h": -6.272388737287027e-06,
          "delta_mae": -0.03023286775654377,
          "delta_risk_detection": -0.05555555555555558,
          "delta_rmse": -0.04676717782452916,
          "direction_accuracy_clean": 0.6956521739130435,
          "direction_accuracy_original": 0.7272727272727273,
          "horizonte_sem": 4,
          "loss_h_clean": 0.038899896906820594,
          "loss_h_original": 0.03890616929555788,
          "mae_clean": 0.10218095741888153,
          "mae_original": 0.1324138251754253,
          "risk_detection_clean": 0.7777777777777778,
          "risk_detection_original": 0.8333333333333334,
          "rmse_clean": 0.13952205416045635,
          "rmse_original": 0.1862892319849855
        }
      ],
      "l_total_radar_clean": 0.24344176106661447,
      "reference_run_id": "E9_v2_clean"
    }
  ],
  "dual_global": {
    "avg_accuracy": 0.9699679487179488,
    "avg_balanced_accuracy": 0.625,
    "avg_consistencia_prediccion_dual": 1.0,
    "avg_macro_f1": 0.3282256164877298,
    "avg_recall_baja": 0.0
  },
  "dual_mode": "parallel",
  "l_total_radar": 0.24344176106661447,
  "reference_run_ids": [
    "E1_v5_clean",
    "E9_v2_clean"
  ],
  "run_id": "E11_v1_clean"
}