{
  "clean_run_id": "E4_v1_clean",
  "comparacion_por_horizonte": [
    {
      "delta_direction_accuracy": -0.038461538461538436,
      "delta_loss_h": 0.012967362692506881,
      "delta_mae": 0.008936590892749383,
      "delta_risk_detection": -0.08333333333333337,
      "delta_rmse": -0.002186197439994625,
      "direction_accuracy_clean": 0.7692307692307693,
      "direction_accuracy_original": 0.8076923076923077,
      "horizonte_sem": 1,
      "loss_h_clean": 0.07782714258489579,
      "loss_h_original": 0.0648597798923889,
      "mae_clean": 0.10953537303158048,
      "mae_original": 0.1005987821388311,
      "risk_detection_clean": 0.75,
      "risk_detection_original": 0.8333333333333334,
      "rmse_clean": 0.13066578418061336,
      "rmse_original": 0.132851981620608
    },
    {
      "delta_direction_accuracy": -0.08000000000000007,
      "delta_loss_h": 0.011440043121302382,
      "delta_mae": 0.00836816653963618,
      "delta_risk_detection": -0.09999999999999998,
      "delta_rmse": 0.0003587593104486253,
      "direction_accuracy_clean": 0.6,
      "direction_accuracy_original": 0.68,
      "horizonte_sem": 2,
      "loss_h_clean": 0.08294094613985702,
      "loss_h_original": 0.07150090301855463,
      "mae_clean": 0.11209383064346978,
      "mae_original": 0.1037256641038336,
      "risk_detection_clean": 0.6,
      "risk_detection_original": 0.7,
      "rmse_clean": 0.13684273148066683,
      "rmse_original": 0.1364839721702182
    },
    {
      "delta_direction_accuracy": -0.125,
      "delta_loss_h": 0.012025107518709485,
      "delta_mae": 0.01552922793827928,
      "delta_risk_detection": 0.0,
      "delta_rmse": 0.010149686224688592,
      "direction_accuracy_clean": 0.6666666666666666,
      "direction_accuracy_original": 0.7916666666666666,
      "horizonte_sem": 3,
      "loss_h_clean": 0.08020628876755978,
      "loss_h_original": 0.0681811812488503,
      "mae_clean": 0.11907167796904249,
      "mae_original": 0.1035424500307632,
      "risk_detection_clean": 0.8181818181818182,
      "risk_detection_original": 0.8181818181818182,
      "rmse_clean": 0.1473403870715595,
      "rmse_original": 0.1371907008468709
    },
    {
      "delta_direction_accuracy": 0.04347826086956519,
      "delta_loss_h": 0.004059836927309705,
      "delta_mae": 0.010212908388038691,
      "delta_risk_detection": -0.11111111111111116,
      "delta_rmse": 0.014576449193817342,
      "direction_accuracy_clean": 0.7391304347826086,
      "direction_accuracy_original": 0.6956521739130435,
      "horizonte_sem": 4,
      "loss_h_clean": 0.04295973383413029,
      "loss_h_original": 0.03889989690682059,
      "mae_clean": 0.11239386580692019,
      "mae_original": 0.1021809574188815,
      "risk_detection_clean": 0.6666666666666666,
      "risk_detection_original": 0.7777777777777778,
      "rmse_clean": 0.15409850335427364,
      "rmse_original": 0.1395220541604563
    }
  ],
  "l_total_radar_clean": 0.28393411132644286,
  "reference_run_id": "E1_v5_clean"
}