{
  "clean_run_id": "E4_v1_clean",
  "comparacion_por_horizonte": [
    {
      "delta_direction_accuracy": -0.038461538461538436,
      "delta_loss_h": 0.005135273251936287,
      "delta_mae": 0.0064271502132179775,
      "delta_risk_detection": 0.0,
      "delta_rmse": 0.002091004718974554,
      "direction_accuracy_clean": 0.7692307692307693,
      "direction_accuracy_original": 0.8076923076923077,
      "horizonte_sem": 1,
      "loss_h_clean": 0.07782714258489579,
      "loss_h_original": 0.0726918693329595,
      "mae_clean": 0.10953537303158048,
      "mae_original": 0.1031082228183625,
      "risk_detection_clean": 0.75,
      "risk_detection_original": 0.75,
      "rmse_clean": 0.13066578418061336,
      "rmse_original": 0.1285747794616388
    },
    {
      "delta_direction_accuracy": -0.040000000000000036,
      "delta_loss_h": 0.0004486501598653797,
      "delta_mae": 0.006670735188921778,
      "delta_risk_detection": 0.0,
      "delta_rmse": 0.004994375290877928,
      "direction_accuracy_clean": 0.6,
      "direction_accuracy_original": 0.64,
      "horizonte_sem": 2,
      "loss_h_clean": 0.08294094613985702,
      "loss_h_original": 0.08249229597999164,
      "mae_clean": 0.11209383064346978,
      "mae_original": 0.105423095454548,
      "risk_detection_clean": 0.6,
      "risk_detection_original": 0.6,
      "rmse_clean": 0.13684273148066683,
      "rmse_original": 0.1318483561897889
    },
    {
      "delta_direction_accuracy": -0.125,
      "delta_loss_h": 0.011257390594432384,
      "delta_mae": 0.011030523253656083,
      "delta_risk_detection": 0.0,
      "delta_rmse": 0.00988370791894469,
      "direction_accuracy_clean": 0.6666666666666666,
      "direction_accuracy_original": 0.7916666666666666,
      "horizonte_sem": 3,
      "loss_h_clean": 0.08020628876755978,
      "loss_h_original": 0.0689488981731274,
      "mae_clean": 0.11907167796904249,
      "mae_original": 0.1080411547153864,
      "risk_detection_clean": 0.8181818181818182,
      "risk_detection_original": 0.8181818181818182,
      "rmse_clean": 0.1473403870715595,
      "rmse_original": 0.1374566791526148
    },
    {
      "delta_direction_accuracy": 0.04347826086956519,
      "delta_loss_h": 0.000706099245801381,
      "delta_mae": 0.012096909047998289,
      "delta_risk_detection": 0.0,
      "delta_rmse": 0.013348268829470322,
      "direction_accuracy_clean": 0.7391304347826086,
      "direction_accuracy_original": 0.6956521739130435,
      "horizonte_sem": 4,
      "loss_h_clean": 0.04295973383413029,
      "loss_h_original": 0.04225363458832891,
      "mae_clean": 0.11239386580692019,
      "mae_original": 0.1002969567589219,
      "risk_detection_clean": 0.6666666666666666,
      "risk_detection_original": 0.6666666666666666,
      "rmse_clean": 0.15409850335427364,
      "rmse_original": 0.1407502345248033
    }
  ],
  "l_total_radar_clean": 0.28393411132644286,
  "reference_run_id": "E3_v2_clean"
}