{
  "clean_run_id": "E4_v1_clean",
  "comparacion_por_horizonte": [
    {
      "delta_direction_accuracy": -0.08791208791208782,
      "delta_loss_h": 0.013818193131552345,
      "delta_mae": 0.002975358881335377,
      "delta_risk_detection": -0.09615384615384615,
      "delta_rmse": -0.003929385549753528,
      "direction_accuracy_clean": 0.7692307692307693,
      "direction_accuracy_original": 0.8571428571428571,
      "horizonte_sem": 1,
      "loss_h_clean": 0.07782714258489579,
      "loss_h_original": 0.06400894945334344,
      "mae_clean": 0.10953537303158048,
      "mae_original": 0.1065600141502451,
      "risk_detection_clean": 0.75,
      "risk_detection_original": 0.8461538461538461,
      "rmse_clean": 0.13066578418061336,
      "rmse_original": 0.1345951697303669
    },
    {
      "delta_direction_accuracy": 0.007407407407407418,
      "delta_loss_h": -0.0013986249161877934,
      "delta_mae": 0.011423351565340578,
      "delta_risk_detection": 0.016666666666666607,
      "delta_rmse": 0.0073865931193265455,
      "direction_accuracy_clean": 0.6,
      "direction_accuracy_original": 0.5925925925925926,
      "horizonte_sem": 2,
      "loss_h_clean": 0.08294094613985702,
      "loss_h_original": 0.08433957105604481,
      "mae_clean": 0.11209383064346978,
      "mae_original": 0.1006704790781292,
      "risk_detection_clean": 0.6,
      "risk_detection_original": 0.5833333333333334,
      "rmse_clean": 0.13684273148066683,
      "rmse_original": 0.1294561383613403
    },
    {
      "delta_direction_accuracy": -0.14102564102564108,
      "delta_loss_h": 0.0128083979701904,
      "delta_mae": 0.01712267781330279,
      "delta_risk_detection": -0.015151515151515138,
      "delta_rmse": 0.01565658558482219,
      "direction_accuracy_clean": 0.6666666666666666,
      "direction_accuracy_original": 0.8076923076923077,
      "horizonte_sem": 3,
      "loss_h_clean": 0.08020628876755978,
      "loss_h_original": 0.06739789079736938,
      "mae_clean": 0.11907167796904249,
      "mae_original": 0.1019490001557397,
      "risk_detection_clean": 0.8181818181818182,
      "risk_detection_original": 0.8333333333333334,
      "rmse_clean": 0.1473403870715595,
      "rmse_original": 0.1316838014867373
    },
    {
      "delta_direction_accuracy": 0.019130434782608674,
      "delta_loss_h": 0.0054287008913760995,
      "delta_mae": 0.010068809372469595,
      "delta_risk_detection": -0.13333333333333341,
      "delta_rmse": 0.018243284404382942,
      "direction_accuracy_clean": 0.7391304347826086,
      "direction_accuracy_original": 0.72,
      "horizonte_sem": 4,
      "loss_h_clean": 0.04295973383413029,
      "loss_h_original": 0.03753103294275419,
      "mae_clean": 0.11239386580692019,
      "mae_original": 0.1023250564344506,
      "risk_detection_clean": 0.6666666666666666,
      "risk_detection_original": 0.8,
      "rmse_clean": 0.15409850335427364,
      "rmse_original": 0.1358552189498907
    }
  ],
  "l_total_radar_clean": 0.28393411132644286,
  "reference_run_id": "E1_v4_clean"
}