{
  "clean_run_id": "E9_v1_clean",
  "comparacion_por_horizonte": [
    {
      "delta_direction_accuracy": -0.09340659340659341,
      "delta_loss_h": 0.029521204116868635,
      "delta_mae": 0.04120004036666321,
      "delta_risk_detection": -0.11904761904761907,
      "delta_rmse": 0.04632163415492488,
      "direction_accuracy_clean": 0.7142857142857143,
      "direction_accuracy_original": 0.8076923076923077,
      "horizonte_sem": 1,
      "loss_h_clean": 0.09236657973216623,
      "loss_h_original": 0.0628453756152976,
      "mae_clean": 0.13675608248243307,
      "mae_original": 0.09555604211576986,
      "risk_detection_clean": 0.7142857142857143,
      "risk_detection_original": 0.8333333333333334,
      "rmse_clean": 0.17150077492188948,
      "rmse_original": 0.1251791407669646
    },
    {
      "delta_direction_accuracy": 0.09230769230769231,
      "delta_loss_h": -0.010263521702182032,
      "delta_mae": 0.006880971215619702,
      "delta_risk_detection": 0.06666666666666665,
      "delta_rmse": 0.02704406862783937,
      "direction_accuracy_clean": 0.6923076923076923,
      "direction_accuracy_original": 0.6,
      "horizonte_sem": 2,
      "loss_h_clean": 0.07153717114911783,
      "loss_h_original": 0.08180069285129986,
      "mae_clean": 0.1109567483573208,
      "mae_original": 0.1040757771417011,
      "risk_detection_clean": 0.6666666666666666,
      "risk_detection_original": 0.6,
      "rmse_clean": 0.15921270925691727,
      "rmse_original": 0.1321686406290779
    },
    {
      "delta_direction_accuracy": 0.04166666666666674,
      "delta_loss_h": -0.013052589347753905,
      "delta_mae": 0.019299012441312366,
      "delta_risk_detection": 0.18181818181818177,
      "delta_rmse": 0.03120573763939516,
      "direction_accuracy_clean": 0.8333333333333334,
      "direction_accuracy_original": 0.7916666666666666,
      "horizonte_sem": 3,
      "loss_h_clean": 0.05411043292079463,
      "loss_h_original": 0.06716302226854853,
      "mae_clean": 0.12420001566847207,
      "mae_original": 0.1049010032271597,
      "risk_detection_clean": 1.0,
      "risk_detection_original": 0.8181818181818182,
      "rmse_clean": 0.16517589556387985,
      "rmse_original": 0.1339701579244847
    },
    {
      "delta_direction_accuracy": -0.1027667984189723,
      "delta_loss_h": 0.01448153047500706,
      "delta_mae": 0.020506755729682108,
      "delta_risk_detection": -0.11111111111111116,
      "delta_rmse": 0.021596653415010963,
      "direction_accuracy_clean": 0.6363636363636364,
      "direction_accuracy_original": 0.7391304347826086,
      "horizonte_sem": 4,
      "loss_h_clean": 0.05046037746042725,
      "loss_h_original": 0.03597884698542019,
      "mae_clean": 0.12284865607612971,
      "mae_original": 0.1023419003464476,
      "risk_detection_clean": 0.6666666666666666,
      "risk_detection_original": 0.7777777777777778,
      "rmse_clean": 0.16938255294100896,
      "rmse_original": 0.147785899525998
    }
  ],
  "l_total_radar_clean": 0.2684745612625059,
  "reference_run_id": "E5_v4_clean"
}