{
  "clean_run_id": "E9_v1_clean",
  "comparacion_por_horizonte": [
    {
      "delta_direction_accuracy": -0.0357142857142857,
      "delta_loss_h": 0.0212883106223673,
      "delta_mae": 0.017023767663870967,
      "delta_risk_detection": -0.13186813186813184,
      "delta_rmse": 0.021515727532205764,
      "direction_accuracy_clean": 0.7142857142857143,
      "direction_accuracy_original": 0.75,
      "horizonte_sem": 1,
      "loss_h_clean": 0.09236657973216623,
      "loss_h_original": 0.07107826910979893,
      "mae_clean": 0.13675608248243307,
      "mae_original": 0.1197323148185621,
      "risk_detection_clean": 0.7142857142857143,
      "risk_detection_original": 0.8461538461538461,
      "rmse_clean": 0.17150077492188948,
      "rmse_original": 0.1499850473896837
    },
    {
      "delta_direction_accuracy": 0.02564102564102566,
      "delta_loss_h": 0.0022604562543122875,
      "delta_mae": -0.0026191697930544877,
      "delta_risk_detection": -0.08333333333333337,
      "delta_rmse": 0.011241313442486384,
      "direction_accuracy_clean": 0.6923076923076923,
      "direction_accuracy_original": 0.6666666666666666,
      "horizonte_sem": 2,
      "loss_h_clean": 0.07153717114911783,
      "loss_h_original": 0.06927671489480554,
      "mae_clean": 0.1109567483573208,
      "mae_original": 0.1135759181503753,
      "risk_detection_clean": 0.6666666666666666,
      "risk_detection_original": 0.75,
      "rmse_clean": 0.15921270925691727,
      "rmse_original": 0.1479713958144309
    },
    {
      "delta_direction_accuracy": 0.17948717948717952,
      "delta_loss_h": -0.05501071150017147,
      "delta_mae": -0.01770967749844414,
      "delta_risk_detection": 0.41666666666666663,
      "delta_rmse": 0.002046929664873437,
      "direction_accuracy_clean": 0.8333333333333334,
      "direction_accuracy_original": 0.6538461538461539,
      "horizonte_sem": 3,
      "loss_h_clean": 0.05411043292079463,
      "loss_h_original": 0.1091211444209661,
      "mae_clean": 0.12420001566847207,
      "mae_original": 0.1419096931669162,
      "risk_detection_clean": 1.0,
      "risk_detection_original": 0.5833333333333334,
      "rmse_clean": 0.16517589556387985,
      "rmse_original": 0.1631289658990064
    },
    {
      "delta_direction_accuracy": -0.12363636363636366,
      "delta_loss_h": 0.013471994098455745,
      "delta_mae": -0.02058148287660949,
      "delta_risk_detection": -0.2333333333333334,
      "delta_rmse": 0.002255610613669967,
      "direction_accuracy_clean": 0.6363636363636364,
      "direction_accuracy_original": 0.76,
      "horizonte_sem": 4,
      "loss_h_clean": 0.05046037746042725,
      "loss_h_original": 0.03698838336197151,
      "mae_clean": 0.12284865607612971,
      "mae_original": 0.1434301389527392,
      "risk_detection_clean": 0.6666666666666666,
      "risk_detection_original": 0.9,
      "rmse_clean": 0.16938255294100896,
      "rmse_original": 0.167126942327339
    }
  ],
  "l_total_radar_clean": 0.2684745612625059,
  "reference_run_id": "E2_v3_clean"
}