{
  "clean_run_id": "E4_v3_clean",
  "comparacion_por_horizonte": [
    {
      "delta_direction_accuracy": -0.38461538461538464,
      "delta_loss_h": 0.07914308946896531,
      "delta_mae": 0.06146537421239383,
      "delta_risk_detection": -0.5,
      "delta_rmse": 0.0704502708684093,
      "direction_accuracy_clean": 0.38461538461538464,
      "direction_accuracy_original": 0.7692307692307693,
      "horizonte_sem": 1,
      "loss_h_clean": 0.1569702320538611,
      "loss_h_original": 0.07782714258489579,
      "mae_clean": 0.17100074724397432,
      "mae_original": 0.1095353730315805,
      "risk_detection_clean": 0.25,
      "risk_detection_original": 0.75,
      "rmse_clean": 0.2011160550490227,
      "rmse_original": 0.1306657841806134
    },
    {
      "delta_direction_accuracy": -0.039999999999999925,
      "delta_loss_h": -0.003950397206174738,
      "delta_mae": 0.012654479164959681,
      "delta_risk_detection": 0.09999999999999998,
      "delta_rmse": 0.025103479982029803,
      "direction_accuracy_clean": 0.56,
      "direction_accuracy_original": 0.6,
      "horizonte_sem": 2,
      "loss_h_clean": 0.07899054893368228,
      "loss_h_original": 0.08294094613985702,
      "mae_clean": 0.12474830980842948,
      "mae_original": 0.1120938306434698,
      "risk_detection_clean": 0.7,
      "risk_detection_original": 0.6,
      "rmse_clean": 0.1619462114626966,
      "rmse_original": 0.1368427314806668
    },
    {
      "delta_direction_accuracy": -0.24999999999999994,
      "delta_loss_h": 0.061792433132535934,
      "delta_mae": 0.06310884216751836,
      "delta_risk_detection": -0.3636363636363637,
      "delta_rmse": 0.0699437610455324,
      "direction_accuracy_clean": 0.4166666666666667,
      "direction_accuracy_original": 0.6666666666666666,
      "horizonte_sem": 3,
      "loss_h_clean": 0.14199872190009571,
      "loss_h_original": 0.08020628876755978,
      "mae_clean": 0.18218052013656086,
      "mae_original": 0.1190716779690425,
      "risk_detection_clean": 0.45454545454545453,
      "risk_detection_original": 0.8181818181818182,
      "rmse_clean": 0.2172841481170919,
      "rmse_original": 0.1473403870715595
    },
    {
      "delta_direction_accuracy": -0.13043478260869557,
      "delta_loss_h": 0.003855073776302974,
      "delta_mae": -0.004501027485592987,
      "delta_risk_detection": 0.0,
      "delta_rmse": -0.008929887738935743,
      "direction_accuracy_clean": 0.6086956521739131,
      "direction_accuracy_original": 0.7391304347826086,
      "horizonte_sem": 4,
      "loss_h_clean": 0.046814807610433266,
      "loss_h_original": 0.04295973383413029,
      "mae_clean": 0.10789283832132722,
      "mae_original": 0.1123938658069202,
      "risk_detection_clean": 0.6666666666666666,
      "risk_detection_original": 0.6666666666666666,
      "rmse_clean": 0.14516861561533786,
      "rmse_original": 0.1540985033542736
    }
  ],
  "l_total_radar_clean": 0.42477431049807235,
  "reference_run_id": "E4_v1_clean"
}