{
  "clean_run_id": "E4_v3_clean",
  "comparacion_por_horizonte": [
    {
      "delta_direction_accuracy": -0.4230769230769231,
      "delta_loss_h": 0.09211045216147219,
      "delta_mae": 0.07040196510514322,
      "delta_risk_detection": -0.5833333333333334,
      "delta_rmse": 0.0682640734284147,
      "direction_accuracy_clean": 0.38461538461538464,
      "direction_accuracy_original": 0.8076923076923077,
      "horizonte_sem": 1,
      "loss_h_clean": 0.1569702320538611,
      "loss_h_original": 0.0648597798923889,
      "mae_clean": 0.17100074724397432,
      "mae_original": 0.1005987821388311,
      "risk_detection_clean": 0.25,
      "risk_detection_original": 0.8333333333333334,
      "rmse_clean": 0.2011160550490227,
      "rmse_original": 0.132851981620608
    },
    {
      "delta_direction_accuracy": -0.12,
      "delta_loss_h": 0.0074896459151276434,
      "delta_mae": 0.021022645704595874,
      "delta_risk_detection": 0.0,
      "delta_rmse": 0.0254622392924784,
      "direction_accuracy_clean": 0.56,
      "direction_accuracy_original": 0.68,
      "horizonte_sem": 2,
      "loss_h_clean": 0.07899054893368228,
      "loss_h_original": 0.07150090301855463,
      "mae_clean": 0.12474830980842948,
      "mae_original": 0.1037256641038336,
      "risk_detection_clean": 0.7,
      "risk_detection_original": 0.7,
      "rmse_clean": 0.1619462114626966,
      "rmse_original": 0.1364839721702182
    },
    {
      "delta_direction_accuracy": -0.37499999999999994,
      "delta_loss_h": 0.07381754065124542,
      "delta_mae": 0.07863807010579765,
      "delta_risk_detection": -0.3636363636363637,
      "delta_rmse": 0.080093447270221,
      "direction_accuracy_clean": 0.4166666666666667,
      "direction_accuracy_original": 0.7916666666666666,
      "horizonte_sem": 3,
      "loss_h_clean": 0.14199872190009571,
      "loss_h_original": 0.0681811812488503,
      "mae_clean": 0.18218052013656086,
      "mae_original": 0.1035424500307632,
      "risk_detection_clean": 0.45454545454545453,
      "risk_detection_original": 0.8181818181818182,
      "rmse_clean": 0.2172841481170919,
      "rmse_original": 0.1371907008468709
    },
    {
      "delta_direction_accuracy": -0.08695652173913038,
      "delta_loss_h": 0.00791491070361268,
      "delta_mae": 0.005711880902445718,
      "delta_risk_detection": -0.11111111111111116,
      "delta_rmse": 0.005646561454881571,
      "direction_accuracy_clean": 0.6086956521739131,
      "direction_accuracy_original": 0.6956521739130435,
      "horizonte_sem": 4,
      "loss_h_clean": 0.046814807610433266,
      "loss_h_original": 0.03889989690682059,
      "mae_clean": 0.10789283832132722,
      "mae_original": 0.1021809574188815,
      "risk_detection_clean": 0.6666666666666666,
      "risk_detection_original": 0.7777777777777778,
      "rmse_clean": 0.14516861561533786,
      "rmse_original": 0.1395220541604563
    }
  ],
  "l_total_radar_clean": 0.42477431049807235,
  "reference_run_id": "E1_v5_clean"
}