{
  "clean_run_id": "E1_v5_operativo_rebuild_v2",
  "comparacion_por_horizonte": [
    {
      "delta_direction_accuracy": 0.0,
      "delta_loss_h": 0.0,
      "delta_mae": 2.7755575615628914e-17,
      "delta_risk_detection": 0.0,
      "delta_rmse": -2.7755575615628914e-17,
      "direction_accuracy_clean": 0.8076923076923077,
      "direction_accuracy_original": 0.8076923076923077,
      "horizonte_sem": 1,
      "loss_h_clean": 0.0648597798923889,
      "loss_h_original": 0.0648597798923889,
      "mae_clean": 0.10059878213883112,
      "mae_original": 0.1005987821388311,
      "risk_detection_clean": 0.8333333333333334,
      "risk_detection_original": 0.8333333333333334,
      "rmse_clean": 0.13285198162060796,
      "rmse_original": 0.132851981620608
    },
    {
      "delta_direction_accuracy": 0.0,
      "delta_loss_h": 0.0,
      "delta_mae": -4.163336342344337e-17,
      "delta_risk_detection": 0.0,
      "delta_rmse": 0.0,
      "direction_accuracy_clean": 0.68,
      "direction_accuracy_original": 0.68,
      "horizonte_sem": 2,
      "loss_h_clean": 0.07150090301855463,
      "loss_h_original": 0.07150090301855463,
      "mae_clean": 0.10372566410383356,
      "mae_original": 0.1037256641038336,
      "risk_detection_clean": 0.7,
      "risk_detection_original": 0.7,
      "rmse_clean": 0.1364839721702182,
      "rmse_original": 0.1364839721702182
    },
    {
      "delta_direction_accuracy": 0.0,
      "delta_loss_h": 0.0,
      "delta_mae": 2.7755575615628914e-17,
      "delta_risk_detection": 0.0,
      "delta_rmse": 2.7755575615628914e-17,
      "direction_accuracy_clean": 0.7916666666666666,
      "direction_accuracy_original": 0.7916666666666666,
      "horizonte_sem": 3,
      "loss_h_clean": 0.0681811812488503,
      "loss_h_original": 0.0681811812488503,
      "mae_clean": 0.10354245003076323,
      "mae_original": 0.1035424500307632,
      "risk_detection_clean": 0.8181818181818182,
      "risk_detection_original": 0.8181818181818182,
      "rmse_clean": 0.13719070084687093,
      "rmse_original": 0.1371907008468709
    },
    {
      "delta_direction_accuracy": 0.0,
      "delta_loss_h": 6.938893903907228e-18,
      "delta_mae": 2.7755575615628914e-17,
      "delta_risk_detection": 0.0,
      "delta_rmse": 5.551115123125783e-17,
      "direction_accuracy_clean": 0.6956521739130435,
      "direction_accuracy_original": 0.6956521739130435,
      "horizonte_sem": 4,
      "loss_h_clean": 0.038899896906820594,
      "loss_h_original": 0.03889989690682059,
      "mae_clean": 0.10218095741888153,
      "mae_original": 0.1021809574188815,
      "risk_detection_clean": 0.7777777777777778,
      "risk_detection_original": 0.7777777777777778,
      "rmse_clean": 0.13952205416045635,
      "rmse_original": 0.1395220541604563
    }
  ],
  "l_total_radar_clean": 0.24344176106661447,
  "reference_run_id": "E1_v5_clean"
}