{
  "clean_run_id": "E6_v2_clean",
  "comparacion_por_horizonte": [
    {
      "delta_direction_accuracy": -0.1923076923076923,
      "delta_loss_h": 0.0396275572824981,
      "delta_mae": 0.051345002276899046,
      "delta_risk_detection": -0.25,
      "delta_rmse": 0.07428705245134234,
      "direction_accuracy_clean": 0.6153846153846154,
      "direction_accuracy_original": 0.8076923076923077,
      "horizonte_sem": 1,
      "loss_h_clean": 0.10448733717488701,
      "loss_h_original": 0.0648597798923889,
      "mae_clean": 0.15194378441573014,
      "mae_original": 0.1005987821388311,
      "risk_detection_clean": 0.5833333333333334,
      "risk_detection_original": 0.8333333333333334,
      "rmse_clean": 0.20713903407195033,
      "rmse_original": 0.132851981620608
    },
    {
      "delta_direction_accuracy": -0.32000000000000006,
      "delta_loss_h": 0.07028134836246558,
      "delta_mae": 0.15667838457879457,
      "delta_risk_detection": -0.39999999999999997,
      "delta_rmse": 0.19378988802143846,
      "direction_accuracy_clean": 0.36,
      "direction_accuracy_original": 0.68,
      "horizonte_sem": 2,
      "loss_h_clean": 0.1417822513810202,
      "loss_h_original": 0.07150090301855463,
      "mae_clean": 0.2604040486826282,
      "mae_original": 0.1037256641038336,
      "risk_detection_clean": 0.3,
      "risk_detection_original": 0.7,
      "rmse_clean": 0.33027386019165667,
      "rmse_original": 0.1364839721702182
    },
    {
      "delta_direction_accuracy": -0.125,
      "delta_loss_h": 0.07048834709769626,
      "delta_mae": 0.13637295541233843,
      "delta_risk_detection": -0.4545454545454546,
      "delta_rmse": 0.19070716095986412,
      "direction_accuracy_clean": 0.6666666666666666,
      "direction_accuracy_original": 0.7916666666666666,
      "horizonte_sem": 3,
      "loss_h_clean": 0.13866952834654656,
      "loss_h_original": 0.0681811812488503,
      "mae_clean": 0.23991540544310164,
      "mae_original": 0.1035424500307632,
      "risk_detection_clean": 0.36363636363636365,
      "risk_detection_original": 0.8181818181818182,
      "rmse_clean": 0.327897861806735,
      "rmse_original": 0.1371907008468709
    },
    {
      "delta_direction_accuracy": -0.08695652173913038,
      "delta_loss_h": 0.02193003054399178,
      "delta_mae": 0.18058049932787534,
      "delta_risk_detection": 0.0,
      "delta_rmse": 0.21227266703619843,
      "direction_accuracy_clean": 0.6086956521739131,
      "direction_accuracy_original": 0.6956521739130435,
      "horizonte_sem": 4,
      "loss_h_clean": 0.060829927450812366,
      "loss_h_original": 0.03889989690682059,
      "mae_clean": 0.28276145674675685,
      "mae_original": 0.1021809574188815,
      "risk_detection_clean": 0.7777777777777778,
      "risk_detection_original": 0.7777777777777778,
      "rmse_clean": 0.3517947211966547,
      "rmse_original": 0.1395220541604563
    }
  ],
  "l_total_radar_clean": 0.44576904435326614,
  "reference_run_id": "E1_v5_clean"
}