{
  "clean_run_id": "E6_v2_clean",
  "comparacion_por_horizonte": [
    {
      "delta_direction_accuracy": -0.1923076923076923,
      "delta_loss_h": 0.03179546784192751,
      "delta_mae": 0.04883556159736764,
      "delta_risk_detection": -0.16666666666666663,
      "delta_rmse": 0.07856425461031152,
      "direction_accuracy_clean": 0.6153846153846154,
      "direction_accuracy_original": 0.8076923076923077,
      "horizonte_sem": 1,
      "loss_h_clean": 0.10448733717488701,
      "loss_h_original": 0.0726918693329595,
      "mae_clean": 0.15194378441573014,
      "mae_original": 0.1031082228183625,
      "risk_detection_clean": 0.5833333333333334,
      "risk_detection_original": 0.75,
      "rmse_clean": 0.20713903407195033,
      "rmse_original": 0.1285747794616388
    },
    {
      "delta_direction_accuracy": -0.28,
      "delta_loss_h": 0.05928995540102858,
      "delta_mae": 0.15498095322808017,
      "delta_risk_detection": -0.3,
      "delta_rmse": 0.19842550400186776,
      "direction_accuracy_clean": 0.36,
      "direction_accuracy_original": 0.64,
      "horizonte_sem": 2,
      "loss_h_clean": 0.1417822513810202,
      "loss_h_original": 0.08249229597999164,
      "mae_clean": 0.2604040486826282,
      "mae_original": 0.105423095454548,
      "risk_detection_clean": 0.3,
      "risk_detection_original": 0.6,
      "rmse_clean": 0.33027386019165667,
      "rmse_original": 0.1318483561897889
    },
    {
      "delta_direction_accuracy": -0.125,
      "delta_loss_h": 0.06972063017341916,
      "delta_mae": 0.13187425072771525,
      "delta_risk_detection": -0.4545454545454546,
      "delta_rmse": 0.19044118265412022,
      "direction_accuracy_clean": 0.6666666666666666,
      "direction_accuracy_original": 0.7916666666666666,
      "horizonte_sem": 3,
      "loss_h_clean": 0.13866952834654656,
      "loss_h_original": 0.0689488981731274,
      "mae_clean": 0.23991540544310164,
      "mae_original": 0.1080411547153864,
      "risk_detection_clean": 0.36363636363636365,
      "risk_detection_original": 0.8181818181818182,
      "rmse_clean": 0.327897861806735,
      "rmse_original": 0.1374566791526148
    },
    {
      "delta_direction_accuracy": -0.08695652173913038,
      "delta_loss_h": 0.018576292862483454,
      "delta_mae": 0.18246449998783493,
      "delta_risk_detection": 0.11111111111111116,
      "delta_rmse": 0.2110444866718514,
      "direction_accuracy_clean": 0.6086956521739131,
      "direction_accuracy_original": 0.6956521739130435,
      "horizonte_sem": 4,
      "loss_h_clean": 0.060829927450812366,
      "loss_h_original": 0.04225363458832891,
      "mae_clean": 0.28276145674675685,
      "mae_original": 0.1002969567589219,
      "risk_detection_clean": 0.7777777777777778,
      "risk_detection_original": 0.6666666666666666,
      "rmse_clean": 0.3517947211966547,
      "rmse_original": 0.1407502345248033
    }
  ],
  "l_total_radar_clean": 0.44576904435326614,
  "reference_run_id": "E3_v2_clean"
}