{
  "clean_run_id": "E7_v3_clean",
  "comparacion_por_horizonte": [
    {
      "delta_direction_accuracy": -0.2802197802197802,
      "delta_loss_h": 0.05373894253710626,
      "delta_mae": 0.04251569575199454,
      "delta_risk_detection": -0.34615384615384615,
      "delta_rmse": 0.04469768186428649,
      "direction_accuracy_clean": 0.5769230769230769,
      "direction_accuracy_original": 0.8571428571428571,
      "horizonte_sem": 1,
      "loss_h_clean": 0.1177478919904497,
      "loss_h_original": 0.06400894945334344,
      "mae_clean": 0.14907570990223964,
      "mae_original": 0.1065600141502451,
      "risk_detection_clean": 0.5,
      "risk_detection_original": 0.8461538461538461,
      "rmse_clean": 0.17929285159465339,
      "rmse_original": 0.1345951697303669
    },
    {
      "delta_direction_accuracy": 0.047407407407407454,
      "delta_loss_h": -0.01591002869336744,
      "delta_mae": 0.021890889152719334,
      "delta_risk_detection": 0.21666666666666667,
      "delta_rmse": 0.032629133758829226,
      "direction_accuracy_clean": 0.64,
      "direction_accuracy_original": 0.5925925925925926,
      "horizonte_sem": 2,
      "loss_h_clean": 0.06842954236267737,
      "loss_h_original": 0.08433957105604481,
      "mae_clean": 0.12256136823084854,
      "mae_original": 0.1006704790781292,
      "risk_detection_clean": 0.8,
      "risk_detection_original": 0.5833333333333334,
      "rmse_clean": 0.16208527212016952,
      "rmse_original": 0.1294561383613403
    },
    {
      "delta_direction_accuracy": 0.02564102564102566,
      "delta_loss_h": 0.0009062453208163873,
      "delta_mae": 0.04592986279530008,
      "delta_risk_detection": 0.07575757575757569,
      "delta_rmse": 0.05651147299027526,
      "direction_accuracy_clean": 0.8333333333333334,
      "direction_accuracy_original": 0.8076923076923077,
      "horizonte_sem": 3,
      "loss_h_clean": 0.06830413611818577,
      "loss_h_original": 0.06739789079736938,
      "mae_clean": 0.14787886295103977,
      "mae_original": 0.1019490001557397,
      "risk_detection_clean": 0.9090909090909091,
      "risk_detection_original": 0.8333333333333334,
      "rmse_clean": 0.18819527447701256,
      "rmse_original": 0.1316838014867373
    },
    {
      "delta_direction_accuracy": -0.24173913043478257,
      "delta_loss_h": 0.029315235073582004,
      "delta_mae": 0.09595734565866192,
      "delta_risk_detection": -0.24444444444444446,
      "delta_rmse": 0.11233019679663914,
      "direction_accuracy_clean": 0.4782608695652174,
      "direction_accuracy_original": 0.72,
      "horizonte_sem": 4,
      "loss_h_clean": 0.0668462680163362,
      "loss_h_original": 0.03753103294275419,
      "mae_clean": 0.19828240209311251,
      "mae_original": 0.1023250564344506,
      "risk_detection_clean": 0.5555555555555556,
      "risk_detection_original": 0.8,
      "rmse_clean": 0.24818541574652983,
      "rmse_original": 0.1358552189498907
    }
  ],
  "l_total_radar_clean": 0.321327838487649,
  "reference_run_id": "E1_v4_clean"
}