{
  "clean_run_id": "E7_v3_clean",
  "comparacion_por_horizonte": [
    {
      "delta_direction_accuracy": -0.23076923076923084,
      "delta_loss_h": 0.0450560226574902,
      "delta_mae": 0.04596748708387714,
      "delta_risk_detection": -0.25,
      "delta_rmse": 0.050718072133014575,
      "direction_accuracy_clean": 0.5769230769230769,
      "direction_accuracy_original": 0.8076923076923077,
      "horizonte_sem": 1,
      "loss_h_clean": 0.1177478919904497,
      "loss_h_original": 0.0726918693329595,
      "mae_clean": 0.14907570990223964,
      "mae_original": 0.1031082228183625,
      "risk_detection_clean": 0.5,
      "risk_detection_original": 0.75,
      "rmse_clean": 0.17929285159465339,
      "rmse_original": 0.1285747794616388
    },
    {
      "delta_direction_accuracy": 0.0,
      "delta_loss_h": -0.014062753617314266,
      "delta_mae": 0.017138272776300534,
      "delta_risk_detection": 0.20000000000000007,
      "delta_rmse": 0.03023691593038061,
      "direction_accuracy_clean": 0.64,
      "direction_accuracy_original": 0.64,
      "horizonte_sem": 2,
      "loss_h_clean": 0.06842954236267737,
      "loss_h_original": 0.08249229597999164,
      "mae_clean": 0.12256136823084854,
      "mae_original": 0.105423095454548,
      "risk_detection_clean": 0.8,
      "risk_detection_original": 0.6,
      "rmse_clean": 0.16208527212016952,
      "rmse_original": 0.1318483561897889
    },
    {
      "delta_direction_accuracy": 0.04166666666666674,
      "delta_loss_h": -0.0006447620549416277,
      "delta_mae": 0.03983770823565337,
      "delta_risk_detection": 0.09090909090909083,
      "delta_rmse": 0.050738595324397756,
      "direction_accuracy_clean": 0.8333333333333334,
      "direction_accuracy_original": 0.7916666666666666,
      "horizonte_sem": 3,
      "loss_h_clean": 0.06830413611818577,
      "loss_h_original": 0.0689488981731274,
      "mae_clean": 0.14787886295103977,
      "mae_original": 0.1080411547153864,
      "risk_detection_clean": 0.9090909090909091,
      "risk_detection_original": 0.8181818181818182,
      "rmse_clean": 0.18819527447701256,
      "rmse_original": 0.1374566791526148
    },
    {
      "delta_direction_accuracy": -0.21739130434782605,
      "delta_loss_h": 0.024592633428007285,
      "delta_mae": 0.09798544533419061,
      "delta_risk_detection": -0.11111111111111105,
      "delta_rmse": 0.10743518122172652,
      "direction_accuracy_clean": 0.4782608695652174,
      "direction_accuracy_original": 0.6956521739130435,
      "horizonte_sem": 4,
      "loss_h_clean": 0.0668462680163362,
      "loss_h_original": 0.04225363458832891,
      "mae_clean": 0.19828240209311251,
      "mae_original": 0.1002969567589219,
      "risk_detection_clean": 0.5555555555555556,
      "risk_detection_original": 0.6666666666666666,
      "rmse_clean": 0.24818541574652983,
      "rmse_original": 0.1407502345248033
    }
  ],
  "l_total_radar_clean": 0.321327838487649,
  "reference_run_id": "E3_v2_clean"
}