{
  "clean_run_id": "E7_v3_clean",
  "comparacion_por_horizonte": [
    {
      "delta_direction_accuracy": -0.03846153846153855,
      "delta_loss_h": 0.013260554815562708,
      "delta_mae": -0.002868074513490443,
      "delta_risk_detection": -0.08333333333333337,
      "delta_rmse": -0.02784618247729692,
      "direction_accuracy_clean": 0.5769230769230769,
      "direction_accuracy_original": 0.6153846153846154,
      "horizonte_sem": 1,
      "loss_h_clean": 0.1177478919904497,
      "loss_h_original": 0.104487337174887,
      "mae_clean": 0.14907570990223964,
      "mae_original": 0.1519437844157301,
      "risk_detection_clean": 0.5,
      "risk_detection_original": 0.5833333333333334,
      "rmse_clean": 0.17929285159465339,
      "rmse_original": 0.2071390340719503
    },
    {
      "delta_direction_accuracy": 0.28,
      "delta_loss_h": -0.07335270901834284,
      "delta_mae": -0.13784268045177964,
      "delta_risk_detection": 0.5,
      "delta_rmse": -0.1681885880714872,
      "direction_accuracy_clean": 0.64,
      "direction_accuracy_original": 0.36,
      "horizonte_sem": 2,
      "loss_h_clean": 0.06842954236267737,
      "loss_h_original": 0.1417822513810202,
      "mae_clean": 0.12256136823084854,
      "mae_original": 0.2604040486826282,
      "risk_detection_clean": 0.8,
      "risk_detection_original": 0.3,
      "rmse_clean": 0.16208527212016952,
      "rmse_original": 0.3302738601916567
    },
    {
      "delta_direction_accuracy": 0.16666666666666674,
      "delta_loss_h": -0.07036539222836084,
      "delta_mae": -0.09203654249206183,
      "delta_risk_detection": 0.5454545454545454,
      "delta_rmse": -0.13970258732972246,
      "direction_accuracy_clean": 0.8333333333333334,
      "direction_accuracy_original": 0.6666666666666666,
      "horizonte_sem": 3,
      "loss_h_clean": 0.06830413611818577,
      "loss_h_original": 0.1386695283465466,
      "mae_clean": 0.14787886295103977,
      "mae_original": 0.2399154054431016,
      "risk_detection_clean": 0.9090909090909091,
      "risk_detection_original": 0.3636363636363636,
      "rmse_clean": 0.18819527447701256,
      "rmse_original": 0.327897861806735
    },
    {
      "delta_direction_accuracy": -0.13043478260869568,
      "delta_loss_h": 0.006016340565523824,
      "delta_mae": -0.08447905465364428,
      "delta_risk_detection": -0.2222222222222222,
      "delta_rmse": -0.1036093054501249,
      "direction_accuracy_clean": 0.4782608695652174,
      "direction_accuracy_original": 0.6086956521739131,
      "horizonte_sem": 4,
      "loss_h_clean": 0.0668462680163362,
      "loss_h_original": 0.06082992745081237,
      "mae_clean": 0.19828240209311251,
      "mae_original": 0.2827614567467568,
      "risk_detection_clean": 0.5555555555555556,
      "risk_detection_original": 0.7777777777777778,
      "rmse_clean": 0.24818541574652983,
      "rmse_original": 0.3517947211966547
    }
  ],
  "l_total_radar_clean": 0.321327838487649,
  "reference_run_id": "E6_v2_clean"
}