{
  "clean_run_id": "E7_v3_clean",
  "comparacion_por_horizonte": [
    {
      "delta_direction_accuracy": 0.11538461538461525,
      "delta_loss_h": -0.1013867233941657,
      "delta_mae": -7.7754767696054214,
      "delta_risk_detection": 0.08333333333333331,
      "delta_rmse": -11.203608991044637,
      "direction_accuracy_clean": 0.5769230769230769,
      "direction_accuracy_original": 0.4615384615384616,
      "horizonte_sem": 1,
      "loss_h_clean": 0.1177478919904497,
      "loss_h_original": 0.2191346153846154,
      "mae_clean": 0.14907570990223964,
      "mae_original": 7.924552479507661,
      "risk_detection_clean": 0.5,
      "risk_detection_original": 0.4166666666666667,
      "rmse_clean": 0.17929285159465339,
      "rmse_original": 11.38290184263929
    },
    {
      "delta_direction_accuracy": 0.040000000000000036,
      "delta_loss_h": -0.09407045763732264,
      "delta_mae": -10.798921830074322,
      "delta_risk_detection": 0.20000000000000007,
      "delta_rmse": -19.17459478462599,
      "direction_accuracy_clean": 0.64,
      "direction_accuracy_original": 0.6,
      "horizonte_sem": 2,
      "loss_h_clean": 0.06842954236267737,
      "loss_h_original": 0.1625,
      "mae_clean": 0.12256136823084854,
      "mae_original": 10.92148319830517,
      "risk_detection_clean": 0.8,
      "risk_detection_original": 0.6,
      "rmse_clean": 0.16208527212016952,
      "rmse_original": 19.33668005674616
    },
    {
      "delta_direction_accuracy": 0.25,
      "delta_loss_h": -0.11158222751817783,
      "delta_mae": -9.595540030393863,
      "delta_risk_detection": 0.09090909090909083,
      "delta_rmse": -15.094394918819049,
      "direction_accuracy_clean": 0.8333333333333334,
      "direction_accuracy_original": 0.5833333333333334,
      "horizonte_sem": 3,
      "loss_h_clean": 0.06830413611818577,
      "loss_h_original": 0.1798863636363636,
      "mae_clean": 0.14787886295103977,
      "mae_original": 9.743418893344902,
      "risk_detection_clean": 0.9090909090909091,
      "risk_detection_original": 0.8181818181818182,
      "rmse_clean": 0.18819527447701256,
      "rmse_original": 15.28259019329606
    },
    {
      "delta_direction_accuracy": 0.13043478260869573,
      "delta_loss_h": -0.053624746476417406,
      "delta_mae": -9.892429153473417,
      "delta_risk_detection": 0.33333333333333337,
      "delta_rmse": -14.6478999756923,
      "direction_accuracy_clean": 0.4782608695652174,
      "direction_accuracy_original": 0.3478260869565217,
      "horizonte_sem": 4,
      "loss_h_clean": 0.0668462680163362,
      "loss_h_original": 0.1204710144927536,
      "mae_clean": 0.19828240209311251,
      "mae_original": 10.09071155556653,
      "risk_detection_clean": 0.5555555555555556,
      "risk_detection_original": 0.2222222222222222,
      "rmse_clean": 0.24818541574652983,
      "rmse_original": 14.89608539143883
    }
  ],
  "l_total_radar_clean": 0.321327838487649,
  "reference_run_id": "E7_v2_clean"
}