{
  "clean_run_id": "E1_1_v1_bayesian_base",
  "comparacion_por_horizonte": [
    {
      "delta_direction_accuracy": -0.08791208791208782,
      "delta_loss_h": 0.021579521665622145,
      "delta_mae": 0.005070151385873065,
      "delta_risk_detection": -0.17948717948717952,
      "delta_rmse": 0.0017935834859714728,
      "direction_accuracy_clean": 0.7692307692307693,
      "direction_accuracy_original": 0.8571428571428571,
      "horizonte_sem": 1,
      "loss_h_clean": 0.08558847111896559,
      "loss_h_original": 0.06400894945334344,
      "mae_clean": 0.11163016553611817,
      "mae_original": 0.1065600141502451,
      "risk_detection_clean": 0.6666666666666666,
      "risk_detection_original": 0.8461538461538461,
      "rmse_clean": 0.13638875321633837,
      "rmse_original": 0.1345951697303669
    },
    {
      "delta_direction_accuracy": 0.007407407407407418,
      "delta_loss_h": -0.007845633224955073,
      "delta_mae": 0.010038025010406612,
      "delta_risk_detection": 0.11666666666666659,
      "delta_rmse": 0.011055170201050651,
      "direction_accuracy_clean": 0.6,
      "direction_accuracy_original": 0.5925925925925926,
      "horizonte_sem": 2,
      "loss_h_clean": 0.07649393783108974,
      "loss_h_original": 0.08433957105604481,
      "mae_clean": 0.11070850408853582,
      "mae_original": 0.1006704790781292,
      "risk_detection_clean": 0.7,
      "risk_detection_original": 0.5833333333333334,
      "rmse_clean": 0.14051130856239094,
      "rmse_original": 0.1294561383613403
    },
    {
      "delta_direction_accuracy": 0.06730769230769229,
      "delta_loss_h": -0.0034391853367737174,
      "delta_mae": 0.013474434103884658,
      "delta_risk_detection": -0.015151515151515138,
      "delta_rmse": 0.019047922897025588,
      "direction_accuracy_clean": 0.875,
      "direction_accuracy_original": 0.8076923076923077,
      "horizonte_sem": 3,
      "loss_h_clean": 0.06395870546059566,
      "loss_h_original": 0.06739789079736938,
      "mae_clean": 0.11542343425962436,
      "mae_original": 0.1019490001557397,
      "risk_detection_clean": 0.8181818181818182,
      "risk_detection_original": 0.8333333333333334,
      "rmse_clean": 0.1507317243837629,
      "rmse_original": 0.1316838014867373
    },
    {
      "delta_direction_accuracy": -0.024347826086956514,
      "delta_loss_h": 0.0013733860651047522,
      "delta_mae": 0.007552178978315727,
      "delta_risk_detection": -0.022222222222222254,
      "delta_rmse": 0.01785487582468856,
      "direction_accuracy_clean": 0.6956521739130435,
      "direction_accuracy_original": 0.72,
      "horizonte_sem": 4,
      "loss_h_clean": 0.038904419007858945,
      "loss_h_original": 0.03753103294275419,
      "mae_clean": 0.10987723541276632,
      "mae_original": 0.1023250564344506,
      "risk_detection_clean": 0.7777777777777778,
      "risk_detection_original": 0.8,
      "rmse_clean": 0.15371009477457925,
      "rmse_original": 0.1358552189498907
    }
  ],
  "l_total_radar_clean": 0.26494553341850996,
  "reference_run_id": "E1_v4_clean"
}