run_timestamp,week_dir,prefix,media_type,n_files_detected,input_files,output_path,status,extracted_count,unique_count,missing_flag,error_message,notes
2026-05-04T15:10:38.473707+00:00,/home/emilio/Documentos/RAdAR_worktrees/restructuracion_arquitectonica/data/raw/radar_weekly_flat/2024-09-30_semana_30septiembre_06octubre_24,2024-09-30,facebook,1,/home/emilio/Documentos/RAdAR_worktrees/restructuracion_arquitectonica/data/raw/radar_weekly_flat/2024-09-30_semana_30septiembre_06octubre_24/2024-09-30_semana_30septiembre_06octubre_24_facebook.csv,/home/emilio/Documentos/RAdAR_worktrees/restructuracion_arquitectonica/data/text/radar_weekly_flat/facebook_semana_texto/2024-09-30_facebook.txt,ok,44,38,False,,output_md5=f9c2288083485724e33ea072b378f5ba size=9420
2026-05-04T15:10:38.473707+00:00,/home/emilio/Documentos/RAdAR_worktrees/restructuracion_arquitectonica/data/raw/radar_weekly_flat/2024-09-30_semana_30septiembre_06octubre_24,2024-09-30,twitter,1,/home/emilio/Documentos/RAdAR_worktrees/restructuracion_arquitectonica/data/raw/radar_weekly_flat/2024-09-30_semana_30septiembre_06octubre_24/2024-09-30_semana_30septiembre_06octubre_24_twitter.csv,/home/emilio/Documentos/RAdAR_worktrees/restructuracion_arquitectonica/data/text/radar_weekly_flat/twitter_semana_texto/2024-09-30_twitter.txt,ok,254,236,False,,output_md5=f1434133e900f623f125e0ef981daade size=42838
2026-05-04T15:10:38.473707+00:00,/home/emilio/Documentos/RAdAR_worktrees/restructuracion_arquitectonica/data/raw/radar_weekly_flat/2024-09-30_semana_30septiembre_06octubre_24,2024-09-30,youtube,1,/home/emilio/Documentos/RAdAR_worktrees/restructuracion_arquitectonica/data/raw/radar_weekly_flat/2024-09-30_semana_30septiembre_06octubre_24/2024-09-30_semana_30septiembre_06octubre_24_youtube.csv,/home/emilio/Documentos/RAdAR_worktrees/restructuracion_arquitectonica/data/text/radar_weekly_flat/youtube_semana_texto/2024-09-30_youtube.txt,ok,3936,1754,False,,output_md5=8f507582be3a1adf32ca69f284c8cc06 size=126778
2026-05-04T15:10:38.473707+00:00,/home/emilio/Documentos/RAdAR_worktrees/restructuracion_arquitectonica/data/raw/radar_weekly_flat/2024-09-30_semana_30septiembre_06octubre_24,2024-09-30,medios,1,/home/emilio/Documentos/RAdAR_worktrees/restructuracion_arquitectonica/data/raw/radar_weekly_flat/2024-09-30_semana_30septiembre_06octubre_24/2024-09-30_semana_30septiembre_06octubre_24_medios.txt,/home/emilio/Documentos/RAdAR_worktrees/restructuracion_arquitectonica/data/text/radar_weekly_flat/medios_semana_texto/2024-09-30_medios.txt,ok,,,False,,output_md5=d6ab023291953b473872d588b124cc56 size=125138
2026-05-04T15:10:38.473707+00:00,/home/emilio/Documentos/RAdAR_worktrees/restructuracion_arquitectonica/data/raw/radar_weekly_flat/2024-10-07_semana_07octubre_13octubre_24,2024-10-07,facebook,1,/home/emilio/Documentos/RAdAR_worktrees/restructuracion_arquitectonica/data/raw/radar_weekly_flat/2024-10-07_semana_07octubre_13octubre_24/2024-10-07_semana_07octubre_13octubre_24_facebook.csv,/home/emilio/Documentos/RAdAR_worktrees/restructuracion_arquitectonica/data/text/radar_weekly_flat/facebook_semana_texto/2024-10-07_facebook.txt,ok,40,35,False,,output_md5=440ccafc7e843bd581f551e04c865540 size=8187
2026-05-04T15:10:38.473707+00:00,/home/emilio/Documentos/RAdAR_worktrees/restructuracion_arquitectonica/data/raw/radar_weekly_flat/2024-10-07_semana_07octubre_13octubre_24,2024-10-07,twitter,1,/home/emilio/Documentos/RAdAR_worktrees/restructuracion_arquitectonica/data/raw/radar_weekly_flat/2024-10-07_semana_07octubre_13octubre_24/2024-10-07_semana_07octubre_13octubre_24_twitter.csv,/home/emilio/Documentos/RAdAR_worktrees/restructuracion_arquitectonica/data/text/radar_weekly_flat/twitter_semana_texto/2024-10-07_twitter.txt,ok,56,49,False,,output_md5=01ad82aab5500dacd15f5f48b34c4b44 size=6943
2026-05-04T15:10:38.473707+00:00,/home/emilio/Documentos/RAdAR_worktrees/restructuracion_arquitectonica/data/raw/radar_weekly_flat/2024-10-07_semana_07octubre_13octubre_24,2024-10-07,youtube,1,/home/emilio/Documentos/RAdAR_worktrees/restructuracion_arquitectonica/data/raw/radar_weekly_flat/2024-10-07_semana_07octubre_13octubre_24/2024-10-07_semana_07octubre_13octubre_24_youtube.csv,/home/emilio/Documentos/RAdAR_worktrees/restructuracion_arquitectonica/data/text/radar_weekly_flat/youtube_semana_texto/2024-10-07_youtube.txt,ok,1646,809,False,,output_md5=2ee8e8a6d92dd9a2d10bb735a456100b size=106416
2026-05-04T15:10:38.473707+00:00,/home/emilio/Documentos/RAdAR_worktrees/restructuracion_arquitectonica/data/raw/radar_weekly_flat/2024-10-07_semana_07octubre_13octubre_24,2024-10-07,medios,1,/home/emilio/Documentos/RAdAR_worktrees/restructuracion_arquitectonica/data/raw/radar_weekly_flat/2024-10-07_semana_07octubre_13octubre_24/2024-10-07_semana_07octubre_13octubre_24_medios.txt,/home/emilio/Documentos/RAdAR_worktrees/restructuracion_arquitectonica/data/text/radar_weekly_flat/medios_semana_texto/2024-10-07_medios.txt,ok,,,False,,output_md5=ea70ef45360e81749c3d224c9a47c62a size=180076
2026-05-04T15:10:38.473707+00:00,/home/emilio/Documentos/RAdAR_worktrees/restructuracion_arquitectonica/data/raw/radar_weekly_flat/2024-10-14_semana_14octubre_20octubre_24,2024-10-14,facebook,1,/home/emilio/Documentos/RAdAR_worktrees/restructuracion_arquitectonica/data/raw/radar_weekly_flat/2024-10-14_semana_14octubre_20octubre_24/2024-10-14_semana_14octubre_20octubre_24_facebook.csv,/home/emilio/Documentos/RAdAR_worktrees/restructuracion_arquitectonica/data/text/radar_weekly_flat/facebook_semana_texto/2024-10-14_facebook.txt,ok,40,38,False,,output_md5=984a780e7c8fe4cb1c341d51536a3af0 size=9473
2026-05-04T15:10:38.473707+00:00,/home/emilio/Documentos/RAdAR_worktrees/restructuracion_arquitectonica/data/raw/radar_weekly_flat/2024-10-14_semana_14octubre_20octubre_24,2024-10-14,twitter,1,/home/emilio/Documentos/RAdAR_worktrees/restructuracion_arquitectonica/data/raw/radar_weekly_flat/2024-10-14_semana_14octubre_20octubre_24/2024-10-14_semana_14octubre_20octubre_24_twitter.csv,/home/emilio/Documentos/RAdAR_worktrees/restructuracion_arquitectonica/data/text/radar_weekly_flat/twitter_semana_texto/2024-10-14_twitter.txt,ok,59,54,False,,output_md5=b93e631a020de6355b20e1066748a696 size=7537
2026-05-04T15:10:38.473707+00:00,/home/emilio/Documentos/RAdAR_worktrees/restructuracion_arquitectonica/data/raw/radar_weekly_flat/2024-10-14_semana_14octubre_20octubre_24,2024-10-14,youtube,1,/home/emilio/Documentos/RAdAR_worktrees/restructuracion_arquitectonica/data/raw/radar_weekly_flat/2024-10-14_semana_14octubre_20octubre_24/2024-10-14_semana_14octubre_20octubre_24_youtube.csv,/home/emilio/Documentos/RAdAR_worktrees/restructuracion_arquitectonica/data/text/radar_weekly_flat/youtube_semana_texto/2024-10-14_youtube.txt,ok,9490,4591,False,,output_md5=70f3df17327d175927a78418bfdda164 size=493523
2026-05-04T15:10:38.473707+00:00,/home/emilio/Documentos/RAdAR_worktrees/restructuracion_arquitectonica/data/raw/radar_weekly_flat/2024-10-14_semana_14octubre_20octubre_24,2024-10-14,medios,1,/home/emilio/Documentos/RAdAR_worktrees/restructuracion_arquitectonica/data/raw/radar_weekly_flat/2024-10-14_semana_14octubre_20octubre_24/2024-10-14_semana_14octubre_20octubre_24_medios.txt,/home/emilio/Documentos/RAdAR_worktrees/restructuracion_arquitectonica/data/text/radar_weekly_flat/medios_semana_texto/2024-10-14_medios.txt,ok,,,False,,output_md5=ad110c5b345d312176d381ae21516853 size=119205
2026-05-04T15:10:38.473707+00:00,/home/emilio/Documentos/RAdAR_worktrees/restructuracion_arquitectonica/data/raw/radar_weekly_flat/2024-10-21_semana_21octubre_27octubre_24,2024-10-21,facebook,1,/home/emilio/Documentos/RAdAR_worktrees/restructuracion_arquitectonica/data/raw/radar_weekly_flat/2024-10-21_semana_21octubre_27octubre_24/2024-10-21_semana_21octubre_27octubre_24_facebook.csv,/home/emilio/Documentos/RAdAR_worktrees/restructuracion_arquitectonica/data/text/radar_weekly_flat/facebook_semana_texto/2024-10-21_facebook.txt,ok,40,35,False,,output_md5=e1bc7c4348805923f246fedd6396f271 size=17032
2026-05-04T15:10:38.473707+00:00,/home/emilio/Documentos/RAdAR_worktrees/restructuracion_arquitectonica/data/raw/radar_weekly_flat/2024-10-21_semana_21octubre_27octubre_24,2024-10-21,twitter,1,/home/emilio/Documentos/RAdAR_worktrees/restructuracion_arquitectonica/data/raw/radar_weekly_flat/2024-10-21_semana_21octubre_27octubre_24/2024-10-21_semana_21octubre_27octubre_24_twitter.csv,/home/emilio/Documentos/RAdAR_worktrees/restructuracion_arquitectonica/data/text/radar_weekly_flat/twitter_semana_texto/2024-10-21_twitter.txt,ok,120,115,False,,output_md5=d4d41cec9a3d8a44be06098d5ca91493 size=24258
2026-05-04T15:10:38.473707+00:00,/home/emilio/Documentos/RAdAR_worktrees/restructuracion_arquitectonica/data/raw/radar_weekly_flat/2024-10-21_semana_21octubre_27octubre_24,2024-10-21,youtube,1,/home/emilio/Documentos/RAdAR_worktrees/restructuracion_arquitectonica/data/raw/radar_weekly_flat/2024-10-21_semana_21octubre_27octubre_24/2024-10-21_semana_21octubre_27octubre_24_youtube.csv,/home/emilio/Documentos/RAdAR_worktrees/restructuracion_arquitectonica/data/text/radar_weekly_flat/youtube_semana_texto/2024-10-21_youtube.txt,ok,1498,739,False,,output_md5=a5f6870e224978e1c4fd624eb1002da0 size=117074
2026-05-04T15:10:38.473707+00:00,/home/emilio/Documentos/RAdAR_worktrees/restructuracion_arquitectonica/data/raw/radar_weekly_flat/2024-10-21_semana_21octubre_27octubre_24,2024-10-21,medios,1,/home/emilio/Documentos/RAdAR_worktrees/restructuracion_arquitectonica/data/raw/radar_weekly_flat/2024-10-21_semana_21octubre_27octubre_24/2024-10-21_semana_21octubre_27octubre_24_medios.txt,/home/emilio/Documentos/RAdAR_worktrees/restructuracion_arquitectonica/data/text/radar_weekly_flat/medios_semana_texto/2024-10-21_medios.txt,ok,,,False,,output_md5=5360a1e153e86a9429cca39acc10f937 size=239988
2026-05-04T15:10:38.473707+00:00,/home/emilio/Documentos/RAdAR_worktrees/restructuracion_arquitectonica/data/raw/radar_weekly_flat/2024-10-28_semana_28octubre_03noviembre_24,2024-10-28,facebook,1,/home/emilio/Documentos/RAdAR_worktrees/restructuracion_arquitectonica/data/raw/radar_weekly_flat/2024-10-28_semana_28octubre_03noviembre_24/2024-10-28_semana_28octubre_03noviembre_24_facebook.csv,/home/emilio/Documentos/RAdAR_worktrees/restructuracion_arquitectonica/data/text/radar_weekly_flat/facebook_semana_texto/2024-10-28_facebook.txt,ok,40,35,False,,output_md5=3a9016b78e4b67ae21779f9b7773bf8a size=24987
2026-05-04T15:10:38.473707+00:00,/home/emilio/Documentos/RAdAR_worktrees/restructuracion_arquitectonica/data/raw/radar_weekly_flat/2024-10-28_semana_28octubre_03noviembre_24,2024-10-28,twitter,1,/home/emilio/Documentos/RAdAR_worktrees/restructuracion_arquitectonica/data/raw/radar_weekly_flat/2024-10-28_semana_28octubre_03noviembre_24/2024-10-28_semana_28octubre_03noviembre_24_twitter.csv,/home/emilio/Documentos/RAdAR_worktrees/restructuracion_arquitectonica/data/text/radar_weekly_flat/twitter_semana_texto/2024-10-28_twitter.txt,ok,175,175,False,,output_md5=bd6f1a63ef57f3cba9c36f91ad07ed0f size=35751
2026-05-04T15:10:38.473707+00:00,/home/emilio/Documentos/RAdAR_worktrees/restructuracion_arquitectonica/data/raw/radar_weekly_flat/2024-10-28_semana_28octubre_03noviembre_24,2024-10-28,youtube,1,/home/emilio/Documentos/RAdAR_worktrees/restructuracion_arquitectonica/data/raw/radar_weekly_flat/2024-10-28_semana_28octubre_03noviembre_24/2024-10-28_semana_28octubre_03noviembre_24_youtube.csv,/home/emilio/Documentos/RAdAR_worktrees/restructuracion_arquitectonica/data/text/radar_weekly_flat/youtube_semana_texto/2024-10-28_youtube.txt,ok,248,79,False,,output_md5=7b37dbc34ee869513484ebd05c62753a size=7252
2026-05-04T15:10:38.473707+00:00,/home/emilio/Documentos/RAdAR_worktrees/restructuracion_arquitectonica/data/raw/radar_weekly_flat/2024-10-28_semana_28octubre_03noviembre_24,2024-10-28,medios,1,/home/emilio/Documentos/RAdAR_worktrees/restructuracion_arquitectonica/data/raw/radar_weekly_flat/2024-10-28_semana_28octubre_03noviembre_24/2024-10-28_semana_28octubre_03noviembre_24_medios.txt,/home/emilio/Documentos/RAdAR_worktrees/restructuracion_arquitectonica/data/text/radar_weekly_flat/medios_semana_texto/2024-10-28_medios.txt,ok,,,False,,output_md5=1a8ab6bc327469cf766bf4ba1b9a0c2d size=257515
2026-05-04T15:10:38.473707+00:00,/home/emilio/Documentos/RAdAR_worktrees/restructuracion_arquitectonica/data/raw/radar_weekly_flat/2024-11-04_semana_04noviembre_10noviembre_24,2024-11-04,facebook,1,/home/emilio/Documentos/RAdAR_worktrees/restructuracion_arquitectonica/data/raw/radar_weekly_flat/2024-11-04_semana_04noviembre_10noviembre_24/2024-11-04_semana_04noviembre_10noviembre_24_facebook.csv,/home/emilio/Documentos/RAdAR_worktrees/restructuracion_arquitectonica/data/text/radar_weekly_flat/facebook_semana_texto/2024-11-04_facebook.txt,ok,35,33,False,,output_md5=e12c1771cd410140fa90f4ac4c72b622 size=17132
2026-05-04T15:10:38.473707+00:00,/home/emilio/Documentos/RAdAR_worktrees/restructuracion_arquitectonica/data/raw/radar_weekly_flat/2024-11-04_semana_04noviembre_10noviembre_24,2024-11-04,twitter,1,/home/emilio/Documentos/RAdAR_worktrees/restructuracion_arquitectonica/data/raw/radar_weekly_flat/2024-11-04_semana_04noviembre_10noviembre_24/2024-11-04_semana_04noviembre_10noviembre_24_twitter.csv,/home/emilio/Documentos/RAdAR_worktrees/restructuracion_arquitectonica/data/text/radar_weekly_flat/twitter_semana_texto/2024-11-04_twitter.txt,ok,45,42,False,,output_md5=d1d555de8cef4cf7ed60118171601788 size=6821
2026-05-04T15:10:38.473707+00:00,/home/emilio/Documentos/RAdAR_worktrees/restructuracion_arquitectonica/data/raw/radar_weekly_flat/2024-11-04_semana_04noviembre_10noviembre_24,2024-11-04,youtube,1,/home/emilio/Documentos/RAdAR_worktrees/restructuracion_arquitectonica/data/raw/radar_weekly_flat/2024-11-04_semana_04noviembre_10noviembre_24/2024-11-04_semana_04noviembre_10noviembre_24_youtube.csv,/home/emilio/Documentos/RAdAR_worktrees/restructuracion_arquitectonica/data/text/radar_weekly_flat/youtube_semana_texto/2024-11-04_youtube.txt,ok,1396,349,False,,output_md5=1b304442cf4fb34c8894934b9817a19c size=23042
2026-05-04T15:10:38.473707+00:00,/home/emilio/Documentos/RAdAR_worktrees/restructuracion_arquitectonica/data/raw/radar_weekly_flat/2024-11-04_semana_04noviembre_10noviembre_24,2024-11-04,medios,1,/home/emilio/Documentos/RAdAR_worktrees/restructuracion_arquitectonica/data/raw/radar_weekly_flat/2024-11-04_semana_04noviembre_10noviembre_24/2024-11-04_semana_04noviembre_10noviembre_24_medios.txt,/home/emilio/Documentos/RAdAR_worktrees/restructuracion_arquitectonica/data/text/radar_weekly_flat/medios_semana_texto/2024-11-04_medios.txt,ok,,,False,,output_md5=08cd5ee1282b34962473a87c4a36c772 size=206568
2026-05-04T15:10:38.473707+00:00,/home/emilio/Documentos/RAdAR_worktrees/restructuracion_arquitectonica/data/raw/radar_weekly_flat/2024-11-11_semana_11noviembre_17noviembre_24,2024-11-11,facebook,1,/home/emilio/Documentos/RAdAR_worktrees/restructuracion_arquitectonica/data/raw/radar_weekly_flat/2024-11-11_semana_11noviembre_17noviembre_24/2024-11-11_semana_11noviembre_17noviembre_24_facebook.csv,/home/emilio/Documentos/RAdAR_worktrees/restructuracion_arquitectonica/data/text/radar_weekly_flat/facebook_semana_texto/2024-11-11_facebook.txt,ok,36,31,False,,output_md5=60ecb4113be34d8938cd358d3cc39722 size=23056
2026-05-04T15:10:38.473707+00:00,/home/emilio/Documentos/RAdAR_worktrees/restructuracion_arquitectonica/data/raw/radar_weekly_flat/2024-11-11_semana_11noviembre_17noviembre_24,2024-11-11,twitter,1,/home/emilio/Documentos/RAdAR_worktrees/restructuracion_arquitectonica/data/raw/radar_weekly_flat/2024-11-11_semana_11noviembre_17noviembre_24/2024-11-11_semana_11noviembre_17noviembre_24_twitter.csv,/home/emilio/Documentos/RAdAR_worktrees/restructuracion_arquitectonica/data/text/radar_weekly_flat/twitter_semana_texto/2024-11-11_twitter.txt,ok,192,189,False,,output_md5=7e525762c159c46e1515bff56538c672 size=42597
2026-05-04T15:10:38.473707+00:00,/home/emilio/Documentos/RAdAR_worktrees/restructuracion_arquitectonica/data/raw/radar_weekly_flat/2024-11-11_semana_11noviembre_17noviembre_24,2024-11-11,youtube,1,/home/emilio/Documentos/RAdAR_worktrees/restructuracion_arquitectonica/data/raw/radar_weekly_flat/2024-11-11_semana_11noviembre_17noviembre_24/2024-11-11_semana_11noviembre_17noviembre_24_youtube.csv,/home/emilio/Documentos/RAdAR_worktrees/restructuracion_arquitectonica/data/text/radar_weekly_flat/youtube_semana_texto/2024-11-11_youtube.txt,ok,275,99,False,,output_md5=d6c84fe07ee44bd93beb30ff4e0ea325 size=8355
2026-05-04T15:10:38.473707+00:00,/home/emilio/Documentos/RAdAR_worktrees/restructuracion_arquitectonica/data/raw/radar_weekly_flat/2024-11-11_semana_11noviembre_17noviembre_24,2024-11-11,medios,1,/home/emilio/Documentos/RAdAR_worktrees/restructuracion_arquitectonica/data/raw/radar_weekly_flat/2024-11-11_semana_11noviembre_17noviembre_24/2024-11-11_semana_11noviembre_17noviembre_24_medios.txt,/home/emilio/Documentos/RAdAR_worktrees/restructuracion_arquitectonica/data/text/radar_weekly_flat/medios_semana_texto/2024-11-11_medios.txt,ok,,,False,,output_md5=69427b043b88dcda9fab55f8506d1098 size=127488
2026-05-04T15:10:38.473707+00:00,/home/emilio/Documentos/RAdAR_worktrees/restructuracion_arquitectonica/data/raw/radar_weekly_flat/2024-11-18_semana_18noviembre_24noviembre_24,2024-11-18,facebook,1,/home/emilio/Documentos/RAdAR_worktrees/restructuracion_arquitectonica/data/raw/radar_weekly_flat/2024-11-18_semana_18noviembre_24noviembre_24/2024-11-18_semana_18noviembre_24noviembre_24_facebook.csv,/home/emilio/Documentos/RAdAR_worktrees/restructuracion_arquitectonica/data/text/radar_weekly_flat/facebook_semana_texto/2024-11-18_facebook.txt,ok,32,30,False,,output_md5=a290812440250d6d1aafb42e7231fde7 size=19773
2026-05-04T15:10:38.473707+00:00,/home/emilio/Documentos/RAdAR_worktrees/restructuracion_arquitectonica/data/raw/radar_weekly_flat/2024-11-18_semana_18noviembre_24noviembre_24,2024-11-18,twitter,1,/home/emilio/Documentos/RAdAR_worktrees/restructuracion_arquitectonica/data/raw/radar_weekly_flat/2024-11-18_semana_18noviembre_24noviembre_24/2024-11-18_semana_18noviembre_24noviembre_24_twitter.csv,/home/emilio/Documentos/RAdAR_worktrees/restructuracion_arquitectonica/data/text/radar_weekly_flat/twitter_semana_texto/2024-11-18_twitter.txt,ok,225,220,False,,output_md5=3074662f80defa5f31d520ddcee17510 size=49336
2026-05-04T15:10:38.473707+00:00,/home/emilio/Documentos/RAdAR_worktrees/restructuracion_arquitectonica/data/raw/radar_weekly_flat/2024-11-18_semana_18noviembre_24noviembre_24,2024-11-18,youtube,1,/home/emilio/Documentos/RAdAR_worktrees/restructuracion_arquitectonica/data/raw/radar_weekly_flat/2024-11-18_semana_18noviembre_24noviembre_24/2024-11-18_semana_18noviembre_24noviembre_24_youtube.csv,/home/emilio/Documentos/RAdAR_worktrees/restructuracion_arquitectonica/data/text/radar_weekly_flat/youtube_semana_texto/2024-11-18_youtube.txt,ok,137,39,False,,output_md5=4f82c4099fe8e975eafd8d1d11d68c44 size=4768
2026-05-04T15:10:38.473707+00:00,/home/emilio/Documentos/RAdAR_worktrees/restructuracion_arquitectonica/data/raw/radar_weekly_flat/2024-11-18_semana_18noviembre_24noviembre_24,2024-11-18,medios,1,/home/emilio/Documentos/RAdAR_worktrees/restructuracion_arquitectonica/data/raw/radar_weekly_flat/2024-11-18_semana_18noviembre_24noviembre_24/2024-11-18_semana_18noviembre_24noviembre_24_medios.txt,/home/emilio/Documentos/RAdAR_worktrees/restructuracion_arquitectonica/data/text/radar_weekly_flat/medios_semana_texto/2024-11-18_medios.txt,ok,,,False,,output_md5=6893554d960421c4bb708958eb5d5093 size=260292
2026-05-04T15:10:38.473707+00:00,/home/emilio/Documentos/RAdAR_worktrees/restructuracion_arquitectonica/data/raw/radar_weekly_flat/2024-11-25_semana_25noviembre_01diciembre_24,2024-11-25,facebook,1,/home/emilio/Documentos/RAdAR_worktrees/restructuracion_arquitectonica/data/raw/radar_weekly_flat/2024-11-25_semana_25noviembre_01diciembre_24/2024-11-25_semana_25noviembre_01diciembre_24_facebook.csv,/home/emilio/Documentos/RAdAR_worktrees/restructuracion_arquitectonica/data/text/radar_weekly_flat/facebook_semana_texto/2024-11-25_facebook.txt,ok,35,32,False,,output_md5=cade2cd1b4c674d294393349746073f3 size=22331
2026-05-04T15:10:38.473707+00:00,/home/emilio/Documentos/RAdAR_worktrees/restructuracion_arquitectonica/data/raw/radar_weekly_flat/2024-11-25_semana_25noviembre_01diciembre_24,2024-11-25,twitter,1,/home/emilio/Documentos/RAdAR_worktrees/restructuracion_arquitectonica/data/raw/radar_weekly_flat/2024-11-25_semana_25noviembre_01diciembre_24/2024-11-25_semana_25noviembre_01diciembre_24_twitter.csv,/home/emilio/Documentos/RAdAR_worktrees/restructuracion_arquitectonica/data/text/radar_weekly_flat/twitter_semana_texto/2024-11-25_twitter.txt,ok,208,205,False,,output_md5=34fd8e8ab4afcdf3dce797a78cdb4a22 size=40328
2026-05-04T15:10:38.473707+00:00,/home/emilio/Documentos/RAdAR_worktrees/restructuracion_arquitectonica/data/raw/radar_weekly_flat/2024-11-25_semana_25noviembre_01diciembre_24,2024-11-25,youtube,1,/home/emilio/Documentos/RAdAR_worktrees/restructuracion_arquitectonica/data/raw/radar_weekly_flat/2024-11-25_semana_25noviembre_01diciembre_24/2024-11-25_semana_25noviembre_01diciembre_24_youtube.csv,/home/emilio/Documentos/RAdAR_worktrees/restructuracion_arquitectonica/data/text/radar_weekly_flat/youtube_semana_texto/2024-11-25_youtube.txt,ok,145,29,False,,output_md5=ad98f2eb0b2cc0a5f5b79954a4a29608 size=3206
2026-05-04T15:10:38.473707+00:00,/home/emilio/Documentos/RAdAR_worktrees/restructuracion_arquitectonica/data/raw/radar_weekly_flat/2024-11-25_semana_25noviembre_01diciembre_24,2024-11-25,medios,1,/home/emilio/Documentos/RAdAR_worktrees/restructuracion_arquitectonica/data/raw/radar_weekly_flat/2024-11-25_semana_25noviembre_01diciembre_24/2024-11-25_semana_25noviembre_01diciembre_24_medios.txt,/home/emilio/Documentos/RAdAR_worktrees/restructuracion_arquitectonica/data/text/radar_weekly_flat/medios_semana_texto/2024-11-25_medios.txt,ok,,,False,,output_md5=150d4ca9ea992b58d6fa57c6e344164f size=196130
2026-05-04T15:10:38.473707+00:00,/home/emilio/Documentos/RAdAR_worktrees/restructuracion_arquitectonica/data/raw/radar_weekly_flat/2024-12-02_semana_02diciembre_08diciembre_24,2024-12-02,facebook,1,/home/emilio/Documentos/RAdAR_worktrees/restructuracion_arquitectonica/data/raw/radar_weekly_flat/2024-12-02_semana_02diciembre_08diciembre_24/2024-12-02_semana_02diciembre_08diciembre_24_facebook.csv,/home/emilio/Documentos/RAdAR_worktrees/restructuracion_arquitectonica/data/text/radar_weekly_flat/facebook_semana_texto/2024-12-02_facebook.txt,ok,44,33,False,,output_md5=791657e5f42001d09bc72aeba0819f00 size=16811
2026-05-04T15:10:38.473707+00:00,/home/emilio/Documentos/RAdAR_worktrees/restructuracion_arquitectonica/data/raw/radar_weekly_flat/2024-12-02_semana_02diciembre_08diciembre_24,2024-12-02,twitter,1,/home/emilio/Documentos/RAdAR_worktrees/restructuracion_arquitectonica/data/raw/radar_weekly_flat/2024-12-02_semana_02diciembre_08diciembre_24/2024-12-02_semana_02diciembre_08diciembre_24_twitter.csv,/home/emilio/Documentos/RAdAR_worktrees/restructuracion_arquitectonica/data/text/radar_weekly_flat/twitter_semana_texto/2024-12-02_twitter.txt,ok,425,420,False,,output_md5=eb4911568a99b8832eeefae144a137a6 size=87873
2026-05-04T15:10:38.473707+00:00,/home/emilio/Documentos/RAdAR_worktrees/restructuracion_arquitectonica/data/raw/radar_weekly_flat/2024-12-02_semana_02diciembre_08diciembre_24,2024-12-02,youtube,1,/home/emilio/Documentos/RAdAR_worktrees/restructuracion_arquitectonica/data/raw/radar_weekly_flat/2024-12-02_semana_02diciembre_08diciembre_24/2024-12-02_semana_02diciembre_08diciembre_24_youtube.csv,/home/emilio/Documentos/RAdAR_worktrees/restructuracion_arquitectonica/data/text/radar_weekly_flat/youtube_semana_texto/2024-12-02_youtube.txt,ok,90,21,False,,output_md5=ee368f4ea2dc5274e89db3dce2eac989 size=1053
2026-05-04T15:10:38.473707+00:00,/home/emilio/Documentos/RAdAR_worktrees/restructuracion_arquitectonica/data/raw/radar_weekly_flat/2024-12-02_semana_02diciembre_08diciembre_24,2024-12-02,medios,1,/home/emilio/Documentos/RAdAR_worktrees/restructuracion_arquitectonica/data/raw/radar_weekly_flat/2024-12-02_semana_02diciembre_08diciembre_24/2024-12-02_semana_02diciembre_08diciembre_24_medios.txt,/home/emilio/Documentos/RAdAR_worktrees/restructuracion_arquitectonica/data/text/radar_weekly_flat/medios_semana_texto/2024-12-02_medios.txt,ok,,,False,,output_md5=6fc78ca814a3cc0ecf49afe7b869d1d0 size=113220
2026-05-04T15:10:38.473707+00:00,/home/emilio/Documentos/RAdAR_worktrees/restructuracion_arquitectonica/data/raw/radar_weekly_flat/2024-12-09_semana_09diciembre_15diciembre_24,2024-12-09,facebook,1,/home/emilio/Documentos/RAdAR_worktrees/restructuracion_arquitectonica/data/raw/radar_weekly_flat/2024-12-09_semana_09diciembre_15diciembre_24/2024-12-09_semana_09diciembre_15diciembre_24_facebook.csv,/home/emilio/Documentos/RAdAR_worktrees/restructuracion_arquitectonica/data/text/radar_weekly_flat/facebook_semana_texto/2024-12-09_facebook.txt,ok,39,30,False,,output_md5=85f58e9b1281f6d6d6c5551de04772d3 size=19694
2026-05-04T15:10:38.473707+00:00,/home/emilio/Documentos/RAdAR_worktrees/restructuracion_arquitectonica/data/raw/radar_weekly_flat/2024-12-09_semana_09diciembre_15diciembre_24,2024-12-09,twitter,1,/home/emilio/Documentos/RAdAR_worktrees/restructuracion_arquitectonica/data/raw/radar_weekly_flat/2024-12-09_semana_09diciembre_15diciembre_24/2024-12-09_semana_09diciembre_15diciembre_24_twitter.csv,/home/emilio/Documentos/RAdAR_worktrees/restructuracion_arquitectonica/data/text/radar_weekly_flat/twitter_semana_texto/2024-12-09_twitter.txt,ok,339,332,False,,output_md5=414da6b8fbf7341c0fd089c5871a966e size=77049
2026-05-04T15:10:38.473707+00:00,/home/emilio/Documentos/RAdAR_worktrees/restructuracion_arquitectonica/data/raw/radar_weekly_flat/2024-12-09_semana_09diciembre_15diciembre_24,2024-12-09,youtube,1,/home/emilio/Documentos/RAdAR_worktrees/restructuracion_arquitectonica/data/raw/radar_weekly_flat/2024-12-09_semana_09diciembre_15diciembre_24/2024-12-09_semana_09diciembre_15diciembre_24_youtube.csv,/home/emilio/Documentos/RAdAR_worktrees/restructuracion_arquitectonica/data/text/radar_weekly_flat/youtube_semana_texto/2024-12-09_youtube.txt,ok,51,14,False,,output_md5=c6a2a63f3707006cf887dbdb74b39b34 size=602
2026-05-04T15:10:38.473707+00:00,/home/emilio/Documentos/RAdAR_worktrees/restructuracion_arquitectonica/data/raw/radar_weekly_flat/2024-12-09_semana_09diciembre_15diciembre_24,2024-12-09,medios,1,/home/emilio/Documentos/RAdAR_worktrees/restructuracion_arquitectonica/data/raw/radar_weekly_flat/2024-12-09_semana_09diciembre_15diciembre_24/2024-12-09_semana_09diciembre_15diciembre_24_medios.txt,/home/emilio/Documentos/RAdAR_worktrees/restructuracion_arquitectonica/data/text/radar_weekly_flat/medios_semana_texto/2024-12-09_medios.txt,ok,,,False,,output_md5=a04c84c5cddcb0dd1581874dc4301bc7 size=111435
2026-05-04T15:10:38.473707+00:00,/home/emilio/Documentos/RAdAR_worktrees/restructuracion_arquitectonica/data/raw/radar_weekly_flat/2024-12-16_semana_16diciembre_22diciembre_24,2024-12-16,facebook,1,/home/emilio/Documentos/RAdAR_worktrees/restructuracion_arquitectonica/data/raw/radar_weekly_flat/2024-12-16_semana_16diciembre_22diciembre_24/2024-12-16_semana_16diciembre_22diciembre_24_facebook.csv,/home/emilio/Documentos/RAdAR_worktrees/restructuracion_arquitectonica/data/text/radar_weekly_flat/facebook_semana_texto/2024-12-16_facebook.txt,ok,48,36,False,,output_md5=0d898928b1fb7e0622764eb5de6cbb7c size=20724
2026-05-04T15:10:38.473707+00:00,/home/emilio/Documentos/RAdAR_worktrees/restructuracion_arquitectonica/data/raw/radar_weekly_flat/2024-12-16_semana_16diciembre_22diciembre_24,2024-12-16,twitter,1,/home/emilio/Documentos/RAdAR_worktrees/restructuracion_arquitectonica/data/raw/radar_weekly_flat/2024-12-16_semana_16diciembre_22diciembre_24/2024-12-16_semana_16diciembre_22diciembre_24_twitter.csv,/home/emilio/Documentos/RAdAR_worktrees/restructuracion_arquitectonica/data/text/radar_weekly_flat/twitter_semana_texto/2024-12-16_twitter.txt,ok,277,275,False,,output_md5=e01ed4dc980bde9425e3e068b8217d76 size=65452
2026-05-04T15:10:38.473707+00:00,/home/emilio/Documentos/RAdAR_worktrees/restructuracion_arquitectonica/data/raw/radar_weekly_flat/2024-12-16_semana_16diciembre_22diciembre_24,2024-12-16,youtube,1,/home/emilio/Documentos/RAdAR_worktrees/restructuracion_arquitectonica/data/raw/radar_weekly_flat/2024-12-16_semana_16diciembre_22diciembre_24/2024-12-16_semana_16diciembre_22diciembre_24_youtube.csv,/home/emilio/Documentos/RAdAR_worktrees/restructuracion_arquitectonica/data/text/radar_weekly_flat/youtube_semana_texto/2024-12-16_youtube.txt,ok,52,14,False,,output_md5=c07dc1a5c8998a294c8e53598d6d9ca7 size=881
2026-05-04T15:10:38.473707+00:00,/home/emilio/Documentos/RAdAR_worktrees/restructuracion_arquitectonica/data/raw/radar_weekly_flat/2024-12-16_semana_16diciembre_22diciembre_24,2024-12-16,medios,1,/home/emilio/Documentos/RAdAR_worktrees/restructuracion_arquitectonica/data/raw/radar_weekly_flat/2024-12-16_semana_16diciembre_22diciembre_24/2024-12-16_semana_16diciembre_22diciembre_24_medios.txt,/home/emilio/Documentos/RAdAR_worktrees/restructuracion_arquitectonica/data/text/radar_weekly_flat/medios_semana_texto/2024-12-16_medios.txt,ok,,,False,,output_md5=2f8f3e865490179a7c42b210456daf7a size=131722
2026-05-04T15:10:38.473707+00:00,/home/emilio/Documentos/RAdAR_worktrees/restructuracion_arquitectonica/data/raw/radar_weekly_flat/2024-12-23_semana_23diciembre_29diciembre_24,2024-12-23,facebook,1,/home/emilio/Documentos/RAdAR_worktrees/restructuracion_arquitectonica/data/raw/radar_weekly_flat/2024-12-23_semana_23diciembre_29diciembre_24/2024-12-23_semana_23diciembre_29diciembre_24_facebook.csv,/home/emilio/Documentos/RAdAR_worktrees/restructuracion_arquitectonica/data/text/radar_weekly_flat/facebook_semana_texto/2024-12-23_facebook.txt,ok,41,31,False,,output_md5=357500f58206224628e1a83b0ef6ba83 size=19467
2026-05-04T15:10:38.473707+00:00,/home/emilio/Documentos/RAdAR_worktrees/restructuracion_arquitectonica/data/raw/radar_weekly_flat/2024-12-23_semana_23diciembre_29diciembre_24,2024-12-23,twitter,1,/home/emilio/Documentos/RAdAR_worktrees/restructuracion_arquitectonica/data/raw/radar_weekly_flat/2024-12-23_semana_23diciembre_29diciembre_24/2024-12-23_semana_23diciembre_29diciembre_24_twitter.csv,/home/emilio/Documentos/RAdAR_worktrees/restructuracion_arquitectonica/data/text/radar_weekly_flat/twitter_semana_texto/2024-12-23_twitter.txt,ok,87,85,False,,output_md5=9b3942a66c5b8fd1db8b0c2b7edb0c7f size=18041
2026-05-04T15:10:38.473707+00:00,/home/emilio/Documentos/RAdAR_worktrees/restructuracion_arquitectonica/data/raw/radar_weekly_flat/2024-12-23_semana_23diciembre_29diciembre_24,2024-12-23,youtube,1,/home/emilio/Documentos/RAdAR_worktrees/restructuracion_arquitectonica/data/raw/radar_weekly_flat/2024-12-23_semana_23diciembre_29diciembre_24/2024-12-23_semana_23diciembre_29diciembre_24_youtube.csv,/home/emilio/Documentos/RAdAR_worktrees/restructuracion_arquitectonica/data/text/radar_weekly_flat/youtube_semana_texto/2024-12-23_youtube.txt,ok,87,23,False,,output_md5=d8f56b37ffaf7a95e3a42f6c4040e479 size=4099
2026-05-04T15:10:38.473707+00:00,/home/emilio/Documentos/RAdAR_worktrees/restructuracion_arquitectonica/data/raw/radar_weekly_flat/2024-12-23_semana_23diciembre_29diciembre_24,2024-12-23,medios,1,/home/emilio/Documentos/RAdAR_worktrees/restructuracion_arquitectonica/data/raw/radar_weekly_flat/2024-12-23_semana_23diciembre_29diciembre_24/2024-12-23_semana_23diciembre_29diciembre_24_medios.txt,/home/emilio/Documentos/RAdAR_worktrees/restructuracion_arquitectonica/data/text/radar_weekly_flat/medios_semana_texto/2024-12-23_medios.txt,ok,,,False,,output_md5=2e1b7ba5f8850babdb9aedebaa4152f9 size=150742
2026-05-04T15:10:38.473707+00:00,/home/emilio/Documentos/RAdAR_worktrees/restructuracion_arquitectonica/data/raw/radar_weekly_flat/2024-12-30_semana_30diciembre_05enero_25,2024-12-30,facebook,1,/home/emilio/Documentos/RAdAR_worktrees/restructuracion_arquitectonica/data/raw/radar_weekly_flat/2024-12-30_semana_30diciembre_05enero_25/2024-12-30_semana_30diciembre_05enero_25_facebook.csv,/home/emilio/Documentos/RAdAR_worktrees/restructuracion_arquitectonica/data/text/radar_weekly_flat/facebook_semana_texto/2024-12-30_facebook.txt,ok,42,31,False,,output_md5=73ae3dbf6a97e0590b338217c77d1109 size=13883
2026-05-04T15:10:38.473707+00:00,/home/emilio/Documentos/RAdAR_worktrees/restructuracion_arquitectonica/data/raw/radar_weekly_flat/2024-12-30_semana_30diciembre_05enero_25,2024-12-30,twitter,1,/home/emilio/Documentos/RAdAR_worktrees/restructuracion_arquitectonica/data/raw/radar_weekly_flat/2024-12-30_semana_30diciembre_05enero_25/2024-12-30_semana_30diciembre_05enero_25_twitter.csv,/home/emilio/Documentos/RAdAR_worktrees/restructuracion_arquitectonica/data/text/radar_weekly_flat/twitter_semana_texto/2024-12-30_twitter.txt,ok,61,59,False,,output_md5=736a50dc5607b3b532826503d2779515 size=10687
2026-05-04T15:10:38.473707+00:00,/home/emilio/Documentos/RAdAR_worktrees/restructuracion_arquitectonica/data/raw/radar_weekly_flat/2024-12-30_semana_30diciembre_05enero_25,2024-12-30,youtube,1,/home/emilio/Documentos/RAdAR_worktrees/restructuracion_arquitectonica/data/raw/radar_weekly_flat/2024-12-30_semana_30diciembre_05enero_25/2024-12-30_semana_30diciembre_05enero_25_youtube.csv,/home/emilio/Documentos/RAdAR_worktrees/restructuracion_arquitectonica/data/text/radar_weekly_flat/youtube_semana_texto/2024-12-30_youtube.txt,ok,650,307,False,,output_md5=e6a86ae6ce85454109319ed947716be2 size=21111
2026-05-04T15:10:38.473707+00:00,/home/emilio/Documentos/RAdAR_worktrees/restructuracion_arquitectonica/data/raw/radar_weekly_flat/2024-12-30_semana_30diciembre_05enero_25,2024-12-30,medios,1,/home/emilio/Documentos/RAdAR_worktrees/restructuracion_arquitectonica/data/raw/radar_weekly_flat/2024-12-30_semana_30diciembre_05enero_25/2024-12-30_semana_30diciembre_05enero_25_medios.txt,/home/emilio/Documentos/RAdAR_worktrees/restructuracion_arquitectonica/data/text/radar_weekly_flat/medios_semana_texto/2024-12-30_medios.txt,ok,,,False,,output_md5=2fb44ad26e40b521c2b216fa3992e2f4 size=302011
2026-05-04T15:10:38.473707+00:00,/home/emilio/Documentos/RAdAR_worktrees/restructuracion_arquitectonica/data/raw/radar_weekly_flat/2025-01-06_semana_06enero_12enero_25,2025-01-06,facebook,1,/home/emilio/Documentos/RAdAR_worktrees/restructuracion_arquitectonica/data/raw/radar_weekly_flat/2025-01-06_semana_06enero_12enero_25/2025-01-06_semana_06enero_12enero_25_facebook.csv,/home/emilio/Documentos/RAdAR_worktrees/restructuracion_arquitectonica/data/text/radar_weekly_flat/facebook_semana_texto/2025-01-06_facebook.txt,ok,35,28,False,,output_md5=1e9ed5a57092c1857fdd17fcb3395ab3 size=19243
2026-05-04T15:10:38.473707+00:00,/home/emilio/Documentos/RAdAR_worktrees/restructuracion_arquitectonica/data/raw/radar_weekly_flat/2025-01-06_semana_06enero_12enero_25,2025-01-06,twitter,1,/home/emilio/Documentos/RAdAR_worktrees/restructuracion_arquitectonica/data/raw/radar_weekly_flat/2025-01-06_semana_06enero_12enero_25/2025-01-06_semana_06enero_12enero_25_twitter.csv,/home/emilio/Documentos/RAdAR_worktrees/restructuracion_arquitectonica/data/text/radar_weekly_flat/twitter_semana_texto/2025-01-06_twitter.txt,ok,32,32,False,,output_md5=b44cabc0a29c403062e3303590913310 size=4232
2026-05-04T15:10:38.473707+00:00,/home/emilio/Documentos/RAdAR_worktrees/restructuracion_arquitectonica/data/raw/radar_weekly_flat/2025-01-06_semana_06enero_12enero_25,2025-01-06,youtube,1,/home/emilio/Documentos/RAdAR_worktrees/restructuracion_arquitectonica/data/raw/radar_weekly_flat/2025-01-06_semana_06enero_12enero_25/2025-01-06_semana_06enero_12enero_25_youtube.csv,/home/emilio/Documentos/RAdAR_worktrees/restructuracion_arquitectonica/data/text/radar_weekly_flat/youtube_semana_texto/2025-01-06_youtube.txt,ok,726,353,False,,output_md5=9458130c3aedf328272dca5f0dd96c8f size=31611
2026-05-04T15:10:38.473707+00:00,/home/emilio/Documentos/RAdAR_worktrees/restructuracion_arquitectonica/data/raw/radar_weekly_flat/2025-01-06_semana_06enero_12enero_25,2025-01-06,medios,1,/home/emilio/Documentos/RAdAR_worktrees/restructuracion_arquitectonica/data/raw/radar_weekly_flat/2025-01-06_semana_06enero_12enero_25/2025-01-06_semana_06enero_12enero_25_medios.txt,/home/emilio/Documentos/RAdAR_worktrees/restructuracion_arquitectonica/data/text/radar_weekly_flat/medios_semana_texto/2025-01-06_medios.txt,ok,,,False,,output_md5=b0804daf580b1d572d2f597b081e5232 size=283194
2026-05-04T15:10:38.473707+00:00,/home/emilio/Documentos/RAdAR_worktrees/restructuracion_arquitectonica/data/raw/radar_weekly_flat/2025-01-13_semana_13enero_19enero_25,2025-01-13,facebook,1,/home/emilio/Documentos/RAdAR_worktrees/restructuracion_arquitectonica/data/raw/radar_weekly_flat/2025-01-13_semana_13enero_19enero_25/2025-01-13_semana_13enero_19enero_25_facebook.csv,/home/emilio/Documentos/RAdAR_worktrees/restructuracion_arquitectonica/data/text/radar_weekly_flat/facebook_semana_texto/2025-01-13_facebook.txt,ok,40,32,False,,output_md5=910360572a026e2845dfc9884cbb11a3 size=17889
2026-05-04T15:10:38.473707+00:00,/home/emilio/Documentos/RAdAR_worktrees/restructuracion_arquitectonica/data/raw/radar_weekly_flat/2025-01-13_semana_13enero_19enero_25,2025-01-13,twitter,1,/home/emilio/Documentos/RAdAR_worktrees/restructuracion_arquitectonica/data/raw/radar_weekly_flat/2025-01-13_semana_13enero_19enero_25/2025-01-13_semana_13enero_19enero_25_twitter.csv,/home/emilio/Documentos/RAdAR_worktrees/restructuracion_arquitectonica/data/text/radar_weekly_flat/twitter_semana_texto/2025-01-13_twitter.txt,ok,318,313,False,,output_md5=69a0998c56308a66762a96b4f002f9a8 size=69042
2026-05-04T15:10:38.473707+00:00,/home/emilio/Documentos/RAdAR_worktrees/restructuracion_arquitectonica/data/raw/radar_weekly_flat/2025-01-13_semana_13enero_19enero_25,2025-01-13,youtube,1,/home/emilio/Documentos/RAdAR_worktrees/restructuracion_arquitectonica/data/raw/radar_weekly_flat/2025-01-13_semana_13enero_19enero_25/2025-01-13_semana_13enero_19enero_25_youtube.csv,/home/emilio/Documentos/RAdAR_worktrees/restructuracion_arquitectonica/data/text/radar_weekly_flat/youtube_semana_texto/2025-01-13_youtube.txt,ok,277,130,False,,output_md5=91370bcbdc604e525465c658814214eb size=14356
2026-05-04T15:10:38.473707+00:00,/home/emilio/Documentos/RAdAR_worktrees/restructuracion_arquitectonica/data/raw/radar_weekly_flat/2025-01-13_semana_13enero_19enero_25,2025-01-13,medios,1,/home/emilio/Documentos/RAdAR_worktrees/restructuracion_arquitectonica/data/raw/radar_weekly_flat/2025-01-13_semana_13enero_19enero_25/2025-01-13_semana_13enero_19enero_25_medios.txt,/home/emilio/Documentos/RAdAR_worktrees/restructuracion_arquitectonica/data/text/radar_weekly_flat/medios_semana_texto/2025-01-13_medios.txt,ok,,,False,,output_md5=b127bf86c8bf16f322e40f2ab2871c12 size=212320
2026-05-04T15:10:38.473707+00:00,/home/emilio/Documentos/RAdAR_worktrees/restructuracion_arquitectonica/data/raw/radar_weekly_flat/2025-01-20_semana_20enero_26enero_25,2025-01-20,facebook,1,/home/emilio/Documentos/RAdAR_worktrees/restructuracion_arquitectonica/data/raw/radar_weekly_flat/2025-01-20_semana_20enero_26enero_25/2025-01-20_semana_20enero_26enero_25_facebook.csv,/home/emilio/Documentos/RAdAR_worktrees/restructuracion_arquitectonica/data/text/radar_weekly_flat/facebook_semana_texto/2025-01-20_facebook.txt,ok,50,36,False,,output_md5=acd5d5f3738d7cde33dacb09f0981b53 size=20064
2026-05-04T15:10:38.473707+00:00,/home/emilio/Documentos/RAdAR_worktrees/restructuracion_arquitectonica/data/raw/radar_weekly_flat/2025-01-20_semana_20enero_26enero_25,2025-01-20,twitter,1,/home/emilio/Documentos/RAdAR_worktrees/restructuracion_arquitectonica/data/raw/radar_weekly_flat/2025-01-20_semana_20enero_26enero_25/2025-01-20_semana_20enero_26enero_25_twitter.csv,/home/emilio/Documentos/RAdAR_worktrees/restructuracion_arquitectonica/data/text/radar_weekly_flat/twitter_semana_texto/2025-01-20_twitter.txt,ok,195,192,False,,output_md5=fabfcdc56d886c195fc6efed9fe1ee07 size=36181
2026-05-04T15:10:38.473707+00:00,/home/emilio/Documentos/RAdAR_worktrees/restructuracion_arquitectonica/data/raw/radar_weekly_flat/2025-01-20_semana_20enero_26enero_25,2025-01-20,youtube,1,/home/emilio/Documentos/RAdAR_worktrees/restructuracion_arquitectonica/data/raw/radar_weekly_flat/2025-01-20_semana_20enero_26enero_25/2025-01-20_semana_20enero_26enero_25_youtube.csv,/home/emilio/Documentos/RAdAR_worktrees/restructuracion_arquitectonica/data/text/radar_weekly_flat/youtube_semana_texto/2025-01-20_youtube.txt,ok,714,334,False,,output_md5=d8bcf98dac220e13cb9ff7704aec4642 size=25575
2026-05-04T15:10:38.473707+00:00,/home/emilio/Documentos/RAdAR_worktrees/restructuracion_arquitectonica/data/raw/radar_weekly_flat/2025-01-20_semana_20enero_26enero_25,2025-01-20,medios,1,/home/emilio/Documentos/RAdAR_worktrees/restructuracion_arquitectonica/data/raw/radar_weekly_flat/2025-01-20_semana_20enero_26enero_25/2025-01-20_semana_20enero_26enero_25_medios.txt,/home/emilio/Documentos/RAdAR_worktrees/restructuracion_arquitectonica/data/text/radar_weekly_flat/medios_semana_texto/2025-01-20_medios.txt,ok,,,False,,output_md5=60fcbf653fbcf5d219efbb8f3f68c6fb size=225694
2026-05-04T15:10:38.473707+00:00,/home/emilio/Documentos/RAdAR_worktrees/restructuracion_arquitectonica/data/raw/radar_weekly_flat/2025-01-27_semana_27enero_02febrero_25,2025-01-27,facebook,1,/home/emilio/Documentos/RAdAR_worktrees/restructuracion_arquitectonica/data/raw/radar_weekly_flat/2025-01-27_semana_27enero_02febrero_25/2025-01-27_semana_27enero_02febrero_25_facebook.csv,/home/emilio/Documentos/RAdAR_worktrees/restructuracion_arquitectonica/data/text/radar_weekly_flat/facebook_semana_texto/2025-01-27_facebook.txt,ok,37,27,False,,output_md5=0be2687b94fb4b91244bf6dfcb079342 size=11143
2026-05-04T15:10:38.473707+00:00,/home/emilio/Documentos/RAdAR_worktrees/restructuracion_arquitectonica/data/raw/radar_weekly_flat/2025-01-27_semana_27enero_02febrero_25,2025-01-27,twitter,1,/home/emilio/Documentos/RAdAR_worktrees/restructuracion_arquitectonica/data/raw/radar_weekly_flat/2025-01-27_semana_27enero_02febrero_25/2025-01-27_semana_27enero_02febrero_25_twitter.csv,/home/emilio/Documentos/RAdAR_worktrees/restructuracion_arquitectonica/data/text/radar_weekly_flat/twitter_semana_texto/2025-01-27_twitter.txt,ok,255,253,False,,output_md5=a99cddbb5f731efea7af40b870b6b492 size=54944
2026-05-04T15:10:38.473707+00:00,/home/emilio/Documentos/RAdAR_worktrees/restructuracion_arquitectonica/data/raw/radar_weekly_flat/2025-01-27_semana_27enero_02febrero_25,2025-01-27,youtube,1,/home/emilio/Documentos/RAdAR_worktrees/restructuracion_arquitectonica/data/raw/radar_weekly_flat/2025-01-27_semana_27enero_02febrero_25/2025-01-27_semana_27enero_02febrero_25_youtube.csv,/home/emilio/Documentos/RAdAR_worktrees/restructuracion_arquitectonica/data/text/radar_weekly_flat/youtube_semana_texto/2025-01-27_youtube.txt,ok,448,212,False,,output_md5=25933312268ef0741d711a8cf6fffc85 size=22866
2026-05-04T15:10:38.473707+00:00,/home/emilio/Documentos/RAdAR_worktrees/restructuracion_arquitectonica/data/raw/radar_weekly_flat/2025-01-27_semana_27enero_02febrero_25,2025-01-27,medios,1,/home/emilio/Documentos/RAdAR_worktrees/restructuracion_arquitectonica/data/raw/radar_weekly_flat/2025-01-27_semana_27enero_02febrero_25/2025-01-27_semana_27enero_02febrero_25_medios.txt,/home/emilio/Documentos/RAdAR_worktrees/restructuracion_arquitectonica/data/text/radar_weekly_flat/medios_semana_texto/2025-01-27_medios.txt,ok,,,False,,output_md5=5da2340d8b23fbac28996f01d7f48c15 size=256685
2026-05-04T15:10:38.473707+00:00,/home/emilio/Documentos/RAdAR_worktrees/restructuracion_arquitectonica/data/raw/radar_weekly_flat/2025-02-03_semana_03febrero_09febrero_25,2025-02-03,facebook,1,/home/emilio/Documentos/RAdAR_worktrees/restructuracion_arquitectonica/data/raw/radar_weekly_flat/2025-02-03_semana_03febrero_09febrero_25/2025-02-03_semana_03febrero_09febrero_25_facebook.csv,/home/emilio/Documentos/RAdAR_worktrees/restructuracion_arquitectonica/data/text/radar_weekly_flat/facebook_semana_texto/2025-02-03_facebook.txt,ok,51,38,False,,output_md5=4d5e1fcad6469110c07fe8be45b745e7 size=21989
2026-05-04T15:10:38.473707+00:00,/home/emilio/Documentos/RAdAR_worktrees/restructuracion_arquitectonica/data/raw/radar_weekly_flat/2025-02-03_semana_03febrero_09febrero_25,2025-02-03,twitter,1,/home/emilio/Documentos/RAdAR_worktrees/restructuracion_arquitectonica/data/raw/radar_weekly_flat/2025-02-03_semana_03febrero_09febrero_25/2025-02-03_semana_03febrero_09febrero_25_twitter.csv,/home/emilio/Documentos/RAdAR_worktrees/restructuracion_arquitectonica/data/text/radar_weekly_flat/twitter_semana_texto/2025-02-03_twitter.txt,ok,166,160,False,,output_md5=81bb0f0c9f59db5ef4ce62f861ecf4c5 size=32019
2026-05-04T15:10:38.473707+00:00,/home/emilio/Documentos/RAdAR_worktrees/restructuracion_arquitectonica/data/raw/radar_weekly_flat/2025-02-03_semana_03febrero_09febrero_25,2025-02-03,youtube,1,/home/emilio/Documentos/RAdAR_worktrees/restructuracion_arquitectonica/data/raw/radar_weekly_flat/2025-02-03_semana_03febrero_09febrero_25/2025-02-03_semana_03febrero_09febrero_25_youtube.csv,/home/emilio/Documentos/RAdAR_worktrees/restructuracion_arquitectonica/data/text/radar_weekly_flat/youtube_semana_texto/2025-02-03_youtube.txt,ok,139,61,False,,output_md5=7803ead99b09362764c4503efeccbdf8 size=9928
2026-05-04T15:10:38.473707+00:00,/home/emilio/Documentos/RAdAR_worktrees/restructuracion_arquitectonica/data/raw/radar_weekly_flat/2025-02-03_semana_03febrero_09febrero_25,2025-02-03,medios,1,/home/emilio/Documentos/RAdAR_worktrees/restructuracion_arquitectonica/data/raw/radar_weekly_flat/2025-02-03_semana_03febrero_09febrero_25/2025-02-03_semana_03febrero_09febrero_25_medios.txt,/home/emilio/Documentos/RAdAR_worktrees/restructuracion_arquitectonica/data/text/radar_weekly_flat/medios_semana_texto/2025-02-03_medios.txt,ok,,,False,,output_md5=bc39af2f77ad6af229b2930e396ac3a1 size=155089
2026-05-04T15:10:38.473707+00:00,/home/emilio/Documentos/RAdAR_worktrees/restructuracion_arquitectonica/data/raw/radar_weekly_flat/2025-02-10_semana_10febrero_16febrero_25,2025-02-10,facebook,1,/home/emilio/Documentos/RAdAR_worktrees/restructuracion_arquitectonica/data/raw/radar_weekly_flat/2025-02-10_semana_10febrero_16febrero_25/2025-02-10_semana_10febrero_16febrero_25_facebook.csv,/home/emilio/Documentos/RAdAR_worktrees/restructuracion_arquitectonica/data/text/radar_weekly_flat/facebook_semana_texto/2025-02-10_facebook.txt,ok,46,34,False,,output_md5=801816d267cc43bd97b15966cb555ed7 size=17463
2026-05-04T15:10:38.473707+00:00,/home/emilio/Documentos/RAdAR_worktrees/restructuracion_arquitectonica/data/raw/radar_weekly_flat/2025-02-10_semana_10febrero_16febrero_25,2025-02-10,twitter,1,/home/emilio/Documentos/RAdAR_worktrees/restructuracion_arquitectonica/data/raw/radar_weekly_flat/2025-02-10_semana_10febrero_16febrero_25/2025-02-10_semana_10febrero_16febrero_25_twitter.csv,/home/emilio/Documentos/RAdAR_worktrees/restructuracion_arquitectonica/data/text/radar_weekly_flat/twitter_semana_texto/2025-02-10_twitter.txt,ok,212,207,False,,output_md5=4f8b3f8d11a436eb09a3d24ddc10ab19 size=46637
2026-05-04T15:10:38.473707+00:00,/home/emilio/Documentos/RAdAR_worktrees/restructuracion_arquitectonica/data/raw/radar_weekly_flat/2025-02-10_semana_10febrero_16febrero_25,2025-02-10,youtube,1,/home/emilio/Documentos/RAdAR_worktrees/restructuracion_arquitectonica/data/raw/radar_weekly_flat/2025-02-10_semana_10febrero_16febrero_25/2025-02-10_semana_10febrero_16febrero_25_youtube.csv,/home/emilio/Documentos/RAdAR_worktrees/restructuracion_arquitectonica/data/text/radar_weekly_flat/youtube_semana_texto/2025-02-10_youtube.txt,ok,2005,992,False,,output_md5=7c619492a8cab38784dcea45c1ea593e size=113593
2026-05-04T15:10:38.473707+00:00,/home/emilio/Documentos/RAdAR_worktrees/restructuracion_arquitectonica/data/raw/radar_weekly_flat/2025-02-10_semana_10febrero_16febrero_25,2025-02-10,medios,1,/home/emilio/Documentos/RAdAR_worktrees/restructuracion_arquitectonica/data/raw/radar_weekly_flat/2025-02-10_semana_10febrero_16febrero_25/2025-02-10_semana_10febrero_16febrero_25_medios.txt,/home/emilio/Documentos/RAdAR_worktrees/restructuracion_arquitectonica/data/text/radar_weekly_flat/medios_semana_texto/2025-02-10_medios.txt,ok,,,False,,output_md5=5d3ef32fd875802f919bb410a06f15b0 size=245754
2026-05-04T15:10:38.473707+00:00,/home/emilio/Documentos/RAdAR_worktrees/restructuracion_arquitectonica/data/raw/radar_weekly_flat/2025-02-17_semana_17febrero_23febrero_25,2025-02-17,facebook,1,/home/emilio/Documentos/RAdAR_worktrees/restructuracion_arquitectonica/data/raw/radar_weekly_flat/2025-02-17_semana_17febrero_23febrero_25/2025-02-17_semana_17febrero_23febrero_25_facebook.csv,/home/emilio/Documentos/RAdAR_worktrees/restructuracion_arquitectonica/data/text/radar_weekly_flat/facebook_semana_texto/2025-02-17_facebook.txt,ok,47,35,False,,output_md5=d35d1d35a284c6c4608bfd81c078e410 size=21085
2026-05-04T15:10:38.473707+00:00,/home/emilio/Documentos/RAdAR_worktrees/restructuracion_arquitectonica/data/raw/radar_weekly_flat/2025-02-17_semana_17febrero_23febrero_25,2025-02-17,twitter,1,/home/emilio/Documentos/RAdAR_worktrees/restructuracion_arquitectonica/data/raw/radar_weekly_flat/2025-02-17_semana_17febrero_23febrero_25/2025-02-17_semana_17febrero_23febrero_25_twitter.csv,/home/emilio/Documentos/RAdAR_worktrees/restructuracion_arquitectonica/data/text/radar_weekly_flat/twitter_semana_texto/2025-02-17_twitter.txt,ok,238,235,False,,output_md5=81b0861c5b0b0f0cb603385cfe6763d2 size=44154
2026-05-04T15:10:38.473707+00:00,/home/emilio/Documentos/RAdAR_worktrees/restructuracion_arquitectonica/data/raw/radar_weekly_flat/2025-02-17_semana_17febrero_23febrero_25,2025-02-17,youtube,1,/home/emilio/Documentos/RAdAR_worktrees/restructuracion_arquitectonica/data/raw/radar_weekly_flat/2025-02-17_semana_17febrero_23febrero_25/2025-02-17_semana_17febrero_23febrero_25_youtube.csv,/home/emilio/Documentos/RAdAR_worktrees/restructuracion_arquitectonica/data/text/radar_weekly_flat/youtube_semana_texto/2025-02-17_youtube.txt,ok,828,414,False,,output_md5=61366ebc641a695fbc4df600ee5d145c size=41910
2026-05-04T15:10:38.473707+00:00,/home/emilio/Documentos/RAdAR_worktrees/restructuracion_arquitectonica/data/raw/radar_weekly_flat/2025-02-17_semana_17febrero_23febrero_25,2025-02-17,medios,1,/home/emilio/Documentos/RAdAR_worktrees/restructuracion_arquitectonica/data/raw/radar_weekly_flat/2025-02-17_semana_17febrero_23febrero_25/2025-02-17_semana_17febrero_23febrero_25_medios.txt,/home/emilio/Documentos/RAdAR_worktrees/restructuracion_arquitectonica/data/text/radar_weekly_flat/medios_semana_texto/2025-02-17_medios.txt,ok,,,False,,output_md5=5b188ac98f9c3ff1cf0ee41a4d7318bd size=253492
2026-05-04T15:10:38.473707+00:00,/home/emilio/Documentos/RAdAR_worktrees/restructuracion_arquitectonica/data/raw/radar_weekly_flat/2025-02-24_semana_24febrero_02marzo_25,2025-02-24,facebook,1,/home/emilio/Documentos/RAdAR_worktrees/restructuracion_arquitectonica/data/raw/radar_weekly_flat/2025-02-24_semana_24febrero_02marzo_25/2025-02-24_semana_24febrero_02marzo_25_facebook.csv,/home/emilio/Documentos/RAdAR_worktrees/restructuracion_arquitectonica/data/text/radar_weekly_flat/facebook_semana_texto/2025-02-24_facebook.txt,ok,30,23,False,,output_md5=83f6dbbb465367b357257eb84811c5cc size=11221
2026-05-04T15:10:38.473707+00:00,/home/emilio/Documentos/RAdAR_worktrees/restructuracion_arquitectonica/data/raw/radar_weekly_flat/2025-02-24_semana_24febrero_02marzo_25,2025-02-24,twitter,1,/home/emilio/Documentos/RAdAR_worktrees/restructuracion_arquitectonica/data/raw/radar_weekly_flat/2025-02-24_semana_24febrero_02marzo_25/2025-02-24_semana_24febrero_02marzo_25_twitter.csv,/home/emilio/Documentos/RAdAR_worktrees/restructuracion_arquitectonica/data/text/radar_weekly_flat/twitter_semana_texto/2025-02-24_twitter.txt,ok,28,27,False,,output_md5=aa8bccca77ebdf345acf9184f780909b size=4257
2026-05-04T15:10:38.473707+00:00,/home/emilio/Documentos/RAdAR_worktrees/restructuracion_arquitectonica/data/raw/radar_weekly_flat/2025-02-24_semana_24febrero_02marzo_25,2025-02-24,youtube,1,/home/emilio/Documentos/RAdAR_worktrees/restructuracion_arquitectonica/data/raw/radar_weekly_flat/2025-02-24_semana_24febrero_02marzo_25/2025-02-24_semana_24febrero_02marzo_25_youtube.csv,/home/emilio/Documentos/RAdAR_worktrees/restructuracion_arquitectonica/data/text/radar_weekly_flat/youtube_semana_texto/2025-02-24_youtube.txt,ok,618,301,False,,output_md5=c2111e2ab15cb20e7be70b5184a44529 size=37609
2026-05-04T15:10:38.473707+00:00,/home/emilio/Documentos/RAdAR_worktrees/restructuracion_arquitectonica/data/raw/radar_weekly_flat/2025-02-24_semana_24febrero_02marzo_25,2025-02-24,medios,1,/home/emilio/Documentos/RAdAR_worktrees/restructuracion_arquitectonica/data/raw/radar_weekly_flat/2025-02-24_semana_24febrero_02marzo_25/2025-02-24_semana_24febrero_02marzo_25_medios.txt,/home/emilio/Documentos/RAdAR_worktrees/restructuracion_arquitectonica/data/text/radar_weekly_flat/medios_semana_texto/2025-02-24_medios.txt,ok,,,False,,output_md5=4399f9fa3c2999bbd39b6767ecce7723 size=238547
2026-05-04T15:10:38.473707+00:00,/home/emilio/Documentos/RAdAR_worktrees/restructuracion_arquitectonica/data/raw/radar_weekly_flat/2025-03-03_semana_03marzo_09marzo_25,2025-03-03,facebook,1,/home/emilio/Documentos/RAdAR_worktrees/restructuracion_arquitectonica/data/raw/radar_weekly_flat/2025-03-03_semana_03marzo_09marzo_25/2025-03-03_semana_03marzo_09marzo_25_facebook.csv,/home/emilio/Documentos/RAdAR_worktrees/restructuracion_arquitectonica/data/text/radar_weekly_flat/facebook_semana_texto/2025-03-03_facebook.txt,ok,70,65,False,,output_md5=e887b060b7f530b7c99be83a98e4de14 size=5475
2026-05-04T15:10:38.473707+00:00,/home/emilio/Documentos/RAdAR_worktrees/restructuracion_arquitectonica/data/raw/radar_weekly_flat/2025-03-03_semana_03marzo_09marzo_25,2025-03-03,twitter,1,/home/emilio/Documentos/RAdAR_worktrees/restructuracion_arquitectonica/data/raw/radar_weekly_flat/2025-03-03_semana_03marzo_09marzo_25/2025-03-03_semana_03marzo_09marzo_25_twitter.csv,/home/emilio/Documentos/RAdAR_worktrees/restructuracion_arquitectonica/data/text/radar_weekly_flat/twitter_semana_texto/2025-03-03_twitter.txt,ok,342,334,False,,output_md5=91a36e0369dce0fbe3a59eb2d6683b54 size=74819
2026-05-04T15:10:38.473707+00:00,/home/emilio/Documentos/RAdAR_worktrees/restructuracion_arquitectonica/data/raw/radar_weekly_flat/2025-03-03_semana_03marzo_09marzo_25,2025-03-03,youtube,1,/home/emilio/Documentos/RAdAR_worktrees/restructuracion_arquitectonica/data/raw/radar_weekly_flat/2025-03-03_semana_03marzo_09marzo_25/2025-03-03_semana_03marzo_09marzo_25_youtube.csv,/home/emilio/Documentos/RAdAR_worktrees/restructuracion_arquitectonica/data/text/radar_weekly_flat/youtube_semana_texto/2025-03-03_youtube.txt,ok,269,133,False,,output_md5=10b04a2a34a125759f57510bb03de152 size=9299
2026-05-04T15:10:38.473707+00:00,/home/emilio/Documentos/RAdAR_worktrees/restructuracion_arquitectonica/data/raw/radar_weekly_flat/2025-03-03_semana_03marzo_09marzo_25,2025-03-03,medios,1,/home/emilio/Documentos/RAdAR_worktrees/restructuracion_arquitectonica/data/raw/radar_weekly_flat/2025-03-03_semana_03marzo_09marzo_25/2025-03-03_semana_03marzo_09marzo_25_medios.txt,/home/emilio/Documentos/RAdAR_worktrees/restructuracion_arquitectonica/data/text/radar_weekly_flat/medios_semana_texto/2025-03-03_medios.txt,ok,,,False,,output_md5=8d3364c58493217dcbfae24eafc98553 size=191836
2026-05-04T15:10:38.473707+00:00,/home/emilio/Documentos/RAdAR_worktrees/restructuracion_arquitectonica/data/raw/radar_weekly_flat/2025-03-10_semana_10marzo_16marzo_25,2025-03-10,facebook,1,/home/emilio/Documentos/RAdAR_worktrees/restructuracion_arquitectonica/data/raw/radar_weekly_flat/2025-03-10_semana_10marzo_16marzo_25/2025-03-10_semana_10marzo_16marzo_25_facebook.csv,/home/emilio/Documentos/RAdAR_worktrees/restructuracion_arquitectonica/data/text/radar_weekly_flat/facebook_semana_texto/2025-03-10_facebook.txt,ok,52,52,False,,output_md5=90ec6137da60c79a06d39ff1bce14b3c size=2366
2026-05-04T15:10:38.473707+00:00,/home/emilio/Documentos/RAdAR_worktrees/restructuracion_arquitectonica/data/raw/radar_weekly_flat/2025-03-10_semana_10marzo_16marzo_25,2025-03-10,twitter,1,/home/emilio/Documentos/RAdAR_worktrees/restructuracion_arquitectonica/data/raw/radar_weekly_flat/2025-03-10_semana_10marzo_16marzo_25/2025-03-10_semana_10marzo_16marzo_25_twitter.csv,/home/emilio/Documentos/RAdAR_worktrees/restructuracion_arquitectonica/data/text/radar_weekly_flat/twitter_semana_texto/2025-03-10_twitter.txt,ok,139,139,False,,output_md5=2cb87b447afabeab007cf009330a493d size=31540
2026-05-04T15:10:38.473707+00:00,/home/emilio/Documentos/RAdAR_worktrees/restructuracion_arquitectonica/data/raw/radar_weekly_flat/2025-03-10_semana_10marzo_16marzo_25,2025-03-10,youtube,1,/home/emilio/Documentos/RAdAR_worktrees/restructuracion_arquitectonica/data/raw/radar_weekly_flat/2025-03-10_semana_10marzo_16marzo_25/2025-03-10_semana_10marzo_16marzo_25_youtube.csv,/home/emilio/Documentos/RAdAR_worktrees/restructuracion_arquitectonica/data/text/radar_weekly_flat/youtube_semana_texto/2025-03-10_youtube.txt,ok,347,163,False,,output_md5=7a4e93d296c84cf26cbcfd2cfe6bd9ec size=14580
2026-05-04T15:10:38.473707+00:00,/home/emilio/Documentos/RAdAR_worktrees/restructuracion_arquitectonica/data/raw/radar_weekly_flat/2025-03-10_semana_10marzo_16marzo_25,2025-03-10,medios,1,/home/emilio/Documentos/RAdAR_worktrees/restructuracion_arquitectonica/data/raw/radar_weekly_flat/2025-03-10_semana_10marzo_16marzo_25/2025-03-10_semana_10marzo_16marzo_25_medios.txt,/home/emilio/Documentos/RAdAR_worktrees/restructuracion_arquitectonica/data/text/radar_weekly_flat/medios_semana_texto/2025-03-10_medios.txt,ok,,,False,,output_md5=dd2ca9bf61903d5c0238c1caa89f1bd0 size=230023
2026-05-04T15:10:38.473707+00:00,/home/emilio/Documentos/RAdAR_worktrees/restructuracion_arquitectonica/data/raw/radar_weekly_flat/2025-03-17_semana_17marzo_23marzo_25,2025-03-17,facebook,1,/home/emilio/Documentos/RAdAR_worktrees/restructuracion_arquitectonica/data/raw/radar_weekly_flat/2025-03-17_semana_17marzo_23marzo_25/2025-03-17_semana_17marzo_23marzo_25_facebook.csv,/home/emilio/Documentos/RAdAR_worktrees/restructuracion_arquitectonica/data/text/radar_weekly_flat/facebook_semana_texto/2025-03-17_facebook.txt,ok,34,33,False,,output_md5=e59aac8da2aa44f3ee7db025e7a00d62 size=2244
2026-05-04T15:10:38.473707+00:00,/home/emilio/Documentos/RAdAR_worktrees/restructuracion_arquitectonica/data/raw/radar_weekly_flat/2025-03-17_semana_17marzo_23marzo_25,2025-03-17,twitter,1,/home/emilio/Documentos/RAdAR_worktrees/restructuracion_arquitectonica/data/raw/radar_weekly_flat/2025-03-17_semana_17marzo_23marzo_25/2025-03-17_semana_17marzo_23marzo_25_twitter.csv,/home/emilio/Documentos/RAdAR_worktrees/restructuracion_arquitectonica/data/text/radar_weekly_flat/twitter_semana_texto/2025-03-17_twitter.txt,ok,24,23,False,,output_md5=ae9a18821e1c7c07d097229c7df0615a size=2730
2026-05-04T15:10:38.473707+00:00,/home/emilio/Documentos/RAdAR_worktrees/restructuracion_arquitectonica/data/raw/radar_weekly_flat/2025-03-17_semana_17marzo_23marzo_25,2025-03-17,youtube,1,/home/emilio/Documentos/RAdAR_worktrees/restructuracion_arquitectonica/data/raw/radar_weekly_flat/2025-03-17_semana_17marzo_23marzo_25/2025-03-17_semana_17marzo_23marzo_25_youtube.csv,/home/emilio/Documentos/RAdAR_worktrees/restructuracion_arquitectonica/data/text/radar_weekly_flat/youtube_semana_texto/2025-03-17_youtube.txt,ok,1188,588,False,,output_md5=dd19e170d0a9370032a56fe582a3b787 size=62221
2026-05-04T15:10:38.473707+00:00,/home/emilio/Documentos/RAdAR_worktrees/restructuracion_arquitectonica/data/raw/radar_weekly_flat/2025-03-17_semana_17marzo_23marzo_25,2025-03-17,medios,1,/home/emilio/Documentos/RAdAR_worktrees/restructuracion_arquitectonica/data/raw/radar_weekly_flat/2025-03-17_semana_17marzo_23marzo_25/2025-03-17_semana_17marzo_23marzo_25_medios.txt,/home/emilio/Documentos/RAdAR_worktrees/restructuracion_arquitectonica/data/text/radar_weekly_flat/medios_semana_texto/2025-03-17_medios.txt,ok,,,False,,output_md5=d132d0e569a29333e1b87e6b278616f8 size=94571
2026-05-04T15:10:38.473707+00:00,/home/emilio/Documentos/RAdAR_worktrees/restructuracion_arquitectonica/data/raw/radar_weekly_flat/2025-03-24_semana_24marzo_30marzo_25,2025-03-24,facebook,1,/home/emilio/Documentos/RAdAR_worktrees/restructuracion_arquitectonica/data/raw/radar_weekly_flat/2025-03-24_semana_24marzo_30marzo_25/2025-03-24_semana_24marzo_30marzo_25_facebook.csv,/home/emilio/Documentos/RAdAR_worktrees/restructuracion_arquitectonica/data/text/radar_weekly_flat/facebook_semana_texto/2025-03-24_facebook.txt,ok,3,3,False,,output_md5=8e1f9d5818b5371b790484909ceb0f04 size=808
2026-05-04T15:10:38.473707+00:00,/home/emilio/Documentos/RAdAR_worktrees/restructuracion_arquitectonica/data/raw/radar_weekly_flat/2025-03-24_semana_24marzo_30marzo_25,2025-03-24,twitter,1,/home/emilio/Documentos/RAdAR_worktrees/restructuracion_arquitectonica/data/raw/radar_weekly_flat/2025-03-24_semana_24marzo_30marzo_25/2025-03-24_semana_24marzo_30marzo_25_twitter.csv,/home/emilio/Documentos/RAdAR_worktrees/restructuracion_arquitectonica/data/text/radar_weekly_flat/twitter_semana_texto/2025-03-24_twitter.txt,ok,278,275,False,,output_md5=db11712fbc72a25f1d73387a40cd4b92 size=60806
2026-05-04T15:10:38.473707+00:00,/home/emilio/Documentos/RAdAR_worktrees/restructuracion_arquitectonica/data/raw/radar_weekly_flat/2025-03-24_semana_24marzo_30marzo_25,2025-03-24,youtube,1,/home/emilio/Documentos/RAdAR_worktrees/restructuracion_arquitectonica/data/raw/radar_weekly_flat/2025-03-24_semana_24marzo_30marzo_25/2025-03-24_semana_24marzo_30marzo_25_youtube.csv,/home/emilio/Documentos/RAdAR_worktrees/restructuracion_arquitectonica/data/text/radar_weekly_flat/youtube_semana_texto/2025-03-24_youtube.txt,ok,281,149,False,,output_md5=6d95fc1e98b2ff55153a6f46ff5d4cf7 size=13262
2026-05-04T15:10:38.473707+00:00,/home/emilio/Documentos/RAdAR_worktrees/restructuracion_arquitectonica/data/raw/radar_weekly_flat/2025-03-24_semana_24marzo_30marzo_25,2025-03-24,medios,1,/home/emilio/Documentos/RAdAR_worktrees/restructuracion_arquitectonica/data/raw/radar_weekly_flat/2025-03-24_semana_24marzo_30marzo_25/2025-03-24_semana_24marzo_30marzo_25_medios.txt,/home/emilio/Documentos/RAdAR_worktrees/restructuracion_arquitectonica/data/text/radar_weekly_flat/medios_semana_texto/2025-03-24_medios.txt,ok,,,False,,output_md5=104533d23dbb193e551a87be8aa3d585 size=246264
2026-05-04T15:10:38.473707+00:00,/home/emilio/Documentos/RAdAR_worktrees/restructuracion_arquitectonica/data/raw/radar_weekly_flat/2025-03-31_semana_31marzo_06abril_25,2025-03-31,facebook,1,/home/emilio/Documentos/RAdAR_worktrees/restructuracion_arquitectonica/data/raw/radar_weekly_flat/2025-03-31_semana_31marzo_06abril_25/2025-03-31_semana_31marzo_06abril_25_facebook.csv,/home/emilio/Documentos/RAdAR_worktrees/restructuracion_arquitectonica/data/text/radar_weekly_flat/facebook_semana_texto/2025-03-31_facebook.txt,ok,47,37,False,,output_md5=5a5bf0033e48458dc77b13e7249e3a80 size=10142
2026-05-04T15:10:38.473707+00:00,/home/emilio/Documentos/RAdAR_worktrees/restructuracion_arquitectonica/data/raw/radar_weekly_flat/2025-03-31_semana_31marzo_06abril_25,2025-03-31,twitter,1,/home/emilio/Documentos/RAdAR_worktrees/restructuracion_arquitectonica/data/raw/radar_weekly_flat/2025-03-31_semana_31marzo_06abril_25/2025-03-31_semana_31marzo_06abril_25_twitter.csv,/home/emilio/Documentos/RAdAR_worktrees/restructuracion_arquitectonica/data/text/radar_weekly_flat/twitter_semana_texto/2025-03-31_twitter.txt,ok,161,160,False,,output_md5=597073d0bb3ea69c8fa9b7e4c7b0a396 size=31658
2026-05-04T15:10:38.473707+00:00,/home/emilio/Documentos/RAdAR_worktrees/restructuracion_arquitectonica/data/raw/radar_weekly_flat/2025-03-31_semana_31marzo_06abril_25,2025-03-31,youtube,1,/home/emilio/Documentos/RAdAR_worktrees/restructuracion_arquitectonica/data/raw/radar_weekly_flat/2025-03-31_semana_31marzo_06abril_25/2025-03-31_semana_31marzo_06abril_25_youtube.csv,/home/emilio/Documentos/RAdAR_worktrees/restructuracion_arquitectonica/data/text/radar_weekly_flat/youtube_semana_texto/2025-03-31_youtube.txt,ok,297,154,False,,output_md5=c4e36ee4fbc20e8a416e64973e8b4f57 size=15830
2026-05-04T15:10:38.473707+00:00,/home/emilio/Documentos/RAdAR_worktrees/restructuracion_arquitectonica/data/raw/radar_weekly_flat/2025-03-31_semana_31marzo_06abril_25,2025-03-31,medios,1,/home/emilio/Documentos/RAdAR_worktrees/restructuracion_arquitectonica/data/raw/radar_weekly_flat/2025-03-31_semana_31marzo_06abril_25/2025-03-31_semana_31marzo_06abril_25_medios.txt,/home/emilio/Documentos/RAdAR_worktrees/restructuracion_arquitectonica/data/text/radar_weekly_flat/medios_semana_texto/2025-03-31_medios.txt,ok,,,False,,output_md5=67d9c1f2d6709154fbf4d600b1693ddf size=247772
2026-05-04T15:10:38.473707+00:00,/home/emilio/Documentos/RAdAR_worktrees/restructuracion_arquitectonica/data/raw/radar_weekly_flat/2025-04-07_semana_07abril_13abril_25,2025-04-07,facebook,1,/home/emilio/Documentos/RAdAR_worktrees/restructuracion_arquitectonica/data/raw/radar_weekly_flat/2025-04-07_semana_07abril_13abril_25/2025-04-07_semana_07abril_13abril_25_facebook.csv,/home/emilio/Documentos/RAdAR_worktrees/restructuracion_arquitectonica/data/text/radar_weekly_flat/facebook_semana_texto/2025-04-07_facebook.txt,ok,46,32,False,,output_md5=1cf25a0c23b483ffabd741aacc9a823a size=6750
2026-05-04T15:10:38.473707+00:00,/home/emilio/Documentos/RAdAR_worktrees/restructuracion_arquitectonica/data/raw/radar_weekly_flat/2025-04-07_semana_07abril_13abril_25,2025-04-07,twitter,1,/home/emilio/Documentos/RAdAR_worktrees/restructuracion_arquitectonica/data/raw/radar_weekly_flat/2025-04-07_semana_07abril_13abril_25/2025-04-07_semana_07abril_13abril_25_twitter.csv,/home/emilio/Documentos/RAdAR_worktrees/restructuracion_arquitectonica/data/text/radar_weekly_flat/twitter_semana_texto/2025-04-07_twitter.txt,ok,389,386,False,,output_md5=9422d5f82ee6eca3f5c196076168933c size=83687
2026-05-04T15:10:38.473707+00:00,/home/emilio/Documentos/RAdAR_worktrees/restructuracion_arquitectonica/data/raw/radar_weekly_flat/2025-04-07_semana_07abril_13abril_25,2025-04-07,youtube,1,/home/emilio/Documentos/RAdAR_worktrees/restructuracion_arquitectonica/data/raw/radar_weekly_flat/2025-04-07_semana_07abril_13abril_25/2025-04-07_semana_07abril_13abril_25_youtube.csv,/home/emilio/Documentos/RAdAR_worktrees/restructuracion_arquitectonica/data/text/radar_weekly_flat/youtube_semana_texto/2025-04-07_youtube.txt,ok,3297,2600,False,,output_md5=7d9c3988c5d423471712960a0b10666f size=86300
2026-05-04T15:10:38.473707+00:00,/home/emilio/Documentos/RAdAR_worktrees/restructuracion_arquitectonica/data/raw/radar_weekly_flat/2025-04-07_semana_07abril_13abril_25,2025-04-07,medios,1,/home/emilio/Documentos/RAdAR_worktrees/restructuracion_arquitectonica/data/raw/radar_weekly_flat/2025-04-07_semana_07abril_13abril_25/2025-04-07_semana_07abril_13abril_25_medios.txt,/home/emilio/Documentos/RAdAR_worktrees/restructuracion_arquitectonica/data/text/radar_weekly_flat/medios_semana_texto/2025-04-07_medios.txt,ok,,,False,,output_md5=5d434ceb18a98b31a803080f52103d31 size=279526
2026-05-04T15:10:38.473707+00:00,/home/emilio/Documentos/RAdAR_worktrees/restructuracion_arquitectonica/data/raw/radar_weekly_flat/2025-04-14_semana_14abril_20abril_25,2025-04-14,facebook,1,/home/emilio/Documentos/RAdAR_worktrees/restructuracion_arquitectonica/data/raw/radar_weekly_flat/2025-04-14_semana_14abril_20abril_25/2025-04-14_semana_14abril_20abril_25_facebook.csv,/home/emilio/Documentos/RAdAR_worktrees/restructuracion_arquitectonica/data/text/radar_weekly_flat/facebook_semana_texto/2025-04-14_facebook.txt,ok,38,26,False,,output_md5=e794e4f69809fa2f377eb5e837337df2 size=5531
2026-05-04T15:10:38.473707+00:00,/home/emilio/Documentos/RAdAR_worktrees/restructuracion_arquitectonica/data/raw/radar_weekly_flat/2025-04-14_semana_14abril_20abril_25,2025-04-14,twitter,1,/home/emilio/Documentos/RAdAR_worktrees/restructuracion_arquitectonica/data/raw/radar_weekly_flat/2025-04-14_semana_14abril_20abril_25/2025-04-14_semana_14abril_20abril_25_twitter.csv,/home/emilio/Documentos/RAdAR_worktrees/restructuracion_arquitectonica/data/text/radar_weekly_flat/twitter_semana_texto/2025-04-14_twitter.txt,ok,316,313,False,,output_md5=bd0e7def277cbb9f0cc6d73724fed6a1 size=67182
2026-05-04T15:10:38.473707+00:00,/home/emilio/Documentos/RAdAR_worktrees/restructuracion_arquitectonica/data/raw/radar_weekly_flat/2025-04-14_semana_14abril_20abril_25,2025-04-14,youtube,1,/home/emilio/Documentos/RAdAR_worktrees/restructuracion_arquitectonica/data/raw/radar_weekly_flat/2025-04-14_semana_14abril_20abril_25/2025-04-14_semana_14abril_20abril_25_youtube.csv,/home/emilio/Documentos/RAdAR_worktrees/restructuracion_arquitectonica/data/text/radar_weekly_flat/youtube_semana_texto/2025-04-14_youtube.txt,ok,838,616,False,,output_md5=b6b5998bd7997843aad5176426527e88 size=79510
2026-05-04T15:10:38.473707+00:00,/home/emilio/Documentos/RAdAR_worktrees/restructuracion_arquitectonica/data/raw/radar_weekly_flat/2025-04-14_semana_14abril_20abril_25,2025-04-14,medios,1,/home/emilio/Documentos/RAdAR_worktrees/restructuracion_arquitectonica/data/raw/radar_weekly_flat/2025-04-14_semana_14abril_20abril_25/2025-04-14_semana_14abril_20abril_25_medios.txt,/home/emilio/Documentos/RAdAR_worktrees/restructuracion_arquitectonica/data/text/radar_weekly_flat/medios_semana_texto/2025-04-14_medios.txt,ok,,,False,,output_md5=eb2e49ab0d8f2ea740a5f87d203e456d size=232133
2026-05-04T15:10:38.473707+00:00,/home/emilio/Documentos/RAdAR_worktrees/restructuracion_arquitectonica/data/raw/radar_weekly_flat/2025-04-21_semana_21abril_27abril_25,2025-04-21,facebook,1,/home/emilio/Documentos/RAdAR_worktrees/restructuracion_arquitectonica/data/raw/radar_weekly_flat/2025-04-21_semana_21abril_27abril_25/2025-04-21_semana_21abril_27abril_25_facebook.csv,/home/emilio/Documentos/RAdAR_worktrees/restructuracion_arquitectonica/data/text/radar_weekly_flat/facebook_semana_texto/2025-04-21_facebook.txt,ok,37,27,False,,output_md5=125e9a03f218fd314ccc44055cac83f9 size=8262
2026-05-04T15:10:38.473707+00:00,/home/emilio/Documentos/RAdAR_worktrees/restructuracion_arquitectonica/data/raw/radar_weekly_flat/2025-04-21_semana_21abril_27abril_25,2025-04-21,twitter,1,/home/emilio/Documentos/RAdAR_worktrees/restructuracion_arquitectonica/data/raw/radar_weekly_flat/2025-04-21_semana_21abril_27abril_25/2025-04-21_semana_21abril_27abril_25_twitter.csv,/home/emilio/Documentos/RAdAR_worktrees/restructuracion_arquitectonica/data/text/radar_weekly_flat/twitter_semana_texto/2025-04-21_twitter.txt,ok,350,345,False,,output_md5=a7d0da651929dedfd57995da0774a371 size=65325
2026-05-04T15:10:38.473707+00:00,/home/emilio/Documentos/RAdAR_worktrees/restructuracion_arquitectonica/data/raw/radar_weekly_flat/2025-04-21_semana_21abril_27abril_25,2025-04-21,youtube,1,/home/emilio/Documentos/RAdAR_worktrees/restructuracion_arquitectonica/data/raw/radar_weekly_flat/2025-04-21_semana_21abril_27abril_25/2025-04-21_semana_21abril_27abril_25_youtube.csv,/home/emilio/Documentos/RAdAR_worktrees/restructuracion_arquitectonica/data/text/radar_weekly_flat/youtube_semana_texto/2025-04-21_youtube.txt,ok,171,130,False,,output_md5=60327cd9808b2b4b6e8caeb43afe93ce size=12587
2026-05-04T15:10:38.473707+00:00,/home/emilio/Documentos/RAdAR_worktrees/restructuracion_arquitectonica/data/raw/radar_weekly_flat/2025-04-21_semana_21abril_27abril_25,2025-04-21,medios,1,/home/emilio/Documentos/RAdAR_worktrees/restructuracion_arquitectonica/data/raw/radar_weekly_flat/2025-04-21_semana_21abril_27abril_25/2025-04-21_semana_21abril_27abril_25_medios.txt,/home/emilio/Documentos/RAdAR_worktrees/restructuracion_arquitectonica/data/text/radar_weekly_flat/medios_semana_texto/2025-04-21_medios.txt,ok,,,False,,output_md5=3dc7a67a41a604b2fb1760dc4842830f size=234692
2026-05-04T15:10:38.473707+00:00,/home/emilio/Documentos/RAdAR_worktrees/restructuracion_arquitectonica/data/raw/radar_weekly_flat/2025-04-28_semana_28abril_04mayo_25,2025-04-28,facebook,1,/home/emilio/Documentos/RAdAR_worktrees/restructuracion_arquitectonica/data/raw/radar_weekly_flat/2025-04-28_semana_28abril_04mayo_25/2025-04-28_semana_28abril_04mayo_25_facebook.csv,/home/emilio/Documentos/RAdAR_worktrees/restructuracion_arquitectonica/data/text/radar_weekly_flat/facebook_semana_texto/2025-04-28_facebook.txt,ok,38,34,False,,output_md5=1a930d02e4cfbf0603c560d351882b5c size=9927
2026-05-04T15:10:38.473707+00:00,/home/emilio/Documentos/RAdAR_worktrees/restructuracion_arquitectonica/data/raw/radar_weekly_flat/2025-04-28_semana_28abril_04mayo_25,2025-04-28,twitter,1,/home/emilio/Documentos/RAdAR_worktrees/restructuracion_arquitectonica/data/raw/radar_weekly_flat/2025-04-28_semana_28abril_04mayo_25/2025-04-28_semana_28abril_04mayo_25_twitter.csv,/home/emilio/Documentos/RAdAR_worktrees/restructuracion_arquitectonica/data/text/radar_weekly_flat/twitter_semana_texto/2025-04-28_twitter.txt,ok,363,354,False,,output_md5=9bfdc8a58a32c46fb368d7ca0a3f92f9 size=70224
2026-05-04T15:10:38.473707+00:00,/home/emilio/Documentos/RAdAR_worktrees/restructuracion_arquitectonica/data/raw/radar_weekly_flat/2025-04-28_semana_28abril_04mayo_25,2025-04-28,youtube,1,/home/emilio/Documentos/RAdAR_worktrees/restructuracion_arquitectonica/data/raw/radar_weekly_flat/2025-04-28_semana_28abril_04mayo_25/2025-04-28_semana_28abril_04mayo_25_youtube.csv,/home/emilio/Documentos/RAdAR_worktrees/restructuracion_arquitectonica/data/text/radar_weekly_flat/youtube_semana_texto/2025-04-28_youtube.txt,ok,1159,972,False,,output_md5=dfaaabadd7aeafad51dfa0d411f171d3 size=64308
2026-05-04T15:10:38.473707+00:00,/home/emilio/Documentos/RAdAR_worktrees/restructuracion_arquitectonica/data/raw/radar_weekly_flat/2025-04-28_semana_28abril_04mayo_25,2025-04-28,medios,1,/home/emilio/Documentos/RAdAR_worktrees/restructuracion_arquitectonica/data/raw/radar_weekly_flat/2025-04-28_semana_28abril_04mayo_25/2025-04-28_semana_28abril_04mayo_25_medios.txt,/home/emilio/Documentos/RAdAR_worktrees/restructuracion_arquitectonica/data/text/radar_weekly_flat/medios_semana_texto/2025-04-28_medios.txt,ok,,,False,,output_md5=f9ab4a54495b5d2c3eac6a07dee9f891 size=142168
2026-05-04T15:10:38.473707+00:00,/home/emilio/Documentos/RAdAR_worktrees/restructuracion_arquitectonica/data/raw/radar_weekly_flat/2025-05-05_semana_05mayo_11mayo_25,2025-05-05,facebook,1,/home/emilio/Documentos/RAdAR_worktrees/restructuracion_arquitectonica/data/raw/radar_weekly_flat/2025-05-05_semana_05mayo_11mayo_25/2025-05-05_semana_05mayo_11mayo_25_facebook.csv,/home/emilio/Documentos/RAdAR_worktrees/restructuracion_arquitectonica/data/text/radar_weekly_flat/facebook_semana_texto/2025-05-05_facebook.txt,ok,39,31,False,,output_md5=936417f6bafba6e749bb8b5ea62dd28b size=7430
2026-05-04T15:10:38.473707+00:00,/home/emilio/Documentos/RAdAR_worktrees/restructuracion_arquitectonica/data/raw/radar_weekly_flat/2025-05-05_semana_05mayo_11mayo_25,2025-05-05,twitter,1,/home/emilio/Documentos/RAdAR_worktrees/restructuracion_arquitectonica/data/raw/radar_weekly_flat/2025-05-05_semana_05mayo_11mayo_25/2025-05-05_semana_05mayo_11mayo_25_twitter.csv,/home/emilio/Documentos/RAdAR_worktrees/restructuracion_arquitectonica/data/text/radar_weekly_flat/twitter_semana_texto/2025-05-05_twitter.txt,ok,121,109,False,,output_md5=5090f6361e42de54bd1604cf82b2e29f size=21280
2026-05-04T15:10:38.473707+00:00,/home/emilio/Documentos/RAdAR_worktrees/restructuracion_arquitectonica/data/raw/radar_weekly_flat/2025-05-05_semana_05mayo_11mayo_25,2025-05-05,youtube,1,/home/emilio/Documentos/RAdAR_worktrees/restructuracion_arquitectonica/data/raw/radar_weekly_flat/2025-05-05_semana_05mayo_11mayo_25/2025-05-05_semana_05mayo_11mayo_25_youtube.csv,/home/emilio/Documentos/RAdAR_worktrees/restructuracion_arquitectonica/data/text/radar_weekly_flat/youtube_semana_texto/2025-05-05_youtube.txt,ok,546,489,False,,output_md5=789326f5f14d83b62bb51cbc3486bd38 size=51984
2026-05-04T15:10:38.473707+00:00,/home/emilio/Documentos/RAdAR_worktrees/restructuracion_arquitectonica/data/raw/radar_weekly_flat/2025-05-05_semana_05mayo_11mayo_25,2025-05-05,medios,1,/home/emilio/Documentos/RAdAR_worktrees/restructuracion_arquitectonica/data/raw/radar_weekly_flat/2025-05-05_semana_05mayo_11mayo_25/2025-05-05_semana_05mayo_11mayo_25_medios.txt,/home/emilio/Documentos/RAdAR_worktrees/restructuracion_arquitectonica/data/text/radar_weekly_flat/medios_semana_texto/2025-05-05_medios.txt,ok,,,False,,output_md5=807d45c80479d6fd7ddadd4c85b65a44 size=265683
2026-05-04T15:10:38.473707+00:00,/home/emilio/Documentos/RAdAR_worktrees/restructuracion_arquitectonica/data/raw/radar_weekly_flat/2025-05-12_semana_12mayo_18mayo_25,2025-05-12,facebook,1,/home/emilio/Documentos/RAdAR_worktrees/restructuracion_arquitectonica/data/raw/radar_weekly_flat/2025-05-12_semana_12mayo_18mayo_25/2025-05-12_semana_12mayo_18mayo_25_facebook.csv,/home/emilio/Documentos/RAdAR_worktrees/restructuracion_arquitectonica/data/text/radar_weekly_flat/facebook_semana_texto/2025-05-12_facebook.txt,ok,41,25,False,,output_md5=0db5a099bde60b5ca9a39304e401a44a size=9178
2026-05-04T15:10:38.473707+00:00,/home/emilio/Documentos/RAdAR_worktrees/restructuracion_arquitectonica/data/raw/radar_weekly_flat/2025-05-12_semana_12mayo_18mayo_25,2025-05-12,twitter,1,/home/emilio/Documentos/RAdAR_worktrees/restructuracion_arquitectonica/data/raw/radar_weekly_flat/2025-05-12_semana_12mayo_18mayo_25/2025-05-12_semana_12mayo_18mayo_25_twitter.csv,/home/emilio/Documentos/RAdAR_worktrees/restructuracion_arquitectonica/data/text/radar_weekly_flat/twitter_semana_texto/2025-05-12_twitter.txt,ok,361,360,False,,output_md5=e0354aa901e07beac61f4d227d37c222 size=55187
2026-05-04T15:10:38.473707+00:00,/home/emilio/Documentos/RAdAR_worktrees/restructuracion_arquitectonica/data/raw/radar_weekly_flat/2025-05-12_semana_12mayo_18mayo_25,2025-05-12,youtube,1,/home/emilio/Documentos/RAdAR_worktrees/restructuracion_arquitectonica/data/raw/radar_weekly_flat/2025-05-12_semana_12mayo_18mayo_25/2025-05-12_semana_12mayo_18mayo_25_youtube.csv,/home/emilio/Documentos/RAdAR_worktrees/restructuracion_arquitectonica/data/text/radar_weekly_flat/youtube_semana_texto/2025-05-12_youtube.txt,ok,721,476,False,,output_md5=38c55fc2b08f116e5bbd9ab13c1c89ec size=44923
2026-05-04T15:10:38.473707+00:00,/home/emilio/Documentos/RAdAR_worktrees/restructuracion_arquitectonica/data/raw/radar_weekly_flat/2025-05-12_semana_12mayo_18mayo_25,2025-05-12,medios,1,/home/emilio/Documentos/RAdAR_worktrees/restructuracion_arquitectonica/data/raw/radar_weekly_flat/2025-05-12_semana_12mayo_18mayo_25/2025-05-12_semana_12mayo_18mayo_25_medios.txt,/home/emilio/Documentos/RAdAR_worktrees/restructuracion_arquitectonica/data/text/radar_weekly_flat/medios_semana_texto/2025-05-12_medios.txt,ok,,,False,,output_md5=bf77d54927f672284c263e6de5408b7c size=257966
2026-05-04T15:10:38.473707+00:00,/home/emilio/Documentos/RAdAR_worktrees/restructuracion_arquitectonica/data/raw/radar_weekly_flat/2025-05-19_semana_19mayo_25mayo_25,2025-05-19,facebook,1,/home/emilio/Documentos/RAdAR_worktrees/restructuracion_arquitectonica/data/raw/radar_weekly_flat/2025-05-19_semana_19mayo_25mayo_25/2025-05-19_semana_19mayo_25mayo_25_facebook.csv,/home/emilio/Documentos/RAdAR_worktrees/restructuracion_arquitectonica/data/text/radar_weekly_flat/facebook_semana_texto/2025-05-19_facebook.txt,ok,37,32,False,,output_md5=f7917db98916338d3b05672bec077871 size=12012
2026-05-04T15:10:38.473707+00:00,/home/emilio/Documentos/RAdAR_worktrees/restructuracion_arquitectonica/data/raw/radar_weekly_flat/2025-05-19_semana_19mayo_25mayo_25,2025-05-19,twitter,1,/home/emilio/Documentos/RAdAR_worktrees/restructuracion_arquitectonica/data/raw/radar_weekly_flat/2025-05-19_semana_19mayo_25mayo_25/2025-05-19_semana_19mayo_25mayo_25_twitter.csv,/home/emilio/Documentos/RAdAR_worktrees/restructuracion_arquitectonica/data/text/radar_weekly_flat/twitter_semana_texto/2025-05-19_twitter.txt,ok,458,454,False,,output_md5=1d62fd6233079a350befb0442a096302 size=101833
2026-05-04T15:10:38.473707+00:00,/home/emilio/Documentos/RAdAR_worktrees/restructuracion_arquitectonica/data/raw/radar_weekly_flat/2025-05-19_semana_19mayo_25mayo_25,2025-05-19,youtube,1,/home/emilio/Documentos/RAdAR_worktrees/restructuracion_arquitectonica/data/raw/radar_weekly_flat/2025-05-19_semana_19mayo_25mayo_25/2025-05-19_semana_19mayo_25mayo_25_youtube.csv,/home/emilio/Documentos/RAdAR_worktrees/restructuracion_arquitectonica/data/text/radar_weekly_flat/youtube_semana_texto/2025-05-19_youtube.txt,ok,537,471,False,,output_md5=400cd8fb0a84cae68d707f14640361b0 size=67292
2026-05-04T15:10:38.473707+00:00,/home/emilio/Documentos/RAdAR_worktrees/restructuracion_arquitectonica/data/raw/radar_weekly_flat/2025-05-19_semana_19mayo_25mayo_25,2025-05-19,medios,1,/home/emilio/Documentos/RAdAR_worktrees/restructuracion_arquitectonica/data/raw/radar_weekly_flat/2025-05-19_semana_19mayo_25mayo_25/2025-05-19_semana_19mayo_25mayo_25_medios.txt,/home/emilio/Documentos/RAdAR_worktrees/restructuracion_arquitectonica/data/text/radar_weekly_flat/medios_semana_texto/2025-05-19_medios.txt,ok,,,False,,output_md5=ab302481119bff6de8ee7508fae694ec size=296767
2026-05-04T15:10:38.473707+00:00,/home/emilio/Documentos/RAdAR_worktrees/restructuracion_arquitectonica/data/raw/radar_weekly_flat/2025-05-26_semana_26mayo_01junio_25,2025-05-26,facebook,1,/home/emilio/Documentos/RAdAR_worktrees/restructuracion_arquitectonica/data/raw/radar_weekly_flat/2025-05-26_semana_26mayo_01junio_25/2025-05-26_semana_26mayo_01junio_25_facebook.csv,/home/emilio/Documentos/RAdAR_worktrees/restructuracion_arquitectonica/data/text/radar_weekly_flat/facebook_semana_texto/2025-05-26_facebook.txt,ok,31,23,False,,output_md5=22e804e0ab9f4c7b5fa4f2739ec70541 size=11178
2026-05-04T15:10:38.473707+00:00,/home/emilio/Documentos/RAdAR_worktrees/restructuracion_arquitectonica/data/raw/radar_weekly_flat/2025-05-26_semana_26mayo_01junio_25,2025-05-26,twitter,1,/home/emilio/Documentos/RAdAR_worktrees/restructuracion_arquitectonica/data/raw/radar_weekly_flat/2025-05-26_semana_26mayo_01junio_25/2025-05-26_semana_26mayo_01junio_25_twitter.csv,/home/emilio/Documentos/RAdAR_worktrees/restructuracion_arquitectonica/data/text/radar_weekly_flat/twitter_semana_texto/2025-05-26_twitter.txt,ok,217,214,False,,output_md5=5200f43f959f74563ea988945ee72fdd size=46926
2026-05-04T15:10:38.473707+00:00,/home/emilio/Documentos/RAdAR_worktrees/restructuracion_arquitectonica/data/raw/radar_weekly_flat/2025-05-26_semana_26mayo_01junio_25,2025-05-26,youtube,1,/home/emilio/Documentos/RAdAR_worktrees/restructuracion_arquitectonica/data/raw/radar_weekly_flat/2025-05-26_semana_26mayo_01junio_25/2025-05-26_semana_26mayo_01junio_25_youtube.csv,/home/emilio/Documentos/RAdAR_worktrees/restructuracion_arquitectonica/data/text/radar_weekly_flat/youtube_semana_texto/2025-05-26_youtube.txt,ok,854,448,False,,output_md5=a4f906bfa91f1e28627b96ee650365bb size=42072
2026-05-04T15:10:38.473707+00:00,/home/emilio/Documentos/RAdAR_worktrees/restructuracion_arquitectonica/data/raw/radar_weekly_flat/2025-05-26_semana_26mayo_01junio_25,2025-05-26,medios,1,/home/emilio/Documentos/RAdAR_worktrees/restructuracion_arquitectonica/data/raw/radar_weekly_flat/2025-05-26_semana_26mayo_01junio_25/2025-05-26_semana_26mayo_01junio_25_medios.txt,/home/emilio/Documentos/RAdAR_worktrees/restructuracion_arquitectonica/data/text/radar_weekly_flat/medios_semana_texto/2025-05-26_medios.txt,ok,,,False,,output_md5=608e1f7c8da09b737984b39535295a9d size=232664
2026-05-04T15:10:38.473707+00:00,/home/emilio/Documentos/RAdAR_worktrees/restructuracion_arquitectonica/data/raw/radar_weekly_flat/2025-06-02_semana_02junio_08junio_25,2025-06-02,facebook,1,/home/emilio/Documentos/RAdAR_worktrees/restructuracion_arquitectonica/data/raw/radar_weekly_flat/2025-06-02_semana_02junio_08junio_25/2025-06-02_semana_02junio_08junio_25_facebook.csv,/home/emilio/Documentos/RAdAR_worktrees/restructuracion_arquitectonica/data/text/radar_weekly_flat/facebook_semana_texto/2025-06-02_facebook.txt,ok,41,34,False,,output_md5=7828893d866a8db9cdeb85098884bd5e size=12672
2026-05-04T15:10:38.473707+00:00,/home/emilio/Documentos/RAdAR_worktrees/restructuracion_arquitectonica/data/raw/radar_weekly_flat/2025-06-02_semana_02junio_08junio_25,2025-06-02,twitter,1,/home/emilio/Documentos/RAdAR_worktrees/restructuracion_arquitectonica/data/raw/radar_weekly_flat/2025-06-02_semana_02junio_08junio_25/2025-06-02_semana_02junio_08junio_25_twitter.csv,/home/emilio/Documentos/RAdAR_worktrees/restructuracion_arquitectonica/data/text/radar_weekly_flat/twitter_semana_texto/2025-06-02_twitter.txt,ok,14,13,False,,output_md5=4b4efe2457979d31aca4fe8c3820f555 size=3183
2026-05-04T15:10:38.473707+00:00,/home/emilio/Documentos/RAdAR_worktrees/restructuracion_arquitectonica/data/raw/radar_weekly_flat/2025-06-02_semana_02junio_08junio_25,2025-06-02,youtube,1,/home/emilio/Documentos/RAdAR_worktrees/restructuracion_arquitectonica/data/raw/radar_weekly_flat/2025-06-02_semana_02junio_08junio_25/2025-06-02_semana_02junio_08junio_25_youtube.csv,/home/emilio/Documentos/RAdAR_worktrees/restructuracion_arquitectonica/data/text/radar_weekly_flat/youtube_semana_texto/2025-06-02_youtube.txt,ok,404,239,False,,output_md5=fa0e23b0024a048f138938390bfa0af1 size=22299
2026-05-04T15:10:38.473707+00:00,/home/emilio/Documentos/RAdAR_worktrees/restructuracion_arquitectonica/data/raw/radar_weekly_flat/2025-06-02_semana_02junio_08junio_25,2025-06-02,medios,1,/home/emilio/Documentos/RAdAR_worktrees/restructuracion_arquitectonica/data/raw/radar_weekly_flat/2025-06-02_semana_02junio_08junio_25/2025-06-02_semana_02junio_08junio_25_medios.txt,/home/emilio/Documentos/RAdAR_worktrees/restructuracion_arquitectonica/data/text/radar_weekly_flat/medios_semana_texto/2025-06-02_medios.txt,ok,,,False,,output_md5=b0fb7b9277732f9cebadc91ba02f60cd size=271192
2026-05-04T15:10:38.473707+00:00,/home/emilio/Documentos/RAdAR_worktrees/restructuracion_arquitectonica/data/raw/radar_weekly_flat/2025-06-09_semana_09junio_15junio_25,2025-06-09,facebook,1,/home/emilio/Documentos/RAdAR_worktrees/restructuracion_arquitectonica/data/raw/radar_weekly_flat/2025-06-09_semana_09junio_15junio_25/2025-06-09_semana_09junio_15junio_25_facebook.csv,/home/emilio/Documentos/RAdAR_worktrees/restructuracion_arquitectonica/data/text/radar_weekly_flat/facebook_semana_texto/2025-06-09_facebook.txt,ok,39,29,False,,output_md5=ca91c413fd0e174e8b8117facba4d1b4 size=11496
2026-05-04T15:10:38.473707+00:00,/home/emilio/Documentos/RAdAR_worktrees/restructuracion_arquitectonica/data/raw/radar_weekly_flat/2025-06-09_semana_09junio_15junio_25,2025-06-09,twitter,1,/home/emilio/Documentos/RAdAR_worktrees/restructuracion_arquitectonica/data/raw/radar_weekly_flat/2025-06-09_semana_09junio_15junio_25/2025-06-09_semana_09junio_15junio_25_twitter.csv,/home/emilio/Documentos/RAdAR_worktrees/restructuracion_arquitectonica/data/text/radar_weekly_flat/twitter_semana_texto/2025-06-09_twitter.txt,ok,179,176,False,,output_md5=4e630c78f6dc5be1c001fbacd82f64b4 size=36767
2026-05-04T15:10:38.473707+00:00,/home/emilio/Documentos/RAdAR_worktrees/restructuracion_arquitectonica/data/raw/radar_weekly_flat/2025-06-09_semana_09junio_15junio_25,2025-06-09,youtube,1,/home/emilio/Documentos/RAdAR_worktrees/restructuracion_arquitectonica/data/raw/radar_weekly_flat/2025-06-09_semana_09junio_15junio_25/2025-06-09_semana_09junio_15junio_25_youtube.csv,/home/emilio/Documentos/RAdAR_worktrees/restructuracion_arquitectonica/data/text/radar_weekly_flat/youtube_semana_texto/2025-06-09_youtube.txt,ok,408,218,False,,output_md5=68a6221ab32969346a16ebf76da04e4d size=13351
2026-05-04T15:10:38.473707+00:00,/home/emilio/Documentos/RAdAR_worktrees/restructuracion_arquitectonica/data/raw/radar_weekly_flat/2025-06-09_semana_09junio_15junio_25,2025-06-09,medios,1,/home/emilio/Documentos/RAdAR_worktrees/restructuracion_arquitectonica/data/raw/radar_weekly_flat/2025-06-09_semana_09junio_15junio_25/2025-06-09_semana_09junio_15junio_25_medios.txt,/home/emilio/Documentos/RAdAR_worktrees/restructuracion_arquitectonica/data/text/radar_weekly_flat/medios_semana_texto/2025-06-09_medios.txt,ok,,,False,,output_md5=ff40792ac9b4a9f165f7eb49d2568447 size=136893
2026-05-04T15:10:38.473707+00:00,/home/emilio/Documentos/RAdAR_worktrees/restructuracion_arquitectonica/data/raw/radar_weekly_flat/2025-06-16_semana_16junio_22junio_25,2025-06-16,facebook,1,/home/emilio/Documentos/RAdAR_worktrees/restructuracion_arquitectonica/data/raw/radar_weekly_flat/2025-06-16_semana_16junio_22junio_25/2025-06-16_semana_16junio_22junio_25_facebook.csv,/home/emilio/Documentos/RAdAR_worktrees/restructuracion_arquitectonica/data/text/radar_weekly_flat/facebook_semana_texto/2025-06-16_facebook.txt,ok,44,32,False,,output_md5=8425bc1ba30153dac8cfa2db83d201f4 size=10013
2026-05-04T15:10:38.473707+00:00,/home/emilio/Documentos/RAdAR_worktrees/restructuracion_arquitectonica/data/raw/radar_weekly_flat/2025-06-16_semana_16junio_22junio_25,2025-06-16,twitter,1,/home/emilio/Documentos/RAdAR_worktrees/restructuracion_arquitectonica/data/raw/radar_weekly_flat/2025-06-16_semana_16junio_22junio_25/2025-06-16_semana_16junio_22junio_25_twitter.csv,/home/emilio/Documentos/RAdAR_worktrees/restructuracion_arquitectonica/data/text/radar_weekly_flat/twitter_semana_texto/2025-06-16_twitter.txt,ok,182,181,False,,output_md5=ea4473a68da95cd42ea6d0ddb1e2b6e2 size=38836
2026-05-04T15:10:38.473707+00:00,/home/emilio/Documentos/RAdAR_worktrees/restructuracion_arquitectonica/data/raw/radar_weekly_flat/2025-06-16_semana_16junio_22junio_25,2025-06-16,youtube,1,/home/emilio/Documentos/RAdAR_worktrees/restructuracion_arquitectonica/data/raw/radar_weekly_flat/2025-06-16_semana_16junio_22junio_25/2025-06-16_semana_16junio_22junio_25_youtube.csv,/home/emilio/Documentos/RAdAR_worktrees/restructuracion_arquitectonica/data/text/radar_weekly_flat/youtube_semana_texto/2025-06-16_youtube.txt,ok,590,324,False,,output_md5=b77e9806a863af787b93715637d7d1d0 size=26105
2026-05-04T15:10:38.473707+00:00,/home/emilio/Documentos/RAdAR_worktrees/restructuracion_arquitectonica/data/raw/radar_weekly_flat/2025-06-16_semana_16junio_22junio_25,2025-06-16,medios,1,/home/emilio/Documentos/RAdAR_worktrees/restructuracion_arquitectonica/data/raw/radar_weekly_flat/2025-06-16_semana_16junio_22junio_25/2025-06-16_semana_16junio_22junio_25_medios.txt,/home/emilio/Documentos/RAdAR_worktrees/restructuracion_arquitectonica/data/text/radar_weekly_flat/medios_semana_texto/2025-06-16_medios.txt,ok,,,False,,output_md5=5a193590560c59348c3a35b34a767751 size=262144
2026-05-04T15:10:38.473707+00:00,/home/emilio/Documentos/RAdAR_worktrees/restructuracion_arquitectonica/data/raw/radar_weekly_flat/2025-06-23_semana_23junio_29junio_25,2025-06-23,facebook,1,/home/emilio/Documentos/RAdAR_worktrees/restructuracion_arquitectonica/data/raw/radar_weekly_flat/2025-06-23_semana_23junio_29junio_25/2025-06-23_semana_23junio_29junio_25_facebook.csv,/home/emilio/Documentos/RAdAR_worktrees/restructuracion_arquitectonica/data/text/radar_weekly_flat/facebook_semana_texto/2025-06-23_facebook.txt,ok,34,24,False,,output_md5=2dc04c75b2a8fb6dd783822efaecbec6 size=8151
2026-05-04T15:10:38.473707+00:00,/home/emilio/Documentos/RAdAR_worktrees/restructuracion_arquitectonica/data/raw/radar_weekly_flat/2025-06-23_semana_23junio_29junio_25,2025-06-23,twitter,1,/home/emilio/Documentos/RAdAR_worktrees/restructuracion_arquitectonica/data/raw/radar_weekly_flat/2025-06-23_semana_23junio_29junio_25/2025-06-23_semana_23junio_29junio_25_twitter.csv,/home/emilio/Documentos/RAdAR_worktrees/restructuracion_arquitectonica/data/text/radar_weekly_flat/twitter_semana_texto/2025-06-23_twitter.txt,ok,54,54,False,,output_md5=07f35c396dbbca0bc3a8dfeda52e62d3 size=8691
2026-05-04T15:10:38.473707+00:00,/home/emilio/Documentos/RAdAR_worktrees/restructuracion_arquitectonica/data/raw/radar_weekly_flat/2025-06-23_semana_23junio_29junio_25,2025-06-23,youtube,1,/home/emilio/Documentos/RAdAR_worktrees/restructuracion_arquitectonica/data/raw/radar_weekly_flat/2025-06-23_semana_23junio_29junio_25/2025-06-23_semana_23junio_29junio_25_youtube.csv,/home/emilio/Documentos/RAdAR_worktrees/restructuracion_arquitectonica/data/text/radar_weekly_flat/youtube_semana_texto/2025-06-23_youtube.txt,ok,588,385,False,,output_md5=72af160f8901b9d69f7b69d040161ebb size=29049
2026-05-04T15:10:38.473707+00:00,/home/emilio/Documentos/RAdAR_worktrees/restructuracion_arquitectonica/data/raw/radar_weekly_flat/2025-06-23_semana_23junio_29junio_25,2025-06-23,medios,1,/home/emilio/Documentos/RAdAR_worktrees/restructuracion_arquitectonica/data/raw/radar_weekly_flat/2025-06-23_semana_23junio_29junio_25/2025-06-23_semana_23junio_29junio_25_medios.txt,/home/emilio/Documentos/RAdAR_worktrees/restructuracion_arquitectonica/data/text/radar_weekly_flat/medios_semana_texto/2025-06-23_medios.txt,ok,,,False,,output_md5=4abd2a97e89988d7e2e5067d8a13edb7 size=271227
2026-05-04T15:10:38.473707+00:00,/home/emilio/Documentos/RAdAR_worktrees/restructuracion_arquitectonica/data/raw/radar_weekly_flat/2025-06-30_semana_30junio_06julio_25,2025-06-30,facebook,1,/home/emilio/Documentos/RAdAR_worktrees/restructuracion_arquitectonica/data/raw/radar_weekly_flat/2025-06-30_semana_30junio_06julio_25/2025-06-30_semana_30junio_06julio_25_facebook.csv,/home/emilio/Documentos/RAdAR_worktrees/restructuracion_arquitectonica/data/text/radar_weekly_flat/facebook_semana_texto/2025-06-30_facebook.txt,ok,37,32,False,,output_md5=4c82d3f407fd10d3f185fdb17bffda0c size=12009
2026-05-04T15:10:38.473707+00:00,/home/emilio/Documentos/RAdAR_worktrees/restructuracion_arquitectonica/data/raw/radar_weekly_flat/2025-06-30_semana_30junio_06julio_25,2025-06-30,twitter,1,/home/emilio/Documentos/RAdAR_worktrees/restructuracion_arquitectonica/data/raw/radar_weekly_flat/2025-06-30_semana_30junio_06julio_25/2025-06-30_semana_30junio_06julio_25_twitter.csv,/home/emilio/Documentos/RAdAR_worktrees/restructuracion_arquitectonica/data/text/radar_weekly_flat/twitter_semana_texto/2025-06-30_twitter.txt,ok,235,230,False,,output_md5=44d235fc5c2fc97b6e3545dd55a37dc0 size=50193
2026-05-04T15:10:38.473707+00:00,/home/emilio/Documentos/RAdAR_worktrees/restructuracion_arquitectonica/data/raw/radar_weekly_flat/2025-06-30_semana_30junio_06julio_25,2025-06-30,youtube,1,/home/emilio/Documentos/RAdAR_worktrees/restructuracion_arquitectonica/data/raw/radar_weekly_flat/2025-06-30_semana_30junio_06julio_25/2025-06-30_semana_30junio_06julio_25_youtube.csv,/home/emilio/Documentos/RAdAR_worktrees/restructuracion_arquitectonica/data/text/radar_weekly_flat/youtube_semana_texto/2025-06-30_youtube.txt,ok,9392,4775,False,,output_md5=9db08023e9a30d1ba00529a2660f6977 size=424847
2026-05-04T15:10:38.473707+00:00,/home/emilio/Documentos/RAdAR_worktrees/restructuracion_arquitectonica/data/raw/radar_weekly_flat/2025-06-30_semana_30junio_06julio_25,2025-06-30,medios,1,/home/emilio/Documentos/RAdAR_worktrees/restructuracion_arquitectonica/data/raw/radar_weekly_flat/2025-06-30_semana_30junio_06julio_25/2025-06-30_semana_30junio_06julio_25_medios.txt,/home/emilio/Documentos/RAdAR_worktrees/restructuracion_arquitectonica/data/text/radar_weekly_flat/medios_semana_texto/2025-06-30_medios.txt,ok,,,False,,output_md5=68c07147747ffb3bbda46713a3c93e10 size=309652
2026-05-04T15:10:38.473707+00:00,/home/emilio/Documentos/RAdAR_worktrees/restructuracion_arquitectonica/data/raw/radar_weekly_flat/2025-07-07_semana_07julio_13julio_25,2025-07-07,facebook,1,/home/emilio/Documentos/RAdAR_worktrees/restructuracion_arquitectonica/data/raw/radar_weekly_flat/2025-07-07_semana_07julio_13julio_25/2025-07-07_semana_07julio_13julio_25_facebook.csv,/home/emilio/Documentos/RAdAR_worktrees/restructuracion_arquitectonica/data/text/radar_weekly_flat/facebook_semana_texto/2025-07-07_facebook.txt,ok,37,29,False,,output_md5=5447199ae11731bd56c3ddc53cb37a13 size=13837
2026-05-04T15:10:38.473707+00:00,/home/emilio/Documentos/RAdAR_worktrees/restructuracion_arquitectonica/data/raw/radar_weekly_flat/2025-07-07_semana_07julio_13julio_25,2025-07-07,twitter,1,/home/emilio/Documentos/RAdAR_worktrees/restructuracion_arquitectonica/data/raw/radar_weekly_flat/2025-07-07_semana_07julio_13julio_25/2025-07-07_semana_07julio_13julio_25_twitter.csv,/home/emilio/Documentos/RAdAR_worktrees/restructuracion_arquitectonica/data/text/radar_weekly_flat/twitter_semana_texto/2025-07-07_twitter.txt,ok,39,38,False,,output_md5=90d8f1ba19373a076a68525eb4383f03 size=7014
2026-05-04T15:10:38.473707+00:00,/home/emilio/Documentos/RAdAR_worktrees/restructuracion_arquitectonica/data/raw/radar_weekly_flat/2025-07-07_semana_07julio_13julio_25,2025-07-07,youtube,1,/home/emilio/Documentos/RAdAR_worktrees/restructuracion_arquitectonica/data/raw/radar_weekly_flat/2025-07-07_semana_07julio_13julio_25/2025-07-07_semana_07julio_13julio_25_youtube.csv,/home/emilio/Documentos/RAdAR_worktrees/restructuracion_arquitectonica/data/text/radar_weekly_flat/youtube_semana_texto/2025-07-07_youtube.txt,ok,8417,6772,False,,output_md5=708e53d5910e77d9c6a04c4477ce64a1 size=649229
2026-05-04T15:10:38.473707+00:00,/home/emilio/Documentos/RAdAR_worktrees/restructuracion_arquitectonica/data/raw/radar_weekly_flat/2025-07-07_semana_07julio_13julio_25,2025-07-07,medios,1,/home/emilio/Documentos/RAdAR_worktrees/restructuracion_arquitectonica/data/raw/radar_weekly_flat/2025-07-07_semana_07julio_13julio_25/2025-07-07_semana_07julio_13julio_25_medios.txt,/home/emilio/Documentos/RAdAR_worktrees/restructuracion_arquitectonica/data/text/radar_weekly_flat/medios_semana_texto/2025-07-07_medios.txt,ok,,,False,,output_md5=f3957c6b84ee1a03b1de6877165a98fb size=318903
2026-05-04T15:10:38.473707+00:00,/home/emilio/Documentos/RAdAR_worktrees/restructuracion_arquitectonica/data/raw/radar_weekly_flat/2025-07-14_semana_14julio_20julio_25,2025-07-14,facebook,1,/home/emilio/Documentos/RAdAR_worktrees/restructuracion_arquitectonica/data/raw/radar_weekly_flat/2025-07-14_semana_14julio_20julio_25/2025-07-14_semana_14julio_20julio_25_facebook.csv,/home/emilio/Documentos/RAdAR_worktrees/restructuracion_arquitectonica/data/text/radar_weekly_flat/facebook_semana_texto/2025-07-14_facebook.txt,ok,28,24,False,,output_md5=9d021ec098e07344400d2c9071e6b09e size=7863
2026-05-04T15:10:38.473707+00:00,/home/emilio/Documentos/RAdAR_worktrees/restructuracion_arquitectonica/data/raw/radar_weekly_flat/2025-07-14_semana_14julio_20julio_25,2025-07-14,twitter,1,/home/emilio/Documentos/RAdAR_worktrees/restructuracion_arquitectonica/data/raw/radar_weekly_flat/2025-07-14_semana_14julio_20julio_25/2025-07-14_semana_14julio_20julio_25_twitter.csv,/home/emilio/Documentos/RAdAR_worktrees/restructuracion_arquitectonica/data/text/radar_weekly_flat/twitter_semana_texto/2025-07-14_twitter.txt,ok,141,141,False,,output_md5=fdc080a74db1aa51e569f7acbbc35920 size=26775
2026-05-04T15:10:38.473707+00:00,/home/emilio/Documentos/RAdAR_worktrees/restructuracion_arquitectonica/data/raw/radar_weekly_flat/2025-07-14_semana_14julio_20julio_25,2025-07-14,youtube,1,/home/emilio/Documentos/RAdAR_worktrees/restructuracion_arquitectonica/data/raw/radar_weekly_flat/2025-07-14_semana_14julio_20julio_25/2025-07-14_semana_14julio_20julio_25_youtube.csv,/home/emilio/Documentos/RAdAR_worktrees/restructuracion_arquitectonica/data/text/radar_weekly_flat/youtube_semana_texto/2025-07-14_youtube.txt,ok,1268,800,False,,output_md5=b0310e8657a7263fb7ca9c9a02c8868a size=73070
2026-05-04T15:10:38.473707+00:00,/home/emilio/Documentos/RAdAR_worktrees/restructuracion_arquitectonica/data/raw/radar_weekly_flat/2025-07-14_semana_14julio_20julio_25,2025-07-14,medios,1,/home/emilio/Documentos/RAdAR_worktrees/restructuracion_arquitectonica/data/raw/radar_weekly_flat/2025-07-14_semana_14julio_20julio_25/2025-07-14_semana_14julio_20julio_25_medios.txt,/home/emilio/Documentos/RAdAR_worktrees/restructuracion_arquitectonica/data/text/radar_weekly_flat/medios_semana_texto/2025-07-14_medios.txt,ok,,,False,,output_md5=4be7169218702ffffe5c522a40f53e64 size=281090
2026-05-04T15:10:38.473707+00:00,/home/emilio/Documentos/RAdAR_worktrees/restructuracion_arquitectonica/data/raw/radar_weekly_flat/2025-07-21_semana_21julio_27julio_25,2025-07-21,facebook,1,/home/emilio/Documentos/RAdAR_worktrees/restructuracion_arquitectonica/data/raw/radar_weekly_flat/2025-07-21_semana_21julio_27julio_25/2025-07-21_semana_21julio_27julio_25_facebook.csv,/home/emilio/Documentos/RAdAR_worktrees/restructuracion_arquitectonica/data/text/radar_weekly_flat/facebook_semana_texto/2025-07-21_facebook.txt,ok,36,30,False,,output_md5=db165657f1a6d78fc421e340cc169180 size=11792
2026-05-04T15:10:38.473707+00:00,/home/emilio/Documentos/RAdAR_worktrees/restructuracion_arquitectonica/data/raw/radar_weekly_flat/2025-07-21_semana_21julio_27julio_25,2025-07-21,twitter,1,/home/emilio/Documentos/RAdAR_worktrees/restructuracion_arquitectonica/data/raw/radar_weekly_flat/2025-07-21_semana_21julio_27julio_25/2025-07-21_semana_21julio_27julio_25_twitter.csv,/home/emilio/Documentos/RAdAR_worktrees/restructuracion_arquitectonica/data/text/radar_weekly_flat/twitter_semana_texto/2025-07-21_twitter.txt,ok,183,181,False,,output_md5=0d156d307d06fea9d8e3ba670fd5f269 size=38356
2026-05-04T15:10:38.473707+00:00,/home/emilio/Documentos/RAdAR_worktrees/restructuracion_arquitectonica/data/raw/radar_weekly_flat/2025-07-21_semana_21julio_27julio_25,2025-07-21,youtube,1,/home/emilio/Documentos/RAdAR_worktrees/restructuracion_arquitectonica/data/raw/radar_weekly_flat/2025-07-21_semana_21julio_27julio_25/2025-07-21_semana_21julio_27julio_25_youtube.csv,/home/emilio/Documentos/RAdAR_worktrees/restructuracion_arquitectonica/data/text/radar_weekly_flat/youtube_semana_texto/2025-07-21_youtube.txt,ok,4255,3430,False,,output_md5=3b5c4ff708cd0b98e262f0975c9874fa size=315010
2026-05-04T15:10:38.473707+00:00,/home/emilio/Documentos/RAdAR_worktrees/restructuracion_arquitectonica/data/raw/radar_weekly_flat/2025-07-21_semana_21julio_27julio_25,2025-07-21,medios,1,/home/emilio/Documentos/RAdAR_worktrees/restructuracion_arquitectonica/data/raw/radar_weekly_flat/2025-07-21_semana_21julio_27julio_25/2025-07-21_semana_21julio_27julio_25_medios.txt,/home/emilio/Documentos/RAdAR_worktrees/restructuracion_arquitectonica/data/text/radar_weekly_flat/medios_semana_texto/2025-07-21_medios.txt,ok,,,False,,output_md5=2f6d8a98a9a73be2522573944bc93e28 size=170406
2026-05-04T15:10:38.473707+00:00,/home/emilio/Documentos/RAdAR_worktrees/restructuracion_arquitectonica/data/raw/radar_weekly_flat/2025-07-28_semana_28julio_03agosto_25,2025-07-28,facebook,1,/home/emilio/Documentos/RAdAR_worktrees/restructuracion_arquitectonica/data/raw/radar_weekly_flat/2025-07-28_semana_28julio_03agosto_25/2025-07-28_semana_28julio_03agosto_25_facebook.csv,/home/emilio/Documentos/RAdAR_worktrees/restructuracion_arquitectonica/data/text/radar_weekly_flat/facebook_semana_texto/2025-07-28_facebook.txt,ok,43,27,False,,output_md5=7c35d32f407cdc5174e3e9a8b1fc64be size=11543
2026-05-04T15:10:38.473707+00:00,/home/emilio/Documentos/RAdAR_worktrees/restructuracion_arquitectonica/data/raw/radar_weekly_flat/2025-07-28_semana_28julio_03agosto_25,2025-07-28,twitter,1,/home/emilio/Documentos/RAdAR_worktrees/restructuracion_arquitectonica/data/raw/radar_weekly_flat/2025-07-28_semana_28julio_03agosto_25/2025-07-28_semana_28julio_03agosto_25_twitter.csv,/home/emilio/Documentos/RAdAR_worktrees/restructuracion_arquitectonica/data/text/radar_weekly_flat/twitter_semana_texto/2025-07-28_twitter.txt,ok,401,398,False,,output_md5=9d211b9501ec65eeb088a3e213084a7c size=101783
2026-05-04T15:10:38.473707+00:00,/home/emilio/Documentos/RAdAR_worktrees/restructuracion_arquitectonica/data/raw/radar_weekly_flat/2025-07-28_semana_28julio_03agosto_25,2025-07-28,youtube,1,/home/emilio/Documentos/RAdAR_worktrees/restructuracion_arquitectonica/data/raw/radar_weekly_flat/2025-07-28_semana_28julio_03agosto_25/2025-07-28_semana_28julio_03agosto_25_youtube.csv,/home/emilio/Documentos/RAdAR_worktrees/restructuracion_arquitectonica/data/text/radar_weekly_flat/youtube_semana_texto/2025-07-28_youtube.txt,ok,1520,939,False,,output_md5=06aaa6d4d9998712470bf3ec4dd79c24 size=82340
2026-05-04T15:10:38.473707+00:00,/home/emilio/Documentos/RAdAR_worktrees/restructuracion_arquitectonica/data/raw/radar_weekly_flat/2025-07-28_semana_28julio_03agosto_25,2025-07-28,medios,1,/home/emilio/Documentos/RAdAR_worktrees/restructuracion_arquitectonica/data/raw/radar_weekly_flat/2025-07-28_semana_28julio_03agosto_25/2025-07-28_semana_28julio_03agosto_25_medios.txt,/home/emilio/Documentos/RAdAR_worktrees/restructuracion_arquitectonica/data/text/radar_weekly_flat/medios_semana_texto/2025-07-28_medios.txt,ok,,,False,,output_md5=2e2998162570b7c8c91ba69df5e1eead size=255947
2026-05-04T15:10:38.473707+00:00,/home/emilio/Documentos/RAdAR_worktrees/restructuracion_arquitectonica/data/raw/radar_weekly_flat/2025-08-04_semana_04agosto_10agosto_25,2025-08-04,facebook,1,/home/emilio/Documentos/RAdAR_worktrees/restructuracion_arquitectonica/data/raw/radar_weekly_flat/2025-08-04_semana_04agosto_10agosto_25/2025-08-04_semana_04agosto_10agosto_25_facebook.csv,/home/emilio/Documentos/RAdAR_worktrees/restructuracion_arquitectonica/data/text/radar_weekly_flat/facebook_semana_texto/2025-08-04_facebook.txt,ok,31,24,False,,output_md5=16075746a9dcb5bcfa7df781a390069a size=8779
2026-05-04T15:10:38.473707+00:00,/home/emilio/Documentos/RAdAR_worktrees/restructuracion_arquitectonica/data/raw/radar_weekly_flat/2025-08-04_semana_04agosto_10agosto_25,2025-08-04,twitter,1,/home/emilio/Documentos/RAdAR_worktrees/restructuracion_arquitectonica/data/raw/radar_weekly_flat/2025-08-04_semana_04agosto_10agosto_25/2025-08-04_semana_04agosto_10agosto_25_twitter.csv,/home/emilio/Documentos/RAdAR_worktrees/restructuracion_arquitectonica/data/text/radar_weekly_flat/twitter_semana_texto/2025-08-04_twitter.txt,ok,13,12,False,,output_md5=2a6e6e449963338ac0b87df4e7f389d2 size=1500
2026-05-04T15:10:38.473707+00:00,/home/emilio/Documentos/RAdAR_worktrees/restructuracion_arquitectonica/data/raw/radar_weekly_flat/2025-08-04_semana_04agosto_10agosto_25,2025-08-04,youtube,1,/home/emilio/Documentos/RAdAR_worktrees/restructuracion_arquitectonica/data/raw/radar_weekly_flat/2025-08-04_semana_04agosto_10agosto_25/2025-08-04_semana_04agosto_10agosto_25_youtube.csv,/home/emilio/Documentos/RAdAR_worktrees/restructuracion_arquitectonica/data/text/radar_weekly_flat/youtube_semana_texto/2025-08-04_youtube.txt,ok,1147,680,False,,output_md5=805748bc1a6b8ed4ad1246b032e6c305 size=59879
2026-05-04T15:10:38.473707+00:00,/home/emilio/Documentos/RAdAR_worktrees/restructuracion_arquitectonica/data/raw/radar_weekly_flat/2025-08-04_semana_04agosto_10agosto_25,2025-08-04,medios,1,/home/emilio/Documentos/RAdAR_worktrees/restructuracion_arquitectonica/data/raw/radar_weekly_flat/2025-08-04_semana_04agosto_10agosto_25/2025-08-04_semana_04agosto_10agosto_25_medios.txt,/home/emilio/Documentos/RAdAR_worktrees/restructuracion_arquitectonica/data/text/radar_weekly_flat/medios_semana_texto/2025-08-04_medios.txt,ok,,,False,,output_md5=15482229ee17b14e119f7bc12ef570b4 size=231380
2026-05-04T15:10:38.473707+00:00,/home/emilio/Documentos/RAdAR_worktrees/restructuracion_arquitectonica/data/raw/radar_weekly_flat/2025-08-11_semana_11agosto_17agosto_25,2025-08-11,facebook,1,/home/emilio/Documentos/RAdAR_worktrees/restructuracion_arquitectonica/data/raw/radar_weekly_flat/2025-08-11_semana_11agosto_17agosto_25/2025-08-11_semana_11agosto_17agosto_25_facebook.csv,/home/emilio/Documentos/RAdAR_worktrees/restructuracion_arquitectonica/data/text/radar_weekly_flat/facebook_semana_texto/2025-08-11_facebook.txt,ok,46,28,False,,output_md5=fbb89366fe59fb9932c6dad94c1be8de size=11977
2026-05-04T15:10:38.473707+00:00,/home/emilio/Documentos/RAdAR_worktrees/restructuracion_arquitectonica/data/raw/radar_weekly_flat/2025-08-11_semana_11agosto_17agosto_25,2025-08-11,twitter,1,/home/emilio/Documentos/RAdAR_worktrees/restructuracion_arquitectonica/data/raw/radar_weekly_flat/2025-08-11_semana_11agosto_17agosto_25/2025-08-11_semana_11agosto_17agosto_25_twitter.csv,/home/emilio/Documentos/RAdAR_worktrees/restructuracion_arquitectonica/data/text/radar_weekly_flat/twitter_semana_texto/2025-08-11_twitter.txt,ok,4,4,False,,output_md5=548a0324b8f6a63a8913924666c7d340 size=620
2026-05-04T15:10:38.473707+00:00,/home/emilio/Documentos/RAdAR_worktrees/restructuracion_arquitectonica/data/raw/radar_weekly_flat/2025-08-11_semana_11agosto_17agosto_25,2025-08-11,youtube,1,/home/emilio/Documentos/RAdAR_worktrees/restructuracion_arquitectonica/data/raw/radar_weekly_flat/2025-08-11_semana_11agosto_17agosto_25/2025-08-11_semana_11agosto_17agosto_25_youtube.csv,/home/emilio/Documentos/RAdAR_worktrees/restructuracion_arquitectonica/data/text/radar_weekly_flat/youtube_semana_texto/2025-08-11_youtube.txt,ok,2798,1499,False,,output_md5=58f45c0520d3922ef4a0c27f42065386 size=153100
2026-05-04T15:10:38.473707+00:00,/home/emilio/Documentos/RAdAR_worktrees/restructuracion_arquitectonica/data/raw/radar_weekly_flat/2025-08-11_semana_11agosto_17agosto_25,2025-08-11,medios,1,/home/emilio/Documentos/RAdAR_worktrees/restructuracion_arquitectonica/data/raw/radar_weekly_flat/2025-08-11_semana_11agosto_17agosto_25/2025-08-11_semana_11agosto_17agosto_25_medios.txt,/home/emilio/Documentos/RAdAR_worktrees/restructuracion_arquitectonica/data/text/radar_weekly_flat/medios_semana_texto/2025-08-11_medios.txt,ok,,,False,,output_md5=6ec7a48b2a707b00a6ddfe38a86d1253 size=292983
2026-05-04T15:10:38.473707+00:00,/home/emilio/Documentos/RAdAR_worktrees/restructuracion_arquitectonica/data/raw/radar_weekly_flat/2025-08-18_semana_18agosto_24agosto_25,2025-08-18,facebook,1,/home/emilio/Documentos/RAdAR_worktrees/restructuracion_arquitectonica/data/raw/radar_weekly_flat/2025-08-18_semana_18agosto_24agosto_25/2025-08-18_semana_18agosto_24agosto_25_facebook.csv,/home/emilio/Documentos/RAdAR_worktrees/restructuracion_arquitectonica/data/text/radar_weekly_flat/facebook_semana_texto/2025-08-18_facebook.txt,ok,46,31,False,,output_md5=3a9b51e2251aee4e55fa2be8a3562f50 size=9896
2026-05-04T15:10:38.473707+00:00,/home/emilio/Documentos/RAdAR_worktrees/restructuracion_arquitectonica/data/raw/radar_weekly_flat/2025-08-18_semana_18agosto_24agosto_25,2025-08-18,twitter,1,/home/emilio/Documentos/RAdAR_worktrees/restructuracion_arquitectonica/data/raw/radar_weekly_flat/2025-08-18_semana_18agosto_24agosto_25/2025-08-18_semana_18agosto_24agosto_25_twitter.csv,/home/emilio/Documentos/RAdAR_worktrees/restructuracion_arquitectonica/data/text/radar_weekly_flat/twitter_semana_texto/2025-08-18_twitter.txt,ok,51,51,False,,output_md5=a4a36fb95a00fe14819bc200d93436aa size=5288
2026-05-04T15:10:38.473707+00:00,/home/emilio/Documentos/RAdAR_worktrees/restructuracion_arquitectonica/data/raw/radar_weekly_flat/2025-08-18_semana_18agosto_24agosto_25,2025-08-18,youtube,1,/home/emilio/Documentos/RAdAR_worktrees/restructuracion_arquitectonica/data/raw/radar_weekly_flat/2025-08-18_semana_18agosto_24agosto_25/2025-08-18_semana_18agosto_24agosto_25_youtube.csv,/home/emilio/Documentos/RAdAR_worktrees/restructuracion_arquitectonica/data/text/radar_weekly_flat/youtube_semana_texto/2025-08-18_youtube.txt,ok,416,255,False,,output_md5=b99e73aa3c96fd9f037302966e30e463 size=32169
2026-05-04T15:10:38.473707+00:00,/home/emilio/Documentos/RAdAR_worktrees/restructuracion_arquitectonica/data/raw/radar_weekly_flat/2025-08-18_semana_18agosto_24agosto_25,2025-08-18,medios,1,/home/emilio/Documentos/RAdAR_worktrees/restructuracion_arquitectonica/data/raw/radar_weekly_flat/2025-08-18_semana_18agosto_24agosto_25/2025-08-18_semana_18agosto_24agosto_25_medios.txt,/home/emilio/Documentos/RAdAR_worktrees/restructuracion_arquitectonica/data/text/radar_weekly_flat/medios_semana_texto/2025-08-18_medios.txt,ok,,,False,,output_md5=26f7b52382f36fdbee34369d2d882775 size=243806
2026-05-04T15:10:38.473707+00:00,/home/emilio/Documentos/RAdAR_worktrees/restructuracion_arquitectonica/data/raw/radar_weekly_flat/2025-08-25_semana_25agosto_31agosto_25,2025-08-25,facebook,1,/home/emilio/Documentos/RAdAR_worktrees/restructuracion_arquitectonica/data/raw/radar_weekly_flat/2025-08-25_semana_25agosto_31agosto_25/2025-08-25_semana_25agosto_31agosto_25_facebook.csv,/home/emilio/Documentos/RAdAR_worktrees/restructuracion_arquitectonica/data/text/radar_weekly_flat/facebook_semana_texto/2025-08-25_facebook.txt,ok,30,22,False,,output_md5=2aef21e575d722a244e036ed3ccd7f52 size=6815
2026-05-04T15:10:38.473707+00:00,/home/emilio/Documentos/RAdAR_worktrees/restructuracion_arquitectonica/data/raw/radar_weekly_flat/2025-08-25_semana_25agosto_31agosto_25,2025-08-25,twitter,1,/home/emilio/Documentos/RAdAR_worktrees/restructuracion_arquitectonica/data/raw/radar_weekly_flat/2025-08-25_semana_25agosto_31agosto_25/2025-08-25_semana_25agosto_31agosto_25_twitter.csv,/home/emilio/Documentos/RAdAR_worktrees/restructuracion_arquitectonica/data/text/radar_weekly_flat/twitter_semana_texto/2025-08-25_twitter.txt,ok,62,62,False,,output_md5=7e8f7d9fdda7dcc1d504873858582ceb size=15744
2026-05-04T15:10:38.473707+00:00,/home/emilio/Documentos/RAdAR_worktrees/restructuracion_arquitectonica/data/raw/radar_weekly_flat/2025-08-25_semana_25agosto_31agosto_25,2025-08-25,youtube,1,/home/emilio/Documentos/RAdAR_worktrees/restructuracion_arquitectonica/data/raw/radar_weekly_flat/2025-08-25_semana_25agosto_31agosto_25/2025-08-25_semana_25agosto_31agosto_25_youtube.csv,/home/emilio/Documentos/RAdAR_worktrees/restructuracion_arquitectonica/data/text/radar_weekly_flat/youtube_semana_texto/2025-08-25_youtube.txt,ok,796,416,False,,output_md5=6ab0ade30c2c0d97f4e3e70b4ca99d9e size=44900
2026-05-04T15:10:38.473707+00:00,/home/emilio/Documentos/RAdAR_worktrees/restructuracion_arquitectonica/data/raw/radar_weekly_flat/2025-08-25_semana_25agosto_31agosto_25,2025-08-25,medios,1,/home/emilio/Documentos/RAdAR_worktrees/restructuracion_arquitectonica/data/raw/radar_weekly_flat/2025-08-25_semana_25agosto_31agosto_25/2025-08-25_semana_25agosto_31agosto_25_medios.txt,/home/emilio/Documentos/RAdAR_worktrees/restructuracion_arquitectonica/data/text/radar_weekly_flat/medios_semana_texto/2025-08-25_medios.txt,ok,,,False,,output_md5=08a5803aacb626bdc84eec5d207c42eb size=314869
2026-05-04T15:10:38.473707+00:00,/home/emilio/Documentos/RAdAR_worktrees/restructuracion_arquitectonica/data/raw/radar_weekly_flat/2025-09-01_semana_01septiembre_07septiembre_25,2025-09-01,facebook,1,/home/emilio/Documentos/RAdAR_worktrees/restructuracion_arquitectonica/data/raw/radar_weekly_flat/2025-09-01_semana_01septiembre_07septiembre_25/2025-09-01_semana_01septiembre_07septiembre_25_facebook.csv,/home/emilio/Documentos/RAdAR_worktrees/restructuracion_arquitectonica/data/text/radar_weekly_flat/facebook_semana_texto/2025-09-01_facebook.txt,ok,104,100,False,,output_md5=1e22b70eed86a94270db5377ae961fda size=6965
2026-05-04T15:10:38.473707+00:00,/home/emilio/Documentos/RAdAR_worktrees/restructuracion_arquitectonica/data/raw/radar_weekly_flat/2025-09-01_semana_01septiembre_07septiembre_25,2025-09-01,twitter,1,/home/emilio/Documentos/RAdAR_worktrees/restructuracion_arquitectonica/data/raw/radar_weekly_flat/2025-09-01_semana_01septiembre_07septiembre_25/2025-09-01_semana_01septiembre_07septiembre_25_twitter.csv,/home/emilio/Documentos/RAdAR_worktrees/restructuracion_arquitectonica/data/text/radar_weekly_flat/twitter_semana_texto/2025-09-01_twitter.txt,ok,236,236,False,,output_md5=0d14e2924274daedc9684970c29b8d8d size=55229
2026-05-04T15:10:38.473707+00:00,/home/emilio/Documentos/RAdAR_worktrees/restructuracion_arquitectonica/data/raw/radar_weekly_flat/2025-09-01_semana_01septiembre_07septiembre_25,2025-09-01,youtube,1,/home/emilio/Documentos/RAdAR_worktrees/restructuracion_arquitectonica/data/raw/radar_weekly_flat/2025-09-01_semana_01septiembre_07septiembre_25/2025-09-01_semana_01septiembre_07septiembre_25_youtube.csv,/home/emilio/Documentos/RAdAR_worktrees/restructuracion_arquitectonica/data/text/radar_weekly_flat/youtube_semana_texto/2025-09-01_youtube.txt,ok,4827,2784,False,,output_md5=050cf48d3fb267ceb9c86d56f92d06d0 size=351633
2026-05-04T15:10:38.473707+00:00,/home/emilio/Documentos/RAdAR_worktrees/restructuracion_arquitectonica/data/raw/radar_weekly_flat/2025-09-01_semana_01septiembre_07septiembre_25,2025-09-01,medios,1,/home/emilio/Documentos/RAdAR_worktrees/restructuracion_arquitectonica/data/raw/radar_weekly_flat/2025-09-01_semana_01septiembre_07septiembre_25/2025-09-01_semana_01septiembre_07septiembre_25_medios.txt,/home/emilio/Documentos/RAdAR_worktrees/restructuracion_arquitectonica/data/text/radar_weekly_flat/medios_semana_texto/2025-09-01_medios.txt,ok,,,False,,output_md5=05e5a4bb997f1329787172205d0174fc size=211124
2026-05-04T15:10:38.473707+00:00,/home/emilio/Documentos/RAdAR_worktrees/restructuracion_arquitectonica/data/raw/radar_weekly_flat/2025-09-08_semana_08septiembre_14septiembre_25,2025-09-08,facebook,1,/home/emilio/Documentos/RAdAR_worktrees/restructuracion_arquitectonica/data/raw/radar_weekly_flat/2025-09-08_semana_08septiembre_14septiembre_25/2025-09-08_semana_08septiembre_14septiembre_25_facebook.csv,/home/emilio/Documentos/RAdAR_worktrees/restructuracion_arquitectonica/data/text/radar_weekly_flat/facebook_semana_texto/2025-09-08_facebook.txt,ok,36,28,False,,output_md5=43857ae2d23667e2e072288582f9ee50 size=5238
2026-05-04T15:10:38.473707+00:00,/home/emilio/Documentos/RAdAR_worktrees/restructuracion_arquitectonica/data/raw/radar_weekly_flat/2025-09-08_semana_08septiembre_14septiembre_25,2025-09-08,twitter,1,/home/emilio/Documentos/RAdAR_worktrees/restructuracion_arquitectonica/data/raw/radar_weekly_flat/2025-09-08_semana_08septiembre_14septiembre_25/2025-09-08_semana_08septiembre_14septiembre_25_twitter.csv,/home/emilio/Documentos/RAdAR_worktrees/restructuracion_arquitectonica/data/text/radar_weekly_flat/twitter_semana_texto/2025-09-08_twitter.txt,ok,58,58,False,,output_md5=c1d736e962b4812190dc555a7a583031 size=9494
2026-05-04T15:10:38.473707+00:00,/home/emilio/Documentos/RAdAR_worktrees/restructuracion_arquitectonica/data/raw/radar_weekly_flat/2025-09-08_semana_08septiembre_14septiembre_25,2025-09-08,youtube,1,/home/emilio/Documentos/RAdAR_worktrees/restructuracion_arquitectonica/data/raw/radar_weekly_flat/2025-09-08_semana_08septiembre_14septiembre_25/2025-09-08_semana_08septiembre_14septiembre_25_youtube.csv,/home/emilio/Documentos/RAdAR_worktrees/restructuracion_arquitectonica/data/text/radar_weekly_flat/youtube_semana_texto/2025-09-08_youtube.txt,ok,3299,1916,False,,output_md5=b0be09f17e8d0c30c124cda5c2213dc7 size=216586
2026-05-04T15:10:38.473707+00:00,/home/emilio/Documentos/RAdAR_worktrees/restructuracion_arquitectonica/data/raw/radar_weekly_flat/2025-09-08_semana_08septiembre_14septiembre_25,2025-09-08,medios,1,/home/emilio/Documentos/RAdAR_worktrees/restructuracion_arquitectonica/data/raw/radar_weekly_flat/2025-09-08_semana_08septiembre_14septiembre_25/2025-09-08_semana_08septiembre_14septiembre_25_medios.txt,/home/emilio/Documentos/RAdAR_worktrees/restructuracion_arquitectonica/data/text/radar_weekly_flat/medios_semana_texto/2025-09-08_medios.txt,ok,,,False,,output_md5=4510eca0daccd9a8badf3cef3e43e649 size=365629
2026-05-04T15:10:38.473707+00:00,/home/emilio/Documentos/RAdAR_worktrees/restructuracion_arquitectonica/data/raw/radar_weekly_flat/2025-09-15_semana_15septiembre_21septiembre_25,2025-09-15,facebook,1,/home/emilio/Documentos/RAdAR_worktrees/restructuracion_arquitectonica/data/raw/radar_weekly_flat/2025-09-15_semana_15septiembre_21septiembre_25/2025-09-15_semana_15septiembre_21septiembre_25_facebook.csv,/home/emilio/Documentos/RAdAR_worktrees/restructuracion_arquitectonica/data/text/radar_weekly_flat/facebook_semana_texto/2025-09-15_facebook.txt,ok,42,31,False,,output_md5=bd4850c4157e7d57c1cb8a7b2ddc1703 size=6966
2026-05-04T15:10:38.473707+00:00,/home/emilio/Documentos/RAdAR_worktrees/restructuracion_arquitectonica/data/raw/radar_weekly_flat/2025-09-15_semana_15septiembre_21septiembre_25,2025-09-15,twitter,1,/home/emilio/Documentos/RAdAR_worktrees/restructuracion_arquitectonica/data/raw/radar_weekly_flat/2025-09-15_semana_15septiembre_21septiembre_25/2025-09-15_semana_15septiembre_21septiembre_25_twitter.csv,/home/emilio/Documentos/RAdAR_worktrees/restructuracion_arquitectonica/data/text/radar_weekly_flat/twitter_semana_texto/2025-09-15_twitter.txt,ok,235,234,False,,output_md5=b833364e854beb0786718eec036719ca size=61859
2026-05-04T15:10:38.473707+00:00,/home/emilio/Documentos/RAdAR_worktrees/restructuracion_arquitectonica/data/raw/radar_weekly_flat/2025-09-15_semana_15septiembre_21septiembre_25,2025-09-15,youtube,1,/home/emilio/Documentos/RAdAR_worktrees/restructuracion_arquitectonica/data/raw/radar_weekly_flat/2025-09-15_semana_15septiembre_21septiembre_25/2025-09-15_semana_15septiembre_21septiembre_25_youtube.csv,/home/emilio/Documentos/RAdAR_worktrees/restructuracion_arquitectonica/data/text/radar_weekly_flat/youtube_semana_texto/2025-09-15_youtube.txt,ok,12041,5683,False,,output_md5=64e7b469867bacff8877e78bbae3722e size=599868
2026-05-04T15:10:38.473707+00:00,/home/emilio/Documentos/RAdAR_worktrees/restructuracion_arquitectonica/data/raw/radar_weekly_flat/2025-09-15_semana_15septiembre_21septiembre_25,2025-09-15,medios,1,/home/emilio/Documentos/RAdAR_worktrees/restructuracion_arquitectonica/data/raw/radar_weekly_flat/2025-09-15_semana_15septiembre_21septiembre_25/2025-09-15_semana_15septiembre_21septiembre_25_medios.txt,/home/emilio/Documentos/RAdAR_worktrees/restructuracion_arquitectonica/data/text/radar_weekly_flat/medios_semana_texto/2025-09-15_medios.txt,ok,,,False,,output_md5=c8c72d213d7059934cf496a429d3729a size=355769
2026-05-04T15:10:38.473707+00:00,/home/emilio/Documentos/RAdAR_worktrees/restructuracion_arquitectonica/data/raw/radar_weekly_flat/2025-09-22_semana_22septiembre_28septiembre_25,2025-09-22,facebook,1,/home/emilio/Documentos/RAdAR_worktrees/restructuracion_arquitectonica/data/raw/radar_weekly_flat/2025-09-22_semana_22septiembre_28septiembre_25/2025-09-22_semana_22septiembre_28septiembre_25_facebook.csv,/home/emilio/Documentos/RAdAR_worktrees/restructuracion_arquitectonica/data/text/radar_weekly_flat/facebook_semana_texto/2025-09-22_facebook.txt,ok,34,25,False,,output_md5=5fb8577aaf597d38c6faaad16c4dc2d9 size=7790
2026-05-04T15:10:38.473707+00:00,/home/emilio/Documentos/RAdAR_worktrees/restructuracion_arquitectonica/data/raw/radar_weekly_flat/2025-09-22_semana_22septiembre_28septiembre_25,2025-09-22,twitter,1,/home/emilio/Documentos/RAdAR_worktrees/restructuracion_arquitectonica/data/raw/radar_weekly_flat/2025-09-22_semana_22septiembre_28septiembre_25/2025-09-22_semana_22septiembre_28septiembre_25_twitter.csv,/home/emilio/Documentos/RAdAR_worktrees/restructuracion_arquitectonica/data/text/radar_weekly_flat/twitter_semana_texto/2025-09-22_twitter.txt,ok,132,130,False,,output_md5=cd91afa9efce61428a4a576ea24789cd size=26554
2026-05-04T15:10:38.473707+00:00,/home/emilio/Documentos/RAdAR_worktrees/restructuracion_arquitectonica/data/raw/radar_weekly_flat/2025-09-22_semana_22septiembre_28septiembre_25,2025-09-22,youtube,1,/home/emilio/Documentos/RAdAR_worktrees/restructuracion_arquitectonica/data/raw/radar_weekly_flat/2025-09-22_semana_22septiembre_28septiembre_25/2025-09-22_semana_22septiembre_28septiembre_25_youtube.csv,/home/emilio/Documentos/RAdAR_worktrees/restructuracion_arquitectonica/data/text/radar_weekly_flat/youtube_semana_texto/2025-09-22_youtube.txt,ok,997,511,False,,output_md5=93d3dcff247eb7c4e2a524a627226d4e size=61040
2026-05-04T15:10:38.473707+00:00,/home/emilio/Documentos/RAdAR_worktrees/restructuracion_arquitectonica/data/raw/radar_weekly_flat/2025-09-22_semana_22septiembre_28septiembre_25,2025-09-22,medios,1,/home/emilio/Documentos/RAdAR_worktrees/restructuracion_arquitectonica/data/raw/radar_weekly_flat/2025-09-22_semana_22septiembre_28septiembre_25/2025-09-22_semana_22septiembre_28septiembre_25_medios.txt,/home/emilio/Documentos/RAdAR_worktrees/restructuracion_arquitectonica/data/text/radar_weekly_flat/medios_semana_texto/2025-09-22_medios.txt,ok,,,False,,output_md5=f232ca16ce5555ccd68b11aa9133d86a size=342747
2026-05-04T15:10:38.473707+00:00,/home/emilio/Documentos/RAdAR_worktrees/restructuracion_arquitectonica/data/raw/radar_weekly_flat/2025-09-29_semana_29septiembre_05octubre_25,2025-09-29,facebook,1,/home/emilio/Documentos/RAdAR_worktrees/restructuracion_arquitectonica/data/raw/radar_weekly_flat/2025-09-29_semana_29septiembre_05octubre_25/2025-09-29_semana_29septiembre_05octubre_25_facebook.csv,/home/emilio/Documentos/RAdAR_worktrees/restructuracion_arquitectonica/data/text/radar_weekly_flat/facebook_semana_texto/2025-09-29_facebook.txt,ok,9,8,False,,output_md5=7daa4f75d1d18e5eea274111ebb6bf22 size=2022
2026-05-04T15:10:38.473707+00:00,/home/emilio/Documentos/RAdAR_worktrees/restructuracion_arquitectonica/data/raw/radar_weekly_flat/2025-09-29_semana_29septiembre_05octubre_25,2025-09-29,twitter,1,/home/emilio/Documentos/RAdAR_worktrees/restructuracion_arquitectonica/data/raw/radar_weekly_flat/2025-09-29_semana_29septiembre_05octubre_25/2025-09-29_semana_29septiembre_05octubre_25_twitter.csv,/home/emilio/Documentos/RAdAR_worktrees/restructuracion_arquitectonica/data/text/radar_weekly_flat/twitter_semana_texto/2025-09-29_twitter.txt,ok,238,233,False,,output_md5=a783279443710deb5e6a23200146f10c size=52770
2026-05-04T15:10:38.473707+00:00,/home/emilio/Documentos/RAdAR_worktrees/restructuracion_arquitectonica/data/raw/radar_weekly_flat/2025-09-29_semana_29septiembre_05octubre_25,2025-09-29,youtube,1,/home/emilio/Documentos/RAdAR_worktrees/restructuracion_arquitectonica/data/raw/radar_weekly_flat/2025-09-29_semana_29septiembre_05octubre_25/2025-09-29_semana_29septiembre_05octubre_25_youtube.csv,/home/emilio/Documentos/RAdAR_worktrees/restructuracion_arquitectonica/data/text/radar_weekly_flat/youtube_semana_texto/2025-09-29_youtube.txt,ok,555,311,False,,output_md5=830810928c91c958a0ec38bd91178e7f size=40907
2026-05-04T15:10:38.473707+00:00,/home/emilio/Documentos/RAdAR_worktrees/restructuracion_arquitectonica/data/raw/radar_weekly_flat/2025-09-29_semana_29septiembre_05octubre_25,2025-09-29,medios,1,/home/emilio/Documentos/RAdAR_worktrees/restructuracion_arquitectonica/data/raw/radar_weekly_flat/2025-09-29_semana_29septiembre_05octubre_25/2025-09-29_semana_29septiembre_05octubre_25_medios.txt,/home/emilio/Documentos/RAdAR_worktrees/restructuracion_arquitectonica/data/text/radar_weekly_flat/medios_semana_texto/2025-09-29_medios.txt,ok,,,False,,output_md5=8713d1463a57e0924ecddc666da7ed37 size=303556
2026-05-04T15:10:38.473707+00:00,/home/emilio/Documentos/RAdAR_worktrees/restructuracion_arquitectonica/data/raw/radar_weekly_flat/2025-10-06_semana_06octubre_12octubre_25,2025-10-06,facebook,1,/home/emilio/Documentos/RAdAR_worktrees/restructuracion_arquitectonica/data/raw/radar_weekly_flat/2025-10-06_semana_06octubre_12octubre_25/2025-10-06_semana_06octubre_12octubre_25_facebook.csv,/home/emilio/Documentos/RAdAR_worktrees/restructuracion_arquitectonica/data/text/radar_weekly_flat/facebook_semana_texto/2025-10-06_facebook.txt,ok,18,16,False,,output_md5=c97fb91a1d94bfde10788dcf3c1a9ec7 size=5115
2026-05-04T15:10:38.473707+00:00,/home/emilio/Documentos/RAdAR_worktrees/restructuracion_arquitectonica/data/raw/radar_weekly_flat/2025-10-06_semana_06octubre_12octubre_25,2025-10-06,twitter,1,/home/emilio/Documentos/RAdAR_worktrees/restructuracion_arquitectonica/data/raw/radar_weekly_flat/2025-10-06_semana_06octubre_12octubre_25/2025-10-06_semana_06octubre_12octubre_25_twitter.csv,/home/emilio/Documentos/RAdAR_worktrees/restructuracion_arquitectonica/data/text/radar_weekly_flat/twitter_semana_texto/2025-10-06_twitter.txt,ok,36,36,False,,output_md5=b2de857ef17f41b9249e29f3e01c5cb0 size=6095
2026-05-04T15:10:38.473707+00:00,/home/emilio/Documentos/RAdAR_worktrees/restructuracion_arquitectonica/data/raw/radar_weekly_flat/2025-10-06_semana_06octubre_12octubre_25,2025-10-06,youtube,1,/home/emilio/Documentos/RAdAR_worktrees/restructuracion_arquitectonica/data/raw/radar_weekly_flat/2025-10-06_semana_06octubre_12octubre_25/2025-10-06_semana_06octubre_12octubre_25_youtube.csv,/home/emilio/Documentos/RAdAR_worktrees/restructuracion_arquitectonica/data/text/radar_weekly_flat/youtube_semana_texto/2025-10-06_youtube.txt,ok,3248,1744,False,,output_md5=d9e3dbf42ff71ce4b8756255559408e6 size=211414
2026-05-04T15:10:38.473707+00:00,/home/emilio/Documentos/RAdAR_worktrees/restructuracion_arquitectonica/data/raw/radar_weekly_flat/2025-10-06_semana_06octubre_12octubre_25,2025-10-06,medios,1,/home/emilio/Documentos/RAdAR_worktrees/restructuracion_arquitectonica/data/raw/radar_weekly_flat/2025-10-06_semana_06octubre_12octubre_25/2025-10-06_semana_06octubre_12octubre_25_medios.txt,/home/emilio/Documentos/RAdAR_worktrees/restructuracion_arquitectonica/data/text/radar_weekly_flat/medios_semana_texto/2025-10-06_medios.txt,ok,,,False,,output_md5=da28b34b1549fbc2b9a77dea04db9bdd size=354731
2026-05-04T15:10:38.473707+00:00,/home/emilio/Documentos/RAdAR_worktrees/restructuracion_arquitectonica/data/raw/radar_weekly_flat/2025-10-13_semana_13octubre_19octubre_25,2025-10-13,facebook,1,/home/emilio/Documentos/RAdAR_worktrees/restructuracion_arquitectonica/data/raw/radar_weekly_flat/2025-10-13_semana_13octubre_19octubre_25/2025-10-13_semana_13octubre_19octubre_25_facebook.csv,/home/emilio/Documentos/RAdAR_worktrees/restructuracion_arquitectonica/data/text/radar_weekly_flat/facebook_semana_texto/2025-10-13_facebook.txt,ok,32,20,False,,output_md5=53f51c570c1195832a1729059401131f size=8680
2026-05-04T15:10:38.473707+00:00,/home/emilio/Documentos/RAdAR_worktrees/restructuracion_arquitectonica/data/raw/radar_weekly_flat/2025-10-13_semana_13octubre_19octubre_25,2025-10-13,twitter,1,/home/emilio/Documentos/RAdAR_worktrees/restructuracion_arquitectonica/data/raw/radar_weekly_flat/2025-10-13_semana_13octubre_19octubre_25/2025-10-13_semana_13octubre_19octubre_25_twitter.csv,/home/emilio/Documentos/RAdAR_worktrees/restructuracion_arquitectonica/data/text/radar_weekly_flat/twitter_semana_texto/2025-10-13_twitter.txt,ok,58,58,False,,output_md5=b6c9f48e60c373ad9ac908fe082d4fcc size=15168
2026-05-04T15:10:38.473707+00:00,/home/emilio/Documentos/RAdAR_worktrees/restructuracion_arquitectonica/data/raw/radar_weekly_flat/2025-10-13_semana_13octubre_19octubre_25,2025-10-13,youtube,1,/home/emilio/Documentos/RAdAR_worktrees/restructuracion_arquitectonica/data/raw/radar_weekly_flat/2025-10-13_semana_13octubre_19octubre_25/2025-10-13_semana_13octubre_19octubre_25_youtube.csv,/home/emilio/Documentos/RAdAR_worktrees/restructuracion_arquitectonica/data/text/radar_weekly_flat/youtube_semana_texto/2025-10-13_youtube.txt,ok,4570,2633,False,,output_md5=8bc4ee877411103a85bec772a8a18e84 size=337212
2026-05-04T15:10:38.473707+00:00,/home/emilio/Documentos/RAdAR_worktrees/restructuracion_arquitectonica/data/raw/radar_weekly_flat/2025-10-13_semana_13octubre_19octubre_25,2025-10-13,medios,1,/home/emilio/Documentos/RAdAR_worktrees/restructuracion_arquitectonica/data/raw/radar_weekly_flat/2025-10-13_semana_13octubre_19octubre_25/2025-10-13_semana_13octubre_19octubre_25_medios.txt,/home/emilio/Documentos/RAdAR_worktrees/restructuracion_arquitectonica/data/text/radar_weekly_flat/medios_semana_texto/2025-10-13_medios.txt,ok,,,False,,output_md5=e94c00d666c33a68937ed329e352ebb3 size=383590
2026-05-04T15:10:38.473707+00:00,/home/emilio/Documentos/RAdAR_worktrees/restructuracion_arquitectonica/data/raw/radar_weekly_flat/2025-10-20_semana_20octubre_26octubre_25,2025-10-20,facebook,1,/home/emilio/Documentos/RAdAR_worktrees/restructuracion_arquitectonica/data/raw/radar_weekly_flat/2025-10-20_semana_20octubre_26octubre_25/2025-10-20_semana_20octubre_26octubre_25_facebook.csv,/home/emilio/Documentos/RAdAR_worktrees/restructuracion_arquitectonica/data/text/radar_weekly_flat/facebook_semana_texto/2025-10-20_facebook.txt,ok,38,28,False,,output_md5=4640fb85c3e6f8f31f0331e32d230fed size=8825
2026-05-04T15:10:38.473707+00:00,/home/emilio/Documentos/RAdAR_worktrees/restructuracion_arquitectonica/data/raw/radar_weekly_flat/2025-10-20_semana_20octubre_26octubre_25,2025-10-20,twitter,1,/home/emilio/Documentos/RAdAR_worktrees/restructuracion_arquitectonica/data/raw/radar_weekly_flat/2025-10-20_semana_20octubre_26octubre_25/2025-10-20_semana_20octubre_26octubre_25_twitter.csv,/home/emilio/Documentos/RAdAR_worktrees/restructuracion_arquitectonica/data/text/radar_weekly_flat/twitter_semana_texto/2025-10-20_twitter.txt,ok,123,123,False,,output_md5=64d45d2e1c06a62394130ffc617cbbe3 size=24462
2026-05-04T15:10:38.473707+00:00,/home/emilio/Documentos/RAdAR_worktrees/restructuracion_arquitectonica/data/raw/radar_weekly_flat/2025-10-20_semana_20octubre_26octubre_25,2025-10-20,youtube,1,/home/emilio/Documentos/RAdAR_worktrees/restructuracion_arquitectonica/data/raw/radar_weekly_flat/2025-10-20_semana_20octubre_26octubre_25/2025-10-20_semana_20octubre_26octubre_25_youtube.csv,/home/emilio/Documentos/RAdAR_worktrees/restructuracion_arquitectonica/data/text/radar_weekly_flat/youtube_semana_texto/2025-10-20_youtube.txt,ok,5141,2677,False,,output_md5=a67b7d635e693ceb505e5d57d275db17 size=283839
2026-05-04T15:10:38.473707+00:00,/home/emilio/Documentos/RAdAR_worktrees/restructuracion_arquitectonica/data/raw/radar_weekly_flat/2025-10-20_semana_20octubre_26octubre_25,2025-10-20,medios,1,/home/emilio/Documentos/RAdAR_worktrees/restructuracion_arquitectonica/data/raw/radar_weekly_flat/2025-10-20_semana_20octubre_26octubre_25/2025-10-20_semana_20octubre_26octubre_25_medios.txt,/home/emilio/Documentos/RAdAR_worktrees/restructuracion_arquitectonica/data/text/radar_weekly_flat/medios_semana_texto/2025-10-20_medios.txt,ok,,,False,,output_md5=6743177ed7877ad9886aed07f8f0a0a2 size=352936
2026-05-04T15:10:38.473707+00:00,/home/emilio/Documentos/RAdAR_worktrees/restructuracion_arquitectonica/data/raw/radar_weekly_flat/2025-10-27_semana_27octubre_02noviembre_25,2025-10-27,facebook,1,/home/emilio/Documentos/RAdAR_worktrees/restructuracion_arquitectonica/data/raw/radar_weekly_flat/2025-10-27_semana_27octubre_02noviembre_25/2025-10-27_semana_27octubre_02noviembre_25_facebook.csv,/home/emilio/Documentos/RAdAR_worktrees/restructuracion_arquitectonica/data/text/radar_weekly_flat/facebook_semana_texto/2025-10-27_facebook.txt,ok,44,29,False,,output_md5=2f21e594fe23f2e6c91eb2bbaacaa096 size=7768
2026-05-04T15:10:38.473707+00:00,/home/emilio/Documentos/RAdAR_worktrees/restructuracion_arquitectonica/data/raw/radar_weekly_flat/2025-10-27_semana_27octubre_02noviembre_25,2025-10-27,twitter,1,/home/emilio/Documentos/RAdAR_worktrees/restructuracion_arquitectonica/data/raw/radar_weekly_flat/2025-10-27_semana_27octubre_02noviembre_25/2025-10-27_semana_27octubre_02noviembre_25_twitter.csv,/home/emilio/Documentos/RAdAR_worktrees/restructuracion_arquitectonica/data/text/radar_weekly_flat/twitter_semana_texto/2025-10-27_twitter.txt,ok,454,454,False,,output_md5=dc30a49c17369304cb68c995b9c611bc size=115730
2026-05-04T15:10:38.473707+00:00,/home/emilio/Documentos/RAdAR_worktrees/restructuracion_arquitectonica/data/raw/radar_weekly_flat/2025-10-27_semana_27octubre_02noviembre_25,2025-10-27,youtube,1,/home/emilio/Documentos/RAdAR_worktrees/restructuracion_arquitectonica/data/raw/radar_weekly_flat/2025-10-27_semana_27octubre_02noviembre_25/2025-10-27_semana_27octubre_02noviembre_25_youtube.csv,/home/emilio/Documentos/RAdAR_worktrees/restructuracion_arquitectonica/data/text/radar_weekly_flat/youtube_semana_texto/2025-10-27_youtube.txt,ok,7532,3354,False,,output_md5=36cb96a2c0a2dca3d5f9cd7dd5c1c6bb size=438498
2026-05-04T15:10:38.473707+00:00,/home/emilio/Documentos/RAdAR_worktrees/restructuracion_arquitectonica/data/raw/radar_weekly_flat/2025-10-27_semana_27octubre_02noviembre_25,2025-10-27,medios,1,/home/emilio/Documentos/RAdAR_worktrees/restructuracion_arquitectonica/data/raw/radar_weekly_flat/2025-10-27_semana_27octubre_02noviembre_25/2025-10-27_semana_27octubre_02noviembre_25_medios.txt,/home/emilio/Documentos/RAdAR_worktrees/restructuracion_arquitectonica/data/text/radar_weekly_flat/medios_semana_texto/2025-10-27_medios.txt,ok,,,False,,output_md5=1421481953d9f48e7dd3071377eeece0 size=364373
2026-05-04T15:10:38.473707+00:00,/home/emilio/Documentos/RAdAR_worktrees/restructuracion_arquitectonica/data/raw/radar_weekly_flat/2025-11-03_semana_03noviembre_09noviembre_25,2025-11-03,facebook,1,/home/emilio/Documentos/RAdAR_worktrees/restructuracion_arquitectonica/data/raw/radar_weekly_flat/2025-11-03_semana_03noviembre_09noviembre_25/2025-11-03_semana_03noviembre_09noviembre_25_facebook.csv,/home/emilio/Documentos/RAdAR_worktrees/restructuracion_arquitectonica/data/text/radar_weekly_flat/facebook_semana_texto/2025-11-03_facebook.txt,ok,38,27,False,,output_md5=917b05d5deb6560665ca7aa426c09860 size=8795
2026-05-04T15:10:38.473707+00:00,/home/emilio/Documentos/RAdAR_worktrees/restructuracion_arquitectonica/data/raw/radar_weekly_flat/2025-11-03_semana_03noviembre_09noviembre_25,2025-11-03,twitter,1,/home/emilio/Documentos/RAdAR_worktrees/restructuracion_arquitectonica/data/raw/radar_weekly_flat/2025-11-03_semana_03noviembre_09noviembre_25/2025-11-03_semana_03noviembre_09noviembre_25_twitter.csv,/home/emilio/Documentos/RAdAR_worktrees/restructuracion_arquitectonica/data/text/radar_weekly_flat/twitter_semana_texto/2025-11-03_twitter.txt,ok,87,86,False,,output_md5=538a7e39c796221a5f41f251835b4e6b size=22330
2026-05-04T15:10:38.473707+00:00,/home/emilio/Documentos/RAdAR_worktrees/restructuracion_arquitectonica/data/raw/radar_weekly_flat/2025-11-03_semana_03noviembre_09noviembre_25,2025-11-03,youtube,1,/home/emilio/Documentos/RAdAR_worktrees/restructuracion_arquitectonica/data/raw/radar_weekly_flat/2025-11-03_semana_03noviembre_09noviembre_25/2025-11-03_semana_03noviembre_09noviembre_25_youtube.csv,/home/emilio/Documentos/RAdAR_worktrees/restructuracion_arquitectonica/data/text/radar_weekly_flat/youtube_semana_texto/2025-11-03_youtube.txt,ok,4554,1881,False,,output_md5=fd958ebfe070c0e94d83ea4063a01c0e size=217668
2026-05-04T15:10:38.473707+00:00,/home/emilio/Documentos/RAdAR_worktrees/restructuracion_arquitectonica/data/raw/radar_weekly_flat/2025-11-03_semana_03noviembre_09noviembre_25,2025-11-03,medios,1,/home/emilio/Documentos/RAdAR_worktrees/restructuracion_arquitectonica/data/raw/radar_weekly_flat/2025-11-03_semana_03noviembre_09noviembre_25/2025-11-03_semana_03noviembre_09noviembre_25_medios.txt,/home/emilio/Documentos/RAdAR_worktrees/restructuracion_arquitectonica/data/text/radar_weekly_flat/medios_semana_texto/2025-11-03_medios.txt,ok,,,False,,output_md5=c3b3b01daf914e65604682de9357c506 size=298734
2026-05-04T15:10:38.473707+00:00,/home/emilio/Documentos/RAdAR_worktrees/restructuracion_arquitectonica/data/raw/radar_weekly_flat/2025-11-10_semana_10noviembre_16noviembre_25,2025-11-10,facebook,1,/home/emilio/Documentos/RAdAR_worktrees/restructuracion_arquitectonica/data/raw/radar_weekly_flat/2025-11-10_semana_10noviembre_16noviembre_25/2025-11-10_semana_10noviembre_16noviembre_25_facebook.csv,/home/emilio/Documentos/RAdAR_worktrees/restructuracion_arquitectonica/data/text/radar_weekly_flat/facebook_semana_texto/2025-11-10_facebook.txt,ok,431,413,False,,output_md5=3067202668c5446b88f6b3b4e063aca6 size=30422
2026-05-04T15:10:38.473707+00:00,/home/emilio/Documentos/RAdAR_worktrees/restructuracion_arquitectonica/data/raw/radar_weekly_flat/2025-11-10_semana_10noviembre_16noviembre_25,2025-11-10,twitter,1,/home/emilio/Documentos/RAdAR_worktrees/restructuracion_arquitectonica/data/raw/radar_weekly_flat/2025-11-10_semana_10noviembre_16noviembre_25/2025-11-10_semana_10noviembre_16noviembre_25_twitter.csv,/home/emilio/Documentos/RAdAR_worktrees/restructuracion_arquitectonica/data/text/radar_weekly_flat/twitter_semana_texto/2025-11-10_twitter.txt,ok,101,101,False,,output_md5=da06b0ceaa0bbe0301b040d1d7e8fb0f size=15892
2026-05-04T15:10:38.473707+00:00,/home/emilio/Documentos/RAdAR_worktrees/restructuracion_arquitectonica/data/raw/radar_weekly_flat/2025-11-10_semana_10noviembre_16noviembre_25,2025-11-10,youtube,1,/home/emilio/Documentos/RAdAR_worktrees/restructuracion_arquitectonica/data/raw/radar_weekly_flat/2025-11-10_semana_10noviembre_16noviembre_25/2025-11-10_semana_10noviembre_16noviembre_25_youtube.csv,/home/emilio/Documentos/RAdAR_worktrees/restructuracion_arquitectonica/data/text/radar_weekly_flat/youtube_semana_texto/2025-11-10_youtube.txt,ok,11262,11262,False,,output_md5=4ec4f074166fe366dd0354f1fa8853cc size=1891294
2026-05-04T15:10:38.473707+00:00,/home/emilio/Documentos/RAdAR_worktrees/restructuracion_arquitectonica/data/raw/radar_weekly_flat/2025-11-10_semana_10noviembre_16noviembre_25,2025-11-10,medios,1,/home/emilio/Documentos/RAdAR_worktrees/restructuracion_arquitectonica/data/raw/radar_weekly_flat/2025-11-10_semana_10noviembre_16noviembre_25/2025-11-10_semana_10noviembre_16noviembre_25_medios.txt,/home/emilio/Documentos/RAdAR_worktrees/restructuracion_arquitectonica/data/text/radar_weekly_flat/medios_semana_texto/2025-11-10_medios.txt,ok,,,False,,output_md5=dabd522845c418602dcb7ad25a97ffa5 size=350878
2026-05-04T15:10:38.473707+00:00,/home/emilio/Documentos/RAdAR_worktrees/restructuracion_arquitectonica/data/raw/radar_weekly_flat/2025-11-17_semana_17noviembre_23noviembre_25,2025-11-17,facebook,1,/home/emilio/Documentos/RAdAR_worktrees/restructuracion_arquitectonica/data/raw/radar_weekly_flat/2025-11-17_semana_17noviembre_23noviembre_25/2025-11-17_semana_17noviembre_23noviembre_25_facebook.csv,/home/emilio/Documentos/RAdAR_worktrees/restructuracion_arquitectonica/data/text/radar_weekly_flat/facebook_semana_texto/2025-11-17_facebook.txt,ok,350,316,False,,output_md5=ac4e925eb9d62a69ef47b3ca219e660d size=23226
2026-05-04T15:10:38.473707+00:00,/home/emilio/Documentos/RAdAR_worktrees/restructuracion_arquitectonica/data/raw/radar_weekly_flat/2025-11-17_semana_17noviembre_23noviembre_25,2025-11-17,twitter,1,/home/emilio/Documentos/RAdAR_worktrees/restructuracion_arquitectonica/data/raw/radar_weekly_flat/2025-11-17_semana_17noviembre_23noviembre_25/2025-11-17_semana_17noviembre_23noviembre_25_twitter.csv,/home/emilio/Documentos/RAdAR_worktrees/restructuracion_arquitectonica/data/text/radar_weekly_flat/twitter_semana_texto/2025-11-17_twitter.txt,ok,108,105,False,,output_md5=d8cb86416aef53a55c998cf2c06278ee size=17134
2026-05-04T15:10:38.473707+00:00,/home/emilio/Documentos/RAdAR_worktrees/restructuracion_arquitectonica/data/raw/radar_weekly_flat/2025-11-17_semana_17noviembre_23noviembre_25,2025-11-17,youtube,1,/home/emilio/Documentos/RAdAR_worktrees/restructuracion_arquitectonica/data/raw/radar_weekly_flat/2025-11-17_semana_17noviembre_23noviembre_25/2025-11-17_semana_17noviembre_23noviembre_25_youtube.csv,/home/emilio/Documentos/RAdAR_worktrees/restructuracion_arquitectonica/data/text/radar_weekly_flat/youtube_semana_texto/2025-11-17_youtube.txt,ok,3742,3059,False,,output_md5=f042d2497a24e42d643667c7f5e8ed4a size=383332
2026-05-04T15:10:38.473707+00:00,/home/emilio/Documentos/RAdAR_worktrees/restructuracion_arquitectonica/data/raw/radar_weekly_flat/2025-11-17_semana_17noviembre_23noviembre_25,2025-11-17,medios,1,/home/emilio/Documentos/RAdAR_worktrees/restructuracion_arquitectonica/data/raw/radar_weekly_flat/2025-11-17_semana_17noviembre_23noviembre_25/2025-11-17_semana_17noviembre_23noviembre_25_medios.txt,/home/emilio/Documentos/RAdAR_worktrees/restructuracion_arquitectonica/data/text/radar_weekly_flat/medios_semana_texto/2025-11-17_medios.txt,ok,,,False,,output_md5=14f33981152d5affe13d5133b19826ce size=383664
2026-05-04T15:10:38.473707+00:00,/home/emilio/Documentos/RAdAR_worktrees/restructuracion_arquitectonica/data/raw/radar_weekly_flat/2025-11-24_semana_24noviembre_30noviembre_25,2025-11-24,facebook,1,/home/emilio/Documentos/RAdAR_worktrees/restructuracion_arquitectonica/data/raw/radar_weekly_flat/2025-11-24_semana_24noviembre_30noviembre_25/2025-11-24_semana_24noviembre_30noviembre_25_facebook.csv,/home/emilio/Documentos/RAdAR_worktrees/restructuracion_arquitectonica/data/text/radar_weekly_flat/facebook_semana_texto/2025-11-24_facebook.txt,ok,247,166,False,,output_md5=6b9179d2ad1ffa975bf7f77f6e732302 size=15836
2026-05-04T15:10:38.473707+00:00,/home/emilio/Documentos/RAdAR_worktrees/restructuracion_arquitectonica/data/raw/radar_weekly_flat/2025-11-24_semana_24noviembre_30noviembre_25,2025-11-24,twitter,1,/home/emilio/Documentos/RAdAR_worktrees/restructuracion_arquitectonica/data/raw/radar_weekly_flat/2025-11-24_semana_24noviembre_30noviembre_25/2025-11-24_semana_24noviembre_30noviembre_25_twitter.csv,/home/emilio/Documentos/RAdAR_worktrees/restructuracion_arquitectonica/data/text/radar_weekly_flat/twitter_semana_texto/2025-11-24_twitter.txt,ok,81,78,False,,output_md5=334cb3e3264f12c417fb5d7dc4a1b572 size=15982
2026-05-04T15:10:38.473707+00:00,/home/emilio/Documentos/RAdAR_worktrees/restructuracion_arquitectonica/data/raw/radar_weekly_flat/2025-11-24_semana_24noviembre_30noviembre_25,2025-11-24,youtube,1,/home/emilio/Documentos/RAdAR_worktrees/restructuracion_arquitectonica/data/raw/radar_weekly_flat/2025-11-24_semana_24noviembre_30noviembre_25/2025-11-24_semana_24noviembre_30noviembre_25_youtube.csv,/home/emilio/Documentos/RAdAR_worktrees/restructuracion_arquitectonica/data/text/radar_weekly_flat/youtube_semana_texto/2025-11-24_youtube.txt,ok,3150,1566,False,,output_md5=61d77c6187db569e75ebc4dd57c672ab size=212804
2026-05-04T15:10:38.473707+00:00,/home/emilio/Documentos/RAdAR_worktrees/restructuracion_arquitectonica/data/raw/radar_weekly_flat/2025-11-24_semana_24noviembre_30noviembre_25,2025-11-24,medios,1,/home/emilio/Documentos/RAdAR_worktrees/restructuracion_arquitectonica/data/raw/radar_weekly_flat/2025-11-24_semana_24noviembre_30noviembre_25/2025-11-24_semana_24noviembre_30noviembre_25_medios.txt,/home/emilio/Documentos/RAdAR_worktrees/restructuracion_arquitectonica/data/text/radar_weekly_flat/medios_semana_texto/2025-11-24_medios.txt,ok,,,False,,output_md5=ecb8f5e048aeffa69229ca8b7f893d19 size=307143
2026-05-04T15:10:38.473707+00:00,/home/emilio/Documentos/RAdAR_worktrees/restructuracion_arquitectonica/data/raw/radar_weekly_flat/2025-12-01_semana_01diciembre_07diciembre_25,2025-12-01,facebook,1,/home/emilio/Documentos/RAdAR_worktrees/restructuracion_arquitectonica/data/raw/radar_weekly_flat/2025-12-01_semana_01diciembre_07diciembre_25/2025-12-01_semana_01diciembre_07diciembre_25_facebook.csv,/home/emilio/Documentos/RAdAR_worktrees/restructuracion_arquitectonica/data/text/radar_weekly_flat/facebook_semana_texto/2025-12-01_facebook.txt,ok,374,327,False,,output_md5=ad3fe5bec982ef28edd24f832d435504 size=26342
2026-05-04T15:10:38.473707+00:00,/home/emilio/Documentos/RAdAR_worktrees/restructuracion_arquitectonica/data/raw/radar_weekly_flat/2025-12-01_semana_01diciembre_07diciembre_25,2025-12-01,twitter,1,/home/emilio/Documentos/RAdAR_worktrees/restructuracion_arquitectonica/data/raw/radar_weekly_flat/2025-12-01_semana_01diciembre_07diciembre_25/2025-12-01_semana_01diciembre_07diciembre_25_twitter.csv,/home/emilio/Documentos/RAdAR_worktrees/restructuracion_arquitectonica/data/text/radar_weekly_flat/twitter_semana_texto/2025-12-01_twitter.txt,ok,70,70,False,,output_md5=f66058b2d97e71a2816a10f3c7e91c7c size=13049
2026-05-04T15:10:38.473707+00:00,/home/emilio/Documentos/RAdAR_worktrees/restructuracion_arquitectonica/data/raw/radar_weekly_flat/2025-12-01_semana_01diciembre_07diciembre_25,2025-12-01,youtube,1,/home/emilio/Documentos/RAdAR_worktrees/restructuracion_arquitectonica/data/raw/radar_weekly_flat/2025-12-01_semana_01diciembre_07diciembre_25/2025-12-01_semana_01diciembre_07diciembre_25_youtube.csv,/home/emilio/Documentos/RAdAR_worktrees/restructuracion_arquitectonica/data/text/radar_weekly_flat/youtube_semana_texto/2025-12-01_youtube.txt,ok,2228,1106,False,,output_md5=f1729e4ed2709f09e476354f789a3ff4 size=182547
2026-05-04T15:10:38.473707+00:00,/home/emilio/Documentos/RAdAR_worktrees/restructuracion_arquitectonica/data/raw/radar_weekly_flat/2025-12-01_semana_01diciembre_07diciembre_25,2025-12-01,medios,1,/home/emilio/Documentos/RAdAR_worktrees/restructuracion_arquitectonica/data/raw/radar_weekly_flat/2025-12-01_semana_01diciembre_07diciembre_25/2025-12-01_semana_01diciembre_07diciembre_25_medios.txt,/home/emilio/Documentos/RAdAR_worktrees/restructuracion_arquitectonica/data/text/radar_weekly_flat/medios_semana_texto/2025-12-01_medios.txt,ok,,,False,,output_md5=f9b9330c83d8cb0a3ceeacca66aed0cc size=385266
2026-05-04T15:10:38.473707+00:00,/home/emilio/Documentos/RAdAR_worktrees/restructuracion_arquitectonica/data/raw/radar_weekly_flat/2025-12-08_semana_08diciembre_14diciembre_25,2025-12-08,facebook,1,/home/emilio/Documentos/RAdAR_worktrees/restructuracion_arquitectonica/data/raw/radar_weekly_flat/2025-12-08_semana_08diciembre_14diciembre_25/2025-12-08_semana_08diciembre_14diciembre_25_facebook.csv,/home/emilio/Documentos/RAdAR_worktrees/restructuracion_arquitectonica/data/text/radar_weekly_flat/facebook_semana_texto/2025-12-08_facebook.txt,ok,412,371,False,,output_md5=48c9ac4c930771d339e797fa4481f281 size=27548
2026-05-04T15:10:38.473707+00:00,/home/emilio/Documentos/RAdAR_worktrees/restructuracion_arquitectonica/data/raw/radar_weekly_flat/2025-12-08_semana_08diciembre_14diciembre_25,2025-12-08,twitter,1,/home/emilio/Documentos/RAdAR_worktrees/restructuracion_arquitectonica/data/raw/radar_weekly_flat/2025-12-08_semana_08diciembre_14diciembre_25/2025-12-08_semana_08diciembre_14diciembre_25_twitter.csv,/home/emilio/Documentos/RAdAR_worktrees/restructuracion_arquitectonica/data/text/radar_weekly_flat/twitter_semana_texto/2025-12-08_twitter.txt,ok,60,54,False,,output_md5=ef68a695bb84a9f8b7d85ed0af61b6fe size=8392
2026-05-04T15:10:38.473707+00:00,/home/emilio/Documentos/RAdAR_worktrees/restructuracion_arquitectonica/data/raw/radar_weekly_flat/2025-12-08_semana_08diciembre_14diciembre_25,2025-12-08,youtube,1,/home/emilio/Documentos/RAdAR_worktrees/restructuracion_arquitectonica/data/raw/radar_weekly_flat/2025-12-08_semana_08diciembre_14diciembre_25/2025-12-08_semana_08diciembre_14diciembre_25_youtube.csv,/home/emilio/Documentos/RAdAR_worktrees/restructuracion_arquitectonica/data/text/radar_weekly_flat/youtube_semana_texto/2025-12-08_youtube.txt,ok,7654,2951,False,,output_md5=f9bbf1a583f63607917ae6d923c9e73c size=402701
2026-05-04T15:10:38.473707+00:00,/home/emilio/Documentos/RAdAR_worktrees/restructuracion_arquitectonica/data/raw/radar_weekly_flat/2025-12-08_semana_08diciembre_14diciembre_25,2025-12-08,medios,1,/home/emilio/Documentos/RAdAR_worktrees/restructuracion_arquitectonica/data/raw/radar_weekly_flat/2025-12-08_semana_08diciembre_14diciembre_25/2025-12-08_semana_08diciembre_14diciembre_25_medios.txt,/home/emilio/Documentos/RAdAR_worktrees/restructuracion_arquitectonica/data/text/radar_weekly_flat/medios_semana_texto/2025-12-08_medios.txt,ok,,,False,,output_md5=ffae7e265c00975edf7bd70cbf918ddd size=360794
2026-05-04T15:10:38.473707+00:00,/home/emilio/Documentos/RAdAR_worktrees/restructuracion_arquitectonica/data/raw/radar_weekly_flat/2025-12-15_semana_15diciembre_21diciembre_25,2025-12-15,facebook,1,/home/emilio/Documentos/RAdAR_worktrees/restructuracion_arquitectonica/data/raw/radar_weekly_flat/2025-12-15_semana_15diciembre_21diciembre_25/2025-12-15_semana_15diciembre_21diciembre_25_facebook.csv,/home/emilio/Documentos/RAdAR_worktrees/restructuracion_arquitectonica/data/text/radar_weekly_flat/facebook_semana_texto/2025-12-15_facebook.txt,ok,452,390,False,,output_md5=4e3669945a0e5aea54c7a6bd0c206f3e size=36489
2026-05-04T15:10:38.473707+00:00,/home/emilio/Documentos/RAdAR_worktrees/restructuracion_arquitectonica/data/raw/radar_weekly_flat/2025-12-15_semana_15diciembre_21diciembre_25,2025-12-15,twitter,1,/home/emilio/Documentos/RAdAR_worktrees/restructuracion_arquitectonica/data/raw/radar_weekly_flat/2025-12-15_semana_15diciembre_21diciembre_25/2025-12-15_semana_15diciembre_21diciembre_25_twitter.csv,/home/emilio/Documentos/RAdAR_worktrees/restructuracion_arquitectonica/data/text/radar_weekly_flat/twitter_semana_texto/2025-12-15_twitter.txt,ok,50,49,False,,output_md5=05fdfacd6a3a6aee11c428a6d8bc64d9 size=9187
2026-05-04T15:10:38.473707+00:00,/home/emilio/Documentos/RAdAR_worktrees/restructuracion_arquitectonica/data/raw/radar_weekly_flat/2025-12-15_semana_15diciembre_21diciembre_25,2025-12-15,youtube,1,/home/emilio/Documentos/RAdAR_worktrees/restructuracion_arquitectonica/data/raw/radar_weekly_flat/2025-12-15_semana_15diciembre_21diciembre_25/2025-12-15_semana_15diciembre_21diciembre_25_youtube.csv,/home/emilio/Documentos/RAdAR_worktrees/restructuracion_arquitectonica/data/text/radar_weekly_flat/youtube_semana_texto/2025-12-15_youtube.txt,ok,8044,3922,False,,output_md5=28b98a8626990e13dbaefeaaccbd6790 size=508828
2026-05-04T15:10:38.473707+00:00,/home/emilio/Documentos/RAdAR_worktrees/restructuracion_arquitectonica/data/raw/radar_weekly_flat/2025-12-15_semana_15diciembre_21diciembre_25,2025-12-15,medios,1,/home/emilio/Documentos/RAdAR_worktrees/restructuracion_arquitectonica/data/raw/radar_weekly_flat/2025-12-15_semana_15diciembre_21diciembre_25/2025-12-15_semana_15diciembre_21diciembre_25_medios.txt,/home/emilio/Documentos/RAdAR_worktrees/restructuracion_arquitectonica/data/text/radar_weekly_flat/medios_semana_texto/2025-12-15_medios.txt,ok,,,False,,output_md5=a6c6b0e3feff835b832b77397d089231 size=359851
2026-05-04T15:10:38.473707+00:00,/home/emilio/Documentos/RAdAR_worktrees/restructuracion_arquitectonica/data/raw/radar_weekly_flat/2025-12-22_semana_22diciembre_28diciembre_25,2025-12-22,facebook,1,/home/emilio/Documentos/RAdAR_worktrees/restructuracion_arquitectonica/data/raw/radar_weekly_flat/2025-12-22_semana_22diciembre_28diciembre_25/2025-12-22_semana_22diciembre_28diciembre_25_facebook.csv,/home/emilio/Documentos/RAdAR_worktrees/restructuracion_arquitectonica/data/text/radar_weekly_flat/facebook_semana_texto/2025-12-22_facebook.txt,ok,498,414,False,,output_md5=ac3797b1fbda9c0380b7ac51b0792178 size=29979
2026-05-04T15:10:38.473707+00:00,/home/emilio/Documentos/RAdAR_worktrees/restructuracion_arquitectonica/data/raw/radar_weekly_flat/2025-12-22_semana_22diciembre_28diciembre_25,2025-12-22,twitter,1,/home/emilio/Documentos/RAdAR_worktrees/restructuracion_arquitectonica/data/raw/radar_weekly_flat/2025-12-22_semana_22diciembre_28diciembre_25/2025-12-22_semana_22diciembre_28diciembre_25_twitter.csv,/home/emilio/Documentos/RAdAR_worktrees/restructuracion_arquitectonica/data/text/radar_weekly_flat/twitter_semana_texto/2025-12-22_twitter.txt,ok,106,106,False,,output_md5=47cb0e815c53fae69e355c29fe2f0299 size=15041
2026-05-04T15:10:38.473707+00:00,/home/emilio/Documentos/RAdAR_worktrees/restructuracion_arquitectonica/data/raw/radar_weekly_flat/2025-12-22_semana_22diciembre_28diciembre_25,2025-12-22,youtube,1,/home/emilio/Documentos/RAdAR_worktrees/restructuracion_arquitectonica/data/raw/radar_weekly_flat/2025-12-22_semana_22diciembre_28diciembre_25/2025-12-22_semana_22diciembre_28diciembre_25_youtube.csv,/home/emilio/Documentos/RAdAR_worktrees/restructuracion_arquitectonica/data/text/radar_weekly_flat/youtube_semana_texto/2025-12-22_youtube.txt,ok,2860,1381,False,,output_md5=965910e66edc323c62cd33625bda639b size=144633
2026-05-04T15:10:38.473707+00:00,/home/emilio/Documentos/RAdAR_worktrees/restructuracion_arquitectonica/data/raw/radar_weekly_flat/2025-12-22_semana_22diciembre_28diciembre_25,2025-12-22,medios,1,/home/emilio/Documentos/RAdAR_worktrees/restructuracion_arquitectonica/data/raw/radar_weekly_flat/2025-12-22_semana_22diciembre_28diciembre_25/2025-12-22_semana_22diciembre_28diciembre_25_medios.txt,/home/emilio/Documentos/RAdAR_worktrees/restructuracion_arquitectonica/data/text/radar_weekly_flat/medios_semana_texto/2025-12-22_medios.txt,ok,,,False,,output_md5=54031b536423823ccc4c566b9f5ddced size=265858
2026-05-04T15:10:38.473707+00:00,/home/emilio/Documentos/RAdAR_worktrees/restructuracion_arquitectonica/data/raw/radar_weekly_flat/2025-12-29_semana_29diciembre_04enero_26,2025-12-29,facebook,1,/home/emilio/Documentos/RAdAR_worktrees/restructuracion_arquitectonica/data/raw/radar_weekly_flat/2025-12-29_semana_29diciembre_04enero_26/2025-12-29_semana_29diciembre_04enero_26_facebook.csv,/home/emilio/Documentos/RAdAR_worktrees/restructuracion_arquitectonica/data/text/radar_weekly_flat/facebook_semana_texto/2025-12-29_facebook.txt,ok,427,353,False,,output_md5=948989c40f282865e8781862c14beb6c size=24208
2026-05-04T15:10:38.473707+00:00,/home/emilio/Documentos/RAdAR_worktrees/restructuracion_arquitectonica/data/raw/radar_weekly_flat/2025-12-29_semana_29diciembre_04enero_26,2025-12-29,twitter,1,/home/emilio/Documentos/RAdAR_worktrees/restructuracion_arquitectonica/data/raw/radar_weekly_flat/2025-12-29_semana_29diciembre_04enero_26/2025-12-29_semana_29diciembre_04enero_26_twitter.csv,/home/emilio/Documentos/RAdAR_worktrees/restructuracion_arquitectonica/data/text/radar_weekly_flat/twitter_semana_texto/2025-12-29_twitter.txt,ok,88,87,False,,output_md5=93d80eae21e7eab57a599d09264066e2 size=12041
2026-05-04T15:10:38.473707+00:00,/home/emilio/Documentos/RAdAR_worktrees/restructuracion_arquitectonica/data/raw/radar_weekly_flat/2025-12-29_semana_29diciembre_04enero_26,2025-12-29,youtube,1,/home/emilio/Documentos/RAdAR_worktrees/restructuracion_arquitectonica/data/raw/radar_weekly_flat/2025-12-29_semana_29diciembre_04enero_26/2025-12-29_semana_29diciembre_04enero_26_youtube.csv,/home/emilio/Documentos/RAdAR_worktrees/restructuracion_arquitectonica/data/text/radar_weekly_flat/youtube_semana_texto/2025-12-29_youtube.txt,ok,8784,4043,False,,output_md5=b80fca3c0b85db285ad6bdc56a58be1b size=465786
2026-05-04T15:10:38.473707+00:00,/home/emilio/Documentos/RAdAR_worktrees/restructuracion_arquitectonica/data/raw/radar_weekly_flat/2025-12-29_semana_29diciembre_04enero_26,2025-12-29,medios,1,/home/emilio/Documentos/RAdAR_worktrees/restructuracion_arquitectonica/data/raw/radar_weekly_flat/2025-12-29_semana_29diciembre_04enero_26/2025-12-29_semana_29diciembre_04enero_26_medios.txt,/home/emilio/Documentos/RAdAR_worktrees/restructuracion_arquitectonica/data/text/radar_weekly_flat/medios_semana_texto/2025-12-29_medios.txt,ok,,,False,,output_md5=cb10473366955dc7c5871892c964aa71 size=392477
2026-05-04T15:10:38.473707+00:00,/home/emilio/Documentos/RAdAR_worktrees/restructuracion_arquitectonica/data/raw/radar_weekly_flat/2026-01-05_semana_05enero_11enero_26,2026-01-05,facebook,1,/home/emilio/Documentos/RAdAR_worktrees/restructuracion_arquitectonica/data/raw/radar_weekly_flat/2026-01-05_semana_05enero_11enero_26/2026-01-05_semana_05enero_11enero_26_facebook.csv,/home/emilio/Documentos/RAdAR_worktrees/restructuracion_arquitectonica/data/text/radar_weekly_flat/facebook_semana_texto/2026-01-05_facebook.txt,ok,345,296,False,,output_md5=2cd147055d0cc6749afbc2b3e8ad2105 size=25271
2026-05-04T15:10:38.473707+00:00,/home/emilio/Documentos/RAdAR_worktrees/restructuracion_arquitectonica/data/raw/radar_weekly_flat/2026-01-05_semana_05enero_11enero_26,2026-01-05,twitter,1,/home/emilio/Documentos/RAdAR_worktrees/restructuracion_arquitectonica/data/raw/radar_weekly_flat/2026-01-05_semana_05enero_11enero_26/2026-01-05_semana_05enero_11enero_26_twitter.csv,/home/emilio/Documentos/RAdAR_worktrees/restructuracion_arquitectonica/data/text/radar_weekly_flat/twitter_semana_texto/2026-01-05_twitter.txt,ok,3,3,False,,output_md5=6c7c514d786a1b4b59c23e0b6a89abc6 size=699
2026-05-04T15:10:38.473707+00:00,/home/emilio/Documentos/RAdAR_worktrees/restructuracion_arquitectonica/data/raw/radar_weekly_flat/2026-01-05_semana_05enero_11enero_26,2026-01-05,youtube,1,/home/emilio/Documentos/RAdAR_worktrees/restructuracion_arquitectonica/data/raw/radar_weekly_flat/2026-01-05_semana_05enero_11enero_26/2026-01-05_semana_05enero_11enero_26_youtube.csv,/home/emilio/Documentos/RAdAR_worktrees/restructuracion_arquitectonica/data/text/radar_weekly_flat/youtube_semana_texto/2026-01-05_youtube.txt,ok,2472,1188,False,,output_md5=278cc4331a01bade38164686872d8b07 size=136930
2026-05-04T15:10:38.473707+00:00,/home/emilio/Documentos/RAdAR_worktrees/restructuracion_arquitectonica/data/raw/radar_weekly_flat/2026-01-05_semana_05enero_11enero_26,2026-01-05,medios,1,/home/emilio/Documentos/RAdAR_worktrees/restructuracion_arquitectonica/data/raw/radar_weekly_flat/2026-01-05_semana_05enero_11enero_26/2026-01-05_semana_05enero_11enero_26_medios.txt,/home/emilio/Documentos/RAdAR_worktrees/restructuracion_arquitectonica/data/text/radar_weekly_flat/medios_semana_texto/2026-01-05_medios.txt,ok,,,False,,output_md5=21558fe739f625c1fec298a690d79169 size=364543
2026-05-04T15:10:38.473707+00:00,/home/emilio/Documentos/RAdAR_worktrees/restructuracion_arquitectonica/data/raw/radar_weekly_flat/2026-01-12_semana_12enero_18enero_26,2026-01-12,facebook,1,/home/emilio/Documentos/RAdAR_worktrees/restructuracion_arquitectonica/data/raw/radar_weekly_flat/2026-01-12_semana_12enero_18enero_26/2026-01-12_semana_12enero_18enero_26_facebook.csv,/home/emilio/Documentos/RAdAR_worktrees/restructuracion_arquitectonica/data/text/radar_weekly_flat/facebook_semana_texto/2026-01-12_facebook.txt,ok,521,417,False,,output_md5=5347988ba9a0ecdc05f222d3a0f3ee73 size=33151
2026-05-04T15:10:38.473707+00:00,/home/emilio/Documentos/RAdAR_worktrees/restructuracion_arquitectonica/data/raw/radar_weekly_flat/2026-01-12_semana_12enero_18enero_26,2026-01-12,twitter,1,/home/emilio/Documentos/RAdAR_worktrees/restructuracion_arquitectonica/data/raw/radar_weekly_flat/2026-01-12_semana_12enero_18enero_26/2026-01-12_semana_12enero_18enero_26_twitter.csv,/home/emilio/Documentos/RAdAR_worktrees/restructuracion_arquitectonica/data/text/radar_weekly_flat/twitter_semana_texto/2026-01-12_twitter.txt,ok,77,71,False,,output_md5=df164f1f925709720d3327dcd8b01f11 size=12247
2026-05-04T15:10:38.473707+00:00,/home/emilio/Documentos/RAdAR_worktrees/restructuracion_arquitectonica/data/raw/radar_weekly_flat/2026-01-12_semana_12enero_18enero_26,2026-01-12,youtube,1,/home/emilio/Documentos/RAdAR_worktrees/restructuracion_arquitectonica/data/raw/radar_weekly_flat/2026-01-12_semana_12enero_18enero_26/2026-01-12_semana_12enero_18enero_26_youtube.csv,/home/emilio/Documentos/RAdAR_worktrees/restructuracion_arquitectonica/data/text/radar_weekly_flat/youtube_semana_texto/2026-01-12_youtube.txt,ok,12214,6052,False,,output_md5=45c678edd876c633fc53689103b01737 size=676101
2026-05-04T15:10:38.473707+00:00,/home/emilio/Documentos/RAdAR_worktrees/restructuracion_arquitectonica/data/raw/radar_weekly_flat/2026-01-12_semana_12enero_18enero_26,2026-01-12,medios,1,/home/emilio/Documentos/RAdAR_worktrees/restructuracion_arquitectonica/data/raw/radar_weekly_flat/2026-01-12_semana_12enero_18enero_26/2026-01-12_semana_12enero_18enero_26_medios.txt,/home/emilio/Documentos/RAdAR_worktrees/restructuracion_arquitectonica/data/text/radar_weekly_flat/medios_semana_texto/2026-01-12_medios.txt,ok,,,False,,output_md5=550e411aeda0900aecc20b25a397a1cd size=412692
2026-05-04T15:10:38.473707+00:00,/home/emilio/Documentos/RAdAR_worktrees/restructuracion_arquitectonica/data/raw/radar_weekly_flat/2026-01-19_semana_19enero_25enero_26,2026-01-19,facebook,1,/home/emilio/Documentos/RAdAR_worktrees/restructuracion_arquitectonica/data/raw/radar_weekly_flat/2026-01-19_semana_19enero_25enero_26/2026-01-19_semana_19enero_25enero_26_facebook.csv,/home/emilio/Documentos/RAdAR_worktrees/restructuracion_arquitectonica/data/text/radar_weekly_flat/facebook_semana_texto/2026-01-19_facebook.txt,ok,540,416,False,,output_md5=f1292e67c1a8745ff2302e4d7f4a9f57 size=32124
2026-05-04T15:10:38.473707+00:00,/home/emilio/Documentos/RAdAR_worktrees/restructuracion_arquitectonica/data/raw/radar_weekly_flat/2026-01-19_semana_19enero_25enero_26,2026-01-19,twitter,1,/home/emilio/Documentos/RAdAR_worktrees/restructuracion_arquitectonica/data/raw/radar_weekly_flat/2026-01-19_semana_19enero_25enero_26/2026-01-19_semana_19enero_25enero_26_twitter.csv,/home/emilio/Documentos/RAdAR_worktrees/restructuracion_arquitectonica/data/text/radar_weekly_flat/twitter_semana_texto/2026-01-19_twitter.txt,ok,54,52,False,,output_md5=aeb5c8ae2968334f591825e0f738515e size=8817
2026-05-04T15:10:38.473707+00:00,/home/emilio/Documentos/RAdAR_worktrees/restructuracion_arquitectonica/data/raw/radar_weekly_flat/2026-01-19_semana_19enero_25enero_26,2026-01-19,youtube,1,/home/emilio/Documentos/RAdAR_worktrees/restructuracion_arquitectonica/data/raw/radar_weekly_flat/2026-01-19_semana_19enero_25enero_26/2026-01-19_semana_19enero_25enero_26_youtube.csv,/home/emilio/Documentos/RAdAR_worktrees/restructuracion_arquitectonica/data/text/radar_weekly_flat/youtube_semana_texto/2026-01-19_youtube.txt,ok,6890,2723,False,,output_md5=5324572ecc1440b6a2d2d59870ce69bc size=325368
2026-05-04T15:10:38.473707+00:00,/home/emilio/Documentos/RAdAR_worktrees/restructuracion_arquitectonica/data/raw/radar_weekly_flat/2026-01-19_semana_19enero_25enero_26,2026-01-19,medios,1,/home/emilio/Documentos/RAdAR_worktrees/restructuracion_arquitectonica/data/raw/radar_weekly_flat/2026-01-19_semana_19enero_25enero_26/2026-01-19_semana_19enero_25enero_26_medios.txt,/home/emilio/Documentos/RAdAR_worktrees/restructuracion_arquitectonica/data/text/radar_weekly_flat/medios_semana_texto/2026-01-19_medios.txt,ok,,,False,,output_md5=8a10168588e979d0b5b3d483856f133d size=405156
2026-05-04T15:10:38.473707+00:00,/home/emilio/Documentos/RAdAR_worktrees/restructuracion_arquitectonica/data/raw/radar_weekly_flat/2026-01-26_semana_26enero_01febrero_26,2026-01-26,facebook,1,/home/emilio/Documentos/RAdAR_worktrees/restructuracion_arquitectonica/data/raw/radar_weekly_flat/2026-01-26_semana_26enero_01febrero_26/2026-01-26_semana_26enero_01febrero_26_facebook.csv,/home/emilio/Documentos/RAdAR_worktrees/restructuracion_arquitectonica/data/text/radar_weekly_flat/facebook_semana_texto/2026-01-26_facebook.txt,ok,423,352,False,,output_md5=a59d7ab944a25c86ce0e690fd3ae631b size=31661
2026-05-04T15:10:38.473707+00:00,/home/emilio/Documentos/RAdAR_worktrees/restructuracion_arquitectonica/data/raw/radar_weekly_flat/2026-01-26_semana_26enero_01febrero_26,2026-01-26,twitter,1,/home/emilio/Documentos/RAdAR_worktrees/restructuracion_arquitectonica/data/raw/radar_weekly_flat/2026-01-26_semana_26enero_01febrero_26/2026-01-26_semana_26enero_01febrero_26_twitter.csv,/home/emilio/Documentos/RAdAR_worktrees/restructuracion_arquitectonica/data/text/radar_weekly_flat/twitter_semana_texto/2026-01-26_twitter.txt,ok,50,50,False,,output_md5=f33a5d615045c3081ccf3c7ecfd33946 size=9231
2026-05-04T15:10:38.473707+00:00,/home/emilio/Documentos/RAdAR_worktrees/restructuracion_arquitectonica/data/raw/radar_weekly_flat/2026-01-26_semana_26enero_01febrero_26,2026-01-26,youtube,1,/home/emilio/Documentos/RAdAR_worktrees/restructuracion_arquitectonica/data/raw/radar_weekly_flat/2026-01-26_semana_26enero_01febrero_26/2026-01-26_semana_26enero_01febrero_26_youtube.csv,/home/emilio/Documentos/RAdAR_worktrees/restructuracion_arquitectonica/data/text/radar_weekly_flat/youtube_semana_texto/2026-01-26_youtube.txt,ok,2194,624,False,,output_md5=9a84843a28e439489795e4c53911f904 size=71521
2026-05-04T15:10:38.473707+00:00,/home/emilio/Documentos/RAdAR_worktrees/restructuracion_arquitectonica/data/raw/radar_weekly_flat/2026-01-26_semana_26enero_01febrero_26,2026-01-26,medios,1,/home/emilio/Documentos/RAdAR_worktrees/restructuracion_arquitectonica/data/raw/radar_weekly_flat/2026-01-26_semana_26enero_01febrero_26/2026-01-26_semana_26enero_01febrero_26_medios.txt,/home/emilio/Documentos/RAdAR_worktrees/restructuracion_arquitectonica/data/text/radar_weekly_flat/medios_semana_texto/2026-01-26_medios.txt,ok,,,False,,output_md5=ecaa7396e56bdeda121734060b231329 size=416971
2026-05-04T15:10:38.473707+00:00,/home/emilio/Documentos/RAdAR_worktrees/restructuracion_arquitectonica/data/raw/radar_weekly_flat/2026-02-02_semana_02febrero_08febrero_26,2026-02-02,facebook,1,/home/emilio/Documentos/RAdAR_worktrees/restructuracion_arquitectonica/data/raw/radar_weekly_flat/2026-02-02_semana_02febrero_08febrero_26/2026-02-02_semana_02febrero_08febrero_26_facebook.csv,/home/emilio/Documentos/RAdAR_worktrees/restructuracion_arquitectonica/data/text/radar_weekly_flat/facebook_semana_texto/2026-02-02_facebook.txt,ok,337,292,False,,output_md5=6c86b8db4999e813d73956d511f9a407 size=21969
2026-05-04T15:10:38.473707+00:00,/home/emilio/Documentos/RAdAR_worktrees/restructuracion_arquitectonica/data/raw/radar_weekly_flat/2026-02-02_semana_02febrero_08febrero_26,2026-02-02,twitter,1,/home/emilio/Documentos/RAdAR_worktrees/restructuracion_arquitectonica/data/raw/radar_weekly_flat/2026-02-02_semana_02febrero_08febrero_26/2026-02-02_semana_02febrero_08febrero_26_twitter.csv,/home/emilio/Documentos/RAdAR_worktrees/restructuracion_arquitectonica/data/text/radar_weekly_flat/twitter_semana_texto/2026-02-02_twitter.txt,ok,55,53,False,,output_md5=069d9bdd74c8b6e0f5712d2452d93e7a size=10492
2026-05-04T15:10:38.473707+00:00,/home/emilio/Documentos/RAdAR_worktrees/restructuracion_arquitectonica/data/raw/radar_weekly_flat/2026-02-02_semana_02febrero_08febrero_26,2026-02-02,youtube,1,/home/emilio/Documentos/RAdAR_worktrees/restructuracion_arquitectonica/data/raw/radar_weekly_flat/2026-02-02_semana_02febrero_08febrero_26/2026-02-02_semana_02febrero_08febrero_26_youtube.csv,/home/emilio/Documentos/RAdAR_worktrees/restructuracion_arquitectonica/data/text/radar_weekly_flat/youtube_semana_texto/2026-02-02_youtube.txt,ok,3134,1557,False,,output_md5=3ce7b4da4c7ea44c447dd23872910af2 size=163415
2026-05-04T15:10:38.473707+00:00,/home/emilio/Documentos/RAdAR_worktrees/restructuracion_arquitectonica/data/raw/radar_weekly_flat/2026-02-02_semana_02febrero_08febrero_26,2026-02-02,medios,1,/home/emilio/Documentos/RAdAR_worktrees/restructuracion_arquitectonica/data/raw/radar_weekly_flat/2026-02-02_semana_02febrero_08febrero_26/2026-02-02_semana_02febrero_08febrero_26_medios.txt,/home/emilio/Documentos/RAdAR_worktrees/restructuracion_arquitectonica/data/text/radar_weekly_flat/medios_semana_texto/2026-02-02_medios.txt,ok,,,False,,output_md5=589fbcff4cc105efe20ad1c705e6a538 size=421565
2026-05-04T15:10:38.473707+00:00,/home/emilio/Documentos/RAdAR_worktrees/restructuracion_arquitectonica/data/raw/radar_weekly_flat/2026-02-09_semana_09febrero_15febrero_26,2026-02-09,facebook,1,/home/emilio/Documentos/RAdAR_worktrees/restructuracion_arquitectonica/data/raw/radar_weekly_flat/2026-02-09_semana_09febrero_15febrero_26/2026-02-09_semana_09febrero_15febrero_26_facebook.csv,/home/emilio/Documentos/RAdAR_worktrees/restructuracion_arquitectonica/data/text/radar_weekly_flat/facebook_semana_texto/2026-02-09_facebook.txt,ok,247,204,False,,output_md5=0823c13a2fcd1327b5aa2a159df23f68 size=17413
2026-05-04T15:10:38.473707+00:00,/home/emilio/Documentos/RAdAR_worktrees/restructuracion_arquitectonica/data/raw/radar_weekly_flat/2026-02-09_semana_09febrero_15febrero_26,2026-02-09,twitter,1,/home/emilio/Documentos/RAdAR_worktrees/restructuracion_arquitectonica/data/raw/radar_weekly_flat/2026-02-09_semana_09febrero_15febrero_26/2026-02-09_semana_09febrero_15febrero_26_twitter.csv,/home/emilio/Documentos/RAdAR_worktrees/restructuracion_arquitectonica/data/text/radar_weekly_flat/twitter_semana_texto/2026-02-09_twitter.txt,ok,88,88,False,,output_md5=7a7ea01239cbb46717a206e516b05788 size=11177
2026-05-04T15:10:38.473707+00:00,/home/emilio/Documentos/RAdAR_worktrees/restructuracion_arquitectonica/data/raw/radar_weekly_flat/2026-02-09_semana_09febrero_15febrero_26,2026-02-09,youtube,1,/home/emilio/Documentos/RAdAR_worktrees/restructuracion_arquitectonica/data/raw/radar_weekly_flat/2026-02-09_semana_09febrero_15febrero_26/2026-02-09_semana_09febrero_15febrero_26_youtube.csv,/home/emilio/Documentos/RAdAR_worktrees/restructuracion_arquitectonica/data/text/radar_weekly_flat/youtube_semana_texto/2026-02-09_youtube.txt,ok,3168,1548,False,,output_md5=8552eaadbcc1ccbd0e9cef063e6d1a37 size=115223
2026-05-04T15:10:38.473707+00:00,/home/emilio/Documentos/RAdAR_worktrees/restructuracion_arquitectonica/data/raw/radar_weekly_flat/2026-02-09_semana_09febrero_15febrero_26,2026-02-09,medios,1,/home/emilio/Documentos/RAdAR_worktrees/restructuracion_arquitectonica/data/raw/radar_weekly_flat/2026-02-09_semana_09febrero_15febrero_26/2026-02-09_semana_09febrero_15febrero_26_medios.txt,/home/emilio/Documentos/RAdAR_worktrees/restructuracion_arquitectonica/data/text/radar_weekly_flat/medios_semana_texto/2026-02-09_medios.txt,ok,,,False,,output_md5=40886b934e78fb120621ca8fc84314ec size=451045
2026-05-04T15:10:38.473707+00:00,/home/emilio/Documentos/RAdAR_worktrees/restructuracion_arquitectonica/data/raw/radar_weekly_flat/2026-02-16_semana_16febrero_22febrero_26,2026-02-16,facebook,1,/home/emilio/Documentos/RAdAR_worktrees/restructuracion_arquitectonica/data/raw/radar_weekly_flat/2026-02-16_semana_16febrero_22febrero_26/2026-02-16_semana_16febrero_22febrero_26_facebook.csv,/home/emilio/Documentos/RAdAR_worktrees/restructuracion_arquitectonica/data/text/radar_weekly_flat/facebook_semana_texto/2026-02-16_facebook.txt,ok,258,200,False,,output_md5=66e57fad118e4c952024dfde8c5fcf6f size=19623
2026-05-04T15:10:38.473707+00:00,/home/emilio/Documentos/RAdAR_worktrees/restructuracion_arquitectonica/data/raw/radar_weekly_flat/2026-02-16_semana_16febrero_22febrero_26,2026-02-16,twitter,1,/home/emilio/Documentos/RAdAR_worktrees/restructuracion_arquitectonica/data/raw/radar_weekly_flat/2026-02-16_semana_16febrero_22febrero_26/2026-02-16_semana_16febrero_22febrero_26_twitter.csv,/home/emilio/Documentos/RAdAR_worktrees/restructuracion_arquitectonica/data/text/radar_weekly_flat/twitter_semana_texto/2026-02-16_twitter.txt,ok,46,43,False,,output_md5=7cec63d1ec15121fd8d03ced020042dc size=5231
2026-05-04T15:10:38.473707+00:00,/home/emilio/Documentos/RAdAR_worktrees/restructuracion_arquitectonica/data/raw/radar_weekly_flat/2026-02-16_semana_16febrero_22febrero_26,2026-02-16,youtube,1,/home/emilio/Documentos/RAdAR_worktrees/restructuracion_arquitectonica/data/raw/radar_weekly_flat/2026-02-16_semana_16febrero_22febrero_26/2026-02-16_semana_16febrero_22febrero_26_youtube.csv,/home/emilio/Documentos/RAdAR_worktrees/restructuracion_arquitectonica/data/text/radar_weekly_flat/youtube_semana_texto/2026-02-16_youtube.txt,ok,738,358,False,,output_md5=8f3316e25635099f5079f8953817f30b size=47205
2026-05-04T15:10:38.473707+00:00,/home/emilio/Documentos/RAdAR_worktrees/restructuracion_arquitectonica/data/raw/radar_weekly_flat/2026-02-16_semana_16febrero_22febrero_26,2026-02-16,medios,1,/home/emilio/Documentos/RAdAR_worktrees/restructuracion_arquitectonica/data/raw/radar_weekly_flat/2026-02-16_semana_16febrero_22febrero_26/2026-02-16_semana_16febrero_22febrero_26_medios.txt,/home/emilio/Documentos/RAdAR_worktrees/restructuracion_arquitectonica/data/text/radar_weekly_flat/medios_semana_texto/2026-02-16_medios.txt,ok,,,False,,output_md5=b91764b9cc3d5ff686a23b9563c7e95e size=371777
2026-05-04T15:10:38.473707+00:00,/home/emilio/Documentos/RAdAR_worktrees/restructuracion_arquitectonica/data/raw/radar_weekly_flat/2026-02-23_semana_23febrero_01marzo_26,2026-02-23,facebook,1,/home/emilio/Documentos/RAdAR_worktrees/restructuracion_arquitectonica/data/raw/radar_weekly_flat/2026-02-23_semana_23febrero_01marzo_26/2026-02-23_semana_23febrero_01marzo_26_facebook.csv,/home/emilio/Documentos/RAdAR_worktrees/restructuracion_arquitectonica/data/text/radar_weekly_flat/facebook_semana_texto/2026-02-23_facebook.txt,ok,290,236,False,,output_md5=0402cc1f8d637aa07e16ea10a76ffdad size=20643
2026-05-04T15:10:38.473707+00:00,/home/emilio/Documentos/RAdAR_worktrees/restructuracion_arquitectonica/data/raw/radar_weekly_flat/2026-02-23_semana_23febrero_01marzo_26,2026-02-23,twitter,1,/home/emilio/Documentos/RAdAR_worktrees/restructuracion_arquitectonica/data/raw/radar_weekly_flat/2026-02-23_semana_23febrero_01marzo_26/2026-02-23_semana_23febrero_01marzo_26_twitter.csv,/home/emilio/Documentos/RAdAR_worktrees/restructuracion_arquitectonica/data/text/radar_weekly_flat/twitter_semana_texto/2026-02-23_twitter.txt,ok,51,49,False,,output_md5=e1e9b8e51caee1fc7246f7d66e1cb320 size=7595
2026-05-04T15:10:38.473707+00:00,/home/emilio/Documentos/RAdAR_worktrees/restructuracion_arquitectonica/data/raw/radar_weekly_flat/2026-02-23_semana_23febrero_01marzo_26,2026-02-23,youtube,1,/home/emilio/Documentos/RAdAR_worktrees/restructuracion_arquitectonica/data/raw/radar_weekly_flat/2026-02-23_semana_23febrero_01marzo_26/2026-02-23_semana_23febrero_01marzo_26_youtube.csv,/home/emilio/Documentos/RAdAR_worktrees/restructuracion_arquitectonica/data/text/radar_weekly_flat/youtube_semana_texto/2026-02-23_youtube.txt,ok,2848,1115,False,,output_md5=38bcac4f2e7124bcca0391d1b60a7915 size=98041
2026-05-04T15:10:38.473707+00:00,/home/emilio/Documentos/RAdAR_worktrees/restructuracion_arquitectonica/data/raw/radar_weekly_flat/2026-02-23_semana_23febrero_01marzo_26,2026-02-23,medios,1,/home/emilio/Documentos/RAdAR_worktrees/restructuracion_arquitectonica/data/raw/radar_weekly_flat/2026-02-23_semana_23febrero_01marzo_26/2026-02-23_semana_23febrero_01marzo_26_medios.txt,/home/emilio/Documentos/RAdAR_worktrees/restructuracion_arquitectonica/data/text/radar_weekly_flat/medios_semana_texto/2026-02-23_medios.txt,ok,,,False,,output_md5=59f206d0ac847be48b3671b0ce534744 size=416262
2026-05-04T15:10:38.473707+00:00,/home/emilio/Documentos/RAdAR_worktrees/restructuracion_arquitectonica/data/raw/radar_weekly_flat/2026-03-02_semana_02marzo_08marzo_26,2026-03-02,facebook,1,/home/emilio/Documentos/RAdAR_worktrees/restructuracion_arquitectonica/data/raw/radar_weekly_flat/2026-03-02_semana_02marzo_08marzo_26/2026-03-02_semana_02marzo_08marzo_26_facebook.csv,/home/emilio/Documentos/RAdAR_worktrees/restructuracion_arquitectonica/data/text/radar_weekly_flat/facebook_semana_texto/2026-03-02_facebook.txt,ok,46,41,False,,output_md5=2181437d2fca031d38e4582620a8c916 size=5989
2026-05-04T15:10:38.473707+00:00,/home/emilio/Documentos/RAdAR_worktrees/restructuracion_arquitectonica/data/raw/radar_weekly_flat/2026-03-02_semana_02marzo_08marzo_26,2026-03-02,twitter,1,/home/emilio/Documentos/RAdAR_worktrees/restructuracion_arquitectonica/data/raw/radar_weekly_flat/2026-03-02_semana_02marzo_08marzo_26/2026-03-02_semana_02marzo_08marzo_26_twitter.csv,/home/emilio/Documentos/RAdAR_worktrees/restructuracion_arquitectonica/data/text/radar_weekly_flat/twitter_semana_texto/2026-03-02_twitter.txt,ok,50,47,False,,output_md5=5082f4da8998b797b24bd57da9a4edc1 size=6907
2026-05-04T15:10:38.473707+00:00,/home/emilio/Documentos/RAdAR_worktrees/restructuracion_arquitectonica/data/raw/radar_weekly_flat/2026-03-02_semana_02marzo_08marzo_26,2026-03-02,youtube,1,/home/emilio/Documentos/RAdAR_worktrees/restructuracion_arquitectonica/data/raw/radar_weekly_flat/2026-03-02_semana_02marzo_08marzo_26/2026-03-02_semana_02marzo_08marzo_26_youtube.csv,/home/emilio/Documentos/RAdAR_worktrees/restructuracion_arquitectonica/data/text/radar_weekly_flat/youtube_semana_texto/2026-03-02_youtube.txt,ok,2828,1396,False,,output_md5=f801b887c5844842ac7a31aa5e3fc37c size=207377
2026-05-04T15:10:38.473707+00:00,/home/emilio/Documentos/RAdAR_worktrees/restructuracion_arquitectonica/data/raw/radar_weekly_flat/2026-03-02_semana_02marzo_08marzo_26,2026-03-02,medios,1,/home/emilio/Documentos/RAdAR_worktrees/restructuracion_arquitectonica/data/raw/radar_weekly_flat/2026-03-02_semana_02marzo_08marzo_26/2026-03-02_semana_02marzo_08marzo_26_medios.txt,/home/emilio/Documentos/RAdAR_worktrees/restructuracion_arquitectonica/data/text/radar_weekly_flat/medios_semana_texto/2026-03-02_medios.txt,ok,,,False,,output_md5=20ebabca5e68365326bf720d6a22220c size=409541
2026-05-04T15:10:38.473707+00:00,/home/emilio/Documentos/RAdAR_worktrees/restructuracion_arquitectonica/data/raw/radar_weekly_flat/2026-03-09_semana_09marzo_15marzo_26,2026-03-09,facebook,1,/home/emilio/Documentos/RAdAR_worktrees/restructuracion_arquitectonica/data/raw/radar_weekly_flat/2026-03-09_semana_09marzo_15marzo_26/2026-03-09_semana_09marzo_15marzo_26_facebook.csv,/home/emilio/Documentos/RAdAR_worktrees/restructuracion_arquitectonica/data/text/radar_weekly_flat/facebook_semana_texto/2026-03-09_facebook.txt,ok,54,48,False,,output_md5=1322af2b5befdc2239ddca872f088424 size=6667
2026-05-04T15:10:38.473707+00:00,/home/emilio/Documentos/RAdAR_worktrees/restructuracion_arquitectonica/data/raw/radar_weekly_flat/2026-03-09_semana_09marzo_15marzo_26,2026-03-09,twitter,1,/home/emilio/Documentos/RAdAR_worktrees/restructuracion_arquitectonica/data/raw/radar_weekly_flat/2026-03-09_semana_09marzo_15marzo_26/2026-03-09_semana_09marzo_15marzo_26_twitter.csv,/home/emilio/Documentos/RAdAR_worktrees/restructuracion_arquitectonica/data/text/radar_weekly_flat/twitter_semana_texto/2026-03-09_twitter.txt,ok,42,41,False,,output_md5=9c5820f38e933028188b0bc9d895877f size=8470
2026-05-04T15:10:38.473707+00:00,/home/emilio/Documentos/RAdAR_worktrees/restructuracion_arquitectonica/data/raw/radar_weekly_flat/2026-03-09_semana_09marzo_15marzo_26,2026-03-09,youtube,1,/home/emilio/Documentos/RAdAR_worktrees/restructuracion_arquitectonica/data/raw/radar_weekly_flat/2026-03-09_semana_09marzo_15marzo_26/2026-03-09_semana_09marzo_15marzo_26_youtube.csv,/home/emilio/Documentos/RAdAR_worktrees/restructuracion_arquitectonica/data/text/radar_weekly_flat/youtube_semana_texto/2026-03-09_youtube.txt,ok,2612,1225,False,,output_md5=70989cb16af5c27b4121f5530dce3009 size=154163
2026-05-04T15:10:38.473707+00:00,/home/emilio/Documentos/RAdAR_worktrees/restructuracion_arquitectonica/data/raw/radar_weekly_flat/2026-03-09_semana_09marzo_15marzo_26,2026-03-09,medios,1,/home/emilio/Documentos/RAdAR_worktrees/restructuracion_arquitectonica/data/raw/radar_weekly_flat/2026-03-09_semana_09marzo_15marzo_26/2026-03-09_semana_09marzo_15marzo_26_medios.txt,/home/emilio/Documentos/RAdAR_worktrees/restructuracion_arquitectonica/data/text/radar_weekly_flat/medios_semana_texto/2026-03-09_medios.txt,ok,,,False,,output_md5=fa6ce2f1ec6a5775988fb3a003d2b447 size=414884
2026-05-04T15:10:38.473707+00:00,/home/emilio/Documentos/RAdAR_worktrees/restructuracion_arquitectonica/data/raw/radar_weekly_flat/2026-03-16_semana_16marzo_22marzo_26,2026-03-16,facebook,1,/home/emilio/Documentos/RAdAR_worktrees/restructuracion_arquitectonica/data/raw/radar_weekly_flat/2026-03-16_semana_16marzo_22marzo_26/2026-03-16_semana_16marzo_22marzo_26_facebook.csv,/home/emilio/Documentos/RAdAR_worktrees/restructuracion_arquitectonica/data/text/radar_weekly_flat/facebook_semana_texto/2026-03-16_facebook.txt,ok,78,73,False,,output_md5=b5d757c7abd210a839a352a904416442 size=10586
2026-05-04T15:10:38.473707+00:00,/home/emilio/Documentos/RAdAR_worktrees/restructuracion_arquitectonica/data/raw/radar_weekly_flat/2026-03-16_semana_16marzo_22marzo_26,2026-03-16,twitter,1,/home/emilio/Documentos/RAdAR_worktrees/restructuracion_arquitectonica/data/raw/radar_weekly_flat/2026-03-16_semana_16marzo_22marzo_26/2026-03-16_semana_16marzo_22marzo_26_twitter.csv,/home/emilio/Documentos/RAdAR_worktrees/restructuracion_arquitectonica/data/text/radar_weekly_flat/twitter_semana_texto/2026-03-16_twitter.txt,ok,22,18,False,,output_md5=d11779363866490b2eeeb9c576d2c14d size=3145
2026-05-04T15:10:38.473707+00:00,/home/emilio/Documentos/RAdAR_worktrees/restructuracion_arquitectonica/data/raw/radar_weekly_flat/2026-03-16_semana_16marzo_22marzo_26,2026-03-16,youtube,1,/home/emilio/Documentos/RAdAR_worktrees/restructuracion_arquitectonica/data/raw/radar_weekly_flat/2026-03-16_semana_16marzo_22marzo_26/2026-03-16_semana_16marzo_22marzo_26_youtube.csv,/home/emilio/Documentos/RAdAR_worktrees/restructuracion_arquitectonica/data/text/radar_weekly_flat/youtube_semana_texto/2026-03-16_youtube.txt,ok,5802,3087,False,,output_md5=9bd8dcdedee68d76e22b9962fdbd3db5 size=431552
2026-05-04T15:10:38.473707+00:00,/home/emilio/Documentos/RAdAR_worktrees/restructuracion_arquitectonica/data/raw/radar_weekly_flat/2026-03-16_semana_16marzo_22marzo_26,2026-03-16,medios,1,/home/emilio/Documentos/RAdAR_worktrees/restructuracion_arquitectonica/data/raw/radar_weekly_flat/2026-03-16_semana_16marzo_22marzo_26/2026-03-16_semana_16marzo_22marzo_26_medios.txt,/home/emilio/Documentos/RAdAR_worktrees/restructuracion_arquitectonica/data/text/radar_weekly_flat/medios_semana_texto/2026-03-16_medios.txt,ok,,,False,,output_md5=9e783b9f920ab3d35624fd5b66191175 size=420910
2026-05-04T15:10:38.473707+00:00,/home/emilio/Documentos/RAdAR_worktrees/restructuracion_arquitectonica/data/raw/radar_weekly_flat/2026-03-23_semana_23marzo_29marzo_26,2026-03-23,facebook,1,/home/emilio/Documentos/RAdAR_worktrees/restructuracion_arquitectonica/data/raw/radar_weekly_flat/2026-03-23_semana_23marzo_29marzo_26/2026-03-23_semana_23marzo_29marzo_26_facebook.csv,/home/emilio/Documentos/RAdAR_worktrees/restructuracion_arquitectonica/data/text/radar_weekly_flat/facebook_semana_texto/2026-03-23_facebook.txt,ok,48,45,False,,output_md5=e8602f5efbada0b0069c897a85d574e4 size=7719
2026-05-04T15:10:38.473707+00:00,/home/emilio/Documentos/RAdAR_worktrees/restructuracion_arquitectonica/data/raw/radar_weekly_flat/2026-03-23_semana_23marzo_29marzo_26,2026-03-23,twitter,1,/home/emilio/Documentos/RAdAR_worktrees/restructuracion_arquitectonica/data/raw/radar_weekly_flat/2026-03-23_semana_23marzo_29marzo_26/2026-03-23_semana_23marzo_29marzo_26_twitter.csv,/home/emilio/Documentos/RAdAR_worktrees/restructuracion_arquitectonica/data/text/radar_weekly_flat/twitter_semana_texto/2026-03-23_twitter.txt,ok,77,77,False,,output_md5=be820b3c5b317147014d3608d3e936fb size=12833
2026-05-04T15:10:38.473707+00:00,/home/emilio/Documentos/RAdAR_worktrees/restructuracion_arquitectonica/data/raw/radar_weekly_flat/2026-03-23_semana_23marzo_29marzo_26,2026-03-23,youtube,1,/home/emilio/Documentos/RAdAR_worktrees/restructuracion_arquitectonica/data/raw/radar_weekly_flat/2026-03-23_semana_23marzo_29marzo_26/2026-03-23_semana_23marzo_29marzo_26_youtube.csv,/home/emilio/Documentos/RAdAR_worktrees/restructuracion_arquitectonica/data/text/radar_weekly_flat/youtube_semana_texto/2026-03-23_youtube.txt,ok,1671,876,False,,output_md5=2984d242d39aa4b7d5e83841b497f9bd size=103413
2026-05-04T15:10:38.473707+00:00,/home/emilio/Documentos/RAdAR_worktrees/restructuracion_arquitectonica/data/raw/radar_weekly_flat/2026-03-23_semana_23marzo_29marzo_26,2026-03-23,medios,1,/home/emilio/Documentos/RAdAR_worktrees/restructuracion_arquitectonica/data/raw/radar_weekly_flat/2026-03-23_semana_23marzo_29marzo_26/2026-03-23_semana_23marzo_29marzo_26_medios.txt,/home/emilio/Documentos/RAdAR_worktrees/restructuracion_arquitectonica/data/text/radar_weekly_flat/medios_semana_texto/2026-03-23_medios.txt,ok,,,False,,output_md5=6dcbe9b4f94d193cf440c9fce14a76c6 size=425719
2026-05-04T15:10:38.473707+00:00,/home/emilio/Documentos/RAdAR_worktrees/restructuracion_arquitectonica/data/raw/radar_weekly_flat/2026-03-30_semana_30marzo_05abril_26,2026-03-30,facebook,1,/home/emilio/Documentos/RAdAR_worktrees/restructuracion_arquitectonica/data/raw/radar_weekly_flat/2026-03-30_semana_30marzo_05abril_26/2026-03-30_semana_30marzo_05abril_26_facebook.csv,/home/emilio/Documentos/RAdAR_worktrees/restructuracion_arquitectonica/data/text/radar_weekly_flat/facebook_semana_texto/2026-03-30_facebook.txt,ok,83,81,False,,output_md5=da055cd84744bb8e321b648cfee91533 size=10090
2026-05-04T15:10:38.473707+00:00,/home/emilio/Documentos/RAdAR_worktrees/restructuracion_arquitectonica/data/raw/radar_weekly_flat/2026-03-30_semana_30marzo_05abril_26,2026-03-30,twitter,1,/home/emilio/Documentos/RAdAR_worktrees/restructuracion_arquitectonica/data/raw/radar_weekly_flat/2026-03-30_semana_30marzo_05abril_26/2026-03-30_semana_30marzo_05abril_26_twitter.csv,/home/emilio/Documentos/RAdAR_worktrees/restructuracion_arquitectonica/data/text/radar_weekly_flat/twitter_semana_texto/2026-03-30_twitter.txt,ok,95,89,False,,output_md5=96e7041fd9a77d556a65d3c5c21f1863 size=13096
2026-05-04T15:10:38.473707+00:00,/home/emilio/Documentos/RAdAR_worktrees/restructuracion_arquitectonica/data/raw/radar_weekly_flat/2026-03-30_semana_30marzo_05abril_26,2026-03-30,youtube,1,/home/emilio/Documentos/RAdAR_worktrees/restructuracion_arquitectonica/data/raw/radar_weekly_flat/2026-03-30_semana_30marzo_05abril_26/2026-03-30_semana_30marzo_05abril_26_youtube.csv,/home/emilio/Documentos/RAdAR_worktrees/restructuracion_arquitectonica/data/text/radar_weekly_flat/youtube_semana_texto/2026-03-30_youtube.txt,ok,1267,517,False,,output_md5=4212f0c9a1f3534b57c9e8a2992b6752 size=57194
2026-05-04T15:10:38.473707+00:00,/home/emilio/Documentos/RAdAR_worktrees/restructuracion_arquitectonica/data/raw/radar_weekly_flat/2026-03-30_semana_30marzo_05abril_26,2026-03-30,medios,1,/home/emilio/Documentos/RAdAR_worktrees/restructuracion_arquitectonica/data/raw/radar_weekly_flat/2026-03-30_semana_30marzo_05abril_26/2026-03-30_semana_30marzo_05abril_26_medios.txt,/home/emilio/Documentos/RAdAR_worktrees/restructuracion_arquitectonica/data/text/radar_weekly_flat/medios_semana_texto/2026-03-30_medios.txt,ok,,,False,,output_md5=64ac948b71805f2a558986e8fcb28a2a size=391448
2026-05-04T15:10:38.473707+00:00,/home/emilio/Documentos/RAdAR_worktrees/restructuracion_arquitectonica/data/raw/radar_weekly_flat/2026-04-06_semana_06abril_12abril_26,2026-04-06,facebook,1,/home/emilio/Documentos/RAdAR_worktrees/restructuracion_arquitectonica/data/raw/radar_weekly_flat/2026-04-06_semana_06abril_12abril_26/2026-04-06_semana_06abril_12abril_26_facebook.csv,/home/emilio/Documentos/RAdAR_worktrees/restructuracion_arquitectonica/data/text/radar_weekly_flat/facebook_semana_texto/2026-04-06_facebook.txt,ok,78,69,False,,output_md5=66cb02801cc42a399c643c6efd6279b0 size=8001
2026-05-04T15:10:38.473707+00:00,/home/emilio/Documentos/RAdAR_worktrees/restructuracion_arquitectonica/data/raw/radar_weekly_flat/2026-04-06_semana_06abril_12abril_26,2026-04-06,twitter,1,/home/emilio/Documentos/RAdAR_worktrees/restructuracion_arquitectonica/data/raw/radar_weekly_flat/2026-04-06_semana_06abril_12abril_26/2026-04-06_semana_06abril_12abril_26_twitter.csv,/home/emilio/Documentos/RAdAR_worktrees/restructuracion_arquitectonica/data/text/radar_weekly_flat/twitter_semana_texto/2026-04-06_twitter.txt,ok,179,174,False,,output_md5=4e8de6451e3f0f821bc8799f9d261a5a size=28132
2026-05-04T15:10:38.473707+00:00,/home/emilio/Documentos/RAdAR_worktrees/restructuracion_arquitectonica/data/raw/radar_weekly_flat/2026-04-06_semana_06abril_12abril_26,2026-04-06,youtube,1,/home/emilio/Documentos/RAdAR_worktrees/restructuracion_arquitectonica/data/raw/radar_weekly_flat/2026-04-06_semana_06abril_12abril_26/2026-04-06_semana_06abril_12abril_26_youtube.csv,/home/emilio/Documentos/RAdAR_worktrees/restructuracion_arquitectonica/data/text/radar_weekly_flat/youtube_semana_texto/2026-04-06_youtube.txt,ok,288,144,False,,output_md5=3b4e090262fa2d754fd2f27b1c298030 size=20926
2026-05-04T15:10:38.473707+00:00,/home/emilio/Documentos/RAdAR_worktrees/restructuracion_arquitectonica/data/raw/radar_weekly_flat/2026-04-06_semana_06abril_12abril_26,2026-04-06,medios,1,/home/emilio/Documentos/RAdAR_worktrees/restructuracion_arquitectonica/data/raw/radar_weekly_flat/2026-04-06_semana_06abril_12abril_26/2026-04-06_semana_06abril_12abril_26_medios.txt,/home/emilio/Documentos/RAdAR_worktrees/restructuracion_arquitectonica/data/text/radar_weekly_flat/medios_semana_texto/2026-04-06_medios.txt,ok,,,False,,output_md5=0daf65270b353991a228dae392c6b6d7 size=405936
2026-05-04T15:10:38.473707+00:00,/home/emilio/Documentos/RAdAR_worktrees/restructuracion_arquitectonica/data/raw/radar_weekly_flat/2026-04-13_semana_13abril_19abril_26,2026-04-13,facebook,1,/home/emilio/Documentos/RAdAR_worktrees/restructuracion_arquitectonica/data/raw/radar_weekly_flat/2026-04-13_semana_13abril_19abril_26/2026-04-13_semana_13abril_19abril_26_facebook.csv,/home/emilio/Documentos/RAdAR_worktrees/restructuracion_arquitectonica/data/text/radar_weekly_flat/facebook_semana_texto/2026-04-13_facebook.txt,ok,61,56,False,,output_md5=837ae4c29fc429f0552bd5a492ec8066 size=7963
2026-05-04T15:10:38.473707+00:00,/home/emilio/Documentos/RAdAR_worktrees/restructuracion_arquitectonica/data/raw/radar_weekly_flat/2026-04-13_semana_13abril_19abril_26,2026-04-13,twitter,1,/home/emilio/Documentos/RAdAR_worktrees/restructuracion_arquitectonica/data/raw/radar_weekly_flat/2026-04-13_semana_13abril_19abril_26/2026-04-13_semana_13abril_19abril_26_twitter.csv,/home/emilio/Documentos/RAdAR_worktrees/restructuracion_arquitectonica/data/text/radar_weekly_flat/twitter_semana_texto/2026-04-13_twitter.txt,ok,170,161,False,,output_md5=ba32757fa363807b883442f53da8a0b5 size=26101
2026-05-04T15:10:38.473707+00:00,/home/emilio/Documentos/RAdAR_worktrees/restructuracion_arquitectonica/data/raw/radar_weekly_flat/2026-04-13_semana_13abril_19abril_26,2026-04-13,youtube,1,/home/emilio/Documentos/RAdAR_worktrees/restructuracion_arquitectonica/data/raw/radar_weekly_flat/2026-04-13_semana_13abril_19abril_26/2026-04-13_semana_13abril_19abril_26_youtube.csv,/home/emilio/Documentos/RAdAR_worktrees/restructuracion_arquitectonica/data/text/radar_weekly_flat/youtube_semana_texto/2026-04-13_youtube.txt,ok,1172,582,False,,output_md5=fbb05ac13821e7f31effcf606405a01c size=61108
2026-05-04T15:10:38.473707+00:00,/home/emilio/Documentos/RAdAR_worktrees/restructuracion_arquitectonica/data/raw/radar_weekly_flat/2026-04-13_semana_13abril_19abril_26,2026-04-13,medios,1,/home/emilio/Documentos/RAdAR_worktrees/restructuracion_arquitectonica/data/raw/radar_weekly_flat/2026-04-13_semana_13abril_19abril_26/2026-04-13_semana_13abril_19abril_26_medios.txt,/home/emilio/Documentos/RAdAR_worktrees/restructuracion_arquitectonica/data/text/radar_weekly_flat/medios_semana_texto/2026-04-13_medios.txt,ok,,,False,,output_md5=69a86add20e3d3ed4a8b9af4fc7041c1 size=321635
2026-05-04T15:10:38.473707+00:00,/home/emilio/Documentos/RAdAR_worktrees/restructuracion_arquitectonica/data/raw/radar_weekly_flat/2026-04-20_semana_20abril_26abril_26,2026-04-20,facebook,1,/home/emilio/Documentos/RAdAR_worktrees/restructuracion_arquitectonica/data/raw/radar_weekly_flat/2026-04-20_semana_20abril_26abril_26/2026-04-20_semana_20abril_26abril_26_facebook.csv,/home/emilio/Documentos/RAdAR_worktrees/restructuracion_arquitectonica/data/text/radar_weekly_flat/facebook_semana_texto/2026-04-20_facebook.txt,ok,77,71,False,,output_md5=63b744a8049396c98b72968a0d89dabc size=6610
2026-05-04T15:10:38.473707+00:00,/home/emilio/Documentos/RAdAR_worktrees/restructuracion_arquitectonica/data/raw/radar_weekly_flat/2026-04-20_semana_20abril_26abril_26,2026-04-20,twitter,1,/home/emilio/Documentos/RAdAR_worktrees/restructuracion_arquitectonica/data/raw/radar_weekly_flat/2026-04-20_semana_20abril_26abril_26/2026-04-20_semana_20abril_26abril_26_twitter.csv,/home/emilio/Documentos/RAdAR_worktrees/restructuracion_arquitectonica/data/text/radar_weekly_flat/twitter_semana_texto/2026-04-20_twitter.txt,ok,159,152,False,,output_md5=bc9ccb13105d6b91e16201d2603d7e4f size=23512
2026-05-04T15:10:38.473707+00:00,/home/emilio/Documentos/RAdAR_worktrees/restructuracion_arquitectonica/data/raw/radar_weekly_flat/2026-04-20_semana_20abril_26abril_26,2026-04-20,youtube,1,/home/emilio/Documentos/RAdAR_worktrees/restructuracion_arquitectonica/data/raw/radar_weekly_flat/2026-04-20_semana_20abril_26abril_26/2026-04-20_semana_20abril_26abril_26_youtube.csv,/home/emilio/Documentos/RAdAR_worktrees/restructuracion_arquitectonica/data/text/radar_weekly_flat/youtube_semana_texto/2026-04-20_youtube.txt,ok,1130,564,False,,output_md5=592a7ae4a046f4978fe640522611bc29 size=53306
2026-05-04T15:10:38.473707+00:00,/home/emilio/Documentos/RAdAR_worktrees/restructuracion_arquitectonica/data/raw/radar_weekly_flat/2026-04-20_semana_20abril_26abril_26,2026-04-20,medios,1,/home/emilio/Documentos/RAdAR_worktrees/restructuracion_arquitectonica/data/raw/radar_weekly_flat/2026-04-20_semana_20abril_26abril_26/2026-04-20_semana_20abril_26abril_26_medios.txt,/home/emilio/Documentos/RAdAR_worktrees/restructuracion_arquitectonica/data/text/radar_weekly_flat/medios_semana_texto/2026-04-20_medios.txt,ok,,,False,,output_md5=4a4482831c835bfc3cce61ba84104a13 size=325206
2026-05-04T15:10:38.473707+00:00,/home/emilio/Documentos/RAdAR_worktrees/restructuracion_arquitectonica/data/raw/radar_weekly_flat/2026-04-27_semana_27abril_03mayo_26,2026-04-27,facebook,1,/home/emilio/Documentos/RAdAR_worktrees/restructuracion_arquitectonica/data/raw/radar_weekly_flat/2026-04-27_semana_27abril_03mayo_26/2026-04-27_semana_27abril_03mayo_26_facebook.csv,/home/emilio/Documentos/RAdAR_worktrees/restructuracion_arquitectonica/data/text/radar_weekly_flat/facebook_semana_texto/2026-04-27_facebook.txt,ok,89,81,False,,output_md5=f9ba2ec841364909a8c488cec39c4ecb size=11534
2026-05-04T15:10:38.473707+00:00,/home/emilio/Documentos/RAdAR_worktrees/restructuracion_arquitectonica/data/raw/radar_weekly_flat/2026-04-27_semana_27abril_03mayo_26,2026-04-27,twitter,1,/home/emilio/Documentos/RAdAR_worktrees/restructuracion_arquitectonica/data/raw/radar_weekly_flat/2026-04-27_semana_27abril_03mayo_26/2026-04-27_semana_27abril_03mayo_26_twitter.csv,/home/emilio/Documentos/RAdAR_worktrees/restructuracion_arquitectonica/data/text/radar_weekly_flat/twitter_semana_texto/2026-04-27_twitter.txt,ok,124,116,False,,output_md5=0237418a00f3c15b739cf9437635491f size=18818
2026-05-04T15:10:38.473707+00:00,/home/emilio/Documentos/RAdAR_worktrees/restructuracion_arquitectonica/data/raw/radar_weekly_flat/2026-04-27_semana_27abril_03mayo_26,2026-04-27,youtube,1,/home/emilio/Documentos/RAdAR_worktrees/restructuracion_arquitectonica/data/raw/radar_weekly_flat/2026-04-27_semana_27abril_03mayo_26/2026-04-27_semana_27abril_03mayo_26_youtube.csv,/home/emilio/Documentos/RAdAR_worktrees/restructuracion_arquitectonica/data/text/radar_weekly_flat/youtube_semana_texto/2026-04-27_youtube.txt,ok,255,150,False,,output_md5=5a4e26118f21347c41b0f8c6c17f78a2 size=21575
2026-05-04T15:10:38.473707+00:00,/home/emilio/Documentos/RAdAR_worktrees/restructuracion_arquitectonica/data/raw/radar_weekly_flat/2026-04-27_semana_27abril_03mayo_26,2026-04-27,medios,1,/home/emilio/Documentos/RAdAR_worktrees/restructuracion_arquitectonica/data/raw/radar_weekly_flat/2026-04-27_semana_27abril_03mayo_26/2026-04-27_semana_27abril_03mayo_26_medios.txt,/home/emilio/Documentos/RAdAR_worktrees/restructuracion_arquitectonica/data/text/radar_weekly_flat/medios_semana_texto/2026-04-27_medios.txt,ok,,,False,,output_md5=c2bdafd9faea82aafa3522dee6ec0a4b size=263969
2026-05-04T15:10:38.473707+00:00,/home/emilio/Documentos/RAdAR_worktrees/restructuracion_arquitectonica/data/raw/radar_weekly_flat/2026-05-04_semana_04mayo_10mayo_26,2026-05-04,facebook,1,/home/emilio/Documentos/RAdAR_worktrees/restructuracion_arquitectonica/data/raw/radar_weekly_flat/2026-05-04_semana_04mayo_10mayo_26/2026-05-04_semana_04mayo_10mayo_26_facebook.csv,/home/emilio/Documentos/RAdAR_worktrees/restructuracion_arquitectonica/data/text/radar_weekly_flat/facebook_semana_texto/2026-05-04_facebook.txt,ok,1,1,False,,output_md5=da2ed7842001ccfc04555abac4e34958 size=38
2026-05-04T15:10:38.473707+00:00,/home/emilio/Documentos/RAdAR_worktrees/restructuracion_arquitectonica/data/raw/radar_weekly_flat/2026-05-04_semana_04mayo_10mayo_26,2026-05-04,twitter,1,/home/emilio/Documentos/RAdAR_worktrees/restructuracion_arquitectonica/data/raw/radar_weekly_flat/2026-05-04_semana_04mayo_10mayo_26/2026-05-04_semana_04mayo_10mayo_26_twitter.csv,/home/emilio/Documentos/RAdAR_worktrees/restructuracion_arquitectonica/data/text/radar_weekly_flat/twitter_semana_texto/2026-05-04_twitter.txt,ok,122,115,False,,output_md5=9d90d98831034260922b672e33bd8a40 size=16820
2026-05-04T15:10:38.473707+00:00,/home/emilio/Documentos/RAdAR_worktrees/restructuracion_arquitectonica/data/raw/radar_weekly_flat/2026-05-04_semana_04mayo_10mayo_26,2026-05-04,youtube,1,/home/emilio/Documentos/RAdAR_worktrees/restructuracion_arquitectonica/data/raw/radar_weekly_flat/2026-05-04_semana_04mayo_10mayo_26/2026-05-04_semana_04mayo_10mayo_26_youtube.csv,/home/emilio/Documentos/RAdAR_worktrees/restructuracion_arquitectonica/data/text/radar_weekly_flat/youtube_semana_texto/2026-05-04_youtube.txt,ok,0,0,False,,output_md5=d41d8cd98f00b204e9800998ecf8427e size=0
2026-05-04T15:10:38.473707+00:00,/home/emilio/Documentos/RAdAR_worktrees/restructuracion_arquitectonica/data/raw/radar_weekly_flat/2026-05-04_semana_04mayo_10mayo_26,2026-05-04,medios,1,/home/emilio/Documentos/RAdAR_worktrees/restructuracion_arquitectonica/data/raw/radar_weekly_flat/2026-05-04_semana_04mayo_10mayo_26/2026-05-04_semana_04mayo_10mayo_26_medios.txt,/home/emilio/Documentos/RAdAR_worktrees/restructuracion_arquitectonica/data/text/radar_weekly_flat/medios_semana_texto/2026-05-04_medios.txt,ok,,,False,,output_md5=494d2705f65a93e69ad63f22a7e66a1b size=43462
