{
  "clean_run_id": "E5_v5_clean",
  "comparacion_por_horizonte": [
    {
      "delta_direction_accuracy": -0.07692307692307687,
      "delta_loss_h": 0.011712646227790599,
      "delta_mae": -0.0017965388923902037,
      "delta_risk_detection": -0.08333333333333337,
      "delta_rmse": -0.0016209614075082535,
      "direction_accuracy_clean": 0.7692307692307693,
      "direction_accuracy_original": 0.8461538461538461,
      "horizonte_sem": 1,
      "loss_h_clean": 0.07207968220496458,
      "loss_h_original": 0.06036703597717398,
      "mae_clean": 0.09614021745045287,
      "mae_original": 0.09793675634284307,
      "risk_detection_clean": 0.75,
      "risk_detection_original": 0.8333333333333334,
      "rmse_clean": 0.12674239097692214,
      "rmse_original": 0.1283633523844304
    },
    {
      "delta_direction_accuracy": 0.0,
      "delta_loss_h": 0.0002185457483061537,
      "delta_mae": 0.0015367739081202508,
      "delta_risk_detection": 0.0,
      "delta_rmse": 0.005382461622744028,
      "direction_accuracy_clean": 0.6,
      "direction_accuracy_original": 0.6,
      "horizonte_sem": 2,
      "loss_h_clean": 0.08214022861483132,
      "loss_h_original": 0.08192168286652517,
      "mae_clean": 0.10646333080638215,
      "mae_original": 0.1049265568982619,
      "risk_detection_clean": 0.6,
      "risk_detection_original": 0.6,
      "rmse_clean": 0.13841130814527733,
      "rmse_original": 0.1330288465225333
    },
    {
      "delta_direction_accuracy": 0.0,
      "delta_loss_h": -0.002055461311221571,
      "delta_mae": -0.00471988106486948,
      "delta_risk_detection": 0.0,
      "delta_rmse": -0.0004872122831067749,
      "direction_accuracy_clean": 0.7916666666666666,
      "direction_accuracy_original": 0.7916666666666666,
      "horizonte_sem": 3,
      "loss_h_clean": 0.06841667761689196,
      "loss_h_original": 0.07047213892811353,
      "mae_clean": 0.10492242301379782,
      "mae_original": 0.1096423040786673,
      "risk_detection_clean": 0.8181818181818182,
      "risk_detection_original": 0.8181818181818182,
      "rmse_clean": 0.13709280800973161,
      "rmse_original": 0.1375800202928384
    },
    {
      "delta_direction_accuracy": 0.04347826086956519,
      "delta_loss_h": -0.00676772293983454,
      "delta_mae": -0.0037321089674447194,
      "delta_risk_detection": 0.11111111111111105,
      "delta_rmse": -0.0039381620938575,
      "direction_accuracy_clean": 0.6956521739130435,
      "direction_accuracy_original": 0.6521739130434783,
      "horizonte_sem": 4,
      "loss_h_clean": 0.04179004594178039,
      "loss_h_original": 0.04855776888161493,
      "mae_clean": 0.10250711885123379,
      "mae_original": 0.1062392278186785,
      "risk_detection_clean": 0.6666666666666666,
      "risk_detection_original": 0.5555555555555556,
      "rmse_clean": 0.1444945661167726,
      "rmse_original": 0.1484327282106301
    }
  ],
  "l_total_radar_clean": 0.26442663437846825,
  "reference_run_id": "E5_v3_clean"
}