{
  "clean_run_id": "E5_v5_clean",
  "comparacion_por_horizonte": [
    {
      "delta_direction_accuracy": -0.038461538461538436,
      "delta_loss_h": 0.007450229863405225,
      "delta_mae": -0.009870243569418527,
      "delta_risk_detection": -0.08333333333333337,
      "delta_rmse": -0.0038071887847061503,
      "direction_accuracy_clean": 0.7692307692307693,
      "direction_accuracy_original": 0.8076923076923077,
      "horizonte_sem": 1,
      "loss_h_clean": 0.07207968220496458,
      "loss_h_original": 0.06462945234155935,
      "mae_clean": 0.09614021745045287,
      "mae_original": 0.1060104610198714,
      "risk_detection_clean": 0.75,
      "risk_detection_original": 0.8333333333333334,
      "rmse_clean": 0.12674239097692214,
      "rmse_original": 0.1305495797616283
    },
    {
      "delta_direction_accuracy": 0.0,
      "delta_loss_h": 8.525940406328703e-05,
      "delta_mae": 0.0005995286048887521,
      "delta_risk_detection": 0.0,
      "delta_rmse": 0.003548280021320127,
      "direction_accuracy_clean": 0.6,
      "direction_accuracy_original": 0.6,
      "horizonte_sem": 2,
      "loss_h_clean": 0.08214022861483132,
      "loss_h_original": 0.08205496921076803,
      "mae_clean": 0.10646333080638215,
      "mae_original": 0.1058638022014934,
      "risk_detection_clean": 0.6,
      "risk_detection_original": 0.6,
      "rmse_clean": 0.13841130814527733,
      "rmse_original": 0.1348630281239572
    },
    {
      "delta_direction_accuracy": 0.0,
      "delta_loss_h": -0.00216754377798227,
      "delta_mae": -0.005376667312945574,
      "delta_risk_detection": 0.0,
      "delta_rmse": -0.001439005520548986,
      "direction_accuracy_clean": 0.7916666666666666,
      "direction_accuracy_original": 0.7916666666666666,
      "horizonte_sem": 3,
      "loss_h_clean": 0.06841667761689196,
      "loss_h_original": 0.07058422139487423,
      "mae_clean": 0.10492242301379782,
      "mae_original": 0.1102990903267434,
      "risk_detection_clean": 0.8181818181818182,
      "risk_detection_original": 0.8181818181818182,
      "rmse_clean": 0.13709280800973161,
      "rmse_original": 0.1385318135302806
    },
    {
      "delta_direction_accuracy": 0.04347826086956519,
      "delta_loss_h": -0.0027598463392137923,
      "delta_mae": -0.005593080352607513,
      "delta_risk_detection": 0.0,
      "delta_rmse": -0.0056694303517508815,
      "direction_accuracy_clean": 0.6956521739130435,
      "direction_accuracy_original": 0.6521739130434783,
      "horizonte_sem": 4,
      "loss_h_clean": 0.04179004594178039,
      "loss_h_original": 0.04454989228099418,
      "mae_clean": 0.10250711885123379,
      "mae_original": 0.1081001992038413,
      "risk_detection_clean": 0.6666666666666666,
      "risk_detection_original": 0.6666666666666666,
      "rmse_clean": 0.1444945661167726,
      "rmse_original": 0.1501639964685235
    }
  ],
  "l_total_radar_clean": 0.26442663437846825,
  "reference_run_id": "E5_v2_clean"
}