{
  "clean_run_id": "E5_v5_clean",
  "comparacion_por_horizonte": [
    {
      "delta_direction_accuracy": -0.038461538461538436,
      "delta_loss_h": 0.00923430658966698,
      "delta_mae": 0.0005841753346830098,
      "delta_risk_detection": -0.08333333333333337,
      "delta_rmse": 0.0015632502099575396,
      "direction_accuracy_clean": 0.7692307692307693,
      "direction_accuracy_original": 0.8076923076923077,
      "horizonte_sem": 1,
      "loss_h_clean": 0.07207968220496458,
      "loss_h_original": 0.0628453756152976,
      "mae_clean": 0.09614021745045287,
      "mae_original": 0.09555604211576986,
      "risk_detection_clean": 0.75,
      "risk_detection_original": 0.8333333333333334,
      "rmse_clean": 0.12674239097692214,
      "rmse_original": 0.1251791407669646
    },
    {
      "delta_direction_accuracy": 0.0,
      "delta_loss_h": 0.0003395357635314622,
      "delta_mae": 0.002387553664681047,
      "delta_risk_detection": 0.0,
      "delta_rmse": 0.006242667516199424,
      "direction_accuracy_clean": 0.6,
      "direction_accuracy_original": 0.6,
      "horizonte_sem": 2,
      "loss_h_clean": 0.08214022861483132,
      "loss_h_original": 0.08180069285129986,
      "mae_clean": 0.10646333080638215,
      "mae_original": 0.1040757771417011,
      "risk_detection_clean": 0.6,
      "risk_detection_original": 0.6,
      "rmse_clean": 0.13841130814527733,
      "rmse_original": 0.1321686406290779
    },
    {
      "delta_direction_accuracy": 0.0,
      "delta_loss_h": 0.0012536553483434298,
      "delta_mae": 2.1419786638124383e-05,
      "delta_risk_detection": 0.0,
      "delta_rmse": 0.0031226500852469252,
      "direction_accuracy_clean": 0.7916666666666666,
      "direction_accuracy_original": 0.7916666666666666,
      "horizonte_sem": 3,
      "loss_h_clean": 0.06841667761689196,
      "loss_h_original": 0.06716302226854853,
      "mae_clean": 0.10492242301379782,
      "mae_original": 0.1049010032271597,
      "risk_detection_clean": 0.8181818181818182,
      "risk_detection_original": 0.8181818181818182,
      "rmse_clean": 0.13709280800973161,
      "rmse_original": 0.1339701579244847
    },
    {
      "delta_direction_accuracy": -0.04347826086956519,
      "delta_loss_h": 0.005811198956360196,
      "delta_mae": 0.00016521850478617983,
      "delta_risk_detection": -0.11111111111111116,
      "delta_rmse": -0.003291333409225383,
      "direction_accuracy_clean": 0.6956521739130435,
      "direction_accuracy_original": 0.7391304347826086,
      "horizonte_sem": 4,
      "loss_h_clean": 0.04179004594178039,
      "loss_h_original": 0.03597884698542019,
      "mae_clean": 0.10250711885123379,
      "mae_original": 0.1023419003464476,
      "risk_detection_clean": 0.6666666666666666,
      "risk_detection_original": 0.7777777777777778,
      "rmse_clean": 0.1444945661167726,
      "rmse_original": 0.147785899525998
    }
  ],
  "l_total_radar_clean": 0.26442663437846825,
  "reference_run_id": "E5_v4_clean"
}